# which inertial sample is which camera frame, from the hardware trigger
# frame_period_s=0.011127673  (89.866050567 Hz, measured from this session's own trigger pulses -- the camera does not run at 90.000)
# trigger_pulses=3686  pulses_the_imu_missed=0
# t_bar_s is the exposure time in the BAR's clock, the same clock as esp_timestamp_us in imu/raw_imu.csv
# imu_sample is a row index into imu/raw_imu.csv; tagged=0 means the inertial stream missed that pulse and the time is interpolated
frame,video_row,t_bar_s,imu_sample,tagged
0,0,768.259960,8,1
1,1,768.271099,19,1
2,2,768.282234,30,1
3,3,768.293369,41,1
4,4,768.304506,52,1
5,5,768.315642,63,1
6,6,768.326777,74,1
7,7,768.337913,85,1
8,8,768.349052,96,1
9,9,768.360187,107,1
10,10,768.371323,118,1
11,11,768.382459,129,1
12,12,768.393597,140,1
13,13,768.404731,151,1
14,14,768.415867,162,1
15,15,768.427005,173,1
16,16,768.438141,184,1
17,17,768.449277,195,1
18,18,768.460413,206,1
19,19,768.471550,217,1
20,20,768.482686,228,1
21,21,768.493822,239,1
22,22,768.504959,250,1
23,23,768.516098,261,1
24,24,768.527230,272,1
25,25,768.538365,283,1
26,26,768.549502,294,1
27,27,768.560637,305,1
28,28,768.571774,316,1
29,29,768.582910,327,1
30,30,768.594046,338,1
31,31,768.605183,349,1
32,32,768.616320,360,1
33,33,768.627457,371,1
34,34,768.638591,382,1
35,35,768.649727,393,1
36,36,768.660864,404,1
37,37,768.672001,415,1
38,38,768.682123,425,1
39,39,768.693260,436,1
40,40,768.704397,447,1
41,41,768.715532,458,1
42,42,768.726670,469,1
43,43,768.737804,480,1
44,44,768.748941,491,1
45,45,768.760078,502,1
46,46,768.771214,513,1
47,47,768.782350,524,1
48,48,768.793485,535,1
49,49,768.804622,546,1
50,50,768.815757,557,1
51,51,768.826893,568,1
52,52,768.838032,579,1
53,53,768.849168,590,1
54,54,768.860304,601,1
55,55,768.871440,612,1
56,56,768.882577,623,1
57,57,768.893711,634,1
58,58,768.904849,645,1
59,59,768.915984,656,1
60,60,768.927121,667,1
61,61,768.938257,678,1
62,62,768.949393,689,1
63,63,768.960527,700,1
64,64,768.971664,711,1
65,65,768.982802,722,1
66,66,768.993938,733,1
67,67,769.005072,744,1
68,68,769.016211,755,1
69,69,769.027346,766,1
70,70,769.038481,777,1
71,71,769.049620,788,1
72,72,769.060754,799,1
73,73,769.071891,810,1
74,74,769.083028,821,1
75,75,769.094164,832,1
76,76,769.105301,843,1
77,77,769.116436,854,1
78,78,769.127573,865,1
79,79,769.138707,876,1
80,80,769.149843,887,1
81,81,769.160981,898,1
82,82,769.172118,909,1
83,83,769.183254,920,1
84,84,769.194389,931,1
85,85,769.205525,942,1
86,86,769.216660,953,1
87,87,769.227798,964,1
88,88,769.238933,975,1
89,89,769.250071,986,1
90,90,769.261207,997,1
91,91,769.272343,1008,1
92,92,769.283479,1019,1
93,93,769.294613,1030,1
94,94,769.305752,1041,1
95,95,769.316887,1052,1
96,96,769.328023,1063,1
97,97,769.339158,1074,1
98,98,769.350296,1085,1
99,99,769.361432,1096,1
100,100,769.372567,1107,1
101,101,769.383704,1118,1
102,102,769.394840,1129,1
103,103,769.405978,1140,1
104,104,769.417112,1151,1
105,105,769.428250,1162,1
106,106,769.439385,1173,1
107,107,769.450522,1184,1
108,108,769.461657,1195,1
109,109,769.472795,1206,1
110,110,769.483931,1217,1
111,111,769.495066,1228,1
112,112,769.506202,1239,1
113,113,769.517339,1250,1
114,114,769.528474,1261,1
115,115,769.539611,1272,1
116,116,769.550748,1283,1
117,117,769.561883,1294,1
118,118,769.573019,1305,1
119,119,769.584156,1316,1
120,120,769.595292,1327,1
121,121,769.606428,1338,1
122,122,769.617566,1349,1
123,123,769.628701,1360,1
124,124,769.639836,1371,1
125,125,769.650973,1382,1
126,126,769.662109,1393,1
127,127,769.673246,1404,1
128,128,769.684382,1415,1
129,129,769.695518,1426,1
130,130,769.706653,1437,1
131,131,769.717790,1448,1
132,132,769.728925,1459,1
133,133,769.740062,1470,1
134,134,769.751198,1481,1
135,135,769.762335,1492,1
136,136,769.773472,1503,1
137,137,769.784608,1514,1
138,138,769.795742,1525,1
139,139,769.806879,1536,1
140,140,769.818015,1547,1
141,141,769.829153,1558,1
142,142,769.840289,1569,1
143,143,769.851424,1580,1
144,144,769.862559,1591,1
145,145,769.873695,1602,1
146,146,769.884833,1613,1
147,147,769.895969,1624,1
148,148,769.907105,1635,1
149,149,769.918241,1646,1
150,150,769.929378,1657,1
151,151,769.940515,1668,1
152,152,769.951649,1679,1
153,153,769.962785,1690,1
154,154,769.973923,1701,1
155,155,769.985058,1712,1
156,156,769.996194,1723,1
157,157,770.007331,1734,1
158,158,770.017454,1744,1
159,159,770.028591,1755,1
160,160,770.039727,1766,1
161,161,770.050864,1777,1
162,162,770.061998,1788,1
163,163,770.073136,1799,1
164,164,770.084272,1810,1
165,165,770.095407,1821,1
166,166,770.106545,1832,1
167,167,770.117680,1843,1
168,168,770.128817,1854,1
169,169,770.139953,1865,1
170,170,770.151096,1876,1
171,171,770.162225,1887,1
172,172,770.173362,1898,1
173,173,770.184498,1909,1
174,174,770.195634,1920,1
175,175,770.206771,1931,1
176,176,770.217906,1942,1
177,177,770.229043,1953,1
178,178,770.240179,1964,1
179,179,770.251313,1975,1
180,180,770.262451,1986,1
181,181,770.273588,1997,1
182,182,770.284722,2008,1
183,183,770.295860,2019,1
184,184,770.306996,2030,1
185,185,770.318133,2041,1
186,186,770.329268,2052,1
187,187,770.340403,2063,1
188,188,770.351540,2074,1
189,189,770.362677,2085,1
190,190,770.373814,2096,1
191,191,770.384949,2107,1
192,192,770.396096,2118,1
193,193,770.407220,2129,1
194,194,770.418356,2140,1
195,195,770.429495,2151,1
196,196,770.440630,2162,1
197,197,770.451766,2173,1
198,198,770.462903,2184,1
199,199,770.474039,2195,1
200,200,770.485175,2206,1
201,201,770.496311,2217,1
202,202,770.507445,2228,1
203,203,770.518582,2239,1
204,204,770.529720,2250,1
205,205,770.540856,2261,1
206,206,770.551992,2272,1
207,207,770.563126,2283,1
208,208,770.574265,2294,1
209,209,770.585399,2305,1
210,210,770.596538,2316,1
211,211,770.607671,2327,1
212,212,770.618808,2338,1
213,213,770.629946,2349,1
214,214,770.641081,2360,1
215,215,770.652216,2371,1
216,216,770.663353,2382,1
217,217,770.674490,2393,1
218,218,770.685626,2404,1
219,219,770.696763,2415,1
220,220,770.707898,2426,1
221,221,770.719035,2437,1
222,222,770.730171,2448,1
223,223,770.741306,2459,1
224,224,770.752443,2470,1
225,225,770.763579,2481,1
226,226,770.774714,2492,1
227,227,770.785852,2503,1
228,228,770.796987,2514,1
229,229,770.808124,2525,1
230,230,770.819261,2536,1
231,231,770.830395,2547,1
232,232,770.841532,2558,1
233,233,770.852668,2569,1
234,234,770.863806,2580,1
235,235,770.874942,2591,1
236,236,770.886077,2602,1
237,237,770.897214,2613,1
238,238,770.908349,2624,1
239,239,770.919487,2635,1
240,240,770.930621,2646,1
241,241,770.941758,2657,1
242,242,770.952894,2668,1
243,243,770.964032,2679,1
244,244,770.975166,2690,1
245,245,770.986302,2701,1
246,246,770.997438,2712,1
247,247,771.008576,2723,1
248,248,771.019713,2734,1
249,249,771.030848,2745,1
250,250,771.041985,2756,1
251,251,771.053120,2767,1
252,252,771.064257,2778,1
253,253,771.075391,2789,1
254,254,771.086529,2800,1
255,255,771.097665,2811,1
256,256,771.108802,2822,1
257,257,771.119937,2833,1
258,258,771.131074,2844,1
259,259,771.142208,2855,1
260,260,771.153347,2866,1
261,261,771.164481,2877,1
262,262,771.175619,2888,1
263,263,771.186755,2899,1
264,264,771.197891,2910,1
265,265,771.209026,2921,1
266,266,771.220161,2932,1
267,267,771.231299,2943,1
268,268,771.242436,2954,1
269,269,771.253572,2965,1
270,270,771.264708,2976,1
271,271,771.275844,2987,1
272,272,771.286979,2998,1
273,273,771.298117,3009,1
274,274,771.309253,3020,1
275,275,771.320390,3031,1
276,276,771.331525,3042,1
277,277,771.342661,3053,1
278,278,771.353796,3064,1
279,279,771.363922,3074,1
280,280,771.375058,3085,1
281,281,771.386192,3096,1
282,282,771.397330,3107,1
283,283,771.408464,3118,1
284,284,771.419602,3129,1
285,285,771.430739,3140,1
286,286,771.441873,3151,1
287,287,771.453011,3162,1
288,288,771.464146,3173,1
289,289,771.475284,3184,1
290,290,771.486418,3195,1
291,291,771.497554,3206,1
292,292,771.508693,3217,1
293,293,771.519826,3228,1
294,294,771.530965,3239,1
295,295,771.542104,3250,1
296,296,771.553237,3261,1
297,297,771.564371,3272,1
298,298,771.575510,3283,1
299,299,771.586645,3294,1
300,300,771.597780,3305,1
301,301,771.608918,3316,1
302,302,771.620053,3327,1
303,303,771.631190,3338,1
304,304,771.642327,3349,1
305,305,771.653461,3360,1
306,306,771.664598,3371,1
307,307,771.675735,3382,1
308,308,771.686870,3393,1
309,309,771.698007,3404,1
310,310,771.709142,3415,1
311,311,771.720279,3426,1
312,312,771.731417,3437,1
313,313,771.742553,3448,1
314,314,771.753686,3459,1
315,315,771.764824,3470,1
316,316,771.775961,3481,1
317,317,771.787101,3492,1
318,318,771.798231,3503,1
319,319,771.809369,3514,1
320,320,771.820505,3525,1
321,321,771.831641,3536,1
322,322,771.842777,3547,1
323,323,771.853913,3558,1
324,324,771.865048,3569,1
325,325,771.876185,3580,1
326,326,771.887322,3591,1
327,327,771.898457,3602,1
328,328,771.909594,3613,1
329,329,771.920730,3624,1
330,330,771.931867,3635,1
331,331,771.943004,3646,1
332,332,771.954138,3657,1
333,333,771.965274,3668,1
334,334,771.976411,3679,1
335,335,771.987546,3690,1
336,336,771.998684,3701,1
337,337,772.009820,3712,1
338,338,772.020956,3723,1
339,339,772.032100,3734,1
340,340,772.043228,3745,1
341,341,772.054363,3756,1
342,342,772.065499,3767,1
343,343,772.076638,3778,1
344,344,772.087774,3789,1
345,345,772.098908,3800,1
346,346,772.110044,3811,1
347,347,772.121180,3822,1
348,348,772.132319,3833,1
349,349,772.143455,3844,1
350,350,772.154591,3855,1
351,351,772.165726,3866,1
352,352,772.176861,3877,1
353,353,772.187999,3888,1
354,354,772.199136,3899,1
355,355,772.210270,3910,1
356,356,772.221407,3921,1
357,357,772.232545,3932,1
358,358,772.243678,3943,1
359,359,772.254817,3954,1
360,360,772.265951,3965,1
361,361,772.277096,3976,1
362,362,772.288224,3987,1
363,363,772.299361,3998,1
364,364,772.310496,4009,1
365,365,772.321634,4020,1
366,366,772.332770,4031,1
367,367,772.343906,4042,1
368,368,772.355042,4053,1
369,369,772.366177,4064,1
370,370,772.377313,4075,1
371,371,772.388449,4086,1
372,372,772.399588,4097,1
373,373,772.410723,4108,1
374,374,772.421859,4119,1
375,375,772.432995,4130,1
376,376,772.444132,4141,1
377,377,772.455267,4152,1
378,378,772.466404,4163,1
379,379,772.477540,4174,1
380,380,772.488677,4185,1
381,381,772.499811,4196,1
382,382,772.510947,4207,1
383,383,772.522100,4218,1
384,384,772.533219,4229,1
385,385,772.544356,4240,1
386,386,772.555493,4251,1
387,387,772.566630,4262,1
388,388,772.577764,4273,1
389,389,772.588901,4284,1
390,390,772.600036,4295,1
391,391,772.611174,4306,1
392,392,772.622309,4317,1
393,393,772.633446,4328,1
394,394,772.644583,4339,1
395,395,772.655717,4350,1
396,396,772.666856,4361,1
397,397,772.677990,4372,1
398,398,772.689126,4383,1
399,399,772.699253,4393,1
400,400,772.710388,4404,1
401,401,772.721525,4415,1
402,402,772.732660,4426,1
403,403,772.743795,4437,1
404,404,772.754933,4448,1
405,405,772.766070,4459,1
406,406,772.777203,4470,1
407,407,772.788340,4481,1
408,408,772.799476,4492,1
409,409,772.810612,4503,1
410,410,772.821749,4514,1
411,411,772.832886,4525,1
412,412,772.844022,4536,1
413,413,772.855156,4547,1
414,414,772.866294,4558,1
415,415,772.877431,4569,1
416,416,772.888567,4580,1
417,417,772.899704,4591,1
418,418,772.910839,4602,1
419,419,772.921975,4613,1
420,420,772.933112,4624,1
421,421,772.944246,4635,1
422,422,772.955384,4646,1
423,423,772.966520,4657,1
424,424,772.977656,4668,1
425,425,772.988791,4679,1
426,426,772.999930,4690,1
427,427,773.011064,4701,1
428,428,773.022201,4712,1
429,429,773.033337,4723,1
430,430,773.044472,4734,1
431,431,773.055609,4745,1
432,432,773.066745,4756,1
433,433,773.077882,4767,1
434,434,773.089019,4778,1
435,435,773.100155,4789,1
436,436,773.111290,4800,1
437,437,773.122425,4811,1
438,438,773.133564,4822,1
439,439,773.144699,4833,1
440,440,773.155834,4844,1
441,441,773.166970,4855,1
442,442,773.178107,4866,1
443,443,773.189243,4877,1
444,444,773.200380,4888,1
445,445,773.211516,4899,1
446,446,773.222653,4910,1
447,447,773.233788,4921,1
448,448,773.244925,4932,1
449,449,773.256061,4943,1
450,450,773.267198,4954,1
451,451,773.278332,4965,1
452,452,773.289471,4976,1
453,453,773.300606,4987,1
454,454,773.311741,4998,1
455,455,773.322879,5009,1
456,456,773.334015,5020,1
457,457,773.345151,5031,1
458,458,773.356285,5042,1
459,459,773.367424,5053,1
460,460,773.378559,5064,1
461,461,773.389696,5075,1
462,462,773.400830,5086,1
463,463,773.411968,5097,1
464,464,773.423103,5108,1
465,465,773.434239,5119,1
466,466,773.445377,5130,1
467,467,773.456512,5141,1
468,468,773.467649,5152,1
469,469,773.478785,5163,1
470,470,773.489920,5174,1
471,471,773.501058,5185,1
472,472,773.512192,5196,1
473,473,773.523330,5207,1
474,474,773.534466,5218,1
475,475,773.545603,5229,1
476,476,773.556739,5240,1
477,477,773.567873,5251,1
478,478,773.579011,5262,1
479,479,773.590145,5273,1
480,480,773.601283,5284,1
481,481,773.612418,5295,1
482,482,773.623556,5306,1
483,483,773.634692,5317,1
484,484,773.645827,5328,1
485,485,773.656963,5339,1
486,486,773.668101,5350,1
487,487,773.679235,5361,1
488,488,773.690373,5372,1
489,489,773.701509,5383,1
490,490,773.712643,5394,1
491,491,773.723781,5405,1
492,492,773.734916,5416,1
493,493,773.746054,5427,1
494,494,773.757189,5438,1
495,495,773.768325,5449,1
496,496,773.779462,5460,1
497,497,773.790599,5471,1
498,498,773.801733,5482,1
499,499,773.812870,5493,1
500,500,773.824007,5504,1
501,501,773.835142,5515,1
502,502,773.846277,5526,1
503,503,773.857415,5537,1
504,504,773.868552,5548,1
505,505,773.879686,5559,1
506,506,773.890824,5570,1
507,507,773.901959,5581,1
508,508,773.913099,5592,1
509,509,773.924231,5603,1
510,510,773.935367,5614,1
511,511,773.946505,5625,1
512,512,773.957642,5636,1
513,513,773.968775,5647,1
514,514,773.979914,5658,1
515,515,773.991048,5669,1
516,516,774.002184,5680,1
517,517,774.013322,5691,1
518,518,774.024459,5702,1
519,519,774.034582,5712,1
520,520,774.045718,5723,1
521,521,774.056854,5734,1
522,522,774.067991,5745,1
523,523,774.079125,5756,1
524,524,774.090263,5767,1
525,525,774.101398,5778,1
526,526,774.112535,5789,1
527,527,774.123672,5800,1
528,528,774.134808,5811,1
529,529,774.145942,5822,1
530,530,774.157078,5833,1
531,531,774.168216,5844,1
532,532,774.179352,5855,1
533,533,774.190489,5866,1
534,534,774.201626,5877,1
535,535,774.212762,5888,1
536,536,774.223897,5899,1
537,537,774.235033,5910,1
538,538,774.246170,5921,1
539,539,774.257305,5932,1
540,540,774.268443,5943,1
541,541,774.279576,5954,1
542,542,774.290714,5965,1
543,543,774.301851,5976,1
544,544,774.312987,5987,1
545,545,774.324123,5998,1
546,546,774.335258,6009,1
547,547,774.346396,6020,1
548,548,774.357531,6031,1
549,549,774.368668,6042,1
550,550,774.379802,6053,1
551,551,774.390940,6064,1
552,552,774.402075,6075,1
553,553,774.413213,6086,1
554,554,774.424349,6097,1
555,555,774.435484,6108,1
556,556,774.446621,6119,1
557,557,774.457757,6130,1
558,558,774.468893,6141,1
559,559,774.480030,6152,1
560,560,774.491166,6163,1
561,561,774.502303,6174,1
562,562,774.513436,6185,1
563,563,774.524575,6196,1
564,564,774.535711,6207,1
565,565,774.546846,6218,1
566,566,774.557981,6229,1
567,567,774.569119,6240,1
568,568,774.580254,6251,1
569,569,774.591392,6262,1
570,570,774.602528,6273,1
571,571,774.613662,6284,1
572,572,774.624798,6295,1
573,573,774.635935,6306,1
574,574,774.647071,6317,1
575,575,774.658207,6328,1
576,576,774.669345,6339,1
577,577,774.680481,6350,1
578,578,774.691617,6361,1
579,579,774.702754,6372,1
580,580,774.713890,6383,1
581,581,774.725027,6394,1
582,582,774.736162,6405,1
583,583,774.747299,6416,1
584,584,774.758435,6427,1
585,585,774.769570,6438,1
586,586,774.780707,6449,1
587,587,774.791843,6460,1
588,588,774.802979,6471,1
589,589,774.814114,6482,1
590,590,774.825252,6493,1
591,591,774.836388,6504,1
592,592,774.847522,6515,1
593,593,774.858658,6526,1
594,594,774.869796,6537,1
595,595,774.880932,6548,1
596,596,774.892068,6559,1
597,597,774.903203,6570,1
598,598,774.914342,6581,1
599,599,774.925478,6592,1
600,600,774.936612,6603,1
601,601,774.947748,6614,1
602,602,774.958886,6625,1
603,603,774.970021,6636,1
604,604,774.981159,6647,1
605,605,774.992292,6658,1
606,606,775.003429,6669,1
607,607,775.014568,6680,1
608,608,775.025701,6691,1
609,609,775.036839,6702,1
610,610,775.047976,6713,1
611,611,775.059111,6724,1
612,612,775.070247,6735,1
613,613,775.081385,6746,1
614,614,775.092518,6757,1
615,615,775.103655,6768,1
616,616,775.114792,6779,1
617,617,775.125927,6790,1
618,618,775.137066,6801,1
619,619,775.148201,6812,1
620,620,775.159338,6823,1
621,621,775.170473,6834,1
622,622,775.181609,6845,1
623,623,775.192746,6856,1
624,624,775.203881,6867,1
625,625,775.215018,6878,1
626,626,775.226155,6889,1
627,627,775.237291,6900,1
628,628,775.248425,6911,1
629,629,775.259561,6922,1
630,630,775.270697,6933,1
631,631,775.281834,6944,1
632,632,775.292971,6955,1
633,633,775.304106,6966,1
634,634,775.315243,6977,1
635,635,775.326381,6988,1
636,636,775.337515,6999,1
637,637,775.348650,7010,1
638,638,775.359788,7021,1
639,639,775.370925,7032,1
640,640,775.381047,7042,1
641,641,775.392185,7053,1
642,642,775.403321,7064,1
643,643,775.414455,7075,1
644,644,775.425594,7086,1
645,645,775.436730,7097,1
646,646,775.447865,7108,1
647,647,775.459002,7119,1
648,648,775.470139,7130,1
649,649,775.481274,7141,1
650,650,775.492411,7152,1
651,651,775.503545,7163,1
652,652,775.514683,7174,1
653,653,775.525818,7185,1
654,654,775.536954,7196,1
655,655,775.548098,7207,1
656,656,775.559226,7218,1
657,657,775.570363,7229,1
658,658,775.581500,7240,1
659,659,775.592636,7251,1
660,660,775.603771,7262,1
661,661,775.614907,7273,1
662,662,775.626044,7284,1
663,663,775.637179,7295,1
664,664,775.648317,7306,1
665,665,775.659454,7317,1
666,666,775.670590,7328,1
667,667,775.681724,7339,1
668,668,775.692862,7350,1
669,669,775.703998,7361,1
670,670,775.715135,7372,1
671,671,775.726268,7382,1
672,672,775.737406,7393,1
673,673,775.748542,7404,1
674,674,775.759679,7415,1
675,675,775.770815,7426,1
676,676,775.781951,7437,1
677,677,775.793095,7448,1
678,678,775.804224,7459,1
679,679,775.815360,7470,1
680,680,775.826495,7481,1
681,681,775.837631,7492,1
682,682,775.848769,7503,1
683,683,775.859905,7514,1
684,684,775.871040,7525,1
685,685,775.882177,7536,1
686,686,775.893312,7547,1
687,687,775.904448,7558,1
688,688,775.915585,7569,1
689,689,775.926722,7580,1
690,690,775.937858,7591,1
691,691,775.948994,7602,1
692,692,775.960131,7613,1
693,693,775.971265,7624,1
694,694,775.982403,7635,1
695,695,775.993538,7646,1
696,696,776.004674,7657,1
697,697,776.015810,7668,1
698,698,776.026948,7679,1
699,699,776.038082,7690,1
700,700,776.049220,7701,1
701,701,776.060355,7712,1
702,702,776.071491,7723,1
703,703,776.082628,7734,1
704,704,776.093765,7745,1
705,705,776.104900,7756,1
706,706,776.116036,7767,1
707,707,776.127171,7778,1
708,708,776.138309,7789,1
709,709,776.149444,7800,1
710,710,776.160581,7811,1
711,711,776.171719,7822,1
712,712,776.182854,7833,1
713,713,776.193991,7844,1
714,714,776.205127,7855,1
715,715,776.216262,7866,1
716,716,776.227397,7877,1
717,717,776.238534,7888,1
718,718,776.249671,7899,1
719,719,776.260807,7910,1
720,720,776.271942,7921,1
721,721,776.283080,7932,1
722,722,776.294217,7943,1
723,723,776.305352,7954,1
724,724,776.316488,7965,1
725,725,776.327624,7976,1
726,726,776.338759,7987,1
727,727,776.349896,7998,1
728,728,776.361032,8009,1
729,729,776.372169,8020,1
730,730,776.383306,8031,1
731,731,776.394443,8042,1
732,732,776.405576,8053,1
733,733,776.416714,8064,1
734,734,776.427849,8075,1
735,735,776.438987,8086,1
736,736,776.450123,8097,1
737,737,776.461259,8108,1
738,738,776.472395,8119,1
739,739,776.483531,8130,1
740,740,776.494668,8141,1
741,741,776.505803,8152,1
742,742,776.516938,8163,1
743,743,776.528076,8174,1
744,744,776.539213,8185,1
745,745,776.550346,8196,1
746,746,776.561483,8207,1
747,747,776.572621,8218,1
748,748,776.583756,8229,1
749,749,776.594891,8240,1
750,750,776.606028,8251,1
751,751,776.617166,8262,1
752,752,776.628302,8273,1
753,753,776.639436,8284,1
754,754,776.650574,8295,1
755,755,776.661708,8306,1
756,756,776.672847,8317,1
757,757,776.683982,8328,1
758,758,776.695119,8339,1
759,759,776.706253,8350,1
760,760,776.716379,8360,1
761,761,776.727513,8371,1
762,762,776.738651,8382,1
763,763,776.749786,8393,1
764,764,776.760924,8404,1
765,765,776.772060,8415,1
766,766,776.783195,8426,1
767,767,776.794332,8437,1
768,768,776.805468,8448,1
769,769,776.816603,8459,1
770,770,776.827739,8470,1
771,771,776.838877,8481,1
772,772,776.850012,8492,1
773,773,776.861147,8503,1
774,774,776.872284,8514,1
775,775,776.883422,8525,1
776,776,776.894558,8536,1
777,777,776.905692,8547,1
778,778,776.916831,8558,1
779,779,776.927967,8569,1
780,780,776.939101,8580,1
781,781,776.950239,8591,1
782,782,776.961373,8602,1
783,783,776.972509,8613,1
784,784,776.983647,8624,1
785,785,776.994784,8635,1
786,786,777.005920,8646,1
787,787,777.017056,8657,1
788,788,777.028190,8668,1
789,789,777.039327,8679,1
790,790,777.050463,8690,1
791,791,777.061601,8701,1
792,792,777.072736,8712,1
793,793,777.083871,8723,1
794,794,777.095008,8734,1
795,795,777.106144,8745,1
796,796,777.117280,8756,1
797,797,777.128418,8767,1
798,798,777.139555,8778,1
799,799,777.150691,8789,1
800,800,777.161827,8800,1
801,801,777.172962,8811,1
802,802,777.184101,8822,1
803,803,777.195234,8833,1
804,804,777.206371,8844,1
805,805,777.217506,8855,1
806,806,777.228644,8866,1
807,807,777.239780,8877,1
808,808,777.250917,8888,1
809,809,777.262052,8899,1
810,810,777.273189,8910,1
811,811,777.284325,8921,1
812,812,777.295459,8932,1
813,813,777.306597,8943,1
814,814,777.317731,8954,1
815,815,777.328869,8965,1
816,816,777.340006,8976,1
817,817,777.351141,8987,1
818,818,777.362278,8998,1
819,819,777.373414,9009,1
820,820,777.384549,9020,1
821,821,777.395685,9031,1
822,822,777.406823,9042,1
823,823,777.417959,9053,1
824,824,777.429099,9064,1
825,825,777.440229,9075,1
826,826,777.451367,9086,1
827,827,777.462502,9097,1
828,828,777.473640,9108,1
829,829,777.484777,9119,1
830,830,777.495912,9130,1
831,831,777.507048,9141,1
832,832,777.518182,9152,1
833,833,777.529319,9163,1
834,834,777.540455,9174,1
835,835,777.551593,9185,1
836,836,777.562729,9196,1
837,837,777.573865,9207,1
838,838,777.585001,9218,1
839,839,777.596136,9229,1
840,840,777.607274,9240,1
841,841,777.618410,9251,1
842,842,777.629546,9262,1
843,843,777.640682,9273,1
844,844,777.651817,9284,1
845,845,777.662953,9295,1
846,846,777.674101,9306,1
847,847,777.685227,9317,1
848,848,777.696364,9328,1
849,849,777.707498,9339,1
850,850,777.718636,9350,1
851,851,777.729770,9361,1
852,852,777.740908,9372,1
853,853,777.752043,9383,1
854,854,777.763179,9394,1
855,855,777.774316,9405,1
856,856,777.785451,9416,1
857,857,777.796590,9427,1
858,858,777.807723,9438,1
859,859,777.818862,9449,1
860,860,777.829996,9460,1
861,861,777.841132,9471,1
862,862,777.852269,9482,1
863,863,777.863406,9493,1
864,864,777.874542,9504,1
865,865,777.885679,9515,1
866,866,777.896813,9526,1
867,867,777.907951,9537,1
868,868,777.919097,9548,1
869,869,777.930221,9559,1
870,870,777.941360,9570,1
871,871,777.952495,9581,1
872,872,777.963632,9592,1
873,873,777.974766,9603,1
874,874,777.985902,9614,1
875,875,777.997041,9625,1
876,876,778.008177,9636,1
877,877,778.019311,9647,1
878,878,778.030449,9658,1
879,879,778.041586,9669,1
880,880,778.051708,9679,1
881,881,778.062845,9690,1
882,882,778.073982,9701,1
883,883,778.085116,9712,1
884,884,778.096253,9723,1
885,885,778.107389,9734,1
886,886,778.118526,9745,1
887,887,778.129662,9756,1
888,888,778.140799,9767,1
889,889,778.151935,9778,1
890,890,778.163071,9789,1
891,891,778.174206,9800,1
892,892,778.185344,9811,1
893,893,778.196480,9822,1
894,894,778.207616,9833,1
895,895,778.218753,9844,1
896,896,778.229889,9855,1
897,897,778.241025,9866,1
898,898,778.252161,9877,1
899,899,778.263297,9888,1
900,900,778.274432,9899,1
901,901,778.285569,9910,1
902,902,778.296706,9921,1
903,903,778.307842,9932,1
904,904,778.318976,9943,1
905,905,778.330113,9954,1
906,906,778.341250,9965,1
907,907,778.352386,9976,1
908,908,778.363522,9987,1
909,909,778.374659,9998,1
910,910,778.385793,10009,1
911,911,778.396932,10020,1
912,912,778.408068,10031,1
913,913,778.419204,10042,1
914,914,778.430338,10053,1
915,915,778.441475,10064,1
916,916,778.452612,10075,1
917,917,778.463746,10086,1
918,918,778.474884,10097,1
919,919,778.486020,10108,1
920,920,778.497156,10119,1
921,921,778.508293,10130,1
922,922,778.519428,10141,1
923,923,778.530564,10152,1
924,924,778.541700,10163,1
925,925,778.552838,10174,1
926,926,778.563972,10185,1
927,927,778.575110,10196,1
928,928,778.586247,10207,1
929,929,778.597381,10218,1
930,930,778.608519,10229,1
931,931,778.619655,10240,1
932,932,778.630789,10251,1
933,933,778.641926,10262,1
934,934,778.653063,10273,1
935,935,778.664199,10284,1
936,936,778.675334,10295,1
937,937,778.686471,10306,1
938,938,778.697609,10317,1
939,939,778.708744,10328,1
940,940,778.719878,10339,1
941,941,778.731017,10350,1
942,942,778.742151,10361,1
943,943,778.753289,10372,1
944,944,778.764425,10383,1
945,945,778.775561,10394,1
946,946,778.786696,10405,1
947,947,778.797832,10416,1
948,948,778.808971,10427,1
949,949,778.820104,10438,1
950,950,778.831242,10449,1
951,951,778.842378,10460,1
952,952,778.853515,10471,1
953,953,778.864651,10482,1
954,954,778.875788,10493,1
955,955,778.886922,10504,1
956,956,778.898058,10515,1
957,957,778.909194,10526,1
958,958,778.920330,10537,1
959,959,778.931466,10548,1
960,960,778.942603,10559,1
961,961,778.953740,10570,1
962,962,778.964875,10581,1
963,963,778.976012,10592,1
964,964,778.987148,10603,1
965,965,778.998285,10614,1
966,966,779.009422,10625,1
967,967,779.020556,10636,1
968,968,779.031693,10647,1
969,969,779.042830,10658,1
970,970,779.053964,10669,1
971,971,779.065102,10680,1
972,972,779.076238,10691,1
973,973,779.087373,10702,1
974,974,779.098511,10713,1
975,975,779.109645,10724,1
976,976,779.120782,10735,1
977,977,779.131920,10746,1
978,978,779.143055,10757,1
979,979,779.154190,10768,1
980,980,779.165328,10779,1
981,981,779.176463,10790,1
982,982,779.187598,10801,1
983,983,779.198737,10812,1
984,984,779.209872,10823,1
985,985,779.221008,10834,1
986,986,779.232143,10845,1
987,987,779.243281,10856,1
988,988,779.254417,10867,1
989,989,779.265553,10878,1
990,990,779.276690,10889,1
991,991,779.287825,10900,1
992,992,779.298961,10911,1
993,993,779.310104,10922,1
994,994,779.321234,10933,1
995,995,779.332369,10944,1
996,996,779.343505,10955,1
997,997,779.354644,10966,1
998,998,779.365780,10977,1
999,999,779.376915,10988,1
1000,1000,779.388050,10999,1
1001,1001,779.398176,11009,1
1002,1002,779.409312,11020,1
1003,1003,779.420448,11031,1
1004,1004,779.431585,11042,1
1005,1005,779.442721,11053,1
1006,1006,779.453856,11064,1
1007,1007,779.464991,11075,1
1008,1008,779.476127,11086,1
1009,1009,779.487263,11097,1
1010,1010,779.498402,11108,1
1011,1011,779.509538,11119,1
1012,1012,779.520673,11130,1
1013,1013,779.531808,11141,1
1014,1014,779.542946,11152,1
1015,1015,779.554081,11163,1
1016,1016,779.565218,11174,1
1017,1017,779.576355,11185,1
1018,1018,779.587490,11196,1
1019,1019,779.598625,11207,1
1020,1020,779.609761,11218,1
1021,1021,779.620900,11229,1
1022,1022,779.632034,11240,1
1023,1023,779.643172,11251,1
1024,1024,779.654309,11262,1
1025,1025,779.665444,11273,1
1026,1026,779.676578,11284,1
1027,1027,779.687717,11295,1
1028,1028,779.698851,11306,1
1029,1029,779.709987,11317,1
1030,1030,779.721125,11328,1
1031,1031,779.732262,11339,1
1032,1032,779.743396,11350,1
1033,1033,779.754534,11361,1
1034,1034,779.765671,11372,1
1035,1035,779.776804,11383,1
1036,1036,779.787941,11394,1
1037,1037,779.799078,11405,1
1038,1038,779.810214,11416,1
1039,1039,779.821351,11427,1
1040,1040,779.832487,11438,1
1041,1041,779.843623,11449,1
1042,1042,779.854759,11460,1
1043,1043,779.865896,11471,1
1044,1044,779.877031,11482,1
1045,1045,779.888167,11493,1
1046,1046,779.899305,11504,1
1047,1047,779.910440,11515,1
1048,1048,779.921574,11526,1
1049,1049,779.932711,11537,1
1050,1050,779.943848,11548,1
1051,1051,779.954984,11559,1
1052,1052,779.966119,11570,1
1053,1053,779.977257,11581,1
1054,1054,779.988394,11592,1
1055,1055,779.999530,11603,1
1056,1056,780.010664,11614,1
1057,1057,780.021802,11625,1
1058,1058,780.032937,11636,1
1059,1059,780.044075,11647,1
1060,1060,780.055210,11658,1
1061,1061,780.066348,11669,1
1062,1062,780.077483,11680,1
1063,1063,780.088618,11691,1
1064,1064,780.099755,11702,1
1065,1065,780.110890,11713,1
1066,1066,780.122028,11724,1
1067,1067,780.133162,11735,1
1068,1068,780.144300,11746,1
1069,1069,780.155434,11757,1
1070,1070,780.166572,11768,1
1071,1071,780.177707,11779,1
1072,1072,780.188843,11790,1
1073,1073,780.199981,11801,1
1074,1074,780.211116,11812,1
1075,1075,780.222253,11823,1
1076,1076,780.233389,11834,1
1077,1077,780.244527,11845,1
1078,1078,780.255662,11856,1
1079,1079,780.266797,11867,1
1080,1080,780.277933,11878,1
1081,1081,780.289069,11889,1
1082,1082,780.300206,11900,1
1083,1083,780.311342,11911,1
1084,1084,780.322479,11922,1
1085,1085,780.333614,11933,1
1086,1086,780.344751,11944,1
1087,1087,780.355888,11955,1
1088,1088,780.367025,11966,1
1089,1089,780.378160,11977,1
1090,1090,780.389295,11988,1
1091,1091,780.400432,11999,1
1092,1092,780.411568,12010,1
1093,1093,780.422703,12021,1
1094,1094,780.433840,12032,1
1095,1095,780.444978,12043,1
1096,1096,780.456112,12054,1
1097,1097,780.467248,12065,1
1098,1098,780.478386,12076,1
1099,1099,780.489523,12087,1
1100,1100,780.500658,12098,1
1101,1101,780.511793,12109,1
1102,1102,780.522929,12120,1
1103,1103,780.534066,12131,1
1104,1104,780.545203,12142,1
1105,1105,780.556339,12153,1
1106,1106,780.567476,12164,1
1107,1107,780.578610,12175,1
1108,1108,780.589746,12186,1
1109,1109,780.600884,12197,1
1110,1110,780.612019,12208,1
1111,1111,780.623155,12219,1
1112,1112,780.634292,12230,1
1113,1113,780.645429,12241,1
1114,1114,780.656565,12252,1
1115,1115,780.667701,12263,1
1116,1116,780.678835,12274,1
1117,1117,780.689972,12285,1
1118,1118,780.701108,12296,1
1119,1119,780.712245,12307,1
1120,1120,780.723383,12317,1
1121,1121,780.733504,12327,1
1122,1122,780.744643,12338,1
1123,1123,780.755779,12349,1
1124,1124,780.766914,12360,1
1125,1125,780.778051,12371,1
1126,1126,780.789187,12382,1
1127,1127,780.800323,12393,1
1128,1128,780.811460,12404,1
1129,1129,780.822594,12415,1
1130,1130,780.833732,12426,1
1131,1131,780.844866,12437,1
1132,1132,780.856004,12448,1
1133,1133,780.867141,12459,1
1134,1134,780.878276,12470,1
1135,1135,780.889413,12481,1
1136,1136,780.900549,12492,1
1137,1137,780.911684,12503,1
1138,1138,780.922820,12514,1
1139,1139,780.933957,12525,1
1140,1140,780.945101,12536,1
1141,1141,780.956228,12547,1
1142,1142,780.967367,12558,1
1143,1143,780.978500,12569,1
1144,1144,780.989638,12580,1
1145,1145,781.000773,12591,1
1146,1146,781.011909,12602,1
1147,1147,781.023046,12613,1
1148,1148,781.034183,12624,1
1149,1149,781.045320,12635,1
1150,1150,781.056454,12646,1
1151,1151,781.067590,12657,1
1152,1152,781.078728,12668,1
1153,1153,781.089863,12679,1
1154,1154,781.100999,12690,1
1155,1155,781.112137,12701,1
1156,1156,781.123273,12712,1
1157,1157,781.134408,12723,1
1158,1158,781.145545,12734,1
1159,1159,781.156681,12745,1
1160,1160,781.167815,12756,1
1161,1161,781.178953,12767,1
1162,1162,781.190101,12778,1
1163,1163,781.201227,12789,1
1164,1164,781.212360,12800,1
1165,1165,781.223499,12811,1
1166,1166,781.234634,12822,1
1167,1167,781.245769,12833,1
1168,1168,781.256905,12844,1
1169,1169,781.268044,12855,1
1170,1170,781.279177,12866,1
1171,1171,781.290315,12877,1
1172,1172,781.301450,12888,1
1173,1173,781.312586,12899,1
1174,1174,781.323724,12910,1
1175,1175,781.334859,12921,1
1176,1176,781.345996,12932,1
1177,1177,781.357132,12943,1
1178,1178,781.368268,12954,1
1179,1179,781.379403,12965,1
1180,1180,781.390542,12976,1
1181,1181,781.401677,12987,1
1182,1182,781.412812,12998,1
1183,1183,781.423949,13009,1
1184,1184,781.435095,13020,1
1185,1185,781.446222,13031,1
1186,1186,781.457357,13042,1
1187,1187,781.468494,13053,1
1188,1188,781.479629,13064,1
1189,1189,781.490766,13075,1
1190,1190,781.501904,13086,1
1191,1191,781.513039,13097,1
1192,1192,781.524176,13108,1
1193,1193,781.535311,13119,1
1194,1194,781.546448,13130,1
1195,1195,781.557583,13141,1
1196,1196,781.568720,13152,1
1197,1197,781.579856,13163,1
1198,1198,781.590992,13174,1
1199,1199,781.602128,13185,1
1200,1200,781.613264,13196,1
1201,1201,781.624401,13207,1
1202,1202,781.635535,13218,1
1203,1203,781.646672,13229,1
1204,1204,781.657810,13240,1
1205,1205,781.668946,13251,1
1206,1206,781.680082,13262,1
1207,1207,781.691218,13273,1
1208,1208,781.702352,13284,1
1209,1209,781.713489,13295,1
1210,1210,781.724627,13306,1
1211,1211,781.735763,13317,1
1212,1212,781.746899,13328,1
1213,1213,781.758036,13339,1
1214,1214,781.769172,13350,1
1215,1215,781.780308,13361,1
1216,1216,781.791444,13372,1
1217,1217,781.802578,13383,1
1218,1218,781.813715,13394,1
1219,1219,781.824852,13405,1
1220,1220,781.835988,13416,1
1221,1221,781.847124,13427,1
1222,1222,781.858262,13438,1
1223,1223,781.869398,13449,1
1224,1224,781.880533,13460,1
1225,1225,781.891668,13471,1
1226,1226,781.902806,13482,1
1227,1227,781.913942,13493,1
1228,1228,781.925079,13504,1
1229,1229,781.936214,13515,1
1230,1230,781.947350,13526,1
1231,1231,781.958487,13537,1
1232,1232,781.969621,13548,1
1233,1233,781.980759,13559,1
1234,1234,781.991894,13570,1
1235,1235,782.003032,13581,1
1236,1236,782.014166,13592,1
1237,1237,782.025304,13603,1
1238,1238,782.036438,13614,1
1239,1239,782.047576,13625,1
1240,1240,782.058712,13636,1
1241,1241,782.068836,13646,1
1242,1242,782.079971,13657,1
1243,1243,782.091107,13668,1
1244,1244,782.102245,13679,1
1245,1245,782.113380,13690,1
1246,1246,782.124516,13701,1
1247,1247,782.135653,13712,1
1248,1248,782.146789,13723,1
1249,1249,782.157926,13734,1
1250,1250,782.169060,13745,1
1251,1251,782.180198,13756,1
1252,1252,782.191334,13767,1
1253,1253,782.202471,13778,1
1254,1254,782.213607,13789,1
1255,1255,782.224743,13800,1
1256,1256,782.235879,13811,1
1257,1257,782.247015,13822,1
1258,1258,782.258151,13833,1
1259,1259,782.269286,13844,1
1260,1260,782.280424,13855,1
1261,1261,782.291559,13866,1
1262,1262,782.302695,13877,1
1263,1263,782.313832,13888,1
1264,1264,782.324968,13899,1
1265,1265,782.336105,13910,1
1266,1266,782.347239,13921,1
1267,1267,782.358375,13932,1
1268,1268,782.369513,13943,1
1269,1269,782.380650,13954,1
1270,1270,782.391786,13965,1
1271,1271,782.402922,13976,1
1272,1272,782.414059,13987,1
1273,1273,782.425194,13998,1
1274,1274,782.436329,14009,1
1275,1275,782.447468,14020,1
1276,1276,782.458603,14031,1
1277,1277,782.469739,14042,1
1278,1278,782.480874,14053,1
1279,1279,782.492010,14064,1
1280,1280,782.503148,14075,1
1281,1281,782.514282,14086,1
1282,1282,782.525419,14097,1
1283,1283,782.536555,14108,1
1284,1284,782.547691,14119,1
1285,1285,782.558827,14130,1
1286,1286,782.569965,14141,1
1287,1287,782.581100,14152,1
1288,1288,782.592237,14163,1
1289,1289,782.603372,14174,1
1290,1290,782.614509,14185,1
1291,1291,782.625645,14196,1
1292,1292,782.636782,14207,1
1293,1293,782.647917,14218,1
1294,1294,782.659055,14229,1
1295,1295,782.670190,14240,1
1296,1296,782.681327,14251,1
1297,1297,782.692462,14262,1
1298,1298,782.703597,14273,1
1299,1299,782.714734,14284,1
1300,1300,782.725871,14295,1
1301,1301,782.737007,14306,1
1302,1302,782.748145,14317,1
1303,1303,782.759278,14328,1
1304,1304,782.770415,14339,1
1305,1305,782.781552,14350,1
1306,1306,782.792689,14361,1
1307,1307,782.803825,14372,1
1308,1308,782.814961,14383,1
1309,1309,782.826102,14394,1
1310,1310,782.837234,14405,1
1311,1311,782.848370,14416,1
1312,1312,782.859504,14427,1
1313,1313,782.870643,14438,1
1314,1314,782.881778,14449,1
1315,1315,782.892914,14460,1
1316,1316,782.904049,14471,1
1317,1317,782.915185,14482,1
1318,1318,782.926323,14493,1
1319,1319,782.937458,14504,1
1320,1320,782.948594,14515,1
1321,1321,782.959732,14526,1
1322,1322,782.970867,14537,1
1323,1323,782.982005,14548,1
1324,1324,782.993141,14559,1
1325,1325,783.004275,14570,1
1326,1326,783.015413,14581,1
1327,1327,783.026548,14592,1
1328,1328,783.037685,14603,1
1329,1329,783.048821,14614,1
1330,1330,783.059955,14625,1
1331,1331,783.071098,14636,1
1332,1332,783.082230,14647,1
1333,1333,783.093366,14658,1
1334,1334,783.104502,14669,1
1335,1335,783.115638,14680,1
1336,1336,783.126774,14691,1
1337,1337,783.137909,14702,1
1338,1338,783.149045,14713,1
1339,1339,783.160183,14724,1
1340,1340,783.171319,14735,1
1341,1341,783.182455,14746,1
1342,1342,783.193592,14757,1
1343,1343,783.204728,14768,1
1344,1344,783.215864,14779,1
1345,1345,783.226998,14790,1
1346,1346,783.238137,14801,1
1347,1347,783.249272,14812,1
1348,1348,783.260407,14823,1
1349,1349,783.271543,14834,1
1350,1350,783.282681,14845,1
1351,1351,783.293817,14856,1
1352,1352,783.304952,14867,1
1353,1353,783.316098,14878,1
1354,1354,783.327226,14889,1
1355,1355,783.338360,14900,1
1356,1356,783.349499,14911,1
1357,1357,783.360633,14922,1
1358,1358,783.371770,14933,1
1359,1359,783.382907,14944,1
1360,1360,783.394041,14955,1
1361,1361,783.405180,14966,1
1362,1362,783.415304,14976,1
1363,1363,783.426439,14987,1
1364,1364,783.437575,14998,1
1365,1365,783.448711,15009,1
1366,1366,783.459848,15020,1
1367,1367,783.470985,15031,1
1368,1368,783.482121,15042,1
1369,1369,783.493256,15053,1
1370,1370,783.504391,15064,1
1371,1371,783.515527,15075,1
1372,1372,783.526665,15086,1
1373,1373,783.537799,15097,1
1374,1374,783.548935,15108,1
1375,1375,783.560074,15119,1
1376,1376,783.571211,15130,1
1377,1377,783.582344,15141,1
1378,1378,783.593481,15152,1
1379,1379,783.604618,15163,1
1380,1380,783.615753,15174,1
1381,1381,783.626891,15185,1
1382,1382,783.638025,15196,1
1383,1383,783.649162,15207,1
1384,1384,783.660300,15218,1
1385,1385,783.671435,15229,1
1386,1386,783.682570,15240,1
1387,1387,783.693708,15251,1
1388,1388,783.704844,15262,1
1389,1389,783.715978,15273,1
1390,1390,783.727117,15284,1
1391,1391,783.738251,15295,1
1392,1392,783.749388,15306,1
1393,1393,783.760525,15317,1
1394,1394,783.771662,15328,1
1395,1395,783.782798,15339,1
1396,1396,783.793934,15350,1
1397,1397,783.805069,15361,1
1398,1398,783.816206,15372,1
1399,1399,783.827343,15383,1
1400,1400,783.838477,15394,1
1401,1401,783.849615,15405,1
1402,1402,783.860750,15416,1
1403,1403,783.871885,15427,1
1404,1404,783.883022,15438,1
1405,1405,783.894158,15449,1
1406,1406,783.905293,15460,1
1407,1407,783.916430,15471,1
1408,1408,783.927566,15482,1
1409,1409,783.938704,15493,1
1410,1410,783.949841,15504,1
1411,1411,783.960974,15515,1
1412,1412,783.972113,15526,1
1413,1413,783.983249,15537,1
1414,1414,783.994383,15548,1
1415,1415,784.005521,15559,1
1416,1416,784.016655,15570,1
1417,1417,784.027793,15581,1
1418,1418,784.038930,15592,1
1419,1419,784.050064,15603,1
1420,1420,784.061200,15614,1
1421,1421,784.072336,15625,1
1422,1422,784.083473,15636,1
1423,1423,784.094611,15647,1
1424,1424,784.105748,15658,1
1425,1425,784.116883,15669,1
1426,1426,784.128017,15680,1
1427,1427,784.139156,15691,1
1428,1428,784.150292,15702,1
1429,1429,784.161428,15713,1
1430,1430,784.172563,15724,1
1431,1431,784.183699,15735,1
1432,1432,784.194837,15746,1
1433,1433,784.205972,15757,1
1434,1434,784.217109,15768,1
1435,1435,784.228246,15779,1
1436,1436,784.239379,15790,1
1437,1437,784.250517,15801,1
1438,1438,784.261653,15812,1
1439,1439,784.272790,15823,1
1440,1440,784.283924,15834,1
1441,1441,784.295063,15845,1
1442,1442,784.306196,15856,1
1443,1443,784.317333,15867,1
1444,1444,784.328469,15878,1
1445,1445,784.339606,15889,1
1446,1446,784.350743,15900,1
1447,1447,784.361879,15911,1
1448,1448,784.373014,15922,1
1449,1449,784.384150,15933,1
1450,1450,784.395288,15944,1
1451,1451,784.406423,15955,1
1452,1452,784.417561,15966,1
1453,1453,784.428697,15977,1
1454,1454,784.439831,15988,1
1455,1455,784.450969,15999,1
1456,1456,784.462103,16010,1
1457,1457,784.473242,16021,1
1458,1458,784.484377,16032,1
1459,1459,784.495513,16043,1
1460,1460,784.506649,16054,1
1461,1461,784.517786,16065,1
1462,1462,784.528923,16076,1
1463,1463,784.540059,16087,1
1464,1464,784.551195,16098,1
1465,1465,784.562331,16109,1
1466,1466,784.573465,16120,1
1467,1467,784.584601,16131,1
1468,1468,784.595740,16142,1
1469,1469,784.606875,16153,1
1470,1470,784.618010,16164,1
1471,1471,784.629149,16175,1
1472,1472,784.640283,16186,1
1473,1473,784.651419,16197,1
1474,1474,784.662556,16208,1
1475,1475,784.673693,16219,1
1476,1476,784.684829,16230,1
1477,1477,784.695963,16241,1
1478,1478,784.707101,16252,1
1479,1479,784.718235,16263,1
1480,1480,784.729374,16274,1
1481,1481,784.740508,16285,1
1482,1482,784.750633,16295,1
1483,1483,784.761770,16306,1
1484,1484,784.772906,16317,1
1485,1485,784.784040,16328,1
1486,1486,784.795176,16339,1
1487,1487,784.806313,16350,1
1488,1488,784.817451,16361,1
1489,1489,784.828585,16372,1
1490,1490,784.839724,16383,1
1491,1491,784.850859,16394,1
1492,1492,784.861996,16405,1
1493,1493,784.873130,16416,1
1494,1494,784.884266,16427,1
1495,1495,784.895405,16438,1
1496,1496,784.906540,16449,1
1497,1497,784.917676,16460,1
1498,1498,784.928811,16471,1
1499,1499,784.939948,16482,1
1500,1500,784.951096,16493,1
1501,1501,784.962222,16504,1
1502,1502,784.973355,16515,1
1503,1503,784.984493,16526,1
1504,1504,784.995629,16537,1
1505,1505,785.006766,16548,1
1506,1506,785.017900,16559,1
1507,1507,785.029038,16570,1
1508,1508,785.040172,16581,1
1509,1509,785.051310,16592,1
1510,1510,785.062447,16603,1
1511,1511,785.073582,16614,1
1512,1512,785.084720,16625,1
1513,1513,785.095855,16636,1
1514,1514,785.106990,16647,1
1515,1515,785.118126,16658,1
1516,1516,785.129263,16669,1
1517,1517,785.140401,16680,1
1518,1518,785.151537,16691,1
1519,1519,785.162672,16702,1
1520,1520,785.173808,16713,1
1521,1521,785.184943,16724,1
1522,1522,785.196082,16735,1
1523,1523,785.207218,16746,1
1524,1524,785.218352,16757,1
1525,1525,785.229490,16768,1
1526,1526,785.240625,16779,1
1527,1527,785.251763,16790,1
1528,1528,785.262896,16801,1
1529,1529,785.274033,16812,1
1530,1530,785.285171,16823,1
1531,1531,785.296306,16834,1
1532,1532,785.307442,16845,1
1533,1533,785.318579,16856,1
1534,1534,785.329715,16867,1
1535,1535,785.340851,16878,1
1536,1536,785.351988,16889,1
1537,1537,785.363122,16900,1
1538,1538,785.374261,16911,1
1539,1539,785.385395,16922,1
1540,1540,785.396533,16933,1
1541,1541,785.407668,16944,1
1542,1542,785.418803,16955,1
1543,1543,785.429940,16966,1
1544,1544,785.441075,16977,1
1545,1545,785.452212,16988,1
1546,1546,785.463350,16999,1
1547,1547,785.474484,17010,1
1548,1548,785.485623,17021,1
1549,1549,785.496759,17032,1
1550,1550,785.507894,17043,1
1551,1551,785.519031,17054,1
1552,1552,785.530165,17065,1
1553,1553,785.541301,17076,1
1554,1554,785.552439,17087,1
1555,1555,785.563575,17098,1
1556,1556,785.574712,17109,1
1557,1557,785.585846,17120,1
1558,1558,785.596984,17131,1
1559,1559,785.608119,17142,1
1560,1560,785.619257,17153,1
1561,1561,785.630391,17164,1
1562,1562,785.641527,17175,1
1563,1563,785.652666,17186,1
1564,1564,785.663801,17197,1
1565,1565,785.674937,17208,1
1566,1566,785.686072,17219,1
1567,1567,785.697210,17230,1
1568,1568,785.708345,17241,1
1569,1569,785.719482,17251,1
1570,1570,785.730618,17262,1
1571,1571,785.741755,17273,1
1572,1572,785.752889,17284,1
1573,1573,785.764027,17295,1
1574,1574,785.775162,17306,1
1575,1575,785.786297,17317,1
1576,1576,785.797435,17328,1
1577,1577,785.808571,17339,1
1578,1578,785.819708,17350,1
1579,1579,785.830845,17361,1
1580,1580,785.841980,17372,1
1581,1581,785.853117,17383,1
1582,1582,785.864253,17394,1
1583,1583,785.875388,17405,1
1584,1584,785.886523,17416,1
1585,1585,785.897661,17427,1
1586,1586,785.908798,17438,1
1587,1587,785.919934,17449,1
1588,1588,785.931070,17460,1
1589,1589,785.942206,17471,1
1590,1590,785.953343,17482,1
1591,1591,785.964478,17493,1
1592,1592,785.975614,17504,1
1593,1593,785.986751,17515,1
1594,1594,785.997887,17526,1
1595,1595,786.009024,17537,1
1596,1596,786.020158,17548,1
1597,1597,786.031296,17559,1
1598,1598,786.042432,17570,1
1599,1599,786.053566,17581,1
1600,1600,786.064705,17592,1
1601,1601,786.075838,17603,1
1602,1602,786.085962,17613,1
1603,1603,786.097101,17624,1
1604,1604,786.108237,17635,1
1605,1605,786.119371,17646,1
1606,1606,786.130507,17657,1
1607,1607,786.141645,17668,1
1608,1608,786.152779,17679,1
1609,1609,786.163917,17690,1
1610,1610,786.175052,17701,1
1611,1611,786.186190,17712,1
1612,1612,786.197326,17723,1
1613,1613,786.208462,17734,1
1614,1614,786.219597,17745,1
1615,1615,786.230733,17756,1
1616,1616,786.241871,17767,1
1617,1617,786.253005,17778,1
1618,1618,786.264143,17789,1
1619,1619,786.275280,17800,1
1620,1620,786.286416,17811,1
1621,1621,786.297550,17822,1
1622,1622,786.308687,17833,1
1623,1623,786.319825,17844,1
1624,1624,786.330958,17855,1
1625,1625,786.342105,17866,1
1626,1626,786.353231,17877,1
1627,1627,786.364368,17888,1
1628,1628,786.375505,17899,1
1629,1629,786.386641,17910,1
1630,1630,786.397777,17921,1
1631,1631,786.408913,17932,1
1632,1632,786.420049,17943,1
1633,1633,786.431185,17954,1
1634,1634,786.442322,17965,1
1635,1635,786.453458,17976,1
1636,1636,786.464594,17987,1
1637,1637,786.475729,17998,1
1638,1638,786.486865,18009,1
1639,1639,786.498004,18020,1
1640,1640,786.509139,18031,1
1641,1641,786.520275,18042,1
1642,1642,786.531410,18053,1
1643,1643,786.542548,18064,1
1644,1644,786.553684,18075,1
1645,1645,786.564820,18086,1
1646,1646,786.575955,18097,1
1647,1647,786.587096,18108,1
1648,1648,786.598229,18119,1
1649,1649,786.609363,18130,1
1650,1650,786.620499,18141,1
1651,1651,786.631637,18152,1
1652,1652,786.642772,18163,1
1653,1653,786.653910,18174,1
1654,1654,786.665046,18185,1
1655,1655,786.676182,18196,1
1656,1656,786.687318,18207,1
1657,1657,786.698453,18218,1
1658,1658,786.709591,18229,1
1659,1659,786.720727,18240,1
1660,1660,786.731861,18251,1
1661,1661,786.742997,18262,1
1662,1662,786.754135,18273,1
1663,1663,786.765270,18284,1
1664,1664,786.776406,18295,1
1665,1665,786.787542,18306,1
1666,1666,786.798679,18317,1
1667,1667,786.809815,18328,1
1668,1668,786.820953,18339,1
1669,1669,786.832096,18350,1
1670,1670,786.843225,18361,1
1671,1671,786.854359,18372,1
1672,1672,786.865497,18383,1
1673,1673,786.876633,18394,1
1674,1674,786.887768,18405,1
1675,1675,786.898905,18416,1
1676,1676,786.910042,18427,1
1677,1677,786.921177,18438,1
1678,1678,786.932314,18449,1
1679,1679,786.943451,18460,1
1680,1680,786.954586,18471,1
1681,1681,786.965724,18482,1
1682,1682,786.976857,18493,1
1683,1683,786.987996,18504,1
1684,1684,786.999132,18515,1
1685,1685,787.010269,18526,1
1686,1686,787.021402,18537,1
1687,1687,787.032540,18548,1
1688,1688,787.043675,18559,1
1689,1689,787.054813,18570,1
1690,1690,787.065947,18581,1
1691,1691,787.077095,18592,1
1692,1692,787.088220,18603,1
1693,1693,787.099355,18614,1
1694,1694,787.110494,18625,1
1695,1695,787.121628,18636,1
1696,1696,787.132764,18647,1
1697,1697,787.143900,18658,1
1698,1698,787.155038,18669,1
1699,1699,787.166173,18680,1
1700,1700,787.177309,18691,1
1701,1701,787.188445,18702,1
1702,1702,787.199583,18713,1
1703,1703,787.210720,18724,1
1704,1704,787.221856,18735,1
1705,1705,787.232990,18746,1
1706,1706,787.244126,18757,1
1707,1707,787.255264,18768,1
1708,1708,787.266400,18779,1
1709,1709,787.277534,18790,1
1710,1710,787.288671,18801,1
1711,1711,787.299809,18812,1
1712,1712,787.310945,18823,1
1713,1713,787.322081,18834,1
1714,1714,787.333218,18845,1
1715,1715,787.344352,18856,1
1716,1716,787.355488,18867,1
1717,1717,787.366624,18878,1
1718,1718,787.377762,18889,1
1719,1719,787.388897,18900,1
1720,1720,787.400033,18911,1
1721,1721,787.411171,18922,1
1722,1722,787.422306,18933,1
1723,1723,787.432430,18943,1
1724,1724,787.443567,18954,1
1725,1725,787.454704,18965,1
1726,1726,787.465839,18976,1
1727,1727,787.476975,18987,1
1728,1728,787.488111,18998,1
1729,1729,787.499247,19009,1
1730,1730,787.510384,19020,1
1731,1731,787.521521,19031,1
1732,1732,787.532654,19042,1
1733,1733,787.543792,19053,1
1734,1734,787.554929,19064,1
1735,1735,787.566065,19075,1
1736,1736,787.577201,19086,1
1737,1737,787.588336,19097,1
1738,1738,787.599473,19108,1
1739,1739,787.610610,19119,1
1740,1740,787.621744,19130,1
1741,1741,787.632883,19141,1
1742,1742,787.644017,19152,1
1743,1743,787.655153,19163,1
1744,1744,787.666291,19174,1
1745,1745,787.677428,19185,1
1746,1746,787.688563,19196,1
1747,1747,787.699697,19207,1
1748,1748,787.710834,19218,1
1749,1749,787.721970,19229,1
1750,1750,787.733108,19240,1
1751,1751,787.744242,19251,1
1752,1752,787.755380,19262,1
1753,1753,787.766515,19273,1
1754,1754,787.777651,19284,1
1755,1755,787.788789,19295,1
1756,1756,787.799926,19306,1
1757,1757,787.811062,19317,1
1758,1758,787.822197,19328,1
1759,1759,787.833334,19339,1
1760,1760,787.844470,19350,1
1761,1761,787.855604,19361,1
1762,1762,787.866743,19372,1
1763,1763,787.877876,19383,1
1764,1764,787.889015,19394,1
1765,1765,787.900150,19405,1
1766,1766,787.911285,19416,1
1767,1767,787.922424,19427,1
1768,1768,787.933559,19438,1
1769,1769,787.944696,19449,1
1770,1770,787.955830,19460,1
1771,1771,787.966968,19471,1
1772,1772,787.978104,19482,1
1773,1773,787.989239,19493,1
1774,1774,788.000376,19504,1
1775,1775,788.011512,19515,1
1776,1776,788.022647,19526,1
1777,1777,788.033786,19537,1
1778,1778,788.044920,19548,1
1779,1779,788.056057,19559,1
1780,1780,788.067194,19570,1
1781,1781,788.078329,19581,1
1782,1782,788.089465,19592,1
1783,1783,788.100602,19603,1
1784,1784,788.111736,19614,1
1785,1785,788.122873,19625,1
1786,1786,788.134011,19636,1
1787,1787,788.145146,19647,1
1788,1788,788.156284,19658,1
1789,1789,788.167418,19669,1
1790,1790,788.178554,19680,1
1791,1791,788.189692,19691,1
1792,1792,788.200826,19702,1
1793,1793,788.211965,19713,1
1794,1794,788.223099,19724,1
1795,1795,788.234236,19735,1
1796,1796,788.245373,19746,1
1797,1797,788.256509,19757,1
1798,1798,788.267645,19768,1
1799,1799,788.278782,19779,1
1800,1800,788.289916,19790,1
1801,1801,788.301052,19801,1
1802,1802,788.312189,19812,1
1803,1803,788.323326,19823,1
1804,1804,788.334463,19834,1
1805,1805,788.345597,19845,1
1806,1806,788.356734,19856,1
1807,1807,788.367869,19867,1
1808,1808,788.379005,19878,1
1809,1809,788.390142,19889,1
1810,1810,788.401279,19900,1
1811,1811,788.412414,19911,1
1812,1812,788.423550,19922,1
1813,1813,788.434688,19933,1
1814,1814,788.445822,19944,1
1815,1815,788.456961,19955,1
1816,1816,788.468098,19966,1
1817,1817,788.479231,19977,1
1818,1818,788.490367,19988,1
1819,1819,788.501505,19999,1
1820,1820,788.512641,20010,1
1821,1821,788.523778,20021,1
1822,1822,788.534913,20032,1
1823,1823,788.546049,20043,1
1824,1824,788.557185,20054,1
1825,1825,788.568323,20065,1
1826,1826,788.579458,20076,1
1827,1827,788.590593,20087,1
1828,1828,788.601731,20098,1
1829,1829,788.612865,20109,1
1830,1830,788.624004,20120,1
1831,1831,788.635137,20131,1
1832,1832,788.646275,20142,1
1833,1833,788.657412,20153,1
1834,1834,788.668548,20164,1
1835,1835,788.679684,20175,1
1836,1836,788.690821,20186,1
1837,1837,788.701956,20197,1
1838,1838,788.713098,20208,1
1839,1839,788.724228,20219,1
1840,1840,788.735363,20230,1
1841,1841,788.746501,20241,1
1842,1842,788.757638,20252,1
1843,1843,788.767762,20262,1
1844,1844,788.778898,20273,1
1845,1845,788.790034,20284,1
1846,1846,788.801169,20295,1
1847,1847,788.812306,20306,1
1848,1848,788.823442,20317,1
1849,1849,788.834576,20328,1
1850,1850,788.845714,20339,1
1851,1851,788.856849,20350,1
1852,1852,788.867987,20361,1
1853,1853,788.879123,20372,1
1854,1854,788.890258,20383,1
1855,1855,788.901396,20394,1
1856,1856,788.912532,20405,1
1857,1857,788.923668,20416,1
1858,1858,788.934803,20427,1
1859,1859,788.945940,20438,1
1860,1860,788.957075,20449,1
1861,1861,788.968211,20460,1
1862,1862,788.979348,20471,1
1863,1863,788.990483,20482,1
1864,1864,789.001622,20493,1
1865,1865,789.012757,20504,1
1866,1866,789.023894,20515,1
1867,1867,789.035029,20526,1
1868,1868,789.046164,20537,1
1869,1869,789.057303,20548,1
1870,1870,789.068439,20559,1
1871,1871,789.079574,20570,1
1872,1872,789.090709,20581,1
1873,1873,789.101845,20592,1
1874,1874,789.112984,20603,1
1875,1875,789.124117,20614,1
1876,1876,789.135255,20625,1
1877,1877,789.146392,20636,1
1878,1878,789.157526,20647,1
1879,1879,789.168663,20658,1
1880,1880,789.179800,20669,1
1881,1881,789.190937,20680,1
1882,1882,789.202073,20691,1
1883,1883,789.213209,20702,1
1884,1884,789.224346,20713,1
1885,1885,789.235482,20724,1
1886,1886,789.246618,20735,1
1887,1887,789.257753,20746,1
1888,1888,789.268888,20757,1
1889,1889,789.280026,20768,1
1890,1890,789.291162,20779,1
1891,1891,789.302299,20790,1
1892,1892,789.313434,20801,1
1893,1893,789.324569,20812,1
1894,1894,789.335707,20823,1
1895,1895,789.346843,20834,1
1896,1896,789.357977,20845,1
1897,1897,789.369114,20856,1
1898,1898,789.380251,20867,1
1899,1899,789.391388,20878,1
1900,1900,789.402525,20889,1
1901,1901,789.413660,20900,1
1902,1902,789.424795,20911,1
1903,1903,789.435933,20922,1
1904,1904,789.447070,20933,1
1905,1905,789.458204,20944,1
1906,1906,789.469342,20955,1
1907,1907,789.480478,20966,1
1908,1908,789.491614,20977,1
1909,1909,789.502748,20988,1
1910,1910,789.513885,20999,1
1911,1911,789.525023,21010,1
1912,1912,789.536157,21021,1
1913,1913,789.547294,21032,1
1914,1914,789.558431,21043,1
1915,1915,789.569568,21054,1
1916,1916,789.580704,21065,1
1917,1917,789.591840,21076,1
1918,1918,789.602976,21087,1
1919,1919,789.614110,21098,1
1920,1920,789.625248,21109,1
1921,1921,789.636384,21120,1
1922,1922,789.647519,21131,1
1923,1923,789.658654,21142,1
1924,1924,789.669793,21153,1
1925,1925,789.680927,21164,1
1926,1926,789.692064,21175,1
1927,1927,789.703202,21186,1
1928,1928,789.714336,21197,1
1929,1929,789.725473,21208,1
1930,1930,789.736608,21219,1
1931,1931,789.747746,21230,1
1932,1932,789.758882,21241,1
1933,1933,789.770017,21252,1
1934,1934,789.781154,21263,1
1935,1935,789.792292,21274,1
1936,1936,789.803426,21285,1
1937,1937,789.814564,21296,1
1938,1938,789.825697,21307,1
1939,1939,789.836835,21318,1
1940,1940,789.847970,21329,1
1941,1941,789.859107,21340,1
1942,1942,789.870242,21351,1
1943,1943,789.881379,21362,1
1944,1944,789.892516,21373,1
1945,1945,789.903651,21384,1
1946,1946,789.914788,21395,1
1947,1947,789.925925,21406,1
1948,1948,789.937059,21417,1
1949,1949,789.948197,21428,1
1950,1950,789.959333,21439,1
1951,1951,789.970469,21450,1
1952,1952,789.981605,21461,1
1953,1953,789.992741,21472,1
1954,1954,790.003879,21483,1
1955,1955,790.015013,21494,1
1956,1956,790.026149,21505,1
1957,1957,790.037287,21516,1
1958,1958,790.048424,21527,1
1959,1959,790.059559,21538,1
1960,1960,790.070695,21549,1
1961,1961,790.081831,21560,1
1962,1962,790.092969,21571,1
1963,1963,790.103099,21581,1
1964,1964,790.114228,21592,1
1965,1965,790.125364,21603,1
1966,1966,790.136500,21614,1
1967,1967,790.147635,21625,1
1968,1968,790.158771,21636,1
1969,1969,790.169907,21647,1
1970,1970,790.181043,21658,1
1971,1971,790.192181,21669,1
1972,1972,790.203316,21680,1
1973,1973,790.214452,21691,1
1974,1974,790.225588,21702,1
1975,1975,790.236726,21713,1
1976,1976,790.247861,21724,1
1977,1977,790.258998,21735,1
1978,1978,790.270133,21746,1
1979,1979,790.281269,21757,1
1980,1980,790.292405,21768,1
1981,1981,790.303544,21779,1
1982,1982,790.314680,21790,1
1983,1983,790.325816,21801,1
1984,1984,790.336951,21812,1
1985,1985,790.348096,21823,1
1986,1986,790.359224,21834,1
1987,1987,790.370360,21845,1
1988,1988,790.381496,21856,1
1989,1989,790.392631,21867,1
1990,1990,790.403769,21878,1
1991,1991,790.414904,21889,1
1992,1992,790.426041,21900,1
1993,1993,790.437176,21911,1
1994,1994,790.448312,21922,1
1995,1995,790.459448,21933,1
1996,1996,790.470586,21944,1
1997,1997,790.481721,21955,1
1998,1998,790.492858,21966,1
1999,1999,790.503995,21977,1
2000,2000,790.515130,21988,1
2001,2001,790.526268,21999,1
2002,2002,790.537403,22010,1
2003,2003,790.548540,22021,1
2004,2004,790.559674,22032,1
2005,2005,790.570810,22043,1
2006,2006,790.581947,22054,1
2007,2007,790.593095,22065,1
2008,2008,790.604221,22076,1
2009,2009,790.615357,22087,1
2010,2010,790.626492,22098,1
2011,2011,790.637627,22109,1
2012,2012,790.648763,22120,1
2013,2013,790.659901,22131,1
2014,2014,790.671036,22142,1
2015,2015,790.682172,22153,1
2016,2016,790.693310,22164,1
2017,2017,790.704446,22175,1
2018,2018,790.715581,22186,1
2019,2019,790.726718,22196,1
2020,2020,790.737855,22207,1
2021,2021,790.748989,22218,1
2022,2022,790.760125,22229,1
2023,2023,790.771264,22240,1
2024,2024,790.782399,22251,1
2025,2025,790.793534,22262,1
2026,2026,790.804671,22273,1
2027,2027,790.815808,22284,1
2028,2028,790.826944,22295,1
2029,2029,790.838079,22306,1
2030,2030,790.849217,22317,1
2031,2031,790.860353,22328,1
2032,2032,790.871489,22339,1
2033,2033,790.882623,22350,1
2034,2034,790.893759,22361,1
2035,2035,790.904895,22372,1
2036,2036,790.916034,22383,1
2037,2037,790.927169,22394,1
2038,2038,790.938304,22405,1
2039,2039,790.949443,22416,1
2040,2040,790.960577,22427,1
2041,2041,790.971714,22438,1
2042,2042,790.982851,22449,1
2043,2043,790.993986,22460,1
2044,2044,791.005121,22471,1
2045,2045,791.016258,22482,1
2046,2046,791.027395,22493,1
2047,2047,791.038530,22504,1
2048,2048,791.049666,22515,1
2049,2049,791.060802,22526,1
2050,2050,791.071938,22537,1
2051,2051,791.083075,22548,1
2052,2052,791.094212,22559,1
2053,2053,791.105347,22570,1
2054,2054,791.116486,22581,1
2055,2055,791.127620,22592,1
2056,2056,791.138757,22603,1
2057,2057,791.149894,22614,1
2058,2058,791.161029,22625,1
2059,2059,791.172166,22636,1
2060,2060,791.183302,22647,1
2061,2061,791.194438,22658,1
2062,2062,791.205573,22669,1
2063,2063,791.216709,22680,1
2064,2064,791.227847,22691,1
2065,2065,791.238983,22702,1
2066,2066,791.250119,22713,1
2067,2067,791.261256,22724,1
2068,2068,791.272392,22735,1
2069,2069,791.283528,22746,1
2070,2070,791.294663,22757,1
2071,2071,791.305799,22768,1
2072,2072,791.316937,22779,1
2073,2073,791.328072,22790,1
2074,2074,791.339208,22801,1
2075,2075,791.350345,22812,1
2076,2076,791.361482,22823,1
2077,2077,791.372617,22834,1
2078,2078,791.383752,22845,1
2079,2079,791.394889,22856,1
2080,2080,791.406026,22867,1
2081,2081,791.417162,22878,1
2082,2082,791.428299,22889,1
2083,2083,791.439435,22900,1
2084,2084,791.449557,22910,1
2085,2085,791.460694,22921,1
2086,2086,791.471830,22932,1
2087,2087,791.482967,22943,1
2088,2088,791.494104,22954,1
2089,2089,791.505239,22965,1
2090,2090,791.516375,22976,1
2091,2091,791.527512,22987,1
2092,2092,791.538648,22998,1
2093,2093,791.549784,23009,1
2094,2094,791.560920,23020,1
2095,2095,791.572055,23031,1
2096,2096,791.583193,23042,1
2097,2097,791.594327,23053,1
2098,2098,791.605465,23064,1
2099,2099,791.616601,23075,1
2100,2100,791.627735,23086,1
2101,2101,791.638874,23097,1
2102,2102,791.650009,23108,1
2103,2103,791.661146,23119,1
2104,2104,791.672282,23130,1
2105,2105,791.683419,23141,1
2106,2106,791.694555,23152,1
2107,2107,791.705689,23163,1
2108,2108,791.716825,23174,1
2109,2109,791.727964,23185,1
2110,2110,791.739101,23196,1
2111,2111,791.750236,23207,1
2112,2112,791.761370,23218,1
2113,2113,791.772506,23229,1
2114,2114,791.783643,23240,1
2115,2115,791.794780,23251,1
2116,2116,791.805916,23262,1
2117,2117,791.817051,23273,1
2118,2118,791.828189,23284,1
2119,2119,791.839325,23295,1
2120,2120,791.850462,23306,1
2121,2121,791.861595,23317,1
2122,2122,791.872732,23328,1
2123,2123,791.883868,23339,1
2124,2124,791.895006,23350,1
2125,2125,791.906142,23361,1
2126,2126,791.917278,23372,1
2127,2127,791.928413,23383,1
2128,2128,791.939549,23394,1
2129,2129,791.950687,23405,1
2130,2130,791.961824,23416,1
2131,2131,791.972959,23427,1
2132,2132,791.984101,23438,1
2133,2133,791.995230,23449,1
2134,2134,792.006367,23460,1
2135,2135,792.017502,23471,1
2136,2136,792.028641,23482,1
2137,2137,792.039776,23493,1
2138,2138,792.050911,23504,1
2139,2139,792.062049,23515,1
2140,2140,792.073184,23526,1
2141,2141,792.084322,23537,1
2142,2142,792.095456,23548,1
2143,2143,792.106594,23559,1
2144,2144,792.117729,23570,1
2145,2145,792.128864,23581,1
2146,2146,792.140000,23592,1
2147,2147,792.151139,23603,1
2148,2148,792.162274,23614,1
2149,2149,792.173411,23625,1
2150,2150,792.184545,23636,1
2151,2151,792.195682,23647,1
2152,2152,792.206820,23658,1
2153,2153,792.217956,23669,1
2154,2154,792.229096,23680,1
2155,2155,792.240227,23691,1
2156,2156,792.251364,23702,1
2157,2157,792.262501,23713,1
2158,2158,792.273635,23724,1
2159,2159,792.284771,23735,1
2160,2160,792.295908,23746,1
2161,2161,792.307043,23757,1
2162,2162,792.318182,23768,1
2163,2163,792.329317,23779,1
2164,2164,792.340452,23790,1
2165,2165,792.351590,23801,1
2166,2166,792.362726,23812,1
2167,2167,792.373862,23823,1
2168,2168,792.384999,23834,1
2169,2169,792.396134,23845,1
2170,2170,792.407271,23856,1
2171,2171,792.418405,23867,1
2172,2172,792.429542,23878,1
2173,2173,792.440680,23889,1
2174,2174,792.451816,23900,1
2175,2175,792.462952,23911,1
2176,2176,792.474100,23922,1
2177,2177,792.485225,23933,1
2178,2178,792.496360,23944,1
2179,2179,792.507497,23955,1
2180,2180,792.518631,23966,1
2181,2181,792.529769,23977,1
2182,2182,792.540903,23988,1
2183,2183,792.552041,23999,1
2184,2184,792.563176,24010,1
2185,2185,792.574314,24021,1
2186,2186,792.585450,24032,1
2187,2187,792.596586,24043,1
2188,2188,792.607721,24054,1
2189,2189,792.618859,24065,1
2190,2190,792.629993,24076,1
2191,2191,792.641129,24087,1
2192,2192,792.652266,24098,1
2193,2193,792.663403,24109,1
2194,2194,792.674540,24120,1
2195,2195,792.685675,24131,1
2196,2196,792.696810,24142,1
2197,2197,792.707948,24153,1
2198,2198,792.719095,24164,1
2199,2199,792.730221,24175,1
2200,2200,792.741356,24186,1
2201,2201,792.752491,24197,1
2202,2202,792.763629,24208,1
2203,2203,792.774765,24219,1
2204,2204,792.784889,24229,1
2205,2205,792.796024,24240,1
2206,2206,792.807160,24251,1
2207,2207,792.818297,24262,1
2208,2208,792.829434,24273,1
2209,2209,792.840569,24284,1
2210,2210,792.851704,24295,1
2211,2211,792.862842,24306,1
2212,2212,792.873976,24317,1
2213,2213,792.885113,24328,1
2214,2214,792.896251,24339,1
2215,2215,792.907386,24350,1
2216,2216,792.918524,24361,1
2217,2217,792.929660,24372,1
2218,2218,792.940795,24383,1
2219,2219,792.951930,24394,1
2220,2220,792.963067,24405,1
2221,2221,792.974204,24416,1
2222,2222,792.985339,24427,1
2223,2223,792.996477,24438,1
2224,2224,793.007613,24449,1
2225,2225,793.018749,24460,1
2226,2226,793.029885,24471,1
2227,2227,793.041022,24482,1
2228,2228,793.052158,24493,1
2229,2229,793.063293,24504,1
2230,2230,793.074429,24515,1
2231,2231,793.085565,24526,1
2232,2232,793.096701,24537,1
2233,2233,793.107839,24548,1
2234,2234,793.118974,24559,1
2235,2235,793.130109,24570,1
2236,2236,793.141247,24581,1
2237,2237,793.152382,24592,1
2238,2238,793.163520,24603,1
2239,2239,793.174655,24614,1
2240,2240,793.185791,24625,1
2241,2241,793.196926,24636,1
2242,2242,793.208065,24647,1
2243,2243,793.219198,24658,1
2244,2244,793.230337,24669,1
2245,2245,793.241473,24680,1
2246,2246,793.252609,24691,1
2247,2247,793.263743,24702,1
2248,2248,793.274880,24713,1
2249,2249,793.286018,24724,1
2250,2250,793.297153,24735,1
2251,2251,793.308290,24746,1
2252,2252,793.319424,24757,1
2253,2253,793.330563,24768,1
2254,2254,793.341697,24779,1
2255,2255,793.352833,24790,1
2256,2256,793.363971,24801,1
2257,2257,793.375107,24812,1
2258,2258,793.386244,24823,1
2259,2259,793.397380,24834,1
2260,2260,793.408515,24845,1
2261,2261,793.419651,24856,1
2262,2262,793.430788,24867,1
2263,2263,793.441924,24878,1
2264,2264,793.453061,24889,1
2265,2265,793.464196,24900,1
2266,2266,793.475333,24911,1
2267,2267,793.486469,24922,1
2268,2268,793.497604,24933,1
2269,2269,793.508742,24944,1
2270,2270,793.519876,24955,1
2271,2271,793.531012,24966,1
2272,2272,793.542149,24977,1
2273,2273,793.553284,24988,1
2274,2274,793.564420,24999,1
2275,2275,793.575557,25010,1
2276,2276,793.586694,25021,1
2277,2277,793.597830,25032,1
2278,2278,793.608967,25043,1
2279,2279,793.620103,25054,1
2280,2280,793.631237,25065,1
2281,2281,793.642374,25076,1
2282,2282,793.653510,25087,1
2283,2283,793.664647,25098,1
2284,2284,793.675784,25109,1
2285,2285,793.686919,25120,1
2286,2286,793.698056,25131,1
2287,2287,793.709191,25142,1
2288,2288,793.720327,25153,1
2289,2289,793.731466,25164,1
2290,2290,793.742600,25175,1
2291,2291,793.753736,25186,1
2292,2292,793.764873,25197,1
2293,2293,793.776010,25208,1
2294,2294,793.787146,25219,1
2295,2295,793.798282,25230,1
2296,2296,793.809417,25241,1
2297,2297,793.820555,25252,1
2298,2298,793.831691,25263,1
2299,2299,793.842828,25274,1
2300,2300,793.853961,25285,1
2301,2301,793.865098,25296,1
2302,2302,793.876235,25307,1
2303,2303,793.887372,25318,1
2304,2304,793.898507,25329,1
2305,2305,793.909644,25340,1
2306,2306,793.920780,25351,1
2307,2307,793.931914,25362,1
2308,2308,793.943052,25373,1
2309,2309,793.954189,25384,1
2310,2310,793.965325,25395,1
2311,2311,793.976462,25406,1
2312,2312,793.987598,25417,1
2313,2313,793.998733,25428,1
2314,2314,794.009868,25439,1
2315,2315,794.021005,25450,1
2316,2316,794.032143,25461,1
2317,2317,794.043276,25472,1
2318,2318,794.054413,25483,1
2319,2319,794.065550,25494,1
2320,2320,794.076686,25505,1
2321,2321,794.087824,25516,1
2322,2322,794.098960,25527,1
2323,2323,794.110104,25538,1
2324,2324,794.120218,25548,1
2325,2325,794.131354,25559,1
2326,2326,794.142491,25570,1
2327,2327,794.153627,25581,1
2328,2328,794.164762,25592,1
2329,2329,794.175901,25603,1
2330,2330,794.187035,25614,1
2331,2331,794.198171,25625,1
2332,2332,794.209309,25636,1
2333,2333,794.220444,25647,1
2334,2334,794.231582,25658,1
2335,2335,794.242718,25669,1
2336,2336,794.253853,25680,1
2337,2337,794.264988,25691,1
2338,2338,794.276124,25702,1
2339,2339,794.287262,25713,1
2340,2340,794.298398,25724,1
2341,2341,794.309533,25735,1
2342,2342,794.320670,25746,1
2343,2343,794.331806,25757,1
2344,2344,794.342943,25768,1
2345,2345,794.354079,25779,1
2346,2346,794.365216,25790,1
2347,2347,794.376350,25801,1
2348,2348,794.387487,25812,1
2349,2349,794.398625,25823,1
2350,2350,794.409758,25834,1
2351,2351,794.420897,25845,1
2352,2352,794.432032,25856,1
2353,2353,794.443167,25867,1
2354,2354,794.454304,25878,1
2355,2355,794.465440,25889,1
2356,2356,794.476577,25900,1
2357,2357,794.487714,25911,1
2358,2358,794.498848,25922,1
2359,2359,794.509986,25933,1
2360,2360,794.521122,25944,1
2361,2361,794.532259,25955,1
2362,2362,794.543393,25966,1
2363,2363,794.554529,25977,1
2364,2364,794.565665,25988,1
2365,2365,794.576803,25999,1
2366,2366,794.587940,26010,1
2367,2367,794.599073,26021,1
2368,2368,794.610212,26032,1
2369,2369,794.621346,26043,1
2370,2370,794.632483,26054,1
2371,2371,794.643621,26065,1
2372,2372,794.654754,26076,1
2373,2373,794.665891,26087,1
2374,2374,794.677027,26098,1
2375,2375,794.688163,26109,1
2376,2376,794.699299,26120,1
2377,2377,794.710435,26131,1
2378,2378,794.721573,26142,1
2379,2379,794.732708,26153,1
2380,2380,794.743846,26164,1
2381,2381,794.754982,26175,1
2382,2382,794.766116,26186,1
2383,2383,794.777253,26197,1
2384,2384,794.788389,26208,1
2385,2385,794.799526,26219,1
2386,2386,794.810662,26230,1
2387,2387,794.821799,26241,1
2388,2388,794.832935,26252,1
2389,2389,794.844071,26263,1
2390,2390,794.855208,26274,1
2391,2391,794.866342,26285,1
2392,2392,794.877478,26296,1
2393,2393,794.888617,26307,1
2394,2394,794.899752,26318,1
2395,2395,794.910887,26329,1
2396,2396,794.922025,26340,1
2397,2397,794.933161,26351,1
2398,2398,794.944297,26362,1
2399,2399,794.955434,26373,1
2400,2400,794.966569,26384,1
2401,2401,794.977706,26395,1
2402,2402,794.988840,26406,1
2403,2403,794.999979,26417,1
2404,2404,795.011115,26428,1
2405,2405,795.022251,26439,1
2406,2406,795.033388,26450,1
2407,2407,795.044523,26461,1
2408,2408,795.055659,26472,1
2409,2409,795.066793,26483,1
2410,2410,795.077930,26494,1
2411,2411,795.089066,26505,1
2412,2412,795.100203,26516,1
2413,2413,795.111338,26527,1
2414,2414,795.122476,26538,1
2415,2415,795.133612,26549,1
2416,2416,795.144749,26560,1
2417,2417,795.155885,26571,1
2418,2418,795.167019,26582,1
2419,2419,795.178157,26593,1
2420,2420,795.189292,26604,1
2421,2421,795.200428,26615,1
2422,2422,795.211565,26626,1
2423,2423,795.222702,26637,1
2424,2424,795.233837,26648,1
2425,2425,795.244974,26659,1
2426,2426,795.256111,26670,1
2427,2427,795.267245,26681,1
2428,2428,795.278382,26692,1
2429,2429,795.289519,26703,1
2430,2430,795.300654,26714,1
2431,2431,795.311791,26725,1
2432,2432,795.322926,26736,1
2433,2433,795.334062,26747,1
2434,2434,795.345201,26758,1
2435,2435,795.356335,26769,1
2436,2436,795.367473,26780,1
2437,2437,795.378609,26791,1
2438,2438,795.389743,26802,1
2439,2439,795.400882,26813,1
2440,2440,795.412018,26824,1
2441,2441,795.423152,26835,1
2442,2442,795.434288,26846,1
2443,2443,795.445425,26857,1
2444,2444,795.456562,26868,1
2445,2445,795.466684,26878,1
2446,2446,795.477821,26889,1
2447,2447,795.488959,26900,1
2448,2448,795.500099,26911,1
2449,2449,795.511231,26922,1
2450,2450,795.522366,26933,1
2451,2451,795.533503,26944,1
2452,2452,795.544638,26955,1
2453,2453,795.555775,26966,1
2454,2454,795.566911,26977,1
2455,2455,795.578048,26988,1
2456,2456,795.589184,26999,1
2457,2457,795.600320,27010,1
2458,2458,795.611456,27021,1
2459,2459,795.622593,27032,1
2460,2460,795.633729,27043,1
2461,2461,795.644863,27054,1
2462,2462,795.656000,27065,1
2463,2463,795.667136,27076,1
2464,2464,795.678272,27087,1
2465,2465,795.689410,27098,1
2466,2466,795.700545,27109,1
2467,2467,795.711682,27120,1
2468,2468,795.722819,27130,1
2469,2469,795.733955,27141,1
2470,2470,795.745098,27152,1
2471,2471,795.756227,27163,1
2472,2472,795.767361,27174,1
2473,2473,795.778499,27185,1
2474,2474,795.789635,27196,1
2475,2475,795.800771,27207,1
2476,2476,795.811909,27218,1
2477,2477,795.823042,27229,1
2478,2478,795.834180,27240,1
2479,2479,795.845314,27251,1
2480,2480,795.856452,27262,1
2481,2481,795.867588,27273,1
2482,2482,795.878724,27284,1
2483,2483,795.889862,27295,1
2484,2484,795.900997,27306,1
2485,2485,795.912132,27317,1
2486,2486,795.923268,27328,1
2487,2487,795.934406,27339,1
2488,2488,795.945543,27350,1
2489,2489,795.956678,27361,1
2490,2490,795.967814,27372,1
2491,2491,795.978949,27383,1
2492,2492,795.990098,27394,1
2493,2493,796.001222,27405,1
2494,2494,796.012359,27416,1
2495,2495,796.023495,27427,1
2496,2496,796.034632,27438,1
2497,2497,796.045768,27449,1
2498,2498,796.056902,27460,1
2499,2499,796.068040,27471,1
2500,2500,796.079176,27482,1
2501,2501,796.090311,27493,1
2502,2502,796.101448,27504,1
2503,2503,796.112583,27515,1
2504,2504,796.123719,27526,1
2505,2505,796.134858,27537,1
2506,2506,796.145992,27548,1
2507,2507,796.157128,27559,1
2508,2508,796.168265,27570,1
2509,2509,796.179401,27581,1
2510,2510,796.190537,27592,1
2511,2511,796.201675,27603,1
2512,2512,796.212811,27614,1
2513,2513,796.223946,27625,1
2514,2514,796.235081,27636,1
2515,2515,796.246220,27647,1
2516,2516,796.257355,27658,1
2517,2517,796.268491,27669,1
2518,2518,796.279627,27680,1
2519,2519,796.290762,27691,1
2520,2520,796.301899,27702,1
2521,2521,796.313037,27713,1
2522,2522,796.324173,27724,1
2523,2523,796.335308,27735,1
2524,2524,796.346443,27746,1
2525,2525,796.357581,27757,1
2526,2526,796.368718,27768,1
2527,2527,796.379852,27779,1
2528,2528,796.390988,27790,1
2529,2529,796.402124,27801,1
2530,2530,796.413260,27812,1
2531,2531,796.424398,27823,1
2532,2532,796.435535,27834,1
2533,2533,796.446671,27845,1
2534,2534,796.457805,27856,1
2535,2535,796.468941,27867,1
2536,2536,796.480080,27878,1
2537,2537,796.491214,27889,1
2538,2538,796.502350,27900,1
2539,2539,796.513486,27911,1
2540,2540,796.524623,27922,1
2541,2541,796.535760,27933,1
2542,2542,796.546897,27944,1
2543,2543,796.558033,27955,1
2544,2544,796.569169,27966,1
2545,2545,796.580303,27977,1
2546,2546,796.591441,27988,1
2547,2547,796.602577,27999,1
2548,2548,796.613713,28010,1
2549,2549,796.624850,28021,1
2550,2550,796.635985,28032,1
2551,2551,796.647122,28043,1
2552,2552,796.658256,28054,1
2553,2553,796.669394,28065,1
2554,2554,796.680529,28076,1
2555,2555,796.691665,28087,1
2556,2556,796.702804,28098,1
2557,2557,796.713938,28109,1
2558,2558,796.725076,28120,1
2559,2559,796.736210,28131,1
2560,2560,796.747347,28142,1
2561,2561,796.758484,28153,1
2562,2562,796.769621,28164,1
2563,2563,796.780754,28175,1
2564,2564,796.791893,28186,1
2565,2565,796.802016,28196,1
2566,2566,796.813151,28207,1
2567,2567,796.824287,28218,1
2568,2568,796.835424,28229,1
2569,2569,796.846562,28240,1
2570,2570,796.857697,28251,1
2571,2571,796.868832,28262,1
2572,2572,796.879969,28273,1
2573,2573,796.891105,28284,1
2574,2574,796.902240,28295,1
2575,2575,796.913376,28306,1
2576,2576,796.924513,28317,1
2577,2577,796.935650,28328,1
2578,2578,796.946787,28339,1
2579,2579,796.957924,28350,1
2580,2580,796.969058,28361,1
2581,2581,796.980193,28372,1
2582,2582,796.991330,28383,1
2583,2583,797.002469,28394,1
2584,2584,797.013603,28405,1
2585,2585,797.024740,28416,1
2586,2586,797.035874,28427,1
2587,2587,797.047011,28438,1
2588,2588,797.058148,28449,1
2589,2589,797.069283,28460,1
2590,2590,797.080421,28471,1
2591,2591,797.091558,28482,1
2592,2592,797.102693,28493,1
2593,2593,797.113830,28504,1
2594,2594,797.124967,28515,1
2595,2595,797.136100,28526,1
2596,2596,797.147238,28537,1
2597,2597,797.158373,28548,1
2598,2598,797.169510,28559,1
2599,2599,797.180645,28570,1
2600,2600,797.191781,28581,1
2601,2601,797.202918,28592,1
2602,2602,797.214054,28603,1
2603,2603,797.225190,28614,1
2604,2604,797.236327,28625,1
2605,2605,797.247463,28636,1
2606,2606,797.258601,28647,1
2607,2607,797.269736,28658,1
2608,2608,797.280872,28669,1
2609,2609,797.292009,28680,1
2610,2610,797.303143,28691,1
2611,2611,797.314280,28702,1
2612,2612,797.325417,28713,1
2613,2613,797.336553,28724,1
2614,2614,797.347690,28735,1
2615,2615,797.358824,28746,1
2616,2616,797.369961,28757,1
2617,2617,797.381098,28768,1
2618,2618,797.392234,28779,1
2619,2619,797.403369,28790,1
2620,2620,797.414507,28801,1
2621,2621,797.425642,28812,1
2622,2622,797.436778,28823,1
2623,2623,797.447915,28834,1
2624,2624,797.459052,28845,1
2625,2625,797.470186,28856,1
2626,2626,797.481324,28867,1
2627,2627,797.492460,28878,1
2628,2628,797.503594,28889,1
2629,2629,797.514733,28900,1
2630,2630,797.525867,28911,1
2631,2631,797.537005,28922,1
2632,2632,797.548141,28933,1
2633,2633,797.559277,28944,1
2634,2634,797.570413,28955,1
2635,2635,797.581549,28966,1
2636,2636,797.592686,28977,1
2637,2637,797.603820,28988,1
2638,2638,797.614956,28999,1
2639,2639,797.626104,29010,1
2640,2640,797.637229,29021,1
2641,2641,797.648365,29032,1
2642,2642,797.659503,29043,1
2643,2643,797.670640,29054,1
2644,2644,797.681773,29065,1
2645,2645,797.692910,29076,1
2646,2646,797.704048,29087,1
2647,2647,797.715183,29098,1
2648,2648,797.726320,29109,1
2649,2649,797.737457,29120,1
2650,2650,797.748591,29131,1
2651,2651,797.759727,29142,1
2652,2652,797.770865,29153,1
2653,2653,797.782000,29164,1
2654,2654,797.793136,29175,1
2655,2655,797.804274,29186,1
2656,2656,797.815409,29197,1
2657,2657,797.826546,29208,1
2658,2658,797.837681,29219,1
2659,2659,797.848818,29230,1
2660,2660,797.859953,29241,1
2661,2661,797.871098,29252,1
2662,2662,797.882227,29263,1
2663,2663,797.893361,29274,1
2664,2664,797.904499,29285,1
2665,2665,797.915634,29296,1
2666,2666,797.926770,29307,1
2667,2667,797.937907,29318,1
2668,2668,797.949044,29329,1
2669,2669,797.960178,29340,1
2670,2670,797.971316,29351,1
2671,2671,797.982451,29362,1
2672,2672,797.993589,29373,1
2673,2673,798.004723,29384,1
2674,2674,798.015859,29395,1
2675,2675,798.026996,29406,1
2676,2676,798.038132,29417,1
2677,2677,798.049268,29428,1
2678,2678,798.060406,29439,1
2679,2679,798.071542,29450,1
2680,2680,798.082676,29461,1
2681,2681,798.093813,29472,1
2682,2682,798.104950,29483,1
2683,2683,798.116095,29494,1
2684,2684,798.127223,29505,1
2685,2685,798.137345,29515,1
2686,2686,798.148481,29526,1
2687,2687,798.159619,29537,1
2688,2688,798.170753,29548,1
2689,2689,798.181889,29559,1
2690,2690,798.193026,29570,1
2691,2691,798.204163,29581,1
2692,2692,798.215299,29592,1
2693,2693,798.226437,29603,1
2694,2694,798.237572,29614,1
2695,2695,798.248707,29625,1
2696,2696,798.259844,29636,1
2697,2697,798.270980,29647,1
2698,2698,798.282118,29658,1
2699,2699,798.293254,29669,1
2700,2700,798.304389,29680,1
2701,2701,798.315525,29691,1
2702,2702,798.326662,29702,1
2703,2703,798.337798,29713,1
2704,2704,798.348933,29724,1
2705,2705,798.360069,29735,1
2706,2706,798.371205,29746,1
2707,2707,798.382343,29757,1
2708,2708,798.393480,29768,1
2709,2709,798.404616,29779,1
2710,2710,798.415752,29790,1
2711,2711,798.426886,29801,1
2712,2712,798.438024,29812,1
2713,2713,798.449160,29823,1
2714,2714,798.460296,29834,1
2715,2715,798.471432,29845,1
2716,2716,798.482569,29856,1
2717,2717,798.493704,29867,1
2718,2718,798.504840,29878,1
2719,2719,798.515978,29889,1
2720,2720,798.527114,29900,1
2721,2721,798.538250,29911,1
2722,2722,798.549386,29922,1
2723,2723,798.560522,29933,1
2724,2724,798.571658,29944,1
2725,2725,798.582793,29955,1
2726,2726,798.593929,29966,1
2727,2727,798.605065,29977,1
2728,2728,798.616201,29988,1
2729,2729,798.627339,29999,1
2730,2730,798.638476,30010,1
2731,2731,798.649609,30021,1
2732,2732,798.660746,30032,1
2733,2733,798.671882,30043,1
2734,2734,798.683020,30054,1
2735,2735,798.694156,30065,1
2736,2736,798.705293,30076,1
2737,2737,798.716429,30087,1
2738,2738,798.727563,30098,1
2739,2739,798.738700,30109,1
2740,2740,798.749838,30120,1
2741,2741,798.760972,30131,1
2742,2742,798.772109,30142,1
2743,2743,798.783246,30153,1
2744,2744,798.794383,30164,1
2745,2745,798.805519,30175,1
2746,2746,798.816653,30186,1
2747,2747,798.827791,30197,1
2748,2748,798.838926,30208,1
2749,2749,798.850063,30219,1
2750,2750,798.861199,30230,1
2751,2751,798.872335,30241,1
2752,2752,798.883471,30252,1
2753,2753,798.894606,30263,1
2754,2754,798.905744,30274,1
2755,2755,798.916878,30285,1
2756,2756,798.928015,30296,1
2757,2757,798.939152,30307,1
2758,2758,798.950289,30318,1
2759,2759,798.961424,30329,1
2760,2760,798.972559,30340,1
2761,2761,798.983698,30351,1
2762,2762,798.994834,30362,1
2763,2763,799.005968,30373,1
2764,2764,799.017105,30384,1
2765,2765,799.028240,30395,1
2766,2766,799.039377,30406,1
2767,2767,799.050512,30417,1
2768,2768,799.061651,30428,1
2769,2769,799.072787,30439,1
2770,2770,799.083921,30450,1
2771,2771,799.095058,30461,1
2772,2772,799.106196,30472,1
2773,2773,799.117331,30483,1
2774,2774,799.128467,30494,1
2775,2775,799.139602,30505,1
2776,2776,799.150738,30516,1
2777,2777,799.161874,30527,1
2778,2778,799.173013,30538,1
2779,2779,799.184149,30549,1
2780,2780,799.195285,30560,1
2781,2781,799.206420,30571,1
2782,2782,799.217558,30582,1
2783,2783,799.228694,30593,1
2784,2784,799.239828,30604,1
2785,2785,799.250965,30615,1
2786,2786,799.262105,30626,1
2787,2787,799.273238,30637,1
2788,2788,799.284375,30648,1
2789,2789,799.295510,30659,1
2790,2790,799.306645,30670,1
2791,2791,799.317783,30681,1
2792,2792,799.328918,30692,1
2793,2793,799.340055,30703,1
2794,2794,799.351191,30714,1
2795,2795,799.362328,30725,1
2796,2796,799.373462,30736,1
2797,2797,799.384601,30747,1
2798,2798,799.395734,30758,1
2799,2799,799.406871,30769,1
2800,2800,799.418009,30780,1
2801,2801,799.429144,30791,1
2802,2802,799.440280,30802,1
2803,2803,799.451417,30813,1
2804,2804,799.462554,30824,1
2805,2805,799.473688,30835,1
2806,2806,799.483813,30845,1
2807,2807,799.494947,30856,1
2808,2808,799.506095,30867,1
2809,2809,799.517221,30878,1
2810,2810,799.528357,30889,1
2811,2811,799.539494,30900,1
2812,2812,799.550631,30911,1
2813,2813,799.561766,30922,1
2814,2814,799.572901,30933,1
2815,2815,799.584039,30944,1
2816,2816,799.595176,30955,1
2817,2817,799.606310,30966,1
2818,2818,799.617448,30977,1
2819,2819,799.628582,30988,1
2820,2820,799.639719,30999,1
2821,2821,799.650854,31010,1
2822,2822,799.661990,31021,1
2823,2823,799.673129,31032,1
2824,2824,799.684263,31043,1
2825,2825,799.695401,31054,1
2826,2826,799.706538,31065,1
2827,2827,799.717672,31076,1
2828,2828,799.728810,31087,1
2829,2829,799.739946,31098,1
2830,2830,799.751080,31109,1
2831,2831,799.762218,31120,1
2832,2832,799.773354,31131,1
2833,2833,799.784489,31142,1
2834,2834,799.795626,31153,1
2835,2835,799.806763,31164,1
2836,2836,799.817897,31175,1
2837,2837,799.829035,31186,1
2838,2838,799.840172,31197,1
2839,2839,799.851306,31208,1
2840,2840,799.862444,31219,1
2841,2841,799.873578,31230,1
2842,2842,799.884716,31241,1
2843,2843,799.895851,31252,1
2844,2844,799.906988,31263,1
2845,2845,799.918125,31274,1
2846,2846,799.929261,31285,1
2847,2847,799.940397,31296,1
2848,2848,799.951531,31307,1
2849,2849,799.962670,31318,1
2850,2850,799.973805,31329,1
2851,2851,799.984940,31340,1
2852,2852,799.996078,31351,1
2853,2853,800.007213,31362,1
2854,2854,800.018351,31373,1
2855,2855,800.029485,31384,1
2856,2856,800.040621,31395,1
2857,2857,800.051758,31406,1
2858,2858,800.062895,31417,1
2859,2859,800.074031,31428,1
2860,2860,800.085167,31439,1
2861,2861,800.096304,31450,1
2862,2862,800.107438,31461,1
2863,2863,800.118577,31472,1
2864,2864,800.129712,31483,1
2865,2865,800.140848,31494,1
2866,2866,800.151985,31505,1
2867,2867,800.163121,31516,1
2868,2868,800.174255,31527,1
2869,2869,800.185394,31538,1
2870,2870,800.196530,31549,1
2871,2871,800.207664,31560,1
2872,2872,800.218800,31571,1
2873,2873,800.229938,31582,1
2874,2874,800.241074,31593,1
2875,2875,800.252208,31604,1
2876,2876,800.263345,31615,1
2877,2877,800.274483,31626,1
2878,2878,800.285617,31637,1
2879,2879,800.296755,31648,1
2880,2880,800.307889,31659,1
2881,2881,800.319025,31670,1
2882,2882,800.330164,31681,1
2883,2883,800.341298,31692,1
2884,2884,800.352434,31703,1
2885,2885,800.363572,31714,1
2886,2886,800.374709,31725,1
2887,2887,800.385844,31736,1
2888,2888,800.396981,31747,1
2889,2889,800.408117,31758,1
2890,2890,800.419254,31769,1
2891,2891,800.430390,31780,1
2892,2892,800.441526,31791,1
2893,2893,800.452662,31802,1
2894,2894,800.463797,31813,1
2895,2895,800.474933,31824,1
2896,2896,800.486071,31835,1
2897,2897,800.497206,31846,1
2898,2898,800.508343,31857,1
2899,2899,800.519479,31868,1
2900,2900,800.530613,31879,1
2901,2901,800.541752,31890,1
2902,2902,800.552888,31901,1
2903,2903,800.564022,31912,1
2904,2904,800.575159,31923,1
2905,2905,800.586296,31934,1
2906,2906,800.597430,31945,1
2907,2907,800.608567,31956,1
2908,2908,800.619704,31967,1
2909,2909,800.630839,31978,1
2910,2910,800.641977,31989,1
2911,2911,800.653112,32000,1
2912,2912,800.664250,32011,1
2913,2913,800.675383,32022,1
2914,2914,800.686521,32033,1
2915,2915,800.697657,32044,1
2916,2916,800.708794,32055,1
2917,2917,800.719929,32066,1
2918,2918,800.731066,32077,1
2919,2919,800.742201,32088,1
2920,2920,800.753337,32099,1
2921,2921,800.764473,32110,1
2922,2922,800.775612,32121,1
2923,2923,800.786748,32132,1
2924,2924,800.797883,32143,1
2925,2925,800.809019,32154,1
2926,2926,800.819142,32164,1
2927,2927,800.830280,32175,1
2928,2928,800.841415,32186,1
2929,2929,800.852553,32197,1
2930,2930,800.863688,32208,1
2931,2931,800.874824,32219,1
2932,2932,800.885959,32230,1
2933,2933,800.897098,32241,1
2934,2934,800.908231,32252,1
2935,2935,800.919370,32263,1
2936,2936,800.930504,32274,1
2937,2937,800.941642,32285,1
2938,2938,800.952777,32296,1
2939,2939,800.963912,32307,1
2940,2940,800.975048,32318,1
2941,2941,800.986185,32329,1
2942,2942,800.997321,32340,1
2943,2943,801.008459,32351,1
2944,2944,801.019594,32362,1
2945,2945,801.030731,32373,1
2946,2946,801.041868,32384,1
2947,2947,801.053002,32395,1
2948,2948,801.064138,32406,1
2949,2949,801.075276,32417,1
2950,2950,801.086412,32428,1
2951,2951,801.097549,32439,1
2952,2952,801.108685,32450,1
2953,2953,801.119821,32461,1
2954,2954,801.130956,32472,1
2955,2955,801.142099,32483,1
2956,2956,801.153227,32494,1
2957,2957,801.164366,32505,1
2958,2958,801.175500,32516,1
2959,2959,801.186637,32527,1
2960,2960,801.197774,32538,1
2961,2961,801.208910,32549,1
2962,2962,801.220046,32560,1
2963,2963,801.231183,32571,1
2964,2964,801.242317,32582,1
2965,2965,801.253455,32593,1
2966,2966,801.264592,32604,1
2967,2967,801.275726,32615,1
2968,2968,801.286864,32626,1
2969,2969,801.297998,32637,1
2970,2970,801.309134,32648,1
2971,2971,801.320272,32659,1
2972,2972,801.331406,32670,1
2973,2973,801.342544,32681,1
2974,2974,801.353679,32692,1
2975,2975,801.364817,32703,1
2976,2976,801.375953,32714,1
2977,2977,801.387096,32725,1
2978,2978,801.398223,32736,1
2979,2979,801.409361,32747,1
2980,2980,801.420496,32758,1
2981,2981,801.431634,32769,1
2982,2982,801.442770,32780,1
2983,2983,801.453906,32791,1
2984,2984,801.465042,32802,1
2985,2985,801.476178,32813,1
2986,2986,801.487314,32824,1
2987,2987,801.498451,32835,1
2988,2988,801.509588,32846,1
2989,2989,801.520722,32857,1
2990,2990,801.531859,32868,1
2991,2991,801.542994,32879,1
2992,2992,801.554133,32890,1
2993,2993,801.565269,32901,1
2994,2994,801.576405,32912,1
2995,2995,801.587539,32923,1
2996,2996,801.598677,32934,1
2997,2997,801.609811,32945,1
2998,2998,801.620950,32956,1
2999,2999,801.632096,32967,1
3000,3000,801.643220,32978,1
3001,3001,801.654356,32989,1
3002,3002,801.665493,33000,1
3003,3003,801.676630,33011,1
3004,3004,801.687766,33022,1
3005,3005,801.698902,33033,1
3006,3006,801.710039,33044,1
3007,3007,801.721175,33055,1
3008,3008,801.732311,33066,1
3009,3009,801.743445,33077,1
3010,3010,801.754583,33088,1
3011,3011,801.765720,33099,1
3012,3012,801.776856,33110,1
3013,3013,801.787993,33121,1
3014,3014,801.799128,33132,1
3015,3015,801.810265,33143,1
3016,3016,801.821399,33154,1
3017,3017,801.832536,33165,1
3018,3018,801.843673,33176,1
3019,3019,801.854807,33187,1
3020,3020,801.865946,33198,1
3021,3021,801.877080,33209,1
3022,3022,801.888216,33220,1
3023,3023,801.899352,33231,1
3024,3024,801.910488,33242,1
3025,3025,801.921626,33253,1
3026,3026,801.932762,33264,1
3027,3027,801.943898,33275,1
3028,3028,801.955034,33286,1
3029,3029,801.966169,33297,1
3030,3030,801.977306,33308,1
3031,3031,801.988443,33319,1
3032,3032,801.999579,33330,1
3033,3033,802.010715,33341,1
3034,3034,802.021852,33352,1
3035,3035,802.032987,33363,1
3036,3036,802.044125,33374,1
3037,3037,802.055261,33385,1
3038,3038,802.066395,33396,1
3039,3039,802.077532,33407,1
3040,3040,802.088669,33418,1
3041,3041,802.099805,33429,1
3042,3042,802.110940,33440,1
3043,3043,802.122077,33451,1
3044,3044,802.133214,33462,1
3045,3045,802.144349,33473,1
3046,3046,802.154473,33483,1
3047,3047,802.165608,33494,1
3048,3048,802.176747,33505,1
3049,3049,802.187881,33516,1
3050,3050,802.199018,33527,1
3051,3051,802.210155,33538,1
3052,3052,802.221291,33549,1
3053,3053,802.232425,33560,1
3054,3054,802.243564,33571,1
3055,3055,802.254699,33582,1
3056,3056,802.265835,33593,1
3057,3057,802.276971,33604,1
3058,3058,802.288108,33615,1
3059,3059,802.299245,33626,1
3060,3060,802.310379,33637,1
3061,3061,802.321515,33648,1
3062,3062,802.332653,33659,1
3063,3063,802.343789,33670,1
3064,3064,802.354926,33681,1
3065,3065,802.366061,33692,1
3066,3066,802.377196,33703,1
3067,3067,802.388334,33714,1
3068,3068,802.399470,33725,1
3069,3069,802.410606,33736,1
3070,3070,802.421741,33747,1
3071,3071,802.432879,33758,1
3072,3072,802.444013,33769,1
3073,3073,802.455150,33780,1
3074,3074,802.466287,33791,1
3075,3075,802.477423,33802,1
3076,3076,802.488559,33813,1
3077,3077,802.499696,33824,1
3078,3078,802.510832,33835,1
3079,3079,802.521967,33846,1
3080,3080,802.533103,33857,1
3081,3081,802.544239,33868,1
3082,3082,802.555377,33879,1
3083,3083,802.566513,33890,1
3084,3084,802.577649,33901,1
3085,3085,802.588786,33912,1
3086,3086,802.599920,33923,1
3087,3087,802.611058,33934,1
3088,3088,802.622193,33945,1
3089,3089,802.633330,33956,1
3090,3090,802.644467,33967,1
3091,3091,802.655602,33978,1
3092,3092,802.666736,33989,1
3093,3093,802.677875,34000,1
3094,3094,802.689011,34011,1
3095,3095,802.700146,34022,1
3096,3096,802.711281,34033,1
3097,3097,802.722419,34044,1
3098,3098,802.733554,34055,1
3099,3099,802.744692,34066,1
3100,3100,802.755828,34077,1
3101,3101,802.766963,34088,1
3102,3102,802.778098,34099,1
3103,3103,802.789235,34110,1
3104,3104,802.800373,34121,1
3105,3105,802.811508,34132,1
3106,3106,802.822644,34143,1
3107,3107,802.833780,34154,1
3108,3108,802.844916,34165,1
3109,3109,802.856052,34176,1
3110,3110,802.867189,34187,1
3111,3111,802.878324,34198,1
3112,3112,802.889462,34209,1
3113,3113,802.900596,34220,1
3114,3114,802.911735,34231,1
3115,3115,802.922870,34242,1
3116,3116,802.934006,34253,1
3117,3117,802.945144,34264,1
3118,3118,802.956279,34275,1
3119,3119,802.967416,34286,1
3120,3120,802.978550,34297,1
3121,3121,802.989687,34308,1
3122,3122,803.000823,34319,1
3123,3123,803.011959,34330,1
3124,3124,803.023099,34341,1
3125,3125,803.034231,34352,1
3126,3126,803.045368,34363,1
3127,3127,803.056506,34374,1
3128,3128,803.067642,34385,1
3129,3129,803.078776,34396,1
3130,3130,803.089912,34407,1
3131,3131,803.101048,34418,1
3132,3132,803.112184,34429,1
3133,3133,803.123322,34440,1
3134,3134,803.134459,34451,1
3135,3135,803.145595,34462,1
3136,3136,803.156731,34473,1
3137,3137,803.167868,34484,1
3138,3138,803.179001,34495,1
3139,3139,803.190138,34506,1
3140,3140,803.201275,34517,1
3141,3141,803.212412,34528,1
3142,3142,803.223547,34539,1
3143,3143,803.234684,34550,1
3144,3144,803.245820,34561,1
3145,3145,803.256957,34572,1
3146,3146,803.268097,34583,1
3147,3147,803.279229,34594,1
3148,3148,803.290363,34605,1
3149,3149,803.301500,34616,1
3150,3150,803.312636,34627,1
3151,3151,803.323773,34638,1
3152,3152,803.334909,34649,1
3153,3153,803.346044,34660,1
3154,3154,803.357182,34671,1
3155,3155,803.368319,34682,1
3156,3156,803.379455,34693,1
3157,3157,803.390591,34704,1
3158,3158,803.401727,34715,1
3159,3159,803.412862,34726,1
3160,3160,803.423998,34737,1
3161,3161,803.435136,34748,1
3162,3162,803.446270,34759,1
3163,3163,803.457407,34770,1
3164,3164,803.468545,34781,1
3165,3165,803.479680,34792,1
3166,3166,803.490815,34803,1
3167,3167,803.500938,34813,1
3168,3168,803.512076,34824,1
3169,3169,803.523212,34835,1
3170,3170,803.534348,34846,1
3171,3171,803.545485,34857,1
3172,3172,803.556621,34868,1
3173,3173,803.567757,34879,1
3174,3174,803.578893,34890,1
3175,3175,803.590028,34901,1
3176,3176,803.601164,34912,1
3177,3177,803.612303,34923,1
3178,3178,803.623438,34934,1
3179,3179,803.634574,34945,1
3180,3180,803.645711,34956,1
3181,3181,803.656845,34967,1
3182,3182,803.667981,34978,1
3183,3183,803.679119,34989,1
3184,3184,803.690254,35000,1
3185,3185,803.701391,35011,1
3186,3186,803.712527,35022,1
3187,3187,803.723662,35033,1
3188,3188,803.734799,35044,1
3189,3189,803.745934,35055,1
3190,3190,803.757072,35066,1
3191,3191,803.768209,35077,1
3192,3192,803.779345,35088,1
3193,3193,803.790482,35099,1
3194,3194,803.801615,35110,1
3195,3195,803.812754,35121,1
3196,3196,803.823889,35132,1
3197,3197,803.835026,35143,1
3198,3198,803.846162,35154,1
3199,3199,803.857299,35165,1
3200,3200,803.868433,35176,1
3201,3201,803.879569,35187,1
3202,3202,803.890705,35198,1
3203,3203,803.901843,35209,1
3204,3204,803.912979,35220,1
3205,3205,803.924116,35231,1
3206,3206,803.935250,35242,1
3207,3207,803.946387,35253,1
3208,3208,803.957524,35264,1
3209,3209,803.968660,35275,1
3210,3210,803.979796,35286,1
3211,3211,803.990931,35297,1
3212,3212,804.002069,35308,1
3213,3213,804.013203,35319,1
3214,3214,804.024339,35330,1
3215,3215,804.035478,35341,1
3216,3216,804.046614,35352,1
3217,3217,804.057748,35363,1
3218,3218,804.068885,35374,1
3219,3219,804.080022,35385,1
3220,3220,804.091159,35396,1
3221,3221,804.102294,35407,1
3222,3222,804.113431,35418,1
3223,3223,804.124567,35429,1
3224,3224,804.135702,35440,1
3225,3225,804.146839,35451,1
3226,3226,804.157975,35462,1
3227,3227,804.169111,35473,1
3228,3228,804.180248,35484,1
3229,3229,804.191382,35495,1
3230,3230,804.202518,35506,1
3231,3231,804.213657,35517,1
3232,3232,804.224792,35528,1
3233,3233,804.235928,35539,1
3234,3234,804.247065,35550,1
3235,3235,804.258200,35561,1
3236,3236,804.269337,35572,1
3237,3237,804.280474,35583,1
3238,3238,804.291610,35594,1
3239,3239,804.302744,35605,1
3240,3240,804.313882,35616,1
3241,3241,804.325018,35627,1
3242,3242,804.336154,35638,1
3243,3243,804.347291,35649,1
3244,3244,804.358426,35660,1
3245,3245,804.369563,35671,1
3246,3246,804.380700,35682,1
3247,3247,804.391835,35693,1
3248,3248,804.402969,35704,1
3249,3249,804.414106,35715,1
3250,3250,804.425244,35726,1
3251,3251,804.436380,35737,1
3252,3252,804.447517,35748,1
3253,3253,804.458650,35759,1
3254,3254,804.469788,35770,1
3255,3255,804.480925,35781,1
3256,3256,804.492061,35792,1
3257,3257,804.503196,35803,1
3258,3258,804.514334,35814,1
3259,3259,804.525470,35825,1
3260,3260,804.536606,35836,1
3261,3261,804.547741,35847,1
3262,3262,804.558877,35858,1
3263,3263,804.570013,35869,1
3264,3264,804.581151,35880,1
3265,3265,804.592286,35891,1
3266,3266,804.603423,35902,1
3267,3267,804.614557,35913,1
3268,3268,804.625695,35924,1
3269,3269,804.636829,35935,1
3270,3270,804.647967,35946,1
3271,3271,804.659102,35957,1
3272,3272,804.670239,35968,1
3273,3273,804.681376,35979,1
3274,3274,804.692512,35990,1
3275,3275,804.703646,36001,1
3276,3276,804.714784,36012,1
3277,3277,804.725920,36023,1
3278,3278,804.737058,36034,1
3279,3279,804.748193,36045,1
3280,3280,804.759330,36056,1
3281,3281,804.770465,36067,1
3282,3282,804.781600,36078,1
3283,3283,804.792736,36089,1
3284,3284,804.803874,36100,1
3285,3285,804.815010,36111,1
3286,3286,804.826145,36122,1
3287,3287,804.836270,36132,1
3288,3288,804.847407,36143,1
3289,3289,804.858543,36154,1
3290,3290,804.869678,36165,1
3291,3291,804.880813,36176,1
3292,3292,804.891949,36187,1
3293,3293,804.903096,36198,1
3294,3294,804.914223,36209,1
3295,3295,804.925360,36220,1
3296,3296,804.936496,36231,1
3297,3297,804.947631,36242,1
3298,3298,804.958766,36253,1
3299,3299,804.969905,36264,1
3300,3300,804.981040,36275,1
3301,3301,804.992177,36286,1
3302,3302,805.003313,36297,1
3303,3303,805.014450,36308,1
3304,3304,805.025585,36319,1
3305,3305,805.036721,36330,1
3306,3306,805.047858,36341,1
3307,3307,805.058992,36352,1
3308,3308,805.070128,36363,1
3309,3309,805.081265,36374,1
3310,3310,805.092403,36385,1
3311,3311,805.103539,36396,1
3312,3312,805.114673,36407,1
3313,3313,805.125812,36418,1
3314,3314,805.136946,36429,1
3315,3315,805.148095,36440,1
3316,3316,805.159218,36451,1
3317,3317,805.170355,36462,1
3318,3318,805.181491,36473,1
3319,3319,805.192629,36484,1
3320,3320,805.203763,36495,1
3321,3321,805.214899,36506,1
3322,3322,805.226037,36517,1
3323,3323,805.237173,36528,1
3324,3324,805.248308,36539,1
3325,3325,805.259444,36550,1
3326,3326,805.270582,36561,1
3327,3327,805.281717,36572,1
3328,3328,805.292854,36583,1
3329,3329,805.303991,36594,1
3330,3330,805.315126,36605,1
3331,3331,805.326261,36616,1
3332,3332,805.337397,36627,1
3333,3333,805.348535,36638,1
3334,3334,805.359672,36649,1
3335,3335,805.370807,36660,1
3336,3336,805.381943,36671,1
3337,3337,805.393078,36682,1
3338,3338,805.404216,36693,1
3339,3339,805.415351,36704,1
3340,3340,805.426488,36715,1
3341,3341,805.437625,36726,1
3342,3342,805.448760,36737,1
3343,3343,805.459897,36748,1
3344,3344,805.471031,36759,1
3345,3345,805.482167,36770,1
3346,3346,805.493303,36781,1
3347,3347,805.504440,36792,1
3348,3348,805.515576,36803,1
3349,3349,805.526712,36814,1
3350,3350,805.537851,36825,1
3351,3351,805.548987,36836,1
3352,3352,805.560121,36847,1
3353,3353,805.571258,36858,1
3354,3354,805.582395,36869,1
3355,3355,805.593531,36880,1
3356,3356,805.604667,36891,1
3357,3357,805.615803,36902,1
3358,3358,805.626938,36913,1
3359,3359,805.638076,36924,1
3360,3360,805.649210,36935,1
3361,3361,805.660348,36946,1
3362,3362,805.671483,36957,1
3363,3363,805.682619,36968,1
3364,3364,805.693756,36979,1
3365,3365,805.704894,36990,1
3366,3366,805.717785,37001,1
3367,3367,805.727166,37011,1
3368,3368,805.738299,37022,1
3369,3369,805.749436,37033,1
3370,3370,805.760573,37044,1
3371,3371,805.771711,37055,1
3372,3372,805.782845,37066,1
3373,3373,805.793982,37077,1
3374,3374,805.805119,37088,1
3375,3375,805.816253,37099,1
3376,3376,805.827391,37110,1
3377,3377,805.838526,37121,1
3378,3378,805.849664,37132,1
3379,3379,805.860798,37143,1
3380,3380,805.871934,37154,1
3381,3381,805.883070,37165,1
3382,3382,805.894206,37176,1
3383,3383,805.905345,37187,1
3384,3384,805.916479,37198,1
3385,3385,805.927615,37209,1
3386,3386,805.938752,37220,1
3387,3387,805.949890,37231,1
3388,3388,805.961026,37242,1
3389,3389,805.972159,37253,1
3390,3390,805.983296,37264,1
3391,3391,805.994432,37275,1
3392,3392,806.005568,37286,1
3393,3393,806.016706,37297,1
3394,3394,806.027842,37308,1
3395,3395,806.038979,37319,1
3396,3396,806.050115,37330,1
3397,3397,806.061249,37341,1
3398,3398,806.072387,37352,1
3399,3399,806.083524,37363,1
3400,3400,806.094659,37374,1
3401,3401,806.105794,37385,1
3402,3402,806.116930,37396,1
3403,3403,806.128068,37407,1
3404,3404,806.139204,37418,1
3405,3405,806.150339,37429,1
3406,3406,806.161476,37440,1
3407,3407,806.171600,37450,1
3408,3408,806.182737,37461,1
3409,3409,806.193872,37472,1
3410,3410,806.205007,37483,1
3411,3411,806.216146,37494,1
3412,3412,806.227280,37505,1
3413,3413,806.238417,37516,1
3414,3414,806.249554,37527,1
3415,3415,806.260690,37538,1
3416,3416,806.271824,37549,1
3417,3417,806.282963,37560,1
3418,3418,806.294099,37571,1
3419,3419,806.305235,37582,1
3420,3420,806.316369,37593,1
3421,3421,806.327508,37604,1
3422,3422,806.338644,37615,1
3423,3423,806.349780,37626,1
3424,3424,806.360916,37637,1
3425,3425,806.372050,37648,1
3426,3426,806.383186,37659,1
3427,3427,806.394325,37670,1
3428,3428,806.405461,37681,1
3429,3429,806.416597,37692,1
3430,3430,806.427731,37703,1
3431,3431,806.438868,37714,1
3432,3432,806.450004,37725,1
3433,3433,806.461141,37736,1
3434,3434,806.472277,37747,1
3435,3435,806.483412,37758,1
3436,3436,806.494550,37769,1
3437,3437,806.505686,37780,1
3438,3438,806.516822,37791,1
3439,3439,806.527958,37802,1
3440,3440,806.539101,37813,1
3441,3441,806.550230,37824,1
3442,3442,806.561365,37835,1
3443,3443,806.572503,37846,1
3444,3444,806.583640,37857,1
3445,3445,806.594774,37868,1
3446,3446,806.605910,37879,1
3447,3447,806.617048,37890,1
3448,3448,806.628183,37901,1
3449,3449,806.639320,37912,1
3450,3450,806.650457,37923,1
3451,3451,806.661591,37934,1
3452,3452,806.672727,37945,1
3453,3453,806.683865,37956,1
3454,3454,806.695001,37967,1
3455,3455,806.706135,37978,1
3456,3456,806.717273,37989,1
3457,3457,806.728408,38000,1
3458,3458,806.739544,38011,1
3459,3459,806.750681,38022,1
3460,3460,806.761818,38033,1
3461,3461,806.772953,38044,1
3462,3462,806.784096,38055,1
3463,3463,806.795227,38066,1
3464,3464,806.806361,38077,1
3465,3465,806.817500,38088,1
3466,3466,806.828633,38099,1
3467,3467,806.839772,38110,1
3468,3468,806.850906,38121,1
3469,3469,806.862045,38132,1
3470,3470,806.873179,38143,1
3471,3471,806.884317,38154,1
3472,3472,806.895451,38165,1
3473,3473,806.906587,38176,1
3474,3474,806.917724,38187,1
3475,3475,806.928860,38198,1
3476,3476,806.939998,38209,1
3477,3477,806.951132,38220,1
3478,3478,806.962269,38231,1
3479,3479,806.973404,38242,1
3480,3480,806.984542,38253,1
3481,3481,806.995679,38264,1
3482,3482,807.006815,38275,1
3483,3483,807.017951,38286,1
3484,3484,807.029094,38297,1
3485,3485,807.040222,38308,1
3486,3486,807.051359,38319,1
3487,3487,807.062496,38330,1
3488,3488,807.073632,38341,1
3489,3489,807.084767,38352,1
3490,3490,807.095902,38363,1
3491,3491,807.107040,38374,1
3492,3492,807.118177,38385,1
3493,3493,807.129310,38396,1
3494,3494,807.140447,38407,1
3495,3495,807.151584,38418,1
3496,3496,807.162721,38429,1
3497,3497,807.173858,38440,1
3498,3498,807.184994,38451,1
3499,3499,807.196128,38462,1
3500,3500,807.207265,38473,1
3501,3501,807.218402,38484,1
3502,3502,807.229538,38495,1
3503,3503,807.240675,38506,1
3504,3504,807.251811,38517,1
3505,3505,807.262947,38528,1
3506,3506,807.274095,38539,1
3507,3507,807.285218,38550,1
3508,3508,807.296355,38561,1
3509,3509,807.307492,38572,1
3510,3510,807.318627,38583,1
3511,3511,807.329764,38594,1
3512,3512,807.340899,38605,1
3513,3513,807.352036,38616,1
3514,3514,807.363172,38627,1
3515,3515,807.374308,38638,1
3516,3516,807.385443,38649,1
3517,3517,807.396582,38660,1
3518,3518,807.407715,38671,1
3519,3519,807.418853,38682,1
3520,3520,807.429988,38693,1
3521,3521,807.441126,38704,1
3522,3522,807.452261,38715,1
3523,3523,807.463397,38726,1
3524,3524,807.474533,38737,1
3525,3525,807.485671,38748,1
3526,3526,807.496806,38759,1
3527,3527,807.507941,38770,1
3528,3528,807.518067,38780,1
3529,3529,807.529201,38791,1
3530,3530,807.540337,38802,1
3531,3531,807.551475,38813,1
3532,3532,807.562611,38824,1
3533,3533,807.573746,38835,1
3534,3534,807.584883,38846,1
3535,3535,807.596018,38857,1
3536,3536,807.607156,38868,1
3537,3537,807.618292,38879,1
3538,3538,807.629428,38890,1
3539,3539,807.640563,38901,1
3540,3540,807.651702,38912,1
3541,3541,807.662837,38923,1
3542,3542,807.673972,38934,1
3543,3543,807.685109,38945,1
3544,3544,807.696244,38956,1
3545,3545,807.707382,38967,1
3546,3546,807.718519,38978,1
3547,3547,807.729655,38989,1
3548,3548,807.740791,39000,1
3549,3549,807.751925,39011,1
3550,3550,807.763062,39022,1
3551,3551,807.774199,39033,1
3552,3552,807.785335,39044,1
3553,3553,807.796472,39055,1
3554,3554,807.807608,39066,1
3555,3555,807.818742,39077,1
3556,3556,807.829880,39088,1
3557,3557,807.841015,39099,1
3558,3558,807.852153,39110,1
3559,3559,807.863289,39121,1
3560,3560,807.874424,39132,1
3561,3561,807.885560,39143,1
3562,3562,807.896697,39154,1
3563,3563,807.907831,39165,1
3564,3564,807.918969,39176,1
3565,3565,807.930105,39187,1
3566,3566,807.941242,39198,1
3567,3567,807.952378,39209,1
3568,3568,807.963512,39220,1
3569,3569,807.974648,39231,1
3570,3570,807.985787,39242,1
3571,3571,807.996921,39253,1
3572,3572,808.008060,39264,1
3573,3573,808.019195,39275,1
3574,3574,808.030330,39286,1
3575,3575,808.041468,39297,1
3576,3576,808.052604,39308,1
3577,3577,808.063740,39319,1
3578,3578,808.074876,39330,1
3579,3579,808.086013,39341,1
3580,3580,808.097149,39352,1
3581,3581,808.108285,39363,1
3582,3582,808.119420,39374,1
3583,3583,808.130558,39385,1
3584,3584,808.141692,39396,1
3585,3585,808.152829,39407,1
3586,3586,808.163966,39418,1
3587,3587,808.175101,39429,1
3588,3588,808.186238,39440,1
3589,3589,808.197372,39451,1
3590,3590,808.208511,39462,1
3591,3591,808.219647,39473,1
3592,3592,808.230783,39484,1
3593,3593,808.241918,39495,1
3594,3594,808.253055,39506,1
3595,3595,808.264191,39517,1
3596,3596,808.275328,39528,1
3597,3597,808.286462,39539,1
3598,3598,808.297598,39550,1
3599,3599,808.308735,39561,1
3600,3600,808.319870,39572,1
3601,3601,808.331006,39583,1
3602,3602,808.342144,39594,1
3603,3603,808.353281,39605,1
3604,3604,808.364417,39616,1
3605,3605,808.375552,39627,1
3606,3606,808.386687,39638,1
3607,3607,808.397824,39649,1
3608,3608,808.408962,39660,1
3609,3609,808.420098,39671,1
3610,3610,808.431233,39682,1
3611,3611,808.442370,39693,1
3612,3612,808.453504,39704,1
3613,3613,808.464643,39715,1
3614,3614,808.475777,39726,1
3615,3615,808.486914,39737,1
3616,3616,808.498049,39748,1
3617,3617,808.509188,39759,1
3618,3618,808.520322,39770,1
3619,3619,808.531460,39781,1
3620,3620,808.542594,39792,1
3621,3621,808.553732,39803,1
3622,3622,808.564869,39814,1
3623,3623,808.576005,39825,1
3624,3624,808.587140,39836,1
3625,3625,808.598277,39847,1
3626,3626,808.609412,39858,1
3627,3627,808.620550,39869,1
3628,3628,808.631684,39880,1
3629,3629,808.642822,39891,1
3630,3630,808.653956,39902,1
3631,3631,808.665101,39913,1
3632,3632,808.676230,39924,1
3633,3633,808.687364,39935,1
3634,3634,808.698501,39946,1
3635,3635,808.709639,39957,1
3636,3636,808.720775,39968,1
3637,3637,808.731911,39979,1
3638,3638,808.743048,39990,1
3639,3639,808.754183,40001,1
3640,3640,808.765320,40012,1
3641,3641,808.776456,40023,1
3642,3642,808.787591,40034,1
3643,3643,808.798727,40045,1
3644,3644,808.809864,40056,1
3645,3645,808.821000,40067,1
3646,3646,808.832136,40078,1
3647,3647,808.843274,40089,1
3648,3648,808.853397,40099,1
3649,3649,808.864533,40110,1
3650,3650,808.875668,40121,1
3651,3651,808.886805,40132,1
3652,3652,808.897942,40143,1
3653,3653,808.909077,40154,1
3654,3654,808.920214,40165,1
3655,3655,808.931348,40176,1
3656,3656,808.942485,40187,1
3657,3657,808.953623,40198,1
3658,3658,808.964759,40209,1
3659,3659,808.975895,40220,1
3660,3660,808.987031,40231,1
3661,3661,808.998168,40242,1
3662,3662,809.009301,40253,1
3663,3663,809.020438,40264,1
3664,3664,809.031576,40275,1
3665,3665,809.042712,40286,1
3666,3666,809.053848,40297,1
3667,3667,809.064985,40308,1
3668,3668,809.076119,40319,1
3669,3669,809.087255,40330,1
3670,3670,809.098392,40341,1
3671,3671,809.109527,40352,1
3672,3672,809.120663,40363,1
3673,3673,809.131801,40374,1
3674,3674,809.142936,40385,1
3675,3675,809.154073,40396,1
3676,3676,809.165210,40407,1
3677,3677,809.176344,40418,1
3678,3678,809.187480,40429,1
3679,3679,809.198618,40440,1
3680,3680,809.209754,40451,1
3681,3681,809.220891,40462,1
3682,3682,809.232025,40473,1
3683,3683,809.243163,40484,1
3684,3684,809.254298,40495,1
3685,3685,809.265434,40506,1
