frame_idx,host_timestamp_s,hw_timestamp_s,unified_time_s,frame_number
2859,21915.468094,1777900747.064427,1777900747.064427,43846
2860,21915.479534,1777900747.075554,1777900747.075554,43847
2861,21915.490674,1777900747.086681,1777900747.086681,43848
2862,21915.501417,1777900747.097809,1777900747.097809,43849
2863,21915.512545,1777900747.108937,1777900747.108937,43850
2864,21915.523642,1777900747.120064,1777900747.120064,43851
2865,21915.534864,1777900747.131192,1777900747.131192,43852
2866,21915.546024,1777900747.142319,1777900747.142319,43853
2867,21915.557027,1777900747.153446,1777900747.153446,43854
2868,21915.568260,1777900747.164574,1777900747.164574,43855
2869,21915.579275,1777900747.175701,1777900747.175701,43856
2870,21915.590414,1777900747.186828,1777900747.186828,43857
2871,21915.601714,1777900747.197957,1777900747.197957,43858
2872,21915.612689,1777900747.209084,1777900747.209084,43859
2873,21915.623861,1777900747.220211,1777900747.220211,43860
2874,21915.634925,1777900747.231338,1777900747.231338,43861
2875,21915.646079,1777900747.242466,1777900747.242466,43862
2876,21915.657212,1777900747.253593,1777900747.253593,43863
2877,21915.668699,1777900747.264720,1777900747.264720,43864
2878,21915.679497,1777900747.275848,1777900747.275848,43865
2879,21915.690582,1777900747.286976,1777900747.286976,43866
2880,21915.701822,1777900747.298103,1777900747.298103,43867
2881,21915.712799,1777900747.309231,1777900747.309231,43868
2882,21915.723941,1777900747.320358,1777900747.320358,43869
2883,21915.735097,1777900747.331485,1777900747.331485,43870
2884,21915.746208,1777900747.342613,1777900747.342613,43871
2885,21915.757365,1777900747.353740,1777900747.353740,43872
2886,21915.768554,1777900747.364867,1777900747.364867,43873
2887,21915.779602,1777900747.375996,1777900747.375996,43874
2888,21915.790748,1777900747.387123,1777900747.387123,43875
2889,21915.801935,1777900747.398250,1777900747.398250,43876
2890,21915.812985,1777900747.409378,1777900747.409378,43877
2891,21915.824086,1777900747.420505,1777900747.420505,43878
2892,21915.835347,1777900747.431632,1777900747.431632,43879
2893,21915.846613,1777900747.442760,1777900747.442760,43880
2894,21915.857645,1777900747.453887,1777900747.453887,43881
2895,21915.868856,1777900747.465015,1777900747.465015,43882
2896,21915.879732,1777900747.476143,1777900747.476143,43883
2897,21915.890859,1777900747.487270,1777900747.487270,43884
2898,21915.902391,1777900747.498397,1777900747.498397,43885
2899,21915.913192,1777900747.509525,1777900747.509525,43886
2900,21915.924338,1777900747.520652,1777900747.520652,43887
2901,21915.935693,1777900747.531779,1777900747.531779,43888
2902,21915.946562,1777900747.542907,1777900747.542907,43889
2903,21915.957657,1777900747.554035,1777900747.554035,43890
2904,21915.968898,1777900747.565162,1777900747.565162,43891
2905,21915.980074,1777900747.576290,1777900747.576290,43892
2906,21915.991056,1777900747.587417,1777900747.587417,43893
2907,21916.002345,1777900747.598544,1777900747.598544,43894
2908,21916.013283,1777900747.609672,1777900747.609672,43895
2909,21916.024373,1777900747.620799,1777900747.620799,43896
2910,21916.035708,1777900747.631927,1777900747.631927,43897
2911,21916.046688,1777900747.643055,1777900747.643055,43898
2912,21916.057790,1777900747.654182,1777900747.654182,43899
2913,21916.068957,1777900747.665309,1777900747.665309,43900
2914,21916.080048,1777900747.676436,1777900747.676436,43901
2915,21916.091217,1777900747.687564,1777900747.687564,43902
2916,21916.102302,1777900747.698691,1777900747.698691,43903
2917,21916.113372,1777900747.709818,1777900747.709818,43904
2918,21916.124583,1777900747.720946,1777900747.720946,43905
2919,21916.135755,1777900747.732074,1777900747.732074,43906
2920,21916.146786,1777900747.743201,1777900747.743201,43907
2921,21916.158009,1777900747.754329,1777900747.754329,43908
2922,21916.169113,1777900747.765456,1777900747.765456,43909
2923,21916.180154,1777900747.776583,1777900747.776583,43910
2924,21916.191337,1777900747.787711,1777900747.787711,43911
2925,21916.202418,1777900747.798838,1777900747.798838,43912
2926,21916.213571,1777900747.809965,1777900747.809965,43913
2927,21916.224823,1777900747.821094,1777900747.821094,43914
2928,21916.235842,1777900747.832221,1777900747.832221,43915
2929,21916.246958,1777900747.843348,1777900747.843348,43916
2930,21916.258098,1777900747.854476,1777900747.854476,43917
2931,21916.269226,1777900747.865603,1777900747.865603,43918
2932,21916.280318,1777900747.876730,1777900747.876730,43919
2933,21916.291462,1777900747.887858,1777900747.887858,43920
2934,21916.302574,1777900747.898985,1777900747.898985,43921
2935,21916.313750,1777900747.910112,1777900747.910112,43922
2936,21916.325054,1777900747.921241,1777900747.921241,43923
2937,21916.335936,1777900747.932368,1777900747.932368,43924
2938,21916.347057,1777900747.943495,1777900747.943495,43925
2939,21916.358322,1777900747.954623,1777900747.954623,43926
2940,21916.369341,1777900747.965750,1777900747.965750,43927
2941,21916.380422,1777900747.976877,1777900747.976877,43928
2942,21916.391691,1777900747.988005,1777900747.988005,43929
2943,21916.402717,1777900747.999132,1777900747.999132,43930
2944,21916.413824,1777900748.010259,1777900748.010259,43931
2945,21916.425063,1777900748.021387,1777900748.021387,43932
2946,21916.436096,1777900748.032515,1777900748.032515,43933
2947,21916.447232,1777900748.043642,1777900748.043642,43934
2948,21916.458612,1777900748.054770,1777900748.054770,43935
2949,21916.469489,1777900748.065897,1777900748.065897,43936
2950,21916.480613,1777900748.077024,1777900748.077024,43937
2951,21916.491800,1777900748.088152,1777900748.088152,43938
2952,21916.502901,1777900748.099279,1777900748.099279,43939
2953,21916.514066,1777900748.110406,1777900748.110406,43940
2954,21916.525208,1777900748.121533,1777900748.121533,43941
2955,21916.536283,1777900748.132662,1777900748.132662,43942
2956,21916.547383,1777900748.143789,1777900748.143789,43943
2957,21916.558827,1777900748.154916,1777900748.154916,43944
2958,21916.569606,1777900748.166044,1777900748.166044,43945
2959,21916.580735,1777900748.177171,1777900748.177171,43946
2960,21916.591873,1777900748.188298,1777900748.188298,43947
2961,21916.602987,1777900748.199426,1777900748.199426,43948
2962,21916.614127,1777900748.210553,1777900748.210553,43949
2963,21916.625460,1777900748.221680,1777900748.221680,43950
2964,21916.636397,1777900748.232809,1777900748.232809,43951
2965,21916.647494,1777900748.243936,1777900748.243936,43952
2966,21916.658948,1777900748.255063,1777900748.255063,43953
2967,21916.669780,1777900748.266191,1777900748.266191,43954
2968,21916.680904,1777900748.277318,1777900748.277318,43955
2969,21916.692279,1777900748.288445,1777900748.288445,43956
2970,21916.703150,1777900748.299573,1777900748.299573,43957
2971,21916.714307,1777900748.310700,1777900748.310700,43958
2972,21916.725517,1777900748.321827,1777900748.321827,43959
2973,21916.736529,1777900748.332956,1777900748.332956,43960
2974,21916.747648,1777900748.344083,1777900748.344083,43961
2975,21916.758993,1777900748.355210,1777900748.355210,43962
2976,21916.769900,1777900748.366338,1777900748.366338,43963
2977,21916.781050,1777900748.377465,1777900748.377465,43964
2978,21916.792366,1777900748.388592,1777900748.388592,43965
2979,21916.803309,1777900748.399720,1777900748.399720,43966
2980,21916.814444,1777900748.410847,1777900748.410847,43967
2981,21916.825674,1777900748.421974,1777900748.421974,43968
2982,21916.836660,1777900748.433103,1777900748.433103,43969
2983,21916.847958,1777900748.444230,1777900748.444230,43970
2984,21916.859145,1777900748.455357,1777900748.455357,43971
2985,21916.870102,1777900748.466485,1777900748.466485,43972
2986,21916.881259,1777900748.477612,1777900748.477612,43973
2987,21916.892608,1777900748.488739,1777900748.488739,43974
2988,21916.903441,1777900748.499867,1777900748.499867,43975
2989,21916.914561,1777900748.510994,1777900748.510994,43976
2990,21916.925710,1777900748.522121,1777900748.522121,43977
2991,21916.936816,1777900748.533250,1777900748.533250,43978
2992,21916.948093,1777900748.544376,1777900748.544376,43979
2993,21916.959088,1777900748.555504,1777900748.555504,43980
2994,21916.970204,1777900748.566631,1777900748.566631,43981
2995,21916.981402,1777900748.577759,1777900748.577759,43982
2996,21916.992530,1777900748.588886,1777900748.588886,43983
2997,21917.003591,1777900748.600014,1777900748.600014,43984
2998,21917.014888,1777900748.611142,1777900748.611142,43985
2999,21917.025871,1777900748.622269,1777900748.622269,43986
3000,21917.037033,1777900748.633396,1777900748.633396,43987
3001,21917.048273,1777900748.644525,1777900748.644525,43988
3002,21917.059278,1777900748.655652,1777900748.655652,43989
3003,21917.070399,1777900748.666779,1777900748.666779,43990
3004,21917.081491,1777900748.677907,1777900748.677907,43991
3005,21917.092651,1777900748.689034,1777900748.689034,43992
3006,21917.103774,1777900748.700162,1777900748.700162,43993
3007,21917.114916,1777900748.711290,1777900748.711290,43994
3008,21917.126024,1777900748.722417,1777900748.722417,43995
3009,21917.137151,1777900748.733544,1777900748.733544,43996
3010,21917.148384,1777900748.744673,1777900748.744673,43997
3011,21917.159393,1777900748.755800,1777900748.755800,43998
3012,21917.170531,1777900748.766927,1777900748.766927,43999
3013,21917.181767,1777900748.778055,1777900748.778055,44000
3014,21917.192759,1777900748.789183,1777900748.789183,44001
3015,21917.203885,1777900748.800310,1777900748.800310,44002
3016,21917.215101,1777900748.811438,1777900748.811438,44003
3017,21917.226159,1777900748.822565,1777900748.822565,44004
3018,21917.237270,1777900748.833693,1777900748.833693,44005
3019,21917.248538,1777900748.844821,1777900748.844821,44006
3020,21917.259541,1777900748.855948,1777900748.855948,44007
3021,21917.270637,1777900748.867075,1777900748.867075,44008
3022,21917.281938,1777900748.878204,1777900748.878204,44009
3023,21917.292927,1777900748.889331,1777900748.889331,44010
3024,21917.304071,1777900748.900458,1777900748.900458,44011
3025,21917.315225,1777900748.911586,1777900748.911586,44012
3026,21917.326322,1777900748.922713,1777900748.922713,44013
3027,21917.337457,1777900748.933841,1777900748.933841,44014
3028,21917.348598,1777900748.944969,1777900748.944969,44015
3029,21917.359748,1777900748.956096,1777900748.956096,44016
3030,21917.370822,1777900748.967223,1777900748.967223,44017
3031,21917.382079,1777900748.978352,1777900748.978352,44018
3032,21917.393092,1777900748.989479,1777900748.989479,44019
3033,21917.404226,1777900749.000606,1777900749.000606,44020
3034,21917.415554,1777900749.011733,1777900749.011733,44021
3035,21917.426467,1777900749.022861,1777900749.022861,44022
3036,21917.437579,1777900749.033989,1777900749.033989,44023
3037,21917.448825,1777900749.045116,1777900749.045116,44024
3038,21917.459935,1777900749.056244,1777900749.056244,44025
3039,21917.470986,1777900749.067372,1777900749.067372,44026
3040,21917.482226,1777900749.078499,1777900749.078499,44027
3041,21917.493217,1777900749.089627,1777900749.089627,44028
3042,21917.504363,1777900749.100754,1777900749.100754,44029
3043,21917.515791,1777900749.111881,1777900749.111881,44030
3044,21917.526595,1777900749.123010,1777900749.123010,44031
3045,21917.537720,1777900749.134137,1777900749.134137,44032
3046,21917.548988,1777900749.145264,1777900749.145264,44033
3047,21917.559987,1777900749.156393,1777900749.156393,44034
3048,21917.571276,1777900749.167520,1777900749.167520,44035
3049,21917.582418,1777900749.178647,1777900749.178647,44036
3050,21917.593385,1777900749.189775,1777900749.189775,44037
3051,21917.604490,1777900749.200902,1777900749.200902,44038
3052,21917.615836,1777900749.212030,1777900749.212030,44039
3053,21917.626794,1777900749.223158,1777900749.223158,44040
3054,21917.637908,1777900749.234285,1777900749.234285,44041
3055,21917.649037,1777900749.245412,1777900749.245412,44042
3056,21917.660139,1777900749.256541,1777900749.256541,44043
3057,21917.671313,1777900749.267668,1777900749.267668,44044
3058,21917.682414,1777900749.278795,1777900749.278795,44045
3059,21917.693520,1777900749.289923,1777900749.289923,44046
3060,21917.704633,1777900749.301050,1777900749.301050,44047
3061,21917.715854,1777900749.312178,1777900749.312178,44048
3062,21917.726965,1777900749.323306,1777900749.323306,44049
3063,21917.738043,1777900749.334433,1777900749.334433,44050
3064,21917.749185,1777900749.345561,1777900749.345561,44051
3065,21917.760287,1777900749.356689,1777900749.356689,44052
3066,21917.771508,1777900749.367816,1777900749.367816,44053
3067,21917.782549,1777900749.378943,1777900749.378943,44054
3068,21917.793682,1777900749.390072,1777900749.390072,44055
3069,21917.804933,1777900749.401199,1777900749.401199,44056
3070,21917.815896,1777900749.412326,1777900749.412326,44057
3071,21917.827038,1777900749.423454,1777900749.423454,44058
3072,21917.838242,1777900749.434582,1777900749.434582,44059
3073,21917.849293,1777900749.445709,1777900749.445709,44060
3074,21917.860438,1777900749.456836,1777900749.456836,44061
3075,21917.871729,1777900749.467964,1777900749.467964,44062
3076,21917.882691,1777900749.479092,1777900749.479092,44063
3077,21917.893809,1777900749.490219,1777900749.490219,44064
3078,21917.905018,1777900749.501347,1777900749.501347,44065
3079,21917.916097,1777900749.512474,1777900749.512474,44066
3080,21917.927195,1777900749.523602,1777900749.523602,44067
3081,21917.938331,1777900749.534730,1777900749.534730,44068
3082,21917.949414,1777900749.545857,1777900749.545857,44069
3083,21917.960562,1777900749.556984,1777900749.556984,44070
3084,21917.971737,1777900749.568112,1777900749.568112,44071
3085,21917.982833,1777900749.579240,1777900749.579240,44072
3086,21917.993979,1777900749.590367,1777900749.590367,44073
3087,21918.005305,1777900749.601495,1777900749.601495,44074
3088,21918.016239,1777900749.612622,1777900749.612622,44075
3089,21918.027364,1777900749.623749,1777900749.623749,44076
3090,21918.038556,1777900749.634877,1777900749.634877,44077
3091,21918.049608,1777900749.646005,1777900749.646005,44078
3092,21918.060747,1777900749.657132,1777900749.657132,44079
3093,21918.071938,1777900749.668260,1777900749.668260,44080
3094,21918.083024,1777900749.679387,1777900749.679387,44081
3095,21918.094156,1777900749.690514,1777900749.690514,44082
3096,21918.105350,1777900749.701642,1777900749.701642,44083
3097,21918.116374,1777900749.712770,1777900749.712770,44084
3098,21918.127518,1777900749.723897,1777900749.723897,44085
3099,21918.138875,1777900749.735025,1777900749.735025,44086
3100,21918.149736,1777900749.746152,1777900749.746152,44087
3101,21918.160900,1777900749.757279,1777900749.757279,44088
3102,21918.172208,1777900749.768408,1777900749.768408,44089
3103,21918.183288,1777900749.779535,1777900749.779535,44090
3104,21918.194262,1777900749.790662,1777900749.790662,44091
3105,21918.205428,1777900749.801790,1777900749.801790,44092
3106,21918.216499,1777900749.812917,1777900749.812917,44093
3107,21918.227663,1777900749.824044,1777900749.824044,44094
3108,21918.239067,1777900749.835173,1777900749.835173,44095
3109,21918.249900,1777900749.846300,1777900749.846300,44096
3110,21918.261042,1777900749.857427,1777900749.857427,44097
3111,21918.272321,1777900749.868555,1777900749.868555,44098
3112,21918.283398,1777900749.879682,1777900749.879682,44099
3113,21918.294425,1777900749.890810,1777900749.890810,44100
3114,21918.305721,1777900749.901937,1777900749.901937,44101
3115,21918.316672,1777900749.913065,1777900749.913065,44102
3116,21918.327893,1777900749.924192,1777900749.924192,44103
3117,21918.339150,1777900749.935319,1777900749.935319,44104
3118,21918.350079,1777900749.946448,1777900749.946448,44105
3119,21918.361133,1777900749.957574,1777900749.957574,44106
3120,21918.372655,1777900749.968702,1777900749.968702,44107
3121,21918.383409,1777900749.979830,1777900749.979830,44108
3122,21918.394576,1777900749.990957,1777900749.990957,44109
3123,21918.405684,1777900750.002084,1777900750.002084,44110
3124,21918.416782,1777900750.013212,1777900750.013212,44111
3125,21918.427935,1777900750.024340,1777900750.024340,44112
3126,21918.439154,1777900750.035467,1777900750.035467,44113
3127,21918.450186,1777900750.046595,1777900750.046595,44114
3128,21918.461421,1777900750.057722,1777900750.057722,44115
3129,21918.472461,1777900750.068849,1777900750.068849,44116
3130,21918.483554,1777900750.079978,1777900750.079978,44117
3131,21918.494666,1777900750.091105,1777900750.091105,44118
3132,21918.505771,1777900750.102232,1777900750.102232,44119
3133,21918.516949,1777900750.113360,1777900750.113360,44120
3134,21918.528265,1777900750.124487,1777900750.124487,44121
3135,21918.539232,1777900750.135614,1777900750.135614,44122
3136,21918.550389,1777900750.146743,1777900750.146743,44123
3137,21918.561487,1777900750.157870,1777900750.157870,44124
3138,21918.572581,1777900750.168997,1777900750.168997,44125
3139,21918.583743,1777900750.180125,1777900750.180125,44126
3140,21918.594965,1777900750.191252,1777900750.191252,44127
3141,21918.605967,1777900750.202380,1777900750.202380,44128
3142,21918.617066,1777900750.213508,1777900750.213508,44129
3143,21918.628346,1777900750.224635,1777900750.224635,44130
3144,21918.639335,1777900750.235762,1777900750.235762,44131
3145,21918.650485,1777900750.246890,1777900750.246890,44132
3146,21918.661606,1777900750.258018,1777900750.258018,44133
3147,21918.672760,1777900750.269145,1777900750.269145,44134
3148,21918.683836,1777900750.280273,1777900750.280273,44135
3149,21918.695044,1777900750.291400,1777900750.291400,44136
3150,21918.706194,1777900750.302527,1777900750.302527,44137
3151,21918.717243,1777900750.313656,1777900750.313656,44138
3152,21918.728490,1777900750.324783,1777900750.324783,44139
3153,21918.739447,1777900750.335910,1777900750.335910,44140
3154,21918.750621,1777900750.347037,1777900750.347037,44141
3155,21918.761856,1777900750.358165,1777900750.358165,44142
3156,21918.772864,1777900750.369292,1777900750.369292,44143
3157,21918.784048,1777900750.380420,1777900750.380420,44144
3158,21918.795184,1777900750.391548,1777900750.391548,44145
3159,21918.806318,1777900750.402675,1777900750.402675,44146
3160,21918.817436,1777900750.413802,1777900750.413802,44147
3161,21918.828670,1777900750.424930,1777900750.424930,44148
3162,21918.839703,1777900750.436058,1777900750.436058,44149
3163,21918.850783,1777900750.447185,1777900750.447185,44150
3164,21918.862110,1777900750.458313,1777900750.458313,44151
3165,21918.873030,1777900750.469440,1777900750.469440,44152
3166,21918.884185,1777900750.480567,1777900750.480567,44153
3167,21918.895311,1777900750.491696,1777900750.491696,44154
3168,21918.906385,1777900750.502823,1777900750.502823,44155
3169,21918.917570,1777900750.513950,1777900750.513950,44156
3170,21918.928757,1777900750.525078,1777900750.525078,44157
3171,21918.939853,1777900750.536205,1777900750.536205,44158
3172,21918.951072,1777900750.547333,1777900750.547333,44159
3173,21918.962290,1777900750.558461,1777900750.558461,44160
3174,21918.973256,1777900750.569588,1777900750.569588,44161
3175,21918.984288,1777900750.580715,1777900750.580715,44162
3176,21918.995668,1777900750.591843,1777900750.591843,44163
3177,21919.006531,1777900750.602970,1777900750.602970,44164
3178,21919.017720,1777900750.614098,1777900750.614098,44165
3179,21919.028956,1777900750.625226,1777900750.625226,44166
3180,21919.039923,1777900750.636353,1777900750.636353,44167
3181,21919.051046,1777900750.647480,1777900750.647480,44168
3182,21919.062314,1777900750.658608,1777900750.658608,44169
3183,21919.073318,1777900750.669735,1777900750.669735,44170
3184,21919.084454,1777900750.680863,1777900750.680863,44171
3185,21919.095727,1777900750.691991,1777900750.691991,44172
3186,21919.106730,1777900750.703118,1777900750.703118,44173
3187,21919.117898,1777900750.714245,1777900750.714245,44174
3188,21919.129065,1777900750.725373,1777900750.725373,44175
3189,21919.140073,1777900750.736501,1777900750.736501,44176
3190,21919.151182,1777900750.747628,1777900750.747628,44177
3191,21919.162439,1777900750.758756,1777900750.758756,44178
3192,21919.173462,1777900750.769883,1777900750.769883,44179
3193,21919.184587,1777900750.781010,1777900750.781010,44180
3194,21919.195715,1777900750.792137,1777900750.792137,44181
3195,21919.206849,1777900750.803266,1777900750.803266,44182
3196,21919.217979,1777900750.814393,1777900750.814393,44183
3197,21919.229106,1777900750.825520,1777900750.825520,44184
3198,21919.240213,1777900750.836648,1777900750.836648,44185
3199,21919.251374,1777900750.847775,1777900750.847775,44186
3200,21919.262472,1777900750.858903,1777900750.858903,44187
3201,21919.273599,1777900750.870031,1777900750.870031,44188
3202,21919.284786,1777900750.881158,1777900750.881158,44189
3203,21919.295878,1777900750.892285,1777900750.892285,44190
3204,21919.306996,1777900750.903413,1777900750.903413,44191
3205,21919.318222,1777900750.914540,1777900750.914540,44192
3206,21919.329293,1777900750.925668,1777900750.925668,44193
3207,21919.340336,1777900750.936796,1777900750.936796,44194
3208,21919.351562,1777900750.947923,1777900750.947923,44195
3209,21919.362615,1777900750.959050,1777900750.959050,44196
3210,21919.373739,1777900750.970178,1777900750.970178,44197
3211,21919.385087,1777900750.981305,1777900750.981305,44198
3212,21919.396052,1777900750.992433,1777900750.992433,44199
3213,21919.407139,1777900751.003561,1777900751.003561,44200
3214,21919.418378,1777900751.014688,1777900751.014688,44201
3215,21919.429378,1777900751.025815,1777900751.025815,44202
3216,21919.440516,1777900751.036943,1777900751.036943,44203
3217,21919.451923,1777900751.048071,1777900751.048071,44204
3218,21919.462826,1777900751.059198,1777900751.059198,44205
3219,21919.473899,1777900751.070326,1777900751.070326,44206
3220,21919.485200,1777900751.081453,1777900751.081453,44207
3221,21919.496149,1777900751.092580,1777900751.092580,44208
3222,21919.507314,1777900751.103709,1777900751.103709,44209
3223,21919.518466,1777900751.114836,1777900751.114836,44210
3224,21919.529703,1777900751.125963,1777900751.125963,44211
3225,21919.540669,1777900751.137091,1777900751.137091,44212
3226,21919.551852,1777900751.148218,1777900751.148218,44213
3227,21919.562899,1777900751.159345,1777900751.159345,44214
3228,21919.574055,1777900751.170474,1777900751.170474,44215
3229,21919.585434,1777900751.181601,1777900751.181601,44216
3230,21919.596310,1777900751.192728,1777900751.192728,44217
3231,21919.607434,1777900751.203856,1777900751.203856,44218
3232,21919.618800,1777900751.214983,1777900751.214983,44219
3233,21919.629707,1777900751.226110,1777900751.226110,44220
3234,21919.640809,1777900751.237237,1777900751.237237,44221
3235,21919.651984,1777900751.248366,1777900751.248366,44222
3236,21919.663077,1777900751.259493,1777900751.259493,44223
3237,21919.674205,1777900751.270620,1777900751.270620,44224
3238,21919.685430,1777900751.281748,1777900751.281748,44225
3239,21919.696452,1777900751.292876,1777900751.292876,44226
3240,21919.707588,1777900751.304003,1777900751.304003,44227
3241,21919.719055,1777900751.315131,1777900751.315131,44228
3242,21919.729827,1777900751.326258,1777900751.326258,44229
3243,21919.740945,1777900751.337385,1777900751.337385,44230
3244,21919.752245,1777900751.348513,1777900751.348513,44231
3245,21919.763211,1777900751.359641,1777900751.359641,44232
3246,21919.774345,1777900751.370768,1777900751.370768,44233
3247,21919.785721,1777900751.381896,1777900751.381896,44234
3248,21919.796640,1777900751.393023,1777900751.393023,44235
3249,21919.807733,1777900751.404150,1777900751.404150,44236
3250,21919.818979,1777900751.415279,1777900751.415279,44237
3251,21919.830087,1777900751.426406,1777900751.426406,44238
3252,21919.841151,1777900751.437533,1777900751.437533,44239
3253,21919.852380,1777900751.448661,1777900751.448661,44240
3254,21919.863452,1777900751.459788,1777900751.459788,44241
3255,21919.874637,1777900751.470916,1777900751.470916,44242
3256,21919.885678,1777900751.482044,1777900751.482044,44243
3257,21919.896783,1777900751.493171,1777900751.493171,44244
3258,21919.907907,1777900751.504298,1777900751.504298,44245
3259,21919.919044,1777900751.515426,1777900751.515426,44246
3260,21919.930170,1777900751.526553,1777900751.526553,44247
3261,21919.941366,1777900751.537681,1777900751.537681,44248
3262,21919.952375,1777900751.548809,1777900751.548809,44249
3263,21919.963531,1777900751.559936,1777900751.559936,44250
3264,21919.974791,1777900751.571063,1777900751.571063,44251
3265,21919.985818,1777900751.582191,1777900751.582191,44252
3266,21919.996885,1777900751.593319,1777900751.593319,44253
3267,21920.008058,1777900751.604446,1777900751.604446,44254
3268,21920.019223,1777900751.615574,1777900751.615574,44255
3269,21920.030306,1777900751.626701,1777900751.626701,44256
3270,21920.041441,1777900751.637828,1777900751.637828,44257
3271,21920.052560,1777900751.648957,1777900751.648957,44258
3272,21920.063657,1777900751.660084,1777900751.660084,44259
3273,21920.074880,1777900751.671211,1777900751.671211,44260
3274,21920.085943,1777900751.682338,1777900751.682338,44261
3275,21920.097057,1777900751.693466,1777900751.693466,44262
3276,21920.108364,1777900751.704593,1777900751.704593,44263
3277,21920.119316,1777900751.715720,1777900751.715720,44264
3278,21920.130442,1777900751.726849,1777900751.726849,44265
3279,21920.141619,1777900751.737976,1777900751.737976,44266
3280,21920.163791,1777900751.760231,1777900751.760231,44268
3281,21920.175029,1777900751.771358,1777900751.771358,44269
3282,21920.186097,1777900751.782485,1777900751.782485,44270
3283,21920.197215,1777900751.793614,1777900751.793614,44271
3284,21920.208461,1777900751.804741,1777900751.804741,44272
3285,21920.219458,1777900751.815868,1777900751.815868,44273
3286,21920.230631,1777900751.826996,1777900751.826996,44274
3287,21920.241794,1777900751.838124,1777900751.838124,44275
3288,21920.252834,1777900751.849251,1777900751.849251,44276
3289,21920.263956,1777900751.860379,1777900751.860379,44277
3290,21920.275265,1777900751.871506,1777900751.871506,44278
3291,21920.286258,1777900751.882633,1777900751.882633,44279
3292,21920.297333,1777900751.893761,1777900751.893761,44280
3293,21920.308725,1777900751.904889,1777900751.904889,44281
3294,21920.319621,1777900751.916016,1777900751.916016,44282
3295,21920.330770,1777900751.927144,1777900751.927144,44283
3296,21920.342134,1777900751.938271,1777900751.938271,44284
3297,21920.353047,1777900751.949399,1777900751.949399,44285
3298,21920.364127,1777900751.960527,1777900751.960527,44286
3299,21920.375350,1777900751.971654,1777900751.971654,44287
3300,21920.386432,1777900751.982781,1777900751.982781,44288
3301,21920.397515,1777900751.993909,1777900751.993909,44289
3302,21920.408740,1777900752.005036,1777900752.005036,44290
3303,21920.419773,1777900752.016164,1777900752.016164,44291
3304,21920.430882,1777900752.027292,1777900752.027292,44292
3305,21920.442307,1777900752.038419,1777900752.038419,44293
3306,21920.453136,1777900752.049546,1777900752.049546,44294
3307,21920.464273,1777900752.060674,1777900752.060674,44295
3308,21920.475478,1777900752.071801,1777900752.071801,44296
3309,21920.486634,1777900752.082929,1777900752.082929,44297
3310,21920.497680,1777900752.094057,1777900752.094057,44298
3311,21920.509011,1777900752.105184,1777900752.105184,44299
3312,21920.519911,1777900752.116311,1777900752.116311,44300
3313,21920.531070,1777900752.127439,1777900752.127439,44301
3314,21920.542371,1777900752.138567,1777900752.138567,44302
3315,21920.553291,1777900752.149694,1777900752.149694,44303
3316,21920.564397,1777900752.160821,1777900752.160821,44304
3317,21920.575677,1777900752.171949,1777900752.171949,44305
3318,21920.586641,1777900752.183076,1777900752.183076,44306
3319,21920.597794,1777900752.194204,1777900752.194204,44307
3320,21920.609107,1777900752.205332,1777900752.205332,44308
3321,21920.620027,1777900752.216459,1777900752.216459,44309
3322,21920.631289,1777900752.227586,1777900752.227586,44310
3323,21920.642373,1777900752.238714,1777900752.238714,44311
3324,21920.653420,1777900752.249841,1777900752.249841,44312
3325,21920.664556,1777900752.260969,1777900752.260969,44313
3326,21920.675822,1777900752.272097,1777900752.272097,44314
3327,21920.686821,1777900752.283224,1777900752.283224,44315
3328,21920.698013,1777900752.294351,1777900752.294351,44316
3329,21920.709078,1777900752.305480,1777900752.305480,44317
3330,21920.720235,1777900752.316607,1777900752.316607,44318
3331,21920.731379,1777900752.327734,1777900752.327734,44319
3332,21920.742513,1777900752.338862,1777900752.338862,44320
3333,21920.753563,1777900752.349989,1777900752.349989,44321
3334,21920.764686,1777900752.361116,1777900752.361116,44322
3335,21920.775884,1777900752.372245,1777900752.372245,44323
3336,21920.786959,1777900752.383372,1777900752.383372,44324
3337,21920.798091,1777900752.394499,1777900752.394499,44325
3338,21920.809201,1777900752.405627,1777900752.405627,44326
3339,21920.820351,1777900752.416754,1777900752.416754,44327
3340,21920.831545,1777900752.427881,1777900752.427881,44328
3341,21920.842592,1777900752.439010,1777900752.439010,44329
3342,21920.853747,1777900752.450137,1777900752.450137,44330
3343,21920.864848,1777900752.461264,1777900752.461264,44331
3344,21920.875981,1777900752.472392,1777900752.472392,44332
3345,21920.887113,1777900752.483519,1777900752.483519,44333
3346,21920.898370,1777900752.494647,1777900752.494647,44334
3347,21920.909352,1777900752.505775,1777900752.505775,44335
3348,21920.920487,1777900752.516902,1777900752.516902,44336
3349,21920.931784,1777900752.528029,1777900752.528029,44337
3350,21920.942815,1777900752.539157,1777900752.539157,44338
3351,21920.953893,1777900752.550285,1777900752.550285,44339
3352,21920.965127,1777900752.561412,1777900752.561412,44340
3353,21920.976199,1777900752.572539,1777900752.572539,44341
3354,21920.987283,1777900752.583667,1777900752.583667,44342
3355,21920.998436,1777900752.594795,1777900752.594795,44343
3356,21921.009558,1777900752.605922,1777900752.605922,44344
3357,21921.020623,1777900752.617050,1777900752.617050,44345
3358,21921.031796,1777900752.628177,1777900752.628177,44346
3359,21921.042915,1777900752.639304,1777900752.639304,44347
3360,21921.054027,1777900752.650433,1777900752.650433,44348
3361,21921.065244,1777900752.661560,1777900752.661560,44349
3362,21921.076281,1777900752.672687,1777900752.672687,44350
3363,21921.087469,1777900752.683815,1777900752.683815,44351
3364,21921.098617,1777900752.694943,1777900752.694943,44352
3365,21921.109627,1777900752.706070,1777900752.706070,44353
3366,21921.120770,1777900752.717198,1777900752.717198,44354
3367,21921.132026,1777900752.728325,1777900752.728325,44355
3368,21921.143058,1777900752.739453,1777900752.739453,44356
3369,21921.154147,1777900752.750581,1777900752.750581,44357
3370,21921.165473,1777900752.761708,1777900752.761708,44358
3371,21921.176404,1777900752.772835,1777900752.772835,44359
3372,21921.187617,1777900752.783964,1777900752.783964,44360
3373,21921.198902,1777900752.795091,1777900752.795091,44361
3374,21921.209778,1777900752.806218,1777900752.806218,44362
3375,21921.220929,1777900752.817346,1777900752.817346,44363
3376,21921.232261,1777900752.828473,1777900752.828473,44364
3377,21921.243191,1777900752.839601,1777900752.839601,44365
3378,21921.254289,1777900752.850729,1777900752.850729,44366
3379,21921.265577,1777900752.861856,1777900752.861856,44367
3380,21921.276530,1777900752.872983,1777900752.872983,44368
3381,21921.287689,1777900752.884112,1777900752.884112,44369
3382,21921.298868,1777900752.895239,1777900752.895239,44370
3383,21921.309916,1777900752.906366,1777900752.906366,44371
3384,21921.321086,1777900752.917494,1777900752.917494,44372
3385,21921.332235,1777900752.928622,1777900752.928622,44373
3386,21921.343325,1777900752.939749,1777900752.939749,44374
3387,21921.354457,1777900752.950877,1777900752.950877,44375
3388,21921.365751,1777900752.962004,1777900752.962004,44376
3389,21921.376693,1777900752.973132,1777900752.973132,44377
3390,21921.387814,1777900752.984260,1777900752.984260,44378
3391,21921.399089,1777900752.995387,1777900752.995387,44379
3392,21921.410135,1777900753.006514,1777900753.006514,44380
3393,21921.421336,1777900753.017642,1777900753.017642,44381
3394,21921.432399,1777900753.028770,1777900753.028770,44382
3395,21921.443518,1777900753.039897,1777900753.039897,44383
3396,21921.454798,1777900753.051024,1777900753.051024,44384
3397,21921.465902,1777900753.062153,1777900753.062153,44385
3398,21921.476892,1777900753.073280,1777900753.073280,44386
3399,21921.488009,1777900753.084407,1777900753.084407,44387
3400,21921.499308,1777900753.095536,1777900753.095536,44388
3401,21921.510560,1777900753.106663,1777900753.106663,44389
3402,21921.521579,1777900753.117790,1777900753.117790,44390
3403,21921.532563,1777900753.128918,1777900753.128918,44391
3404,21921.543679,1777900753.140045,1777900753.140045,44392
3405,21921.554813,1777900753.151173,1777900753.151173,44393
3406,21921.565907,1777900753.162301,1777900753.162301,44394
3407,21921.577088,1777900753.173428,1777900753.173428,44395
3408,21921.588246,1777900753.184555,1777900753.184555,44396
3409,21921.599272,1777900753.195683,1777900753.195683,44397
3410,21921.610386,1777900753.206811,1777900753.206811,44398
3411,21921.621556,1777900753.217938,1777900753.217938,44399
3412,21921.632629,1777900753.229066,1777900753.229066,44400
3413,21921.643757,1777900753.240194,1777900753.240194,44401
3414,21921.655023,1777900753.251321,1777900753.251321,44402
3415,21921.666021,1777900753.262449,1777900753.262449,44403
3416,21921.677156,1777900753.273576,1777900753.273576,44404
3417,21921.688514,1777900753.284703,1777900753.284703,44405
3418,21921.699437,1777900753.295832,1777900753.295832,44406
3419,21921.710513,1777900753.306959,1777900753.306959,44407
3420,21921.721765,1777900753.318086,1777900753.318086,44408
3421,21921.732767,1777900753.329214,1777900753.329214,44409
3422,21921.743937,1777900753.340342,1777900753.340342,44410
3423,21921.755237,1777900753.351469,1777900753.351469,44411
3424,21921.766171,1777900753.362597,1777900753.362597,44412
3425,21921.777368,1777900753.373724,1777900753.373724,44413
3426,21921.788663,1777900753.384852,1777900753.384852,44414
3427,21921.799542,1777900753.395980,1777900753.395980,44415
3428,21921.810675,1777900753.407107,1777900753.407107,44416
3429,21921.821867,1777900753.418234,1777900753.418234,44417
3430,21921.832922,1777900753.429363,1777900753.429363,44418
3431,21921.844092,1777900753.440490,1777900753.440490,44419
3432,21921.855290,1777900753.451617,1777900753.451617,44420
3433,21921.877455,1777900753.473873,1777900753.473873,44422
3434,21921.888759,1777900753.485000,1777900753.485000,44423
3435,21921.899705,1777900753.496127,1777900753.496127,44424
3436,21921.910797,1777900753.507255,1777900753.507255,44425
3437,21921.921958,1777900753.518383,1777900753.518383,44426
3438,21921.933087,1777900753.529510,1777900753.529510,44427
3439,21921.944310,1777900753.540638,1777900753.540638,44428
3440,21921.955336,1777900753.551766,1777900753.551766,44429
3441,21921.966538,1777900753.562893,1777900753.562893,44430
3442,21921.977601,1777900753.574021,1777900753.574021,44431
3443,21921.999837,1777900753.596276,1777900753.596276,44433
3444,21922.011011,1777900753.607404,1777900753.607404,44434
3445,21922.022294,1777900753.618532,1777900753.618532,44435
3446,21922.033214,1777900753.629659,1777900753.629659,44436
3447,21922.044359,1777900753.640787,1777900753.640787,44437
3448,21922.055631,1777900753.651915,1777900753.651915,44438
3449,21922.066606,1777900753.663042,1777900753.663042,44439
3450,21922.077743,1777900753.674170,1777900753.674170,44440
3451,21922.088996,1777900753.685297,1777900753.685297,44441
3452,21922.099966,1777900753.696425,1777900753.696425,44442
3453,21922.111092,1777900753.707553,1777900753.707553,44443
3454,21922.122360,1777900753.718681,1777900753.718681,44444
3455,21922.133444,1777900753.729808,1777900753.729808,44445
3456,21922.144576,1777900753.740937,1777900753.740937,44446
3457,21922.155692,1777900753.752064,1777900753.752064,44447
3458,21922.166770,1777900753.763191,1777900753.763191,44448
3459,21922.177910,1777900753.774320,1777900753.774320,44449
3460,21922.189109,1777900753.785447,1777900753.785447,44450
3461,21922.200178,1777900753.796574,1777900753.796574,44451
3462,21922.211359,1777900753.807703,1777900753.807703,44452
3463,21922.222517,1777900753.818830,1777900753.818830,44453
3464,21922.233492,1777900753.829957,1777900753.829957,44454
3465,21922.244658,1777900753.841085,1777900753.841085,44455
3466,21922.255805,1777900753.852213,1777900753.852213,44456
3467,21922.266853,1777900753.863340,1777900753.863340,44457
3468,21922.278049,1777900753.874469,1777900753.874469,44458
3469,21922.289191,1777900753.885596,1777900753.885596,44459
3470,21922.300289,1777900753.896723,1777900753.896723,44460
3471,21922.311484,1777900753.907851,1777900753.907851,44461
3472,21922.322736,1777900753.918979,1777900753.918979,44462
3473,21922.333686,1777900753.930106,1777900753.930106,44463
3474,21922.344927,1777900753.941234,1777900753.941234,44464
3475,21922.355953,1777900753.952362,1777900753.952362,44465
3476,21922.367061,1777900753.963490,1777900753.963490,44466
3477,21922.378242,1777900753.974617,1777900753.974617,44467
3478,21922.389326,1777900753.985745,1777900753.985745,44468
3479,21922.400494,1777900753.996873,1777900753.996873,44469
3480,21922.411740,1777900754.008000,1777900754.008000,44470
3481,21922.422703,1777900754.019128,1777900754.019128,44471
3482,21922.433847,1777900754.030256,1777900754.030256,44472
3483,21922.444950,1777900754.041383,1777900754.041383,44473
3484,21922.456086,1777900754.052511,1777900754.052511,44474
3485,21922.467219,1777900754.063639,1777900754.063639,44475
3486,21922.478403,1777900754.074766,1777900754.074766,44476
3487,21922.489461,1777900754.085894,1777900754.085894,44477
3488,21922.500588,1777900754.097022,1777900754.097022,44478
3489,21922.511863,1777900754.108149,1777900754.108149,44479
3490,21922.522906,1777900754.119277,1777900754.119277,44480
3491,21922.533983,1777900754.130405,1777900754.130405,44481
3492,21922.545178,1777900754.141532,1777900754.141532,44482
3493,21922.556270,1777900754.152661,1777900754.152661,44483
3494,21922.567366,1777900754.163788,1777900754.163788,44484
3495,21922.578508,1777900754.174915,1777900754.174915,44485
3496,21922.589633,1777900754.186044,1777900754.186044,44486
3497,21922.600767,1777900754.197171,1777900754.197171,44487
3498,21922.611995,1777900754.208298,1777900754.208298,44488
3499,21922.623034,1777900754.219427,1777900754.219427,44489
3500,21922.634131,1777900754.230554,1777900754.230554,44490
3501,21922.645277,1777900754.241681,1777900754.241681,44491
3502,21922.656404,1777900754.252810,1777900754.252810,44492
3503,21922.667496,1777900754.263937,1777900754.263937,44493
3504,21922.678681,1777900754.275064,1777900754.275064,44494
3505,21922.689774,1777900754.286193,1777900754.286193,44495
3506,21922.700919,1777900754.297320,1777900754.297320,44496
3507,21922.712141,1777900754.308448,1777900754.308448,44497
3508,21922.723098,1777900754.319576,1777900754.319576,44498
3509,21922.734264,1777900754.330703,1777900754.330703,44499
3510,21922.745594,1777900754.341831,1777900754.341831,44500
3511,21922.756509,1777900754.352958,1777900754.352958,44501
3512,21922.767605,1777900754.364086,1777900754.364086,44502
3513,21922.778904,1777900754.375214,1777900754.375214,44503
3514,21922.789904,1777900754.386341,1777900754.386341,44504
3515,21922.801118,1777900754.397470,1777900754.397470,44505
3516,21922.812419,1777900754.408597,1777900754.408597,44506
3517,21922.823293,1777900754.419724,1777900754.419724,44507
3518,21922.834422,1777900754.430853,1777900754.430853,44508
3519,21922.845733,1777900754.441980,1777900754.441980,44509
3520,21922.856669,1777900754.453107,1777900754.453107,44510
3521,21922.867794,1777900754.464236,1777900754.464236,44511
3522,21922.878999,1777900754.475363,1777900754.475363,44512
3523,21922.890107,1777900754.486490,1777900754.486490,44513
3524,21922.901210,1777900754.497619,1777900754.497619,44514
3525,21922.912379,1777900754.508746,1777900754.508746,44515
3526,21922.923430,1777900754.519874,1777900754.519874,44516
3527,21922.934627,1777900754.531002,1777900754.531002,44517
3528,21922.945747,1777900754.542129,1777900754.542129,44518
3529,21922.957427,1777900754.553257,1777900754.553257,44519
3530,21922.967970,1777900754.564385,1777900754.564385,44520
3531,21922.979110,1777900754.575512,1777900754.575512,44521
3532,21922.990196,1777900754.586639,1777900754.586639,44522
3533,21923.001336,1777900754.597767,1777900754.597767,44523
3534,21923.012453,1777900754.608895,1777900754.608895,44524
3535,21923.023557,1777900754.620022,1777900754.620022,44525
3536,21923.034812,1777900754.631150,1777900754.631150,44526
3537,21923.045832,1777900754.642277,1777900754.642277,44527
3538,21923.056954,1777900754.653404,1777900754.653404,44528
3539,21923.068204,1777900754.664532,1777900754.664532,44529
3540,21923.079330,1777900754.675660,1777900754.675660,44530
3541,21923.090571,1777900754.686787,1777900754.686787,44531
3542,21923.101557,1777900754.697915,1777900754.697915,44532
3543,21923.112596,1777900754.709043,1777900754.709043,44533
3544,21923.123737,1777900754.720170,1777900754.720170,44534
3545,21923.135007,1777900754.731298,1777900754.731298,44535
3546,21923.146040,1777900754.742425,1777900754.742425,44536
3547,21923.157146,1777900754.753552,1777900754.753552,44537
3548,21923.168321,1777900754.764680,1777900754.764680,44538
3549,21923.179390,1777900754.775808,1777900754.775808,44539
3550,21923.190519,1777900754.786935,1777900754.786935,44540
3551,21923.201798,1777900754.798062,1777900754.798062,44541
3552,21923.212750,1777900754.809190,1777900754.809190,44542
3553,21923.223871,1777900754.820317,1777900754.820317,44543
3554,21923.235178,1777900754.831445,1777900754.831445,44544
3555,21923.246147,1777900754.842573,1777900754.842573,44545
3556,21923.257253,1777900754.853700,1777900754.853700,44546
3557,21923.268590,1777900754.864827,1777900754.864827,44547
3558,21923.279518,1777900754.875955,1777900754.875955,44548
3559,21923.290629,1777900754.887083,1777900754.887083,44549
3560,21923.301817,1777900754.898210,1777900754.898210,44550
3561,21923.312879,1777900754.909338,1777900754.909338,44551
3562,21923.324074,1777900754.920465,1777900754.920465,44552
3563,21923.335312,1777900754.931592,1777900754.931592,44553
3564,21923.346262,1777900754.942721,1777900754.942721,44554
3565,21923.357389,1777900754.953848,1777900754.953848,44555
3566,21923.368801,1777900754.964975,1777900754.964975,44556
3567,21923.379693,1777900754.976103,1777900754.976103,44557
3568,21923.390803,1777900754.987231,1777900754.987231,44558
3569,21923.401909,1777900754.998358,1777900754.998358,44559
3570,21923.413137,1777900755.009486,1777900755.009486,44560
3571,21923.424244,1777900755.020613,1777900755.020613,44561
3572,21923.435481,1777900755.031740,1777900755.031740,44562
3573,21923.446451,1777900755.042868,1777900755.042868,44563
3574,21923.457696,1777900755.053996,1777900755.053996,44564
3575,21923.468847,1777900755.065123,1777900755.065123,44565
3576,21923.479823,1777900755.076251,1777900755.076251,44566
3577,21923.491115,1777900755.087378,1777900755.087378,44567
3578,21923.502209,1777900755.098505,1777900755.098505,44568
3579,21923.513202,1777900755.109634,1777900755.109634,44569
3580,21923.524365,1777900755.120761,1777900755.120761,44570
3581,21923.535439,1777900755.131888,1777900755.131888,44571
3582,21923.546588,1777900755.143016,1777900755.143016,44572
3583,21923.557820,1777900755.154144,1777900755.154144,44573
3584,21923.568913,1777900755.165271,1777900755.165271,44574
3585,21923.580015,1777900755.176399,1777900755.176399,44575
3586,21923.591077,1777900755.187526,1777900755.187526,44576
3587,21923.602387,1777900755.198653,1777900755.198653,44577
3588,21923.613367,1777900755.209781,1777900755.209781,44578
3589,21923.624441,1777900755.220909,1777900755.220909,44579
3590,21923.635620,1777900755.232036,1777900755.232036,44580
3591,21923.646703,1777900755.243163,1777900755.243163,44581
3592,21923.657836,1777900755.254291,1777900755.254291,44582
3593,21923.669169,1777900755.265419,1777900755.265419,44583
3594,21923.680096,1777900755.276546,1777900755.276546,44584
3595,21923.691223,1777900755.287674,1777900755.287674,44585
3596,21923.702434,1777900755.298801,1777900755.298801,44586
3597,21923.713460,1777900755.309928,1777900755.309928,44587
3598,21923.724582,1777900755.321057,1777900755.321057,44588
3599,21923.735753,1777900755.332184,1777900755.332184,44589
3600,21923.746861,1777900755.343311,1777900755.343311,44590
3601,21923.758077,1777900755.354439,1777900755.354439,44591
3602,21923.769147,1777900755.365566,1777900755.365566,44592
3603,21923.780231,1777900755.376693,1777900755.376693,44593
3604,21923.791375,1777900755.387822,1777900755.387822,44594
3605,21923.802601,1777900755.398949,1777900755.398949,44595
3606,21923.813615,1777900755.410076,1777900755.410076,44596
3607,21923.824761,1777900755.421204,1777900755.421204,44597
3608,21923.835952,1777900755.432332,1777900755.432332,44598
3609,21923.847034,1777900755.443459,1777900755.443459,44599
3610,21923.858331,1777900755.454587,1777900755.454587,44600
3611,21923.869287,1777900755.465714,1777900755.465714,44601
3612,21923.880391,1777900755.476841,1777900755.476841,44602
3613,21923.891702,1777900755.487970,1777900755.487970,44603
3614,21923.902663,1777900755.499097,1777900755.499097,44604
3615,21923.913776,1777900755.510224,1777900755.510224,44605
3616,21923.925056,1777900755.521352,1777900755.521352,44606
3617,21923.936095,1777900755.532480,1777900755.532480,44607
3618,21923.947161,1777900755.543607,1777900755.543607,44608
3619,21923.958402,1777900755.554735,1777900755.554735,44609
3620,21923.969451,1777900755.565862,1777900755.565862,44610
3621,21923.980547,1777900755.576989,1777900755.576989,44611
3622,21923.991865,1777900755.588117,1777900755.588117,44612
3623,21924.002835,1777900755.599244,1777900755.599244,44613
3624,21924.013949,1777900755.610371,1777900755.610371,44614
3625,21924.025132,1777900755.621500,1777900755.621500,44615
3626,21924.036218,1777900755.632627,1777900755.632627,44616
3627,21924.047329,1777900755.643754,1777900755.643754,44617
3628,21924.058546,1777900755.654881,1777900755.654881,44618
3629,21924.069552,1777900755.666009,1777900755.666009,44619
3630,21924.080676,1777900755.677136,1777900755.677136,44620
3631,21924.091977,1777900755.688263,1777900755.688263,44621
3632,21924.102950,1777900755.699391,1777900755.699391,44622
3633,21924.114114,1777900755.710518,1777900755.710518,44623
3634,21924.125435,1777900755.721645,1777900755.721645,44624
3635,21924.136410,1777900755.732774,1777900755.732774,44625
3636,21924.147455,1777900755.743900,1777900755.743900,44626
3637,21924.158626,1777900755.755028,1777900755.755028,44627
3638,21924.169684,1777900755.766155,1777900755.766155,44628
3639,21924.180868,1777900755.777283,1777900755.777283,44629
3640,21924.192076,1777900755.788410,1777900755.788410,44630
3641,21924.203098,1777900755.799538,1777900755.799538,44631
3642,21924.214207,1777900755.810665,1777900755.810665,44632
3643,21924.225542,1777900755.821792,1777900755.821792,44633
3644,21924.236442,1777900755.832920,1777900755.832920,44634
3645,21924.247677,1777900755.844047,1777900755.844047,44635
3646,21924.258885,1777900755.855174,1777900755.855174,44636
3647,21924.269835,1777900755.866302,1777900755.866302,44637
3648,21924.281070,1777900755.877429,1777900755.877429,44638
3649,21924.292228,1777900755.888557,1777900755.888557,44639
3650,21924.303232,1777900755.899685,1777900755.899685,44640
3651,21924.314432,1777900755.910812,1777900755.910812,44641
3652,21924.325575,1777900755.921939,1777900755.921939,44642
3653,21924.336633,1777900755.933067,1777900755.933067,44643
3654,21924.347911,1777900755.944194,1777900755.944194,44644
3655,21924.358931,1777900755.955321,1777900755.955321,44645
3656,21924.369977,1777900755.966449,1777900755.966449,44646
3657,21924.381257,1777900755.977576,1777900755.977576,44647
3658,21924.392474,1777900755.988703,1777900755.988703,44648
3659,21924.403393,1777900755.999831,1777900755.999831,44649
3660,21924.414553,1777900756.010958,1777900756.010958,44650
3661,21924.425813,1777900756.022086,1777900756.022086,44651
3662,21924.436782,1777900756.033214,1777900756.033214,44652
3663,21924.447934,1777900756.044341,1777900756.044341,44653
3664,21924.459085,1777900756.055468,1777900756.055468,44654
3665,21924.470154,1777900756.066596,1777900756.066596,44655
3666,21924.481321,1777900756.077723,1777900756.077723,44656
3667,21924.492403,1777900756.088850,1777900756.088850,44657
3668,21924.503545,1777900756.099978,1777900756.099978,44658
3669,21924.514757,1777900756.111105,1777900756.111105,44659
3670,21924.525793,1777900756.122232,1777900756.122232,44660
3671,21924.536914,1777900756.133359,1777900756.133359,44661
3672,21924.548167,1777900756.144488,1777900756.144488,44662
3673,21924.559205,1777900756.155615,1777900756.155615,44663
3674,21924.570306,1777900756.166742,1777900756.166742,44664
3675,21924.581444,1777900756.177870,1777900756.177870,44665
3676,21924.592531,1777900756.188997,1777900756.188997,44666
3677,21924.603652,1777900756.200124,1777900756.200124,44667
3678,21924.614950,1777900756.211252,1777900756.211252,44668
3679,21924.625946,1777900756.222379,1777900756.222379,44669
3680,21924.637097,1777900756.233506,1777900756.233506,44670
3681,21924.648353,1777900756.244634,1777900756.244634,44671
3682,21924.659339,1777900756.255761,1777900756.255761,44672
3683,21924.670427,1777900756.266888,1777900756.266888,44673
3684,21924.681670,1777900756.278016,1777900756.278016,44674
3685,21924.692675,1777900756.289144,1777900756.289144,44675
3686,21924.703828,1777900756.300271,1777900756.300271,44676
3687,21924.715069,1777900756.311399,1777900756.311399,44677
3688,21924.726098,1777900756.322526,1777900756.322526,44678
3689,21924.737185,1777900756.333653,1777900756.333653,44679
3690,21924.748333,1777900756.344781,1777900756.344781,44680
3691,21924.759494,1777900756.355908,1777900756.355908,44681
3692,21924.770601,1777900756.367035,1777900756.367035,44682
3693,21924.781773,1777900756.378163,1777900756.378163,44683
3694,21924.792867,1777900756.389290,1777900756.389290,44684
3695,21924.803970,1777900756.400417,1777900756.400417,44685
3696,21924.815232,1777900756.411546,1777900756.411546,44686
3697,21924.826236,1777900756.422673,1777900756.422673,44687
3698,21924.837350,1777900756.433800,1777900756.433800,44688
3699,21924.848507,1777900756.444928,1777900756.444928,44689
3700,21924.859589,1777900756.456055,1777900756.456055,44690
3701,21924.870770,1777900756.467182,1777900756.467182,44691
3702,21924.882102,1777900756.478310,1777900756.478310,44692
3703,21924.892973,1777900756.489437,1777900756.489437,44693
3704,21924.904124,1777900756.500564,1777900756.500564,44694
3705,21924.915300,1777900756.511692,1777900756.511692,44695
3706,21924.926393,1777900756.522819,1777900756.522819,44696
3707,21924.937523,1777900756.533946,1777900756.533946,44697
3708,21924.948671,1777900756.545074,1777900756.545074,44698
3709,21924.959787,1777900756.556201,1777900756.556201,44699
3710,21924.970882,1777900756.567329,1777900756.567329,44700
3711,21924.982180,1777900756.578456,1777900756.578456,44701
3712,21924.993153,1777900756.589584,1777900756.589584,44702
3713,21925.004276,1777900756.600711,1777900756.600711,44703
3714,21925.015579,1777900756.611838,1777900756.611838,44704
3715,21925.026529,1777900756.622967,1777900756.622967,44705
3716,21925.037648,1777900756.634094,1777900756.634094,44706
3717,21925.048987,1777900756.645221,1777900756.645221,44707
3718,21925.059936,1777900756.656349,1777900756.656349,44708
3719,21925.071043,1777900756.667476,1777900756.667476,44709
3720,21925.082201,1777900756.678603,1777900756.678603,44710
3721,21925.093289,1777900756.689731,1777900756.689731,44711
3722,21925.104456,1777900756.700859,1777900756.700859,44712
3723,21925.115598,1777900756.711986,1777900756.711986,44713
3724,21925.126671,1777900756.723114,1777900756.723114,44714
3725,21925.137922,1777900756.734241,1777900756.734241,44715
3726,21925.148952,1777900756.745368,1777900756.745368,44716
3727,21925.160057,1777900756.756496,1777900756.756496,44717
3728,21925.171169,1777900756.767623,1777900756.767623,44718
3729,21925.183085,1777900756.778751,1777900756.778751,44719
3730,21925.193424,1777900756.789879,1777900756.789879,44720
3731,21925.204651,1777900756.801006,1777900756.801006,44721
3732,21925.215695,1777900756.812133,1777900756.812133,44722
3733,21925.226780,1777900756.823261,1777900756.823261,44723
3734,21925.237997,1777900756.834389,1777900756.834389,44724
3735,21925.249117,1777900756.845516,1777900756.845516,44725
3736,21925.260196,1777900756.856644,1777900756.856644,44726
3737,21925.271381,1777900756.867771,1777900756.867771,44727
3738,21925.282457,1777900756.878898,1777900756.878898,44728
3739,21925.293560,1777900756.890026,1777900756.890026,44729
3740,21925.304764,1777900756.901154,1777900756.901154,44730
3741,21925.315815,1777900756.912281,1777900756.912281,44731
3742,21925.326970,1777900756.923409,1777900756.923409,44732
3743,21925.338200,1777900756.934536,1777900756.934536,44733
3744,21925.349204,1777900756.945663,1777900756.945663,44734
3745,21925.360345,1777900756.956791,1777900756.956791,44735
3746,21925.371445,1777900756.967918,1777900756.967918,44736
3747,21925.382610,1777900756.979046,1777900756.979046,44737
3748,21925.393698,1777900756.990174,1777900756.990174,44738
3749,21925.404945,1777900757.001301,1777900757.001301,44739
3750,21925.415980,1777900757.012428,1777900757.012428,44740
3751,21925.427086,1777900757.023556,1777900757.023556,44741
3752,21925.438350,1777900757.034684,1777900757.034684,44742
3753,21925.449362,1777900757.045811,1777900757.045811,44743
3754,21925.460524,1777900757.056938,1777900757.056938,44744
3755,21925.471651,1777900757.068066,1777900757.068066,44745
3756,21925.482720,1777900757.079193,1777900757.079193,44746
3757,21925.493862,1777900757.090320,1777900757.090320,44747
3758,21925.505116,1777900757.101449,1777900757.101449,44748
3759,21925.516128,1777900757.112576,1777900757.112576,44749
3760,21925.527273,1777900757.123703,1777900757.123703,44750
3761,21925.538407,1777900757.134831,1777900757.134831,44751
3762,21925.549569,1777900757.145958,1777900757.145958,44752
3763,21925.560649,1777900757.157085,1777900757.157085,44753
3764,21925.571979,1777900757.168213,1777900757.168213,44754
3765,21925.582891,1777900757.179341,1777900757.179341,44755
3766,21925.594012,1777900757.190468,1777900757.190468,44756
3767,21925.605191,1777900757.201596,1777900757.201596,44757
3768,21925.616274,1777900757.212723,1777900757.212723,44758
3769,21925.627428,1777900757.223850,1777900757.223850,44759
3770,21925.638607,1777900757.234978,1777900757.234978,44760
3771,21925.649614,1777900757.246105,1777900757.246105,44761
3772,21925.660771,1777900757.257233,1777900757.257233,44762
3773,21925.672112,1777900757.268361,1777900757.268361,44763
3774,21925.683063,1777900757.279488,1777900757.279488,44764
3775,21925.694214,1777900757.290615,1777900757.290615,44765
3776,21925.705435,1777900757.301744,1777900757.301744,44766
3777,21925.716424,1777900757.312871,1777900757.312871,44767
3778,21925.727685,1777900757.323998,1777900757.323998,44768
3779,21925.738830,1777900757.335126,1777900757.335126,44769
3780,21925.749809,1777900757.346253,1777900757.346253,44770
3781,21925.760939,1777900757.357380,1777900757.357380,44771
3782,21925.772278,1777900757.368508,1777900757.368508,44772
3783,21925.783195,1777900757.379636,1777900757.379636,44773
3784,21925.794313,1777900757.390763,1777900757.390763,44774
3785,21925.805515,1777900757.401891,1777900757.401891,44775
3786,21925.816563,1777900757.413018,1777900757.413018,44776
3787,21925.827783,1777900757.424145,1777900757.424145,44777
3788,21925.838948,1777900757.435273,1777900757.435273,44778
3789,21925.849941,1777900757.446400,1777900757.446400,44779
3790,21925.861183,1777900757.457528,1777900757.457528,44780
3791,21925.872280,1777900757.468655,1777900757.468655,44781
3792,21925.883341,1777900757.479783,1777900757.479783,44782
3793,21925.894482,1777900757.490910,1777900757.490910,44783
3794,21925.905640,1777900757.502037,1777900757.502037,44784
3795,21925.916692,1777900757.513165,1777900757.513165,44785
3796,21925.927900,1777900757.524293,1777900757.524293,44786
3797,21925.938993,1777900757.535420,1777900757.535420,44787
3798,21925.950134,1777900757.546548,1777900757.546548,44788
3799,21925.961359,1777900757.557675,1777900757.557675,44789
3800,21925.972354,1777900757.568802,1777900757.568802,44790
3801,21925.983464,1777900757.579930,1777900757.579930,44791
3802,21925.994714,1777900757.591057,1777900757.591057,44792
3803,21926.005734,1777900757.602184,1777900757.602184,44793
3804,21926.016850,1777900757.613312,1777900757.613312,44794
3805,21926.028016,1777900757.624439,1777900757.624439,44795
3806,21926.039196,1777900757.635567,1777900757.635567,44796
3807,21926.050242,1777900757.646695,1777900757.646695,44797
3808,21926.061480,1777900757.657822,1777900757.657822,44798
3809,21926.072527,1777900757.668949,1777900757.668949,44799
3810,21926.083681,1777900757.680077,1777900757.680077,44800
3811,21926.094774,1777900757.691204,1777900757.691204,44801
3812,21926.105921,1777900757.702331,1777900757.702331,44802
3813,21926.117044,1777900757.713459,1777900757.713459,44803
3814,21926.128332,1777900757.724586,1777900757.724586,44804
3815,21926.139314,1777900757.735713,1777900757.735713,44805
3816,21926.150458,1777900757.746842,1777900757.746842,44806
3817,21926.161692,1777900757.757968,1777900757.757968,44807
3818,21926.172655,1777900757.769096,1777900757.769096,44808
3819,21926.183771,1777900757.780224,1777900757.780224,44809
3820,21926.194935,1777900757.791351,1777900757.791351,44810
3821,21926.206121,1777900757.802478,1777900757.802478,44811
3822,21926.217175,1777900757.813606,1777900757.813606,44812
3823,21926.228348,1777900757.824733,1777900757.824733,44813
3824,21926.239431,1777900757.835860,1777900757.835860,44814
3825,21926.250635,1777900757.846988,1777900757.846988,44815
3826,21926.261742,1777900757.858115,1777900757.858115,44816
3827,21926.272811,1777900757.869242,1777900757.869242,44817
3828,21926.283913,1777900757.880370,1777900757.880370,44818
3829,21926.295295,1777900757.891498,1777900757.891498,44819
3830,21926.306202,1777900757.902625,1777900757.902625,44820
3831,21926.317292,1777900757.913752,1777900757.913752,44821
3832,21926.328614,1777900757.924880,1777900757.924880,44822
3833,21926.339554,1777900757.936007,1777900757.936007,44823
3834,21926.350691,1777900757.947134,1777900757.947134,44824
3835,21926.361826,1777900757.958262,1777900757.958262,44825
3836,21926.372968,1777900757.969389,1777900757.969389,44826
3837,21926.384113,1777900757.980516,1777900757.980516,44827
3838,21926.395262,1777900757.991644,1777900757.991644,44828
3839,21926.406367,1777900758.002771,1777900758.002771,44829
3840,21926.417494,1777900758.013898,1777900758.013898,44830
3841,21926.428620,1777900758.025026,1777900758.025026,44831
3842,21926.439723,1777900758.036154,1777900758.036154,44832
3843,21926.450828,1777900758.047281,1777900758.047281,44833
3844,21926.462126,1777900758.058409,1777900758.058409,44834
3845,21926.473168,1777900758.069536,1777900758.069536,44835
3846,21926.484276,1777900758.080663,1777900758.080663,44836
3847,21926.495655,1777900758.091791,1777900758.091791,44837
3848,21926.506608,1777900758.102918,1777900758.102918,44838
3849,21926.517773,1777900758.114045,1777900758.114045,44839
3850,21926.528855,1777900758.125173,1777900758.125173,44840
3851,21926.539857,1777900758.136300,1777900758.136300,44841
3852,21926.551036,1777900758.147427,1777900758.147427,44842
3853,21926.562184,1777900758.158556,1777900758.158556,44843
3854,21926.573250,1777900758.169682,1777900758.169682,44844
3855,21926.584490,1777900758.180809,1777900758.180809,44845
3856,21926.595653,1777900758.191937,1777900758.191937,44846
3857,21926.606640,1777900758.203065,1777900758.203065,44847
3858,21926.617768,1777900758.214192,1777900758.214192,44848
3859,21926.628980,1777900758.225320,1777900758.225320,44849
3860,21926.640046,1777900758.236447,1777900758.236447,44850
3861,21926.651233,1777900758.247574,1777900758.247574,44851
3862,21926.662287,1777900758.258702,1777900758.258702,44852
3863,21926.673416,1777900758.269829,1777900758.269829,44853
3864,21926.684603,1777900758.280956,1777900758.280956,44854
3865,21926.695691,1777900758.292084,1777900758.292084,44855
3866,21926.706814,1777900758.303211,1777900758.303211,44856
3867,21926.718054,1777900758.314338,1777900758.314338,44857
3868,21926.729084,1777900758.325466,1777900758.325466,44858
3869,21926.740181,1777900758.336593,1777900758.336593,44859
3870,21926.751413,1777900758.347720,1777900758.347720,44860
3871,21926.762401,1777900758.358848,1777900758.358848,44861
3872,21926.773549,1777900758.369976,1777900758.369976,44862
3873,21926.784849,1777900758.381103,1777900758.381103,44863
3874,21926.795792,1777900758.392230,1777900758.392230,44864
3875,21926.806922,1777900758.403358,1777900758.403358,44865
3876,21926.818109,1777900758.414485,1777900758.414485,44866
3877,21926.829223,1777900758.425612,1777900758.425612,44867
3878,21926.840317,1777900758.436740,1777900758.436740,44868
3879,21926.851562,1777900758.447867,1777900758.447867,44869
3880,21926.862564,1777900758.458994,1777900758.458994,44870
3881,21926.873680,1777900758.470122,1777900758.470122,44871
3882,21926.884957,1777900758.481249,1777900758.481249,44872
3883,21926.895961,1777900758.492377,1777900758.492377,44873
3884,21926.907111,1777900758.503504,1777900758.503504,44874
3885,21926.918440,1777900758.514632,1777900758.514632,44875
3886,21926.929353,1777900758.525759,1777900758.525759,44876
3887,21926.940446,1777900758.536887,1777900758.536887,44877
3888,21926.951645,1777900758.548014,1777900758.548014,44878
3889,21926.962709,1777900758.559141,1777900758.559141,44879
3890,21926.973876,1777900758.570269,1777900758.570269,44880
3891,21926.985084,1777900758.581396,1777900758.581396,44881
3892,21926.996083,1777900758.592523,1777900758.592523,44882
3893,21927.007185,1777900758.603651,1777900758.603651,44883
3894,21927.018418,1777900758.614778,1777900758.614778,44884
3895,21927.029450,1777900758.625906,1777900758.625906,44885
3896,21927.040556,1777900758.637033,1777900758.637033,44886
3897,21927.051749,1777900758.648161,1777900758.648161,44887
3898,21927.062886,1777900758.659288,1777900758.659288,44888
3899,21927.073997,1777900758.670416,1777900758.670416,44889
3900,21927.085127,1777900758.681543,1777900758.681543,44890
3901,21927.096237,1777900758.692670,1777900758.692670,44891
3902,21927.107362,1777900758.703798,1777900758.703798,44892
3903,21927.118521,1777900758.714925,1777900758.714925,44893
3904,21927.129846,1777900758.726052,1777900758.726052,44894
3905,21927.140763,1777900758.737180,1777900758.737180,44895
3906,21927.152047,1777900758.748307,1777900758.748307,44896
3907,21927.163020,1777900758.759434,1777900758.759434,44897
3908,21927.174126,1777900758.770562,1777900758.770562,44898
3909,21927.185459,1777900758.781690,1777900758.781690,44899
3910,21927.196412,1777900758.792817,1777900758.792817,44900
3911,21927.207717,1777900758.803944,1777900758.803944,44901
3912,21927.218795,1777900758.815072,1777900758.815072,44902
3913,21927.229767,1777900758.826199,1777900758.826199,44903
3914,21927.240922,1777900758.837326,1777900758.837326,44904
3915,21927.252298,1777900758.848454,1777900758.848454,44905
3916,21927.263163,1777900758.859581,1777900758.859581,44906
3917,21927.274287,1777900758.870708,1777900758.870708,44907
3918,21927.285547,1777900758.881836,1777900758.881836,44908
3919,21927.296532,1777900758.892964,1777900758.892964,44909
3920,21927.307784,1777900758.904091,1777900758.904091,44910
3921,21927.318910,1777900758.915219,1777900758.915219,44911
3922,21927.329914,1777900758.926346,1777900758.926346,44912
3923,21927.341099,1777900758.937473,1777900758.937473,44913
3924,21927.352218,1777900758.948601,1777900758.948601,44914
3925,21927.363312,1777900758.959728,1777900758.959728,44915
3926,21927.374459,1777900758.970855,1777900758.970855,44916
3927,21927.385541,1777900758.981983,1777900758.981983,44917
3928,21927.396691,1777900758.993110,1777900758.993110,44918
3929,21927.407884,1777900759.004238,1777900759.004238,44919
3930,21927.418929,1777900759.015365,1777900759.015365,44920
3931,21927.430061,1777900759.026493,1777900759.026493,44921
3932,21927.441202,1777900759.037620,1777900759.037620,44922
3933,21927.452329,1777900759.048748,1777900759.048748,44923
3934,21927.463437,1777900759.059875,1777900759.059875,44924
3935,21927.474706,1777900759.071002,1777900759.071002,44925
3936,21927.485692,1777900759.082130,1777900759.082130,44926
3937,21927.496835,1777900759.093257,1777900759.093257,44927
3938,21927.508080,1777900759.104384,1777900759.104384,44928
3939,21927.519127,1777900759.115512,1777900759.115512,44929
3940,21927.530206,1777900759.126639,1777900759.126639,44930
3941,21927.541528,1777900759.137766,1777900759.137766,44931
3942,21927.552441,1777900759.148895,1777900759.148895,44932
3943,21927.563575,1777900759.160022,1777900759.160022,44933
3944,21927.574698,1777900759.171149,1777900759.171149,44934
3945,21927.585884,1777900759.182277,1777900759.182277,44935
3946,21927.596964,1777900759.193404,1777900759.193404,44936
3947,21927.608166,1777900759.204531,1777900759.204531,44937
3948,21927.619227,1777900759.215659,1777900759.215659,44938
3949,21927.630350,1777900759.226786,1777900759.226786,44939
3950,21927.641585,1777900759.237913,1777900759.237913,44940
3951,21927.652569,1777900759.249040,1777900759.249040,44941
3952,21927.663720,1777900759.260168,1777900759.260168,44942
3953,21927.674862,1777900759.271295,1777900759.271295,44943
3954,21927.685988,1777900759.282422,1777900759.282422,44944
3955,21927.697194,1777900759.293550,1777900759.293550,44945
3956,21927.708359,1777900759.304678,1777900759.304678,44946
3957,21927.719369,1777900759.315805,1777900759.315805,44947
3958,21927.730515,1777900759.326933,1777900759.326933,44948
3959,21927.741808,1777900759.338060,1777900759.338060,44949
3960,21927.752738,1777900759.349187,1777900759.349187,44950
3961,21927.763865,1777900759.360315,1777900759.360315,44951
3962,21927.775155,1777900759.371442,1777900759.371442,44952
3963,21927.786130,1777900759.382569,1777900759.382569,44953
3964,21927.797243,1777900759.393697,1777900759.393697,44954
3965,21927.808449,1777900759.404824,1777900759.404824,44955
3966,21927.819499,1777900759.415951,1777900759.415951,44956
3967,21927.830645,1777900759.427080,1777900759.427080,44957
3968,21927.841886,1777900759.438206,1777900759.438206,44958
3969,21927.852899,1777900759.449334,1777900759.449334,44959
3970,21927.864010,1777900759.460462,1777900759.460462,44960
3971,21927.875408,1777900759.471589,1777900759.471589,44961
3972,21927.886294,1777900759.482716,1777900759.482716,44962
3973,21927.897404,1777900759.493844,1777900759.493844,44963
3974,21927.908610,1777900759.504971,1777900759.504971,44964
3975,21927.919685,1777900759.516098,1777900759.516098,44965
3976,21927.930778,1777900759.527226,1777900759.527226,44966
3977,21927.942028,1777900759.538353,1777900759.538353,44967
3978,21927.953227,1777900759.549480,1777900759.549480,44968
3979,21927.964207,1777900759.560608,1777900759.560608,44969
3980,21927.975564,1777900759.571736,1777900759.571736,44970
3981,21927.986484,1777900759.582863,1777900759.582863,44971
3982,21927.997585,1777900759.593991,1777900759.593991,44972
3983,21928.008933,1777900759.605118,1777900759.605118,44973
3984,21928.019822,1777900759.616245,1777900759.616245,44974
3985,21928.030939,1777900759.627373,1777900759.627373,44975
3986,21928.042258,1777900759.638500,1777900759.638500,44976
3987,21928.053191,1777900759.649627,1777900759.649627,44977
3988,21928.064346,1777900759.660755,1777900759.660755,44978
3989,21928.075692,1777900759.671883,1777900759.671883,44979
3990,21928.086721,1777900759.683010,1777900759.683010,44980
3991,21928.097719,1777900759.694137,1777900759.694137,44981
3992,21928.108955,1777900759.705265,1777900759.705265,44982
3993,21928.119951,1777900759.716392,1777900759.716392,44983
3994,21928.131102,1777900759.727519,1777900759.727519,44984
3995,21928.142249,1777900759.738647,1777900759.738647,44985
3996,21928.153326,1777900759.749774,1777900759.749774,44986
3997,21928.164478,1777900759.760901,1777900759.760901,44987
3998,21928.175660,1777900759.772030,1777900759.772030,44988
3999,21928.186741,1777900759.783157,1777900759.783157,44989
4000,21928.197864,1777900759.794284,1777900759.794284,44990
4001,21928.209121,1777900759.805412,1777900759.805412,44991
4002,21928.220146,1777900759.816539,1777900759.816539,44992
4003,21928.231220,1777900759.827666,1777900759.827666,44993
4004,21928.242363,1777900759.838794,1777900759.838794,44994
4005,21928.253475,1777900759.849921,1777900759.849921,44995
4006,21928.264596,1777900759.861049,1777900759.861049,44996
4007,21928.275948,1777900759.872176,1777900759.872176,44997
4008,21928.286889,1777900759.883304,1777900759.883304,44998
4009,21928.297993,1777900759.894431,1777900759.894431,44999
4010,21928.309162,1777900759.905559,1777900759.905559,45000
4011,21928.320294,1777900759.916686,1777900759.916686,45001
4012,21928.331417,1777900759.927813,1777900759.927813,45002
4013,21928.342569,1777900759.938941,1777900759.938941,45003
4014,21928.353663,1777900759.950068,1777900759.950068,45004
4015,21928.364828,1777900759.961195,1777900759.961195,45005
4016,21928.375887,1777900759.972323,1777900759.972323,45006
4017,21928.387027,1777900759.983451,1777900759.983451,45007
4018,21928.398134,1777900759.994578,1777900759.994578,45008
4019,21928.409272,1777900760.005706,1777900760.005706,45009
4020,21928.420384,1777900760.016833,1777900760.016833,45010
4021,21928.431540,1777900760.027960,1777900760.027960,45011
4022,21928.442645,1777900760.039088,1777900760.039088,45012
4023,21928.453763,1777900760.050215,1777900760.050215,45013
4024,21928.465067,1777900760.061342,1777900760.061342,45014
4025,21928.476046,1777900760.072470,1777900760.072470,45015
4026,21928.487197,1777900760.083598,1777900760.083598,45016
4027,21928.498392,1777900760.094725,1777900760.094725,45017
4028,21928.509402,1777900760.105853,1777900760.105853,45018
4029,21928.520529,1777900760.116980,1777900760.116980,45019
4030,21928.531678,1777900760.128107,1777900760.128107,45020
4031,21928.542779,1777900760.139234,1777900760.139234,45021
4032,21928.554006,1777900760.150362,1777900760.150362,45022
4033,21928.565053,1777900760.161489,1777900760.161489,45023
4034,21928.576196,1777900760.172616,1777900760.172616,45024
4035,21928.587294,1777900760.183745,1777900760.183745,45025
4036,21928.598597,1777900760.194872,1777900760.194872,45026
4037,21928.609542,1777900760.205999,1777900760.205999,45027
4038,21928.620679,1777900760.217127,1777900760.217127,45028
4039,21928.631903,1777900760.228254,1777900760.228254,45029
4040,21928.642963,1777900760.239381,1777900760.239381,45030
4041,21928.654104,1777900760.250509,1777900760.250509,45031
4042,21928.665259,1777900760.261636,1777900760.261636,45032
4043,21928.676374,1777900760.272763,1777900760.272763,45033
4044,21928.687446,1777900760.283892,1777900760.283892,45034
4045,21928.698738,1777900760.295019,1777900760.295019,45035
4046,21928.709698,1777900760.306146,1777900760.306146,45036
4047,21928.720815,1777900760.317274,1777900760.317274,45037
4048,21928.732201,1777900760.328401,1777900760.328401,45038
4049,21928.743133,1777900760.339528,1777900760.339528,45039
4050,21928.754366,1777900760.350656,1777900760.350656,45040
4051,21928.765516,1777900760.361784,1777900760.361784,45041
4052,21928.776540,1777900760.372910,1777900760.372910,45042
4053,21928.787611,1777900760.384039,1777900760.384039,45043
4054,21928.798877,1777900760.395166,1777900760.395166,45044
4055,21928.809852,1777900760.406293,1777900760.406293,45045
4056,21928.821032,1777900760.417421,1777900760.417421,45046
4057,21928.832239,1777900760.428548,1777900760.428548,45047
4058,21928.843236,1777900760.439675,1777900760.439675,45048
4059,21928.854348,1777900760.450803,1777900760.450803,45049
4060,21928.865501,1777900760.461931,1777900760.461931,45050
4061,21928.876603,1777900760.473057,1777900760.473057,45051
4062,21928.887796,1777900760.484185,1777900760.484185,45052
4063,21928.899059,1777900760.495313,1777900760.495313,45053
4064,21928.910094,1777900760.506440,1777900760.506440,45054
4065,21928.921206,1777900760.517568,1777900760.517568,45055
4066,21928.932282,1777900760.528695,1777900760.528695,45056
4067,21928.943439,1777900760.539822,1777900760.539822,45057
4068,21928.954550,1777900760.550950,1777900760.550950,45058
4069,21928.965652,1777900760.562077,1777900760.562077,45059
4070,21928.976808,1777900760.573205,1777900760.573205,45060
4071,21928.987976,1777900760.584332,1777900760.584332,45061
4072,21928.999066,1777900760.595460,1777900760.595460,45062
4073,21929.010189,1777900760.606587,1777900760.606587,45063
4074,21929.021346,1777900760.617715,1777900760.617715,45064
4075,21929.032414,1777900760.628843,1777900760.628843,45065
4076,21929.043576,1777900760.639970,1777900760.639970,45066
4077,21929.054751,1777900760.651097,1777900760.651097,45067
4078,21929.065816,1777900760.662225,1777900760.662225,45068
4079,21929.076928,1777900760.673352,1777900760.673352,45069
4080,21929.088200,1777900760.684480,1777900760.684480,45070
4081,21929.099170,1777900760.695608,1777900760.695608,45071
4082,21929.110304,1777900760.706735,1777900760.706735,45072
4083,21929.121562,1777900760.717862,1777900760.717862,45073
4084,21929.132560,1777900760.728991,1777900760.728991,45074
4085,21929.143697,1777900760.740118,1777900760.740118,45075
4086,21929.154859,1777900760.751245,1777900760.751245,45076
4087,21929.165938,1777900760.762373,1777900760.762373,45077
4088,21929.177051,1777900760.773500,1777900760.773500,45078
4089,21929.188331,1777900760.784628,1777900760.784628,45079
4090,21929.199329,1777900760.795756,1777900760.795756,45080
4091,21929.210520,1777900760.806883,1777900760.806883,45081
4092,21929.221722,1777900760.818010,1777900760.818010,45082
4093,21929.232699,1777900760.829139,1777900760.829139,45083
4094,21929.243902,1777900760.840266,1777900760.840266,45084
4095,21929.254951,1777900760.851393,1777900760.851393,45085
4096,21929.266075,1777900760.862521,1777900760.862521,45086
4097,21929.277227,1777900760.873648,1777900760.873648,45087
4098,21929.288383,1777900760.884775,1777900760.884775,45088
4099,21929.299477,1777900760.895904,1777900760.895904,45089
4100,21929.310602,1777900760.907031,1777900760.907031,45090
4101,21929.321973,1777900760.918158,1777900760.918158,45091
4102,21929.332836,1777900760.929286,1777900760.929286,45092
4103,21929.343966,1777900760.940413,1777900760.940413,45093
4104,21929.355329,1777900760.951541,1777900760.951541,45094
4105,21929.366227,1777900760.962669,1777900760.962669,45095
4106,21929.377391,1777900760.973796,1777900760.973796,45096
4107,21929.388488,1777900760.984923,1777900760.984923,45097
4108,21929.400037,1777900760.996052,1777900760.996052,45098
4109,21929.410777,1777900761.007179,1777900761.007179,45099
4110,21929.433020,1777900761.029433,1777900761.029433,45101
4111,21929.444142,1777900761.040561,1777900761.040561,45102
4112,21929.455489,1777900761.051689,1777900761.051689,45103
4113,21929.466395,1777900761.062816,1777900761.062816,45104
4114,21929.477438,1777900761.073944,1777900761.073944,45105
4115,21929.488784,1777900761.085071,1777900761.085071,45106
4116,21929.499762,1777900761.096199,1777900761.096199,45107
4117,21929.510902,1777900761.107327,1777900761.107327,45108
4118,21929.522239,1777900761.118454,1777900761.118454,45109
4119,21929.533139,1777900761.129581,1777900761.129581,45110
4120,21929.544308,1777900761.140709,1777900761.140709,45111
4121,21929.555577,1777900761.151836,1777900761.151836,45112
4122,21929.566545,1777900761.162964,1777900761.162964,45113
4123,21929.577687,1777900761.174092,1777900761.174092,45114
4124,21929.588895,1777900761.185219,1777900761.185219,45115
4125,21929.599907,1777900761.196347,1777900761.196347,45116
4126,21929.611029,1777900761.207475,1777900761.207475,45117
4127,21929.622328,1777900761.218602,1777900761.218602,45118
4128,21929.633271,1777900761.229729,1777900761.229729,45119
4129,21929.644402,1777900761.240857,1777900761.240857,45120
4130,21929.655728,1777900761.251984,1777900761.251984,45121
4131,21929.666637,1777900761.263112,1777900761.263112,45122
4132,21929.677797,1777900761.274240,1777900761.274240,45123
4133,21929.688943,1777900761.285367,1777900761.285367,45124
4134,21929.700024,1777900761.296494,1777900761.296494,45125
4135,21929.711151,1777900761.307623,1777900761.307623,45126
4136,21929.722346,1777900761.318750,1777900761.318750,45127
4137,21929.733408,1777900761.329877,1777900761.329877,45128
4138,21929.744613,1777900761.341005,1777900761.341005,45129
4139,21929.755819,1777900761.352132,1777900761.352132,45130
4140,21929.766817,1777900761.363260,1777900761.363260,45131
4141,21929.777957,1777900761.374388,1777900761.374388,45132
4142,21929.789108,1777900761.385515,1777900761.385515,45133
4143,21929.800199,1777900761.396642,1777900761.396642,45134
4144,21929.811356,1777900761.407770,1777900761.407770,45135
4145,21929.822454,1777900761.418898,1777900761.418898,45136
4146,21929.833573,1777900761.430025,1777900761.430025,45137
4147,21929.844848,1777900761.441153,1777900761.441153,45138
4148,21929.855924,1777900761.452280,1777900761.452280,45139
4149,21929.866980,1777900761.463408,1777900761.463408,45140
4150,21929.878139,1777900761.474535,1777900761.474535,45141
4151,21929.889320,1777900761.485663,1777900761.485663,45142
4152,21929.900361,1777900761.496790,1777900761.496790,45143
4153,21929.911573,1777900761.507917,1777900761.507917,45144
4154,21929.922594,1777900761.519046,1777900761.519046,45145
4155,21929.933818,1777900761.530173,1777900761.530173,45146
4156,21929.945008,1777900761.541300,1777900761.541300,45147
4157,21929.956055,1777900761.552428,1777900761.552428,45148
4158,21929.967112,1777900761.563555,1777900761.563555,45149
4159,21929.978271,1777900761.574682,1777900761.574682,45150
4160,21929.989389,1777900761.585811,1777900761.585811,45151
4161,21930.000571,1777900761.596938,1777900761.596938,45152
4162,21930.011692,1777900761.608065,1777900761.608065,45153
4163,21930.022768,1777900761.619193,1777900761.619193,45154
4164,21930.033860,1777900761.630320,1777900761.630320,45155
4165,21930.045204,1777900761.641447,1777900761.641447,45156
4166,21930.056198,1777900761.652575,1777900761.652575,45157
4167,21930.067282,1777900761.663703,1777900761.663703,45158
4168,21930.078647,1777900761.674830,1777900761.674830,45159
4169,21930.089538,1777900761.685958,1777900761.685958,45160
4170,21930.100717,1777900761.697085,1777900761.697085,45161
4171,21930.111804,1777900761.708212,1777900761.708212,45162
4172,21930.122917,1777900761.719340,1777900761.719340,45163
4173,21930.134074,1777900761.730468,1777900761.730468,45164
4174,21930.145366,1777900761.741595,1777900761.741595,45165
4175,21930.156332,1777900761.752723,1777900761.752723,45166
4176,21930.167415,1777900761.763850,1777900761.763850,45167
4177,21930.178794,1777900761.774977,1777900761.774977,45168
4178,21930.189702,1777900761.786105,1777900761.786105,45169
4179,21930.200808,1777900761.797232,1777900761.797232,45170
4180,21930.212080,1777900761.808360,1777900761.808360,45171
4181,21930.223085,1777900761.819488,1777900761.819488,45172
4182,21930.234336,1777900761.830615,1777900761.830615,45173
4183,21930.245433,1777900761.841742,1777900761.841742,45174
4184,21930.256479,1777900761.852870,1777900761.852870,45175
4185,21930.267569,1777900761.863997,1777900761.863997,45176
4186,21930.278945,1777900761.875124,1777900761.875124,45177
4187,21930.289804,1777900761.886252,1777900761.886252,45178
4188,21930.300968,1777900761.897380,1777900761.897380,45179
4189,21930.312211,1777900761.908507,1777900761.908507,45180
4190,21930.323213,1777900761.919634,1777900761.919634,45181
4191,21930.334343,1777900761.930762,1777900761.930762,45182
4192,21930.345556,1777900761.941889,1777900761.941889,45183
4193,21930.356568,1777900761.953016,1777900761.953016,45184
4194,21930.367694,1777900761.964144,1777900761.964144,45185
4195,21930.379032,1777900761.975272,1777900761.975272,45186
4196,21930.389971,1777900761.986399,1777900761.986399,45187
4197,21930.401091,1777900761.997527,1777900761.997527,45188
4198,21930.412241,1777900762.008654,1777900762.008654,45189
4199,21930.423334,1777900762.019781,1777900762.019781,45190
4200,21930.434448,1777900762.030910,1777900762.030910,45191
4201,21930.445644,1777900762.042037,1777900762.042037,45192
4202,21930.456735,1777900762.053164,1777900762.053164,45193
4203,21930.467947,1777900762.064292,1777900762.064292,45194
4204,21930.479040,1777900762.075419,1777900762.075419,45195
4205,21930.490091,1777900762.086546,1777900762.086546,45196
4206,21930.501225,1777900762.097674,1777900762.097674,45197
4207,21930.512384,1777900762.108802,1777900762.108802,45198
4208,21930.523478,1777900762.119928,1777900762.119928,45199
4209,21930.534691,1777900762.131057,1777900762.131057,45200
4210,21930.545754,1777900762.142184,1777900762.142184,45201
4211,21930.556860,1777900762.153311,1777900762.153311,45202
4212,21930.568218,1777900762.164439,1777900762.164439,45203
4213,21930.579177,1777900762.175566,1777900762.175566,45204
4214,21930.590323,1777900762.186693,1777900762.186693,45205
4215,21930.601378,1777900762.197822,1777900762.197822,45206
4216,21930.612501,1777900762.208949,1777900762.208949,45207
4217,21930.623649,1777900762.220076,1777900762.220076,45208
4218,21930.634834,1777900762.231204,1777900762.231204,45209
4219,21930.645887,1777900762.242331,1777900762.242331,45210
4220,21930.657036,1777900762.253458,1777900762.253458,45211
4221,21930.668223,1777900762.264586,1777900762.264586,45212
4222,21930.679261,1777900762.275714,1777900762.275714,45213
4223,21930.690372,1777900762.286841,1777900762.286841,45214
4224,21930.701608,1777900762.297969,1777900762.297969,45215
4225,21930.712641,1777900762.309096,1777900762.309096,45216
4226,21930.723784,1777900762.320223,1777900762.320223,45217
4227,21930.734932,1777900762.331351,1777900762.331351,45218
4228,21930.746067,1777900762.342479,1777900762.342479,45219
4229,21930.757320,1777900762.353606,1777900762.353606,45220
4230,21930.779411,1777900762.375861,1777900762.375861,45222
4231,21930.790577,1777900762.386988,1777900762.386988,45223
4232,21930.801879,1777900762.398115,1777900762.398115,45224
4233,21930.812797,1777900762.409243,1777900762.409243,45225
4234,21930.823918,1777900762.420370,1777900762.420370,45226
4235,21930.835110,1777900762.431498,1777900762.431498,45227
4236,21930.846201,1777900762.442626,1777900762.442626,45228
4237,21930.857315,1777900762.453753,1777900762.453753,45229
4238,21930.868489,1777900762.464880,1777900762.464880,45230
4239,21930.879607,1777900762.476008,1777900762.476008,45231
4240,21930.890697,1777900762.487135,1777900762.487135,45232
4241,21930.902171,1777900762.498262,1777900762.498262,45233
4242,21930.912991,1777900762.509391,1777900762.509391,45234
4243,21930.924128,1777900762.520518,1777900762.520518,45235
4244,21930.935268,1777900762.531645,1777900762.531645,45236
4245,21930.946317,1777900762.542773,1777900762.542773,45237
4246,21930.957460,1777900762.553900,1777900762.553900,45238
4247,21930.968649,1777900762.565027,1777900762.565027,45239
4248,21930.979746,1777900762.576156,1777900762.576156,45240
4249,21930.990862,1777900762.587283,1777900762.587283,45241
4250,21931.002199,1777900762.598410,1777900762.598410,45242
4251,21931.013118,1777900762.609539,1777900762.609539,45243
4252,21931.024262,1777900762.620666,1777900762.620666,45244
4253,21931.035487,1777900762.631793,1777900762.631793,45245
4254,21931.046556,1777900762.642921,1777900762.642921,45246
4255,21931.057624,1777900762.654049,1777900762.654049,45247
4256,21931.068950,1777900762.665176,1777900762.665176,45248
4257,21931.079859,1777900762.676304,1777900762.676304,45249
4258,21931.102400,1777900762.698559,1777900762.698559,45251
4259,21931.113253,1777900762.709687,1777900762.709687,45252
4260,21931.124369,1777900762.720814,1777900762.720814,45253
4261,21931.135578,1777900762.731942,1777900762.731942,45254
4262,21931.146612,1777900762.743070,1777900762.743070,45255
4263,21931.157739,1777900762.754197,1777900762.754197,45256
4264,21931.168865,1777900762.765324,1777900762.765324,45257
4265,21931.180009,1777900762.776453,1777900762.776453,45258
4266,21931.191321,1777900762.787580,1777900762.787580,45259
4267,21931.202284,1777900762.798707,1777900762.798707,45260
4268,21931.213408,1777900762.809835,1777900762.809835,45261
4269,21931.224747,1777900762.820963,1777900762.820963,45262
4270,21931.235738,1777900762.832090,1777900762.832090,45263
4271,21931.246764,1777900762.843218,1777900762.843218,45264
4272,21931.257877,1777900762.854346,1777900762.854346,45265
4273,21931.269032,1777900762.865473,1777900762.865473,45266
4274,21931.280147,1777900762.876600,1777900762.876600,45267
4275,21931.291286,1777900762.887728,1777900762.887728,45268
4276,21931.302440,1777900762.898856,1777900762.898856,45269
4277,21931.313525,1777900762.909983,1777900762.909983,45270
4278,21931.324776,1777900762.921111,1777900762.921111,45271
4279,21931.335828,1777900762.932239,1777900762.932239,45272
4280,21931.346910,1777900762.943366,1777900762.943366,45273
4281,21931.358071,1777900762.954494,1777900762.954494,45274
4282,21931.369206,1777900762.965621,1777900762.965621,45275
4283,21931.380290,1777900762.976749,1777900762.976749,45276
4284,21931.391543,1777900762.987877,1777900762.987877,45277
4285,21931.402552,1777900762.999004,1777900762.999004,45278
4286,21931.413737,1777900763.010132,1777900763.010132,45279
4287,21931.424921,1777900763.021260,1777900763.021260,45280
4288,21931.435971,1777900763.032387,1777900763.032387,45281
4289,21931.447079,1777900763.043515,1777900763.043515,45282
4290,21931.458340,1777900763.054643,1777900763.054643,45283
4291,21931.469949,1777900763.065770,1777900763.065770,45284
4292,21931.491527,1777900763.065770,1777900763.065770,45284
4293,21931.491898,1777900763.088026,1777900763.088026,45286
4294,21931.502755,1777900763.099153,1777900763.099153,45287
4295,21931.513844,1777900763.110280,1777900763.110280,45288
4296,21931.524972,1777900763.121408,1777900763.121408,45289
4297,21931.536113,1777900763.132536,1777900763.132536,45290
4298,21931.547273,1777900763.143663,1777900763.143663,45291
4299,21931.558438,1777900763.154792,1777900763.154792,45292
4300,21931.569500,1777900763.165919,1777900763.165919,45293
4301,21931.580601,1777900763.177046,1777900763.177046,45294
4302,21931.591839,1777900763.188174,1777900763.188174,45295
4303,21931.602842,1777900763.199301,1777900763.199301,45296
4304,21931.613986,1777900763.210429,1777900763.210429,45297
4305,21931.625338,1777900763.221557,1777900763.221557,45298
4306,21931.636205,1777900763.232684,1777900763.232684,45299
4307,21931.647348,1777900763.243812,1777900763.243812,45300
4308,21931.658723,1777900763.254939,1777900763.254939,45301
4309,21931.669631,1777900763.266067,1777900763.266067,45302
4310,21931.680742,1777900763.277194,1777900763.277194,45303
4311,21931.691955,1777900763.288322,1777900763.288322,45304
4312,21931.703013,1777900763.299450,1777900763.299450,45305
4313,21931.714116,1777900763.310577,1777900763.310577,45306
4314,21931.725450,1777900763.321705,1777900763.321705,45307
4315,21931.736375,1777900763.332833,1777900763.332833,45308
4316,21931.747516,1777900763.343960,1777900763.343960,45309
4317,21931.758771,1777900763.355088,1777900763.355088,45310
4318,21931.769772,1777900763.366216,1777900763.366216,45311
4319,21931.781026,1777900763.377343,1777900763.377343,45312
4320,21931.792181,1777900763.388470,1777900763.388470,45313
4321,21931.803128,1777900763.399599,1777900763.399599,45314
4322,21931.814380,1777900763.410726,1777900763.410726,45315
4323,21931.825581,1777900763.421853,1777900763.421853,45316
4324,21931.836554,1777900763.432982,1777900763.432982,45317
4325,21931.847761,1777900763.444109,1777900763.444109,45318
4326,21931.858933,1777900763.455236,1777900763.455236,45319
4327,21931.869912,1777900763.466364,1777900763.466364,45320
4328,21931.881126,1777900763.477492,1777900763.477492,45321
4329,21931.892214,1777900763.488619,1777900763.488619,45322
4330,21931.903342,1777900763.499747,1777900763.499747,45323
4331,21931.914454,1777900763.510875,1777900763.510875,45324
4332,21931.925739,1777900763.522002,1777900763.522002,45325
4333,21931.936702,1777900763.533130,1777900763.533130,45326
4334,21931.947785,1777900763.544258,1777900763.544258,45327
4335,21931.958954,1777900763.555385,1777900763.555385,45328
4336,21931.970077,1777900763.566513,1777900763.566513,45329
4337,21931.981203,1777900763.577640,1777900763.577640,45330
4338,21931.992329,1777900763.588767,1777900763.588767,45331
4339,21932.003456,1777900763.599895,1777900763.599895,45332
4340,21932.014683,1777900763.611022,1777900763.611022,45333
4341,21932.025708,1777900763.622149,1777900763.622149,45334
4342,21932.036835,1777900763.633277,1777900763.633277,45335
4343,21932.048047,1777900763.644404,1777900763.644404,45336
4344,21932.059078,1777900763.655531,1777900763.655531,45337
4345,21932.070205,1777900763.666659,1777900763.666659,45338
4346,21932.081418,1777900763.677786,1777900763.677786,45339
4347,21932.092493,1777900763.688914,1777900763.688914,45340
4348,21932.103576,1777900763.700041,1777900763.700041,45341
4349,21932.114791,1777900763.711169,1777900763.711169,45342
4350,21932.125849,1777900763.722296,1777900763.722296,45343
4351,21932.136998,1777900763.733423,1777900763.733423,45344
4352,21932.148347,1777900763.744551,1777900763.744551,45345
4353,21932.159208,1777900763.755678,1777900763.755678,45346
4354,21932.170368,1777900763.766805,1777900763.766805,45347
4355,21932.181467,1777900763.777933,1777900763.777933,45348
4356,21932.192622,1777900763.789060,1777900763.789060,45349
4357,21932.203740,1777900763.800187,1777900763.800187,45350
4358,21932.215081,1777900763.811315,1777900763.811315,45351
4359,21932.226059,1777900763.822442,1777900763.822442,45352
4360,21932.237143,1777900763.833569,1777900763.833569,45353
4361,21932.248401,1777900763.844697,1777900763.844697,45354
4362,21932.259454,1777900763.855824,1777900763.855824,45355
4363,21932.270574,1777900763.866952,1777900763.866952,45356
4364,21932.281786,1777900763.878080,1777900763.878080,45357
4365,21932.292778,1777900763.889207,1777900763.889207,45358
4366,21932.303901,1777900763.900334,1777900763.900334,45359
4367,21932.315051,1777900763.911462,1777900763.911462,45360
4368,21932.326181,1777900763.922589,1777900763.922589,45361
4369,21932.337297,1777900763.933716,1777900763.933716,45362
4370,21932.348394,1777900763.944844,1777900763.944844,45363
4371,21932.359561,1777900763.955971,1777900763.955971,45364
4372,21932.370624,1777900763.967098,1777900763.967098,45365
4373,21932.381995,1777900763.978226,1777900763.978226,45366
4374,21932.393197,1777900763.989353,1777900763.989353,45367
4375,21932.404174,1777900764.000480,1777900764.000480,45368
4376,21932.415286,1777900764.011608,1777900764.011608,45369
4377,21932.426285,1777900764.022736,1777900764.022736,45370
4378,21932.437557,1777900764.033863,1777900764.033863,45371
4379,21932.448714,1777900764.044991,1777900764.044991,45372
4380,21932.459653,1777900764.056118,1777900764.056118,45373
4381,21932.470863,1777900764.067245,1777900764.067245,45374
4382,21932.482140,1777900764.078373,1777900764.078373,45375
4383,21932.493085,1777900764.089500,1777900764.089500,45376
4384,21932.504213,1777900764.100627,1777900764.100627,45377
4385,21932.515498,1777900764.111755,1777900764.111755,45378
4386,21932.526440,1777900764.122882,1777900764.122882,45379
4387,21932.537659,1777900764.134009,1777900764.134009,45380
4388,21932.548794,1777900764.145136,1777900764.145136,45381
4389,21932.559829,1777900764.156264,1777900764.156264,45382
4390,21932.570955,1777900764.167391,1777900764.167391,45383
4391,21932.582355,1777900764.178518,1777900764.178518,45384
4392,21932.593251,1777900764.189646,1777900764.189646,45385
4393,21932.604347,1777900764.200773,1777900764.200773,45386
4394,21932.615507,1777900764.211901,1777900764.211901,45387
4395,21932.626609,1777900764.223029,1777900764.223029,45388
4396,21932.637815,1777900764.234156,1777900764.234156,45389
4397,21932.648924,1777900764.245283,1777900764.245283,45390
4398,21932.660010,1777900764.256411,1777900764.256411,45391
4399,21932.671083,1777900764.267538,1777900764.267538,45392
4400,21932.682415,1777900764.278665,1777900764.278665,45393
4401,21932.693324,1777900764.289793,1777900764.289793,45394
4402,21932.704432,1777900764.300920,1777900764.300920,45395
4403,21932.715749,1777900764.312047,1777900764.312047,45396
4404,21932.726794,1777900764.323175,1777900764.323175,45397
4405,21932.737938,1777900764.334302,1777900764.334302,45398
4406,21932.749034,1777900764.345429,1777900764.345429,45399
4407,21932.760210,1777900764.356557,1777900764.356557,45400
4408,21932.771312,1777900764.367684,1777900764.367684,45401
4409,21932.782409,1777900764.378812,1777900764.378812,45402
4410,21932.793536,1777900764.389940,1777900764.389940,45403
4411,21932.804729,1777900764.401067,1777900764.401067,45404
4412,21932.815755,1777900764.412194,1777900764.412194,45405
4413,21932.826992,1777900764.423322,1777900764.423322,45406
4414,21932.838191,1777900764.434449,1777900764.434449,45407
4415,21932.849174,1777900764.445576,1777900764.445576,45408
4416,21932.860279,1777900764.456704,1777900764.456704,45409
4417,21932.871530,1777900764.467831,1777900764.467831,45410
4418,21932.882528,1777900764.478958,1777900764.478958,45411
4419,21932.893639,1777900764.490086,1777900764.490086,45412
4420,21932.904917,1777900764.501213,1777900764.501213,45413
4421,21932.915927,1777900764.512340,1777900764.512340,45414
4422,21932.927088,1777900764.523468,1777900764.523468,45415
4423,21932.938290,1777900764.534595,1777900764.534595,45416
4424,21932.949305,1777900764.545722,1777900764.545722,45417
4425,21932.960418,1777900764.556850,1777900764.556850,45418
4426,21932.971683,1777900764.567977,1777900764.567977,45419
4427,21932.982676,1777900764.579105,1777900764.579105,45420
4428,21932.993821,1777900764.590232,1777900764.590232,45421
4429,21933.005180,1777900764.601360,1777900764.601360,45422
4430,21933.016053,1777900764.612487,1777900764.612487,45423
4431,21933.027189,1777900764.623614,1777900764.623614,45424
4432,21933.038370,1777900764.634742,1777900764.634742,45425
4433,21933.049438,1777900764.645870,1777900764.645870,45426
4434,21933.060620,1777900764.656997,1777900764.656997,45427
4435,21933.071897,1777900764.668125,1777900764.668125,45428
4436,21933.082879,1777900764.679252,1777900764.679252,45429
4437,21933.093967,1777900764.690379,1777900764.690379,45430
4438,21933.105245,1777900764.701507,1777900764.701507,45431
4439,21933.116235,1777900764.712635,1777900764.712635,45432
4440,21933.127371,1777900764.723762,1777900764.723762,45433
4441,21933.138478,1777900764.734890,1777900764.734890,45434
4442,21933.149642,1777900764.746017,1777900764.746017,45435
4443,21933.160711,1777900764.757144,1777900764.757144,45436
4444,21933.171862,1777900764.768272,1777900764.768272,45437
4445,21933.182987,1777900764.779399,1777900764.779399,45438
4446,21933.194099,1777900764.790527,1777900764.790527,45439
4447,21933.205474,1777900764.801655,1777900764.801655,45440
4448,21933.216367,1777900764.812782,1777900764.812782,45441
4449,21933.227498,1777900764.823909,1777900764.823909,45442
4450,21933.238770,1777900764.835037,1777900764.835037,45443
4451,21933.249747,1777900764.846164,1777900764.846164,45444
4452,21933.260890,1777900764.857291,1777900764.857291,45445
4453,21933.272207,1777900764.868420,1777900764.868420,45446
4454,21933.283165,1777900764.879547,1777900764.879547,45447
4455,21933.294238,1777900764.890674,1777900764.890674,45448
4456,21933.305517,1777900764.901802,1777900764.901802,45449
4457,21933.316480,1777900764.912929,1777900764.912929,45450
4458,21933.327602,1777900764.924056,1777900764.924056,45451
4459,21933.338841,1777900764.935184,1777900764.935184,45452
4460,21933.349861,1777900764.946312,1777900764.946312,45453
4461,21933.361034,1777900764.957439,1777900764.957439,45454
4462,21933.372150,1777900764.968567,1777900764.968567,45455
4463,21933.383253,1777900764.979694,1777900764.979694,45456
4464,21933.394390,1777900764.990821,1777900764.990821,45457
4465,21933.405686,1777900765.001950,1777900765.001950,45458
4466,21933.416637,1777900765.013077,1777900765.013077,45459
4467,21933.427907,1777900765.024204,1777900765.024204,45460
4468,21933.438997,1777900765.035331,1777900765.035331,45461
4469,21933.450020,1777900765.046459,1777900765.046459,45462
4470,21933.461222,1777900765.057586,1777900765.057586,45463
4471,21933.472337,1777900765.068713,1777900765.068713,45464
4472,21933.483385,1777900765.079842,1777900765.079842,45465
4473,21933.494647,1777900765.090969,1777900765.090969,45466
4474,21933.505647,1777900765.102096,1777900765.102096,45467
4475,21933.516776,1777900765.113224,1777900765.113224,45468
4476,21933.528013,1777900765.124351,1777900765.124351,45469
4477,21933.539076,1777900765.135478,1777900765.135478,45470
4478,21933.550215,1777900765.146606,1777900765.146606,45471
4479,21933.561413,1777900765.157734,1777900765.157734,45472
4480,21933.572394,1777900765.168861,1777900765.168861,45473
4481,21933.583542,1777900765.179989,1777900765.179989,45474
4482,21933.594717,1777900765.191116,1777900765.191116,45475
4483,21933.605812,1777900765.202243,1777900765.202243,45476
4484,21933.616941,1777900765.213371,1777900765.213371,45477
4485,21933.628141,1777900765.224499,1777900765.224499,45478
4486,21933.639213,1777900765.235626,1777900765.235626,45479
4487,21933.650331,1777900765.246754,1777900765.246754,45480
4488,21933.661600,1777900765.257881,1777900765.257881,45481
4489,21933.672569,1777900765.269008,1777900765.269008,45482
4490,21933.683674,1777900765.280137,1777900765.280137,45483
4491,21933.694918,1777900765.291263,1777900765.291263,45484
4492,21933.705916,1777900765.302391,1777900765.302391,45485
4493,21933.717059,1777900765.313519,1777900765.313519,45486
4494,21933.728353,1777900765.324646,1777900765.324646,45487
4495,21933.740382,1777900765.335773,1777900765.335773,45488
4496,21933.751068,1777900765.346901,1777900765.346901,45489
4497,21933.761685,1777900765.358029,1777900765.358029,45490
4498,21933.772836,1777900765.369155,1777900765.369155,45491
4499,21933.783828,1777900765.380284,1777900765.380284,45492
4500,21933.794977,1777900765.391411,1777900765.391411,45493
4501,21933.806109,1777900765.402538,1777900765.402538,45494
4502,21933.817241,1777900765.413666,1777900765.413666,45495
4503,21933.828619,1777900765.424793,1777900765.424793,45496
4504,21933.839483,1777900765.435920,1777900765.435920,45497
4505,21933.850615,1777900765.447049,1777900765.447049,45498
4506,21933.861780,1777900765.458176,1777900765.458176,45499
4507,21933.872879,1777900765.469303,1777900765.469303,45500
4508,21933.884011,1777900765.480430,1777900765.480430,45501
4509,21933.895213,1777900765.491558,1777900765.491558,45502
4510,21933.906248,1777900765.502686,1777900765.502686,45503
4511,21933.917362,1777900765.513813,1777900765.513813,45504
4512,21933.928689,1777900765.524941,1777900765.524941,45505
4513,21933.939624,1777900765.536068,1777900765.536068,45506
4514,21933.950757,1777900765.547195,1777900765.547195,45507
4515,21933.962081,1777900765.558323,1777900765.558323,45508
4516,21933.972996,1777900765.569450,1777900765.569450,45509
4517,21933.984175,1777900765.580577,1777900765.580577,45510
4518,21933.995464,1777900765.591706,1777900765.591706,45511
4519,21934.006413,1777900765.602833,1777900765.602833,45512
4520,21934.017545,1777900765.613960,1777900765.613960,45513
4521,21934.028833,1777900765.625088,1777900765.625088,45514
4522,21934.039792,1777900765.636215,1777900765.636215,45515
4523,21934.051051,1777900765.647342,1777900765.647342,45516
4524,21934.062122,1777900765.658470,1777900765.658470,45517
4525,21934.073173,1777900765.669597,1777900765.669597,45518
4526,21934.084342,1777900765.680725,1777900765.680725,45519
4527,21934.095434,1777900765.691853,1777900765.691853,45520
4528,21934.106547,1777900765.702980,1777900765.702980,45521
4529,21934.117772,1777900765.714107,1777900765.714107,45522
4530,21934.128847,1777900765.725235,1777900765.725235,45523
4531,21934.139956,1777900765.736362,1777900765.736362,45524
4532,21934.151109,1777900765.747489,1777900765.747489,45525
4533,21934.162262,1777900765.758617,1777900765.758617,45526
4534,21934.173336,1777900765.769745,1777900765.769745,45527
4535,21934.184451,1777900765.780872,1777900765.780872,45528
4536,21934.195699,1777900765.792000,1777900765.792000,45529
4537,21934.206689,1777900765.803127,1777900765.803127,45530
4538,21934.217917,1777900765.814254,1777900765.814254,45531
4539,21934.228949,1777900765.825382,1777900765.825382,45532
4540,21934.240485,1777900765.836509,1777900765.836509,45533
4541,21934.251300,1777900765.847636,1777900765.847636,45534
4542,21934.262350,1777900765.858764,1777900765.858764,45535
4543,21934.273425,1777900765.869892,1777900765.869892,45536
4544,21934.284629,1777900765.881019,1777900765.881019,45537
4545,21934.295684,1777900765.892147,1777900765.892147,45538
4546,21934.306842,1777900765.903274,1777900765.903274,45539
4547,21934.318033,1777900765.914401,1777900765.914401,45540
4548,21934.329101,1777900765.925528,1777900765.925528,45541
4549,21934.340270,1777900765.936656,1777900765.936656,45542
4550,21934.351336,1777900765.947783,1777900765.947783,45543
4551,21934.362483,1777900765.958911,1777900765.958911,45544
4552,21934.373598,1777900765.970039,1777900765.970039,45545
4553,21934.384809,1777900765.981166,1777900765.981166,45546
4554,21934.395899,1777900765.992293,1777900765.992293,45547
4555,21934.406965,1777900766.003421,1777900766.003421,45548
4556,21934.418200,1777900766.014548,1777900766.014548,45549
4557,21934.429223,1777900766.025675,1777900766.025675,45550
4558,21934.440359,1777900766.036803,1777900766.036803,45551
4559,21934.451596,1777900766.047930,1777900766.047930,45552
4560,21934.462608,1777900766.059058,1777900766.059058,45553
4561,21934.473764,1777900766.070186,1777900766.070186,45554
4562,21934.484876,1777900766.081313,1777900766.081313,45555
4563,21934.495952,1777900766.092440,1777900766.092440,45556
4564,21934.507144,1777900766.103568,1777900766.103568,45557
4565,21934.518301,1777900766.114695,1777900766.114695,45558
4566,21934.529384,1777900766.125822,1777900766.125822,45559
4567,21934.540518,1777900766.136950,1777900766.136950,45560
4568,21934.562793,1777900766.159204,1777900766.159204,45562
4569,21934.573910,1777900766.170333,1777900766.170333,45563
4570,21934.585236,1777900766.181460,1777900766.181460,45564
4571,21934.596150,1777900766.192587,1777900766.192587,45565
4572,21934.607250,1777900766.203715,1777900766.203715,45566
4573,21934.629596,1777900766.225969,1777900766.225969,45568
4574,21934.640655,1777900766.237098,1777900766.237098,45569
4575,21934.652121,1777900766.248224,1777900766.248224,45570
4576,21934.662898,1777900766.259351,1777900766.259351,45571
4577,21934.674051,1777900766.270480,1777900766.270480,45572
4578,21934.685474,1777900766.281607,1777900766.281607,45573
4579,21934.696412,1777900766.292734,1777900766.292734,45574
4580,21934.707464,1777900766.303862,1777900766.303862,45575
4581,21934.718750,1777900766.314989,1777900766.314989,45576
4582,21934.729727,1777900766.326117,1777900766.326117,45577
4583,21934.740794,1777900766.337244,1777900766.337244,45578
4584,21934.752101,1777900766.348372,1777900766.348372,45579
4585,21934.763110,1777900766.359499,1777900766.359499,45580
4586,21934.774265,1777900766.370626,1777900766.370626,45581
4587,21934.785584,1777900766.381754,1777900766.381754,45582
4588,21934.796457,1777900766.392881,1777900766.392881,45583
4589,21934.807622,1777900766.404008,1777900766.404008,45584
4590,21934.818875,1777900766.415136,1777900766.415136,45585
4591,21934.829824,1777900766.426263,1777900766.426263,45586
4592,21934.840983,1777900766.437390,1777900766.437390,45587
4593,21934.852262,1777900766.448519,1777900766.448519,45588
4594,21934.863181,1777900766.459646,1777900766.459646,45589
4595,21934.874333,1777900766.470773,1777900766.470773,45590
4596,21934.885644,1777900766.481901,1777900766.481901,45591
4597,21934.896617,1777900766.493028,1777900766.493028,45592
4598,21934.907732,1777900766.504155,1777900766.504155,45593
4599,21934.919051,1777900766.515283,1777900766.515283,45594
4600,21934.929940,1777900766.526410,1777900766.526410,45595
4601,21934.941114,1777900766.537538,1777900766.537538,45596
4602,21934.952219,1777900766.548666,1777900766.548666,45597
4603,21934.963341,1777900766.559793,1777900766.559793,45598
4604,21934.974556,1777900766.570920,1777900766.570920,45599
4605,21934.985707,1777900766.582048,1777900766.582048,45600
4606,21934.996722,1777900766.593175,1777900766.593175,45601
4607,21935.007856,1777900766.604302,1777900766.604302,45602
4608,21935.019024,1777900766.615430,1777900766.615430,45603
4609,21935.030091,1777900766.626557,1777900766.626557,45604
4610,21935.041218,1777900766.637684,1777900766.637684,45605
4611,21935.052371,1777900766.648812,1777900766.648812,45606
4612,21935.063497,1777900766.659939,1777900766.659939,45607
4613,21935.074720,1777900766.671067,1777900766.671067,45608
4614,21935.085749,1777900766.682194,1777900766.682194,45609
4615,21935.096867,1777900766.693321,1777900766.693321,45610
4616,21935.108132,1777900766.704448,1777900766.704448,45611
4617,21935.119120,1777900766.715577,1777900766.715577,45612
4618,21935.130268,1777900766.726704,1777900766.726704,45613
4619,21935.141447,1777900766.737831,1777900766.737831,45614
4620,21935.152513,1777900766.748959,1777900766.748959,45615
4621,21935.163706,1777900766.760086,1777900766.760086,45616
4622,21935.174955,1777900766.771213,1777900766.771213,45617
4623,21935.185970,1777900766.782341,1777900766.782341,45618
4624,21935.197065,1777900766.793468,1777900766.793468,45619
4625,21935.208233,1777900766.804595,1777900766.804595,45620
4626,21935.219295,1777900766.815722,1777900766.815722,45621
4627,21935.230426,1777900766.826850,1777900766.826850,45622
4628,21935.241643,1777900766.837977,1777900766.837977,45623
4629,21935.252681,1777900766.849104,1777900766.849104,45624
4630,21935.263828,1777900766.860232,1777900766.860232,45625
4631,21935.275043,1777900766.871360,1777900766.871360,45626
4632,21935.286075,1777900766.882487,1777900766.882487,45627
4633,21935.297235,1777900766.893615,1777900766.893615,45628
4634,21935.308481,1777900766.904742,1777900766.904742,45629
4635,21935.319441,1777900766.915869,1777900766.915869,45630
4636,21935.330607,1777900766.926997,1777900766.926997,45631
4637,21935.341810,1777900766.938124,1777900766.938124,45632
4638,21935.352827,1777900766.949251,1777900766.949251,45633
4639,21935.363946,1777900766.960379,1777900766.960379,45634
4640,21935.375144,1777900766.971506,1777900766.971506,45635
4641,21935.386184,1777900766.982633,1777900766.982633,45636
4642,21935.397311,1777900766.993761,1777900766.993761,45637
4643,21935.408656,1777900767.004888,1777900767.004888,45638
4644,21935.419595,1777900767.016015,1777900767.016015,45639
4645,21935.430726,1777900767.027143,1777900767.027143,45640
4646,21935.441931,1777900767.038270,1777900767.038270,45641
4647,21935.452993,1777900767.049397,1777900767.049397,45642
4648,21935.464114,1777900767.060526,1777900767.060526,45643
4649,21935.475397,1777900767.071653,1777900767.071653,45644
4650,21935.486423,1777900767.082780,1777900767.082780,45645
4651,21935.497510,1777900767.093908,1777900767.093908,45646
4652,21935.508760,1777900767.105035,1777900767.105035,45647
4653,21935.519714,1777900767.116162,1777900767.116162,45648
4654,21935.530843,1777900767.127290,1777900767.127290,45649
4655,21935.542058,1777900767.138417,1777900767.138417,45650
4656,21935.553102,1777900767.149544,1777900767.149544,45651
4657,21935.564217,1777900767.160672,1777900767.160672,45652
4658,21935.575421,1777900767.171799,1777900767.171799,45653
4659,21935.586477,1777900767.182926,1777900767.182926,45654
4660,21935.597749,1777900767.194054,1777900767.194054,45655
4661,21935.608883,1777900767.205181,1777900767.205181,45656
4662,21935.619878,1777900767.216308,1777900767.216308,45657
4663,21935.631090,1777900767.227437,1777900767.227437,45658
4664,21935.642209,1777900767.238564,1777900767.238564,45659
4665,21935.653273,1777900767.249691,1777900767.249691,45660
4666,21935.664531,1777900767.260818,1777900767.260818,45661
4667,21935.675559,1777900767.271946,1777900767.271946,45662
4668,21935.687211,1777900767.283073,1777900767.283073,45663
4669,21935.697759,1777900767.294200,1777900767.294200,45664
4670,21935.708963,1777900767.305328,1777900767.305328,45665
4671,21935.720035,1777900767.316455,1777900767.316455,45666
4672,21935.731200,1777900767.327582,1777900767.327582,45667
4673,21935.742304,1777900767.338710,1777900767.338710,45668
4674,21935.753394,1777900767.349837,1777900767.349837,45669
4675,21935.764577,1777900767.360964,1777900767.360964,45670
4676,21935.775730,1777900767.372092,1777900767.372092,45671
4677,21935.786782,1777900767.383219,1777900767.383219,45672
4678,21935.798074,1777900767.394346,1777900767.394346,45673
4679,21935.809032,1777900767.405474,1777900767.405474,45674
4680,21935.820163,1777900767.416601,1777900767.416601,45675
4681,21935.831338,1777900767.427728,1777900767.427728,45676
4682,21935.842428,1777900767.438856,1777900767.438856,45677
4683,21935.853567,1777900767.449984,1777900767.449984,45678
4684,21935.864814,1777900767.461111,1777900767.461111,45679
4685,21935.875821,1777900767.472239,1777900767.472239,45680
4686,21935.886935,1777900767.483366,1777900767.483366,45681
4687,21935.898175,1777900767.494493,1777900767.494493,45682
4688,21935.909236,1777900767.505621,1777900767.505621,45683
4689,21935.920328,1777900767.516748,1777900767.516748,45684
4690,21935.931533,1777900767.527875,1777900767.527875,45685
4691,21935.942625,1777900767.539003,1777900767.539003,45686
4692,21935.953703,1777900767.550130,1777900767.550130,45687
4693,21935.964886,1777900767.561257,1777900767.561257,45688
4694,21935.975950,1777900767.572385,1777900767.572385,45689
4695,21935.987094,1777900767.583513,1777900767.583513,45690
4696,21935.998376,1777900767.594639,1777900767.594639,45691
4697,21936.009310,1777900767.605767,1777900767.605767,45692
4698,21936.020456,1777900767.616895,1777900767.616895,45693
4699,21936.031736,1777900767.628022,1777900767.628022,45694
4700,21936.042722,1777900767.639150,1777900767.639150,45695
4701,21936.053915,1777900767.650277,1777900767.650277,45696
4702,21936.065062,1777900767.661404,1777900767.661404,45697
4703,21936.076121,1777900767.672532,1777900767.672532,45698
4704,21936.087244,1777900767.683659,1777900767.683659,45699
4705,21936.098436,1777900767.694787,1777900767.694787,45700
4706,21936.109496,1777900767.705914,1777900767.705914,45701
4707,21936.120664,1777900767.717042,1777900767.717042,45702
4708,21936.131891,1777900767.728169,1777900767.728169,45703
4709,21936.142906,1777900767.739296,1777900767.739296,45704
4710,21936.154012,1777900767.750424,1777900767.750424,45705
4711,21936.165318,1777900767.761551,1777900767.761551,45706
4712,21936.176280,1777900767.772678,1777900767.772678,45707
4713,21936.198619,1777900767.794934,1777900767.794934,45709
4714,21936.209619,1777900767.806061,1777900767.806061,45710
4715,21936.220804,1777900767.817189,1777900767.817189,45711
4716,21936.232082,1777900767.828316,1777900767.828316,45712
4717,21936.243010,1777900767.839443,1777900767.839443,45713
4718,21936.254159,1777900767.850571,1777900767.850571,45714
4719,21936.265424,1777900767.861698,1777900767.861698,45715
4720,21936.276417,1777900767.872825,1777900767.872825,45716
4721,21936.298881,1777900767.895081,1777900767.895081,45718
4722,21936.309813,1777900767.906208,1777900767.906208,45719
4723,21936.321031,1777900767.917336,1777900767.917336,45720
4724,21936.332218,1777900767.928463,1777900767.928463,45721
4725,21936.343192,1777900767.939590,1777900767.939590,45722
4726,21936.354372,1777900767.950718,1777900767.950718,45723
4727,21936.365520,1777900767.961845,1777900767.961845,45724
4728,21936.376584,1777900767.972972,1777900767.972972,45725
4729,21936.387690,1777900767.984100,1777900767.984100,45726
4730,21936.398873,1777900767.995228,1777900767.995228,45727
4731,21936.409927,1777900768.006355,1777900768.006355,45728
4732,21936.421085,1777900768.017483,1777900768.017483,45729
4733,21936.432241,1777900768.028610,1777900768.028610,45730
4734,21936.443356,1777900768.039737,1777900768.039737,45731
4735,21936.454540,1777900768.050865,1777900768.050865,45732
4736,21936.465602,1777900768.061992,1777900768.061992,45733
4737,21936.476758,1777900768.073119,1777900768.073119,45734
4738,21936.487841,1777900768.084247,1777900768.084247,45735
4739,21936.499052,1777900768.095375,1777900768.095375,45736
4740,21936.510090,1777900768.106502,1777900768.106502,45737
4741,21936.521316,1777900768.117630,1777900768.117630,45738
4742,21936.532335,1777900768.128757,1777900768.128757,45739
4743,21936.543435,1777900768.139884,1777900768.139884,45740
4744,21936.554669,1777900768.151011,1777900768.151011,45741
4745,21936.565756,1777900768.162139,1777900768.162139,45742
4746,21936.576806,1777900768.173266,1777900768.173266,45743
4747,21936.587967,1777900768.184393,1777900768.184393,45744
4748,21936.599118,1777900768.195522,1777900768.195522,45745
4749,21936.610210,1777900768.206649,1777900768.206649,45746
4750,21936.621348,1777900768.217776,1777900768.217776,45747
4751,21936.632468,1777900768.228904,1777900768.228904,45748
4752,21936.643599,1777900768.240031,1777900768.240031,45749
4753,21936.654798,1777900768.251158,1777900768.251158,45750
4754,21936.665879,1777900768.262286,1777900768.262286,45751
4755,21936.677016,1777900768.273413,1777900768.273413,45752
4756,21936.688250,1777900768.284540,1777900768.284540,45753
4757,21936.699231,1777900768.295668,1777900768.295668,45754
4758,21936.710401,1777900768.306796,1777900768.306796,45755
4759,21936.721633,1777900768.317923,1777900768.317923,45756
4760,21936.732634,1777900768.329051,1777900768.329051,45757
4761,21936.743739,1777900768.340178,1777900768.340178,45758
4762,21936.755085,1777900768.351305,1777900768.351305,45759
4763,21936.766009,1777900768.362433,1777900768.362433,45760
4764,21936.777125,1777900768.373560,1777900768.373560,45761
4765,21936.788453,1777900768.384687,1777900768.384687,45762
4766,21936.799390,1777900768.395815,1777900768.395815,45763
4767,21936.810499,1777900768.406943,1777900768.406943,45764
4768,21936.821814,1777900768.418070,1777900768.418070,45765
4769,21936.832766,1777900768.429198,1777900768.429198,45766
4770,21936.843908,1777900768.440325,1777900768.440325,45767
4771,21936.855232,1777900768.451452,1777900768.451452,45768
4772,21936.866161,1777900768.462580,1777900768.462580,45769
4773,21936.877280,1777900768.473707,1777900768.473707,45770
4774,21936.888679,1777900768.484834,1777900768.484834,45771
4775,21936.899541,1777900768.495962,1777900768.495962,45772
4776,21936.910756,1777900768.507090,1777900768.507090,45773
4777,21936.921873,1777900768.518217,1777900768.518217,45774
4778,21936.932949,1777900768.529345,1777900768.529345,45775
4779,21936.944096,1777900768.540472,1777900768.540472,45776
4780,21936.955359,1777900768.551599,1777900768.551599,45777
4781,21936.966303,1777900768.562727,1777900768.562727,45778
4782,21936.977467,1777900768.573854,1777900768.573854,45779
4783,21936.988876,1777900768.584981,1777900768.584981,45780
4784,21936.999699,1777900768.596108,1777900768.596108,45781
4785,21937.010798,1777900768.607237,1777900768.607237,45782
4786,21937.022115,1777900768.618364,1777900768.618364,45783
4787,21937.033114,1777900768.629491,1777900768.629491,45784
4788,21937.044230,1777900768.640619,1777900768.640619,45785
4789,21937.055452,1777900768.651746,1777900768.651746,45786
4790,21937.066438,1777900768.662873,1777900768.662873,45787
4791,21937.077590,1777900768.674001,1777900768.674001,45788
4792,21937.088873,1777900768.685128,1777900768.685128,45789
4793,21937.099824,1777900768.696256,1777900768.696256,45790
4794,21937.111011,1777900768.707384,1777900768.707384,45791
4795,21937.122221,1777900768.718511,1777900768.718511,45792
4796,21937.133210,1777900768.729638,1777900768.729638,45793
4797,21937.144407,1777900768.740766,1777900768.740766,45794
4798,21937.155579,1777900768.751893,1777900768.751893,45795
4799,21937.166599,1777900768.763020,1777900768.763020,45796
4800,21937.177699,1777900768.774148,1777900768.774148,45797
4801,21937.189072,1777900768.785276,1777900768.785276,45798
4802,21937.200056,1777900768.796403,1777900768.796403,45799
4803,21937.211162,1777900768.807531,1777900768.807531,45800
4804,21937.222292,1777900768.818658,1777900768.818658,45801
4805,21937.233374,1777900768.829785,1777900768.829785,45802
4806,21937.244482,1777900768.840913,1777900768.840913,45803
4807,21937.255627,1777900768.852040,1777900768.852040,45804
4808,21937.266793,1777900768.863168,1777900768.863168,45805
4809,21937.278005,1777900768.874296,1777900768.874296,45806
4810,21937.289013,1777900768.885423,1777900768.885423,45807
4811,21937.300139,1777900768.896550,1777900768.896550,45808
4812,21937.311285,1777900768.907678,1777900768.907678,45809
4813,21937.322460,1777900768.918805,1777900768.918805,45810
4814,21937.333512,1777900768.929932,1777900768.929932,45811
4815,21937.344627,1777900768.941061,1777900768.941061,45812
4816,21937.355802,1777900768.952188,1777900768.952188,45813
4817,21937.366909,1777900768.963315,1777900768.963315,45814
4818,21937.378121,1777900768.974443,1777900768.974443,45815
4819,21937.389175,1777900768.985570,1777900768.985570,45816
4820,21937.400296,1777900768.996697,1777900768.996697,45817
4821,21937.411511,1777900769.007825,1777900769.007825,45818
4822,21937.422543,1777900769.018952,1777900769.018952,45819
4823,21937.433674,1777900769.030079,1777900769.030079,45820
4824,21937.444915,1777900769.041207,1777900769.041207,45821
4825,21937.455968,1777900769.052335,1777900769.052335,45822
4826,21937.467102,1777900769.063462,1777900769.063462,45823
4827,21937.478448,1777900769.074589,1777900769.074589,45824
4828,21937.489337,1777900769.085717,1777900769.085717,45825
4829,21937.500451,1777900769.096844,1777900769.096844,45826
4830,21937.511668,1777900769.107971,1777900769.107971,45827
4831,21937.522685,1777900769.119099,1777900769.119099,45828
4832,21937.533802,1777900769.130227,1777900769.130227,45829
4833,21937.545054,1777900769.141354,1777900769.141354,45830
4834,21937.556070,1777900769.152482,1777900769.152482,45831
4835,21937.567210,1777900769.163609,1777900769.163609,45832
4836,21937.578505,1777900769.174736,1777900769.174736,45833
4837,21937.589439,1777900769.185864,1777900769.185864,45834
4838,21937.600571,1777900769.196991,1777900769.196991,45835
4839,21937.611988,1777900769.208118,1777900769.208118,45836
4840,21937.622809,1777900769.219247,1777900769.219247,45837
4841,21937.633936,1777900769.230374,1777900769.230374,45838
4842,21937.645131,1777900769.241501,1777900769.241501,45839
4843,21937.656207,1777900769.252629,1777900769.252629,45840
4844,21937.667329,1777900769.263756,1777900769.263756,45841
4845,21937.678538,1777900769.274883,1777900769.274883,45842
4846,21937.689587,1777900769.286011,1777900769.286011,45843
4847,21937.700721,1777900769.297138,1777900769.297138,45844
4848,21937.712137,1777900769.308266,1777900769.308266,45845
4849,21937.723021,1777900769.319394,1777900769.319394,45846
4850,21937.734149,1777900769.330521,1777900769.330521,45847
4851,21937.745350,1777900769.341648,1777900769.341648,45848
4852,21937.756364,1777900769.352776,1777900769.352776,45849
4853,21937.767610,1777900769.363903,1777900769.363903,45850
4854,21937.778783,1777900769.375031,1777900769.375031,45851
4855,21937.789731,1777900769.386158,1777900769.386158,45852
4856,21937.800862,1777900769.397286,1777900769.397286,45853
4857,21937.812170,1777900769.408413,1777900769.408413,45854
4858,21937.823152,1777900769.419541,1777900769.419541,45855
4859,21937.834291,1777900769.430668,1777900769.430668,45856
4860,21937.845484,1777900769.441795,1777900769.441795,45857
4861,21937.856513,1777900769.452923,1777900769.452923,45858
4862,21937.867655,1777900769.464050,1777900769.464050,45859
4863,21937.878791,1777900769.475178,1777900769.475178,45860
4864,21937.889881,1777900769.486305,1777900769.486305,45861
4865,21937.901102,1777900769.497433,1777900769.497433,45862
4866,21937.912271,1777900769.508560,1777900769.508560,45863
4867,21937.923264,1777900769.519687,1777900769.519687,45864
4868,21937.934484,1777900769.530815,1777900769.530815,45865
4869,21937.945566,1777900769.541942,1777900769.541942,45866
4870,21937.956660,1777900769.553070,1777900769.553070,45867
4871,21937.967847,1777900769.564198,1777900769.564198,45868
4872,21937.978916,1777900769.575325,1777900769.575325,45869
4873,21937.990029,1777900769.586452,1777900769.586452,45870
4874,21938.001383,1777900769.597580,1777900769.597580,45871
4875,21938.023434,1777900769.619835,1777900769.619835,45873
4876,21938.034599,1777900769.630963,1777900769.630963,45874
4877,21938.046030,1777900769.642090,1777900769.642090,45875
4878,21938.056798,1777900769.653218,1777900769.653218,45876
4879,21938.067927,1777900769.664346,1777900769.664346,45877
4880,21938.079054,1777900769.675473,1777900769.675473,45878
4881,21938.090172,1777900769.686600,1777900769.686600,45879
4882,21938.101543,1777900769.697729,1777900769.697729,45880
4883,21938.112425,1777900769.708856,1777900769.708856,45881
4884,21938.123535,1777900769.719983,1777900769.719983,45882
4885,21938.134722,1777900769.731111,1777900769.731111,45883
4886,21938.145830,1777900769.742238,1777900769.742238,45884
4887,21938.157015,1777900769.753366,1777900769.753366,45885
4888,21938.168139,1777900769.764494,1777900769.764494,45886
4889,21938.179212,1777900769.775621,1777900769.775621,45887
4890,21938.190346,1777900769.786748,1777900769.786748,45888
4891,21938.201574,1777900769.797876,1777900769.797876,45889
4892,21938.212570,1777900769.809004,1777900769.809004,45890
4893,21938.223691,1777900769.820131,1777900769.820131,45891
4894,21938.234911,1777900769.831259,1777900769.831259,45892
4895,21938.245932,1777900769.842386,1777900769.842386,45893
4896,21938.257112,1777900769.853514,1777900769.853514,45894
4897,21938.268330,1777900769.864642,1777900769.864642,45895
4898,21938.279332,1777900769.875769,1777900769.875769,45896
4899,21938.290453,1777900769.886896,1777900769.886896,45897
4900,21938.301821,1777900769.898025,1777900769.898025,45898
4901,21938.312796,1777900769.909152,1777900769.909152,45899
4902,21938.323862,1777900769.920279,1777900769.920279,45900
4903,21938.335228,1777900769.931406,1777900769.931406,45901
4904,21938.346243,1777900769.942535,1777900769.942535,45902
4905,21938.357202,1777900769.953662,1777900769.953662,45903
4906,21938.368345,1777900769.964789,1777900769.964789,45904
4907,21938.379486,1777900769.975917,1777900769.975917,45905
4908,21938.390600,1777900769.987045,1777900769.987045,45906
4909,21938.401838,1777900769.998172,1777900769.998172,45907
4910,21938.412904,1777900770.009300,1777900770.009300,45908
4911,21938.424012,1777900770.020427,1777900770.020427,45909
4912,21938.435367,1777900770.031554,1777900770.031554,45910
4913,21938.446260,1777900770.042683,1777900770.042683,45911
4914,21938.457387,1777900770.053810,1777900770.053810,45912
4915,21938.468694,1777900770.064937,1777900770.064937,45913
4916,21938.479678,1777900770.076066,1777900770.076066,45914
4917,21938.490967,1777900770.087193,1777900770.087193,45915
4918,21938.502178,1777900770.098320,1777900770.098320,45916
4919,21938.513116,1777900770.109448,1777900770.109448,45917
4920,21938.524186,1777900770.120575,1777900770.120575,45918
4921,21938.535449,1777900770.131703,1777900770.131703,45919
4922,21938.546432,1777900770.142831,1777900770.142831,45920
4923,21938.557555,1777900770.153958,1777900770.153958,45921
4924,21938.568834,1777900770.165086,1777900770.165086,45922
4925,21938.579778,1777900770.176214,1777900770.176214,45923
4926,21938.590950,1777900770.187341,1777900770.187341,45924
4927,21938.602110,1777900770.198468,1777900770.198468,45925
4928,21938.613146,1777900770.209596,1777900770.209596,45926
4929,21938.624456,1777900770.220724,1777900770.220724,45927
4930,21938.635449,1777900770.231851,1777900770.231851,45928
4931,21938.646529,1777900770.242979,1777900770.242979,45929
4932,21938.657703,1777900770.254107,1777900770.254107,45930
4933,21938.668822,1777900770.265234,1777900770.265234,45931
4934,21938.679942,1777900770.276362,1777900770.276362,45932
4935,21938.691115,1777900770.287489,1777900770.287489,45933
4936,21938.702219,1777900770.298616,1777900770.298616,45934
4937,21938.713303,1777900770.309745,1777900770.309745,45935
4938,21938.724524,1777900770.320872,1777900770.320872,45936
4939,21938.735625,1777900770.331999,1777900770.331999,45937
4940,21938.746656,1777900770.343127,1777900770.343127,45938
4941,21938.757844,1777900770.354255,1777900770.354255,45939
4942,21938.769039,1777900770.365382,1777900770.365382,45940
4943,21938.780078,1777900770.376509,1777900770.376509,45941
4944,21938.791221,1777900770.387637,1777900770.387637,45942
4945,21938.802336,1777900770.398765,1777900770.398765,45943
4946,21938.813468,1777900770.409892,1777900770.409892,45944
4947,21938.824724,1777900770.421020,1777900770.421020,45945
4948,21938.835735,1777900770.432148,1777900770.432148,45946
4949,21938.846848,1777900770.443275,1777900770.443275,45947
4950,21938.857963,1777900770.454403,1777900770.454403,45948
4951,21938.869112,1777900770.465530,1777900770.465530,45949
4952,21938.880253,1777900770.476657,1777900770.476657,45950
4953,21938.891475,1777900770.487786,1777900770.487786,45951
4954,21938.902727,1777900770.498913,1777900770.498913,45952
4955,21938.913584,1777900770.510040,1777900770.510040,45953
4956,21938.924785,1777900770.521168,1777900770.521168,45954
4957,21938.935852,1777900770.532296,1777900770.532296,45955
4958,21938.946975,1777900770.543423,1777900770.543423,45956
4959,21938.958288,1777900770.554551,1777900770.554551,45957
4960,21938.969237,1777900770.565678,1777900770.565678,45958
4961,21938.980335,1777900770.576806,1777900770.576806,45959
4962,21938.991480,1777900770.587934,1777900770.587934,45960
4963,21939.002633,1777900770.599061,1777900770.599061,45961
4964,21939.013727,1777900770.610188,1777900770.610188,45962
4965,21939.025289,1777900770.621316,1777900770.621316,45963
4966,21939.035993,1777900770.632444,1777900770.632444,45964
4967,21939.047157,1777900770.643571,1777900770.643571,45965
4968,21939.058462,1777900770.654699,1777900770.654699,45966
4969,21939.069442,1777900770.665826,1777900770.665826,45967
4970,21939.080566,1777900770.676954,1777900770.676954,45968
4971,21939.091682,1777900770.688082,1777900770.688082,45969
4972,21939.102807,1777900770.699209,1777900770.699209,45970
4973,21939.113939,1777900770.710336,1777900770.710336,45971
4974,21939.125063,1777900770.721465,1777900770.721465,45972
4975,21939.136170,1777900770.732592,1777900770.732592,45973
4976,21939.147267,1777900770.743719,1777900770.743719,45974
4977,21939.158601,1777900770.754847,1777900770.754847,45975
4978,21939.169528,1777900770.765974,1777900770.765974,45976
4979,21939.180642,1777900770.777102,1777900770.777102,45977
4980,21939.192034,1777900770.788230,1777900770.788230,45978
4981,21939.202940,1777900770.799357,1777900770.799357,45979
4982,21939.214196,1777900770.810484,1777900770.810484,45980
4983,21939.225353,1777900770.821612,1777900770.821612,45981
4984,21939.236285,1777900770.832740,1777900770.832740,45982
4985,21939.247427,1777900770.843867,1777900770.843867,45983
4986,21939.258557,1777900770.854994,1777900770.854994,45984
4987,21939.269692,1777900770.866122,1777900770.866122,45985
4988,21939.280793,1777900770.877250,1777900770.877250,45986
4989,21939.292161,1777900770.888377,1777900770.888377,45987
4990,21939.303070,1777900770.899505,1777900770.899505,45988
4991,21939.314229,1777900770.910632,1777900770.910632,45989
4992,21939.325380,1777900770.921760,1777900770.921760,45990
4993,21939.336459,1777900770.932888,1777900770.932888,45991
4994,21939.347747,1777900770.944015,1777900770.944015,45992
4995,21939.358914,1777900770.955142,1777900770.955142,45993
4996,21939.369834,1777900770.966270,1777900770.966270,45994
4997,21939.381058,1777900770.977398,1777900770.977398,45995
4998,21939.392199,1777900770.988525,1777900770.988525,45996
4999,21939.403230,1777900770.999653,1777900770.999653,45997
5000,21939.414339,1777900771.010781,1777900771.010781,45998
5001,21939.426180,1777900771.021908,1777900771.021908,45999
5002,21939.436633,1777900771.033036,1777900771.033036,46000
5003,21939.447749,1777900771.044163,1777900771.044163,46001
5004,21939.458865,1777900771.055290,1777900771.055290,46002
5005,21939.469968,1777900771.066418,1777900771.066418,46003
5006,21939.481199,1777900771.077546,1777900771.077546,46004
5007,21939.492248,1777900771.088673,1777900771.088673,46005
5008,21939.503351,1777900771.099801,1777900771.099801,46006
5009,21939.514608,1777900771.110929,1777900771.110929,46007
5010,21939.525720,1777900771.122056,1777900771.122056,46008
5011,21939.536841,1777900771.133184,1777900771.133184,46009
5012,21939.547901,1777900771.144311,1777900771.144311,46010
5013,21939.559243,1777900771.155438,1777900771.155438,46011
5014,21939.570129,1777900771.166567,1777900771.166567,46012
5015,21939.581393,1777900771.177694,1777900771.177694,46013
5016,21939.592395,1777900771.188821,1777900771.188821,46014
5017,21939.603521,1777900771.199949,1777900771.199949,46015
5018,21939.614749,1777900771.211077,1777900771.211077,46016
5019,21939.625799,1777900771.222204,1777900771.222204,46017
5020,21939.636898,1777900771.233332,1777900771.233332,46018
5021,21939.648165,1777900771.244459,1777900771.244459,46019
5022,21939.659184,1777900771.255586,1777900771.255586,46020
5023,21939.670273,1777900771.266714,1777900771.266714,46021
5024,21939.681514,1777900771.277842,1777900771.277842,46022
5025,21939.692544,1777900771.288969,1777900771.288969,46023
5026,21939.703677,1777900771.300097,1777900771.300097,46024
5027,21939.714833,1777900771.311225,1777900771.311225,46025
5028,21939.725965,1777900771.322352,1777900771.322352,46026
5029,21939.737086,1777900771.333479,1777900771.333479,46027
5030,21939.748215,1777900771.344607,1777900771.344607,46028
5031,21939.759296,1777900771.355735,1777900771.355735,46029
5032,21939.770432,1777900771.366862,1777900771.366862,46030
5033,21939.781696,1777900771.377990,1777900771.377990,46031
5034,21939.792669,1777900771.389117,1777900771.389117,46032
5035,21939.803837,1777900771.400245,1777900771.400245,46033
5036,21939.815031,1777900771.411373,1777900771.411373,46034
5037,21939.826037,1777900771.422500,1777900771.422500,46035
5038,21939.837174,1777900771.433627,1777900771.433627,46036
5039,21939.848362,1777900771.444755,1777900771.444755,46037
5040,21939.870684,1777900771.467010,1777900771.467010,46039
5041,21939.881790,1777900771.478138,1777900771.478138,46040
5042,21939.892808,1777900771.489265,1777900771.489265,46041
5043,21939.903951,1777900771.500393,1777900771.500393,46042
5044,21939.915114,1777900771.511521,1777900771.511521,46043
5045,21939.926237,1777900771.522648,1777900771.522648,46044
5046,21939.937300,1777900771.533775,1777900771.533775,46045
5047,21939.948663,1777900771.544904,1777900771.544904,46046
5048,21939.959602,1777900771.556031,1777900771.556031,46047
5049,21939.970710,1777900771.567158,1777900771.567158,46048
5050,21939.982036,1777900771.578287,1777900771.578287,46049
5051,21939.993028,1777900771.589414,1777900771.589414,46050
5052,21940.004232,1777900771.600541,1777900771.600541,46051
5053,21940.015718,1777900771.611670,1777900771.611670,46052
5054,21940.026374,1777900771.622797,1777900771.622797,46053
5055,21940.037482,1777900771.633924,1777900771.633924,46054
5056,21940.048821,1777900771.645052,1777900771.645052,46055
5057,21940.059756,1777900771.656180,1777900771.656180,46056
5058,21940.071020,1777900771.667307,1777900771.667307,46057
5059,21940.082262,1777900771.678436,1777900771.678436,46058
5060,21940.093243,1777900771.689563,1777900771.689563,46059
5061,21940.104346,1777900771.700690,1777900771.700690,46060
5062,21940.115655,1777900771.711818,1777900771.711818,46061
5063,21940.126536,1777900771.722946,1777900771.722946,46062
5064,21940.137662,1777900771.734073,1777900771.734073,46063
5065,21940.148856,1777900771.745201,1777900771.745201,46064
5066,21940.159885,1777900771.756329,1777900771.756329,46065
5067,21940.171011,1777900771.767456,1777900771.767456,46066
5068,21940.182167,1777900771.778584,1777900771.778584,46067
5069,21940.193352,1777900771.789712,1777900771.789712,46068
5070,21940.204416,1777900771.800839,1777900771.800839,46069
5071,21940.215570,1777900771.811967,1777900771.811967,46070
5072,21940.226665,1777900771.823095,1777900771.823095,46071
5073,21940.237914,1777900771.834222,1777900771.834222,46072
5074,21940.248937,1777900771.845350,1777900771.845350,46073
5075,21940.260135,1777900771.856478,1777900771.856478,46074
5076,21940.271276,1777900771.867605,1777900771.867605,46075
5077,21940.282352,1777900771.878733,1777900771.878733,46076
5078,21940.293440,1777900771.889861,1777900771.889861,46077
5079,21940.304681,1777900771.900989,1777900771.900989,46078
5080,21940.315952,1777900771.912116,1777900771.912116,46079
5081,21940.326825,1777900771.923244,1777900771.923244,46080
5082,21940.337972,1777900771.934371,1777900771.934371,46081
5083,21940.349135,1777900771.945499,1777900771.945499,46082
5084,21940.360197,1777900771.956627,1777900771.956627,46083
5085,21940.371415,1777900771.967754,1777900771.967754,46084
5086,21940.382418,1777900771.978882,1777900771.978882,46085
5087,21940.393525,1777900771.990010,1777900771.990010,46086
5088,21940.404806,1777900772.001137,1777900772.001137,46087
5089,21940.415834,1777900772.012265,1777900772.012265,46088
5090,21940.438140,1777900772.034521,1777900772.034521,46090
5091,21940.449249,1777900772.045648,1777900772.045648,46091
5092,21940.460329,1777900772.056776,1777900772.056776,46092
5093,21940.471473,1777900772.067904,1777900772.067904,46093
5094,21940.482580,1777900772.079031,1777900772.079031,46094
5095,21940.493726,1777900772.090159,1777900772.090159,46095
5096,21940.504899,1777900772.101287,1777900772.101287,46096
5097,21940.516042,1777900772.112414,1777900772.112414,46097
5098,21940.527089,1777900772.123542,1777900772.123542,46098
5099,21940.538258,1777900772.134670,1777900772.134670,46099
5100,21940.549376,1777900772.145797,1777900772.145797,46100
5101,21940.560496,1777900772.156924,1777900772.156924,46101
5102,21940.571765,1777900772.168053,1777900772.168053,46102
5103,21940.582729,1777900772.179180,1777900772.179180,46103
5104,21940.593876,1777900772.190307,1777900772.190307,46104
5105,21940.605111,1777900772.201436,1777900772.201436,46105
5106,21940.616224,1777900772.212563,1777900772.212563,46106
5107,21940.627255,1777900772.223691,1777900772.223691,46107
5108,21940.638684,1777900772.234819,1777900772.234819,46108
5109,21940.649548,1777900772.245946,1777900772.245946,46109
5110,21940.660641,1777900772.257073,1777900772.257073,46110
5111,21940.672059,1777900772.268202,1777900772.268202,46111
5112,21940.682913,1777900772.279329,1777900772.279329,46112
5113,21940.694031,1777900772.290457,1777900772.290457,46113
5114,21940.705358,1777900772.301585,1777900772.301585,46114
5115,21940.716272,1777900772.312712,1777900772.312712,46115
5116,21940.727509,1777900772.323840,1777900772.323840,46116
5117,21940.739013,1777900772.334968,1777900772.334968,46117
5118,21940.749672,1777900772.346096,1777900772.346096,46118
5119,21940.760775,1777900772.357223,1777900772.357223,46119
5120,21940.772044,1777900772.368351,1777900772.368351,46120
5121,21940.783072,1777900772.379478,1777900772.379478,46121
5122,21940.794167,1777900772.390606,1777900772.390606,46122
5123,21940.805535,1777900772.401734,1777900772.401734,46123
5124,21940.816432,1777900772.412862,1777900772.412862,46124
5125,21940.827585,1777900772.423989,1777900772.423989,46125
5126,21940.839212,1777900772.435117,1777900772.435117,46126
5127,21940.849782,1777900772.446245,1777900772.446245,46127
5128,21940.860986,1777900772.457372,1777900772.457372,46128
5129,21940.872183,1777900772.468500,1777900772.468500,46129
5130,21940.883202,1777900772.479628,1777900772.479628,46130
5131,21940.894280,1777900772.490755,1777900772.490755,46131
5132,21940.905522,1777900772.501884,1777900772.501884,46132
5133,21940.916576,1777900772.513011,1777900772.513011,46133
5134,21940.927811,1777900772.524138,1777900772.524138,46134
5135,21940.938980,1777900772.535267,1777900772.535267,46135
5136,21940.949947,1777900772.546394,1777900772.546394,46136
5137,21940.961080,1777900772.557521,1777900772.557521,46137
5138,21940.972302,1777900772.568649,1777900772.568649,46138
5139,21940.983445,1777900772.579776,1777900772.579776,46139
5140,21940.994456,1777900772.590904,1777900772.590904,46140
5141,21941.005598,1777900772.602031,1777900772.602031,46141
5142,21941.016718,1777900772.613159,1777900772.613159,46142
5143,21941.027861,1777900772.624286,1777900772.624286,46143
5144,21941.038986,1777900772.635413,1777900772.635413,46144
5145,21941.050110,1777900772.646541,1777900772.646541,46145
5146,21941.061361,1777900772.657668,1777900772.657668,46146
5147,21941.072608,1777900772.668795,1777900772.668795,46147
5148,21941.083550,1777900772.679924,1777900772.679924,46148
5149,21941.094733,1777900772.691051,1777900772.691051,46149
5150,21941.105740,1777900772.702178,1777900772.702178,46150
5151,21941.116871,1777900772.713306,1777900772.713306,46151
5152,21941.128207,1777900772.724433,1777900772.724433,46152
5153,21941.139124,1777900772.735560,1777900772.735560,46153
5154,21941.150240,1777900772.746688,1777900772.746688,46154
5155,21941.161542,1777900772.757816,1777900772.757816,46155
5156,21941.172659,1777900772.768943,1777900772.768943,46156
5157,21941.183657,1777900772.780071,1777900772.780071,46157
5158,21941.194909,1777900772.791198,1777900772.791198,46158
5159,21941.205929,1777900772.802325,1777900772.802325,46159
5160,21941.217031,1777900772.813453,1777900772.813453,46160
5161,21941.228346,1777900772.824581,1777900772.824581,46161
5162,21941.239376,1777900772.835708,1777900772.835708,46162
5163,21941.250451,1777900772.846836,1777900772.846836,46163
5164,21941.261693,1777900772.857963,1777900772.857963,46164
5165,21941.272627,1777900772.869090,1777900772.869090,46165
5166,21941.283767,1777900772.880218,1777900772.880218,46166
5167,21941.294939,1777900772.891346,1777900772.891346,46167
5168,21941.306022,1777900772.902473,1777900772.902473,46168
5169,21941.317159,1777900772.913601,1777900772.913601,46169
5170,21941.328285,1777900772.924728,1777900772.924728,46170
5171,21941.339453,1777900772.935855,1777900772.935855,46171
5172,21941.350575,1777900772.946983,1777900772.946983,46172
5173,21941.361936,1777900772.958110,1777900772.958110,46173
5174,21941.372898,1777900772.969238,1777900772.969238,46174
5175,21941.383909,1777900772.980366,1777900772.980366,46175
5176,21941.395086,1777900772.991493,1777900772.991493,46176
5177,21941.406166,1777900773.002620,1777900773.002620,46177
5178,21941.417275,1777900773.013748,1777900773.013748,46178
5179,21941.428434,1777900773.024875,1777900773.024875,46179
5180,21941.439547,1777900773.036002,1777900773.036002,46180
5181,21941.450709,1777900773.047130,1777900773.047130,46181
5182,21941.461955,1777900773.058258,1777900773.058258,46182
5183,21941.472975,1777900773.069385,1777900773.069385,46183
5184,21941.484065,1777900773.080512,1777900773.080512,46184
5185,21941.495412,1777900773.091640,1777900773.091640,46185
5186,21941.506343,1777900773.102767,1777900773.102767,46186
5187,21941.517445,1777900773.113894,1777900773.113894,46187
5188,21941.528653,1777900773.125023,1777900773.125023,46188
5189,21941.539698,1777900773.136150,1777900773.136150,46189
5190,21941.550840,1777900773.147277,1777900773.147277,46190
5191,21941.562088,1777900773.158405,1777900773.158405,46191
5192,21941.573118,1777900773.169532,1777900773.169532,46192
5193,21941.584277,1777900773.180660,1777900773.180660,46193
5194,21941.595633,1777900773.191787,1777900773.191787,46194
5195,21941.606522,1777900773.202914,1777900773.202914,46195
5196,21941.617606,1777900773.214042,1777900773.214042,46196
5197,21941.628761,1777900773.225170,1777900773.225170,46197
5198,21941.639867,1777900773.236297,1777900773.236297,46198
5199,21941.650974,1777900773.247424,1777900773.247424,46199
5200,21941.662181,1777900773.258553,1777900773.258553,46200
5201,21941.673291,1777900773.269680,1777900773.269680,46201
5202,21941.684479,1777900773.280807,1777900773.280807,46202
5203,21941.695546,1777900773.291935,1777900773.291935,46203
5204,21941.706607,1777900773.303062,1777900773.303062,46204
5205,21941.717841,1777900773.314189,1777900773.314189,46205
5206,21941.728939,1777900773.325317,1777900773.325317,46206
5207,21941.740067,1777900773.336444,1777900773.336444,46207
5208,21941.751270,1777900773.347572,1777900773.347572,46208
5209,21941.762256,1777900773.358700,1777900773.358700,46209
5210,21941.773432,1777900773.369827,1777900773.369827,46210
5211,21941.784468,1777900773.380954,1777900773.380954,46211
5212,21941.795632,1777900773.392082,1777900773.392082,46212
5213,21941.806760,1777900773.403209,1777900773.403209,46213
5214,21941.818050,1777900773.414336,1777900773.414336,46214
5215,21941.829049,1777900773.425465,1777900773.425465,46215
5216,21941.840198,1777900773.436592,1777900773.436592,46216
5217,21941.851384,1777900773.447719,1777900773.447719,46217
5218,21941.862435,1777900773.458847,1777900773.458847,46218
5219,21941.873505,1777900773.469974,1777900773.469974,46219
5220,21941.884771,1777900773.481101,1777900773.481101,46220
5221,21941.895789,1777900773.492229,1777900773.492229,46221
5222,21941.906924,1777900773.503357,1777900773.503357,46222
5223,21941.918149,1777900773.514484,1777900773.514484,46223
5224,21941.929220,1777900773.525611,1777900773.525611,46224
5225,21941.940275,1777900773.536739,1777900773.536739,46225
5226,21941.951543,1777900773.547866,1777900773.547866,46226
5227,21941.962559,1777900773.558993,1777900773.558993,46227
5228,21941.973648,1777900773.570122,1777900773.570122,46228
5229,21941.984808,1777900773.581249,1777900773.581249,46229
5230,21941.995909,1777900773.592376,1777900773.592376,46230
5231,21942.007047,1777900773.603504,1777900773.603504,46231
5232,21942.018187,1777900773.614632,1777900773.614632,46232
5233,21942.029292,1777900773.625759,1777900773.625759,46233
5234,21942.040467,1777900773.636887,1777900773.636887,46234
5235,21942.051617,1777900773.648014,1777900773.648014,46235
5236,21942.062753,1777900773.659141,1777900773.659141,46236
5237,21942.073860,1777900773.670270,1777900773.670270,46237
5238,21942.085149,1777900773.681397,1777900773.681397,46238
5239,21942.096097,1777900773.692524,1777900773.692524,46239
5240,21942.107237,1777900773.703652,1777900773.703652,46240
5241,21942.118578,1777900773.714780,1777900773.714780,46241
5242,21942.129546,1777900773.725907,1777900773.725907,46242
5243,21942.140647,1777900773.737035,1777900773.737035,46243
5244,21942.151878,1777900773.748162,1777900773.748162,46244
5245,21942.162903,1777900773.759290,1777900773.759290,46245
5246,21942.174007,1777900773.770418,1777900773.770418,46246
5247,21942.185320,1777900773.781545,1777900773.781545,46247
5248,21942.196246,1777900773.792672,1777900773.792672,46248
5249,21942.207405,1777900773.803800,1777900773.803800,46249
5250,21942.218634,1777900773.814928,1777900773.814928,46250
5251,21942.229604,1777900773.826055,1777900773.826055,46251
5252,21942.240724,1777900773.837183,1777900773.837183,46252
5253,21942.252038,1777900773.848310,1777900773.848310,46253
5254,21942.262978,1777900773.859437,1777900773.859437,46254
5255,21942.274141,1777900773.870566,1777900773.870566,46255
5256,21942.285560,1777900773.881693,1777900773.881693,46256
5257,21942.296386,1777900773.892820,1777900773.892820,46257
5258,21942.307591,1777900773.903948,1777900773.903948,46258
5259,21942.318786,1777900773.915076,1777900773.915076,46259
5260,21942.329758,1777900773.926203,1777900773.926203,46260
5261,21942.340883,1777900773.937330,1777900773.937330,46261
5262,21942.352128,1777900773.948458,1777900773.948458,46262
5263,21942.363158,1777900773.959585,1777900773.959585,46263
5264,21942.374372,1777900773.970713,1777900773.970713,46264
5265,21942.385585,1777900773.981841,1777900773.981841,46265
5266,21942.396533,1777900773.992968,1777900773.992968,46266
5267,21942.407682,1777900774.004096,1777900774.004096,46267
5268,21942.418990,1777900774.015224,1777900774.015224,46268
5269,21942.429901,1777900774.026351,1777900774.026351,46269
5270,21942.441026,1777900774.037478,1777900774.037478,46270
5271,21942.452279,1777900774.048606,1777900774.048606,46271
5272,21942.463274,1777900774.059733,1777900774.059733,46272
5273,21942.474538,1777900774.070861,1777900774.070861,46273
5274,21942.485560,1777900774.081989,1777900774.081989,46274
5275,21942.496656,1777900774.093116,1777900774.093116,46275
5276,21942.507920,1777900774.104244,1777900774.104244,46276
5277,21942.519044,1777900774.115371,1777900774.115371,46277
5278,21942.530095,1777900774.126499,1777900774.126499,46278
5279,21942.541254,1777900774.137626,1777900774.137626,46279
5280,21942.552333,1777900774.148754,1777900774.148754,46280
5281,21942.563404,1777900774.159881,1777900774.159881,46281
5282,21942.574584,1777900774.171009,1777900774.171009,46282
5283,21942.585710,1777900774.182137,1777900774.182137,46283
5284,21942.596798,1777900774.193264,1777900774.193264,46284
5285,21942.608093,1777900774.204391,1777900774.204391,46285
5286,21942.619064,1777900774.215519,1777900774.215519,46286
5287,21942.630264,1777900774.226647,1777900774.226647,46287
5288,21942.641325,1777900774.237774,1777900774.237774,46288
5289,21942.652428,1777900774.248902,1777900774.248902,46289
5290,21942.663588,1777900774.260030,1777900774.260030,46290
5291,21942.674749,1777900774.271157,1777900774.271157,46291
5292,21942.685824,1777900774.282285,1777900774.282285,46292
5293,21942.696942,1777900774.293412,1777900774.293412,46293
5294,21942.708200,1777900774.304539,1777900774.304539,46294
5295,21942.719181,1777900774.315667,1777900774.315667,46295
5296,21942.730335,1777900774.326795,1777900774.326795,46296
5297,21942.741887,1777900774.337922,1777900774.337922,46297
5298,21942.752586,1777900774.349050,1777900774.349050,46298
5299,21942.763711,1777900774.360178,1777900774.360178,46299
5300,21942.774994,1777900774.371305,1777900774.371305,46300
5301,21942.785982,1777900774.382432,1777900774.382432,46301
5302,21942.797100,1777900774.393560,1777900774.393560,46302
5303,21942.808372,1777900774.404687,1777900774.404687,46303
5304,21942.819386,1777900774.415815,1777900774.415815,46304
5305,21942.830526,1777900774.426943,1777900774.426943,46305
5306,21942.841808,1777900774.438070,1777900774.438070,46306
5307,21942.852744,1777900774.449197,1777900774.449197,46307
5308,21942.863857,1777900774.460325,1777900774.460325,46308
5309,21942.875013,1777900774.471453,1777900774.471453,46309
5310,21942.886128,1777900774.482580,1777900774.482580,46310
5311,21942.897283,1777900774.493708,1777900774.493708,46311
5312,21942.908416,1777900774.504835,1777900774.504835,46312
5313,21942.919517,1777900774.515963,1777900774.515963,46313
5314,21942.930621,1777900774.527091,1777900774.527091,46314
5315,21942.941903,1777900774.538218,1777900774.538218,46315
5316,21942.952885,1777900774.549345,1777900774.549345,46316
5317,21942.964010,1777900774.560473,1777900774.560473,46317
5318,21942.975286,1777900774.571601,1777900774.571601,46318
5319,21942.986265,1777900774.582727,1777900774.582727,46319
5320,21942.997376,1777900774.593856,1777900774.593856,46320
5321,21943.008575,1777900774.604983,1777900774.604983,46321
5322,21943.019630,1777900774.616110,1777900774.616110,46322
5323,21943.030755,1777900774.627238,1777900774.627238,46323
5324,21943.042090,1777900774.638365,1777900774.638365,46324
5325,21943.053075,1777900774.649492,1777900774.649492,46325
5326,21943.064153,1777900774.660620,1777900774.660620,46326
5327,21943.075359,1777900774.671747,1777900774.671747,46327
5328,21943.086424,1777900774.682874,1777900774.682874,46328
5329,21943.097695,1777900774.694002,1777900774.694002,46329
5330,21943.108737,1777900774.705129,1777900774.705129,46330
5331,21943.119831,1777900774.716257,1777900774.716257,46331
5332,21943.130969,1777900774.727385,1777900774.727385,46332
5333,21943.142231,1777900774.738512,1777900774.738512,46333
5334,21943.153178,1777900774.749639,1777900774.749639,46334
5335,21943.164313,1777900774.760767,1777900774.760767,46335
5336,21943.175499,1777900774.771894,1777900774.771894,46336
5337,21943.186561,1777900774.783021,1777900774.783021,46337
5338,21943.197828,1777900774.794149,1777900774.794149,46338
5339,21943.208825,1777900774.805276,1777900774.805276,46339
5340,21943.219958,1777900774.816403,1777900774.816403,46340
5341,21943.231110,1777900774.827531,1777900774.827531,46341
5342,21943.253367,1777900774.849786,1777900774.849786,46343
5343,21943.264520,1777900774.860913,1777900774.860913,46344
5344,21943.275582,1777900774.872041,1777900774.872041,46345
5345,21943.286724,1777900774.883168,1777900774.883168,46346
5346,21943.297888,1777900774.894295,1777900774.894295,46347
5347,21943.309023,1777900774.905423,1777900774.905423,46348
5348,21943.320107,1777900774.916550,1777900774.916550,46349
5349,21943.331326,1777900774.927677,1777900774.927677,46350
5350,21943.342341,1777900774.938805,1777900774.938805,46351
