# which inertial sample is which camera frame, from the hardware trigger
# frame_period_s=0.011127751  (89.865419554 Hz, measured from this session's own trigger pulses -- the camera does not run at 90.000)
# trigger_pulses=6953  pulses_the_imu_missed=0
# t_bar_s is the exposure time in the BAR's clock, the same clock as esp_timestamp_us in imu/raw_imu.csv
# imu_sample is a row index into imu/raw_imu.csv; tagged=0 means the inertial stream missed that pulse and the time is interpolated
frame,video_row,t_bar_s,imu_sample,tagged
0,0,330.587243,2,1
1,1,330.598378,13,1
2,2,330.609513,24,1
3,3,330.620651,35,1
4,4,330.631786,46,1
5,5,330.642923,57,1
6,6,330.654060,68,1
7,7,330.665194,79,1
8,8,330.676332,90,1
9,9,330.687468,101,1
10,10,330.698604,112,1
11,11,330.709739,123,1
12,12,330.720876,134,1
13,13,330.732013,145,1
14,14,330.743149,156,1
15,15,330.754284,167,1
16,16,330.765420,178,1
17,17,330.776557,189,1
18,18,330.786679,199,1
19,19,330.797817,210,1
20,20,330.808954,221,1
21,21,330.820098,232,1
22,22,330.831224,243,1
23,23,330.842362,254,1
24,24,330.853498,265,1
25,25,330.864635,276,1
26,26,330.875769,287,1
27,27,330.886905,298,1
28,28,330.898043,309,1
29,29,330.909177,320,1
30,30,330.920313,331,1
31,31,330.931449,342,1
32,32,330.942586,353,1
33,33,330.953722,364,1
34,34,330.964858,375,1
35,35,330.975993,386,1
36,36,330.987132,397,1
37,37,330.998267,408,1
38,38,331.009402,419,1
39,39,331.020540,430,1
40,40,331.031674,441,1
41,41,331.042811,452,1
42,42,331.053948,463,1
43,43,331.065083,474,1
44,44,331.076221,485,1
45,45,331.087356,496,1
46,46,331.098493,507,1
47,47,331.109629,518,1
48,48,331.120765,529,1
49,49,331.131901,540,1
50,50,331.143037,551,1
51,51,331.154172,562,1
52,52,331.165310,573,1
53,53,331.176444,584,1
54,54,331.187580,595,1
55,55,331.198717,606,1
56,56,331.209852,617,1
57,57,331.220990,628,1
58,58,331.232127,639,1
59,59,331.243263,650,1
60,60,331.254397,661,1
61,61,331.265534,672,1
62,62,331.276671,683,1
63,63,331.287807,694,1
64,64,331.298942,705,1
65,65,331.310079,716,1
66,66,331.321214,727,1
67,67,331.332352,738,1
68,68,331.343486,749,1
69,69,331.354624,760,1
70,70,331.365758,771,1
71,-1,331.376897,782,1
72,71,331.388032,793,1
73,72,331.399167,804,1
74,73,331.410304,815,1
75,74,331.421440,826,1
76,75,331.432577,837,1
77,76,331.443711,848,1
78,77,331.454847,859,1
79,78,331.465983,870,1
80,79,331.477121,881,1
81,80,331.488257,892,1
82,81,331.499394,903,1
83,82,331.510530,914,1
84,83,331.521664,925,1
85,84,331.532802,936,1
86,85,331.543938,947,1
87,86,331.555075,958,1
88,87,331.566210,969,1
89,88,331.577346,980,1
90,89,331.588483,991,1
91,90,331.599618,1002,1
92,91,331.610755,1013,1
93,92,331.621892,1024,1
94,93,331.633027,1035,1
95,94,331.644164,1046,1
96,95,331.655298,1057,1
97,96,331.666434,1068,1
98,97,331.677571,1079,1
99,98,331.688708,1090,1
100,99,331.699844,1101,1
101,100,331.710978,1112,1
102,101,331.722114,1123,1
103,102,331.733251,1134,1
104,103,331.744387,1145,1
105,104,331.755523,1156,1
106,105,331.766661,1167,1
107,106,331.777796,1178,1
108,107,331.788933,1189,1
109,108,331.800069,1200,1
110,109,331.811203,1211,1
111,110,331.822341,1222,1
112,111,331.833478,1233,1
113,112,331.844615,1244,1
114,113,331.855750,1255,1
115,114,331.866886,1266,1
116,115,331.878022,1277,1
117,116,331.889158,1288,1
118,117,331.900294,1299,1
119,118,331.911430,1310,1
120,119,331.922568,1321,1
121,120,331.933702,1332,1
122,121,331.944839,1343,1
123,122,331.955974,1354,1
124,123,331.967112,1365,1
125,124,331.978246,1376,1
126,125,331.989383,1387,1
127,126,332.000520,1398,1
128,127,332.011654,1409,1
129,128,332.022791,1420,1
130,129,332.033926,1431,1
131,130,332.045064,1442,1
132,131,332.056201,1453,1
133,132,332.067337,1464,1
134,133,332.078473,1475,1
135,134,332.089608,1486,1
136,135,332.100745,1497,1
137,136,332.111882,1508,1
138,137,332.123018,1519,1
139,138,332.133141,1529,1
140,139,332.144276,1540,1
141,140,332.155413,1551,1
142,141,332.166548,1562,1
143,142,332.177686,1573,1
144,143,332.188822,1584,1
145,144,332.199958,1595,1
146,145,332.211098,1606,1
147,146,332.222229,1617,1
148,147,332.233366,1628,1
149,148,332.244502,1639,1
150,149,332.255637,1650,1
151,150,332.266775,1661,1
152,151,332.277909,1672,1
153,152,332.289046,1683,1
154,153,332.300182,1694,1
155,154,332.311319,1705,1
156,155,332.322456,1716,1
157,156,332.333592,1727,1
158,157,332.344726,1738,1
159,158,332.355864,1749,1
160,159,332.366999,1760,1
161,160,332.378134,1771,1
162,161,332.389270,1782,1
163,162,332.400407,1793,1
164,163,332.411543,1804,1
165,164,332.422679,1815,1
166,165,332.433815,1826,1
167,166,332.444951,1837,1
168,167,332.456098,1848,1
169,168,332.467226,1859,1
170,169,332.478361,1870,1
171,170,332.489495,1881,1
172,171,332.500633,1892,1
173,172,332.511768,1903,1
174,173,332.522906,1914,1
175,174,332.534041,1925,1
176,175,332.545176,1936,1
177,176,332.556314,1947,1
178,177,332.567449,1958,1
179,-1,332.578587,1969,1
180,178,332.589723,1980,1
181,179,332.600858,1991,1
182,180,332.611996,2002,1
183,181,332.623131,2013,1
184,182,332.634267,2024,1
185,183,332.645403,2035,1
186,184,332.656537,2046,1
187,185,332.667676,2057,1
188,186,332.678812,2068,1
189,187,332.689947,2079,1
190,188,332.701082,2090,1
191,189,332.712220,2101,1
192,190,332.723356,2112,1
193,191,332.734493,2123,1
194,192,332.745627,2134,1
195,193,332.756764,2145,1
196,194,332.767900,2156,1
197,195,332.779037,2167,1
198,196,332.790173,2178,1
199,197,332.801309,2189,1
200,198,332.812444,2200,1
201,199,332.823581,2211,1
202,200,332.834718,2222,1
203,201,332.845853,2233,1
204,202,332.856989,2244,1
205,203,332.868124,2255,1
206,204,332.879261,2266,1
207,205,332.890396,2277,1
208,206,332.901534,2288,1
209,207,332.912671,2299,1
210,208,332.923807,2310,1
211,209,332.934943,2321,1
212,210,332.946080,2332,1
213,211,332.957214,2343,1
214,212,332.968350,2354,1
215,213,332.979488,2365,1
216,214,332.990624,2376,1
217,215,333.001759,2387,1
218,216,333.012894,2398,1
219,217,333.024032,2409,1
220,218,333.035168,2420,1
221,219,333.046305,2431,1
222,220,333.057439,2442,1
223,221,333.068574,2453,1
224,222,333.079712,2464,1
225,223,333.090847,2475,1
226,224,333.101985,2486,1
227,225,333.113120,2497,1
228,226,333.124257,2508,1
229,227,333.135391,2519,1
230,228,333.146530,2530,1
231,229,333.157664,2541,1
232,230,333.168802,2552,1
233,231,333.179936,2563,1
234,232,333.191072,2574,1
235,233,333.202210,2585,1
236,234,333.213347,2596,1
237,235,333.224482,2607,1
238,236,333.235617,2618,1
239,237,333.246754,2629,1
240,238,333.257891,2640,1
241,239,333.269027,2651,1
242,240,333.280164,2662,1
243,241,333.291298,2673,1
244,242,333.302434,2684,1
245,243,333.313571,2695,1
246,244,333.324707,2706,1
247,245,333.335842,2717,1
248,246,333.346978,2728,1
249,247,333.358115,2739,1
250,248,333.369251,2750,1
251,249,333.380386,2761,1
252,250,333.391523,2772,1
253,251,333.402658,2783,1
254,252,333.413795,2794,1
255,253,333.424932,2805,1
256,254,333.436069,2816,1
257,255,333.447204,2827,1
258,256,333.458342,2838,1
259,257,333.469478,2849,1
260,258,333.479602,2859,1
261,259,333.490738,2870,1
262,260,333.501873,2881,1
263,261,333.513009,2892,1
264,262,333.524145,2903,1
265,263,333.535282,2914,1
266,264,333.546418,2925,1
267,265,333.557555,2936,1
268,266,333.568690,2947,1
269,267,333.579826,2958,1
270,268,333.590961,2969,1
271,269,333.602102,2980,1
272,270,333.613234,2991,1
273,271,333.624372,3002,1
274,272,333.635505,3013,1
275,273,333.646641,3024,1
276,274,333.657778,3035,1
277,275,333.668913,3046,1
278,276,333.680051,3057,1
279,277,333.691188,3068,1
280,278,333.702322,3079,1
281,279,333.713459,3090,1
282,280,333.724594,3101,1
283,281,333.735731,3112,1
284,282,333.746866,3123,1
285,283,333.758003,3134,1
286,284,333.769140,3145,1
287,285,333.780277,3156,1
288,286,333.791414,3167,1
289,287,333.802549,3178,1
290,288,333.813686,3189,1
291,289,333.824821,3200,1
292,290,333.835957,3211,1
293,291,333.847098,3222,1
294,292,333.858230,3233,1
295,293,333.869364,3244,1
296,294,333.880502,3255,1
297,295,333.891638,3266,1
298,296,333.902772,3277,1
299,297,333.913910,3288,1
300,298,333.925045,3299,1
301,299,333.936182,3310,1
302,300,333.947319,3321,1
303,301,333.958453,3332,1
304,302,333.969592,3343,1
305,303,333.980726,3354,1
306,304,333.991861,3365,1
307,305,334.002999,3376,1
308,306,334.014134,3387,1
309,307,334.025270,3398,1
310,308,334.036408,3409,1
311,309,334.047544,3420,1
312,310,334.058680,3431,1
313,311,334.069815,3442,1
314,312,334.080950,3453,1
315,313,334.092096,3464,1
316,-1,334.103225,3475,1
317,314,334.114359,3486,1
318,315,334.125495,3497,1
319,316,334.136633,3508,1
320,317,334.147768,3519,1
321,318,334.158904,3530,1
322,319,334.170041,3541,1
323,320,334.181176,3552,1
324,321,334.192313,3563,1
325,322,334.203451,3574,1
326,323,334.214585,3585,1
327,324,334.225721,3596,1
328,325,334.236857,3607,1
329,326,334.247995,3618,1
330,327,334.259131,3629,1
331,328,334.270265,3640,1
332,329,334.281403,3651,1
333,330,334.292537,3662,1
334,331,334.303675,3673,1
335,-1,334.314811,3684,1
336,332,334.325946,3695,1
337,333,334.337084,3706,1
338,334,334.348218,3717,1
339,335,334.359354,3728,1
340,336,334.370490,3739,1
341,337,334.381627,3750,1
342,338,334.392765,3761,1
343,339,334.403901,3772,1
344,340,334.415035,3783,1
345,341,334.426173,3794,1
346,342,334.437309,3805,1
347,343,334.448445,3816,1
348,344,334.459581,3827,1
349,345,334.470717,3838,1
350,346,334.481853,3849,1
351,347,334.492989,3860,1
352,348,334.504124,3871,1
353,349,334.515260,3882,1
354,350,334.526397,3893,1
355,351,334.537534,3904,1
356,352,334.548669,3915,1
357,353,334.559807,3926,1
358,354,334.570941,3937,1
359,355,334.582079,3948,1
360,356,334.593214,3959,1
361,357,334.604352,3970,1
362,358,334.615488,3981,1
363,359,334.626624,3992,1
364,360,334.637759,4003,1
365,361,334.648896,4014,1
366,362,334.660032,4025,1
367,363,334.671168,4036,1
368,364,334.682305,4047,1
369,365,334.693441,4058,1
370,366,334.704575,4069,1
371,367,334.715711,4080,1
372,368,334.726848,4091,1
373,369,334.737984,4102,1
374,370,334.749120,4113,1
375,371,334.760258,4124,1
376,372,334.771394,4135,1
377,373,334.782530,4146,1
378,374,334.793665,4157,1
379,375,334.804801,4168,1
380,376,334.815937,4179,1
381,377,334.826060,4189,1
382,378,334.837197,4200,1
383,379,334.848332,4211,1
384,380,334.859469,4222,1
385,381,334.870607,4233,1
386,382,334.881741,4244,1
387,383,334.892876,4255,1
388,384,334.904014,4266,1
389,385,334.915149,4277,1
390,386,334.926285,4288,1
391,387,334.937424,4299,1
392,388,334.948559,4310,1
393,389,334.959694,4321,1
394,390,334.970830,4332,1
395,391,334.981967,4343,1
396,392,334.993107,4354,1
397,393,335.004238,4365,1
398,-1,335.015376,4376,1
399,394,335.026512,4387,1
400,395,335.037648,4398,1
401,396,335.048785,4409,1
402,397,335.059919,4420,1
403,398,335.071056,4431,1
404,399,335.082194,4442,1
405,400,335.093329,4453,1
406,401,335.104465,4464,1
407,402,335.115599,4475,1
408,403,335.126736,4486,1
409,404,335.137873,4497,1
410,405,335.149009,4508,1
411,406,335.160146,4519,1
412,407,335.171281,4530,1
413,408,335.182416,4541,1
414,409,335.193553,4552,1
415,410,335.204691,4563,1
416,411,335.215826,4574,1
417,412,335.226961,4585,1
418,413,335.238102,4596,1
419,414,335.249235,4607,1
420,415,335.260371,4618,1
421,416,335.271508,4629,1
422,417,335.282641,4640,1
423,418,335.293779,4651,1
424,419,335.304914,4662,1
425,420,335.316052,4673,1
426,421,335.327186,4684,1
427,422,335.338323,4695,1
428,423,335.349461,4706,1
429,424,335.360596,4717,1
430,425,335.371733,4728,1
431,426,335.382868,4739,1
432,427,335.394003,4750,1
433,428,335.405140,4761,1
434,429,335.416275,4772,1
435,430,335.427412,4783,1
436,431,335.438549,4794,1
437,432,335.449685,4805,1
438,433,335.460821,4816,1
439,434,335.471956,4827,1
440,435,335.483100,4838,1
441,436,335.494230,4849,1
442,437,335.505364,4860,1
443,438,335.516500,4871,1
444,439,335.527638,4882,1
445,440,335.538773,4893,1
446,441,335.549909,4904,1
447,442,335.561046,4915,1
448,443,335.572182,4926,1
449,444,335.583317,4937,1
450,445,335.594456,4948,1
451,446,335.605592,4959,1
452,447,335.616728,4970,1
453,448,335.627864,4981,1
454,449,335.638999,4992,1
455,450,335.650136,5003,1
456,451,335.661271,5014,1
457,452,335.672408,5025,1
458,453,335.683544,5036,1
459,454,335.694678,5047,1
460,455,335.705816,5058,1
461,-1,335.717798,5069,1
462,456,335.728096,5080,1
463,457,335.739223,5091,1
464,458,335.750361,5102,1
465,459,335.761496,5113,1
466,460,335.772634,5124,1
467,461,335.783768,5135,1
468,462,335.794905,5146,1
469,463,335.806041,5157,1
470,464,335.817176,5168,1
471,465,335.828314,5179,1
472,466,335.839451,5190,1
473,467,335.850587,5201,1
474,468,335.861723,5212,1
475,469,335.872858,5223,1
476,470,335.883995,5234,1
477,471,335.895131,5245,1
478,472,335.906265,5256,1
479,473,335.917404,5267,1
480,474,335.928537,5278,1
481,475,335.939674,5289,1
482,476,335.950812,5300,1
483,477,335.961946,5311,1
484,478,335.973084,5322,1
485,479,335.984221,5333,1
486,480,335.995356,5344,1
487,-1,336.006492,5355,1
488,481,336.017627,5366,1
489,482,336.028764,5377,1
490,483,336.039901,5388,1
491,484,336.051036,5399,1
492,485,336.062173,5410,1
493,486,336.073309,5421,1
494,487,336.084443,5432,1
495,488,336.095581,5443,1
496,489,336.106717,5454,1
497,490,336.117854,5465,1
498,491,336.128991,5476,1
499,492,336.140126,5487,1
500,493,336.151262,5498,1
501,494,336.162398,5509,1
502,495,336.172522,5519,1
503,496,336.183658,5530,1
504,497,336.194794,5541,1
505,498,336.205929,5552,1
506,499,336.217067,5563,1
507,500,336.228202,5574,1
508,501,336.239337,5585,1
509,502,336.250475,5596,1
510,503,336.261609,5607,1
511,504,336.272748,5618,1
512,505,336.283882,5629,1
513,506,336.295020,5640,1
514,507,336.306156,5651,1
515,508,336.317291,5662,1
516,509,336.328429,5673,1
517,510,336.339565,5684,1
518,511,336.350701,5695,1
519,512,336.361837,5706,1
520,513,336.372973,5717,1
521,514,336.384108,5728,1
522,515,336.395243,5739,1
523,516,336.406379,5750,1
524,517,336.417517,5761,1
525,518,336.428652,5772,1
526,519,336.439789,5783,1
527,520,336.450924,5794,1
528,521,336.462060,5805,1
529,522,336.473196,5816,1
530,-1,336.484332,5827,1
531,523,336.495469,5838,1
532,524,336.506606,5849,1
533,525,336.517741,5860,1
534,526,336.528879,5871,1
535,527,336.540013,5882,1
536,528,336.551149,5893,1
537,529,336.562286,5904,1
538,-1,336.573423,5915,1
539,530,336.584559,5926,1
540,531,336.595693,5937,1
541,532,336.606832,5948,1
542,533,336.617967,5959,1
543,534,336.629106,5970,1
544,535,336.640238,5981,1
545,536,336.651376,5992,1
546,537,336.662511,6003,1
547,538,336.673648,6014,1
548,539,336.684785,6025,1
549,540,336.695920,6036,1
550,541,336.707055,6047,1
551,-1,336.718193,6058,1
552,542,336.729329,6069,1
553,543,336.740465,6080,1
554,544,336.751602,6091,1
555,545,336.762736,6102,1
556,546,336.773873,6113,1
557,547,336.785009,6124,1
558,548,336.796146,6135,1
559,549,336.807281,6146,1
560,550,336.818417,6157,1
561,551,336.829556,6168,1
562,552,336.840690,6179,1
563,553,336.851827,6190,1
564,554,336.862961,6201,1
565,555,336.874101,6212,1
566,556,336.885235,6223,1
567,557,336.896371,6234,1
568,558,336.907505,6245,1
569,559,336.918644,6256,1
570,560,336.929780,6267,1
571,561,336.940916,6278,1
572,562,336.952053,6289,1
573,563,336.963188,6300,1
574,564,336.974322,6311,1
575,-1,336.985461,6322,1
576,565,336.996597,6333,1
577,566,337.007732,6344,1
578,567,337.018867,6355,1
579,568,337.030005,6366,1
580,569,337.041139,6377,1
581,570,337.052277,6388,1
582,571,337.063414,6399,1
583,572,337.074548,6410,1
584,573,337.085685,6421,1
585,574,337.096821,6432,1
586,575,337.107956,6443,1
587,576,337.119100,6454,1
588,577,337.130229,6465,1
589,578,337.141367,6476,1
590,579,337.152503,6487,1
591,580,337.163639,6498,1
592,581,337.174775,6509,1
593,582,337.185910,6520,1
594,583,337.197046,6531,1
595,584,337.208184,6542,1
596,585,337.219320,6553,1
597,586,337.230454,6564,1
598,587,337.241590,6575,1
599,588,337.252728,6586,1
600,589,337.263862,6597,1
601,590,337.274998,6608,1
602,591,337.286136,6619,1
603,592,337.297273,6630,1
604,593,337.308407,6641,1
605,594,337.319543,6652,1
606,595,337.330681,6663,1
607,596,337.341817,6674,1
608,597,337.352951,6685,1
609,598,337.364099,6696,1
610,599,337.375225,6707,1
611,600,337.386361,6718,1
612,601,337.397497,6729,1
613,602,337.408633,6740,1
614,603,337.419770,6751,1
615,604,337.430906,6762,1
616,605,337.442041,6773,1
617,606,337.453177,6784,1
618,607,337.464312,6795,1
619,608,337.475449,6806,1
620,609,337.486585,6817,1
621,610,337.497724,6828,1
622,611,337.508860,6839,1
623,612,337.518984,6849,1
624,613,337.530117,6860,1
625,614,337.541256,6871,1
626,615,337.552392,6882,1
627,616,337.563526,6893,1
628,617,337.574664,6904,1
629,618,337.585800,6915,1
630,619,337.596934,6926,1
631,620,337.608072,6937,1
632,621,337.619209,6948,1
633,622,337.630342,6959,1
634,623,337.641480,6970,1
635,624,337.652616,6981,1
636,625,337.663752,6992,1
637,626,337.674888,7003,1
638,627,337.686023,7014,1
639,628,337.697159,7025,1
640,629,337.708295,7036,1
641,630,337.719432,7047,1
642,631,337.730569,7058,1
643,632,337.741706,7069,1
644,633,337.752840,7080,1
645,634,337.763976,7091,1
646,635,337.775115,7102,1
647,636,337.786249,7113,1
648,637,337.797385,7124,1
649,638,337.808520,7135,1
650,639,337.819657,7146,1
651,641,337.830793,7157,1
652,-1,337.841931,7168,1
653,642,337.853067,7179,1
654,643,337.864201,7190,1
655,-1,337.875340,7201,1
656,644,337.886473,7212,1
657,-1,337.897612,7223,1
658,645,337.908746,7234,1
659,646,337.919882,7245,1
660,647,337.931020,7256,1
661,648,337.942156,7267,1
662,649,337.953293,7278,1
663,650,337.964429,7289,1
664,651,337.975566,7300,1
665,652,337.986700,7311,1
666,653,337.997837,7322,1
667,654,338.008972,7333,1
668,655,338.020110,7344,1
669,656,338.031243,7355,1
670,657,338.042379,7366,1
671,658,338.053516,7377,1
672,659,338.064652,7388,1
673,660,338.075789,7399,1
674,661,338.086924,7410,1
675,662,338.098062,7421,1
676,663,338.109198,7432,1
677,664,338.120333,7443,1
678,-1,338.131470,7454,1
679,665,338.142606,7465,1
680,666,338.153742,7476,1
681,667,338.164879,7487,1
682,668,338.176015,7498,1
683,669,338.187149,7509,1
684,670,338.198288,7520,1
685,671,338.209423,7531,1
686,672,338.220560,7542,1
687,673,338.231694,7553,1
688,674,338.242832,7564,1
689,675,338.253966,7575,1
690,676,338.265107,7586,1
691,-1,338.276239,7597,1
692,677,338.287375,7608,1
693,678,338.298511,7619,1
694,679,338.309649,7630,1
695,680,338.320785,7641,1
696,681,338.331919,7652,1
697,682,338.343057,7663,1
698,683,338.354193,7674,1
699,684,338.365328,7685,1
700,685,338.376466,7696,1
701,-1,338.387600,7707,1
702,686,338.398739,7718,1
703,687,338.409873,7729,1
704,688,338.421010,7740,1
705,689,338.432147,7751,1
706,690,338.443283,7762,1
707,691,338.454417,7773,1
708,692,338.465555,7784,1
709,693,338.476689,7795,1
710,694,338.487826,7806,1
711,695,338.498964,7817,1
712,696,338.510102,7828,1
713,697,338.521236,7839,1
714,698,338.532372,7850,1
715,699,338.543507,7861,1
716,700,338.554643,7872,1
717,701,338.565780,7883,1
718,702,338.576914,7894,1
719,703,338.588050,7905,1
720,704,338.599188,7916,1
721,705,338.610325,7927,1
722,706,338.621461,7938,1
723,707,338.632597,7949,1
724,708,338.643733,7960,1
725,709,338.654868,7971,1
726,710,338.666003,7982,1
727,711,338.677142,7993,1
728,712,338.688276,8004,1
729,713,338.699412,8015,1
730,714,338.710549,8026,1
731,715,338.721686,8037,1
732,716,338.732823,8048,1
733,717,338.743957,8059,1
734,718,338.755100,8070,1
735,719,338.766229,8081,1
736,720,338.777365,8092,1
737,721,338.788503,8103,1
738,722,338.799638,8114,1
739,723,338.810775,8125,1
740,724,338.821911,8136,1
741,725,338.833047,8147,1
742,726,338.844183,8158,1
743,727,338.855320,8169,1
744,728,338.866456,8180,1
745,-1,338.876580,8190,1
746,729,338.887716,8201,1
747,730,338.898853,8212,1
748,731,338.909986,8223,1
749,732,338.921124,8234,1
750,733,338.932260,8245,1
751,734,338.943396,8256,1
752,735,338.954533,8267,1
753,736,338.965667,8278,1
754,737,338.976805,8289,1
755,738,338.987939,8300,1
756,739,338.999078,8311,1
757,740,339.010214,8322,1
758,741,339.021350,8333,1
759,742,339.032484,8344,1
760,743,339.043621,8355,1
761,744,339.054758,8366,1
762,745,339.065893,8377,1
763,746,339.077028,8388,1
764,747,339.088167,8399,1
765,748,339.099302,8410,1
766,749,339.110437,8421,1
767,750,339.121576,8432,1
768,751,339.132709,8443,1
769,752,339.143845,8454,1
770,753,339.154982,8465,1
771,754,339.166118,8476,1
772,755,339.177254,8487,1
773,-1,339.188392,8498,1
774,756,339.199528,8509,1
775,757,339.210664,8520,1
776,758,339.221800,8531,1
777,759,339.232935,8542,1
778,760,339.244072,8553,1
779,-1,339.255207,8564,1
780,761,339.266344,8575,1
781,762,339.277480,8586,1
782,763,339.288615,8597,1
783,764,339.299753,8608,1
784,765,339.310889,8619,1
785,766,339.322024,8630,1
786,767,339.333160,8641,1
787,768,339.344298,8652,1
788,769,339.355434,8663,1
789,770,339.366568,8674,1
790,771,339.377704,8685,1
791,772,339.388842,8696,1
792,773,339.399978,8707,1
793,774,339.411114,8718,1
794,775,339.422249,8729,1
795,776,339.433385,8740,1
796,777,339.444522,8751,1
797,778,339.455660,8762,1
798,779,339.466795,8773,1
799,780,339.477930,8784,1
800,781,339.489067,8795,1
801,782,339.500202,8806,1
802,783,339.511338,8817,1
803,784,339.522476,8828,1
804,785,339.533611,8839,1
805,786,339.544748,8850,1
806,787,339.555882,8861,1
807,788,339.567020,8872,1
808,789,339.578155,8883,1
809,790,339.589291,8894,1
810,791,339.600428,8905,1
811,792,339.611566,8916,1
812,793,339.622701,8927,1
813,794,339.633836,8938,1
814,795,339.644974,8949,1
815,796,339.656109,8960,1
816,797,339.667245,8971,1
817,798,339.678381,8982,1
818,799,339.689518,8993,1
819,800,339.700652,9004,1
820,801,339.711789,9015,1
821,802,339.722927,9026,1
822,803,339.734061,9037,1
823,804,339.745197,9048,1
824,805,339.756333,9059,1
825,806,339.767472,9070,1
826,807,339.778605,9081,1
827,-1,339.789742,9092,1
828,808,339.800878,9103,1
829,809,339.812016,9114,1
830,810,339.823152,9125,1
831,811,339.834289,9136,1
832,812,339.845423,9147,1
833,813,339.856559,9158,1
834,814,339.867697,9169,1
835,815,339.878833,9180,1
836,816,339.889967,9191,1
837,817,339.901106,9202,1
838,818,339.912239,9213,1
839,819,339.923378,9224,1
840,820,339.934513,9235,1
841,821,339.945649,9246,1
842,822,339.956786,9257,1
843,823,339.967923,9268,1
844,824,339.979058,9279,1
845,825,339.990192,9290,1
846,826,340.001330,9301,1
847,827,340.012465,9312,1
848,828,340.023602,9323,1
849,829,340.034739,9334,1
850,830,340.045873,9345,1
851,831,340.057009,9356,1
852,832,340.068148,9367,1
853,833,340.079284,9378,1
854,834,340.090420,9389,1
855,835,340.101557,9400,1
856,836,340.112690,9411,1
857,837,340.123826,9422,1
858,838,340.134964,9433,1
859,839,340.146101,9444,1
860,840,340.157236,9455,1
861,841,340.168371,9466,1
862,842,340.179509,9477,1
863,843,340.190645,9488,1
864,844,340.201779,9499,1
865,845,340.212917,9510,1
866,846,340.223039,9520,1
867,847,340.234177,9531,1
868,848,340.245311,9542,1
869,849,340.256449,9553,1
870,850,340.267584,9564,1
871,851,340.278720,9575,1
872,852,340.289858,9586,1
873,853,340.300994,9597,1
874,854,340.312128,9608,1
875,855,340.323264,9619,1
876,856,340.334401,9630,1
877,857,340.345537,9641,1
878,858,340.356674,9652,1
879,859,340.367811,9663,1
880,860,340.378945,9674,1
881,861,340.390083,9685,1
882,862,340.401219,9696,1
883,863,340.412354,9707,1
884,864,340.423489,9718,1
885,865,340.434628,9729,1
886,866,340.445764,9740,1
887,867,340.456898,9751,1
888,868,340.468037,9762,1
889,869,340.479170,9773,1
890,870,340.490306,9784,1
891,871,340.501442,9795,1
892,872,340.512581,9806,1
893,873,340.523717,9817,1
894,874,340.534851,9828,1
895,875,340.545987,9839,1
896,876,340.557125,9850,1
897,877,340.568260,9861,1
898,878,340.579396,9872,1
899,879,340.590532,9883,1
900,880,340.601669,9894,1
901,881,340.612805,9905,1
902,882,340.623941,9916,1
903,883,340.635078,9927,1
904,884,340.646214,9938,1
905,885,340.657351,9949,1
906,886,340.668485,9960,1
907,887,340.679624,9971,1
908,888,340.690757,9982,1
909,889,340.701894,9993,1
910,890,340.713032,10004,1
911,891,340.724168,10014,1
912,892,340.735302,10025,1
913,893,340.746440,10036,1
914,894,340.757577,10047,1
915,895,340.768710,10058,1
916,896,340.779846,10069,1
917,897,340.790984,10080,1
918,898,340.802120,10091,1
919,899,340.813255,10102,1
920,900,340.824393,10113,1
921,901,340.835527,10124,1
922,902,340.846663,10135,1
923,903,340.857802,10146,1
924,904,340.868938,10157,1
925,905,340.880073,10168,1
926,906,340.891208,10179,1
927,907,340.902344,10190,1
928,908,340.913481,10201,1
929,909,340.924618,10212,1
930,910,340.935755,10223,1
931,911,340.946890,10234,1
932,912,340.958025,10245,1
933,913,340.969162,10256,1
934,914,340.980299,10267,1
935,915,340.991434,10278,1
936,916,341.002571,10289,1
937,917,341.013707,10300,1
938,918,341.024844,10311,1
939,919,341.035979,10322,1
940,920,341.047115,10333,1
941,921,341.058251,10344,1
942,922,341.069388,10355,1
943,923,341.080524,10366,1
944,924,341.091658,10377,1
945,925,341.102797,10388,1
946,926,341.113931,10399,1
947,927,341.125067,10410,1
948,928,341.136203,10421,1
949,929,341.147340,10432,1
950,930,341.158475,10443,1
951,931,341.169612,10454,1
952,932,341.180748,10465,1
953,933,341.191885,10476,1
954,934,341.203022,10487,1
955,935,341.214157,10498,1
956,936,341.225295,10509,1
957,937,341.236428,10520,1
958,938,341.247565,10531,1
959,939,341.258702,10542,1
960,940,341.269839,10553,1
961,941,341.280975,10564,1
962,942,341.292111,10575,1
963,943,341.303246,10586,1
964,944,341.314382,10597,1
965,945,341.325519,10608,1
966,946,341.336655,10619,1
967,947,341.347791,10630,1
968,948,341.358926,10641,1
969,949,341.370064,10652,1
970,950,341.381198,10663,1
971,951,341.392336,10674,1
972,952,341.403472,10685,1
973,953,341.414608,10696,1
974,954,341.425743,10707,1
975,955,341.436879,10718,1
976,956,341.448015,10729,1
977,957,341.459151,10740,1
978,958,341.470287,10751,1
979,959,341.481425,10762,1
980,960,341.492562,10773,1
981,961,341.503696,10784,1
982,962,341.514832,10795,1
983,963,341.525970,10806,1
984,964,341.537105,10817,1
985,965,341.548242,10828,1
986,966,341.559378,10839,1
987,967,341.569503,10849,1
988,968,341.580637,10860,1
989,969,341.591774,10871,1
990,970,341.602911,10882,1
991,971,341.614045,10893,1
992,972,341.625183,10904,1
993,973,341.636319,10915,1
994,974,341.647454,10926,1
995,975,341.658591,10937,1
996,976,341.669727,10948,1
997,977,341.680864,10959,1
998,978,341.691999,10970,1
999,979,341.703136,10981,1
1000,980,341.714272,10992,1
1001,981,341.725407,11003,1
1002,982,341.736543,11014,1
1003,983,341.747679,11025,1
1004,984,341.758816,11036,1
1005,985,341.769951,11047,1
1006,986,341.781102,11058,1
1007,987,341.792223,11069,1
1008,988,341.803359,11080,1
1009,989,341.814498,11091,1
1010,990,341.825634,11102,1
1011,991,341.836770,11113,1
1012,992,341.847905,11124,1
1013,993,341.859042,11135,1
1014,994,341.870178,11146,1
1015,995,341.881313,11157,1
1016,996,341.892449,11168,1
1017,997,341.903585,11179,1
1018,998,341.914723,11190,1
1019,999,341.925858,11201,1
1020,1000,341.936996,11212,1
1021,1001,341.948130,11223,1
1022,1002,341.959266,11234,1
1023,1003,341.970404,11245,1
1024,1004,341.981540,11256,1
1025,1005,341.992676,11267,1
1026,1006,342.003812,11278,1
1027,1007,342.014949,11289,1
1028,1008,342.026084,11300,1
1029,1009,342.037219,11311,1
1030,1010,342.048357,11322,1
1031,1011,342.059492,11333,1
1032,1012,342.070629,11344,1
1033,1013,342.081764,11355,1
1034,1014,342.092900,11366,1
1035,1015,342.104036,11377,1
1036,1016,342.115172,11388,1
1037,1017,342.126310,11399,1
1038,1018,342.137444,11410,1
1039,1019,342.148582,11421,1
1040,1020,342.159717,11432,1
1041,1021,342.170854,11443,1
1042,1022,342.181991,11454,1
1043,1023,342.193127,11465,1
1044,1024,342.204263,11476,1
1045,1025,342.215399,11487,1
1046,1026,342.226536,11498,1
1047,1027,342.237670,11509,1
1048,1028,342.248807,11520,1
1049,1029,342.259944,11531,1
1050,1030,342.271080,11542,1
1051,1031,342.282214,11553,1
1052,1032,342.293352,11564,1
1053,1033,342.304486,11575,1
1054,1034,342.315625,11586,1
1055,1035,342.326758,11597,1
1056,1036,342.337896,11608,1
1057,1037,342.349031,11619,1
1058,1038,342.360169,11630,1
1059,1039,342.371304,11641,1
1060,1040,342.382439,11652,1
1061,1041,342.393577,11663,1
1062,1042,342.404714,11674,1
1063,1043,342.415847,11685,1
1064,1044,342.426984,11696,1
1065,1045,342.438121,11707,1
1066,1046,342.449257,11718,1
1067,1047,342.460393,11729,1
1068,1048,342.471530,11740,1
1069,1049,342.482665,11751,1
1070,1050,342.493801,11762,1
1071,1051,342.504937,11773,1
1072,1052,342.516075,11784,1
1073,1053,342.527209,11795,1
1074,1054,342.538346,11806,1
1075,1055,342.549483,11817,1
1076,1056,342.560620,11828,1
1077,1057,342.571754,11839,1
1078,1058,342.582891,11850,1
1079,1059,342.594028,11861,1
1080,1060,342.605163,11872,1
1081,1061,342.616301,11883,1
1082,1062,342.627437,11894,1
1083,1063,342.638571,11905,1
1084,1064,342.649707,11916,1
1085,1065,342.660845,11927,1
1086,1066,342.671982,11938,1
1087,1067,342.683117,11949,1
1088,1068,342.694254,11960,1
1089,1069,342.705389,11971,1
1090,1070,342.716526,11982,1
1091,1071,342.727661,11993,1
1092,1072,342.738797,12004,1
1093,1073,342.749934,12015,1
1094,1074,342.761071,12026,1
1095,1075,342.772207,12037,1
1096,1076,342.783342,12048,1
1097,1077,342.794479,12059,1
1098,1078,342.805615,12070,1
1099,1079,342.816750,12081,1
1100,1080,342.827887,12092,1
1101,1081,342.839024,12103,1
1102,1082,342.850158,12114,1
1103,1083,342.861296,12125,1
1104,1084,342.872431,12136,1
1105,1085,342.883569,12147,1
1106,1086,342.894705,12158,1
1107,1087,342.904826,12168,1
1108,1088,342.915964,12179,1
1109,1089,342.927102,12190,1
1110,1090,342.938235,12201,1
1111,1091,342.949371,12212,1
1112,1092,342.960508,12223,1
1113,1093,342.971643,12234,1
1114,1094,342.982780,12245,1
1115,1095,342.993916,12256,1
1116,1096,343.005054,12267,1
1117,1097,343.016190,12278,1
1118,1098,343.027325,12289,1
1119,1099,343.038462,12300,1
1120,1100,343.049596,12311,1
1121,1101,343.060734,12322,1
1122,1102,343.071868,12333,1
1123,1103,343.083006,12344,1
1124,1104,343.094142,12355,1
1125,1105,343.105277,12366,1
1126,1106,343.116414,12377,1
1127,1107,343.127550,12388,1
1128,1108,343.138686,12399,1
1129,1109,343.149824,12410,1
1130,1110,343.160959,12421,1
1131,1111,343.172102,12432,1
1132,1112,343.183232,12443,1
1133,1113,343.194367,12454,1
1134,1114,343.205503,12465,1
1135,1115,343.216640,12476,1
1136,1116,343.227775,12487,1
1137,1117,343.238912,12498,1
1138,1118,343.250049,12509,1
1139,1119,343.261183,12520,1
1140,1120,343.272319,12531,1
1141,1121,343.283457,12542,1
1142,1122,343.294591,12553,1
1143,1123,343.305728,12564,1
1144,1124,343.316863,12575,1
1145,1125,343.328002,12586,1
1146,1126,343.339137,12597,1
1147,1127,343.350272,12608,1
1148,1128,343.361408,12619,1
1149,1129,343.372544,12630,1
1150,1130,343.383683,12641,1
1151,1131,343.394818,12652,1
1152,1132,343.405952,12663,1
1153,1133,343.417104,12674,1
1154,1134,343.428227,12685,1
1155,1135,343.439363,12696,1
1156,1136,343.450498,12707,1
1157,1137,343.461635,12718,1
1158,1138,343.472771,12729,1
1159,1139,343.483906,12740,1
1160,1140,343.495042,12751,1
1161,1141,343.506179,12762,1
1162,1142,343.517316,12773,1
1163,1143,343.528452,12784,1
1164,1144,343.539589,12795,1
1165,1145,343.550725,12806,1
1166,1146,343.561859,12817,1
1167,1147,343.572995,12828,1
1168,1148,343.584132,12839,1
1169,1149,343.595267,12850,1
1170,1150,343.606405,12861,1
1171,1151,343.617539,12872,1
1172,1152,343.628678,12883,1
1173,1153,343.639812,12894,1
1174,1154,343.650948,12905,1
1175,1155,343.662098,12916,1
1176,1156,343.673223,12927,1
1177,1157,343.684356,12938,1
1178,1158,343.695493,12949,1
1179,1159,343.706629,12960,1
1180,1160,343.717766,12971,1
1181,1161,343.728902,12982,1
1182,1162,343.740040,12993,1
1183,1163,343.751175,13004,1
1184,1164,343.762312,13015,1
1185,1165,343.773447,13026,1
1186,1166,343.784583,13037,1
1187,1167,343.795718,13048,1
1188,1168,343.806856,13059,1
1189,1169,343.817992,13070,1
1190,1170,343.829128,13081,1
1191,1171,343.840264,13092,1
1192,1172,343.851401,13103,1
1193,1173,343.862535,13114,1
1194,1174,343.873673,13125,1
1195,1175,343.884808,13136,1
1196,1176,343.895946,13147,1
1197,1177,343.907081,13158,1
1198,1178,343.918216,13169,1
1199,1179,343.929352,13180,1
1200,1180,343.940489,13191,1
1201,1181,343.951626,13202,1
1202,1182,343.962763,13213,1
1203,1183,343.973899,13224,1
1204,1184,343.985034,13235,1
1205,1185,343.996169,13246,1
1206,1186,344.007307,13257,1
1207,1187,344.018442,13268,1
1208,1188,344.029579,13279,1
1209,1189,344.040716,13290,1
1210,1190,344.051851,13301,1
1211,1191,344.062987,13312,1
1212,1192,344.074124,13323,1
1213,1193,344.085259,13334,1
1214,1194,344.096396,13345,1
1215,1195,344.107533,13356,1
1216,1196,344.118666,13367,1
1217,1197,344.129802,13378,1
1218,1198,344.140940,13389,1
1219,1199,344.152075,13400,1
1220,1200,344.163213,13411,1
1221,1201,344.174347,13422,1
1222,1202,344.185485,13433,1
1223,1203,344.196622,13444,1
1224,1204,344.207756,13455,1
1225,1205,344.218892,13466,1
1226,1206,344.230029,13477,1
1227,1207,344.241167,13488,1
1228,1208,344.251291,13498,1
1229,1209,344.262424,13509,1
1230,1210,344.273561,13520,1
1231,1211,344.284698,13531,1
1232,1212,344.295834,13542,1
1233,1213,344.306970,13553,1
1234,1214,344.318105,13564,1
1235,1215,344.329241,13575,1
1236,1216,344.340379,13586,1
1237,1217,344.351515,13597,1
1238,1218,344.362651,13608,1
1239,1219,344.373788,13619,1
1240,1220,344.384924,13630,1
1241,1221,344.396058,13641,1
1242,1222,344.407194,13652,1
1243,1223,344.418330,13663,1
1244,1224,344.429468,13674,1
1245,1225,344.440604,13685,1
1246,1226,344.451738,13696,1
1247,1227,344.462876,13707,1
1248,1228,344.474011,13718,1
1249,1229,344.485147,13729,1
1250,1230,344.496286,13740,1
1251,1231,344.507422,13751,1
1252,1232,344.518558,13762,1
1253,1233,344.529692,13773,1
1254,1234,344.540829,13784,1
1255,1235,344.551964,13795,1
1256,1236,344.563102,13806,1
1257,1237,344.574237,13817,1
1258,1238,344.585374,13828,1
1259,1239,344.596510,13839,1
1260,1240,344.607645,13850,1
1261,1241,344.618783,13861,1
1262,1242,344.629918,13872,1
1263,1243,344.641054,13883,1
1264,1244,344.652191,13894,1
1265,1245,344.663328,13905,1
1266,1246,344.674464,13916,1
1267,1247,344.685598,13927,1
1268,1248,344.696737,13938,1
1269,1249,344.707870,13949,1
1270,1250,344.719008,13960,1
1271,1251,344.730144,13971,1
1272,1252,344.741281,13982,1
1273,1253,344.752415,13993,1
1274,1254,344.763554,14004,1
1275,1255,344.774689,14015,1
1276,1256,344.785825,14026,1
1277,1257,344.796962,14037,1
1278,1258,344.808100,14048,1
1279,1259,344.819234,14059,1
1280,1260,344.830370,14070,1
1281,1261,344.841504,14081,1
1282,1262,344.852642,14092,1
1283,1263,344.863776,14103,1
1284,1264,344.874912,14114,1
1285,1265,344.886051,14125,1
1286,1266,344.897187,14136,1
1287,1267,344.908323,14147,1
1288,1268,344.919457,14158,1
1289,1269,344.930595,14169,1
1290,1270,344.941731,14180,1
1291,-1,344.952865,14191,1
1292,1271,344.964002,14202,1
1293,1272,344.975138,14213,1
1294,1273,344.986275,14224,1
1295,1274,344.997412,14235,1
1296,1275,345.008548,14246,1
1297,1276,345.019683,14257,1
1298,1277,345.030819,14268,1
1299,1278,345.041956,14279,1
1300,1279,345.053104,14290,1
1301,1280,345.064228,14301,1
1302,1281,345.075363,14312,1
1303,1282,345.086500,14323,1
1304,1283,345.097635,14334,1
1305,1284,345.108773,14345,1
1306,1285,345.119908,14356,1
1307,1286,345.131044,14367,1
1308,1287,345.142183,14378,1
1309,1288,345.153317,14389,1
1310,1289,345.164454,14400,1
1311,1290,345.175589,14411,1
1312,1291,345.186727,14422,1
1313,1292,345.197861,14433,1
1314,1293,345.208997,14444,1
1315,1294,345.220134,14455,1
1316,1295,345.231272,14466,1
1317,1296,345.242406,14477,1
1318,1297,345.253544,14488,1
1319,1298,345.264680,14499,1
1320,1299,345.275816,14510,1
1321,1300,345.286951,14521,1
1322,1301,345.298096,14532,1
1323,1302,345.309224,14543,1
1324,1303,345.320359,14554,1
1325,1304,345.331497,14565,1
1326,1305,345.342631,14576,1
1327,1306,345.353767,14587,1
1328,1307,345.364904,14598,1
1329,1308,345.376041,14609,1
1330,1309,345.387177,14620,1
1331,1310,345.398312,14631,1
1332,1311,345.409449,14642,1
1333,1312,345.420586,14653,1
1334,1313,345.431722,14664,1
1335,1314,345.442858,14675,1
1336,1315,345.453994,14686,1
1337,1316,345.465131,14697,1
1338,1317,345.476267,14708,1
1339,1318,345.487403,14719,1
1340,1319,345.498539,14730,1
1341,1320,345.509675,14741,1
1342,1321,345.520812,14752,1
1343,1322,345.531948,14763,1
1344,1323,345.543082,14774,1
1345,1324,345.554221,14785,1
1346,1325,345.565356,14796,1
1347,1326,345.576491,14807,1
1348,1327,345.587628,14818,1
1349,1328,345.597752,14828,1
1350,1329,345.608887,14839,1
1351,1330,345.620023,14850,1
1352,1331,345.631161,14861,1
1353,1332,345.642296,14872,1
1354,1333,345.653432,14883,1
1355,1334,345.664569,14894,1
1356,1335,345.675706,14905,1
1357,1336,345.686839,14916,1
1358,1337,345.697976,14927,1
1359,1338,345.709112,14938,1
1360,1339,345.720250,14948,1
1361,1340,345.731384,14959,1
1362,1341,345.742522,14970,1
1363,1342,345.753659,14981,1
1364,1343,345.764794,14992,1
1365,1344,345.775929,15003,1
1366,1345,345.787067,15014,1
1367,1346,345.798203,15025,1
1368,1347,345.809337,15036,1
1369,1348,345.820475,15047,1
1370,1349,345.831610,15058,1
1371,1350,345.842746,15069,1
1372,1351,345.853883,15080,1
1373,1352,345.865020,15091,1
1374,1353,345.876156,15102,1
1375,1354,345.887292,15113,1
1376,1355,345.898428,15124,1
1377,1356,345.909566,15135,1
1378,1357,345.920700,15146,1
1379,1358,345.931837,15157,1
1380,1359,345.942973,15168,1
1381,1360,345.954109,15179,1
1382,1361,345.965245,15190,1
1383,1362,345.976382,15201,1
1384,1363,345.987516,15212,1
1385,1364,345.998652,15223,1
1386,1365,346.009788,15234,1
1387,1366,346.020926,15245,1
1388,1367,346.032060,15256,1
1389,1368,346.043197,15267,1
1390,1369,346.054334,15278,1
1391,1370,346.065471,15289,1
1392,1371,346.076606,15300,1
1393,1372,346.087743,15311,1
1394,1373,346.098877,15322,1
1395,1374,346.110014,15333,1
1396,1375,346.121152,15344,1
1397,1376,346.132288,15355,1
1398,1377,346.143422,15366,1
1399,1378,346.154559,15377,1
1400,1379,346.165695,15388,1
1401,1380,346.176831,15399,1
1402,1381,346.187967,15410,1
1403,1382,346.199103,15421,1
1404,1383,346.210241,15432,1
1405,1384,346.221376,15443,1
1406,1385,346.232511,15454,1
1407,1386,346.243650,15465,1
1408,1387,346.254785,15476,1
1409,1388,346.265920,15487,1
1410,1389,346.277057,15498,1
1411,1390,346.288192,15509,1
1412,1391,346.299331,15520,1
1413,1392,346.310464,15531,1
1414,1393,346.321602,15542,1
1415,1394,346.332739,15553,1
1416,1395,346.343873,15564,1
1417,1396,346.355009,15575,1
1418,1397,346.366146,15586,1
1419,1398,346.377282,15597,1
1420,1399,346.388419,15608,1
1421,1400,346.399557,15619,1
1422,1401,346.410691,15630,1
1423,1402,346.421826,15641,1
1424,1403,346.432964,15652,1
1425,1404,346.444103,15663,1
1426,1405,346.455237,15674,1
1427,1406,346.466372,15685,1
1428,1407,346.477509,15696,1
1429,1408,346.488643,15707,1
1430,1409,346.499781,15718,1
1431,1410,346.510916,15729,1
1432,1411,346.522053,15740,1
1433,1412,346.533189,15751,1
1434,1413,346.544326,15762,1
1435,1414,346.555462,15773,1
1436,1415,346.566598,15784,1
1437,1416,346.577734,15795,1
1438,1417,346.588869,15806,1
1439,1418,346.600006,15817,1
1440,1419,346.611141,15828,1
1441,1420,346.622278,15839,1
1442,1421,346.633415,15850,1
1443,1422,346.644552,15861,1
1444,1423,346.655687,15872,1
1445,1424,346.666824,15883,1
1446,1425,346.677958,15894,1
1447,1426,346.689100,15905,1
1448,1427,346.700232,15916,1
1449,1428,346.711368,15927,1
1450,1429,346.722505,15938,1
1451,1430,346.733640,15949,1
1452,1431,346.744775,15960,1
1453,1432,346.755912,15971,1
1454,1433,346.767047,15982,1
1455,1434,346.778184,15993,1
1456,1435,346.789321,16004,1
1457,1436,346.800458,16015,1
1458,1437,346.811592,16026,1
1459,1438,346.822730,16037,1
1460,1439,346.833866,16048,1
1461,1440,346.845001,16059,1
1462,1441,346.856139,16070,1
1463,1442,346.867275,16081,1
1464,1443,346.878411,16092,1
1465,1444,346.889545,16103,1
1466,1445,346.900681,16114,1
1467,1446,346.911819,16125,1
1468,1447,346.922953,16136,1
1469,1448,346.934099,16147,1
1470,1449,346.944213,16157,1
1471,1450,346.955350,16168,1
1472,1451,346.966487,16179,1
1473,1452,346.977623,16190,1
1474,1453,346.988759,16201,1
1475,1454,346.999896,16212,1
1476,1455,347.011032,16223,1
1477,1456,347.022168,16234,1
1478,1457,347.033304,16245,1
1479,1458,347.044440,16256,1
1480,1459,347.055576,16267,1
1481,1460,347.066713,16278,1
1482,-1,347.077849,16289,1
1483,1461,347.088984,16300,1
1484,1462,347.100119,16311,1
1485,1463,347.111256,16322,1
1486,1464,347.122392,16333,1
1487,1465,347.133528,16344,1
1488,1466,347.144666,16355,1
1489,1467,347.155800,16366,1
1490,1468,347.166937,16377,1
1491,1469,347.178074,16388,1
1492,1470,347.189210,16399,1
1493,1471,347.200344,16410,1
1494,1472,347.211481,16421,1
1495,1473,347.222617,16432,1
1496,1474,347.233754,16443,1
1497,1475,347.244890,16454,1
1498,1476,347.256027,16465,1
1499,1477,347.267164,16476,1
1500,1478,347.278299,16487,1
1501,1479,347.289436,16498,1
1502,-1,347.300571,16509,1
1503,1480,347.311706,16520,1
1504,1481,347.322844,16531,1
1505,1482,347.333981,16542,1
1506,1483,347.345117,16553,1
1507,1484,347.356251,16564,1
1508,1485,347.367387,16575,1
1509,1486,347.378526,16586,1
1510,1487,347.389659,16597,1
1511,1488,347.400795,16608,1
1512,1489,347.411934,16619,1
1513,1490,347.423069,16630,1
1514,1491,347.434204,16641,1
1515,1492,347.445340,16652,1
1516,1493,347.456478,16663,1
1517,1494,347.467615,16674,1
1518,1495,347.478751,16685,1
1519,1496,347.489887,16696,1
1520,1497,347.501021,16707,1
1521,1498,347.512159,16718,1
1522,1499,347.523293,16729,1
1523,1500,347.534431,16740,1
1524,1501,347.545567,16751,1
1525,1502,347.556702,16762,1
1526,1503,347.567838,16773,1
1527,1504,347.578975,16784,1
1528,1505,347.590112,16795,1
1529,1506,347.601248,16806,1
1530,1507,347.612384,16817,1
1531,1508,347.623520,16828,1
1532,1509,347.634657,16839,1
1533,1510,347.645793,16850,1
1534,1511,347.656929,16861,1
1535,1512,347.668066,16872,1
1536,1513,347.679200,16883,1
1537,1514,347.690337,16894,1
1538,1515,347.701474,16905,1
1539,1516,347.712610,16916,1
1540,1517,347.723744,16927,1
1541,1518,347.734883,16938,1
1542,1519,347.746019,16949,1
1543,1520,347.757154,16960,1
1544,1521,347.768289,16971,1
1545,1522,347.779426,16982,1
1546,1523,347.790562,16993,1
1547,1524,347.801699,17004,1
1548,1525,347.812834,17015,1
1549,1526,347.823969,17026,1
1550,1527,347.835108,17037,1
1551,1528,347.846244,17048,1
1552,1529,347.857380,17059,1
1553,1530,347.868514,17070,1
1554,1531,347.879651,17081,1
1555,1532,347.890786,17092,1
1556,1533,347.901925,17103,1
1557,1534,347.913061,17114,1
1558,1535,347.924196,17125,1
1559,1536,347.935333,17136,1
1560,1537,347.946467,17147,1
1561,1538,347.957604,17158,1
1562,1539,347.968741,17169,1
1563,1540,347.979877,17180,1
1564,1541,347.991013,17191,1
1565,1542,348.002151,17202,1
1566,1543,348.013284,17213,1
1567,1544,348.024422,17224,1
1568,1545,348.035558,17235,1
1569,1546,348.046694,17246,1
1570,1547,348.057830,17257,1
1571,1548,348.068965,17268,1
1572,1549,348.080102,17279,1
1573,1550,348.091238,17290,1
1574,1551,348.102376,17301,1
1575,1552,348.113510,17312,1
1576,1553,348.124647,17323,1
1577,1554,348.135782,17334,1
1578,1555,348.146919,17345,1
1579,1556,348.158054,17356,1
1580,1557,348.169191,17367,1
1581,1558,348.180329,17378,1
1582,1559,348.191463,17389,1
1583,1560,348.202601,17400,1
1584,1561,348.213737,17411,1
1585,1562,348.224871,17422,1
1586,1563,348.236009,17433,1
1587,1564,348.247144,17444,1
1588,1565,348.258280,17455,1
1589,1566,348.269418,17466,1
1590,1567,348.280554,17477,1
1591,1568,348.290678,17487,1
1592,1569,348.301813,17498,1
1593,1570,348.312950,17509,1
1594,1571,348.324097,17520,1
1595,1572,348.335221,17531,1
1596,1573,348.346358,17542,1
1597,1574,348.357493,17553,1
1598,1575,348.368629,17564,1
1599,1576,348.379765,17575,1
1600,1577,348.390904,17586,1
1601,1578,348.402039,17597,1
1602,1579,348.413175,17608,1
1603,1580,348.424310,17619,1
1604,1581,348.435448,17630,1
1605,1582,348.446582,17641,1
1606,1583,348.457720,17652,1
1607,1584,348.468855,17663,1
1608,1585,348.479990,17674,1
1609,1586,348.491127,17685,1
1610,1587,348.502263,17696,1
1611,1588,348.513400,17707,1
1612,1589,348.524538,17718,1
1613,1590,348.535671,17729,1
1614,1591,348.546809,17740,1
1615,1592,348.557944,17751,1
1616,1593,348.569080,17762,1
1617,1594,348.580216,17773,1
1618,1595,348.591352,17784,1
1619,1596,348.602491,17795,1
1620,1597,348.613626,17806,1
1621,1598,348.624763,17817,1
1622,1599,348.635897,17828,1
1623,1600,348.647034,17839,1
1624,1601,348.658171,17850,1
1625,1602,348.669307,17861,1
1626,1603,348.680443,17872,1
1627,1604,348.691579,17883,1
1628,1605,348.702714,17894,1
1629,1606,348.713851,17905,1
1630,1607,348.724989,17916,1
1631,1608,348.736125,17927,1
1632,1609,348.747260,17938,1
1633,1610,348.758395,17949,1
1634,1611,348.769532,17960,1
1635,1612,348.780668,17971,1
1636,1613,348.791805,17982,1
1637,1614,348.802939,17993,1
1638,1615,348.814077,18004,1
1639,1616,348.825214,18015,1
1640,1617,348.836348,18026,1
1641,1618,348.847485,18037,1
1642,1619,348.858621,18048,1
1643,1620,348.869756,18059,1
1644,1621,348.880892,18070,1
1645,1622,348.892030,18081,1
1646,1623,348.903167,18092,1
1647,1624,348.914302,18103,1
1648,1625,348.925437,18114,1
1649,1626,348.936573,18125,1
1650,1627,348.947711,18136,1
1651,1628,348.958847,18147,1
1652,1629,348.969983,18158,1
1653,1630,348.981117,18169,1
1654,1631,348.992255,18180,1
1655,1632,349.003392,18191,1
1656,1633,349.014526,18202,1
1657,1634,349.025665,18213,1
1658,1635,349.036801,18224,1
1659,1636,349.047935,18235,1
1660,1637,349.059071,18246,1
1661,1638,349.070208,18257,1
1662,1639,349.081345,18268,1
1663,1640,349.092481,18279,1
1664,1641,349.103618,18290,1
1665,1642,349.114754,18301,1
1666,1643,349.125889,18312,1
1667,1644,349.137024,18323,1
1668,1645,349.148162,18334,1
1669,1646,349.159297,18345,1
1670,1647,349.170435,18356,1
1671,1648,349.181571,18367,1
1672,1649,349.192707,18378,1
1673,1650,349.203842,18389,1
1674,1651,349.214978,18400,1
1675,1652,349.226115,18411,1
1676,1653,349.237252,18422,1
1677,1654,349.248386,18433,1
1678,1655,349.259522,18444,1
1679,1656,349.270658,18455,1
1680,1657,349.281795,18466,1
1681,1658,349.292930,18477,1
1682,1659,349.304067,18488,1
1683,1660,349.315204,18499,1
1684,1661,349.326341,18510,1
1685,1662,349.337475,18521,1
1686,1663,349.348612,18532,1
1687,1664,349.359749,18543,1
1688,1665,349.370884,18554,1
1689,1666,349.382021,18565,1
1690,1667,349.393157,18576,1
1691,1668,349.404294,18587,1
1692,1669,349.415428,18598,1
1693,1670,349.426566,18609,1
1694,1671,349.437702,18620,1
1695,1672,349.448836,18631,1
1696,1673,349.459975,18642,1
1697,1674,349.471111,18653,1
1698,1675,349.482245,18664,1
1699,1676,349.493381,18675,1
1700,1677,349.504517,18686,1
1701,1678,349.515656,18697,1
1702,1679,349.526792,18708,1
1703,1680,349.537928,18719,1
1704,1681,349.549062,18730,1
1705,1682,349.560198,18741,1
1706,1683,349.571334,18752,1
1707,1684,349.582471,18763,1
1708,1685,349.593609,18774,1
1709,1686,349.604745,18785,1
1710,1687,349.615880,18796,1
1711,1688,349.627016,18807,1
1712,1689,349.637139,18817,1
1713,1690,349.648275,18828,1
1714,1691,349.659413,18839,1
1715,1692,349.670549,18850,1
1716,1693,349.681683,18861,1
1717,1694,349.692822,18872,1
1718,1695,349.703957,18883,1
1719,1696,349.715098,18894,1
1720,1697,349.726230,18905,1
1721,1698,349.737366,18916,1
1722,1699,349.748502,18927,1
1723,1700,349.759638,18938,1
1724,1701,349.770774,18949,1
1725,1702,349.781911,18960,1
1726,1703,349.793045,18971,1
1727,1704,349.804184,18982,1
1728,1705,349.815320,18993,1
1729,1706,349.826455,19004,1
1730,1707,349.837590,19015,1
1731,1708,349.848726,19026,1
1732,1709,349.859862,19037,1
1733,1710,349.871000,19048,1
1734,1711,349.882135,19059,1
1735,1712,349.893272,19070,1
1736,1713,349.904406,19081,1
1737,1714,349.915543,19092,1
1738,1715,349.926679,19103,1
1739,-1,349.937817,19114,1
1740,1716,349.948952,19125,1
1741,1717,349.960098,19136,1
1742,1718,349.971225,19147,1
1743,1719,349.982360,19158,1
1744,1720,349.993496,19169,1
1745,1721,350.004634,19180,1
1746,1722,350.015770,19191,1
1747,1723,350.026907,19202,1
1748,1724,350.038042,19213,1
1749,1725,350.049178,19224,1
1750,1726,350.060313,19235,1
1751,1727,350.071449,19246,1
1752,1728,350.082588,19257,1
1753,1729,350.093723,19268,1
1754,1730,350.104860,19279,1
1755,1731,350.115995,19290,1
1756,1732,350.127130,19301,1
1757,1733,350.138268,19312,1
1758,1734,350.149402,19323,1
1759,1735,350.160541,19334,1
1760,1736,350.171676,19345,1
1761,1737,350.182813,19356,1
1762,1738,350.193949,19367,1
1763,1739,350.205084,19378,1
1764,1740,350.216219,19389,1
1765,1741,350.227355,19400,1
1766,1742,350.238492,19411,1
1767,1743,350.249630,19422,1
1768,1744,350.260764,19433,1
1769,1745,350.271902,19444,1
1770,1746,350.283037,19455,1
1771,1747,350.294174,19466,1
1772,1748,350.305311,19477,1
1773,1749,350.316446,19488,1
1774,1750,350.327581,19499,1
1775,1751,350.338717,19510,1
1776,1752,350.349855,19521,1
1777,1753,350.360991,19532,1
1778,1754,350.372125,19543,1
1779,-1,350.383262,19554,1
1780,1755,350.394398,19565,1
1781,1756,350.405536,19576,1
1782,1757,350.416671,19587,1
1783,1758,350.427808,19598,1
1784,1759,350.438943,19609,1
1785,1760,350.450078,19620,1
1786,1761,350.461217,19631,1
1787,1762,350.472351,19642,1
1788,1763,350.483489,19653,1
1789,1764,350.494623,19664,1
1790,1765,350.505761,19675,1
1791,1766,350.516897,19686,1
1792,1767,350.528033,19697,1
1793,1768,350.539169,19708,1
1794,1769,350.550305,19719,1
1795,1770,350.561442,19730,1
1796,1771,350.572577,19741,1
1797,1772,350.583713,19752,1
1798,1773,350.594850,19763,1
1799,1774,350.605986,19774,1
1800,1775,350.617123,19785,1
1801,1776,350.628258,19796,1
1802,1777,350.639395,19807,1
1803,1778,350.650531,19818,1
1804,1779,350.661666,19829,1
1805,1780,350.672803,19840,1
1806,-1,350.683940,19851,1
1807,1781,350.695075,19862,1
1808,1782,350.706210,19873,1
1809,1783,350.717789,19883,1
1810,1784,350.728484,19894,1
1811,1785,350.739621,19905,1
1812,1786,350.750757,19916,1
1813,1787,350.761893,19927,1
1814,1788,350.773029,19938,1
1815,1789,350.784165,19949,1
1816,1790,350.795299,19960,1
1817,1791,350.806436,19971,1
1818,1792,350.817572,19982,1
1819,1793,350.828710,19993,1
1820,1794,350.839844,20004,1
1821,1795,350.850981,20015,1
1822,1796,350.862118,20026,1
1823,1797,350.873253,20037,1
1824,1798,350.884390,20048,1
1825,1799,350.895527,20059,1
1826,1800,350.906663,20070,1
1827,1801,350.917799,20081,1
1828,1802,350.928936,20092,1
1829,1803,350.940071,20103,1
1830,1804,350.951208,20114,1
1831,1805,350.962343,20125,1
1832,1806,350.973480,20136,1
1833,1807,350.983602,20146,1
1834,1808,350.994739,20157,1
1835,1809,351.005875,20168,1
1836,1810,351.017012,20179,1
1837,1811,351.028146,20190,1
1838,1812,351.039283,20201,1
1839,1813,351.050421,20212,1
1840,1814,351.061558,20223,1
1841,1815,351.072693,20234,1
1842,1816,351.083830,20245,1
1843,1817,351.094966,20256,1
1844,1818,351.106102,20267,1
1845,1819,351.117236,20278,1
1846,1820,351.128374,20289,1
1847,1821,351.139510,20300,1
1848,1822,351.150646,20311,1
1849,1823,351.161783,20322,1
1850,1824,351.172918,20333,1
1851,1825,351.184053,20344,1
1852,1826,351.195191,20355,1
1853,1827,351.206327,20366,1
1854,1828,351.217461,20377,1
1855,1829,351.228599,20388,1
1856,1830,351.239734,20399,1
1857,1831,351.250872,20410,1
1858,1832,351.262006,20421,1
1859,1833,351.273145,20432,1
1860,1834,351.284278,20443,1
1861,1835,351.295416,20454,1
1862,1836,351.306553,20465,1
1863,1837,351.317689,20476,1
1864,1838,351.328823,20487,1
1865,1839,351.339961,20498,1
1866,1840,351.351100,20509,1
1867,1841,351.362234,20520,1
1868,1842,351.373368,20531,1
1869,1843,351.384504,20542,1
1870,1844,351.395641,20553,1
1871,1845,351.406777,20564,1
1872,1846,351.417912,20575,1
1873,1847,351.429051,20586,1
1874,1848,351.440187,20597,1
1875,1849,351.451321,20608,1
1876,1850,351.462458,20619,1
1877,1851,351.473596,20630,1
1878,1852,351.484731,20641,1
1879,1853,351.495867,20652,1
1880,1854,351.507004,20663,1
1881,1855,351.518138,20674,1
1882,1856,351.529274,20685,1
1883,1857,351.540413,20696,1
1884,1858,351.551546,20707,1
1885,1859,351.562685,20718,1
1886,1860,351.573821,20729,1
1887,1861,351.584955,20740,1
1888,1862,351.596098,20751,1
1889,1863,351.607230,20762,1
1890,1864,351.618364,20773,1
1891,1865,351.629500,20784,1
1892,1866,351.640638,20795,1
1893,1867,351.651773,20806,1
1894,1868,351.662909,20817,1
1895,1869,351.674044,20828,1
1896,1870,351.685181,20839,1
1897,1871,351.696316,20850,1
1898,1872,351.707453,20861,1
1899,1873,351.718591,20872,1
1900,1874,351.729727,20883,1
1901,1875,351.740863,20894,1
1902,1876,351.751998,20905,1
1903,1877,351.763134,20916,1
1904,1878,351.774271,20927,1
1905,1879,351.785408,20938,1
1906,1880,351.796544,20949,1
1907,1881,351.807680,20960,1
1908,1882,351.818815,20971,1
1909,1883,351.829953,20982,1
1910,1884,351.841095,20993,1
1911,1885,351.852222,21004,1
1912,1886,351.863360,21015,1
1913,1887,351.874495,21026,1
1914,1888,351.885633,21037,1
1915,1889,351.896767,21048,1
1916,1890,351.907903,21059,1
1917,1891,351.919041,21070,1
1918,1892,351.930176,21081,1
1919,1893,351.941313,21092,1
1920,1894,351.952450,21103,1
1921,1895,351.963586,21114,1
1922,1896,351.974722,21125,1
1923,1897,351.985858,21136,1
1924,1898,351.996995,21147,1
1925,1899,352.008129,21158,1
1926,1900,352.019267,21169,1
1927,1901,352.030401,21180,1
1928,1902,352.041538,21191,1
1929,1903,352.052676,21202,1
1930,1904,352.063811,21213,1
1931,1905,352.074948,21224,1
1932,1906,352.086083,21235,1
1933,1907,352.097219,21246,1
1934,1908,352.108356,21257,1
1935,1909,352.119492,21268,1
1936,1910,352.130628,21279,1
1937,1911,352.141763,21290,1
1938,1912,352.152901,21301,1
1939,1913,352.164036,21312,1
1940,1914,352.175173,21323,1
1941,1915,352.186307,21334,1
1942,1916,352.197446,21345,1
1943,1917,352.208582,21356,1
1944,1918,352.219719,21367,1
1945,1919,352.230853,21378,1
1946,1920,352.241989,21389,1
1947,1921,352.253126,21400,1
1948,1922,352.264260,21411,1
1949,1923,352.275397,21422,1
1950,1924,352.286535,21433,1
1951,1925,352.297671,21444,1
1952,1926,352.308808,21455,1
1953,1927,352.318931,21465,1
1954,1928,352.330066,21476,1
1955,1929,352.341203,21487,1
1956,1930,352.352339,21498,1
1957,1931,352.363476,21509,1
1958,1932,352.374610,21520,1
1959,1933,352.385748,21531,1
1960,1934,352.396884,21542,1
1961,1935,352.408020,21553,1
1962,1936,352.419156,21564,1
1963,1937,352.430293,21575,1
1964,1938,352.441427,21586,1
1965,1939,352.452565,21597,1
1966,1940,352.463702,21608,1
1967,1941,352.474837,21619,1
1968,1942,352.485972,21630,1
1969,1943,352.497109,21641,1
1970,1944,352.508246,21652,1
1971,1945,352.519382,21663,1
1972,1946,352.530518,21674,1
1973,1947,352.541655,21685,1
1974,1948,352.552791,21696,1
1975,1949,352.563926,21707,1
1976,1950,352.575061,21718,1
1977,1951,352.586199,21729,1
1978,1952,352.597334,21740,1
1979,1953,352.608472,21751,1
1980,1954,352.619608,21762,1
1981,1955,352.630743,21773,1
1982,1956,352.641879,21784,1
1983,1957,352.653016,21795,1
1984,1958,352.664152,21806,1
1985,1959,352.675286,21817,1
1986,1960,352.686423,21828,1
1987,1961,352.697560,21839,1
1988,1962,352.708697,21850,1
1989,1963,352.719832,21861,1
1990,1964,352.730967,21872,1
1991,1965,352.742104,21883,1
1992,1966,352.753241,21894,1
1993,1967,352.764378,21905,1
1994,1968,352.775513,21916,1
1995,1969,352.786649,21927,1
1996,1970,352.797786,21938,1
1997,1971,352.808922,21949,1
1998,1972,352.820058,21960,1
1999,1973,352.831194,21971,1
2000,1974,352.842331,21982,1
2001,1975,352.853465,21993,1
2002,1976,352.864601,22004,1
2003,1977,352.875738,22015,1
2004,1978,352.886873,22026,1
2005,1979,352.898010,22037,1
2006,1980,352.909146,22048,1
2007,1981,352.920282,22059,1
2008,1982,352.931418,22070,1
2009,1983,352.942556,22081,1
2010,1984,352.953692,22092,1
2011,1985,352.964828,22103,1
2012,1986,352.975963,22114,1
2013,1987,352.987100,22125,1
2014,1988,352.998237,22136,1
2015,1989,353.009371,22147,1
2016,1990,353.020507,22158,1
2017,1991,353.031643,22169,1
2018,1992,353.042782,22180,1
2019,1993,353.053916,22191,1
2020,1994,353.065054,22202,1
2021,1995,353.076191,22213,1
2022,1996,353.087325,22224,1
2023,-1,353.098462,22235,1
2024,1997,353.109599,22246,1
2025,1998,353.120735,22257,1
2026,1999,353.131872,22268,1
2027,2000,353.143005,22279,1
2028,2001,353.154144,22290,1
2029,2002,353.165278,22301,1
2030,2003,353.176415,22312,1
2031,2004,353.187553,22323,1
2032,2005,353.198688,22334,1
2033,2006,353.209823,22345,1
2034,2007,353.220961,22356,1
2035,2008,353.232100,22367,1
2036,2009,353.243233,22378,1
2037,2010,353.254369,22389,1
2038,2011,353.265506,22400,1
2039,2012,353.276642,22411,1
2040,2013,353.287776,22422,1
2041,2014,353.298913,22433,1
2042,2015,353.310049,22444,1
2043,2016,353.321185,22455,1
2044,2017,353.332322,22466,1
2045,2018,353.343458,22477,1
2046,2019,353.354594,22488,1
2047,2020,353.365731,22499,1
2048,2021,353.376865,22510,1
2049,2022,353.388001,22521,1
2050,2023,353.399138,22532,1
2051,2024,353.410276,22543,1
2052,2025,353.421412,22554,1
2053,2026,353.432548,22565,1
2054,2027,353.443682,22576,1
2055,2028,353.454818,22587,1
2056,2029,353.465956,22598,1
2057,2030,353.477098,22609,1
2058,2031,353.488228,22620,1
2059,2032,353.499365,22631,1
2060,2033,353.510499,22642,1
2061,2034,353.521637,22653,1
2062,2035,353.532773,22664,1
2063,2036,353.543908,22675,1
2064,2037,353.555046,22686,1
2065,2038,353.566182,22697,1
2066,2039,353.577317,22708,1
2067,2040,353.588454,22719,1
2068,2041,353.599591,22730,1
2069,2042,353.610726,22741,1
2070,2043,353.621862,22752,1
2071,2044,353.632997,22763,1
2072,2045,353.644134,22774,1
2073,2046,353.655269,22785,1
2074,2047,353.665395,22795,1
2075,2048,353.676529,22806,1
2076,2049,353.687665,22817,1
2077,2050,353.698803,22828,1
2078,2051,353.709938,22839,1
2079,2052,353.721075,22850,1
2080,2053,353.732210,22861,1
2081,2054,353.743348,22872,1
2082,2055,353.754484,22883,1
2083,2056,353.765619,22894,1
2084,2057,353.776756,22905,1
2085,2058,353.787892,22916,1
2086,2059,353.799029,22927,1
2087,2060,353.810163,22938,1
2088,2061,353.821301,22949,1
2089,2062,353.832438,22960,1
2090,2063,353.843573,22971,1
2091,2064,353.854707,22982,1
2092,2065,353.865845,22993,1
2093,2066,353.876982,23004,1
2094,2067,353.888116,23015,1
2095,2068,353.899254,23026,1
2096,2069,353.910389,23037,1
2097,2070,353.921524,23048,1
2098,2071,353.932663,23059,1
2099,2072,353.943798,23070,1
2100,2073,353.954933,23081,1
2101,2074,353.966071,23092,1
2102,2075,353.977207,23103,1
2103,2076,353.988341,23114,1
2104,2077,353.999480,23125,1
2105,2078,354.010616,23136,1
2106,2079,354.021752,23147,1
2107,2080,354.032886,23158,1
2108,2081,354.044023,23169,1
2109,2082,354.055158,23180,1
2110,2083,354.066297,23191,1
2111,2084,354.077432,23202,1
2112,2085,354.088570,23213,1
2113,2086,354.099705,23224,1
2114,2087,354.110842,23235,1
2115,2088,354.121976,23246,1
2116,2089,354.133113,23257,1
2117,2090,354.144249,23268,1
2118,2091,354.155386,23279,1
2119,2092,354.166521,23290,1
2120,2093,354.177659,23301,1
2121,2094,354.188794,23312,1
2122,2095,354.199931,23323,1
2123,2096,354.211065,23334,1
2124,2097,354.222203,23345,1
2125,2098,354.233340,23356,1
2126,2099,354.244475,23367,1
2127,2100,354.255610,23378,1
2128,2101,354.266748,23389,1
2129,2102,354.277884,23400,1
2130,2103,354.289019,23411,1
2131,2104,354.300156,23422,1
2132,2105,354.311292,23433,1
2133,2106,354.322426,23444,1
2134,2107,354.333565,23455,1
2135,2108,354.344699,23466,1
2136,2109,354.355837,23477,1
2137,2110,354.366971,23488,1
2138,2111,354.378109,23499,1
2139,2112,354.389245,23510,1
2140,2113,354.400382,23521,1
2141,2114,354.411516,23532,1
2142,2115,354.422653,23543,1
2143,2116,354.433791,23554,1
2144,2117,354.444927,23565,1
2145,2118,354.456062,23576,1
2146,2119,354.467198,23587,1
2147,2120,354.478334,23598,1
2148,2121,354.489471,23609,1
2149,2122,354.500606,23620,1
2150,2123,354.511742,23631,1
2151,2124,354.522879,23642,1
2152,2125,354.534015,23653,1
2153,2126,354.545152,23664,1
2154,2127,354.556288,23675,1
2155,2128,354.567425,23686,1
2156,2129,354.578560,23697,1
2157,2130,354.589696,23708,1
2158,2131,354.600831,23719,1
2159,2132,354.611968,23730,1
2160,2133,354.623105,23741,1
2161,2134,354.634241,23752,1
2162,2135,354.645375,23763,1
2163,2136,354.656513,23774,1
2164,2137,354.667650,23785,1
2165,2138,354.678786,23796,1
2166,2139,354.689920,23807,1
2167,2140,354.701058,23818,1
2168,2141,354.712193,23829,1
2169,2142,354.723329,23840,1
2170,2143,354.734465,23851,1
2171,2144,354.745603,23862,1
2172,2145,354.756738,23873,1
2173,2146,354.767876,23884,1
2174,2147,354.779012,23895,1
2175,2148,354.790148,23906,1
2176,2149,354.801282,23917,1
2177,2150,354.812420,23928,1
2178,2151,354.823555,23939,1
2179,2152,354.834692,23950,1
2180,2153,354.845827,23961,1
2181,2154,354.856964,23972,1
2182,2155,354.868101,23983,1
2183,2156,354.879237,23994,1
2184,2157,354.890371,24005,1
2185,2158,354.901509,24016,1
2186,2159,354.912646,24027,1
2187,2160,354.923782,24038,1
2188,2161,354.934917,24049,1
2189,2162,354.946052,24060,1
2190,2163,354.957190,24071,1
2191,2164,354.968326,24082,1
2192,2165,354.979461,24093,1
2193,2166,354.990598,24104,1
2194,2167,355.001735,24115,1
2195,2168,355.011858,24125,1
2196,2169,355.022995,24136,1
2197,2170,355.034129,24147,1
2198,2171,355.045267,24158,1
2199,2172,355.056401,24169,1
2200,2173,355.067537,24180,1
2201,2174,355.078676,24191,1
2202,2175,355.089810,24202,1
2203,2176,355.100947,24213,1
2204,2177,355.112084,24224,1
2205,2178,355.123219,24235,1
2206,2179,355.134355,24246,1
2207,2180,355.145492,24257,1
2208,2181,355.156629,24268,1
2209,2182,355.167763,24279,1
2210,2183,355.178900,24290,1
2211,2184,355.190036,24301,1
2212,2185,355.201172,24312,1
2213,2186,355.212310,24323,1
2214,2187,355.223445,24334,1
2215,2188,355.234582,24345,1
2216,2189,355.245717,24356,1
2217,2190,355.256854,24367,1
2218,-1,355.267988,24378,1
2219,2191,355.279126,24389,1
2220,2192,355.290263,24400,1
2221,2193,355.301398,24411,1
2222,2194,355.312533,24422,1
2223,2195,355.323670,24433,1
2224,2196,355.334807,24444,1
2225,2197,355.345942,24455,1
2226,2198,355.357080,24466,1
2227,2199,355.368216,24477,1
2228,2200,355.379352,24488,1
2229,2201,355.390487,24499,1
2230,2202,355.401622,24510,1
2231,2203,355.412761,24521,1
2232,2204,355.423895,24532,1
2233,2205,355.435033,24543,1
2234,2206,355.446169,24554,1
2235,2207,355.457305,24565,1
2236,2208,355.468440,24576,1
2237,2209,355.479576,24587,1
2238,2210,355.490714,24598,1
2239,2211,355.501849,24609,1
2240,2212,355.512986,24620,1
2241,2213,355.524122,24631,1
2242,2214,355.535259,24642,1
2243,2215,355.546394,24653,1
2244,2216,355.557530,24664,1
2245,2217,355.568667,24675,1
2246,2218,355.579803,24686,1
2247,2219,355.590938,24697,1
2248,2220,355.602074,24708,1
2249,2221,355.613210,24719,1
2250,2222,355.624348,24730,1
2251,2223,355.635483,24741,1
2252,2224,355.646619,24752,1
2253,2225,355.657757,24763,1
2254,2226,355.668890,24774,1
2255,2227,355.680029,24785,1
2256,2228,355.691166,24796,1
2257,2229,355.702300,24807,1
2258,2230,355.713438,24818,1
2259,2231,355.724571,24828,1
2260,2232,355.735710,24839,1
2261,2233,355.746845,24850,1
2262,2234,355.757981,24861,1
2263,2235,355.769116,24872,1
2264,2236,355.780254,24883,1
2265,2237,355.791389,24894,1
2266,2238,355.802526,24905,1
2267,2239,355.813663,24916,1
2268,2240,355.824799,24927,1
2269,2241,355.835936,24938,1
2270,2242,355.847072,24949,1
2271,2243,355.858205,24960,1
2272,2244,355.869343,24971,1
2273,2245,355.880479,24982,1
2274,2246,355.891617,24993,1
2275,2247,355.902750,25004,1
2276,2248,355.913888,25015,1
2277,2249,355.925025,25026,1
2278,2250,355.936160,25037,1
2279,2251,355.947297,25048,1
2280,2252,355.958433,25059,1
2281,2253,355.969570,25070,1
2282,2254,355.980704,25081,1
2283,2255,355.991840,25092,1
2284,2256,356.002978,25103,1
2285,2257,356.014114,25114,1
2286,2258,356.025249,25125,1
2287,2259,356.036386,25136,1
2288,2260,356.047523,25147,1
2289,2261,356.058657,25158,1
2290,2262,356.069793,25169,1
2291,2263,356.080930,25180,1
2292,2264,356.092066,25191,1
2293,2265,356.103202,25202,1
2294,2266,356.114339,25213,1
2295,2267,356.125476,25224,1
2296,2268,356.136612,25235,1
2297,2269,356.147747,25246,1
2298,2270,356.158884,25257,1
2299,2271,356.170020,25268,1
2300,2272,356.181154,25279,1
2301,2273,356.192291,25290,1
2302,2274,356.203428,25301,1
2303,2275,356.214565,25312,1
2304,2276,356.225699,25323,1
2305,2277,356.236836,25334,1
2306,2278,356.247973,25345,1
2307,2279,356.259108,25356,1
2308,2280,356.270244,25367,1
2309,2281,356.281381,25378,1
2310,2282,356.292518,25389,1
2311,2283,356.303655,25400,1
2312,2284,356.314791,25411,1
2313,2285,356.325927,25422,1
2314,2286,356.337062,25433,1
2315,2287,356.347185,25443,1
2316,2288,356.358323,25454,1
2317,2289,356.369457,25465,1
2318,2290,356.380594,25476,1
2319,2291,356.391730,25487,1
2320,2292,356.402866,25498,1
2321,2293,356.414002,25509,1
2322,2294,356.425138,25520,1
2323,2295,356.436276,25531,1
2324,2296,356.447410,25542,1
2325,2297,356.458548,25553,1
2326,2298,356.469685,25564,1
2327,2299,356.480821,25575,1
2328,2300,356.491957,25586,1
2329,2301,356.503098,25597,1
2330,2302,356.514229,25608,1
2331,2303,356.525363,25619,1
2332,2304,356.536501,25630,1
2333,2305,356.547638,25641,1
2334,2306,356.558774,25652,1
2335,2307,356.569910,25663,1
2336,2308,356.581044,25674,1
2337,2309,356.592183,25685,1
2338,2310,356.603317,25696,1
2339,2311,356.614453,25707,1
2340,2312,356.625591,25718,1
2341,-1,356.636728,25729,1
2342,2313,356.647864,25740,1
2343,2314,356.659000,25751,1
2344,2315,356.670134,25762,1
2345,2316,356.681270,25773,1
2346,2317,356.692406,25784,1
2347,2318,356.703544,25795,1
2348,2319,356.714680,25806,1
2349,2320,356.725815,25817,1
2350,2321,356.736953,25828,1
2351,2322,356.748097,25839,1
2352,2323,356.759226,25850,1
2353,2324,356.770361,25861,1
2354,2325,356.781497,25872,1
2355,2326,356.792632,25883,1
2356,2327,356.803768,25894,1
2357,2328,356.814906,25905,1
2358,2329,356.826041,25916,1
2359,2330,356.837179,25927,1
2360,2331,356.848313,25938,1
2361,2332,356.859450,25949,1
2362,2333,356.870586,25960,1
2363,2334,356.881721,25971,1
2364,2335,356.892857,25982,1
2365,2336,356.903995,25993,1
2366,2337,356.915130,26004,1
2367,2338,356.926267,26015,1
2368,2339,356.937404,26026,1
2369,2340,356.948540,26037,1
2370,2341,356.959676,26048,1
2371,2342,356.970813,26059,1
2372,2343,356.981948,26070,1
2373,2344,356.993083,26081,1
2374,2345,357.004219,26092,1
2375,2346,357.015357,26103,1
2376,2347,357.026493,26114,1
2377,2348,357.037630,26125,1
2378,2349,357.048764,26136,1
2379,2350,357.059900,26147,1
2380,2351,357.071038,26158,1
2381,2352,357.082174,26169,1
2382,2353,357.093310,26180,1
2383,2354,357.104447,26191,1
2384,2355,357.115583,26202,1
2385,2356,357.126719,26213,1
2386,2357,357.137855,26224,1
2387,2358,357.148991,26235,1
2388,2359,357.160127,26246,1
2389,2360,357.171264,26257,1
2390,2361,357.182398,26268,1
2391,2362,357.193535,26279,1
2392,2363,357.204673,26290,1
2393,2364,357.215809,26301,1
2394,2365,357.226945,26312,1
2395,2366,357.238080,26323,1
2396,2367,357.249215,26334,1
2397,2368,357.260352,26345,1
2398,2369,357.271489,26356,1
2399,2370,357.282623,26367,1
2400,-1,357.293759,26378,1
2401,2371,357.304896,26389,1
2402,2372,357.316034,26400,1
2403,2373,357.327170,26411,1
2404,2374,357.338306,26422,1
2405,2375,357.349443,26433,1
2406,2376,357.360578,26444,1
2407,2377,357.371713,26455,1
2408,2378,357.382851,26466,1
2409,2379,357.393987,26477,1
2410,2380,357.405121,26488,1
2411,2381,357.416260,26499,1
2412,2382,357.427395,26510,1
2413,2383,357.438531,26521,1
2414,2384,357.449667,26532,1
2415,2385,357.460804,26543,1
2416,2386,357.471940,26554,1
2417,2387,357.483076,26565,1
2418,2388,357.494211,26576,1
2419,2389,357.505349,26587,1
2420,2390,357.516483,26598,1
2421,2391,357.527619,26609,1
2422,2392,357.538756,26620,1
2423,2393,357.549893,26631,1
2424,2394,357.561028,26642,1
2425,2395,357.572166,26653,1
2426,2396,357.583301,26664,1
2427,2397,357.594439,26675,1
2428,2398,357.605574,26686,1
2429,2399,357.616709,26697,1
2430,2400,357.627847,26708,1
2431,2401,357.638983,26719,1
2432,2402,357.650119,26730,1
2433,2403,357.661255,26741,1
2434,2404,357.672391,26752,1
2435,2405,357.683526,26763,1
2436,2406,357.693650,26773,1
2437,2407,357.704788,26784,1
2438,2408,357.715924,26795,1
2439,2409,357.727059,26806,1
2440,2410,357.738195,26817,1
2441,2411,357.749330,26828,1
2442,2412,357.760469,26839,1
2443,2413,357.771605,26850,1
2444,2414,357.782739,26861,1
2445,2415,357.793876,26872,1
2446,2416,357.805013,26883,1
2447,2417,357.816148,26894,1
2448,2418,357.827283,26905,1
2449,2419,357.838420,26916,1
2450,2420,357.849556,26927,1
2451,2421,357.860693,26938,1
2452,2422,357.871830,26949,1
2453,2423,357.882966,26960,1
2454,2424,357.894102,26971,1
2455,2425,357.905239,26982,1
2456,2426,357.916373,26993,1
2457,2427,357.927510,27004,1
2458,2428,357.938648,27015,1
2459,2429,357.949782,27026,1
2460,2430,357.960918,27037,1
2461,2431,357.972054,27048,1
2462,2432,357.983193,27059,1
2463,2433,357.994328,27070,1
2464,2434,358.005464,27081,1
2465,2435,358.016601,27092,1
2466,2436,358.027737,27103,1
2467,2437,358.038871,27114,1
2468,-1,358.050009,27125,1
2469,2438,358.061146,27136,1
2470,2439,358.072280,27147,1
2471,2440,358.083415,27158,1
2472,2441,358.094555,27169,1
2473,2442,358.105689,27180,1
2474,2443,358.116825,27191,1
2475,2444,358.127961,27202,1
2476,2445,358.139103,27213,1
2477,2446,358.150235,27224,1
2478,2447,358.161369,27235,1
2479,2448,358.172507,27246,1
2480,2449,358.183643,27257,1
2481,-1,358.194778,27268,1
2482,2450,358.205916,27279,1
2483,2451,358.217051,27290,1
2484,2452,358.228187,27301,1
2485,2453,358.239324,27312,1
2486,2454,358.250461,27323,1
2487,2455,358.261595,27334,1
2488,2456,358.272731,27345,1
2489,2457,358.283869,27356,1
2490,2458,358.295003,27367,1
2491,2459,358.306141,27378,1
2492,2460,358.317277,27389,1
2493,2461,358.328413,27400,1
2494,2462,358.339548,27411,1
2495,2463,358.350686,27422,1
2496,2464,358.361822,27433,1
2497,2465,358.372956,27444,1
2498,2466,358.384100,27455,1
2499,2467,358.395231,27466,1
2500,2468,358.406365,27477,1
2501,2469,358.417502,27488,1
2502,2470,358.428640,27499,1
2503,2471,358.439774,27510,1
2504,2472,358.450909,27521,1
2505,2473,358.462047,27532,1
2506,2474,358.473182,27543,1
2507,2475,358.484319,27554,1
2508,2476,358.495455,27565,1
2509,2477,358.506593,27576,1
2510,2478,358.517729,27587,1
2511,2479,358.528863,27598,1
2512,2480,358.540000,27609,1
2513,2481,358.551137,27620,1
2514,2482,358.562271,27631,1
2515,2483,358.573409,27642,1
2516,2484,358.584546,27653,1
2517,2485,358.595680,27664,1
2518,2486,358.606818,27675,1
2519,2487,358.617954,27686,1
2520,2488,358.629097,27697,1
2521,2489,358.640227,27708,1
2522,2490,358.651361,27719,1
2523,2491,358.662498,27730,1
2524,2492,358.673634,27741,1
2525,2493,358.684771,27752,1
2526,2494,358.695907,27763,1
2527,2495,358.707042,27774,1
2528,2496,358.718179,27785,1
2529,2497,358.729316,27796,1
2530,2498,358.740453,27807,1
2531,2499,358.751586,27818,1
2532,2500,358.762724,27829,1
2533,2501,358.773859,27840,1
2534,2502,358.784996,27851,1
2535,2503,358.796132,27862,1
2536,2504,358.807270,27873,1
2537,2505,358.818405,27884,1
2538,2506,358.829540,27895,1
2539,2507,358.840678,27906,1
2540,2508,358.851812,27917,1
2541,2509,358.862948,27928,1
2542,2510,358.874097,27939,1
2543,2511,358.885223,27950,1
2544,2512,358.896359,27961,1
2545,2513,358.907494,27972,1
2546,2514,358.918631,27983,1
2547,2515,358.929767,27994,1
2548,2516,358.940903,28005,1
2549,2517,358.952039,28016,1
2550,2518,358.963174,28027,1
2551,2519,358.974312,28038,1
2552,2520,358.985448,28049,1
2553,2521,358.996584,28060,1
2554,2522,359.007719,28071,1
2555,2523,359.018857,28082,1
2556,2524,359.029993,28093,1
2557,2525,359.040117,28103,1
2558,-1,359.051252,28114,1
2559,2526,359.062387,28125,1
2560,2527,359.073525,28136,1
2561,2528,359.084661,28147,1
2562,2529,359.095797,28158,1
2563,2530,359.106934,28169,1
2564,2531,359.118070,28180,1
2565,2532,359.129204,28191,1
2566,2533,359.140342,28202,1
2567,2534,359.151479,28213,1
2568,2535,359.162614,28224,1
2569,2536,359.173751,28235,1
2570,2537,359.184887,28246,1
2571,2538,359.196021,28257,1
2572,2539,359.207157,28268,1
2573,2540,359.218296,28279,1
2574,2541,359.229432,28290,1
2575,2542,359.240566,28301,1
2576,2543,359.251702,28312,1
2577,2544,359.262840,28323,1
2578,2545,359.273976,28334,1
2579,2546,359.285113,28345,1
2580,2547,359.296249,28356,1
2581,2548,359.307383,28367,1
2582,2549,359.318519,28378,1
2583,2550,359.329655,28389,1
2584,2551,359.340793,28400,1
2585,2552,359.351930,28411,1
2586,2553,359.363066,28422,1
2587,2554,359.374200,28433,1
2588,2555,359.385336,28444,1
2589,2556,359.396475,28455,1
2590,2557,359.407611,28466,1
2591,2558,359.418746,28477,1
2592,2559,359.429881,28488,1
2593,2560,359.441019,28499,1
2594,2561,359.452154,28510,1
2595,2562,359.463291,28521,1
2596,2563,359.474428,28532,1
2597,2564,359.485564,28543,1
2598,2565,359.496699,28554,1
2599,2566,359.507834,28565,1
2600,2567,359.518970,28576,1
2601,2568,359.530106,28587,1
2602,2569,359.541243,28598,1
2603,2570,359.552380,28609,1
2604,2571,359.563516,28620,1
2605,2572,359.574652,28631,1
2606,2573,359.585788,28642,1
2607,2574,359.596926,28653,1
2608,2575,359.608062,28664,1
2609,2576,359.619196,28675,1
2610,2577,359.630334,28686,1
2611,2578,359.641468,28697,1
2612,2579,359.652604,28708,1
2613,2580,359.663743,28719,1
2614,2581,359.674878,28730,1
2615,2582,359.686014,28741,1
2616,2583,359.697149,28752,1
2617,2584,359.708286,28763,1
2618,2585,359.719421,28774,1
2619,2586,359.730561,28785,1
2620,2587,359.741696,28796,1
2621,2588,359.752832,28807,1
2622,2589,359.763969,28818,1
2623,2590,359.775102,28829,1
2624,2591,359.786239,28840,1
2625,2592,359.797376,28851,1
2626,2593,359.808513,28862,1
2627,2594,359.819647,28873,1
2628,2595,359.830783,28884,1
2629,2596,359.841922,28895,1
2630,2597,359.853058,28906,1
2631,2598,359.864192,28917,1
2632,2599,359.875328,28928,1
2633,2600,359.886466,28939,1
2634,2601,359.897602,28950,1
2635,2602,359.908737,28961,1
2636,2603,359.919875,28972,1
2637,2604,359.931010,28983,1
2638,2605,359.942147,28994,1
2639,2606,359.953283,29005,1
2640,2607,359.964420,29016,1
2641,2608,359.975557,29027,1
2642,2609,359.986692,29038,1
2643,2610,359.997827,29049,1
2644,2611,360.008963,29060,1
2645,2612,360.020102,29071,1
2646,2613,360.031235,29082,1
2647,2614,360.042372,29093,1
2648,2615,360.053509,29104,1
2649,2616,360.064646,29115,1
2650,2617,360.075780,29126,1
2651,2618,360.086915,29137,1
2652,2619,360.098054,29148,1
2653,2620,360.109189,29159,1
2654,2621,360.120324,29170,1
2655,2622,360.131461,29181,1
2656,2623,360.142596,29192,1
2657,2624,360.153734,29203,1
2658,2625,360.164870,29214,1
2659,2626,360.176006,29225,1
2660,2627,360.187142,29236,1
2661,2628,360.198277,29247,1
2662,2629,360.209413,29258,1
2663,2630,360.220551,29269,1
2664,2631,360.231688,29280,1
2665,2632,360.242822,29291,1
2666,2633,360.253960,29302,1
2667,2634,360.265102,29313,1
2668,2635,360.276230,29324,1
2669,2636,360.287368,29335,1
2670,2637,360.298503,29346,1
2671,2638,360.309641,29357,1
2672,2639,360.320778,29368,1
2673,2640,360.331911,29379,1
2674,2641,360.343048,29390,1
2675,2642,360.354184,29401,1
2676,2643,360.365320,29412,1
2677,2644,360.375446,29422,1
2678,2645,360.386581,29433,1
2679,2646,360.397716,29444,1
2680,2647,360.408854,29455,1
2681,2648,360.419991,29466,1
2682,2649,360.431127,29477,1
2683,2650,360.442263,29488,1
2684,2651,360.453399,29499,1
2685,2652,360.464533,29510,1
2686,2653,360.475670,29521,1
2687,2654,360.486807,29532,1
2688,2655,360.497944,29543,1
2689,2656,360.509078,29554,1
2690,2657,360.520214,29565,1
2691,2658,360.531351,29576,1
2692,2659,360.542486,29587,1
2693,2660,360.553624,29598,1
2694,2661,360.564761,29609,1
2695,2662,360.575897,29620,1
2696,2663,360.587031,29631,1
2697,2664,360.598169,29642,1
2698,2665,360.609305,29653,1
2699,2666,360.620442,29664,1
2700,2667,360.631578,29675,1
2701,2668,360.642713,29686,1
2702,-1,360.653850,29697,1
2703,2669,360.664986,29708,1
2704,2670,360.676123,29719,1
2705,2671,360.687257,29730,1
2706,2672,360.698395,29741,1
2707,-1,360.709532,29752,1
2708,2673,360.720668,29762,1
2709,2674,360.731802,29773,1
2710,2675,360.742940,29784,1
2711,2676,360.754076,29795,1
2712,2677,360.765212,29806,1
2713,2678,360.776349,29817,1
2714,2679,360.787483,29828,1
2715,2680,360.798619,29839,1
2716,2681,360.809758,29850,1
2717,2682,360.820893,29861,1
2718,2683,360.832028,29872,1
2719,2684,360.843166,29883,1
2720,2685,360.854302,29894,1
2721,2686,360.865438,29905,1
2722,2687,360.876573,29916,1
2723,2688,360.887710,29927,1
2724,2689,360.898846,29938,1
2725,2690,360.909981,29949,1
2726,2691,360.921118,29960,1
2727,2692,360.932253,29971,1
2728,2693,360.943389,29982,1
2729,2694,360.954528,29993,1
2730,2695,360.965661,30004,1
2731,2696,360.976799,30015,1
2732,2697,360.987935,30026,1
2733,2698,360.999072,30037,1
2734,2699,361.010208,30048,1
2735,2700,361.021342,30059,1
2736,2701,361.032481,30070,1
2737,2702,361.043616,30081,1
2738,2703,361.054752,30092,1
2739,2704,361.065889,30103,1
2740,2705,361.077024,30114,1
2741,2706,361.088162,30125,1
2742,2707,361.099298,30136,1
2743,2708,361.110434,30147,1
2744,2709,361.121569,30158,1
2745,2710,361.132705,30169,1
2746,2711,361.143843,30180,1
2747,2712,361.154979,30191,1
2748,2713,361.166114,30202,1
2749,2714,361.177251,30213,1
2750,2715,361.188385,30224,1
2751,2716,361.199522,30235,1
2752,2717,361.210659,30246,1
2753,2718,361.221795,30257,1
2754,2719,361.232931,30268,1
2755,2720,361.244067,30279,1
2756,2721,361.255204,30290,1
2757,2722,361.266338,30301,1
2758,2723,361.277475,30312,1
2759,2724,361.288613,30323,1
2760,2725,361.299748,30334,1
2761,2726,361.310885,30345,1
2762,2727,361.322021,30356,1
2763,2728,361.333157,30367,1
2764,2729,361.344293,30378,1
2765,2730,361.355428,30389,1
2766,2731,361.366566,30400,1
2767,2732,361.377702,30411,1
2768,2733,361.388836,30422,1
2769,2734,361.399974,30433,1
2770,2735,361.411110,30444,1
2771,2736,361.422245,30455,1
2772,2737,361.433383,30466,1
2773,2738,361.444517,30477,1
2774,2739,361.455655,30488,1
2775,2740,361.466792,30499,1
2776,2741,361.477929,30510,1
2777,2742,361.489065,30521,1
2778,2743,361.500201,30532,1
2779,2744,361.511335,30543,1
2780,2745,361.522473,30554,1
2781,2746,361.533608,30565,1
2782,2747,361.544743,30576,1
2783,2748,361.555879,30587,1
2784,2749,361.567018,30598,1
2785,2750,361.578152,30609,1
2786,2751,361.589290,30620,1
2787,2752,361.600426,30631,1
2788,2753,361.611562,30642,1
2789,2754,361.622698,30653,1
2790,2755,361.633834,30664,1
2791,2756,361.644971,30675,1
2792,2757,361.656106,30686,1
2793,2758,361.667243,30697,1
2794,2759,361.678380,30708,1
2795,2760,361.689516,30719,1
2796,2761,361.700650,30730,1
2797,2762,361.711787,30741,1
2798,2763,361.721912,30751,1
2799,2764,361.733047,30762,1
2800,2765,361.744185,30773,1
2801,2766,361.755321,30784,1
2802,2767,361.766455,30795,1
2803,2768,361.777592,30806,1
2804,2769,361.788728,30817,1
2805,2770,361.799863,30828,1
2806,2771,361.811000,30839,1
2807,2772,361.822138,30850,1
2808,2773,361.833271,30861,1
2809,2774,361.844408,30872,1
2810,2775,361.855544,30883,1
2811,2776,361.866682,30894,1
2812,2777,361.877816,30905,1
2813,2778,361.888954,30916,1
2814,2779,361.900099,30927,1
2815,2780,361.911227,30938,1
2816,2781,361.922361,30949,1
2817,2782,361.933499,30960,1
2818,2783,361.944635,30971,1
2819,2784,361.955772,30982,1
2820,2785,361.966908,30993,1
2821,2786,361.978042,31004,1
2822,2787,361.989179,31015,1
2823,2788,362.000315,31026,1
2824,2789,362.011453,31037,1
2825,2790,362.022588,31048,1
2826,2791,362.033725,31059,1
2827,2792,362.044861,31070,1
2828,2793,362.055995,31081,1
2829,2794,362.067134,31092,1
2830,2795,362.078268,31103,1
2831,2796,362.089406,31114,1
2832,2797,362.100541,31125,1
2833,2798,362.111678,31136,1
2834,2799,362.122814,31147,1
2835,2800,362.133949,31158,1
2836,-1,362.145097,31169,1
2837,2801,362.156221,31180,1
2838,2802,362.167357,31191,1
2839,2803,362.178496,31202,1
2840,2804,362.189632,31213,1
2841,2805,362.200767,31224,1
2842,2806,362.211902,31235,1
2843,2807,362.223040,31246,1
2844,2808,362.234176,31257,1
2845,2809,362.245312,31268,1
2846,2810,362.256447,31279,1
2847,2811,362.267585,31290,1
2848,2812,362.278721,31301,1
2849,2813,362.289858,31312,1
2850,2814,362.300993,31323,1
2851,2815,362.312128,31334,1
2852,2816,362.323266,31345,1
2853,2817,362.334402,31356,1
2854,2818,362.345538,31367,1
2855,2819,362.356674,31378,1
2856,2820,362.367808,31389,1
2857,2821,362.378945,31400,1
2858,2822,362.390083,31411,1
2859,2823,362.401217,31422,1
2860,2824,362.412355,31433,1
2861,2825,362.423490,31444,1
2862,2826,362.434628,31455,1
2863,2827,362.445763,31466,1
2864,2828,362.456900,31477,1
2865,2829,362.468035,31488,1
2866,2830,362.479172,31499,1
2867,2831,362.490307,31510,1
2868,2832,362.501444,31521,1
2869,2833,362.512581,31532,1
2870,2834,362.523716,31543,1
2871,2835,362.534852,31554,1
2872,2836,362.545990,31565,1
2873,2837,362.557124,31576,1
2874,2838,362.568262,31587,1
2875,2839,362.579397,31598,1
2876,2840,362.590532,31609,1
2877,2841,362.601669,31620,1
2878,2842,362.612805,31631,1
2879,2843,362.623943,31642,1
2880,2844,362.635080,31653,1
2881,2845,362.646213,31664,1
2882,2846,362.657351,31675,1
2883,2847,362.668486,31686,1
2884,2848,362.679622,31697,1
2885,2849,362.690758,31708,1
2886,2850,362.701897,31719,1
2887,2851,362.713032,31730,1
2888,2852,362.724167,31741,1
2889,2853,362.735305,31752,1
2890,2854,362.746441,31763,1
2891,2855,362.757578,31774,1
2892,2856,362.768714,31785,1
2893,2857,362.779850,31796,1
2894,2858,362.790984,31807,1
2895,2859,362.802122,31818,1
2896,2860,362.813257,31829,1
2897,2861,362.824394,31840,1
2898,2862,362.835530,31851,1
2899,2863,362.846667,31862,1
2900,2864,362.857803,31873,1
2901,2865,362.868937,31884,1
2902,2866,362.880075,31895,1
2903,2867,362.891212,31906,1
2904,2868,362.902348,31917,1
2905,2869,362.913484,31928,1
2906,2870,362.924620,31939,1
2907,2871,362.935757,31950,1
2908,2872,362.946893,31961,1
2909,2873,362.958028,31972,1
2910,2874,362.969165,31983,1
2911,2875,362.980299,31994,1
2912,2876,362.991437,32005,1
2913,2877,363.002573,32016,1
2914,2878,363.013708,32027,1
2915,2879,363.024846,32038,1
2916,2880,363.035980,32049,1
2917,2881,363.047116,32060,1
2918,-1,363.057242,32070,1
2919,2882,363.068376,32081,1
2920,2883,363.079515,32092,1
2921,2884,363.090648,32103,1
2922,2885,363.101785,32114,1
2923,-1,363.112921,32125,1
2924,2886,363.124059,32136,1
2925,2887,363.135194,32147,1
2926,2888,363.146329,32158,1
2927,2889,363.157468,32169,1
2928,2890,363.168604,32180,1
2929,2891,363.179738,32191,1
2930,2892,363.190874,32202,1
2931,2893,363.202012,32213,1
2932,2894,363.213148,32224,1
2933,2895,363.224284,32235,1
2934,2896,363.235420,32246,1
2935,2897,363.246558,32257,1
2936,2898,363.257694,32268,1
2937,2899,363.268830,32279,1
2938,2900,363.279966,32290,1
2939,2901,363.291102,32301,1
2940,2902,363.302238,32312,1
2941,2903,363.313372,32323,1
2942,2904,363.324510,32334,1
2943,2905,363.335647,32345,1
2944,2906,363.346783,32356,1
2945,2907,363.357920,32367,1
2946,2908,363.369054,32378,1
2947,2909,363.380190,32389,1
2948,2910,363.391327,32400,1
2949,2911,363.402465,32411,1
2950,2912,363.413600,32422,1
2951,2913,363.424736,32433,1
2952,2914,363.435873,32444,1
2953,2915,363.447007,32455,1
2954,2916,363.458145,32466,1
2955,2917,363.469279,32477,1
2956,2918,363.480416,32488,1
2957,2919,363.491553,32499,1
2958,2920,363.502688,32510,1
2959,2921,363.513826,32521,1
2960,2922,363.524960,32532,1
2961,2923,363.536102,32543,1
2962,2924,363.547235,32554,1
2963,2925,363.558371,32565,1
2964,2926,363.569505,32576,1
2965,2927,363.580641,32587,1
2966,2928,363.591780,32598,1
2967,2929,363.602916,32609,1
2968,2930,363.614051,32620,1
2969,2931,363.625187,32631,1
2970,2932,363.636322,32642,1
2971,2933,363.647460,32653,1
2972,2934,363.658596,32664,1
2973,2935,363.669732,32675,1
2974,2936,363.680867,32686,1
2975,2937,363.692004,32697,1
2976,2938,363.703140,32708,1
2977,2939,363.714275,32719,1
2978,2940,363.725414,32730,1
2979,2941,363.736549,32741,1
2980,2942,363.747686,32752,1
2981,2943,363.758822,32763,1
2982,2944,363.769959,32774,1
2983,2945,363.781098,32785,1
2984,2946,363.792229,32796,1
2985,2947,363.803366,32807,1
2986,2948,363.814501,32818,1
2987,2949,363.825640,32829,1
2988,2950,363.836776,32840,1
2989,2951,363.847910,32851,1
2990,2952,363.859046,32862,1
2991,2953,363.870183,32873,1
2992,-1,363.881318,32884,1
2993,2954,363.892455,32895,1
2994,-1,363.903592,32906,1
2995,2955,363.914729,32917,1
2996,2956,363.925864,32928,1
2997,2957,363.937001,32939,1
2998,2958,363.948136,32950,1
2999,2959,363.959272,32961,1
3000,2960,363.970410,32972,1
3001,2961,363.981544,32983,1
3002,2962,363.992680,32994,1
3003,2963,364.003816,33005,1
3004,2964,364.014953,33016,1
3005,2965,364.026099,33027,1
3006,2966,364.037226,33038,1
3007,2967,364.048362,33049,1
3008,2968,364.059499,33060,1
3009,2969,364.070633,33071,1
3010,2970,364.081770,33082,1
3011,2971,364.092906,33093,1
3012,2972,364.104042,33104,1
3013,2973,364.115180,33115,1
3014,2974,364.126316,33126,1
3015,2975,364.137451,33137,1
3016,2976,364.148589,33148,1
3017,2977,364.159723,33159,1
3018,2978,364.170861,33170,1
3019,2979,364.181997,33181,1
3020,2980,364.193132,33192,1
3021,2981,364.204268,33203,1
3022,2982,364.215404,33214,1
3023,2983,364.226542,33225,1
3024,2984,364.237676,33236,1
3025,2985,364.248812,33247,1
3026,2986,364.259950,33258,1
3027,2987,364.271097,33269,1
3028,2988,364.282221,33280,1
3029,2989,364.293359,33291,1
3030,2990,364.304495,33302,1
3031,2991,364.315632,33313,1
3032,2992,364.326768,33324,1
3033,2993,364.337905,33335,1
3034,2994,364.349041,33346,1
3035,2995,364.360174,33357,1
3036,2996,364.371312,33368,1
3037,2997,364.382448,33379,1
3038,2998,364.392572,33389,1
3039,2999,364.403709,33400,1
3040,3000,364.414843,33411,1
3041,3001,364.425979,33422,1
3042,3002,364.437117,33433,1
3043,3003,364.448253,33444,1
3044,3004,364.459388,33455,1
3045,3005,364.470525,33466,1
3046,3006,364.481662,33477,1
3047,3007,364.492798,33488,1
3048,3008,364.503935,33499,1
3049,3009,364.515070,33510,1
3050,3010,364.526207,33521,1
3051,3011,364.537344,33532,1
3052,3012,364.548480,33543,1
3053,3013,364.559615,33554,1
3054,3014,364.570752,33565,1
3055,3015,364.581888,33576,1
3056,3016,364.593022,33587,1
3057,3017,364.604158,33598,1
3058,3018,364.615296,33609,1
3059,3019,364.626432,33620,1
3060,3020,364.637569,33631,1
3061,3021,364.648705,33642,1
3062,3022,364.659841,33653,1
3063,3023,364.670976,33664,1
3064,3024,364.682114,33675,1
3065,3025,364.693248,33686,1
3066,3026,364.704384,33697,1
3067,3027,364.715523,33708,1
3068,3028,364.726659,33719,1
3069,3029,364.737794,33730,1
3070,3030,364.748929,33741,1
3071,3031,364.760067,33752,1
3072,3032,364.771202,33763,1
3073,3033,364.782338,33774,1
3074,3034,364.793475,33785,1
3075,3035,364.804612,33796,1
3076,3036,364.815748,33807,1
3077,3037,364.826883,33818,1
3078,3038,364.838018,33829,1
3079,3039,364.849157,33840,1
3080,3040,364.860291,33851,1
3081,3041,364.871430,33862,1
3082,3042,364.882565,33873,1
3083,3043,364.893700,33884,1
3084,3044,364.904837,33895,1
3085,3045,364.915972,33906,1
3086,3046,364.927109,33917,1
3087,3047,364.938246,33928,1
3088,3048,364.949380,33939,1
3089,3049,364.960517,33950,1
3090,3050,364.971655,33961,1
3091,3051,364.982791,33972,1
3092,3052,364.993928,33983,1
3093,3053,365.005064,33994,1
3094,3054,365.016199,34005,1
3095,3055,365.027335,34016,1
3096,3056,365.038472,34027,1
3097,3057,365.049609,34038,1
3098,3058,365.060744,34049,1
3099,3059,365.071881,34060,1
3100,3060,365.083017,34071,1
3101,3061,365.094151,34082,1
3102,3062,365.105287,34093,1
3103,3063,365.116424,34104,1
3104,3064,365.127562,34115,1
3105,3065,365.138696,34126,1
3106,3066,365.149832,34137,1
3107,3067,365.160969,34148,1
3108,3068,365.172104,34159,1
3109,3069,365.183243,34170,1
3110,3070,365.194378,34181,1
3111,3071,365.205514,34192,1
3112,3072,365.216649,34203,1
3113,3073,365.227788,34214,1
3114,3074,365.238922,34225,1
3115,3075,365.250058,34236,1
3116,3076,365.261195,34247,1
3117,3077,365.272330,34258,1
3118,3078,365.283467,34269,1
3119,3079,365.294604,34280,1
3120,3080,365.305740,34291,1
3121,3081,365.316875,34302,1
3122,3082,365.328013,34313,1
3123,3083,365.339149,34324,1
3124,3084,365.350284,34335,1
3125,3085,365.361420,34346,1
3126,3086,365.372559,34357,1
3127,3087,365.383692,34368,1
3128,3088,365.394829,34379,1
3129,3089,365.405967,34390,1
3130,3090,365.417102,34401,1
3131,3091,365.428237,34412,1
3132,3092,365.439373,34423,1
3133,3093,365.450511,34434,1
3134,3094,365.461647,34445,1
3135,3095,365.472783,34456,1
3136,3096,365.483919,34467,1
3137,3097,365.495054,34478,1
3138,3098,365.506190,34489,1
3139,3099,365.517328,34500,1
3140,3100,365.528462,34511,1
3141,3101,365.539599,34522,1
3142,3102,365.550737,34533,1
3143,3103,365.561871,34544,1
3144,3104,365.573009,34555,1
3145,3105,365.584144,34566,1
3146,-1,365.595282,34577,1
3147,3106,365.606418,34588,1
3148,3107,365.617553,34599,1
3149,3108,365.628689,34610,1
3150,3109,365.639827,34621,1
3151,3110,365.650961,34632,1
3152,3111,365.662102,34643,1
3153,3112,365.673233,34654,1
3154,3113,365.684370,34665,1
3155,3114,365.695506,34676,1
3156,3115,365.706643,34687,1
3157,3116,365.717799,34697,1
3158,3117,365.728914,34708,1
3159,3118,365.739038,34718,1
3160,3119,365.750176,34729,1
3161,3120,365.761312,34740,1
3162,3121,365.772448,34751,1
3163,3122,365.783585,34762,1
3164,3123,365.794721,34773,1
3165,3124,365.805856,34784,1
3166,3125,365.816991,34795,1
3167,3126,365.828129,34806,1
3168,3127,365.839265,34817,1
3169,3128,365.850400,34828,1
3170,3129,365.861536,34839,1
3171,3130,365.872674,34850,1
3172,3131,365.883811,34861,1
3173,3132,365.894947,34872,1
3174,3133,365.906082,34883,1
3175,3134,365.917217,34894,1
3176,3135,365.928354,34905,1
3177,3136,365.939491,34916,1
3178,3137,365.950626,34927,1
3179,3138,365.961762,34938,1
3180,3139,365.972900,34949,1
3181,3140,365.984036,34960,1
3182,3141,365.995171,34971,1
3183,3142,366.006309,34982,1
3184,3143,366.017444,34993,1
3185,3144,366.028579,35004,1
3186,3145,366.039718,35015,1
3187,3146,366.050853,35026,1
3188,3147,366.061988,35037,1
3189,3148,366.073125,35048,1
3190,3149,366.084261,35059,1
3191,3150,366.095399,35070,1
3192,3151,366.106535,35081,1
3193,3152,366.117671,35092,1
3194,3153,366.128805,35103,1
3195,3154,366.139943,35114,1
3196,3155,366.151080,35125,1
3197,3156,366.162215,35136,1
3198,3157,366.173349,35147,1
3199,3158,366.184487,35158,1
3200,3159,366.195623,35169,1
3201,3160,366.206759,35180,1
3202,3161,366.217897,35191,1
3203,3162,366.229032,35202,1
3204,3163,366.240167,35213,1
3205,3164,366.251305,35224,1
3206,3165,366.262441,35235,1
3207,3166,366.273578,35246,1
3208,3167,366.284714,35257,1
3209,3168,366.295850,35268,1
3210,3169,366.306984,35279,1
3211,3170,366.318121,35290,1
3212,3171,366.329259,35301,1
3213,3172,366.340393,35312,1
3214,3173,366.351529,35323,1
3215,3174,366.362667,35334,1
3216,3175,366.373801,35345,1
3217,3176,366.384938,35356,1
3218,3177,366.396076,35367,1
3219,3178,366.407210,35378,1
3220,3179,366.418346,35389,1
3221,3180,366.429483,35400,1
3222,3181,366.440621,35411,1
3223,3182,366.451755,35422,1
3224,3183,366.462892,35433,1
3225,3184,366.474029,35444,1
3226,3185,366.485165,35455,1
3227,3186,366.496299,35466,1
3228,3187,366.507437,35477,1
3229,3188,366.518573,35488,1
3230,3189,366.529708,35499,1
3231,3190,366.540846,35510,1
3232,3191,366.551980,35521,1
3233,3192,366.563118,35532,1
3234,3193,366.574254,35543,1
3235,3194,366.585391,35554,1
3236,3195,366.596526,35565,1
3237,3196,366.607663,35576,1
3238,3197,366.618799,35587,1
3239,3198,366.629935,35598,1
3240,3199,366.641072,35609,1
3241,3200,366.652207,35620,1
3242,3201,366.663343,35631,1
3243,3202,366.674480,35642,1
3244,3203,366.685616,35653,1
3245,3204,366.696753,35664,1
3246,3205,366.707889,35675,1
3247,3206,366.719025,35686,1
3248,3207,366.730161,35697,1
3249,3208,366.741298,35708,1
3250,3209,366.752432,35719,1
3251,3210,366.763568,35730,1
3252,3211,366.774706,35741,1
3253,3212,366.785843,35752,1
3254,3213,366.796977,35763,1
3255,3214,366.808115,35774,1
3256,3215,366.819249,35785,1
3257,3216,366.830387,35796,1
3258,3217,366.841523,35807,1
3259,3218,366.852658,35818,1
3260,3219,366.863795,35829,1
3261,3220,366.874930,35840,1
3262,3221,366.886068,35851,1
3263,3222,366.897204,35862,1
3264,3223,366.908339,35873,1
3265,3224,366.919477,35884,1
3266,3225,366.930612,35895,1
3267,3226,366.941749,35906,1
3268,3227,366.952886,35917,1
3269,3228,366.964022,35928,1
3270,3229,366.975158,35939,1
3271,3230,366.986293,35950,1
3272,3231,366.997428,35961,1
3273,3232,367.008566,35972,1
3274,3233,367.019701,35983,1
3275,3234,367.030840,35994,1
3276,3235,367.041973,36005,1
3277,3236,367.053111,36016,1
3278,3237,367.064248,36027,1
3279,3238,367.074371,36037,1
3280,3239,367.085505,36048,1
3281,3240,367.096644,36059,1
3282,3241,367.107779,36070,1
3283,3242,367.118914,36081,1
3284,3243,367.130052,36092,1
3285,3244,367.141186,36103,1
3286,3245,367.152323,36114,1
3287,3246,367.163461,36125,1
3288,3247,367.174596,36136,1
3289,3248,367.185732,36147,1
3290,3249,367.196869,36158,1
3291,3250,367.208005,36169,1
3292,3251,367.219140,36180,1
3293,3252,367.230278,36191,1
3294,3253,367.241412,36202,1
3295,3254,367.252550,36213,1
3296,3255,367.263687,36224,1
3297,3256,367.274822,36235,1
3298,3257,367.285957,36246,1
3299,3258,367.297101,36257,1
3300,3259,367.308229,36268,1
3301,3260,367.319367,36279,1
3302,3261,367.330504,36290,1
3303,3262,367.341638,36301,1
3304,3263,367.352775,36312,1
3305,3264,367.363912,36323,1
3306,3265,367.375048,36334,1
3307,3266,367.386185,36345,1
3308,3267,367.397319,36356,1
3309,3268,367.408457,36367,1
3310,3269,367.419592,36378,1
3311,3270,367.430729,36389,1
3312,3271,367.441864,36400,1
3313,3272,367.453000,36411,1
3314,3273,367.464137,36422,1
3315,3274,367.475275,36433,1
3316,3275,367.486408,36444,1
3317,3276,367.497545,36455,1
3318,3277,367.508683,36466,1
3319,3278,367.519819,36477,1
3320,3279,367.530955,36488,1
3321,3280,367.542099,36499,1
3322,3281,367.553228,36510,1
3323,3282,367.564364,36521,1
3324,3283,367.575499,36532,1
3325,3284,367.586636,36543,1
3326,3285,367.597772,36554,1
3327,3286,367.608907,36565,1
3328,3287,367.620044,36576,1
3329,3288,367.631179,36587,1
3330,3289,367.642316,36598,1
3331,3290,367.653454,36609,1
3332,3291,367.664588,36620,1
3333,3292,367.675725,36631,1
3334,3293,367.686860,36642,1
3335,3294,367.697998,36653,1
3336,3295,367.709134,36664,1
3337,3296,367.720269,36675,1
3338,3297,367.731405,36686,1
3339,3298,367.742542,36697,1
3340,3299,367.753679,36708,1
3341,3300,367.764816,36719,1
3342,3301,367.775950,36730,1
3343,3302,367.787097,36741,1
3344,3303,367.798225,36752,1
3345,3304,367.809361,36763,1
3346,3305,367.820495,36774,1
3347,3306,367.831631,36785,1
3348,3307,367.842767,36796,1
3349,3308,367.853903,36807,1
3350,3309,367.865042,36818,1
3351,3310,367.876178,36829,1
3352,3311,367.887314,36840,1
3353,3312,367.898448,36851,1
3354,3313,367.909584,36862,1
3355,3314,367.920720,36873,1
3356,3315,367.931857,36884,1
3357,3316,367.942995,36895,1
3358,3317,367.954130,36906,1
3359,3318,367.965266,36917,1
3360,3319,367.976403,36928,1
3361,3320,367.987539,36939,1
3362,3321,367.998674,36950,1
3363,3322,368.009810,36961,1
3364,3323,368.020948,36972,1
3365,3324,368.032084,36983,1
3366,3325,368.043221,36994,1
3367,3326,368.054357,37005,1
3368,3327,368.065493,37016,1
3369,3328,368.076630,37027,1
3370,3329,368.087764,37038,1
3371,3330,368.098901,37049,1
3372,3331,368.110037,37060,1
3373,3332,368.121173,37071,1
3374,3333,368.132308,37082,1
3375,3334,368.143447,37093,1
3376,3335,368.154581,37104,1
3377,3336,368.165717,37115,1
3378,3337,368.176853,37126,1
3379,3338,368.187991,37137,1
3380,3339,368.199126,37148,1
3381,3340,368.210261,37159,1
3382,3341,368.221400,37170,1
3383,3342,368.232535,37181,1
3384,3343,368.243671,37192,1
3385,3344,368.254807,37203,1
3386,3345,368.265945,37214,1
3387,3346,368.277080,37225,1
3388,3347,368.288216,37236,1
3389,3348,368.299353,37247,1
3390,3349,368.310488,37258,1
3391,3350,368.321624,37269,1
3392,3351,368.332761,37280,1
3393,3352,368.343896,37291,1
3394,3353,368.355034,37302,1
3395,3354,368.366170,37313,1
3396,3355,368.377305,37324,1
3397,3356,368.388443,37335,1
3398,3357,368.399578,37346,1
3399,3358,368.409702,37356,1
3400,3359,368.420837,37367,1
3401,3360,368.431976,37378,1
3402,3361,368.443111,37389,1
3403,3362,368.454246,37400,1
3404,3363,368.465382,37411,1
3405,3364,368.476519,37422,1
3406,3365,368.487657,37433,1
3407,3366,368.498792,37444,1
3408,3367,368.509929,37455,1
3409,3368,368.521065,37466,1
3410,3369,368.532199,37477,1
3411,3370,368.543337,37488,1
3412,3371,368.554473,37499,1
3413,3372,368.565607,37510,1
3414,3373,368.576745,37521,1
3415,3374,368.587880,37532,1
3416,3375,368.599018,37543,1
3417,3376,368.610155,37554,1
3418,3377,368.621290,37565,1
3419,3378,368.632426,37576,1
3420,3379,368.643561,37587,1
3421,3380,368.654698,37598,1
3422,3381,368.665834,37609,1
3423,3382,368.676971,37620,1
3424,3383,368.688106,37631,1
3425,3384,368.699244,37642,1
3426,3385,368.710380,37653,1
3427,3386,368.721517,37664,1
3428,3387,368.732651,37675,1
3429,3388,368.743787,37686,1
3430,-1,368.754925,37697,1
3431,3389,368.766060,37708,1
3432,3390,368.777195,37719,1
3433,3391,368.788331,37730,1
3434,3392,368.799468,37741,1
3435,3393,368.810605,37752,1
3436,3394,368.821740,37763,1
3437,3395,368.832878,37774,1
3438,3396,368.844013,37785,1
3439,3397,368.855149,37796,1
3440,3398,368.866285,37807,1
3441,3399,368.877421,37818,1
3442,3400,368.888560,37829,1
3443,3401,368.899695,37840,1
3444,3402,368.910831,37851,1
3445,3403,368.921968,37862,1
3446,3404,368.933104,37873,1
3447,3405,368.944238,37884,1
3448,-1,368.955376,37895,1
3449,3406,368.966512,37906,1
3450,3407,368.977649,37917,1
3451,3408,368.988783,37928,1
3452,3409,368.999919,37939,1
3453,3410,369.011057,37950,1
3454,3411,369.022192,37961,1
3455,3412,369.033330,37972,1
3456,3413,369.044464,37983,1
3457,3414,369.055603,37994,1
3458,3415,369.066739,38005,1
3459,3416,369.077875,38016,1
3460,3417,369.089010,38027,1
3461,3418,369.100146,38038,1
3462,3419,369.111283,38049,1
3463,3420,369.122419,38060,1
3464,3421,369.133556,38071,1
3465,3422,369.144692,38082,1
3466,3423,369.155828,38093,1
3467,3424,369.166962,38104,1
3468,3425,369.178102,38115,1
3469,3426,369.189236,38126,1
3470,3427,369.200371,38137,1
3471,3428,369.211509,38148,1
3472,3429,369.222645,38159,1
3473,3430,369.233782,38170,1
3474,3431,369.244918,38181,1
3475,3432,369.256052,38192,1
3476,3433,369.267189,38203,1
3477,3434,369.278326,38214,1
3478,3435,369.289462,38225,1
3479,3436,369.300597,38236,1
3480,3437,369.311735,38247,1
3481,3438,369.322871,38258,1
3482,3439,369.334005,38269,1
3483,3440,369.345144,38280,1
3484,3441,369.356280,38291,1
3485,3442,369.367415,38302,1
3486,3443,369.378551,38313,1
3487,3444,369.389688,38324,1
3488,3445,369.400824,38335,1
3489,3446,369.411961,38346,1
3490,3447,369.423102,38357,1
3491,3448,369.434231,38368,1
3492,3449,369.445368,38379,1
3493,3450,369.456505,38390,1
3494,3451,369.467641,38401,1
3495,3452,369.478776,38412,1
3496,3453,369.489912,38423,1
3497,3454,369.501048,38434,1
3498,3455,369.512185,38445,1
3499,3456,369.523321,38456,1
3500,3457,369.534458,38467,1
3501,3458,369.545595,38478,1
3502,3459,369.556732,38489,1
3503,3460,369.567868,38500,1
3504,3461,369.579002,38511,1
3505,3462,369.590139,38522,1
3506,3463,369.601275,38533,1
3507,3464,369.612411,38544,1
3508,3465,369.623546,38555,1
3509,3467,369.634685,38566,1
3510,-1,369.645819,38577,1
3511,3468,369.656955,38588,1
3512,3469,369.668100,38599,1
3513,3470,369.679229,38610,1
3514,3471,369.690364,38621,1
3515,3472,369.701501,38632,1
3516,3473,369.712637,38643,1
3517,3474,369.723775,38654,1
3518,3475,369.734911,38665,1
3519,3476,369.745032,38675,1
3520,3477,369.756168,38686,1
3521,3478,369.767307,38697,1
3522,3479,369.778441,38708,1
3523,3480,369.789578,38719,1
3524,3481,369.800713,38730,1
3525,3482,369.811852,38741,1
3526,3483,369.822988,38752,1
3527,3484,369.834122,38763,1
3528,3485,369.845260,38774,1
3529,3486,369.856394,38785,1
3530,3487,369.867531,38796,1
3531,3488,369.878667,38807,1
3532,3489,369.889806,38818,1
3533,3490,369.900940,38829,1
3534,3491,369.912077,38840,1
3535,3492,369.923214,38851,1
3536,3493,369.934349,38862,1
3537,3494,369.945486,38873,1
3538,3495,369.956621,38884,1
3539,3496,369.967756,38895,1
3540,3497,369.978894,38906,1
3541,3498,369.990030,38917,1
3542,3499,370.001167,38928,1
3543,3500,370.012301,38939,1
3544,3501,370.023438,38950,1
3545,3502,370.034575,38961,1
3546,3503,370.045711,38972,1
3547,3504,370.056848,38983,1
3548,3505,370.067984,38994,1
3549,3506,370.079119,39005,1
3550,3507,370.090255,39016,1
3551,3508,370.101391,39027,1
3552,3509,370.112527,39038,1
3553,3510,370.123665,39049,1
3554,3511,370.134800,39060,1
3555,3512,370.145936,39071,1
3556,3513,370.157073,39082,1
3557,3514,370.168210,39093,1
3558,3515,370.179347,39104,1
3559,3516,370.190483,39115,1
3560,3517,370.201618,39126,1
3561,3518,370.212754,39137,1
3562,3519,370.223891,39148,1
3563,3520,370.235026,39159,1
3564,3521,370.246163,39170,1
3565,3522,370.257299,39181,1
3566,3523,370.268434,39192,1
3567,3524,370.279570,39203,1
3568,3525,370.290708,39214,1
3569,3526,370.301842,39225,1
3570,3527,370.312981,39236,1
3571,3528,370.324115,39247,1
3572,3529,370.335252,39258,1
3573,3530,370.346387,39269,1
3574,3531,370.357525,39280,1
3575,3532,370.368662,39291,1
3576,3533,370.379798,39302,1
3577,3534,370.390933,39313,1
3578,3535,370.402071,39324,1
3579,3536,370.413204,39335,1
3580,3537,370.424342,39346,1
3581,3538,370.435477,39357,1
3582,3539,370.446615,39368,1
3583,3540,370.457749,39379,1
3584,3541,370.468886,39390,1
3585,3542,370.480023,39401,1
3586,3543,370.491159,39412,1
3587,3544,370.502296,39423,1
3588,3545,370.513430,39434,1
3589,3546,370.524567,39445,1
3590,3547,370.535705,39456,1
3591,3548,370.546839,39467,1
3592,-1,370.557977,39478,1
3593,3549,370.569114,39489,1
3594,3550,370.580249,39500,1
3595,3551,370.591385,39511,1
3596,3552,370.602521,39522,1
3597,3553,370.613658,39533,1
3598,3554,370.624795,39544,1
3599,3555,370.635929,39555,1
3600,3556,370.647065,39566,1
3601,3557,370.658203,39577,1
3602,3558,370.669340,39588,1
3603,3559,370.680473,39599,1
3604,3560,370.691609,39610,1
3605,3561,370.702747,39621,1
3606,3562,370.713883,39632,1
3607,3563,370.725019,39643,1
3608,3564,370.736154,39654,1
3609,3565,370.747293,39665,1
3610,3566,370.758429,39676,1
3611,3567,370.769563,39687,1
3612,3568,370.780701,39698,1
3613,3569,370.791835,39709,1
3614,3570,370.802972,39720,1
3615,3571,370.814108,39731,1
3616,3572,370.825245,39742,1
3617,3573,370.836381,39753,1
3618,3574,370.847516,39764,1
3619,3575,370.858655,39775,1
3620,3576,370.869791,39786,1
3621,3577,370.880925,39797,1
3622,3578,370.892063,39808,1
3623,-1,370.903199,39819,1
3624,3579,370.914334,39830,1
3625,3580,370.925472,39841,1
3626,3581,370.936606,39852,1
3627,3582,370.947743,39863,1
3628,3583,370.958881,39874,1
3629,3584,370.970014,39885,1
3630,3585,370.981152,39896,1
3631,3586,370.992288,39907,1
3632,3587,371.003425,39918,1
3633,3588,371.014562,39929,1
3634,3589,371.025695,39940,1
3635,3590,371.036832,39951,1
3636,3591,371.047970,39962,1
3637,3592,371.059105,39973,1
3638,3593,371.070242,39984,1
3639,3594,371.081378,39995,1
3640,3595,371.091502,40005,1
3641,3596,371.102639,40016,1
3642,3597,371.113775,40027,1
3643,3598,371.124910,40038,1
3644,3599,371.136047,40049,1
3645,3600,371.147183,40060,1
3646,3601,371.158319,40071,1
3647,3602,371.169454,40082,1
3648,3603,371.180592,40093,1
3649,3604,371.191729,40104,1
3650,3605,371.202864,40115,1
3651,3607,371.214000,40126,1
3652,-1,371.225135,40137,1
3653,3608,371.236271,40148,1
3654,3609,371.247409,40159,1
3655,3610,371.258545,40170,1
3656,3611,371.269682,40181,1
3657,3612,371.280817,40192,1
3658,3613,371.291952,40203,1
3659,3614,371.303099,40214,1
3660,3615,371.314226,40225,1
3661,3616,371.325361,40236,1
3662,3617,371.336497,40247,1
3663,3618,371.347635,40258,1
3664,3619,371.358771,40269,1
3665,3620,371.369908,40280,1
3666,3621,371.381042,40291,1
3667,3622,371.392179,40302,1
3668,3623,371.403316,40313,1
3669,3624,371.414450,40324,1
3670,3625,371.425588,40335,1
3671,3626,371.436724,40346,1
3672,3627,371.447859,40357,1
3673,3628,371.458997,40368,1
3674,3629,371.470132,40379,1
3675,3630,371.481269,40390,1
3676,3631,371.492405,40401,1
3677,3632,371.503541,40412,1
3678,3633,371.514679,40423,1
3679,3634,371.525814,40434,1
3680,3635,371.536948,40445,1
3681,3636,371.548085,40456,1
3682,3637,371.559221,40467,1
3683,3638,371.570357,40478,1
3684,3639,371.581494,40489,1
3685,3640,371.592632,40500,1
3686,3641,371.603768,40511,1
3687,3642,371.614904,40522,1
3688,3643,371.626041,40533,1
3689,3644,371.637177,40544,1
3690,3645,371.648312,40555,1
3691,3646,371.659448,40566,1
3692,3647,371.670585,40577,1
3693,3648,371.681721,40588,1
3694,3649,371.692856,40599,1
3695,3650,371.703994,40610,1
3696,3651,371.715128,40621,1
3697,3652,371.726265,40632,1
3698,3653,371.737402,40643,1
3699,3654,371.748538,40654,1
3700,3655,371.759675,40665,1
3701,3656,371.770810,40676,1
3702,3657,371.781947,40687,1
3703,3658,371.793084,40698,1
3704,3659,371.804220,40709,1
3705,3660,371.815356,40720,1
3706,3661,371.826492,40731,1
3707,3662,371.837628,40742,1
3708,3663,371.848764,40753,1
3709,3664,371.859901,40764,1
3710,3665,371.871037,40775,1
3711,3666,371.882172,40786,1
3712,3667,371.893307,40797,1
3713,3668,371.904445,40808,1
3714,3669,371.915580,40819,1
3715,3670,371.926718,40830,1
3716,3671,371.937852,40841,1
3717,3672,371.948991,40852,1
3718,3673,371.960127,40863,1
3719,3674,371.971261,40874,1
3720,3675,371.982399,40885,1
3721,3676,371.993534,40896,1
3722,-1,372.004672,40907,1
3723,3677,372.015806,40918,1
3724,3678,372.026943,40929,1
3725,3679,372.038080,40940,1
3726,3680,372.049216,40951,1
3727,3681,372.060352,40962,1
3728,3682,372.071487,40973,1
3729,3683,372.082624,40984,1
3730,3684,372.093760,40995,1
3731,3685,372.104895,41006,1
3732,3686,372.116033,41017,1
3733,3687,372.127170,41028,1
3734,3688,372.138306,41039,1
3735,3689,372.149442,41050,1
3736,3690,372.160576,41061,1
3737,-1,372.171715,41072,1
3738,3691,372.182850,41083,1
3739,3692,372.193986,41094,1
3740,-1,372.205123,41105,1
3741,3693,372.216259,41116,1
3742,3694,372.227393,41127,1
3743,3695,372.238531,41138,1
3744,3696,372.249666,41149,1
3745,3697,372.260802,41160,1
3746,3698,372.271938,41171,1
3747,3699,372.283075,41182,1
3748,3700,372.294212,41193,1
3749,3701,372.305348,41204,1
3750,3702,372.316485,41215,1
3751,3703,372.327622,41226,1
3752,3704,372.338755,41237,1
3753,3705,372.349892,41248,1
3754,3706,372.361030,41259,1
3755,3707,372.372164,41270,1
3756,3708,372.383302,41281,1
3757,3709,372.394438,41292,1
3758,3710,372.405575,41303,1
3759,3711,372.416712,41314,1
3760,3712,372.426835,41324,1
3761,3713,372.437971,41335,1
3762,3714,372.449107,41346,1
3763,3715,372.460244,41357,1
3764,-1,372.471379,41368,1
3765,3716,372.482517,41379,1
3766,3717,372.493652,41390,1
3767,3718,372.504786,41401,1
3768,3719,372.515922,41412,1
3769,3720,372.527061,41423,1
3770,3721,372.538196,41434,1
3771,3722,372.549333,41445,1
3772,3723,372.560469,41456,1
3773,3724,372.571606,41467,1
3774,3725,372.582742,41478,1
3775,3726,372.593878,41489,1
3776,3727,372.605014,41500,1
3777,3728,372.616151,41511,1
3778,3729,372.627285,41522,1
3779,3730,372.638423,41533,1
3780,-1,372.649557,41544,1
3781,3731,372.660695,41555,1
3782,3732,372.671831,41566,1
3783,3733,372.682968,41577,1
3784,3734,372.694104,41588,1
3785,3735,372.705239,41599,1
3786,3736,372.716375,41610,1
3787,3737,372.727513,41621,1
3788,3738,372.738647,41632,1
3789,3739,372.749785,41643,1
3790,3740,372.760920,41654,1
3791,3741,372.772058,41665,1
3792,3742,372.783193,41676,1
3793,3743,372.794329,41687,1
3794,3744,372.805467,41698,1
3795,3745,372.816603,41709,1
3796,3746,372.827737,41720,1
3797,3747,372.838873,41731,1
3798,3748,372.850011,41742,1
3799,3749,372.861145,41753,1
3800,3750,372.872283,41764,1
3801,3751,372.883419,41775,1
3802,3752,372.894557,41786,1
3803,3753,372.905691,41797,1
3804,3754,372.916828,41808,1
3805,3755,372.927965,41819,1
3806,3756,372.939100,41830,1
3807,3757,372.950235,41841,1
3808,3758,372.961372,41852,1
3809,3759,372.972508,41863,1
3810,3760,372.983643,41874,1
3811,3761,372.994781,41885,1
3812,3762,373.005918,41896,1
3813,3763,373.017053,41907,1
3814,3764,373.028188,41918,1
3815,3765,373.039327,41929,1
3816,3766,373.050462,41940,1
3817,3767,373.061598,41951,1
3818,3768,373.072736,41962,1
3819,3769,373.083872,41973,1
3820,3770,373.095008,41984,1
3821,3771,373.106144,41995,1
3822,3772,373.117278,42006,1
3823,3773,373.128415,42017,1
3824,3774,373.139552,42028,1
3825,3775,373.150688,42039,1
3826,3776,373.161823,42050,1
3827,3777,373.172961,42061,1
3828,3778,373.184100,42072,1
3829,3779,373.195234,42083,1
3830,3780,373.206368,42094,1
3831,3781,373.217504,42105,1
3832,3782,373.228642,42116,1
3833,3783,373.239778,42127,1
3834,3784,373.250913,42138,1
3835,3785,373.262051,42149,1
3836,3786,373.273187,42160,1
3837,3787,373.284323,42171,1
3838,3788,373.295459,42182,1
3839,3789,373.306594,42193,1
3840,-1,373.317730,42204,1
3841,3790,373.328867,42215,1
3842,3791,373.340005,42226,1
3843,3792,373.351140,42237,1
3844,3793,373.362276,42248,1
3845,3794,373.373411,42259,1
3846,3795,373.384550,42270,1
3847,3796,373.395684,42281,1
3848,3797,373.406821,42292,1
3849,3798,373.417957,42303,1
3850,3799,373.429104,42314,1
3851,3800,373.440230,42325,1
3852,3801,373.451366,42336,1
3853,3802,373.462502,42347,1
3854,3803,373.473637,42358,1
3855,3804,373.484773,42369,1
3856,3805,373.495912,42380,1
3857,3806,373.507047,42391,1
3858,3807,373.518184,42402,1
3859,3808,373.529319,42413,1
3860,3809,373.540456,42424,1
3861,3810,373.551592,42435,1
3862,3811,373.562728,42446,1
3863,3812,373.573863,42457,1
3864,3813,373.585000,42468,1
3865,3814,373.596137,42479,1
3866,3815,373.607274,42490,1
3867,3816,373.618408,42501,1
3868,3817,373.629546,42512,1
3869,3818,373.640680,42523,1
3870,3819,373.651817,42534,1
3871,3820,373.662954,42545,1
3872,3821,373.674099,42556,1
3873,3822,373.685226,42567,1
3874,3823,373.696362,42578,1
3875,3824,373.707499,42589,1
3876,3825,373.718633,42600,1
3877,3826,373.729771,42611,1
3878,3827,373.740907,42622,1
3879,3828,373.752044,42633,1
3880,3829,373.762166,42643,1
3881,3830,373.773304,42654,1
3882,3831,373.784440,42665,1
3883,3832,373.795574,42676,1
3884,3833,373.806713,42687,1
3885,3834,373.817849,42698,1
3886,3835,373.828983,42709,1
3887,3836,373.840119,42720,1
3888,3837,373.851258,42731,1
3889,-1,373.862393,42742,1
3890,3838,373.873530,42753,1
3891,3839,373.884666,42764,1
3892,3840,373.895801,42775,1
3893,3841,373.906937,42786,1
3894,3842,373.918075,42797,1
3895,3843,373.929209,42808,1
3896,3844,373.940348,42819,1
3897,3845,373.951484,42830,1
3898,3846,373.962619,42841,1
3899,3847,373.973756,42852,1
3900,3848,373.984892,42863,1
3901,3849,373.996028,42874,1
3902,3850,374.007164,42885,1
3903,3851,374.018300,42896,1
3904,3852,374.029435,42907,1
3905,3853,374.040574,42918,1
3906,3854,374.051710,42929,1
3907,3855,374.062844,42940,1
3908,3856,374.073980,42951,1
3909,3857,374.085117,42962,1
3910,3858,374.096254,42973,1
3911,3859,374.107391,42984,1
3912,3860,374.118525,42995,1
3913,3861,374.129662,43006,1
3914,3862,374.140799,43017,1
3915,3863,374.151936,43028,1
3916,3864,374.163071,43039,1
3917,3865,374.174207,43050,1
3918,3866,374.185343,43061,1
3919,3867,374.196478,43072,1
3920,3868,374.207616,43083,1
3921,3869,374.218752,43094,1
3922,3870,374.229889,43105,1
3923,3871,374.241026,43116,1
3924,3872,374.252159,43127,1
3925,3873,374.263296,43138,1
3926,3874,374.274432,43149,1
3927,3875,374.285568,43160,1
3928,3876,374.296707,43171,1
3929,3877,374.307842,43182,1
3930,3878,374.318979,43193,1
3931,3879,374.330115,43204,1
3932,3880,374.341251,43215,1
3933,3881,374.352387,43226,1
3934,3882,374.363523,43237,1
3935,3883,374.374658,43248,1
3936,3884,374.385794,43259,1
3937,3885,374.396932,43270,1
3938,3886,374.408068,43281,1
3939,3887,374.419203,43292,1
3940,3888,374.430341,43303,1
3941,3889,374.441476,43314,1
3942,3890,374.452612,43325,1
3943,3891,374.463749,43336,1
3944,3892,374.474886,43347,1
3945,3893,374.486021,43358,1
3946,3894,374.497158,43369,1
3947,3895,374.508295,43380,1
3948,-1,374.519431,43391,1
3949,3896,374.530566,43402,1
3950,3897,374.541703,43413,1
3951,3898,374.552838,43424,1
3952,3899,374.563973,43435,1
3953,3900,374.575110,43446,1
3954,3901,374.586247,43457,1
3955,3902,374.597384,43468,1
3956,3903,374.608520,43479,1
3957,3904,374.619657,43490,1
3958,3905,374.630793,43501,1
3959,3906,374.641927,43512,1
3960,3907,374.653064,43523,1
3961,3908,374.664199,43534,1
3962,3909,374.675336,43545,1
3963,3910,374.686472,43556,1
3964,3911,374.697610,43567,1
3965,3912,374.708745,43578,1
3966,3913,374.719880,43589,1
3967,3914,374.731017,43600,1
3968,3915,374.742153,43611,1
3969,3916,374.753289,43622,1
3970,3917,374.764427,43633,1
3971,3918,374.775565,43644,1
3972,3919,374.786700,43655,1
3973,3920,374.797835,43666,1
3974,3921,374.808973,43677,1
3975,3922,374.820106,43688,1
3976,3923,374.831243,43699,1
3977,3924,374.842380,43710,1
3978,3925,374.853517,43721,1
3979,3926,374.864653,43732,1
3980,3927,374.875790,43743,1
3981,3928,374.886925,43754,1
3982,3929,374.898060,43765,1
3983,3930,374.909198,43776,1
3984,3931,374.920335,43787,1
3985,3932,374.931470,43798,1
3986,3933,374.942607,43809,1
3987,3934,374.953742,43820,1
3988,3935,374.964878,43831,1
3989,3936,374.976014,43842,1
3990,3937,374.987150,43853,1
3991,3938,374.998286,43864,1
3992,3939,375.009422,43875,1
3993,3940,375.020558,43886,1
3994,3941,375.031697,43897,1
3995,3942,375.042833,43908,1
3996,3943,375.053969,43919,1
3997,3944,375.065107,43930,1
3998,3945,375.076239,43941,1
3999,3946,375.087375,43952,1
4000,3947,375.097499,43962,1
4001,3948,375.108636,43973,1
4002,3949,375.119774,43984,1
4003,3950,375.130908,43995,1
4004,3951,375.142045,44006,1
4005,3952,375.153183,44017,1
4006,3953,375.164317,44028,1
4007,3954,375.175453,44039,1
4008,3955,375.186591,44050,1
4009,3956,375.197726,44061,1
4010,3957,375.208862,44072,1
4011,3958,375.220000,44083,1
4012,3959,375.231136,44094,1
4013,3960,375.242270,44105,1
4014,3961,375.253409,44116,1
4015,3962,375.264544,44127,1
4016,3963,375.275680,44138,1
4017,3964,375.286817,44149,1
4018,3965,375.297953,44160,1
4019,3966,375.309096,44171,1
4020,3967,375.320223,44182,1
4021,3968,375.331360,44193,1
4022,3969,375.342497,44204,1
4023,3970,375.353633,44215,1
4024,3971,375.364770,44226,1
4025,3972,375.375907,44237,1
4026,3973,375.387042,44248,1
4027,3974,375.398177,44259,1
4028,3975,375.409313,44270,1
4029,3976,375.420452,44281,1
4030,3977,375.431588,44292,1
4031,3978,375.442724,44303,1
4032,3979,375.453858,44314,1
4033,3980,375.464995,44325,1
4034,3981,375.476132,44336,1
4035,3982,375.487267,44347,1
4036,3983,375.498405,44358,1
4037,3984,375.509542,44369,1
4038,3985,375.520678,44380,1
4039,3986,375.531813,44391,1
4040,3987,375.542948,44402,1
4041,3988,375.554084,44413,1
4042,3989,375.565223,44424,1
4043,3990,375.576358,44435,1
4044,3991,375.587494,44446,1
4045,3992,375.598630,44457,1
4046,3993,375.609767,44468,1
4047,3994,375.620903,44479,1
4048,3995,375.632038,44490,1
4049,3996,375.643174,44501,1
4050,3997,375.654311,44512,1
4051,3998,375.665449,44523,1
4052,3999,375.676585,44534,1
4053,4000,375.687719,44545,1
4054,4001,375.698858,44556,1
4055,4002,375.709992,44567,1
4056,4003,375.721129,44577,1
4057,4004,375.732265,44588,1
4058,4005,375.743402,44599,1
4059,4006,375.754538,44610,1
4060,4007,375.765673,44621,1
4061,4008,375.776810,44632,1
4062,4009,375.787946,44643,1
4063,4010,375.799081,44654,1
4064,4011,375.810220,44665,1
4065,4012,375.821356,44676,1
4066,4013,375.832491,44687,1
4067,4014,375.843626,44698,1
4068,4015,375.854763,44709,1
4069,4016,375.865900,44720,1
4070,4017,375.877037,44731,1
4071,4018,375.888171,44742,1
4072,4019,375.899309,44753,1
4073,4020,375.910444,44764,1
4074,4021,375.921581,44775,1
4075,4022,375.932717,44786,1
4076,4023,375.943854,44797,1
4077,4024,375.954990,44808,1
4078,4025,375.966127,44819,1
4079,4026,375.977262,44830,1
4080,4027,375.988397,44841,1
4081,4028,375.999534,44852,1
4082,4029,376.010671,44863,1
4083,4030,376.021805,44874,1
4084,4031,376.032941,44885,1
4085,4032,376.044079,44896,1
4086,4033,376.055216,44907,1
4087,4034,376.066352,44918,1
4088,4035,376.077487,44929,1
4089,4036,376.088624,44940,1
4090,4037,376.099760,44951,1
4091,4038,376.110895,44962,1
4092,4039,376.122033,44973,1
4093,4040,376.133170,44984,1
4094,4041,376.144306,44995,1
4095,4042,376.155442,45006,1
4096,4043,376.166577,45017,1
4097,4044,376.177713,45028,1
4098,4045,376.188850,45039,1
4099,4046,376.199985,45050,1
4100,4047,376.211121,45061,1
4101,4048,376.222259,45072,1
4102,4049,376.233396,45083,1
4103,4050,376.244530,45094,1
4104,4051,376.255667,45105,1
4105,4052,376.266804,45116,1
4106,4053,376.277940,45127,1
4107,4054,376.289077,45138,1
4108,4055,376.300212,45149,1
4109,4056,376.311348,45160,1
4110,4057,376.322485,45171,1
4111,4058,376.333621,45182,1
4112,4059,376.344757,45193,1
4113,4060,376.355894,45204,1
4114,4061,376.367028,45215,1
4115,4062,376.378166,45226,1
4116,4063,376.389302,45237,1
4117,4064,376.400439,45248,1
4118,4065,376.411575,45259,1
4119,4066,376.422710,45270,1
4120,4067,376.432835,45280,1
4121,4068,376.443969,45291,1
4122,4069,376.455108,45302,1
4123,4070,376.466242,45313,1
4124,4071,376.477380,45324,1
4125,4072,376.488515,45335,1
4126,4073,376.499653,45346,1
4127,4074,376.510787,45357,1
4128,4075,376.521924,45368,1
4129,4076,376.533059,45379,1
4130,4077,376.544195,45390,1
4131,4078,376.555333,45401,1
4132,4079,376.566469,45412,1
4133,4080,376.577605,45423,1
4134,4081,376.588742,45434,1
4135,4082,376.599878,45445,1
4136,4083,376.611013,45456,1
4137,4084,376.622149,45467,1
4138,4085,376.633286,45478,1
4139,4086,376.644422,45489,1
4140,4087,376.655558,45500,1
4141,4088,376.666694,45511,1
4142,4089,376.677832,45522,1
4143,4090,376.688968,45533,1
4144,4091,376.700104,45544,1
4145,4092,376.711239,45555,1
4146,4093,376.722376,45566,1
4147,4094,376.733513,45577,1
4148,4095,376.744648,45588,1
4149,4096,376.755784,45599,1
4150,4097,376.766922,45610,1
4151,4098,376.778058,45621,1
4152,4099,376.789193,45632,1
4153,4100,376.800330,45643,1
4154,4101,376.811466,45654,1
4155,4102,376.822601,45665,1
4156,4103,376.833739,45676,1
4157,4104,376.844875,45687,1
4158,4105,376.856010,45698,1
4159,4106,376.867148,45709,1
4160,4107,376.878282,45720,1
4161,4108,376.889420,45731,1
4162,4109,376.900557,45742,1
4163,4110,376.911692,45753,1
4164,4111,376.922827,45764,1
4165,4112,376.933965,45775,1
4166,4113,376.945104,45786,1
4167,4114,376.956238,45797,1
4168,4115,376.967374,45808,1
4169,4116,376.978510,45819,1
4170,4117,376.989645,45830,1
4171,4118,377.000782,45841,1
4172,4119,377.011918,45852,1
4173,4120,377.023053,45863,1
4174,4121,377.034191,45874,1
4175,4122,377.045327,45885,1
4176,4123,377.056461,45896,1
4177,4124,377.067600,45907,1
4178,4125,377.078734,45918,1
4179,4126,377.089870,45929,1
4180,4127,377.101008,45940,1
4181,4128,377.112142,45951,1
4182,4129,377.123281,45962,1
4183,4130,377.134416,45973,1
4184,4131,377.145554,45984,1
4185,4132,377.156688,45995,1
4186,4133,377.167826,46006,1
4187,4134,377.178961,46017,1
4188,4135,377.190102,46028,1
4189,4136,377.201232,46039,1
4190,4137,377.212370,46050,1
4191,4138,377.223506,46061,1
4192,4139,377.234641,46072,1
4193,4140,377.245780,46083,1
4194,4141,377.256913,46094,1
4195,4142,377.268051,46105,1
4196,4143,377.279187,46116,1
4197,4144,377.290322,46127,1
4198,4145,377.301458,46138,1
4199,4146,377.312595,46149,1
4200,4147,377.323733,46160,1
4201,4148,377.334869,46171,1
4202,4149,377.346003,46182,1
4203,4150,377.357141,46193,1
4204,4151,377.368277,46204,1
4205,4152,377.379413,46215,1
4206,4153,377.390550,46226,1
4207,4154,377.401684,46237,1
4208,4155,377.412820,46248,1
4209,4156,377.423958,46259,1
4210,4157,377.435101,46270,1
4211,4158,377.446230,46281,1
4212,4159,377.457366,46292,1
4213,4160,377.468502,46303,1
4214,4161,377.479639,46314,1
4215,4162,377.490776,46325,1
4216,4163,377.501913,46336,1
4217,4164,377.513048,46347,1
4218,4165,377.524185,46358,1
4219,4166,377.535321,46369,1
4220,4167,377.546456,46380,1
4221,4168,377.557592,46391,1
4222,4169,377.568729,46402,1
4223,4170,377.579866,46413,1
4224,4171,377.591002,46424,1
4225,4172,377.602139,46435,1
4226,4173,377.613275,46446,1
4227,4174,377.624411,46457,1
4228,4175,377.635547,46468,1
4229,4176,377.646683,46479,1
4230,4177,377.657820,46490,1
4231,4178,377.668955,46501,1
4232,4179,377.680098,46512,1
4233,4180,377.691228,46523,1
4234,4181,377.702362,46534,1
4235,4182,377.713499,46545,1
4236,4183,377.724635,46556,1
4237,4184,377.735773,46567,1
4238,4185,377.746908,46578,1
4239,4186,377.758045,46589,1
4240,4187,377.768170,46599,1
4241,4188,377.779306,46610,1
4242,4189,377.790441,46621,1
4243,4190,377.801576,46632,1
4244,4191,377.812713,46643,1
4245,4192,377.823850,46654,1
4246,4193,377.834985,46665,1
4247,4194,377.846123,46676,1
4248,4195,377.857259,46687,1
4249,4196,377.868393,46698,1
4250,4197,377.879529,46709,1
4251,4198,377.890667,46720,1
4252,4199,377.901802,46731,1
4253,4200,377.912938,46742,1
4254,4201,377.924076,46753,1
4255,4202,377.935213,46764,1
4256,4203,377.946348,46775,1
4257,4204,377.957483,46786,1
4258,4205,377.968621,46797,1
4259,4206,377.979756,46808,1
4260,4207,377.990894,46819,1
4261,4208,378.002029,46830,1
4262,4209,378.013164,46841,1
4263,4210,378.024300,46852,1
4264,4211,378.035438,46863,1
4265,4212,378.046574,46874,1
4266,4213,378.057711,46885,1
4267,4214,378.068847,46896,1
4268,4215,378.079981,46907,1
4269,4216,378.091119,46918,1
4270,4217,378.102255,46929,1
4271,4218,378.113390,46940,1
4272,4219,378.124529,46951,1
4273,4220,378.135662,46962,1
4274,4221,378.146801,46973,1
4275,4222,378.157937,46984,1
4276,4223,378.169071,46995,1
4277,4224,378.180207,47006,1
4278,4225,378.191345,47017,1
4279,4226,378.202481,47028,1
4280,4227,378.213616,47039,1
4281,4228,378.224753,47050,1
4282,4229,378.235888,47061,1
4283,4230,378.247026,47072,1
4284,4231,378.258161,47083,1
4285,4232,378.269298,47094,1
4286,4233,378.280434,47105,1
4287,4234,378.291572,47116,1
4288,4235,378.302706,47127,1
4289,4236,378.313845,47138,1
4290,4237,378.324980,47149,1
4291,4238,378.336114,47160,1
4292,4239,378.347251,47171,1
4293,4240,378.358389,47182,1
4294,4241,378.369524,47193,1
4295,4242,378.380661,47204,1
4296,4243,378.391797,47215,1
4297,4244,378.402933,47226,1
4298,4245,378.414069,47237,1
4299,4246,378.425204,47248,1
4300,4247,378.436343,47259,1
4301,4248,378.447476,47270,1
4302,4249,378.458613,47281,1
4303,4250,378.469751,47292,1
4304,4251,378.480887,47303,1
4305,4252,378.492021,47314,1
4306,4253,378.503159,47325,1
4307,4254,378.514296,47336,1
4308,4255,378.525433,47347,1
4309,4256,378.536567,47358,1
4310,4257,378.547704,47369,1
4311,4258,378.558840,47380,1
4312,4259,378.569978,47391,1
4313,4260,378.581114,47402,1
4314,4261,378.592248,47413,1
4315,4262,378.603385,47424,1
4316,4263,378.614522,47435,1
4317,4264,378.625656,47446,1
4318,4265,378.636795,47457,1
4319,4266,378.647929,47468,1
4320,4267,378.659067,47479,1
4321,4268,378.670203,47490,1
4322,4269,378.681340,47501,1
4323,4270,378.692474,47512,1
4324,4271,378.703610,47523,1
4325,4272,378.714747,47534,1
4326,4273,378.725885,47545,1
4327,4274,378.737021,47556,1
4328,4275,378.748156,47567,1
4329,4276,378.759293,47578,1
4330,4277,378.770429,47589,1
4331,4278,378.781566,47600,1
4332,4279,378.792700,47611,1
4333,4280,378.803836,47622,1
4334,4281,378.814972,47633,1
4335,4282,378.826111,47644,1
4336,4283,378.837247,47655,1
4337,4284,378.848383,47666,1
4338,4285,378.859517,47677,1
4339,4286,378.870653,47688,1
4340,4287,378.881792,47699,1
4341,4288,378.892926,47710,1
4342,4289,378.904064,47721,1
4343,4290,378.915200,47732,1
4344,4291,378.926334,47743,1
4345,4292,378.937472,47754,1
4346,4293,378.948608,47765,1
4347,4294,378.959743,47776,1
4348,4295,378.970882,47787,1
4349,4296,378.982017,47798,1
4350,4297,378.993152,47809,1
4351,4298,379.004289,47820,1
4352,4299,379.015424,47831,1
4353,4300,379.026560,47842,1
4354,4301,379.037699,47853,1
4355,4302,379.048835,47864,1
4356,4303,379.059969,47875,1
4357,4304,379.071106,47886,1
4358,4305,379.082243,47897,1
4359,4306,379.093379,47908,1
4360,4307,379.103503,47918,1
4361,4308,379.114639,47929,1
4362,4309,379.125776,47940,1
4363,4310,379.136912,47951,1
4364,4311,379.148048,47962,1
4365,4312,379.159183,47973,1
4366,4313,379.170321,47984,1
4367,4314,379.181457,47995,1
4368,4315,379.192593,48006,1
4369,4316,379.203729,48017,1
4370,4317,379.214864,48028,1
4371,4318,379.226001,48039,1
4372,4319,379.237138,48050,1
4373,4320,379.248275,48061,1
4374,4321,379.259409,48072,1
4375,4322,379.270547,48083,1
4376,4323,379.281683,48094,1
4377,4324,379.292817,48105,1
4378,4325,379.303956,48116,1
4379,4326,379.315098,48127,1
4380,4327,379.326228,48138,1
4381,4328,379.337362,48149,1
4382,4329,379.348500,48160,1
4383,4330,379.359635,48171,1
4384,4331,379.370771,48182,1
4385,4332,379.381909,48193,1
4386,4333,379.393044,48204,1
4387,4334,379.404180,48215,1
4388,4335,379.415318,48226,1
4389,4336,379.426454,48237,1
4390,4337,379.437589,48248,1
4391,4338,379.448726,48259,1
4392,4339,379.459862,48270,1
4393,4340,379.470997,48281,1
4394,4341,379.482134,48292,1
4395,4342,379.493271,48303,1
4396,4343,379.504406,48314,1
4397,4344,379.515543,48325,1
4398,4345,379.526680,48336,1
4399,4346,379.537815,48347,1
4400,4347,379.548952,48358,1
4401,4348,379.560098,48369,1
4402,4349,379.571225,48380,1
4403,4350,379.582361,48391,1
4404,4351,379.593497,48402,1
4405,4352,379.604632,48413,1
4406,4353,379.615770,48424,1
4407,4354,379.626906,48435,1
4408,4355,379.638043,48446,1
4409,4356,379.649179,48457,1
4410,4357,379.660315,48468,1
4411,4358,379.671452,48479,1
4412,4359,379.682588,48490,1
4413,4360,379.693722,48501,1
4414,4361,379.704858,48512,1
4415,4362,379.715996,48523,1
4416,4363,379.727132,48534,1
4417,4364,379.738269,48545,1
4418,4365,379.749405,48556,1
4419,4366,379.760540,48567,1
4420,4367,379.771676,48578,1
4421,4368,379.782811,48589,1
4422,4369,379.793948,48600,1
4423,4370,379.805084,48611,1
4424,4371,379.816221,48622,1
4425,4372,379.827358,48633,1
4426,4373,379.838495,48644,1
4427,4374,379.849629,48655,1
4428,4375,379.860767,48666,1
4429,4376,379.871903,48677,1
4430,4377,379.883040,48688,1
4431,4378,379.894175,48699,1
4432,4379,379.905312,48710,1
4433,4380,379.916448,48721,1
4434,4381,379.927582,48732,1
4435,4382,379.938719,48743,1
4436,4383,379.949857,48754,1
4437,4384,379.960992,48765,1
4438,-1,379.972127,48776,1
4439,4385,379.983266,48787,1
4440,4386,379.994402,48798,1
4441,4387,380.005538,48809,1
4442,4388,380.016672,48820,1
4443,4389,380.027809,48831,1
4444,4390,380.038946,48842,1
4445,4391,380.050083,48853,1
4446,4392,380.061217,48864,1
4447,4393,380.072355,48875,1
4448,4394,380.083491,48886,1
4449,4395,380.094628,48897,1
4450,4396,380.105762,48908,1
4451,4397,380.116901,48919,1
4452,4398,380.128037,48930,1
4453,4399,380.139171,48941,1
4454,4400,380.150309,48952,1
4455,4401,380.161446,48963,1
4456,4402,380.172581,48974,1
4457,4403,380.183715,48985,1
4458,4404,380.194854,48996,1
4459,4405,380.205990,49007,1
4460,4406,380.217124,49018,1
4461,4407,380.228261,49029,1
4462,4408,380.239397,49040,1
4463,4409,380.250535,49051,1
4464,4410,380.261671,49062,1
4465,4411,380.272807,49073,1
4466,4412,380.283944,49084,1
4467,4413,380.295080,49095,1
4468,4414,380.306215,49106,1
4469,4415,380.317350,49117,1
4470,4416,380.328489,49128,1
4471,4417,380.339624,49139,1
4472,4418,380.350761,49150,1
4473,4419,380.361896,49161,1
4474,4420,380.373034,49172,1
4475,4421,380.384168,49183,1
4476,4422,380.395306,49194,1
4477,4423,380.406442,49205,1
4478,4424,380.417576,49216,1
4479,4425,380.428712,49227,1
4480,4426,380.438836,49237,1
4481,4427,380.449974,49248,1
4482,4428,380.461110,49259,1
4483,4429,380.472246,49270,1
4484,4430,380.483381,49281,1
4485,4431,380.494520,49292,1
4486,4432,380.505654,49303,1
4487,4433,380.516792,49314,1
4488,4434,380.527928,49325,1
4489,4435,380.539064,49336,1
4490,4436,380.550201,49347,1
4491,4437,380.561337,49358,1
4492,4438,380.572472,49369,1
4493,4439,380.583610,49380,1
4494,4440,380.594746,49391,1
4495,4441,380.605881,49402,1
4496,4442,380.617016,49413,1
4497,4443,380.628154,49424,1
4498,4444,380.639290,49435,1
4499,4445,380.650425,49446,1
4500,4446,380.661564,49457,1
4501,4447,380.672699,49468,1
4502,4448,380.683834,49479,1
4503,4449,380.694971,49490,1
4504,4450,380.706107,49501,1
4505,4451,380.717794,49511,1
4506,4452,380.728379,49522,1
4507,4453,380.739515,49533,1
4508,4454,380.750652,49544,1
4509,4455,380.761787,49555,1
4510,4456,380.772925,49566,1
4511,4457,380.784062,49577,1
4512,4458,380.795196,49588,1
4513,4459,380.806333,49599,1
4514,-1,380.817469,49610,1
4515,4460,380.828604,49621,1
4516,4461,380.839743,49632,1
4517,4462,380.850877,49643,1
4518,4463,380.862015,49654,1
4519,4464,380.873150,49665,1
4520,4465,380.884287,49676,1
4521,4466,380.895422,49687,1
4522,4467,380.906559,49698,1
4523,4468,380.917694,49709,1
4524,4469,380.928833,49720,1
4525,4470,380.939968,49731,1
4526,4471,380.951104,49742,1
4527,4472,380.962241,49753,1
4528,4473,380.973378,49764,1
4529,4474,380.984514,49775,1
4530,4475,380.995650,49786,1
4531,4476,381.006786,49797,1
4532,4477,381.017920,49808,1
4533,4478,381.029058,49819,1
4534,4479,381.040194,49830,1
4535,4480,381.051331,49841,1
4536,4481,381.062465,49852,1
4537,4482,381.073602,49863,1
4538,-1,381.084740,49874,1
4539,4483,381.095874,49885,1
4540,-1,381.107011,49896,1
4541,4484,381.118146,49907,1
4542,4485,381.129285,49918,1
4543,4486,381.140419,49929,1
4544,4487,381.151556,49940,1
4545,4488,381.162691,49951,1
4546,4489,381.173830,49962,1
4547,4490,381.184964,49973,1
4548,4491,381.196102,49984,1
4549,4492,381.207237,49995,1
4550,4493,381.218374,50006,1
4551,4494,381.229511,50017,1
4552,4495,381.240645,50028,1
4553,4496,381.251783,50039,1
4554,4497,381.262919,50050,1
4555,4498,381.274055,50061,1
4556,4499,381.285190,50072,1
4557,4500,381.296327,50083,1
4558,4501,381.307464,50094,1
4559,4502,381.318601,50105,1
4560,4503,381.329737,50116,1
4561,4504,381.340873,50127,1
4562,4505,381.352009,50138,1
4563,4506,381.363143,50149,1
4564,4507,381.374282,50160,1
4565,4508,381.385417,50171,1
4566,4509,381.396554,50182,1
4567,4510,381.407690,50193,1
4568,4511,381.418827,50204,1
4569,4512,381.429963,50215,1
4570,4513,381.441105,50226,1
4571,4514,381.452235,50237,1
4572,4515,381.463370,50248,1
4573,4516,381.474507,50259,1
4574,4517,381.485643,50270,1
4575,4518,381.496778,50281,1
4576,4519,381.507915,50292,1
4577,4520,381.519053,50303,1
4578,4521,381.530189,50314,1
4579,4522,381.541323,50325,1
4580,4523,381.552461,50336,1
4581,4524,381.563597,50347,1
4582,4525,381.574734,50358,1
4583,4526,381.585870,50369,1
4584,4527,381.597007,50380,1
4585,4528,381.608141,50391,1
4586,4529,381.619279,50402,1
4587,4530,381.630415,50413,1
4588,4531,381.641549,50424,1
4589,4532,381.652685,50435,1
4590,4533,381.663824,50446,1
4591,4534,381.674959,50457,1
4592,4535,381.686102,50468,1
4593,4536,381.697232,50479,1
4594,4537,381.708368,50490,1
4595,4538,381.719505,50501,1
4596,4539,381.730641,50512,1
4597,4540,381.741775,50523,1
4598,4541,381.752912,50534,1
4599,4542,381.764048,50545,1
4600,-1,381.774174,50555,1
4601,4543,381.785309,50566,1
4602,4544,381.796444,50577,1
4603,4545,381.807582,50588,1
4604,4546,381.818718,50599,1
4605,4547,381.829853,50610,1
4606,4548,381.840991,50621,1
4607,4549,381.852127,50632,1
4608,4550,381.863264,50643,1
4609,4551,381.874400,50654,1
4610,4552,381.885534,50665,1
4611,4553,381.896670,50676,1
4612,4554,381.907808,50687,1
4613,4555,381.918945,50698,1
4614,4556,381.930081,50709,1
4615,4557,381.941216,50720,1
4616,4558,381.952353,50731,1
4617,4559,381.963490,50742,1
4618,4560,381.974625,50753,1
4619,4561,381.985761,50764,1
4620,4562,381.996896,50775,1
4621,4563,382.008032,50786,1
4622,4564,382.019169,50797,1
4623,4565,382.030306,50808,1
4624,4566,382.041442,50819,1
4625,4567,382.052579,50830,1
4626,4568,382.063714,50841,1
4627,4569,382.074852,50852,1
4628,4570,382.085987,50863,1
4629,4571,382.097124,50874,1
4630,4572,382.108261,50885,1
4631,4573,382.119396,50896,1
4632,4574,382.130531,50907,1
4633,4575,382.141669,50918,1
4634,4576,382.152803,50929,1
4635,4577,382.163941,50940,1
4636,4578,382.175078,50951,1
4637,4579,382.186214,50962,1
4638,4580,382.197348,50973,1
4639,4581,382.208486,50984,1
4640,4582,382.219621,50995,1
4641,4583,382.230757,51006,1
4642,4584,382.241896,51017,1
4643,4585,382.253032,51028,1
4644,4586,382.264167,51039,1
4645,4587,382.275303,51050,1
4646,4588,382.286441,51061,1
4647,4589,382.297577,51072,1
4648,4590,382.308711,51083,1
4649,4591,382.319847,51094,1
4650,4592,382.330984,51105,1
4651,4593,382.342119,51116,1
4652,4594,382.353257,51127,1
4653,4595,382.364393,51138,1
4654,4596,382.375528,51149,1
4655,4597,382.386667,51160,1
4656,4598,382.397801,51171,1
4657,4599,382.408937,51182,1
4658,4600,382.420076,51193,1
4659,4601,382.431210,51204,1
4660,4602,382.442346,51215,1
4661,4603,382.453484,51226,1
4662,4604,382.464618,51237,1
4663,4605,382.475755,51248,1
4664,4606,382.486892,51259,1
4665,4607,382.498027,51270,1
4666,4608,382.509165,51281,1
4667,4609,382.520299,51292,1
4668,4610,382.531435,51303,1
4669,4611,382.542572,51314,1
4670,4612,382.553709,51325,1
4671,4613,382.564844,51336,1
4672,-1,382.575982,51347,1
4673,4614,382.587118,51358,1
4674,4615,382.598255,51369,1
4675,4616,382.609389,51380,1
4676,4617,382.620525,51391,1
4677,4618,382.631662,51402,1
4678,4619,382.642799,51413,1
4679,4620,382.653935,51424,1
4680,4621,382.665072,51435,1
4681,4622,382.676209,51446,1
4682,4623,382.687344,51457,1
4683,4624,382.698479,51468,1
4684,4625,382.709615,51479,1
4685,4626,382.720754,51490,1
4686,4627,382.731889,51501,1
4687,4628,382.743025,51512,1
4688,4629,382.754161,51523,1
4689,4630,382.765299,51534,1
4690,4631,382.776432,51545,1
4691,4632,382.787570,51556,1
4692,4633,382.798706,51567,1
4693,4634,382.809843,51578,1
4694,4635,382.820979,51589,1
4695,4636,382.832115,51600,1
4696,4637,382.843252,51611,1
4697,4638,382.854388,51622,1
4698,4639,382.865525,51633,1
4699,4640,382.876661,51644,1
4700,4641,382.887796,51655,1
4701,4642,382.898931,51666,1
4702,4643,382.910069,51677,1
4703,4644,382.921205,51688,1
4704,4645,382.932341,51699,1
4705,4646,382.943477,51710,1
4706,4647,382.954612,51721,1
4707,4648,382.965750,51732,1
4708,4649,382.976885,51743,1
4709,4650,382.988021,51754,1
4710,4651,382.999157,51765,1
4711,4652,383.010294,51776,1
4712,4653,383.021432,51787,1
4713,4654,383.032567,51798,1
4714,4655,383.043704,51809,1
4715,4656,383.054841,51820,1
4716,4657,383.065976,51831,1
4717,4658,383.077110,51842,1
4718,4659,383.088247,51853,1
4719,4660,383.098373,51863,1
4720,4661,383.109508,51874,1
4721,4662,383.120645,51885,1
4722,4663,383.131780,51896,1
4723,4664,383.142918,51907,1
4724,4665,383.154053,51918,1
4725,4666,383.165188,51929,1
4726,4667,383.176327,51940,1
4727,4668,383.187462,51951,1
4728,4669,383.198597,51962,1
4729,4670,383.209735,51973,1
4730,4671,383.220870,51984,1
4731,4672,383.232005,51995,1
4732,4673,383.243144,52006,1
4733,4674,383.254279,52017,1
4734,4675,383.265415,52028,1
4735,4676,383.276553,52039,1
4736,4677,383.287687,52050,1
4737,4678,383.298823,52061,1
4738,4679,383.309962,52072,1
4739,4680,383.321103,52083,1
4740,4681,383.332231,52094,1
4741,4682,383.343370,52105,1
4742,4683,383.354504,52116,1
4743,4684,383.365642,52127,1
4744,4685,383.376777,52138,1
4745,4686,383.387915,52149,1
4746,4687,383.399049,52160,1
4747,4688,383.410187,52171,1
4748,4689,383.421323,52182,1
4749,4690,383.432458,52193,1
4750,4691,383.443596,52204,1
4751,4692,383.454732,52215,1
4752,4693,383.465869,52226,1
4753,4694,383.477005,52237,1
4754,4695,383.488140,52248,1
4755,4696,383.499275,52259,1
4756,4697,383.510412,52270,1
4757,4698,383.521548,52281,1
4758,4699,383.532686,52292,1
4759,4700,383.543822,52303,1
4760,4701,383.554958,52314,1
4761,4702,383.566098,52325,1
4762,4703,383.577231,52336,1
4763,4704,383.588365,52347,1
4764,4705,383.599503,52358,1
4765,4706,383.610637,52369,1
4766,4707,383.621776,52380,1
4767,4708,383.632910,52391,1
4768,4709,383.644047,52402,1
4769,4710,383.655182,52413,1
4770,4711,383.666321,52424,1
4771,4712,383.677457,52435,1
4772,4713,383.688592,52446,1
4773,4714,383.699728,52457,1
4774,4715,383.710866,52468,1
4775,4716,383.722002,52479,1
4776,4717,383.733138,52490,1
4777,4718,383.744272,52501,1
4778,4719,383.755408,52512,1
4779,4720,383.766545,52523,1
4780,4721,383.777681,52534,1
4781,4722,383.788820,52545,1
4782,4723,383.799955,52556,1
4783,4724,383.811098,52567,1
4784,4725,383.822228,52578,1
4785,4726,383.833364,52589,1
4786,4727,383.844498,52600,1
4787,4728,383.855636,52611,1
4788,4729,383.866772,52622,1
4789,4730,383.877908,52633,1
4790,4731,383.889045,52644,1
4791,4732,383.900182,52655,1
4792,4733,383.911318,52666,1
4793,4734,383.922452,52677,1
4794,4735,383.933588,52688,1
4795,4736,383.944725,52699,1
4796,4737,383.955861,52710,1
4797,4738,383.966998,52721,1
4798,4739,383.978135,52732,1
4799,4740,383.989270,52743,1
4800,4741,384.000405,52754,1
4801,4742,384.011544,52765,1
4802,4743,384.022679,52776,1
4803,4744,384.033817,52787,1
4804,4745,384.044953,52798,1
4805,4746,384.056097,52809,1
4806,4747,384.067223,52820,1
4807,4748,384.078361,52831,1
4808,4749,384.089498,52842,1
4809,4750,384.100634,52853,1
4810,4751,384.111769,52864,1
4811,4752,384.122906,52875,1
4812,4753,384.134042,52886,1
4813,4754,384.145177,52897,1
4814,4755,384.156313,52908,1
4815,4756,384.167451,52919,1
4816,-1,384.178587,52930,1
4817,4757,384.189723,52941,1
4818,4758,384.200859,52952,1
4819,4759,384.211996,52963,1
4820,4760,384.223130,52974,1
4821,4761,384.234266,52985,1
4822,4762,384.245403,52996,1
4823,4763,384.256539,53007,1
4824,4764,384.267677,53018,1
4825,-1,384.278812,53029,1
4826,4765,384.289949,53040,1
4827,4766,384.301097,53051,1
4828,4767,384.312222,53062,1
4829,4768,384.323358,53073,1
4830,4769,384.334493,53084,1
4831,4770,384.345629,53095,1
4832,4771,384.356768,53106,1
4833,4772,384.367903,53117,1
4834,4773,384.379039,53128,1
4835,4774,384.390175,53139,1
4836,4775,384.401312,53150,1
4837,4776,384.412447,53161,1
4838,4777,384.423583,53172,1
4839,4778,384.433706,53182,1
4840,4779,384.444845,53193,1
4841,4780,384.455980,53204,1
4842,4781,384.467117,53215,1
4843,4782,384.478252,53226,1
4844,4783,384.489388,53237,1
4845,4784,384.500526,53248,1
4846,4785,384.511660,53259,1
4847,4786,384.522797,53270,1
4848,4787,384.533933,53281,1
4849,4788,384.545071,53292,1
4850,4789,384.556206,53303,1
4851,4790,384.567343,53314,1
4852,4791,384.578480,53325,1
4853,4792,384.589616,53336,1
4854,4793,384.600751,53347,1
4855,4794,384.611886,53358,1
4856,4795,384.623024,53369,1
4857,4796,384.634159,53380,1
4858,4797,384.645295,53391,1
4859,4798,384.656433,53402,1
4860,4799,384.667568,53413,1
4861,4800,384.678705,53424,1
4862,4801,384.689840,53435,1
4863,4802,384.700976,53446,1
4864,4803,384.712114,53457,1
4865,4804,384.723251,53468,1
4866,4805,384.734385,53479,1
4867,4806,384.745523,53490,1
4868,4807,384.756660,53501,1
4869,4808,384.767795,53512,1
4870,4809,384.778932,53523,1
4871,4810,384.790068,53534,1
4872,4811,384.801205,53545,1
4873,4812,384.812341,53556,1
4874,4813,384.823475,53567,1
4875,4814,384.834612,53578,1
4876,4815,384.845748,53589,1
4877,4816,384.856885,53600,1
4878,4817,384.868022,53611,1
4879,4818,384.879156,53622,1
4880,4819,384.890292,53633,1
4881,4820,384.901431,53644,1
4882,4821,384.912567,53655,1
4883,4822,384.923704,53666,1
4884,4823,384.934838,53677,1
4885,4824,384.945973,53688,1
4886,4825,384.957112,53699,1
4887,4826,384.968247,53710,1
4888,4827,384.979384,53721,1
4889,4828,384.990520,53732,1
4890,4829,385.001654,53743,1
4891,4830,385.012792,53754,1
4892,4831,385.023929,53765,1
4893,4832,385.035063,53776,1
4894,4833,385.046199,53787,1
4895,4834,385.057336,53798,1
4896,4835,385.068474,53809,1
4897,4836,385.079608,53820,1
4898,4837,385.090746,53831,1
4899,4838,385.101881,53842,1
4900,4839,385.113019,53853,1
4901,4840,385.124153,53864,1
4902,4841,385.135291,53875,1
4903,4842,385.146427,53886,1
4904,4843,385.157564,53897,1
4905,4844,385.168699,53908,1
4906,4845,385.179836,53919,1
4907,4846,385.190971,53930,1
4908,4847,385.202107,53941,1
4909,4848,385.213243,53952,1
4910,4849,385.224379,53963,1
4911,4850,385.235518,53974,1
4912,4851,385.246653,53985,1
4913,4852,385.257789,53996,1
4914,4853,385.268927,54007,1
4915,4854,385.280062,54018,1
4916,4855,385.291198,54029,1
4917,4856,385.302333,54040,1
4918,4857,385.313471,54051,1
4919,4858,385.324608,54062,1
4920,4859,385.335743,54073,1
4921,4860,385.346880,54084,1
4922,4861,385.358016,54095,1
4923,4862,385.369150,54106,1
4924,4863,385.380289,54117,1
4925,4864,385.391423,54128,1
4926,4865,385.402562,54139,1
4927,4866,385.413695,54150,1
4928,4867,385.424833,54161,1
4929,4868,385.435968,54172,1
4930,4869,385.447104,54183,1
4931,4870,385.458242,54194,1
4932,4871,385.469379,54205,1
4933,4872,385.480514,54216,1
4934,4873,385.491651,54227,1
4935,4874,385.502786,54238,1
4936,4875,385.513923,54249,1
4937,4876,385.525058,54260,1
4938,4877,385.536193,54271,1
4939,4878,385.547331,54282,1
4940,4879,385.558468,54293,1
4941,4880,385.569605,54304,1
4942,4881,385.580739,54315,1
4943,4882,385.591875,54326,1
4944,4883,385.603011,54337,1
4945,4884,385.614148,54348,1
4946,4885,385.625284,54359,1
4947,4886,385.636422,54370,1
4948,4887,385.647556,54381,1
4949,4888,385.658694,54392,1
4950,4889,385.669828,54403,1
4951,4890,385.680965,54414,1
4952,4891,385.692103,54425,1
4953,4892,385.703237,54436,1
4954,4893,385.714374,54447,1
4955,4894,385.725511,54457,1
4956,4895,385.736647,54468,1
4957,4896,385.747784,54479,1
4958,4897,385.758920,54490,1
4959,4898,385.769045,54500,1
4960,4899,385.780181,54511,1
4961,4900,385.791317,54522,1
4962,4901,385.802451,54533,1
4963,4902,385.813588,54544,1
4964,4903,385.824725,54555,1
4965,4904,385.835860,54566,1
4966,4905,385.846997,54577,1
4967,4906,385.858132,54588,1
4968,4907,385.869269,54599,1
4969,4908,385.880407,54610,1
4970,-1,385.891541,54621,1
4971,4909,385.902678,54632,1
4972,4910,385.913813,54643,1
4973,4911,385.924951,54654,1
4974,4912,385.936097,54665,1
4975,4913,385.947223,54676,1
4976,4914,385.958360,54687,1
4977,4915,385.969496,54698,1
4978,4916,385.980631,54709,1
4979,4917,385.991768,54720,1
4980,4918,386.002904,54731,1
4981,4919,386.014041,54742,1
4982,4920,386.025177,54753,1
4983,4921,386.036312,54764,1
4984,4922,386.047449,54775,1
4985,4923,386.058584,54786,1
4986,4924,386.069723,54797,1
4987,4925,386.080858,54808,1
4988,4926,386.091994,54819,1
4989,4927,386.103129,54830,1
4990,4928,386.114265,54841,1
4991,4929,386.125403,54852,1
4992,4930,386.136539,54863,1
4993,4931,386.147674,54874,1
4994,4932,386.158812,54885,1
4995,4933,386.169947,54896,1
4996,4934,386.181084,54907,1
4997,4935,386.192220,54918,1
4998,4936,386.203358,54929,1
4999,4937,386.214493,54940,1
5000,4938,386.225630,54951,1
5001,4939,386.236767,54962,1
5002,4940,386.247903,54973,1
5003,4941,386.259039,54984,1
5004,4942,386.270173,54995,1
5005,4943,386.281311,55006,1
5006,4944,386.292446,55017,1
5007,4945,386.303583,55028,1
5008,4946,386.314720,55039,1
5009,4947,386.325854,55050,1
5010,4948,386.336992,55061,1
5011,4949,386.348126,55072,1
5012,4950,386.359264,55083,1
5013,4951,386.370399,55094,1
5014,4952,386.381537,55105,1
5015,4953,386.392673,55116,1
5016,4954,386.403807,55127,1
5017,4955,386.414944,55138,1
5018,4956,386.426082,55149,1
5019,4957,386.437219,55160,1
5020,4958,386.448355,55171,1
5021,4959,386.459491,55182,1
5022,4960,386.470625,55193,1
5023,4961,386.481762,55204,1
5024,4962,386.492900,55215,1
5025,4963,386.504036,55226,1
5026,4964,386.515171,55237,1
5027,4965,386.526308,55248,1
5028,4966,386.537444,55259,1
5029,4967,386.548579,55270,1
5030,4968,386.559716,55281,1
5031,4969,386.570852,55292,1
5032,4970,386.581988,55303,1
5033,4971,386.593126,55314,1
5034,4972,386.604260,55325,1
5035,4973,386.615398,55336,1
5036,4974,386.626535,55347,1
5037,4975,386.637669,55358,1
5038,4976,386.648807,55369,1
5039,4977,386.659942,55380,1
5040,4978,386.671080,55391,1
5041,4980,386.682215,55402,1
5042,-1,386.693351,55413,1
5043,4981,386.704487,55424,1
5044,4982,386.715624,55435,1
5045,4983,386.726760,55446,1
5046,4984,386.737895,55457,1
5047,4985,386.749033,55468,1
5048,4986,386.760170,55479,1
5049,4987,386.771305,55490,1
5050,4988,386.782442,55501,1
5051,4989,386.793578,55512,1
5052,4990,386.804713,55523,1
5053,4991,386.815850,55534,1
5054,4992,386.826986,55545,1
5055,4993,386.838123,55556,1
5056,4994,386.849259,55567,1
5057,4995,386.860395,55578,1
5058,4996,386.871529,55589,1
5059,4997,386.882666,55600,1
5060,4998,386.893803,55611,1
5061,4999,386.904941,55622,1
5062,5000,386.916076,55633,1
5063,5001,386.927213,55644,1
5064,5002,386.938349,55655,1
5065,5003,386.949485,55666,1
5066,5004,386.960622,55677,1
5067,5005,386.971756,55688,1
5068,5006,386.982893,55699,1
5069,5007,386.994029,55710,1
5070,5008,387.005164,55721,1
5071,5009,387.016300,55732,1
5072,5010,387.027437,55743,1
5073,5011,387.038575,55754,1
5074,5012,387.049709,55765,1
5075,5013,387.060848,55776,1
5076,5014,387.071983,55787,1
5077,5015,387.083118,55798,1
5078,5016,387.094257,55809,1
5079,5017,387.104378,55819,1
5080,5018,387.115517,55830,1
5081,5019,387.126650,55841,1
5082,5020,387.137787,55852,1
5083,5021,387.148925,55863,1
5084,5022,387.160061,55874,1
5085,5023,387.171198,55885,1
5086,5024,387.182334,55896,1
5087,5025,387.193469,55907,1
5088,5026,387.204606,55918,1
5089,5027,387.215743,55929,1
5090,5028,387.226877,55940,1
5091,5029,387.238013,55951,1
5092,5030,387.249149,55962,1
5093,5031,387.260285,55973,1
5094,5032,387.271422,55984,1
5095,5033,387.282558,55995,1
5096,5034,387.293696,56006,1
5097,5035,387.304831,56017,1
5098,5036,387.315968,56028,1
5099,5037,387.327105,56039,1
5100,5038,387.338239,56050,1
5101,5039,387.349378,56061,1
5102,5040,387.360514,56072,1
5103,5041,387.371648,56083,1
5104,5042,387.382785,56094,1
5105,5043,387.393920,56105,1
5106,5044,387.405056,56116,1
5107,5045,387.416194,56127,1
5108,5046,387.427329,56138,1
5109,5047,387.438467,56149,1
5110,5048,387.449604,56160,1
5111,5049,387.460738,56171,1
5112,5050,387.471875,56182,1
5113,5051,387.483011,56193,1
5114,5052,387.494147,56204,1
5115,5053,387.505283,56215,1
5116,5054,387.516421,56226,1
5117,5055,387.527557,56237,1
5118,5056,387.538691,56248,1
5119,5057,387.549828,56259,1
5120,5058,387.560964,56270,1
5121,5059,387.572100,56281,1
5122,5060,387.583238,56292,1
5123,5061,387.594375,56303,1
5124,5062,387.605509,56314,1
5125,5063,387.616647,56325,1
5126,5064,387.627783,56336,1
5127,5065,387.638917,56347,1
5128,5066,387.650054,56358,1
5129,5067,387.661191,56369,1
5130,5068,387.672328,56380,1
5131,5069,387.683465,56391,1
5132,5070,387.694601,56402,1
5133,5071,387.705737,56413,1
5134,5072,387.716874,56424,1
5135,5073,387.728010,56435,1
5136,5074,387.739146,56446,1
5137,5075,387.750280,56457,1
5138,5076,387.761416,56468,1
5139,5077,387.772553,56479,1
5140,5078,387.783691,56490,1
5141,5079,387.794826,56501,1
5142,5080,387.805962,56512,1
5143,5081,387.817103,56523,1
5144,5082,387.828236,56534,1
5145,5083,387.839372,56545,1
5146,5084,387.850508,56556,1
5147,5085,387.861644,56567,1
5148,5086,387.872779,56578,1
5149,5087,387.883916,56589,1
5150,5088,387.895051,56600,1
5151,5089,387.906187,56611,1
5152,5090,387.917324,56622,1
5153,5091,387.928462,56633,1
5154,5092,387.939596,56644,1
5155,5093,387.950734,56655,1
5156,5094,387.961871,56666,1
5157,5095,387.973005,56677,1
5158,5096,387.984142,56688,1
5159,5097,387.995279,56699,1
5160,5098,388.006415,56710,1
5161,5099,388.017552,56721,1
5162,5100,388.028687,56732,1
5163,5101,388.039822,56743,1
5164,5102,388.050958,56754,1
5165,5103,388.062102,56765,1
5166,5104,388.073231,56776,1
5167,5105,388.084368,56787,1
5168,5106,388.095504,56798,1
5169,5107,388.106639,56809,1
5170,5108,388.117778,56820,1
5171,5109,388.128914,56831,1
5172,5110,388.140048,56842,1
5173,5111,388.151187,56853,1
5174,5112,388.162321,56864,1
5175,5113,388.173458,56875,1
5176,5114,388.184595,56886,1
5177,5115,388.195732,56897,1
5178,5116,388.206865,56908,1
5179,5117,388.218003,56919,1
5180,5118,388.229140,56930,1
5181,5119,388.240274,56941,1
5182,5120,388.251413,56952,1
5183,5121,388.262549,56963,1
5184,5122,388.273685,56974,1
5185,5123,388.284822,56985,1
5186,5124,388.295957,56996,1
5187,5125,388.307099,57007,1
5188,5126,388.318228,57018,1
5189,5127,388.329367,57029,1
5190,5128,388.340501,57040,1
5191,5129,388.351637,57051,1
5192,5130,388.362774,57062,1
5193,5131,388.373910,57073,1
5194,-1,388.385047,57084,1
5195,5132,388.396183,57095,1
5196,5133,388.407320,57106,1
5197,5134,388.418456,57117,1
5198,5135,388.428578,57127,1
5199,5136,388.439714,57138,1
5200,5137,388.450853,57149,1
5201,5138,388.461987,57160,1
5202,5139,388.473124,57171,1
5203,5140,388.484261,57182,1
5204,5141,388.495395,57193,1
5205,5142,388.506533,57204,1
5206,5143,388.517669,57215,1
5207,5144,388.528805,57226,1
5208,5145,388.539942,57237,1
5209,5146,388.551078,57248,1
5210,5147,388.562213,57259,1
5211,5148,388.573351,57270,1
5212,5149,388.584485,57281,1
5213,5150,388.595621,57292,1
5214,5151,388.606758,57303,1
5215,5152,388.617896,57314,1
5216,5153,388.629031,57325,1
5217,5154,388.640167,57336,1
5218,5155,388.651303,57347,1
5219,5156,388.662441,57358,1
5220,5157,388.673576,57369,1
5221,5158,388.684714,57380,1
5222,5159,388.695848,57391,1
5223,5160,388.706985,57402,1
5224,5161,388.718122,57413,1
5225,5162,388.729259,57424,1
5226,5163,388.740395,57435,1
5227,5164,388.751530,57446,1
5228,5165,388.762667,57457,1
5229,5166,388.773804,57468,1
5230,5167,388.784938,57479,1
5231,5168,388.796076,57490,1
5232,5169,388.807212,57501,1
5233,5170,388.818347,57512,1
5234,5171,388.829485,57523,1
5235,5172,388.840619,57534,1
5236,5173,388.851757,57545,1
5237,5174,388.862894,57556,1
5238,5175,388.874028,57567,1
5239,5176,388.885164,57578,1
5240,5177,388.896301,57589,1
5241,5178,388.907436,57600,1
5242,5179,388.918575,57611,1
5243,5180,388.929710,57622,1
5244,5181,388.940845,57633,1
5245,5182,388.951983,57644,1
5246,5183,388.963118,57655,1
5247,5184,388.974256,57666,1
5248,5185,388.985392,57677,1
5249,5186,388.996526,57688,1
5250,5187,389.007664,57699,1
5251,5188,389.018800,57710,1
5252,5189,389.029936,57721,1
5253,5190,389.041073,57732,1
5254,5191,389.052209,57743,1
5255,5192,389.063343,57754,1
5256,5193,389.074481,57765,1
5257,5194,389.085618,57776,1
5258,5195,389.096754,57787,1
5259,5196,389.107890,57798,1
5260,5197,389.119025,57809,1
5261,5198,389.130163,57820,1
5262,5199,389.141300,57831,1
5263,5200,389.152436,57842,1
5264,5201,389.163571,57853,1
5265,5202,389.174708,57864,1
5266,5203,389.185844,57875,1
5267,5204,389.196978,57886,1
5268,5205,389.208117,57897,1
5269,5206,389.219251,57908,1
5270,5207,389.230389,57919,1
5271,5208,389.241525,57930,1
5272,5209,389.252660,57941,1
5273,5210,389.263797,57952,1
5274,5211,389.274934,57963,1
5275,5212,389.286069,57974,1
5276,5213,389.297206,57985,1
5277,5214,389.308342,57996,1
5278,5215,389.319477,58007,1
5279,5216,389.330615,58018,1
5280,5217,389.341750,58029,1
5281,5218,389.352888,58040,1
5282,5219,389.364023,58051,1
5283,5220,389.375160,58062,1
5284,5221,389.386296,58073,1
5285,5222,389.397433,58084,1
5286,5223,389.408567,58095,1
5287,5224,389.419703,58106,1
5288,5225,389.430839,58117,1
5289,5226,389.441976,58128,1
5290,5227,389.453113,58139,1
5291,5228,389.464249,58150,1
5292,5229,389.475387,58161,1
5293,5230,389.486522,58172,1
5294,5231,389.497657,58183,1
5295,5232,389.508796,58194,1
5296,5233,389.519931,58205,1
5297,5234,389.531067,58216,1
5298,5235,389.542202,58227,1
5299,5236,389.553338,58238,1
5300,5237,389.564474,58249,1
5301,5238,389.575612,58260,1
5302,5239,389.586747,58271,1
5303,5240,389.597884,58282,1
5304,5241,389.609022,58293,1
5305,5242,389.620158,58304,1
5306,5243,389.631294,58315,1
5307,5244,389.642428,58326,1
5308,5245,389.653566,58337,1
5309,5246,389.664702,58348,1
5310,5247,389.675838,58359,1
5311,5248,389.686975,58370,1
5312,5249,389.698111,58381,1
5313,5250,389.709247,58392,1
5314,5251,389.720381,58403,1
5315,5252,389.731518,58414,1
5316,5253,389.742654,58425,1
5317,5254,389.753791,58436,1
5318,5255,389.763915,58446,1
5319,5256,389.775053,58457,1
5320,5257,389.786187,58468,1
5321,5258,389.797325,58479,1
5322,5259,389.808462,58490,1
5323,5260,389.819597,58501,1
5324,5261,389.830734,58512,1
5325,5262,389.841870,58523,1
5326,5263,389.853005,58534,1
5327,5264,389.864143,58545,1
5328,5265,389.875279,58556,1
5329,5266,389.886414,58567,1
5330,5267,389.897552,58578,1
5331,5268,389.908688,58589,1
5332,5269,389.919823,58600,1
5333,5270,389.930958,58611,1
5334,5271,389.942101,58622,1
5335,5272,389.953232,58633,1
5336,5273,389.964368,58644,1
5337,5274,389.975505,58655,1
5338,5275,389.986641,58666,1
5339,5276,389.997775,58677,1
5340,5277,390.008913,58688,1
5341,5278,390.020048,58699,1
5342,5279,390.031184,58710,1
5343,5280,390.042320,58721,1
5344,5281,390.053458,58732,1
5345,5282,390.064592,58743,1
5346,5283,390.075729,58754,1
5347,5284,390.086866,58765,1
5348,5285,390.098001,58776,1
5349,5286,390.109140,58787,1
5350,5287,390.120274,58798,1
5351,5288,390.131410,58809,1
5352,5289,390.142548,58820,1
5353,5290,390.153684,58831,1
5354,5291,390.164820,58842,1
5355,5292,390.175956,58853,1
5356,5293,390.187100,58864,1
5357,5294,390.198230,58875,1
5358,5295,390.209364,58886,1
5359,5296,390.220501,58897,1
5360,5297,390.231637,58908,1
5361,5298,390.242774,58919,1
5362,5299,390.253908,58930,1
5363,5300,390.265046,58941,1
5364,5301,390.276183,58952,1
5365,5302,390.287320,58963,1
5366,5303,390.298453,58974,1
5367,5304,390.309592,58985,1
5368,5305,390.320728,58996,1
5369,5306,390.331862,59007,1
5370,5307,390.343000,59018,1
5371,5308,390.354136,59029,1
5372,5309,390.365273,59040,1
5373,5310,390.376409,59051,1
5374,5311,390.387543,59062,1
5375,5312,390.398680,59073,1
5376,5313,390.409818,59084,1
5377,5314,390.420953,59095,1
5378,5315,390.432097,59106,1
5379,5316,390.443224,59117,1
5380,5317,390.454362,59128,1
5381,5318,390.465497,59139,1
5382,5319,390.476635,59150,1
5383,5320,390.487769,59161,1
5384,5321,390.498906,59172,1
5385,5322,390.510043,59183,1
5386,5323,390.521180,59194,1
5387,5324,390.532314,59205,1
5388,5325,390.543453,59216,1
5389,5326,390.554589,59227,1
5390,5327,390.565725,59238,1
5391,5328,390.576861,59249,1
5392,5329,390.587995,59260,1
5393,5330,390.599132,59271,1
5394,5331,390.610269,59282,1
5395,5332,390.621405,59293,1
5396,5333,390.632541,59304,1
5397,5334,390.643678,59315,1
5398,5335,390.654813,59326,1
5399,5336,390.665950,59337,1
5400,5337,390.677098,59348,1
5401,5338,390.688224,59359,1
5402,5339,390.699360,59370,1
5403,5340,390.710497,59381,1
5404,5341,390.721632,59391,1
5405,5342,390.732769,59402,1
5406,5343,390.743904,59413,1
5407,5344,390.755039,59424,1
5408,5345,390.766178,59435,1
5409,5346,390.777313,59446,1
5410,5347,390.788450,59457,1
5411,5348,390.799585,59468,1
5412,5349,390.810722,59479,1
5413,5350,390.821859,59490,1
5414,5351,390.832993,59501,1
5415,5352,390.844131,59512,1
5416,5353,390.855267,59523,1
5417,5354,390.866403,59534,1
5418,5355,390.877538,59545,1
5419,5356,390.888675,59556,1
5420,5357,390.899812,59567,1
5421,5358,390.910948,59578,1
5422,5359,390.922083,59589,1
5423,5360,390.933220,59600,1
5424,5361,390.944357,59611,1
5425,5362,390.955492,59622,1
5426,5363,390.966627,59633,1
5427,5364,390.977766,59644,1
5428,5365,390.988900,59655,1
5429,5366,391.000036,59666,1
5430,5367,391.011173,59677,1
5431,5368,391.022309,59688,1
5432,5369,391.033446,59699,1
5433,5370,391.044584,59710,1
5434,5371,391.055717,59721,1
5435,5372,391.066854,59732,1
5436,5373,391.077991,59743,1
5437,5374,391.089128,59754,1
5438,5375,391.099252,59764,1
5439,5376,391.110386,59775,1
5440,5377,391.121523,59786,1
5441,5378,391.132661,59797,1
5442,5379,391.143795,59808,1
5443,5380,391.154931,59819,1
5444,5381,391.166069,59830,1
5445,5382,391.177206,59841,1
5446,5383,391.188341,59852,1
5447,5384,391.199476,59863,1
5448,5385,391.210615,59874,1
5449,5386,391.221749,59885,1
5450,5387,391.232886,59896,1
5451,5388,391.244021,59907,1
5452,5389,391.255159,59918,1
5453,5390,391.266294,59929,1
5454,5391,391.277430,59940,1
5455,5392,391.288566,59951,1
5456,5393,391.299704,59962,1
5457,5394,391.310839,59973,1
5458,5395,391.321975,59984,1
5459,5396,391.333113,59995,1
5460,5397,391.344250,60006,1
5461,5398,391.355384,60017,1
5462,5399,391.366521,60028,1
5463,5400,391.377657,60039,1
5464,5401,391.388794,60050,1
5465,5402,391.399931,60061,1
5466,5403,391.411066,60072,1
5467,5404,391.422203,60083,1
5468,5405,391.433339,60094,1
5469,5406,391.444475,60105,1
5470,5407,391.455610,60116,1
5471,5408,391.466746,60127,1
5472,5409,391.477882,60138,1
5473,5410,391.489018,60149,1
5474,5411,391.500154,60160,1
5475,5412,391.511292,60171,1
5476,5413,391.522429,60182,1
5477,5414,391.533566,60193,1
5478,5415,391.544701,60204,1
5479,5416,391.555836,60215,1
5480,5417,391.566973,60226,1
5481,5418,391.578110,60237,1
5482,5419,391.589247,60248,1
5483,5420,391.600381,60259,1
5484,5421,391.611519,60270,1
5485,5422,391.622654,60281,1
5486,5423,391.633789,60292,1
5487,5424,391.644928,60303,1
5488,5425,391.656064,60314,1
5489,5426,391.667201,60325,1
5490,5427,391.678337,60336,1
5491,5428,391.689471,60347,1
5492,5429,391.700609,60358,1
5493,5430,391.711746,60369,1
5494,5431,391.722881,60380,1
5495,5432,391.734018,60391,1
5496,5433,391.745155,60402,1
5497,5434,391.756290,60413,1
5498,5435,391.767427,60424,1
5499,5436,391.778561,60435,1
5500,5437,391.789697,60446,1
5501,5438,391.800833,60457,1
5502,5439,391.811972,60468,1
5503,5440,391.823108,60479,1
5504,5441,391.834243,60490,1
5505,5442,391.845379,60501,1
5506,5443,391.856514,60512,1
5507,5444,391.867651,60523,1
5508,5445,391.878787,60534,1
5509,5446,391.889923,60545,1
5510,5447,391.901062,60556,1
5511,5448,391.912197,60567,1
5512,5449,391.923334,60578,1
5513,5450,391.934470,60589,1
5514,5451,391.945604,60600,1
5515,5452,391.956740,60611,1
5516,5453,391.967879,60622,1
5517,5454,391.979015,60633,1
5518,5455,391.990150,60644,1
5519,5456,392.001288,60655,1
5520,5457,392.012423,60666,1
5521,5458,392.023560,60677,1
5522,5459,392.034694,60688,1
5523,5460,392.045833,60699,1
5524,5461,392.056967,60710,1
5525,5462,392.068103,60721,1
5526,5463,392.079239,60732,1
5527,5464,392.090376,60743,1
5528,5465,392.101513,60754,1
5529,5466,392.112649,60765,1
5530,5467,392.123786,60776,1
5531,5468,392.134922,60787,1
5532,5469,392.146058,60798,1
5533,5470,392.157195,60809,1
5534,5471,392.168331,60820,1
5535,5472,392.179467,60831,1
5536,5473,392.190603,60842,1
5537,5474,392.201738,60853,1
5538,5475,392.212875,60864,1
5539,5476,392.224010,60875,1
5540,5477,392.235148,60886,1
5541,5478,392.246284,60897,1
5542,5479,392.257420,60908,1
5543,5480,392.268557,60919,1
5544,5481,392.279694,60930,1
5545,5482,392.290829,60941,1
5546,5483,392.301965,60952,1
5547,5484,392.313101,60963,1
5548,5485,392.324238,60974,1
5549,5486,392.335374,60985,1
5550,5487,392.346510,60996,1
5551,5488,392.357647,61007,1
5552,5489,392.368784,61018,1
5553,5490,392.379918,61029,1
5554,5491,392.391055,61040,1
5555,5492,392.402191,61051,1
5556,5493,392.413327,61062,1
5557,5494,392.424463,61073,1
5558,5495,392.434588,61083,1
5559,5496,392.445722,61094,1
5560,5497,392.456859,61105,1
5561,5498,392.467997,61116,1
5562,5499,392.479134,61127,1
5563,5500,392.490269,61138,1
5564,5501,392.501404,61149,1
5565,5502,392.512540,61160,1
5566,5503,392.523678,61171,1
5567,5504,392.534815,61182,1
5568,5505,392.545950,61193,1
5569,5506,392.557096,61204,1
5570,5507,392.568223,61215,1
5571,5508,392.579357,61226,1
5572,5509,392.590494,61237,1
5573,5510,392.601632,61248,1
5574,5511,392.612768,61259,1
5575,5512,392.623904,61270,1
5576,5513,392.635041,61281,1
5577,5514,392.646177,61292,1
5578,5515,392.657311,61303,1
5579,5516,392.668448,61314,1
5580,5517,392.679585,61325,1
5581,5518,392.690720,61336,1
5582,5519,392.701858,61347,1
5583,5520,392.712995,61358,1
5584,5521,392.724130,61369,1
5585,5522,392.735267,61380,1
5586,5523,392.746403,61391,1
5587,5524,392.757540,61402,1
5588,5525,392.768676,61413,1
5589,5526,392.779810,61424,1
5590,5527,392.790948,61435,1
5591,5528,392.802084,61446,1
5592,5529,392.813219,61457,1
5593,5530,392.824357,61468,1
5594,5531,392.835492,61479,1
5595,5532,392.846629,61490,1
5596,5533,392.857763,61501,1
5597,5534,392.868901,61512,1
5598,5535,392.880038,61523,1
5599,5536,392.891173,61534,1
5600,5537,392.902310,61545,1
5601,5538,392.913446,61556,1
5602,5539,392.924582,61567,1
5603,5540,392.935717,61578,1
5604,5541,392.946853,61589,1
5605,5542,392.957991,61600,1
5606,5543,392.969128,61611,1
5607,5544,392.980263,61622,1
5608,5545,392.991398,61633,1
5609,5546,393.002537,61644,1
5610,5547,393.013671,61655,1
5611,5548,393.024807,61666,1
5612,5549,393.035946,61677,1
5613,5550,393.047082,61688,1
5614,5551,393.058216,61699,1
5615,5552,393.069352,61710,1
5616,5553,393.080491,61721,1
5617,5554,393.091627,61732,1
5618,5555,393.102763,61743,1
5619,5556,393.113899,61754,1
5620,5557,393.125035,61765,1
5621,5558,393.136171,61776,1
5622,5559,393.147307,61787,1
5623,5560,393.158442,61798,1
5624,5561,393.169579,61809,1
5625,5562,393.180714,61820,1
5626,5563,393.191852,61831,1
5627,5564,393.202987,61842,1
5628,5565,393.214125,61853,1
5629,5566,393.225259,61864,1
5630,5567,393.236396,61875,1
5631,5568,393.247534,61886,1
5632,5569,393.258668,61897,1
5633,5570,393.269806,61908,1
5634,5571,393.280942,61919,1
5635,5572,393.292079,61930,1
5636,5573,393.303213,61941,1
5637,5574,393.314349,61952,1
5638,5575,393.325485,61963,1
5639,5576,393.336623,61974,1
5640,5577,393.347760,61985,1
5641,5578,393.358896,61996,1
5642,5579,393.370032,62007,1
5643,5580,393.381169,62018,1
5644,5581,393.392303,62029,1
5645,5582,393.403440,62040,1
5646,5583,393.414577,62051,1
5647,5584,393.425712,62062,1
5648,5585,393.436848,62073,1
5649,5586,393.447985,62084,1
5650,5587,393.459122,62095,1
5651,5588,393.470258,62106,1
5652,5589,393.481394,62117,1
5653,5590,393.492529,62128,1
5654,5591,393.503667,62139,1
5655,5592,393.514801,62150,1
5656,5593,393.525938,62161,1
5657,5594,393.537076,62172,1
5658,5595,393.548212,62183,1
5659,5596,393.559348,62194,1
5660,5597,393.570483,62205,1
5661,5598,393.581620,62216,1
5662,5599,393.592755,62227,1
5663,5600,393.603894,62238,1
5664,5601,393.615029,62249,1
5665,5602,393.626166,62260,1
5666,5603,393.637302,62271,1
5667,5604,393.648438,62282,1
5668,5605,393.659573,62293,1
5669,5606,393.670711,62304,1
5670,5607,393.681845,62315,1
5671,5608,393.692983,62326,1
5672,5609,393.704119,62337,1
5673,5610,393.715254,62348,1
5674,5611,393.726392,62359,1
5675,5612,393.737527,62370,1
5676,5613,393.748663,62381,1
5677,5614,393.758789,62391,1
5678,5615,393.769923,62402,1
5679,5616,393.781059,62413,1
5680,5617,393.792195,62424,1
5681,5618,393.803333,62435,1
5682,5619,393.814469,62446,1
5683,5620,393.825604,62457,1
5684,5621,393.836740,62468,1
5685,5622,393.847876,62479,1
5686,5623,393.859013,62490,1
5687,5624,393.870149,62501,1
5688,5625,393.881285,62512,1
5689,5626,393.892423,62523,1
5690,5627,393.903558,62534,1
5691,5628,393.914694,62545,1
5692,5629,393.925832,62556,1
5693,5630,393.936968,62567,1
5694,5631,393.948108,62578,1
5695,5632,393.959241,62589,1
5696,5633,393.970376,62600,1
5697,5634,393.981512,62611,1
5698,5635,393.992649,62622,1
5699,5636,394.003784,62633,1
5700,5637,394.014921,62644,1
5701,5638,394.026059,62655,1
5702,5639,394.037194,62666,1
5703,5640,394.048329,62677,1
5704,5641,394.059467,62688,1
5705,5642,394.070602,62699,1
5706,5643,394.081739,62710,1
5707,5644,394.092876,62721,1
5708,5645,394.104010,62732,1
5709,5646,394.115147,62743,1
5710,5647,394.126283,62754,1
5711,5648,394.137420,62765,1
5712,5649,394.148557,62776,1
5713,5650,394.159691,62787,1
5714,5651,394.170829,62798,1
5715,5652,394.181965,62809,1
5716,5653,394.193102,62820,1
5717,5654,394.204238,62831,1
5718,5655,394.215374,62842,1
5719,5656,394.226508,62853,1
5720,5657,394.237646,62864,1
5721,5658,394.248781,62875,1
5722,5659,394.259918,62886,1
5723,5660,394.271055,62897,1
5724,5661,394.282190,62908,1
5725,5662,394.293327,62919,1
5726,5663,394.304464,62930,1
5727,5664,394.315601,62941,1
5728,5665,394.326735,62952,1
5729,5666,394.337873,62963,1
5730,5667,394.349008,62974,1
5731,5668,394.360143,62985,1
5732,5669,394.371279,62996,1
5733,5670,394.382416,63007,1
5734,5671,394.393555,63018,1
5735,5672,394.404690,63029,1
5736,5673,394.415824,63040,1
5737,5674,394.426962,63051,1
5738,5675,394.438103,63062,1
5739,5676,394.449234,63073,1
5740,5677,394.460369,63084,1
5741,5678,394.471507,63095,1
5742,5679,394.482644,63106,1
5743,5680,394.493780,63117,1
5744,5681,394.504916,63128,1
5745,5682,394.516050,63139,1
5746,5683,394.527188,63150,1
5747,5684,394.538324,63161,1
5748,5685,394.549462,63172,1
5749,5686,394.560596,63183,1
5750,5687,394.571733,63194,1
5751,5688,394.582870,63205,1
5752,5689,394.594005,63216,1
5753,5690,394.605142,63227,1
5754,5691,394.616279,63238,1
5755,5692,394.627413,63249,1
5756,5693,394.638551,63260,1
5757,5694,394.649685,63271,1
5758,5695,394.660824,63282,1
5759,5696,394.671959,63293,1
5760,5697,394.683100,63304,1
5761,5698,394.694233,63315,1
5762,5699,394.705369,63326,1
5763,5700,394.716505,63337,1
5764,5701,394.727640,63348,1
5765,5702,394.738777,63359,1
5766,5703,394.749914,63370,1
5767,5704,394.761050,63381,1
5768,5705,394.772185,63392,1
5769,5706,394.783322,63403,1
5770,5707,394.794458,63414,1
5771,5708,394.805594,63425,1
5772,5709,394.816729,63436,1
5773,5710,394.827867,63447,1
5774,5711,394.839003,63458,1
5775,5712,394.850138,63469,1
5776,5713,394.861274,63480,1
5777,5714,394.872412,63491,1
5778,5715,394.883548,63502,1
5779,5716,394.894684,63513,1
5780,5717,394.905821,63524,1
5781,5718,394.916955,63535,1
5782,5719,394.928103,63546,1
5783,5720,394.939229,63557,1
5784,5721,394.950366,63568,1
5785,5722,394.961502,63579,1
5786,5723,394.972638,63590,1
5787,5724,394.983774,63601,1
5788,5725,394.994910,63612,1
5789,5726,395.006047,63623,1
5790,5727,395.017181,63634,1
5791,5728,395.028317,63645,1
5792,5729,395.039455,63656,1
5793,5730,395.050591,63667,1
5794,5731,395.061726,63678,1
5795,5732,395.072863,63689,1
5796,5733,395.084000,63700,1
5797,5734,395.094124,63710,1
5798,5735,395.105261,63721,1
5799,5736,395.116397,63732,1
5800,5737,395.127531,63743,1
5801,5738,395.138670,63754,1
5802,5739,395.149806,63765,1
5803,5740,395.160940,63776,1
5804,5741,395.172079,63787,1
5805,5742,395.183215,63798,1
5806,5743,395.194349,63809,1
5807,5744,395.205486,63820,1
5808,5745,395.216622,63831,1
5809,5746,395.227760,63842,1
5810,5747,395.238894,63853,1
5811,5748,395.250032,63864,1
5812,5749,395.261168,63875,1
5813,5750,395.272302,63886,1
5814,5751,395.283441,63897,1
5815,5752,395.294575,63908,1
5816,5753,395.305711,63919,1
5817,5754,395.316850,63930,1
5818,5755,395.327984,63941,1
5819,5756,395.339120,63952,1
5820,5757,395.350257,63963,1
5821,-1,395.361394,63974,1
5822,5758,395.372528,63985,1
5823,-1,395.383665,63996,1
5824,5759,395.394801,64007,1
5825,5760,395.405940,64018,1
5826,5761,395.417076,64029,1
5827,5762,395.428212,64040,1
5828,5763,395.439347,64051,1
5829,5764,395.450485,64062,1
5830,5765,395.461620,64073,1
5831,5766,395.472756,64084,1
5832,5767,395.483891,64095,1
5833,5768,395.495027,64106,1
5834,5769,395.506166,64117,1
5835,5770,395.517300,64128,1
5836,5771,395.528437,64139,1
5837,5772,395.539574,64150,1
5838,5773,395.550710,64161,1
5839,5774,395.561847,64172,1
5840,5775,395.572983,64183,1
5841,5776,395.584118,64194,1
5842,5777,395.595255,64205,1
5843,5778,395.606392,64216,1
5844,5779,395.617528,64227,1
5845,5780,395.628663,64238,1
5846,5781,395.639800,64249,1
5847,5782,395.650935,64260,1
5848,5783,395.662071,64271,1
5849,5784,395.673209,64282,1
5850,5785,395.684345,64293,1
5851,-1,395.695482,64304,1
5852,5786,395.706618,64315,1
5853,5787,395.717794,64325,1
5854,5788,395.728890,64336,1
5855,5789,395.740027,64347,1
5856,5790,395.751163,64358,1
5857,5791,395.762298,64369,1
5858,5792,395.773433,64380,1
5859,5793,395.784572,64391,1
5860,5794,395.795707,64402,1
5861,5795,395.806844,64413,1
5862,5796,395.817980,64424,1
5863,5797,395.829116,64435,1
5864,5798,395.840253,64446,1
5865,5799,395.851387,64457,1
5866,5800,395.862525,64468,1
5867,5801,395.873662,64479,1
5868,5802,395.884796,64490,1
5869,5803,395.895933,64501,1
5870,5804,395.907068,64512,1
5871,5805,395.918207,64523,1
5872,5806,395.929341,64534,1
5873,5807,395.940479,64545,1
5874,5808,395.951613,64556,1
5875,5809,395.962752,64567,1
5876,5810,395.973888,64578,1
5877,5811,395.985024,64589,1
5878,5812,395.996158,64600,1
5879,5813,396.007296,64611,1
5880,5814,396.018430,64622,1
5881,5815,396.029567,64633,1
5882,5816,396.040703,64644,1
5883,5817,396.051841,64655,1
5884,5818,396.062975,64666,1
5885,5819,396.074113,64677,1
5886,5820,396.085249,64688,1
5887,5821,396.096386,64699,1
5888,5822,396.107521,64710,1
5889,5823,396.118659,64721,1
5890,5824,396.129794,64732,1
5891,5825,396.140929,64743,1
5892,5826,396.152068,64754,1
5893,5827,396.163203,64765,1
5894,5828,396.174340,64776,1
5895,5829,396.185475,64787,1
5896,5830,396.196612,64798,1
5897,5831,396.207747,64809,1
5898,5832,396.218883,64820,1
5899,5833,396.230019,64831,1
5900,5834,396.241157,64842,1
5901,5835,396.252294,64853,1
5902,5836,396.263428,64864,1
5903,5837,396.274567,64875,1
5904,5838,396.285702,64886,1
5905,5839,396.296838,64897,1
5906,5840,396.307975,64908,1
5907,5841,396.319111,64919,1
5908,5842,396.330246,64930,1
5909,5843,396.341382,64941,1
5910,5844,396.352519,64952,1
5911,5845,396.363656,64963,1
5912,5846,396.374792,64974,1
5913,5847,396.385928,64985,1
5914,5848,396.397063,64996,1
5915,5849,396.408201,65007,1
5916,5850,396.419335,65018,1
5917,5851,396.429459,65028,1
5918,5852,396.440595,65039,1
5919,5853,396.451732,65050,1
5920,5854,396.462867,65061,1
5921,5855,396.474006,65072,1
5922,5856,396.485141,65083,1
5923,5857,396.496278,65094,1
5924,5858,396.507412,65105,1
5925,5859,396.518552,65116,1
5926,5860,396.529687,65127,1
5927,5861,396.540822,65138,1
5928,5862,396.551960,65149,1
5929,5863,396.563102,65160,1
5930,5864,396.574231,65171,1
5931,5865,396.585367,65182,1
5932,5866,396.596504,65193,1
5933,5867,396.607641,65204,1
5934,5868,396.618777,65215,1
5935,5869,396.629914,65226,1
5936,5870,396.641049,65237,1
5937,5871,396.652186,65248,1
5938,5872,396.663320,65259,1
5939,5873,396.674458,65270,1
5940,5874,396.685594,65281,1
5941,5875,396.696731,65292,1
5942,5876,396.707867,65303,1
5943,5877,396.719001,65314,1
5944,5878,396.730137,65325,1
5945,5879,396.741275,65336,1
5946,5880,396.752410,65347,1
5947,5881,396.763547,65358,1
5948,5882,396.774683,65369,1
5949,5883,396.785821,65380,1
5950,5884,396.796956,65391,1
5951,5885,396.808104,65402,1
5952,5886,396.819229,65413,1
5953,5887,396.830365,65424,1
5954,5888,396.841502,65435,1
5955,5889,396.852638,65446,1
5956,5890,396.863774,65457,1
5957,5891,396.874909,65468,1
5958,5892,396.886046,65479,1
5959,5893,396.897181,65490,1
5960,5895,396.908320,65501,1
5961,-1,396.919454,65512,1
5962,5896,396.930590,65523,1
5963,5897,396.941727,65534,1
5964,5898,396.952864,65545,1
5965,5899,396.964001,65556,1
5966,-1,396.975137,65567,1
5967,5900,396.986271,65578,1
5968,5901,396.997409,65589,1
5969,5902,397.008543,65600,1
5970,5903,397.019682,65611,1
5971,5904,397.030817,65622,1
5972,5905,397.041952,65633,1
5973,5906,397.053097,65644,1
5974,5907,397.064226,65655,1
5975,-1,397.075362,65666,1
5976,5908,397.086497,65677,1
5977,5909,397.097636,65688,1
5978,5910,397.108769,65699,1
5979,5911,397.119907,65710,1
5980,5912,397.131042,65721,1
5981,5913,397.142181,65732,1
5982,5914,397.153315,65743,1
5983,5915,397.164453,65754,1
5984,5916,397.175589,65765,1
5985,5917,397.186725,65776,1
5986,5918,397.197861,65787,1
5987,5919,397.208998,65798,1
5988,5920,397.220133,65809,1
5989,5921,397.231270,65820,1
5990,5922,397.242404,65831,1
5991,5923,397.253543,65842,1
5992,5924,397.264678,65853,1
5993,5925,397.275813,65864,1
5994,5926,397.286952,65875,1
5995,5927,397.298098,65886,1
5996,5928,397.309224,65897,1
5997,5929,397.320358,65908,1
5998,5930,397.331497,65919,1
5999,5931,397.342632,65930,1
6000,5932,397.353767,65941,1
6001,5933,397.364905,65952,1
6002,5934,397.376041,65963,1
6003,5935,397.387177,65974,1
6004,5936,397.398314,65985,1
6005,5937,397.409449,65996,1
6006,5938,397.420584,66007,1
6007,5939,397.431720,66018,1
6008,5940,397.442859,66029,1
6009,5941,397.453994,66040,1
6010,5942,397.465131,66051,1
6011,5943,397.476266,66062,1
6012,5944,397.487404,66073,1
6013,5945,397.498540,66084,1
6014,5946,397.509677,66095,1
6015,5947,397.520812,66106,1
6016,5948,397.531949,66117,1
6017,5949,397.543097,66128,1
6018,5950,397.554219,66139,1
6019,5951,397.565357,66150,1
6020,5952,397.576493,66161,1
6021,5953,397.587630,66172,1
6022,5954,397.598766,66183,1
6023,5955,397.609901,66194,1
6024,5956,397.621038,66205,1
6025,5957,397.632174,66216,1
6026,5958,397.643310,66227,1
6027,5959,397.654445,66238,1
6028,5960,397.665583,66249,1
6029,5961,397.676719,66260,1
6030,5962,397.687856,66271,1
6031,5963,397.698992,66282,1
6032,5964,397.710128,66293,1
6033,5965,397.721265,66304,1
6034,5966,397.732399,66315,1
6035,5967,397.743536,66326,1
6036,5968,397.753661,66336,1
6037,5969,397.764797,66347,1
6038,5970,397.775934,66358,1
6039,5971,397.787069,66369,1
6040,5972,397.798204,66380,1
6041,5973,397.809343,66391,1
6042,5974,397.820477,66402,1
6043,5975,397.831613,66413,1
6044,5976,397.842751,66424,1
6045,5977,397.853885,66435,1
6046,5978,397.865024,66446,1
6047,5979,397.876159,66457,1
6048,5980,397.887295,66468,1
6049,5981,397.898432,66479,1
6050,5982,397.909568,66490,1
6051,5983,397.920705,66501,1
6052,5984,397.931839,66512,1
6053,5985,397.942976,66523,1
6054,5986,397.954113,66534,1
6055,5987,397.965249,66545,1
6056,5988,397.976386,66556,1
6057,5989,397.987522,66567,1
6058,5990,397.998658,66578,1
6059,5991,398.009794,66589,1
6060,5992,398.020931,66600,1
6061,5993,398.032065,66611,1
6062,5994,398.043203,66622,1
6063,5995,398.054339,66633,1
6064,5996,398.065475,66644,1
6065,5997,398.076613,66655,1
6066,5998,398.087748,66666,1
6067,5999,398.098885,66677,1
6068,6000,398.110020,66688,1
6069,6001,398.121155,66699,1
6070,6002,398.132292,66710,1
6071,6003,398.143428,66721,1
6072,6004,398.154566,66732,1
6073,6005,398.165702,66743,1
6074,6006,398.176836,66754,1
6075,6007,398.187973,66765,1
6076,6008,398.199111,66776,1
6077,6009,398.210246,66787,1
6078,6010,398.221383,66798,1
6079,6011,398.232520,66809,1
6080,6012,398.243654,66820,1
6081,6013,398.254791,66831,1
6082,6014,398.265929,66842,1
6083,6015,398.277064,66853,1
6084,6016,398.288200,66864,1
6085,6017,398.299337,66875,1
6086,6018,398.310471,66886,1
6087,6019,398.321607,66897,1
6088,6020,398.332744,66908,1
6089,6021,398.343882,66919,1
6090,6022,398.355016,66930,1
6091,6023,398.366155,66941,1
6092,6024,398.377291,66952,1
6093,6025,398.388425,66963,1
6094,6026,398.399564,66974,1
6095,6027,398.410700,66985,1
6096,6028,398.421836,66996,1
6097,6029,398.432970,67007,1
6098,6030,398.444108,67018,1
6099,6031,398.455244,67029,1
6100,6032,398.466380,67040,1
6101,6033,398.477517,67051,1
6102,6034,398.488653,67062,1
6103,6035,398.499790,67073,1
6104,6036,398.510926,67084,1
6105,6037,398.522060,67095,1
6106,6038,398.533196,67106,1
6107,6039,398.544334,67117,1
6108,6040,398.555468,67128,1
6109,6041,398.566607,67139,1
6110,6042,398.577743,67150,1
6111,6043,398.588878,67161,1
6112,6044,398.600016,67172,1
6113,6045,398.611151,67183,1
6114,6046,398.622287,67194,1
6115,6047,398.633424,67205,1
6116,6048,398.644560,67216,1
6117,6049,398.655697,67227,1
6118,6050,398.666833,67238,1
6119,6051,398.677968,67249,1
6120,6052,398.689106,67260,1
6121,6053,398.700242,67271,1
6122,6054,398.711378,67282,1
6123,6055,398.722514,67293,1
6124,6056,398.733650,67304,1
6125,6057,398.744786,67315,1
6126,6058,398.755921,67326,1
6127,6059,398.767059,67337,1
6128,6060,398.778195,67348,1
6129,6061,398.789330,67359,1
6130,6062,398.800466,67370,1
6131,6063,398.811604,67381,1
6132,6064,398.822740,67392,1
6133,6065,398.833874,67403,1
6134,-1,398.845012,67414,1
6135,6066,398.856148,67425,1
6136,6067,398.867284,67436,1
6137,6068,398.878421,67447,1
6138,6069,398.889558,67458,1
6139,6070,398.900692,67469,1
6140,6071,398.911828,67480,1
6141,6072,398.922967,67491,1
6142,6073,398.934102,67502,1
6143,6074,398.945238,67513,1
6144,6075,398.956374,67524,1
6145,6076,398.967511,67535,1
6146,6077,398.978646,67546,1
6147,6078,398.989782,67557,1
6148,6079,399.000918,67568,1
6149,6080,399.012055,67579,1
6150,6081,399.023193,67590,1
6151,6082,399.034327,67601,1
6152,6083,399.045466,67612,1
6153,6084,399.056600,67623,1
6154,6085,399.067736,67634,1
6155,6086,399.078873,67645,1
6156,6087,399.088998,67655,1
6157,6088,399.100133,67666,1
6158,6089,399.111269,67677,1
6159,6090,399.122407,67688,1
6160,6091,399.133542,67699,1
6161,6092,399.144677,67710,1
6162,6093,399.155813,67721,1
6163,6094,399.166951,67732,1
6164,6095,399.178099,67743,1
6165,6096,399.189222,67754,1
6166,6097,399.200360,67765,1
6167,6098,399.211497,67776,1
6168,6099,399.222633,67787,1
6169,6100,399.233768,67798,1
6170,6101,399.244904,67809,1
6171,6102,399.256042,67820,1
6172,6103,399.267176,67831,1
6173,6104,399.278314,67842,1
6174,6105,399.289449,67853,1
6175,6106,399.300587,67864,1
6176,6107,399.311722,67875,1
6177,6108,399.322859,67886,1
6178,6109,399.333993,67897,1
6179,6110,399.345131,67908,1
6180,6111,399.356267,67919,1
6181,6112,399.367402,67930,1
6182,6113,399.378538,67941,1
6183,6114,399.389676,67952,1
6184,6115,399.400812,67963,1
6185,6116,399.411947,67974,1
6186,6117,399.423096,67985,1
6187,6118,399.434220,67996,1
6188,6119,399.445357,68007,1
6189,6120,399.456494,68018,1
6190,6121,399.467629,68029,1
6191,6122,399.478767,68040,1
6192,6123,399.489902,68051,1
6193,6124,399.501037,68062,1
6194,6125,399.512176,68073,1
6195,6126,399.523309,68084,1
6196,6127,399.534447,68095,1
6197,6128,399.545583,68106,1
6198,6129,399.556719,68117,1
6199,6130,399.567856,68128,1
6200,6131,399.578991,68139,1
6201,6132,399.590129,68150,1
6202,6133,399.601264,68161,1
6203,6134,399.612399,68172,1
6204,6135,399.623537,68183,1
6205,6136,399.634672,68194,1
6206,6137,399.645808,68205,1
6207,6138,399.656946,68216,1
6208,-1,399.668081,68227,1
6209,6139,399.679217,68238,1
6210,6140,399.690354,68249,1
6211,6141,399.701491,68260,1
6212,6142,399.712625,68271,1
6213,6143,399.723762,68282,1
6214,6144,399.734900,68293,1
6215,6145,399.746037,68304,1
6216,6146,399.757172,68315,1
6217,6147,399.768308,68326,1
6218,6148,399.779443,68337,1
6219,6149,399.790581,68348,1
6220,6150,399.801715,68359,1
6221,6151,399.812853,68370,1
6222,6152,399.823988,68381,1
6223,6153,399.835126,68392,1
6224,6154,399.846261,68403,1
6225,6155,399.857398,68414,1
6226,6156,399.868534,68425,1
6227,6157,399.879671,68436,1
6228,6158,399.890808,68447,1
6229,6159,399.901944,68458,1
6230,6160,399.913080,68469,1
6231,6161,399.924216,68480,1
6232,6162,399.935352,68491,1
6233,6163,399.946487,68502,1
6234,6164,399.957624,68513,1
6235,6165,399.968759,68524,1
6236,6166,399.979897,68535,1
6237,6167,399.991031,68546,1
6238,6168,400.002168,68557,1
6239,6169,400.013306,68568,1
6240,6170,400.024442,68579,1
6241,6171,400.035578,68590,1
6242,6172,400.046713,68601,1
6243,6173,400.057849,68612,1
6244,6174,400.068986,68623,1
6245,6175,400.080122,68634,1
6246,6176,400.091259,68645,1
6247,6177,400.102395,68656,1
6248,6178,400.113531,68667,1
6249,6179,400.124668,68678,1
6250,6180,400.135805,68689,1
6251,6181,400.146941,68700,1
6252,6182,400.158077,68711,1
6253,6183,400.169212,68722,1
6254,6184,400.180348,68733,1
6255,6185,400.191485,68744,1
6256,6186,400.202621,68755,1
6257,6187,400.213758,68766,1
6258,6188,400.224893,68777,1
6259,6189,400.236031,68788,1
6260,6190,400.247165,68799,1
6261,6191,400.258304,68810,1
6262,6192,400.269438,68821,1
6263,6193,400.280576,68832,1
6264,6194,400.291710,68843,1
6265,6195,400.302846,68854,1
6266,6196,400.313983,68865,1
6267,6197,400.325118,68876,1
6268,6198,400.336255,68887,1
6269,6199,400.347393,68898,1
6270,6200,400.358529,68909,1
6271,6201,400.369666,68920,1
6272,6202,400.380800,68931,1
6273,6203,400.391939,68942,1
6274,6204,400.403075,68953,1
6275,6205,400.414210,68964,1
6276,6206,400.424333,68974,1
6277,6207,400.435469,68985,1
6278,6208,400.446607,68996,1
6279,6209,400.457742,69007,1
6280,6210,400.468880,69018,1
6281,6211,400.480015,69029,1
6282,6212,400.491152,69040,1
6283,6213,400.502287,69051,1
6284,6214,400.513424,69062,1
6285,6215,400.524559,69073,1
6286,6216,400.535695,69084,1
6287,6217,400.546833,69095,1
6288,6218,400.557968,69106,1
6289,6219,400.569105,69117,1
6290,6220,400.580240,69128,1
6291,6221,400.591377,69139,1
6292,6222,400.602514,69150,1
6293,6223,400.613651,69161,1
6294,6224,400.624787,69172,1
6295,6225,400.635921,69183,1
6296,-1,400.647060,69194,1
6297,6226,400.658194,69205,1
6298,6227,400.669332,69216,1
6299,6228,400.680466,69227,1
6300,-1,400.691604,69238,1
6301,6229,400.702740,69249,1
6302,6230,400.713877,69260,1
6303,6231,400.725011,69271,1
6304,6232,400.736148,69282,1
6305,6233,400.747284,69293,1
6306,6234,400.758421,69304,1
6307,6235,400.769558,69315,1
6308,6236,400.780694,69326,1
6309,6237,400.791830,69337,1
6310,6238,400.802967,69348,1
6311,6239,400.814102,69359,1
6312,6240,400.825237,69370,1
6313,6241,400.836375,69381,1
6314,6242,400.847512,69392,1
6315,6243,400.858646,69403,1
6316,6244,400.869783,69414,1
6317,6245,400.880918,69425,1
6318,6246,400.892057,69436,1
6319,6247,400.903193,69447,1
6320,6248,400.914328,69458,1
6321,6249,400.925464,69469,1
6322,6250,400.936600,69480,1
6323,6251,400.947738,69491,1
6324,6252,400.958873,69502,1
6325,6253,400.970009,69513,1
6326,6254,400.981146,69524,1
6327,6255,400.992282,69535,1
6328,6256,401.003417,69546,1
6329,6257,401.014555,69557,1
6330,6258,401.025689,69568,1
6331,6259,401.036825,69579,1
6332,6260,401.047963,69590,1
6333,6261,401.059103,69601,1
6334,6262,401.070236,69612,1
6335,6263,401.081373,69623,1
6336,6264,401.092507,69634,1
6337,6265,401.103643,69645,1
6338,6266,401.114782,69656,1
6339,6267,401.125915,69667,1
6340,6268,401.137052,69678,1
6341,6269,401.148189,69689,1
6342,6270,401.159325,69700,1
6343,6271,401.170460,69711,1
6344,6272,401.181597,69722,1
6345,6273,401.192734,69733,1
6346,6274,401.203870,69744,1
6347,6275,401.215005,69755,1
6348,6276,401.226142,69766,1
6349,6277,401.237280,69777,1
6350,6278,401.248417,69788,1
6351,6279,401.259553,69799,1
6352,6280,401.270688,69810,1
6353,6281,401.281824,69821,1
6354,6282,401.292960,69832,1
6355,6283,401.304103,69843,1
6356,6284,401.315233,69854,1
6357,6285,401.326370,69865,1
6358,6286,401.337504,69876,1
6359,6287,401.348643,69887,1
6360,6288,401.359777,69898,1
6361,6289,401.370915,69909,1
6362,6290,401.382050,69920,1
6363,6291,401.393188,69931,1
6364,6292,401.404324,69942,1
6365,6293,401.415459,69953,1
6366,6294,401.426595,69964,1
6367,6295,401.437730,69975,1
6368,6296,401.448866,69986,1
6369,-1,401.460004,69997,1
6370,6297,401.471139,70008,1
6371,6298,401.482277,70019,1
6372,6299,401.493414,70030,1
6373,6300,401.504550,70041,1
6374,6301,401.515686,70052,1
6375,6302,401.526820,70063,1
6376,6303,401.537959,70074,1
6377,6304,401.549098,70085,1
6378,6305,401.560229,70096,1
6379,6306,401.571366,70107,1
6380,6307,401.582503,70118,1
6381,6308,401.593640,70129,1
6382,6309,401.604776,70140,1
6383,6310,401.615911,70151,1
6384,6311,401.627048,70162,1
6385,6312,401.638183,70173,1
6386,6313,401.649319,70184,1
6387,6314,401.660455,70195,1
6388,6315,401.671592,70206,1
6389,6316,401.682730,70217,1
6390,6317,401.693866,70228,1
6391,6318,401.705000,70239,1
6392,6319,401.716139,70250,1
6393,6320,401.727275,70261,1
6394,6321,401.738408,70272,1
6395,6322,401.748535,70282,1
6396,6323,401.759671,70293,1
6397,6324,401.770806,70304,1
6398,6325,401.781941,70315,1
6399,6326,401.793078,70326,1
6400,6327,401.804215,70337,1
6401,6328,401.815350,70348,1
6402,6329,401.826488,70359,1
6403,6330,401.837624,70370,1
6404,6331,401.848760,70381,1
6405,6332,401.859897,70392,1
6406,6333,401.871032,70403,1
6407,6334,401.882170,70414,1
6408,6335,401.893306,70425,1
6409,6336,401.904442,70436,1
6410,6337,401.915577,70447,1
6411,6338,401.926715,70458,1
6412,6339,401.937851,70469,1
6413,6340,401.948986,70480,1
6414,6341,401.960121,70491,1
6415,6342,401.971259,70502,1
6416,6343,401.982395,70513,1
6417,6344,401.993532,70524,1
6418,6345,402.004667,70535,1
6419,6346,402.015805,70546,1
6420,6347,402.026939,70557,1
6421,6348,402.038077,70568,1
6422,6349,402.049211,70579,1
6423,6350,402.060349,70590,1
6424,6351,402.071486,70601,1
6425,6352,402.082622,70612,1
6426,6353,402.093756,70623,1
6427,6354,402.104893,70634,1
6428,6355,402.116028,70645,1
6429,6356,402.127164,70656,1
6430,6357,402.138301,70667,1
6431,6358,402.149439,70678,1
6432,6359,402.160574,70689,1
6433,6360,402.171709,70700,1
6434,6361,402.182847,70711,1
6435,6362,402.193983,70722,1
6436,6363,402.205118,70733,1
6437,6364,402.216254,70744,1
6438,6365,402.227391,70755,1
6439,6366,402.238528,70766,1
6440,6367,402.249665,70777,1
6441,6368,402.260801,70788,1
6442,6369,402.271937,70799,1
6443,6370,402.283074,70810,1
6444,6371,402.294210,70821,1
6445,6372,402.305346,70832,1
6446,6373,402.316483,70843,1
6447,6374,402.327617,70854,1
6448,6375,402.338755,70865,1
6449,6376,402.349891,70876,1
6450,6377,402.361028,70887,1
6451,6378,402.372163,70898,1
6452,6379,402.383300,70909,1
6453,6380,402.394434,70920,1
6454,6381,402.405571,70931,1
6455,6382,402.416707,70942,1
6456,6383,402.427843,70953,1
6457,6384,402.438981,70964,1
6458,6385,402.450116,70975,1
6459,6386,402.461252,70986,1
6460,6387,402.472390,70997,1
6461,6388,402.483527,71008,1
6462,6389,402.494662,71019,1
6463,6390,402.505799,71030,1
6464,6391,402.516933,71041,1
6465,6392,402.528072,71052,1
6466,6393,402.539207,71063,1
6467,6394,402.550344,71074,1
6468,6395,402.561478,71085,1
6469,6396,402.572614,71096,1
6470,6397,402.583752,71107,1
6471,6398,402.594887,71118,1
6472,6399,402.606025,71129,1
6473,6400,402.617161,71140,1
6474,6401,402.628297,71151,1
6475,6402,402.639431,71162,1
6476,6403,402.650570,71173,1
6477,6404,402.661704,71184,1
6478,6405,402.672842,71195,1
6479,6406,402.683978,71206,1
6480,6407,402.695113,71217,1
6481,6408,402.706252,71228,1
6482,6409,402.717387,71239,1
6483,6410,402.728524,71250,1
6484,6411,402.739659,71261,1
6485,-1,402.750796,71272,1
6486,6412,402.761932,71283,1
6487,6413,402.773066,71294,1
6488,6414,402.784205,71305,1
6489,6415,402.795339,71316,1
6490,6416,402.806477,71327,1
6491,6417,402.817612,71338,1
6492,6418,402.828749,71349,1
6493,6419,402.839885,71360,1
6494,6420,402.851021,71371,1
6495,6421,402.862158,71382,1
6496,6422,402.873295,71393,1
6497,6423,402.884431,71404,1
6498,6424,402.895566,71415,1
6499,6425,402.906704,71426,1
6500,6426,402.917838,71437,1
6501,6427,402.928976,71448,1
6502,6428,402.940110,71459,1
6503,6429,402.951248,71470,1
6504,6430,402.962383,71481,1
6505,6431,402.973521,71492,1
6506,6432,402.984655,71503,1
6507,6433,402.995794,71514,1
6508,6434,403.006929,71525,1
6509,6435,403.018065,71536,1
6510,6436,403.029200,71547,1
6511,6437,403.040338,71558,1
6512,6438,403.051473,71569,1
6513,6439,403.062610,71580,1
6514,6440,403.073746,71591,1
6515,6441,403.083869,71601,1
6516,6442,403.095006,71612,1
6517,6443,403.106141,71623,1
6518,6444,403.117279,71634,1
6519,6445,403.128414,71645,1
6520,6446,403.139552,71656,1
6521,6447,403.150686,71667,1
6522,6448,403.161822,71678,1
6523,6449,403.172960,71689,1
6524,6450,403.184102,71700,1
6525,6451,403.195233,71711,1
6526,6452,403.206369,71722,1
6527,-1,403.217506,71733,1
6528,6453,403.228640,71744,1
6529,6454,403.239777,71755,1
6530,6455,403.250914,71766,1
6531,6456,403.262049,71777,1
6532,6457,403.273185,71788,1
6533,6458,403.284322,71799,1
6534,6459,403.295458,71810,1
6535,6460,403.306594,71821,1
6536,6461,403.317731,71832,1
6537,6462,403.328868,71843,1
6538,6463,403.340004,71854,1
6539,6464,403.351139,71865,1
6540,6465,403.362276,71876,1
6541,6466,403.373413,71887,1
6542,6467,403.384548,71898,1
6543,6468,403.395686,71909,1
6544,6469,403.406821,71920,1
6545,6470,403.417956,71931,1
6546,6471,403.429098,71942,1
6547,6472,403.440231,71953,1
6548,6473,403.451367,71964,1
6549,6474,403.462501,71975,1
6550,6475,403.473637,71986,1
6551,6476,403.484775,71997,1
6552,6477,403.495911,72008,1
6553,6478,403.507047,72019,1
6554,6479,403.518182,72030,1
6555,6480,403.529320,72041,1
6556,6481,403.540455,72052,1
6557,6482,403.551592,72063,1
6558,6483,403.562728,72074,1
6559,6484,403.573866,72085,1
6560,6485,403.585002,72096,1
6561,6486,403.596135,72107,1
6562,6487,403.607274,72118,1
6563,6488,403.618410,72129,1
6564,6489,403.629545,72140,1
6565,6490,403.640683,72151,1
6566,6491,403.651819,72162,1
6567,6492,403.662953,72173,1
6568,6493,403.674099,72184,1
6569,6494,403.685226,72195,1
6570,6495,403.696364,72206,1
6571,-1,403.707498,72217,1
6572,6496,403.718635,72228,1
6573,6497,403.729772,72239,1
6574,6498,403.740907,72250,1
6575,6499,403.752045,72261,1
6576,6500,403.763182,72272,1
6577,6501,403.774317,72283,1
6578,6502,403.785452,72294,1
6579,6503,403.796588,72305,1
6580,6504,403.807725,72316,1
6581,6505,403.818861,72327,1
6582,6506,403.829997,72338,1
6583,6507,403.841135,72349,1
6584,6508,403.852270,72360,1
6585,6509,403.863406,72371,1
6586,6510,403.874544,72382,1
6587,6511,403.885680,72393,1
6588,6512,403.896817,72404,1
6589,6513,403.907950,72415,1
6590,6514,403.919100,72426,1
6591,6515,403.930224,72437,1
6592,6516,403.941361,72448,1
6593,6517,403.952496,72459,1
6594,6518,403.963633,72470,1
6595,6519,403.974769,72481,1
6596,6520,403.985905,72492,1
6597,6521,403.997042,72503,1
6598,6522,404.008178,72514,1
6599,6523,404.019313,72525,1
6600,6524,404.030450,72536,1
6601,6525,404.041588,72547,1
6602,6526,404.052724,72558,1
6603,6527,404.063860,72569,1
6604,6528,404.074995,72580,1
6605,6529,404.086130,72591,1
6606,6530,404.097266,72602,1
6607,6531,404.108403,72613,1
6608,6532,404.119540,72624,1
6609,6533,404.130677,72635,1
6610,6534,404.141813,72646,1
6611,6535,404.152948,72657,1
6612,6536,404.164098,72668,1
6613,6537,404.175222,72679,1
6614,6538,404.186358,72690,1
6615,6539,404.197494,72701,1
6616,6540,404.208629,72712,1
6617,6541,404.219766,72723,1
6618,6542,404.230901,72734,1
6619,6543,404.242039,72745,1
6620,6544,404.253176,72756,1
6621,-1,404.264312,72767,1
6622,6545,404.275447,72778,1
6623,6546,404.286583,72789,1
6624,6547,404.297720,72800,1
6625,6548,404.308855,72811,1
6626,6549,404.319991,72822,1
6627,6550,404.331129,72833,1
6628,6551,404.342265,72844,1
6629,6552,404.353402,72855,1
6630,-1,404.364536,72866,1
6631,6553,404.375675,72877,1
6632,6554,404.386811,72888,1
6633,6555,404.397946,72899,1
6634,6556,404.409083,72910,1
6635,6557,404.419207,72920,1
6636,6558,404.430343,72931,1
6637,6559,404.441479,72942,1
6638,6561,404.452614,72953,1
6639,-1,404.463750,72964,1
6640,6562,404.474886,72975,1
6641,6563,404.486022,72986,1
6642,6564,404.497160,72997,1
6643,6565,404.508296,73008,1
6644,6566,404.519434,73019,1
6645,6567,404.530567,73030,1
6646,6568,404.541705,73041,1
6647,6569,404.552842,73052,1
6648,6570,404.563978,73063,1
6649,6571,404.575115,73074,1
6650,6572,404.586248,73085,1
6651,6573,404.597385,73096,1
6652,6574,404.608521,73107,1
6653,-1,404.619659,73118,1
6654,6575,404.630795,73129,1
6655,6576,404.641932,73140,1
6656,6577,404.653068,73151,1
6657,6578,404.664203,73162,1
6658,6579,404.675340,73173,1
6659,6580,404.686476,73184,1
6660,6581,404.697611,73195,1
6661,6582,404.708749,73206,1
6662,6583,404.719883,73217,1
6663,6584,404.731021,73228,1
6664,6585,404.742157,73239,1
6665,6586,404.753293,73250,1
6666,6587,404.764430,73261,1
6667,6588,404.775566,73272,1
6668,6589,404.786701,73283,1
6669,6590,404.797837,73294,1
6670,6591,404.808974,73305,1
6671,6592,404.820110,73316,1
6672,6593,404.831248,73327,1
6673,6594,404.842384,73338,1
6674,6595,404.853518,73349,1
6675,6596,404.864654,73360,1
6676,6597,404.875791,73371,1
6677,6598,404.886927,73382,1
6678,6599,404.898063,73393,1
6679,6600,404.909201,73404,1
6680,6601,404.920336,73415,1
6681,6602,404.931472,73426,1
6682,6603,404.942609,73437,1
6683,6604,404.953747,73448,1
6684,6605,404.964883,73459,1
6685,6606,404.976019,73470,1
6686,6607,404.987154,73481,1
6687,6608,404.998291,73492,1
6688,6609,405.009427,73503,1
6689,6610,405.020562,73514,1
6690,6611,405.031700,73525,1
6691,6612,405.042836,73536,1
6692,6613,405.053972,73547,1
6693,6614,405.065108,73558,1
6694,6615,405.076243,73569,1
6695,6616,405.087380,73580,1
6696,6617,405.098517,73591,1
6697,6618,405.109654,73602,1
6698,6619,405.120790,73613,1
6699,6620,405.131925,73624,1
6700,6621,405.143062,73635,1
6701,-1,405.154198,73646,1
6702,6622,405.165334,73657,1
6703,6623,405.176469,73668,1
6704,6624,405.187606,73679,1
6705,6625,405.198743,73690,1
6706,6626,405.209879,73701,1
6707,6627,405.221016,73712,1
6708,6628,405.232152,73723,1
6709,6629,405.243289,73734,1
6710,6630,405.254425,73745,1
6711,6631,405.265562,73756,1
6712,6632,405.276696,73767,1
6713,6633,405.287832,73778,1
6714,6634,405.298969,73789,1
6715,6635,405.310104,73800,1
6716,6636,405.321242,73811,1
6717,6637,405.332378,73822,1
6718,6638,405.343513,73833,1
6719,-1,405.354651,73844,1
6720,6639,405.365785,73855,1
6721,6640,405.376924,73866,1
6722,6641,405.388058,73877,1
6723,6642,405.399194,73888,1
6724,6643,405.410331,73899,1
6725,6644,405.421466,73910,1
6726,6645,405.432603,73921,1
6727,6646,405.443740,73932,1
6728,6647,405.454875,73943,1
6729,6648,405.466013,73954,1
6730,6649,405.477149,73965,1
6731,6650,405.488284,73976,1
6732,6651,405.499421,73987,1
6733,6652,405.510558,73998,1
6734,6653,405.521694,74009,1
6735,6654,405.532831,74020,1
6736,6655,405.543965,74031,1
6737,6656,405.555106,74042,1
6738,6657,405.566237,74053,1
6739,6658,405.577373,74064,1
6740,6659,405.588511,74075,1
6741,6660,405.599647,74086,1
6742,6661,405.610784,74097,1
6743,6662,405.621918,74108,1
6744,6663,405.633056,74119,1
6745,6664,405.644191,74130,1
6746,6665,405.655330,74141,1
6747,6666,405.666464,74152,1
6748,6667,405.677601,74163,1
6749,6668,405.688737,74174,1
6750,6669,405.699873,74185,1
6751,6670,405.711010,74196,1
6752,6671,405.722147,74206,1
6753,6672,405.733281,74217,1
6754,6673,405.744419,74228,1
6755,6674,405.754541,74238,1
6756,6675,405.765677,74249,1
6757,6676,405.776814,74260,1
6758,6677,405.787949,74271,1
6759,6678,405.799103,74282,1
6760,6679,405.810223,74293,1
6761,6680,405.821360,74304,1
6762,6681,405.832497,74315,1
6763,6682,405.843632,74326,1
6764,6683,405.854768,74337,1
6765,6684,405.865904,74348,1
6766,6685,405.877040,74359,1
6767,6686,405.888176,74370,1
6768,6687,405.899314,74381,1
6769,6688,405.910451,74392,1
6770,6689,405.921585,74403,1
6771,6690,405.932721,74414,1
6772,6691,405.943857,74425,1
6773,6692,405.954996,74436,1
6774,6693,405.966132,74447,1
6775,6694,405.977268,74458,1
6776,6695,405.988404,74469,1
6777,6696,405.999539,74480,1
6778,6697,406.010676,74491,1
6779,6698,406.021812,74502,1
6780,6699,406.032947,74513,1
6781,6700,406.044097,74524,1
6782,6701,406.055222,74535,1
6783,6702,406.066356,74546,1
6784,6703,406.077492,74557,1
6785,6704,406.088628,74568,1
6786,6705,406.099766,74579,1
6787,6706,406.110901,74590,1
6788,6707,406.122038,74601,1
6789,6708,406.133175,74612,1
6790,6709,406.144309,74623,1
6791,6710,406.155446,74634,1
6792,6711,406.166584,74645,1
6793,6712,406.177719,74656,1
6794,6713,406.188854,74667,1
6795,6714,406.199991,74678,1
6796,6715,406.211127,74689,1
6797,6716,406.222264,74700,1
6798,6717,406.233401,74711,1
6799,6718,406.244538,74722,1
6800,6719,406.255671,74733,1
6801,6720,406.266810,74744,1
6802,-1,406.277946,74755,1
6803,6721,406.289083,74766,1
6804,6722,406.300217,74777,1
6805,6723,406.311355,74788,1
6806,6724,406.322491,74799,1
6807,6725,406.333627,74810,1
6808,6726,406.344762,74821,1
6809,6727,406.355900,74832,1
6810,6728,406.367036,74843,1
6811,6729,406.378170,74854,1
6812,6730,406.389308,74865,1
6813,6731,406.400445,74876,1
6814,6732,406.411581,74887,1
6815,6733,406.422717,74898,1
6816,6734,406.433853,74909,1
6817,6735,406.444989,74920,1
6818,6736,406.456124,74931,1
6819,6737,406.467261,74942,1
6820,6738,406.478398,74953,1
6821,6739,406.489535,74964,1
6822,6740,406.500671,74975,1
6823,6741,406.511807,74986,1
6824,6742,406.522944,74997,1
6825,6743,406.534079,75008,1
6826,6744,406.545214,75019,1
6827,6745,406.556351,75030,1
6828,6746,406.567486,75041,1
6829,6747,406.578625,75052,1
6830,6748,406.589761,75063,1
6831,6749,406.600895,75074,1
6832,6750,406.612033,75085,1
6833,6751,406.623169,75096,1
6834,6752,406.634305,75107,1
6835,6753,406.645440,75118,1
6836,6754,406.656578,75129,1
6837,6755,406.667713,75140,1
6838,6756,406.678849,75151,1
6839,6757,406.689985,75162,1
6840,6758,406.701123,75173,1
6841,6759,406.712259,75184,1
6842,6760,406.723395,75195,1
6843,6761,406.734532,75206,1
6844,6762,406.745667,75217,1
6845,6763,406.756803,75228,1
6846,6764,406.767939,75239,1
6847,6765,406.779075,75250,1
6848,6766,406.790211,75261,1
6849,6767,406.801348,75272,1
6850,6768,406.812483,75283,1
6851,6769,406.823620,75294,1
6852,6770,406.834756,75305,1
6853,6771,406.845894,75316,1
6854,6772,406.857029,75327,1
6855,6773,406.868165,75338,1
6856,6774,406.879302,75349,1
6857,6775,406.890437,75360,1
6858,6776,406.901576,75371,1
6859,6777,406.912712,75382,1
6860,6778,406.923847,75393,1
6861,6779,406.934982,75404,1
6862,6780,406.946118,75415,1
6863,6781,406.957256,75426,1
6864,6782,406.968392,75437,1
6865,6783,406.979528,75448,1
6866,6784,406.990665,75459,1
6867,6785,407.001799,75470,1
6868,6786,407.012938,75481,1
6869,6787,407.024072,75492,1
6870,6788,407.035210,75503,1
6871,6789,407.046347,75514,1
6872,6790,407.057482,75525,1
6873,6791,407.068618,75536,1
6874,6792,407.078742,75546,1
6875,6793,407.089879,75557,1
6876,6794,407.101014,75568,1
6877,6795,407.112150,75579,1
6878,6796,407.123288,75590,1
6879,6797,407.134424,75601,1
6880,6798,407.145560,75612,1
6881,6799,407.156694,75623,1
6882,6800,407.167833,75634,1
6883,6801,407.178967,75645,1
6884,6802,407.190104,75656,1
6885,6803,407.201241,75667,1
6886,6804,407.212376,75678,1
6887,6805,407.223513,75689,1
6888,6806,407.234650,75700,1
6889,6807,407.245785,75711,1
6890,6808,407.256920,75722,1
6891,6809,407.268059,75733,1
6892,6810,407.279195,75744,1
6893,6811,407.290329,75755,1
6894,6812,407.301467,75766,1
6895,6813,407.312603,75777,1
6896,6814,407.323738,75788,1
6897,6815,407.334876,75799,1
6898,6816,407.346012,75810,1
6899,6817,407.357146,75821,1
6900,6818,407.368283,75832,1
6901,6819,407.379419,75843,1
6902,6820,407.390556,75854,1
6903,6821,407.401693,75865,1
6904,6822,407.412829,75876,1
6905,6823,407.423964,75887,1
6906,6824,407.435106,75898,1
6907,6825,407.446238,75909,1
6908,6826,407.457373,75920,1
6909,6827,407.468510,75931,1
6910,6828,407.479646,75942,1
6911,6829,407.490781,75953,1
6912,6830,407.501918,75964,1
6913,6831,407.513053,75975,1
6914,6832,407.524192,75986,1
6915,6833,407.535327,75997,1
6916,6834,407.546463,76008,1
6917,6835,407.557600,76019,1
6918,6836,407.568737,76030,1
6919,6837,407.579873,76041,1
6920,6838,407.591009,76052,1
6921,6839,407.602144,76063,1
6922,6840,407.613282,76074,1
6923,6841,407.624417,76085,1
6924,6842,407.635555,76096,1
6925,6843,407.646689,76107,1
6926,6844,407.657827,76118,1
6927,6845,407.668962,76129,1
6928,6846,407.680103,76140,1
6929,6847,407.691235,76151,1
6930,6848,407.702372,76162,1
6931,6849,407.713506,76173,1
6932,6850,407.724642,76184,1
6933,6851,407.735781,76195,1
6934,6852,407.746916,76206,1
6935,6853,407.758051,76217,1
6936,6854,407.769189,76228,1
6937,6855,407.780323,76239,1
6938,6856,407.791461,76250,1
6939,6857,407.802596,76261,1
6940,6858,407.813733,76272,1
6941,6859,407.824868,76283,1
6942,6860,407.836007,76294,1
6943,6861,407.847142,76305,1
6944,6862,407.858279,76316,1
6945,6863,407.869413,76327,1
6946,6864,407.880551,76338,1
6947,6865,407.891685,76349,1
6948,6866,407.902824,76360,1
6949,6867,407.913959,76371,1
6950,6868,407.925101,76382,1
6951,6869,407.936231,76393,1
6952,6870,407.947367,76404,1
