timestamp_s,x_m,y_m,z_m,pixel_u,pixel_v,confidence,snr,circularity,depth_source,detected
1777901142.149597,-0.269630,0.109970,2.638000,377.761505,259.441742,0.621944,3.403714,0.884674,depth,1
1777901142.160725,-0.271556,0.111190,2.654000,377.714294,259.531738,0.616778,3.411498,0.871370,depth,1
1777901142.171852,-0.269119,0.109761,2.633000,377.761505,259.441742,0.621835,3.398273,0.884674,depth,1
1777901142.182979,-0.270942,0.110939,2.648000,377.714294,259.531738,0.615768,3.361035,0.871370,depth,1
1777901142.194107,-0.268616,0.110311,2.633000,377.843903,259.531738,0.616745,3.409850,0.871370,depth,1
1777901142.205234,-0.270141,0.110178,2.643000,377.761505,259.441742,0.621977,3.405361,0.884674,depth,1
1777901142.216361,-0.272389,0.111095,2.665000,377.761505,259.441742,0.622384,3.425736,0.884674,depth,1
1777901142.227489,-0.270146,0.110939,2.648000,377.843903,259.531738,0.616412,3.393231,0.871370,depth,1
1777901142.238617,-0.269727,0.111268,2.638000,377.745544,259.653931,0.617427,3.436638,0.871736,depth,1
1777901142.249744,-0.270559,0.110233,2.643000,377.693329,259.450653,0.627054,3.371528,0.899059,depth,1
1777901142.260872,-0.271070,0.110441,2.648000,377.693329,259.450653,0.626910,3.364313,0.899059,depth,1
1777901142.271999,-0.269541,0.110565,2.638000,377.776031,259.539062,0.622623,3.427148,0.885201,depth,1
1777901142.283126,-0.269407,0.110311,2.633000,377.714294,259.531738,0.616333,3.389281,0.871370,depth,1
1777901142.294255,-0.271268,0.111400,2.659000,377.843903,259.531738,0.617079,3.426569,0.871370,depth,1
1777901142.305382,-0.269630,0.109970,2.638000,377.761505,259.441742,0.621817,3.397363,0.884674,depth,1
1777901142.316509,-0.269126,0.110520,2.638000,377.843903,259.531738,0.616907,3.417971,0.871370,depth,1
1777901142.327637,-0.269420,0.111045,2.638000,377.795868,259.617584,0.611371,3.400017,0.858427,depth,1
1777901142.338764,-0.271937,0.111150,2.665000,377.834656,259.450653,0.598823,2.927121,0.850703,depth,1
1777901142.349892,-0.271776,0.110845,2.659000,377.761505,259.441742,0.622353,3.424172,0.884674,depth,1
1777901142.361020,-0.270652,0.110387,2.648000,377.761505,259.441742,0.621968,3.404937,0.884674,depth,1
1777901142.372147,-0.272389,0.111095,2.665000,377.761505,259.441742,0.621333,3.373172,0.884674,depth,1
1777901142.383274,-0.269630,0.109970,2.638000,377.761505,259.441742,0.621833,3.398152,0.884674,depth,1
1777901142.394402,-0.270141,0.110178,2.643000,377.761505,259.441742,0.621737,3.393388,0.884674,depth,1
1777901142.405529,-0.270576,0.110584,2.643000,377.690491,259.507935,0.616427,3.393941,0.871370,depth,1
1777901142.416657,-0.270441,0.111466,2.648000,377.795868,259.617584,0.612029,3.432903,0.858427,depth,1
1777901142.427785,-0.270441,0.111466,2.648000,377.795868,259.617584,0.612040,3.433451,0.858427,depth,1
1777901142.438912,-0.271363,0.111942,2.654000,377.745544,259.653931,0.616483,3.389457,0.871736,depth,1
1777901142.450039,-0.271054,0.111719,2.654000,377.795868,259.617584,0.611543,3.408621,0.858427,depth,1
1777901142.461168,-0.269420,0.111045,2.638000,377.795868,259.617584,0.612140,3.438480,0.858427,depth,1
1777901142.472295,-0.269420,0.111045,2.638000,377.795868,259.617584,0.611495,3.406242,0.858427,depth,1
1777901142.483422,-0.270239,0.111478,2.643000,377.745544,259.653931,0.616408,3.385672,0.871736,depth,1
1777901142.494550,-0.269126,0.110520,2.638000,377.843903,259.531738,0.616558,3.400488,0.871370,depth,1
1777901142.505677,-0.269119,0.109761,2.633000,377.761505,259.441742,0.621527,3.382857,0.884674,depth,1
1777901142.516804,-0.269630,0.109970,2.638000,377.761505,259.441742,0.621873,3.400176,0.884674,depth,1
1777901142.527933,-0.270652,0.110387,2.648000,377.761505,259.441742,0.620965,3.354782,0.884674,depth,1
1777901142.539060,-0.270141,0.110178,2.643000,377.761505,259.441742,0.621916,3.402297,0.884674,depth,1
1777901142.550187,-0.269182,0.110024,2.638000,377.834656,259.450653,0.598665,2.919172,0.850703,depth,1
1777901142.561315,-0.270530,0.109999,2.648000,377.781342,259.378662,0.627580,3.397808,0.899059,depth,1
1777901142.572442,-0.270652,0.110387,2.648000,377.761505,259.441742,0.620705,3.341760,0.884674,depth,1
1777901142.583570,-0.269693,0.110233,2.643000,377.834656,259.450653,0.598913,2.931608,0.850703,depth,1
1777901142.594698,-0.270652,0.110387,2.648000,377.761505,259.441742,0.621165,3.364772,0.884674,depth,1
1777901142.605825,-0.271824,0.110766,2.665000,377.853027,259.388458,0.603944,2.910945,0.864314,depth,1
1777901142.616952,-0.271654,0.110456,2.659000,377.781342,259.378662,0.626968,3.367214,0.899059,depth,1
1777901142.628079,-0.269630,0.109970,2.638000,377.761505,259.441742,0.620688,3.340928,0.884674,depth,1
1777901142.639208,-0.271824,0.110766,2.665000,377.853027,259.388458,0.603379,2.882678,0.864314,depth,1
1777901142.650335,-0.270702,0.110309,2.654000,377.853027,259.388458,0.603571,2.892286,0.864314,depth,1
1777901142.661462,-0.272267,0.110705,2.665000,377.781342,259.378662,0.625435,3.290589,0.899059,depth,1
1777901142.672590,-0.272267,0.110705,2.665000,377.781342,259.378662,0.625492,3.293409,0.899059,depth,1
1777901142.683717,-0.270702,0.110309,2.654000,377.853027,259.388458,0.603312,2.879314,0.864314,depth,1
1777901142.694844,-0.271824,0.110766,2.665000,377.853027,259.388458,0.603390,2.883223,0.864314,depth,1
1777901142.705973,-0.270652,0.110387,2.648000,377.761505,259.441742,0.619334,3.273221,0.884674,depth,1
1777901142.717100,-0.270090,0.110059,2.648000,377.853027,259.388458,0.602953,2.861388,0.864314,depth,1
1777901142.728227,-0.271212,0.110517,2.659000,377.853027,259.388458,0.603416,2.884536,0.864314,depth,1
1777901142.739355,-0.269508,0.109584,2.638000,377.781342,259.378662,0.625224,3.280003,0.899059,depth,1
1777901142.750482,-0.269508,0.109584,2.638000,377.781342,259.378662,0.626052,3.321398,0.899059,depth,1
1777901142.761610,-0.272844,0.111182,2.675000,377.853027,259.388458,0.603083,2.867885,0.864314,depth,1
1777901142.772738,-0.272844,0.111182,2.675000,377.853027,259.388458,0.603250,2.876237,0.864314,depth,1
1777901142.783865,-0.269580,0.109852,2.643000,377.853027,259.388458,0.603778,2.902613,0.864314,depth,1
1777901142.794992,-0.270702,0.110309,2.654000,377.853027,259.388458,0.603595,2.893474,0.864314,depth,1
1777901142.806121,-0.271824,0.110766,2.665000,377.853027,259.388458,0.603172,2.872316,0.864314,depth,1
1777901142.817248,-0.270090,0.110059,2.648000,377.853027,259.388458,0.603252,2.876298,0.864314,depth,1
1777901142.828375,-0.271212,0.110517,2.659000,377.853027,259.388458,0.602948,2.861116,0.864314,depth,1
1777901142.839503,-0.271212,0.110517,2.659000,377.853027,259.388458,0.603013,2.864355,0.864314,depth,1
1777901142.850630,-0.271212,0.110517,2.659000,377.853027,259.388458,0.603435,2.885493,0.864314,depth,1
1777901142.861758,-0.273456,0.111431,2.681000,377.853027,259.388458,0.603252,2.876307,0.864314,depth,1
1777901142.872886,-0.269104,0.109482,2.643000,377.930756,259.328217,0.598098,2.873306,0.851579,depth,1
1777901142.884013,-0.270090,0.110059,2.648000,377.853027,259.388458,0.603717,2.899570,0.864314,depth,1
1777901142.895140,-0.269523,0.108522,2.648000,377.945312,259.138031,0.593418,2.901337,0.838478,depth,1
1777901142.906268,-0.270098,0.108956,2.665000,378.132355,259.095581,0.590602,2.628729,0.845069,depth,1
1777901142.917396,-0.268451,0.107059,2.643000,378.037323,258.932831,0.585096,2.601989,0.832641,depth,1
1777901142.928523,-0.267435,0.106654,2.633000,378.037323,258.932831,0.585343,2.614315,0.832641,depth,1
1777901142.939651,-0.267943,0.106857,2.638000,378.037323,258.932831,0.585109,2.602618,0.832641,depth,1
1777901142.950778,-0.268261,0.107471,2.643000,378.068176,259.000000,0.580047,2.598083,0.820214,depth,1
1777901142.961905,-0.269371,0.107674,2.648000,377.970154,259.000000,0.585460,2.620197,0.832641,depth,1
1777901142.973033,-0.272332,0.110497,2.686000,378.115387,259.205139,0.598432,2.890034,0.851579,depth,1
1777901142.984161,-0.270643,0.109743,2.659000,377.945312,259.263031,0.593341,2.897470,0.838478,depth,1
1777901142.995288,-0.272112,0.111056,2.681000,378.069244,259.328217,0.598308,2.883812,0.851579,depth,1
1777901143.006416,-0.271824,0.110766,2.665000,377.853027,259.388458,0.602746,2.851031,0.864314,depth,1
1777901143.017543,-0.272334,0.110974,2.670000,377.853027,259.388458,0.603120,2.869734,0.864314,depth,1
1777901143.028670,-0.271212,0.110517,2.659000,377.853027,259.388458,0.603143,2.870872,0.864314,depth,1
1777901143.039798,-0.269580,0.109852,2.643000,377.853027,259.388458,0.602799,2.853680,0.864314,depth,1
1777901143.050926,-0.271212,0.110517,2.659000,377.853027,259.388458,0.603600,2.893698,0.864314,depth,1
1777901143.062053,-0.269648,0.110022,2.648000,377.925079,259.382416,0.608382,2.860616,0.877925,depth,1
1777901143.073180,-0.268505,0.108877,2.638000,377.945312,259.263031,0.593067,2.883794,0.838478,depth,1
1777901143.084308,-0.272362,0.110808,2.675000,377.930756,259.328217,0.598219,2.879356,0.851579,depth,1
1777901143.095436,-0.270385,0.109991,2.665000,378.085938,259.263031,0.593469,2.903888,0.838478,depth,1
1777901143.106563,-0.269518,0.109162,2.654000,378.045441,259.202026,0.604481,2.930417,0.864680,depth,1
1777901143.117691,-0.268909,0.108915,2.648000,378.045441,259.202026,0.603642,2.888515,0.864680,depth,1
1777901143.128818,-0.267760,0.107679,2.638000,378.067169,259.067169,0.585649,2.629634,0.832641,depth,1
1777901143.139945,-0.269798,0.107918,2.654000,378.000000,259.000000,0.585369,2.615629,0.832641,depth,1
1777901143.151073,-0.267939,0.107268,2.638000,378.037872,259.000000,0.579921,2.591775,0.820214,depth,1
1777901143.162201,-0.268496,0.108294,2.643000,378.029846,259.134338,0.585607,2.627496,0.832641,depth,1
1777901143.173328,-0.269776,0.108973,2.659000,378.085938,259.138031,0.593260,2.893452,0.838478,depth,1
1777901143.184456,-0.268582,0.109108,2.643000,378.015869,259.267181,0.588019,2.893396,0.825377,depth,1
1777901143.195583,-0.270733,0.110145,2.659000,377.930756,259.328217,0.598881,2.912474,0.851579,depth,1
1777901143.206710,-0.270224,0.109938,2.654000,377.930756,259.328217,0.598223,2.879557,0.851579,depth,1
1777901143.217839,-0.270090,0.110059,2.648000,377.853027,259.388458,0.603105,2.868960,0.864314,depth,1
1777901143.228966,-0.271824,0.110766,2.665000,377.853027,259.388458,0.603270,2.877243,0.864314,depth,1
1777901143.240093,-0.270090,0.110059,2.648000,377.853027,259.388458,0.603150,2.871240,0.864314,depth,1
1777901143.251221,-0.271824,0.110766,2.665000,377.853027,259.388458,0.603040,2.865714,0.864314,depth,1
1777901143.262349,-0.271212,0.110517,2.659000,377.853027,259.388458,0.603121,2.869761,0.864314,depth,1
1777901143.273476,-0.272334,0.110974,2.670000,377.853027,259.388458,0.603288,2.878138,0.864314,depth,1
1777901143.284604,-0.270090,0.110059,2.648000,377.853027,259.388458,0.603413,2.884377,0.864314,depth,1
1777901143.295731,-0.269104,0.109482,2.643000,377.930756,259.328217,0.598620,2.899390,0.851579,depth,1
1777901143.306858,-0.272397,0.111144,2.675000,377.925079,259.382416,0.609008,2.891872,0.877925,depth,1
1777901143.317986,-0.270495,0.109718,2.659000,377.969238,259.258972,0.598685,2.902688,0.851579,depth,1
1777901143.329113,-0.274073,0.111286,2.697000,378.015381,259.258972,0.599232,2.930026,0.851579,depth,1
1777901143.340240,-0.270635,0.109614,2.665000,378.045441,259.202026,0.603636,2.888196,0.864680,depth,1
1777901143.351368,-0.269776,0.108973,2.659000,378.085938,259.138031,0.593264,2.893629,0.838478,depth,1
1777901143.362495,-0.270726,0.109221,2.665000,378.030762,259.138458,0.574791,2.583810,0.807786,depth,1
1777901143.373623,-0.269892,0.108536,2.659000,378.067169,259.067169,0.585496,2.621969,0.832641,depth,1
1777901143.384751,-0.266142,0.106617,2.622000,378.066162,259.000000,0.589866,2.591943,0.845069,depth,1
1777901143.395878,-0.270731,0.109196,2.665000,378.029846,259.134338,0.585205,2.607399,0.832641,depth,1
1777901143.407005,-0.270814,0.109413,2.670000,378.098480,259.136353,0.580158,2.603645,0.820214,depth,1
1777901143.418133,-0.269093,0.109264,2.648000,378.015381,259.258972,0.598924,2.914619,0.851579,depth,1
1777901143.429260,-0.271326,0.110223,2.670000,378.015869,259.267181,0.588018,2.893386,0.825377,depth,1
1777901143.440387,-0.270733,0.110145,2.659000,377.930756,259.328217,0.598339,2.885360,0.851579,depth,1
1777901143.451515,-0.270090,0.110059,2.648000,377.853027,259.388458,0.603282,2.877828,0.864314,depth,1
1777901143.462642,-0.270090,0.110059,2.648000,377.853027,259.388458,0.603249,2.876168,0.864314,depth,1
1777901143.473769,-0.270090,0.110059,2.648000,377.853027,259.388458,0.603423,2.884856,0.864314,depth,1
1777901143.484897,-0.272844,0.111182,2.675000,377.853027,259.388458,0.603274,2.877445,0.864314,depth,1
1777901143.496024,-0.271824,0.110766,2.665000,377.853027,259.388458,0.603224,2.874938,0.864314,depth,1
1777901143.507151,-0.270702,0.110309,2.654000,377.853027,259.388458,0.603373,2.882393,0.864314,depth,1
1777901143.518278,-0.269188,0.109659,2.648000,378.000000,259.323242,0.603571,2.884952,0.864680,depth,1
1777901143.529407,-0.270821,0.109966,2.665000,378.015381,259.258972,0.598353,2.886063,0.851579,depth,1
1777901143.540534,-0.270501,0.108781,2.665000,378.067169,259.067169,0.585112,2.602785,0.832641,depth,1
1777901143.551661,-0.268171,0.107268,2.638000,378.000000,259.000000,0.585028,2.598579,0.832641,depth,1
1777901143.562788,-0.268268,0.107883,2.643000,378.067169,259.067169,0.585030,2.598657,0.832641,depth,1
1777901143.573916,-0.270495,0.108122,2.659000,377.969238,259.000000,0.575423,2.615421,0.807786,depth,1
1777901143.585043,-0.268039,0.107654,2.643000,378.104492,259.029846,0.584727,2.583503,0.832641,depth,1
1777901143.596171,-0.268076,0.108307,2.643000,378.098480,259.136353,0.580113,2.601372,0.820214,depth,1
1777901143.607298,-0.269699,0.108962,2.659000,378.098480,259.136353,0.580524,2.621943,0.820214,depth,1
1777901143.618425,-0.268447,0.107471,2.643000,378.037872,259.000000,0.580023,2.596849,0.820214,depth,1
1777901143.629553,-0.268851,0.109701,2.654000,378.153839,259.289734,0.598507,2.893781,0.851579,depth,1
1777901143.640680,-0.270635,0.109614,2.665000,378.045441,259.202026,0.603646,2.888709,0.864680,depth,1
1777901143.651807,-0.271254,0.109991,2.665000,377.945312,259.263031,0.593522,2.906551,0.838478,depth,1
1777901143.662935,-0.270259,0.110272,2.654000,377.925079,259.382416,0.609703,2.926660,0.877925,depth,1
1777901143.674062,-0.270702,0.110309,2.654000,377.853027,259.388458,0.603737,2.900565,0.864314,depth,1
1777901143.685189,-0.270090,0.110059,2.648000,377.853027,259.388458,0.603272,2.877316,0.864314,depth,1
1777901143.696317,-0.272844,0.111182,2.675000,377.853027,259.388458,0.602807,2.854082,0.864314,depth,1
1777901143.707445,-0.271824,0.110766,2.665000,377.853027,259.388458,0.603524,2.889931,0.864314,depth,1
1777901143.718571,-0.272334,0.110974,2.670000,377.853027,259.388458,0.603430,2.885212,0.864314,depth,1
1777901143.729700,-0.271212,0.110517,2.659000,377.853027,259.388458,0.603454,2.886398,0.864314,depth,1
1777901143.740827,-0.269798,0.109970,2.654000,378.000000,259.333344,0.592909,2.875902,0.838478,depth,1
1777901143.751954,-0.270733,0.110145,2.659000,377.930756,259.328217,0.598478,2.892303,0.851579,depth,1
1777901143.763082,-0.269700,0.108781,2.654000,378.015869,259.140198,0.587810,2.882982,0.825377,depth,1
1777901143.774209,-0.269798,0.108338,2.654000,378.000000,259.068176,0.579756,2.583507,0.820214,depth,1
1777901143.785336,-0.269518,0.109162,2.654000,378.045441,259.202026,0.603981,2.905456,0.864680,depth,1
1777901143.796464,-0.268958,0.107262,2.648000,378.037323,258.932831,0.585062,2.600295,0.832641,depth,1
1777901143.807591,-0.268583,0.108512,2.648000,378.098480,259.136353,0.580478,2.619618,0.820214,depth,1
1777901143.818718,-0.269191,0.108757,2.654000,378.098480,259.136353,0.580269,2.609186,0.820214,depth,1
1777901143.829846,-0.269594,0.109386,2.659000,378.115387,259.205139,0.598617,2.899286,0.851579,depth,1
1777901143.840973,-0.271747,0.109605,2.675000,378.029846,259.134338,0.584876,2.590994,0.832641,depth,1
1777901143.852100,-0.270026,0.109367,2.659000,378.045441,259.202026,0.604131,2.912918,0.864680,depth,1
1777901143.863228,-0.268255,0.108650,2.643000,378.069244,259.192322,0.574946,2.591563,0.807786,depth,1
1777901143.874356,-0.271143,0.109820,2.670000,378.045441,259.202026,0.603543,2.883555,0.864680,depth,1
1777901143.885482,-0.270643,0.109743,2.659000,377.945312,259.263031,0.593014,2.881125,0.838478,depth,1
1777901143.896610,-0.271344,0.110394,2.665000,377.930756,259.328217,0.598504,2.893610,0.851579,depth,1
1777901143.907737,-0.271254,0.109991,2.665000,377.945312,259.263031,0.592715,2.866180,0.838478,depth,1
1777901143.918865,-0.271824,0.110766,2.665000,377.853027,259.388458,0.603128,2.870142,0.864314,depth,1
1777901143.929993,-0.270702,0.110309,2.654000,377.853027,259.388458,0.603392,2.883323,0.864314,depth,1
1777901143.941120,-0.272844,0.111182,2.675000,377.853027,259.388458,0.603213,2.874350,0.864314,depth,1
1777901143.952247,-0.271824,0.110766,2.665000,377.853027,259.388458,0.603337,2.880559,0.864314,depth,1
1777901143.963374,-0.272973,0.111056,2.681000,377.930756,259.328217,0.598287,2.882754,0.851579,depth,1
1777901143.974502,-0.270916,0.110363,2.665000,378.000000,259.323242,0.603724,2.892611,0.864680,depth,1
1777901143.985629,-0.270122,0.108950,2.659000,378.029846,259.134338,0.584988,2.596553,0.832641,depth,1
1777901143.996756,-0.270116,0.108975,2.659000,378.030762,259.138458,0.575139,2.601217,0.807786,depth,1
1777901144.007884,-0.269509,0.109200,2.654000,378.046875,259.208344,0.592798,2.870337,0.838478,depth,1
1777901144.019011,-0.268451,0.107059,2.643000,378.037323,258.932831,0.585247,2.609526,0.832641,depth,1
1777901144.030138,-0.268679,0.107889,2.643000,378.000000,259.068176,0.579965,2.593969,0.820214,depth,1
1777901144.041266,-0.270916,0.108787,2.665000,378.000000,259.068176,0.580249,2.608152,0.820214,depth,1
1777901144.052393,-0.269004,0.108499,2.648000,378.029846,259.134338,0.584612,2.577753,0.832641,depth,1
1777901144.063520,-0.269776,0.109743,2.659000,378.085938,259.263031,0.593589,2.909889,0.838478,depth,1
1777901144.074648,-0.270306,0.110115,2.659000,378.000000,259.323242,0.603584,2.885604,0.864680,depth,1
1777901144.085776,-0.269093,0.109264,2.648000,378.015381,259.258972,0.598224,2.879634,0.851579,depth,1
1777901144.096903,-0.271524,0.109115,2.665000,377.901520,259.121216,0.580066,2.599032,0.820214,depth,1
1777901144.108031,-0.270306,0.110115,2.659000,378.000000,259.323242,0.603852,2.898985,0.864680,depth,1
1777901144.119158,-0.270733,0.110145,2.659000,377.930756,259.328217,0.598498,2.893296,0.851579,depth,1
1777901144.130285,-0.270821,0.109966,2.665000,378.015381,259.258972,0.598781,2.907457,0.851579,depth,1
1777901144.141413,-0.271072,0.109671,2.659000,377.875671,259.251312,0.614529,3.299058,0.871370,depth,1
1777901144.152540,-0.270820,0.109710,2.659000,377.916656,259.257568,0.579600,2.575711,0.820214,depth,1
1777901144.163667,-0.270501,0.109769,2.659000,377.968262,259.267181,0.587524,2.868648,0.825377,depth,1
1777901144.174795,-0.270916,0.110363,2.665000,378.000000,259.323242,0.603518,2.882300,0.864680,depth,1
1777901144.185922,-0.269523,0.109289,2.648000,377.945312,259.263031,0.592900,2.875421,0.838478,depth,1
1777901144.197049,-0.269014,0.109083,2.643000,377.945312,259.263031,0.593228,2.891842,0.838478,depth,1
1777901144.208177,-0.272515,0.110858,2.686000,378.085938,259.263031,0.593351,2.898011,0.838478,depth,1
1777901144.219304,-0.270539,0.108962,2.659000,377.962128,259.136353,0.580328,2.612109,0.820214,depth,1
1777901144.230431,-0.270211,0.109718,2.659000,378.015381,259.258972,0.598443,2.890551,0.851579,depth,1
1777901144.241559,-0.271567,0.109839,2.670000,377.976929,259.205139,0.598915,2.914187,0.851579,depth,1
1777901144.252686,-0.268679,0.108632,2.643000,378.000000,259.189392,0.580045,2.597946,0.820214,depth,1
1777901144.263813,-0.273051,0.111233,2.686000,378.000000,259.323242,0.603398,2.876292,0.864680,depth,1
1777901144.274941,-0.271763,0.110197,2.670000,377.945312,259.263031,0.593215,2.891199,0.838478,depth,1
1777901144.286069,-0.270916,0.110363,2.665000,378.000000,259.323242,0.604168,2.914809,0.864680,depth,1
1777901144.297196,-0.270643,0.109743,2.659000,377.945312,259.263031,0.593392,2.900029,0.838478,depth,1
1777901144.308324,-0.270306,0.110177,2.659000,378.000000,259.333344,0.593205,2.890677,0.838478,depth,1
1777901144.319451,-0.272542,0.111026,2.681000,378.000000,259.323242,0.604024,2.907588,0.864680,depth,1
1777901144.330578,-0.274093,0.111512,2.692000,377.930756,259.328217,0.598373,2.887069,0.851579,depth,1
1777901144.341706,-0.272562,0.110404,2.675000,377.898438,259.263031,0.593397,2.900284,0.838478,depth,1
1777901144.352833,-0.270820,0.108962,2.659000,377.916656,259.136353,0.580246,2.608045,0.820214,depth,1
1777901144.363960,-0.271012,0.109556,2.665000,377.984375,259.192719,0.592984,2.879642,0.838478,depth,1
1777901144.375088,-0.269090,0.109315,2.648000,378.015869,259.267181,0.587842,2.884570,0.825377,depth,1
1777901144.386215,-0.270448,0.109386,2.659000,377.976929,259.205139,0.598966,2.916717,0.851579,depth,1
1777901144.397342,-0.269014,0.109083,2.643000,377.945312,259.263031,0.593070,2.883940,0.838478,depth,1
1777901144.408469,-0.269371,0.108408,2.648000,377.970154,259.119415,0.585201,2.607206,0.832641,depth,1
1777901144.419598,-0.270168,0.108536,2.659000,378.022400,259.067169,0.585079,2.601099,0.832641,depth,1
1777901144.430725,-0.268479,0.108934,2.648000,378.115387,259.205139,0.598458,2.891316,0.851579,depth,1
1777901144.441852,-0.273660,0.110646,2.692000,378.000000,259.189392,0.580139,2.602686,0.820214,depth,1
1777901144.452980,-0.270635,0.109614,2.665000,378.045441,259.202026,0.603781,2.895424,0.864680,depth,1
1777901144.464107,-0.274205,0.110685,2.692000,377.912689,259.195770,0.588325,2.908729,0.825377,depth,1
1777901144.475234,-0.273564,0.111080,2.692000,378.015381,259.258972,0.599295,2.933173,0.851579,depth,1
1777901144.486362,-0.271157,0.110080,2.659000,377.861969,259.317719,0.619814,3.286704,0.885201,depth,1
1777901144.497489,-0.270733,0.110145,2.659000,377.930756,259.328217,0.598321,2.884461,0.851579,depth,1
1777901144.508616,-0.270844,0.109329,2.659000,377.912689,259.195770,0.588109,2.897910,0.825377,depth,1
1777901144.519744,-0.272973,0.111056,2.681000,377.930756,259.328217,0.598948,2.915797,0.851579,depth,1
1777901144.530871,-0.271157,0.110080,2.659000,377.861969,259.317719,0.619816,3.286795,0.885201,depth,1
1777901144.541999,-0.272279,0.110536,2.670000,377.861969,259.317719,0.619562,3.274082,0.885201,depth,1
1777901144.553127,-0.270006,0.109655,2.648000,377.866669,259.322662,0.597682,2.870049,0.850703,depth,1
1777901144.564254,-0.271212,0.110517,2.659000,377.853027,259.388458,0.603143,2.870892,0.864314,depth,1
1777901144.575381,-0.270006,0.109655,2.648000,377.866669,259.322662,0.597489,2.860402,0.850703,depth,1
1777901144.586509,-0.270090,0.110059,2.648000,377.853027,259.388458,0.603008,2.864143,0.864314,depth,1
1777901144.597636,-0.270702,0.110309,2.654000,377.853027,259.388458,0.603056,2.866513,0.864314,depth,1
1777901144.608763,-0.270090,0.110059,2.648000,377.853027,259.388458,0.602916,2.859531,0.864314,depth,1
1777901144.619891,-0.270733,0.110145,2.659000,377.930756,259.328217,0.598157,2.876278,0.851579,depth,1
1777901144.631018,-0.271212,0.110517,2.659000,377.853027,259.388458,0.602755,2.851466,0.864314,depth,1
1777901144.642145,-0.271379,0.110729,2.665000,377.925079,259.382416,0.608917,2.887343,0.877925,depth,1
1777901144.653273,-0.270035,0.109433,2.648000,377.861969,259.286469,0.619528,3.272381,0.885201,depth,1
1777901144.664400,-0.271853,0.110601,2.670000,377.930756,259.328217,0.598667,2.901762,0.851579,depth,1
1777901144.675527,-0.271684,0.109919,2.665000,377.875671,259.251312,0.614948,3.320007,0.871370,depth,1
1777901144.686656,-0.271684,0.109919,2.665000,377.875671,259.251312,0.614559,3.300565,0.871370,depth,1
1777901144.697783,-0.270134,0.109537,2.654000,377.945312,259.263031,0.593531,2.907006,0.838478,depth,1
1777901144.708910,-0.271329,0.110172,2.670000,378.015381,259.258972,0.598884,2.912591,0.851579,depth,1
1777901144.720038,-0.270224,0.109102,2.654000,377.930756,259.192322,0.575215,2.604996,0.807786,depth,1
1777901144.731165,-0.274429,0.110888,2.692000,377.876923,259.228210,0.598819,2.909349,0.851579,depth,1
1777901144.742292,-0.269981,0.107918,2.654000,377.970154,259.000000,0.584604,2.577353,0.832641,depth,1
1777901144.753420,-0.270386,0.107737,2.654000,377.904419,258.970581,0.590023,2.599790,0.845069,depth,1
1777901144.764547,-0.271724,0.108698,2.665000,377.869232,259.053833,0.575563,2.622408,0.807786,depth,1
1777901144.775674,-0.270161,0.108797,2.648000,377.841400,259.182800,0.608963,3.297394,0.857538,depth,1
1777901144.786802,-0.269283,0.107471,2.643000,377.901520,259.000000,0.580122,2.601837,0.820214,depth,1
1777901144.797929,-0.269238,0.108652,2.643000,377.908844,259.192719,0.619887,3.290336,0.885201,depth,1
1777901144.809056,-0.271853,0.109760,2.670000,377.930756,259.192322,0.575184,2.603462,0.807786,depth,1
1777901144.820184,-0.271284,0.109249,2.659000,377.841400,259.182800,0.608924,3.295426,0.857538,depth,1
1777901144.831311,-0.272167,0.109618,2.675000,377.962128,259.136353,0.580250,2.608209,0.820214,depth,1
1777901144.842438,-0.270932,0.108892,2.659000,377.898438,259.125000,0.569918,2.588709,0.795359,depth,1
1777901144.853566,-0.269943,0.109076,2.648000,377.876923,259.228210,0.598169,2.876844,0.851579,depth,1
1777901144.864694,-0.273343,0.109691,2.675000,377.772491,259.148163,0.614093,3.277251,0.871370,depth,1
1777901144.875821,-0.271193,0.108869,2.659000,377.856049,259.121216,0.580021,2.596776,0.820214,depth,1
1777901144.886948,-0.269860,0.108796,2.643000,377.807281,259.216156,0.620211,3.306531,0.885201,depth,1
1777901144.898076,-0.270913,0.108122,2.659000,377.901520,259.000000,0.580024,2.596925,0.820214,depth,1
1777901144.909203,-0.271106,0.109126,2.665000,377.969238,259.123077,0.575240,2.606284,0.807786,depth,1
1777901144.920330,-0.272396,0.108848,2.665000,377.760406,259.078125,0.593717,2.916278,0.838478,depth,1
1777901144.931458,-0.270103,0.107193,2.643000,377.767670,258.954559,0.604341,2.923431,0.864680,depth,1
1777901144.942585,-0.269525,0.107806,2.643000,377.861969,259.054688,0.593439,2.902382,0.838478,depth,1
1777901144.953712,-0.270211,0.107391,2.648000,377.833344,258.953857,0.598568,2.896808,0.851579,depth,1
1777901144.964840,-0.267936,0.105937,2.622000,377.771149,258.888062,0.608850,2.886883,0.877782,depth,1
1777901144.975967,-0.267134,0.106027,2.622000,377.902985,258.902985,0.584687,2.581496,0.832641,depth,1
1777901144.987094,-0.270887,0.107541,2.659000,377.905792,258.905792,0.594560,2.578079,0.857496,depth,1
1777901144.998222,-0.269274,0.106785,2.643000,377.902985,258.888062,0.584408,2.567551,0.832641,depth,1
1777901145.009350,-0.269783,0.107079,2.648000,377.902985,258.902985,0.585041,2.599244,0.832641,depth,1
1777901145.020477,-0.269671,0.106885,2.643000,377.838226,258.904419,0.589980,2.597643,0.845069,depth,1
1777901145.031605,-0.269783,0.107079,2.648000,377.902985,258.902985,0.585355,2.614938,0.832641,depth,1
1777901145.042732,-0.269257,0.106894,2.643000,377.905792,258.905792,0.595037,2.601925,0.857496,depth,1
1777901145.053859,-0.269175,0.106573,2.638000,377.835846,258.886353,0.603486,2.880683,0.864680,depth,1
1777901145.064987,-0.268773,0.107082,2.638000,377.901520,258.969696,0.579949,2.593174,0.820214,depth,1
1777901145.076114,-0.268351,0.106683,2.638000,377.970581,258.904419,0.590153,2.606247,0.845069,depth,1
1777901145.087241,-0.270103,0.107193,2.643000,377.767670,258.954559,0.603667,2.889747,0.864680,depth,1
1777901145.098369,-0.268764,0.106674,2.638000,377.902985,258.902985,0.584720,2.583154,0.832641,depth,1
1777901145.109496,-0.269783,0.107079,2.648000,377.902985,258.902985,0.585122,2.603290,0.832641,depth,1
1777901145.120623,-0.270082,0.106785,2.643000,377.771149,258.888062,0.609087,2.898700,0.877782,depth,1
1777901145.131752,-0.268860,0.107066,2.643000,377.970581,258.933838,0.590336,2.615429,0.845069,depth,1
1777901145.142879,-0.268451,0.107059,2.643000,378.037323,258.932831,0.585098,2.602085,0.832641,depth,1
1777901145.154006,-0.266723,0.106036,2.622000,377.970581,258.904419,0.590184,2.607800,0.845069,depth,1
1777901145.165133,-0.269671,0.106795,2.643000,377.838226,258.889709,0.590203,2.608766,0.845069,depth,1
1777901145.176261,-0.269257,0.106894,2.643000,377.905792,258.905792,0.594912,2.595677,0.857496,depth,1
1777901145.187388,-0.268034,0.106492,2.638000,378.022400,258.873138,0.584211,2.557712,0.832641,depth,1
1777901145.198516,-0.268453,0.105950,2.638000,377.953857,258.784607,0.574000,2.544248,0.807786,depth,1
1777901145.209643,-0.269880,0.106777,2.648000,377.887177,258.853851,0.597428,2.839803,0.851579,depth,1
1777901145.220770,-0.268860,0.106885,2.643000,377.970581,258.904419,0.589429,2.570080,0.845069,depth,1
1777901145.231898,-0.268860,0.106885,2.643000,377.970581,258.904419,0.589908,2.594043,0.845069,depth,1
1777901145.243025,-0.270895,0.107940,2.659000,377.904419,258.970581,0.590423,2.619758,0.845069,depth,1
1777901145.254152,-0.272731,0.108678,2.675000,377.871216,258.984863,0.580061,2.598774,0.820214,depth,1
1777901145.265280,-0.271065,0.109529,2.659000,377.876923,259.228210,0.598183,2.877585,0.851579,depth,1
1777901145.276407,-0.274002,0.111105,2.692000,377.945312,259.263031,0.593739,2.917384,0.838478,depth,1
1777901145.287534,-0.274093,0.110664,2.692000,377.930756,259.192322,0.574830,2.585764,0.807786,depth,1
1777901145.298661,-0.273825,0.110785,2.686000,377.875671,259.251312,0.614045,3.274876,0.871370,depth,1
1777901145.309790,-0.273174,0.109599,2.681000,377.898438,259.093750,0.570465,2.616066,0.795359,depth,1
1777901145.320917,-0.271733,0.108611,2.665000,377.867737,259.039673,0.588348,2.909868,0.825377,depth,1
1777901145.332044,-0.270419,0.107914,2.648000,377.799469,259.039062,0.593533,2.907076,0.838478,depth,1
1777901145.343172,-0.272351,0.108085,2.665000,377.767670,258.954559,0.604041,2.908440,0.864680,depth,1
1777901145.354299,-0.271318,0.107938,2.659000,377.835815,258.970154,0.585236,2.608951,0.832641,depth,1
1777901145.365426,-0.270823,0.107634,2.654000,377.833344,258.953857,0.599170,2.926917,0.851579,depth,1
1777901145.376554,-0.271333,0.108027,2.659000,377.833344,258.984619,0.598825,2.909640,0.851579,depth,1
1777901145.387681,-0.270072,0.108122,2.659000,378.037872,259.000000,0.579803,2.585888,0.820214,depth,1
1777901145.398808,-0.267842,0.106481,2.633000,377.970581,258.904419,0.590200,2.608619,0.845069,depth,1
1777901145.409936,-0.268958,0.107262,2.648000,378.037323,258.932831,0.585389,2.616606,0.832641,depth,1
1777901145.421064,-0.267943,0.106857,2.638000,378.037323,258.932831,0.585259,2.610123,0.832641,depth,1
1777901145.432191,-0.269368,0.107088,2.648000,377.970581,258.904419,0.589998,2.598534,0.845069,depth,1
1777901145.443319,-0.268032,0.106897,2.638000,378.022736,258.939392,0.579756,2.583545,0.820214,depth,1
1777901145.454446,-0.270493,0.107701,2.659000,377.969696,258.931824,0.580031,2.597271,0.820214,depth,1
1777901145.465573,-0.270821,0.109015,2.665000,378.015381,259.105133,0.598382,2.887501,0.851579,depth,1
1777901145.476701,-0.273051,0.109220,2.686000,378.000000,259.000000,0.585074,2.600871,0.832641,depth,1
1777901145.487828,-0.270161,0.108797,2.648000,377.841400,259.182800,0.608489,3.273670,0.857538,depth,1
1777901145.498955,-0.271254,0.109991,2.665000,377.945312,259.263031,0.592999,2.880409,0.838478,depth,1
1777901145.510083,-0.271676,0.109776,2.665000,377.876923,259.228210,0.598472,2.892015,0.851579,depth,1
1777901145.521210,-0.272547,0.110566,2.670000,377.818665,259.322662,0.597149,2.843379,0.850703,depth,1
1777901145.532338,-0.270025,0.109473,2.648000,377.863647,259.292938,0.604296,2.921193,0.864680,depth,1
1777901145.543466,-0.272396,0.109701,2.665000,377.760406,259.216156,0.620074,3.299663,0.885201,depth,1
1777901145.554593,-0.269500,0.107796,2.643000,377.866150,259.053040,0.604616,2.937167,0.864680,depth,1
1777901145.565720,-0.271769,0.109476,2.665000,377.861969,259.179688,0.593105,2.885700,0.838478,depth,1
1777901145.576848,-0.268595,0.107503,2.638000,377.930756,259.038452,0.575377,2.613116,0.807786,depth,1
1777901145.587975,-0.270306,0.108555,2.659000,378.000000,259.070312,0.569834,2.584514,0.795359,depth,1
1777901145.599102,-0.271349,0.108691,2.659000,377.830780,259.092316,0.574997,2.594142,0.807786,depth,1
1777901145.610230,-0.269600,0.108087,2.648000,377.932831,259.067169,0.585524,2.623374,0.832641,depth,1
1777901145.621357,-0.271325,0.108366,2.665000,377.933838,259.000000,0.590323,2.614785,0.845069,depth,1
1777901145.632485,-0.270904,0.107708,2.659000,377.902985,258.932831,0.585640,2.629163,0.832641,depth,1
1777901145.643613,-0.270025,0.107907,2.648000,377.863647,259.037872,0.580055,2.598455,0.820214,depth,1
1777901145.654740,-0.268679,0.107471,2.643000,378.000000,259.000000,0.585114,2.602889,0.832641,depth,1
1777901145.665867,-0.269283,0.107471,2.643000,377.901520,259.000000,0.580079,2.599676,0.820214,depth,1
1777901145.676995,-0.270196,0.107491,2.648000,377.835815,258.970154,0.585477,2.621011,0.832641,depth,1
1777901145.688122,-0.270404,0.107918,2.654000,377.901520,259.000000,0.580389,2.615190,0.820214,depth,1
1777901145.699249,-0.270895,0.107940,2.659000,377.904419,258.970581,0.590238,2.610525,0.845069,depth,1
1777901145.710377,-0.270448,0.109386,2.659000,377.976929,259.205139,0.597940,2.865419,0.851579,depth,1
1777901145.721504,-0.274701,0.109367,2.692000,377.833344,258.984619,0.598451,2.890985,0.851579,depth,1
1777901145.732632,-0.271738,0.108589,2.659000,377.767670,259.075745,0.604283,2.920530,0.864680,depth,1
1777901145.743759,-0.270082,0.106785,2.643000,377.771149,258.888062,0.609319,2.910327,0.877782,depth,1
1777901145.754887,-0.268356,0.106851,2.638000,377.969696,258.931824,0.579909,2.591157,0.820214,depth,1
1777901145.766014,-0.267330,0.105944,2.627000,377.954559,258.856049,0.579405,2.565994,0.820214,depth,1
1777901145.777141,-0.268962,0.106151,2.643000,377.953857,258.784607,0.574075,2.548019,0.807786,depth,1
1777901145.788269,-0.267944,0.105843,2.633000,377.953857,258.799988,0.574065,2.547497,0.807786,depth,1
1777901145.799396,-0.269658,0.106706,2.654000,378.022736,258.803040,0.578965,2.543948,0.820214,depth,1
1777901145.810524,-0.268542,0.106694,2.643000,378.022400,258.873138,0.584758,2.585047,0.832641,depth,1
1777901145.821651,-0.267943,0.106857,2.638000,378.037323,258.932831,0.585068,2.600552,0.832641,depth,1
1777901145.832778,-0.267842,0.106481,2.633000,377.970581,258.904419,0.589915,2.594360,0.845069,depth,1
1777901145.843906,-0.267943,0.106857,2.638000,378.037323,258.932831,0.585418,2.618064,0.832641,depth,1
1777901145.855034,-0.268351,0.106683,2.638000,377.970581,258.904419,0.590080,2.602599,0.845069,depth,1
1777901145.866161,-0.268679,0.107288,2.643000,378.000000,258.970154,0.584809,2.587599,0.832641,depth,1
1777901145.877288,-0.269685,0.106775,2.643000,377.835846,258.886353,0.603913,2.902067,0.864680,depth,1
1777901145.888416,-0.269766,0.107096,2.648000,377.905792,258.905792,0.595071,2.603639,0.857496,depth,1
1777901145.899543,-0.267842,0.106481,2.633000,377.970581,258.904419,0.589920,2.594612,0.845069,depth,1
1777901145.910671,-0.270593,0.106987,2.648000,377.771149,258.888062,0.609147,2.901739,0.877782,depth,1
1777901145.921798,-0.269283,0.107471,2.643000,377.901520,259.000000,0.580402,2.615835,0.820214,depth,1
1777901145.932925,-0.271524,0.108366,2.665000,377.901520,259.000000,0.580309,2.611174,0.820214,depth,1
1777901145.944053,-0.270025,0.107907,2.648000,377.863647,259.037872,0.580673,2.629378,0.820214,depth,1
1777901145.955181,-0.271318,0.107938,2.659000,377.835815,258.970154,0.585115,2.602905,0.832641,depth,1
1777901145.966308,-0.267235,0.106820,2.627000,377.970154,259.000000,0.584923,2.593334,0.832641,depth,1
1777901145.977435,-0.271533,0.108260,2.659000,377.800995,259.022400,0.609575,2.923105,0.877782,depth,1
1777901145.988563,-0.269579,0.108020,2.643000,377.853241,259.089539,0.609685,2.928624,0.877782,depth,1
1777901145.999690,-0.269564,0.107918,2.654000,378.037872,259.000000,0.580146,2.603033,0.820214,depth,1
1777901146.010817,-0.268356,0.106851,2.638000,377.969696,258.931824,0.580115,2.601482,0.820214,depth,1
1777901146.021945,-0.268351,0.106683,2.638000,377.970581,258.904419,0.590399,2.618563,0.845069,depth,1
1777901146.033072,-0.268764,0.106674,2.638000,377.902985,258.902985,0.584442,2.569251,0.832641,depth,1
1777901146.044200,-0.269979,0.107330,2.654000,377.970581,258.904419,0.590086,2.602936,0.845069,depth,1
1777901146.055328,-0.269274,0.106877,2.643000,377.902985,258.902985,0.585028,2.598558,0.832641,depth,1
1777901146.066455,-0.269274,0.106877,2.643000,377.902985,258.902985,0.584740,2.584187,0.832641,depth,1
1777901146.077582,-0.269783,0.107079,2.648000,377.902985,258.902985,0.585243,2.609343,0.832641,depth,1
1777901146.088710,-0.268958,0.106682,2.643000,377.954559,258.871216,0.579779,2.584679,0.820214,depth,1
1777901146.099837,-0.268860,0.106885,2.643000,377.970581,258.904419,0.589954,2.596300,0.845069,depth,1
1777901146.110964,-0.268860,0.106885,2.643000,377.970581,258.904419,0.590005,2.598859,0.845069,depth,1
1777901146.122092,-0.268860,0.106885,2.643000,377.970581,258.904419,0.590149,2.606060,0.845069,depth,1
1777901146.133219,-0.269671,0.106885,2.643000,377.838226,258.904419,0.590582,2.627721,0.845069,depth,1
1777901146.144346,-0.273205,0.108915,2.675000,377.794861,259.023071,0.599101,2.923449,0.851579,depth,1
1777901146.155475,-0.271758,0.108600,2.665000,377.863647,259.037872,0.580611,2.626280,0.820214,depth,1
1777901146.166602,-0.271333,0.108027,2.659000,377.833344,258.984619,0.599354,2.936124,0.851579,depth,1
1777901146.177729,-0.270386,0.107737,2.654000,377.904419,258.970581,0.590335,2.615349,0.845069,depth,1
1777901146.188856,-0.272351,0.108085,2.665000,377.767670,258.954559,0.604128,2.912779,0.864680,depth,1
1777901146.199984,-0.270593,0.106987,2.648000,377.771149,258.888062,0.610220,2.955353,0.877782,depth,1
1777901146.211111,-0.272862,0.108288,2.670000,377.767670,258.954559,0.604649,2.938824,0.864680,depth,1
1777901146.222238,-0.270614,0.107395,2.648000,377.767670,258.954559,0.603967,2.904729,0.864680,depth,1
1777901146.233366,-0.269571,0.106583,2.638000,377.771149,258.888062,0.609694,2.929071,0.877782,depth,1
1777901146.244493,-0.270082,0.106785,2.643000,377.771149,258.888062,0.609291,2.908924,0.877782,depth,1
1777901146.255621,-0.270082,0.106785,2.643000,377.771149,258.888062,0.609321,2.910392,0.877782,depth,1
1777901146.266749,-0.270082,0.106785,2.643000,377.771149,258.888062,0.609499,2.919322,0.877782,depth,1
1777901146.277876,-0.271438,0.107966,2.654000,377.733337,259.007690,0.598602,2.898520,0.851579,depth,1
1777901146.300131,-0.272018,0.108589,2.659000,377.722229,259.075745,0.604738,2.943304,0.864680,depth,1
1777901146.311258,-0.274175,0.108639,2.681000,377.737366,258.939392,0.605560,2.984385,0.864680,depth,1
1777901146.322385,-0.273135,0.109164,2.665000,377.640839,259.129211,0.610350,2.958988,0.877925,depth,1
1777901146.333513,-0.275906,0.110140,2.697000,377.722229,259.075745,0.605486,2.980701,0.864680,depth,1
1777901146.344640,-0.271438,0.107966,2.654000,377.733337,259.007690,0.599684,2.952598,0.851579,depth,1
1777901146.355767,-0.272563,0.108413,2.665000,377.733337,259.007690,0.599829,2.959887,0.851579,depth,1
1777901146.366895,-0.270825,0.107722,2.648000,377.733337,259.007690,0.599305,2.933657,0.851579,depth,1
1777901146.378022,-0.272539,0.107991,2.665000,377.737366,258.939392,0.604506,2.931716,0.864680,depth,1
1777901146.389149,-0.270289,0.107100,2.643000,377.737366,258.939392,0.604428,2.927778,0.864680,depth,1
1777901146.400277,-0.271206,0.107229,2.654000,377.771149,258.888062,0.609740,2.931371,0.877782,depth,1
1777901146.411404,-0.271414,0.107545,2.654000,377.737366,258.939392,0.604305,2.921627,0.864680,depth,1
1777901146.422531,-0.269060,0.106381,2.633000,377.771149,258.888062,0.609742,2.931453,0.877782,depth,1
1777901146.433659,-0.270614,0.107395,2.648000,377.767670,258.954559,0.604134,2.913106,0.864680,depth,1
1777901146.444786,-0.270800,0.107302,2.648000,377.737366,258.939392,0.604078,2.910281,0.864680,depth,1
1777901146.455914,-0.270082,0.106785,2.643000,377.771149,258.888062,0.609836,2.936175,0.877782,depth,1
1777901146.467041,-0.269571,0.106583,2.638000,377.771149,258.888062,0.609178,2.903267,0.877782,depth,1
1777901146.478168,-0.270593,0.106987,2.648000,377.771149,258.888062,0.609340,2.911390,0.877782,depth,1
1777901146.489296,-0.269592,0.106990,2.638000,377.767670,258.954559,0.603978,2.905307,0.864680,depth,1
1777901146.500424,-0.270593,0.106987,2.648000,377.771149,258.888062,0.609412,2.914975,0.877782,depth,1
1777901146.511550,-0.271717,0.107432,2.659000,377.771149,258.888062,0.609436,2.916185,0.877782,depth,1
1777901146.522678,-0.270593,0.106987,2.648000,377.771149,258.888062,0.609565,2.922632,0.877782,depth,1
1777901146.533806,-0.270082,0.106785,2.643000,377.771149,258.888062,0.609472,2.917948,0.877782,depth,1
1777901146.544933,-0.270800,0.107302,2.648000,377.737366,258.939392,0.604394,2.926084,0.864680,depth,1
1777901146.556060,-0.271331,0.108045,2.648000,377.650909,259.060364,0.604562,2.941823,0.864314,depth,1
1777901146.567188,-0.272458,0.108494,2.659000,377.650909,259.060364,0.604693,2.948392,0.864314,depth,1
1777901146.578315,-0.273073,0.108739,2.665000,377.650909,259.060364,0.605136,2.970516,0.864314,depth,1
1777901146.589442,-0.273625,0.108271,2.665000,377.561523,258.984619,0.600406,2.988732,0.851579,depth,1
1777901146.600570,-0.276021,0.109651,2.686000,377.523071,259.069244,0.600365,2.986643,0.851579,depth,1
1777901146.611697,-0.271275,0.107679,2.638000,377.492523,259.067169,0.611527,3.020703,0.877782,depth,1
1777901146.622824,-0.272920,0.108332,2.654000,377.492523,259.067169,0.611604,3.024579,0.877782,depth,1
1777901146.633951,-0.272312,0.107440,2.643000,377.407135,258.994904,0.616595,2.999041,0.891536,depth,1
1777901146.645079,-0.272340,0.107679,2.638000,377.318420,259.067169,0.611124,3.000548,0.877782,depth,1
1777901146.656206,-0.273401,0.107674,2.648000,377.313721,259.000000,0.615986,2.981628,0.890883,depth,1
1777901146.667333,-0.271824,0.107474,2.633000,377.318420,259.067169,0.610632,2.975987,0.877782,depth,1
1777901146.678461,-0.272340,0.107679,2.638000,377.318420,259.067169,0.610636,2.976152,0.877782,depth,1
1777901146.689588,-0.273268,0.107562,2.643000,377.251251,259.014923,0.610030,2.945850,0.877782,depth,1
1777901146.700715,-0.271950,0.107089,2.627000,377.196075,259.044128,0.615857,2.975214,0.890883,depth,1
1777901146.711843,-0.273370,0.107640,2.633000,377.065216,259.094208,0.596052,2.652688,0.857496,depth,1
1777901146.722970,-0.274575,0.107471,2.643000,377.037872,259.000000,0.580783,2.634875,0.820214,depth,1
1777901146.734097,-0.275511,0.107491,2.648000,376.970154,258.970154,0.585596,2.626976,0.832641,depth,1
1777901146.745225,-0.275064,0.107405,2.638000,376.873138,259.022400,0.585656,2.629975,0.832641,depth,1
1777901146.756352,-0.273205,0.106438,2.622000,376.904419,258.970581,0.590653,2.631283,0.845069,depth,1
1777901146.767479,-0.273205,0.106438,2.622000,376.904419,258.970581,0.590656,2.631411,0.845069,depth,1
1777901146.778607,-0.273197,0.106044,2.622000,376.905792,258.905792,0.595017,2.600934,0.857496,depth,1
1777901146.789734,-0.274045,0.105646,2.633000,376.954559,258.767670,0.603038,2.858317,0.864680,depth,1
1777901146.800861,-0.273598,0.103475,2.622000,376.839783,258.483215,0.608959,2.889466,0.877925,depth,1
1777901146.811990,-0.272661,0.103229,2.617000,376.908142,258.475067,0.603313,2.879356,0.864314,depth,1
1777901146.823117,-0.274849,0.104057,2.638000,376.908142,258.475067,0.603308,2.879100,0.864314,depth,1
1777901146.834243,-0.273892,0.103775,2.638000,377.064606,258.428955,0.609551,2.919057,0.877925,depth,1
1777901146.845371,-0.274934,0.104252,2.648000,377.063995,258.442657,0.625603,3.298963,0.899059,depth,1
1777901146.856498,-0.273469,0.103816,2.638000,377.133850,258.435699,0.632523,3.357252,0.913444,depth,1
1777901146.867625,-0.274506,0.104210,2.648000,377.133850,258.435699,0.632633,3.362746,0.913444,depth,1
1777901146.878754,-0.273885,0.104834,2.654000,377.335815,258.498779,0.628547,3.460286,0.898353,depth,1
1777901146.889881,-0.271885,0.104784,2.643000,377.476929,258.561523,0.629586,3.498651,0.899032,depth,1
1777901146.901008,-0.273020,0.104901,2.659000,377.559692,258.477600,0.640409,3.486577,0.926695,depth,1
1777901146.912136,-0.270833,0.103496,2.643000,377.648590,258.351410,0.640081,3.447490,0.927829,depth,1
1777901146.923263,-0.270433,0.103434,2.643000,377.713898,258.341217,0.634140,3.438131,0.913444,depth,1
1777901146.934390,-0.269104,0.103354,2.643000,377.930756,258.328217,0.598842,2.910503,0.851579,depth,1
1777901146.945518,-0.270037,0.104297,2.670000,378.223969,258.309906,0.620806,3.336268,0.885201,depth,1
1777901146.956645,-0.267494,0.103027,2.654000,378.374359,258.205139,0.625990,3.318862,0.899032,depth,1
1777901146.967772,-0.266609,0.101502,2.648000,378.419952,257.994751,0.602784,2.852922,0.864314,depth,1
1777901146.978900,-0.265421,0.100386,2.643000,378.531738,257.843903,0.614312,3.288213,0.871370,depth,1
1777901146.990027,-0.260887,0.098430,2.622000,378.930664,257.653320,0.632598,4.059086,0.878541,depth,1
1777901147.001154,-0.257636,0.097042,2.606000,379.205139,257.523071,0.625170,3.277842,0.899032,depth,1
1777901147.012282,-0.256792,0.096790,2.617000,379.523438,257.414062,0.619057,3.248811,0.885201,depth,1
1777901147.023409,-0.257844,0.096294,2.638000,379.688354,257.205963,0.617807,3.196868,0.884674,depth,1
1777901147.034536,-0.256474,0.093071,2.643000,379.991730,256.650146,0.609094,3.048907,0.870289,depth,1
1777901147.045664,-0.256932,0.091984,2.665000,380.263031,256.348969,0.618895,3.240713,0.885201,depth,1
1777901147.056791,-0.253224,0.090057,2.648000,380.600006,256.130554,0.621142,3.090023,0.898354,depth,1
1777901147.067918,-0.247937,0.085595,2.617000,380.982758,255.568970,0.642009,3.694716,0.920288,depth,1
1777901147.079045,-0.248090,0.084533,2.638000,381.283081,255.283066,0.609751,3.060178,0.871370,depth,1
1777901147.090173,-0.245506,0.082083,2.633000,381.629303,254.908051,0.607717,3.017657,0.868408,depth,1
1777901147.101300,-0.244767,0.079731,2.643000,381.901947,254.473389,0.634078,3.584289,0.905980,depth,1
1777901147.112427,-0.238731,0.076074,2.617000,382.500000,254.000000,0.628610,3.342087,0.904421,depth,1
1777901147.123555,-0.237195,0.073157,2.627000,382.901947,253.473389,0.630756,3.418229,0.905980,depth,1
1777901147.134682,-0.235142,0.068408,2.622000,383.165253,252.715103,0.592225,2.780866,0.841519,depth,1
1777901147.145809,-0.234042,0.066408,2.648000,383.724243,252.278793,0.612681,3.180308,0.872687,depth,1
1777901147.156937,-0.231641,0.061778,2.643000,384.043854,251.543854,0.626538,3.238469,0.904421,depth,1
1777901147.168064,-0.227203,0.058002,2.633000,384.627258,250.963638,0.611988,3.145643,0.872687,depth,1
1777901147.179191,-0.224817,0.052600,2.633000,385.018188,250.078781,0.611552,3.123877,0.872687,depth,1
1777901147.190319,-0.222266,0.048886,2.648000,385.642212,249.425079,0.621118,3.017682,0.901910,depth,1
1777901147.201446,-0.218885,0.042497,2.643000,386.125397,248.397552,0.620528,2.988212,0.901910,depth,1
1777901147.212573,-0.214417,0.038537,2.638000,386.788147,247.763245,0.613227,2.954156,0.885361,depth,1
1777901147.223701,-0.211976,0.031092,2.638000,387.187286,246.546036,0.605729,2.910215,0.868812,depth,1
1777901147.234828,-0.207894,0.026125,2.643000,387.919006,245.725861,0.611464,2.865963,0.885361,depth,1
1777901147.245955,-0.205171,0.019348,2.643000,388.363342,244.619995,0.600440,2.746507,0.863774,depth,1
1777901147.257083,-0.201891,0.012026,2.648000,388.960785,243.421570,0.608415,2.799770,0.881049,depth,1
1777901147.268210,-0.198377,0.004279,2.654000,389.606049,242.158249,0.609773,3.074014,0.870732,depth,1
1777901147.279337,-0.193194,-0.003207,2.633000,390.197906,240.937500,0.613741,3.034840,0.882610,depth,1
1777901147.290466,-0.188638,-0.010549,2.643000,391.061218,239.741501,0.620841,3.022073,0.900998,depth,1
1777901147.301593,-0.185253,-0.019830,2.643000,391.613464,238.226944,0.603449,2.887988,0.864223,depth,1
1777901147.312720,-0.179792,-0.027964,2.627000,392.326019,236.871796,0.609498,2.966187,0.875435,depth,1
1777901147.323848,-0.173147,-0.037888,2.596000,393.077454,235.168350,0.609611,3.065927,0.870732,depth,1
1777901147.334975,-0.171076,-0.046937,2.627000,393.756958,233.756943,0.613952,3.045390,0.882610,depth,1
1777901147.346102,-0.166930,-0.057771,2.633000,394.500000,232.000000,0.635975,3.756703,0.902103,depth,1
1777901147.357231,-0.163610,-0.069356,2.643000,395.145203,230.145218,0.616571,3.062104,0.888323,depth,1
1777901147.368358,-0.159442,-0.081162,2.648000,395.874542,228.243729,0.617474,2.980218,0.894675,depth,1
1777901147.379485,-0.152199,-0.091467,2.622000,396.808441,226.417618,0.625291,3.385120,0.893972,depth,1
1777901147.390614,-0.145669,-0.102380,2.576000,397.454559,224.321976,0.609525,3.218608,0.862881,depth,1
1777901147.401741,-0.143778,-0.116391,2.648000,398.425690,222.506027,0.602546,3.069905,0.852870,depth,1
1777901147.412868,-0.140500,-0.131125,2.648000,398.959717,220.106232,0.601883,2.585471,0.875435,depth,1
1777901147.423996,-0.137608,-0.146044,2.692000,399.796936,218.065140,0.585872,2.554522,0.836954,depth,1
1777901147.435123,-0.131127,-0.157684,2.648000,400.486267,215.780396,0.609073,2.985258,0.873421,depth,1
1777901147.446250,-0.124431,-0.171037,2.638000,401.500000,213.500000,0.633590,3.645925,0.901679,depth,1
1777901147.457379,-0.119703,-0.185654,2.622000,402.153564,210.925095,0.593974,2.574803,0.856194,depth,1
1777901147.468506,-0.116450,-0.200556,2.633000,402.768616,208.611771,0.575928,2.442148,0.817714,depth,1
1777901147.479633,-0.113619,-0.216615,2.648000,403.337769,206.182220,0.591409,2.585834,0.849230,depth,1
1777901147.490761,-0.106654,-0.233851,2.648000,404.472229,203.375000,0.583001,2.503684,0.832319,depth,1
1777901147.501889,-0.099349,-0.244813,2.670000,405.795319,201.918121,0.633830,3.603087,0.904421,depth,1
1777901147.513016,-0.097997,-0.258491,2.606000,405.625000,198.683334,0.599983,2.750740,0.862419,depth,1
1777901147.524143,-0.094364,-0.276439,2.622000,406.321564,195.992157,0.609082,2.985659,0.873421,depth,1
1777901147.535271,-0.088418,-0.288853,2.596000,407.153839,193.474365,0.592415,2.803591,0.840859,depth,1
1777901147.546398,-0.086428,-0.308581,2.627000,407.654022,190.801682,0.611622,2.690672,0.894522,depth,1
1777901147.557526,-0.085010,-0.327282,2.659000,408.054718,188.378113,0.617425,3.315615,0.877782,depth,1
1777901147.568654,-0.080949,-0.345345,2.643000,408.633881,185.109283,0.611268,2.722005,0.892068,depth,1
1777901147.579781,-0.074153,-0.351222,2.591000,409.500000,183.000000,0.611315,2.861733,0.885201,depth,1
1777901147.590908,-0.066425,-0.358191,2.581000,410.743591,181.608978,0.613022,3.133182,0.875895,depth,1
1777901147.602036,-0.066048,-0.373620,2.546000,410.654907,178.172546,0.609277,2.995423,0.873421,depth,1
1777901147.613163,-0.062029,-0.383296,2.517000,411.214569,175.785446,0.585599,2.540874,0.836954,depth,1
1777901147.624291,-0.062055,-0.409979,2.591000,411.513733,173.219604,0.610181,3.040616,0.873421,depth,1
1777901147.635419,-0.057287,-0.413511,2.531000,412.081390,171.000000,0.599282,2.631983,0.866606,depth,1
1777901147.646546,-0.055697,-0.428409,2.546000,412.408234,168.891388,0.629414,3.180220,0.914523,depth,1
1777901147.657674,-0.053230,-0.442143,2.541000,412.808441,166.417618,0.619121,3.076618,0.893972,depth,1
1777901147.668802,-0.051106,-0.461602,2.576000,413.286743,164.179214,0.581850,2.733264,0.817961,depth,1
1777901147.679929,-0.049446,-0.470934,2.556000,413.500000,162.000000,0.626850,3.300431,0.902103,depth,1
1777901147.691056,-0.045773,-0.475420,2.517000,414.000000,160.000000,0.618040,2.882026,0.900998,depth,1
1777901147.702184,-0.043609,-0.484933,2.502000,414.326019,157.871796,0.606856,2.834119,0.875435,depth,1
1777901147.713311,-0.044408,-0.511104,2.576000,414.408234,155.891388,0.632154,3.317242,0.914523,depth,1
1777901147.724439,-0.040282,-0.512847,2.531000,414.979156,154.072922,0.611874,2.941512,0.882610,depth,1
1777901147.735567,-0.039441,-0.522379,2.521000,415.095703,152.095703,0.616955,3.081313,0.888323,depth,1
1777901147.746694,-0.037078,-0.531594,2.521000,415.500000,150.519226,0.586145,2.395646,0.845581,depth,1
1777901147.757822,-0.035101,-0.540909,2.521000,415.838196,148.925568,0.628432,3.303309,0.905913,depth,1
1777901147.768950,-0.033344,-0.547641,2.507000,416.107025,147.250763,0.618530,2.888306,0.901910,depth,1
1777901147.780077,-0.030976,-0.558659,2.521000,416.543854,145.888885,0.593353,2.598937,0.853436,depth,1
1777901147.791204,-0.030379,-0.569181,2.531000,416.666656,144.473679,0.594127,2.637643,0.853436,depth,1
1777901147.802332,-0.028209,-0.573491,2.512000,417.000000,143.000000,0.638105,3.713616,0.909583,depth,1
1777901147.813460,-0.027976,-0.584496,2.526000,417.066681,141.666672,0.613573,3.168134,0.875526,depth,1
1777901147.824587,-0.025295,-0.582818,2.488000,417.458344,140.433334,0.614989,2.782402,0.898354,depth,1
1777901147.835715,-0.024958,-0.595107,2.517000,417.566681,139.491669,0.615688,2.817309,0.898354,depth,1
1777901147.846842,-0.022462,-0.602000,2.517000,417.994293,138.310547,0.622595,3.314700,0.890753,depth,1
1777901147.857970,-0.021292,-0.608999,2.521000,418.200562,137.276840,0.610570,2.860877,0.883381,depth,1
1777901147.869098,-0.019933,-0.611813,2.507000,418.414062,136.210938,0.586790,2.569941,0.838478,depth,1
1777901147.880225,-0.018366,-0.616025,2.502000,418.677338,135.274673,0.618215,2.929576,0.899059,depth,1
1777901147.891352,-0.017485,-0.621989,2.502000,418.829132,134.246506,0.600754,2.919611,0.855904,depth,1
1777901147.902480,-0.015213,-0.624968,2.493000,419.211395,133.344177,0.615042,3.058626,0.884674,depth,1
1777901147.913608,-0.013334,-0.626804,2.479000,419.523438,132.414062,0.617857,3.188857,0.885201,depth,1
1777901147.924735,-0.012711,-0.631288,2.474000,419.627289,131.412079,0.631708,3.316517,0.913444,depth,1
1777901147.935863,-0.010208,-0.637849,2.479000,420.067169,130.492538,0.608321,2.860432,0.877782,depth,1
1777901147.946990,-0.008647,-0.643361,2.483000,420.341217,129.713913,0.632855,3.373851,0.913444,depth,1
1777901147.958117,-0.007680,-0.654200,2.507000,420.522064,128.919113,0.615954,2.980040,0.890883,depth,1
1777901147.969245,-0.005555,-0.661285,2.517000,420.891296,128.152176,0.595363,2.618200,0.857497,depth,1
1777901147.980373,-0.003718,-0.664122,2.512000,421.204926,127.439507,0.599896,2.958722,0.851805,depth,1
1777901147.991500,-0.002235,-0.661061,2.479000,421.454315,126.454323,0.631952,3.630506,0.898353,depth,1
1777901148.002627,-0.001143,-0.667479,2.488000,421.645081,125.757797,0.611306,3.024430,0.877044,depth,1
1777901148.013756,0.001564,-0.671315,2.488000,422.114288,125.092857,0.600950,2.649000,0.869924,depth,1
1777901148.024883,0.003175,-0.671810,2.474000,422.396606,124.347931,0.606708,3.046932,0.864424,depth,1
1777901148.036010,0.004635,-0.680381,2.493000,422.645081,123.757797,0.611285,3.023367,0.877044,depth,1
1777901148.047138,0.006089,-0.686736,2.502000,422.892853,123.085716,0.601959,2.699471,0.869924,depth,1
1777901148.058265,0.008325,-0.687991,2.497000,423.281097,122.631844,0.611150,3.001862,0.877782,depth,1
1777901148.069393,0.009131,-0.684519,2.474000,423.434998,122.132385,0.617764,3.094926,0.889663,depth,1
1777901148.080521,0.010269,-0.685303,2.465000,423.639893,121.559608,0.636497,3.591614,0.911662,depth,1
1777901148.091648,0.012300,-0.691961,2.483000,423.979645,121.272263,0.590125,2.609460,0.844840,depth,1
1777901148.102775,0.014332,-0.698836,2.502000,424.313721,121.000000,0.618299,3.097300,0.890883,depth,1
1777901148.113904,0.015340,-0.704183,2.512000,424.476929,120.561539,0.629683,3.503518,0.899032,depth,1
1777901148.125031,0.016084,-0.700509,2.497000,424.621216,120.469696,0.634495,3.467482,0.912863,depth,1
1777901148.136158,0.017982,-0.701653,2.497000,424.949097,120.272263,0.589194,2.562888,0.844840,depth,1
1777901148.147286,0.019508,-0.701000,2.488000,425.224762,119.946968,0.602292,2.821015,0.864680,depth,1
1777901148.158414,0.020037,-0.706196,2.502000,425.297150,119.731270,0.608419,2.862459,0.877925,depth,1
1777901148.169541,0.020599,-0.701012,2.483000,425.421204,119.700256,0.609028,2.892910,0.877925,depth,1
1777901148.180669,0.021053,-0.689754,2.442000,425.561401,119.644112,0.622236,3.410918,0.885045,depth,1
1777901148.191796,0.021620,-0.697520,2.469000,425.619751,119.619751,0.628287,3.447295,0.898353,depth,1
1777901148.202923,0.022595,-0.700466,2.483000,425.767914,119.795059,0.599546,2.941193,0.851805,depth,1
1777901148.214052,0.024063,-0.698997,2.479000,426.029633,119.854324,0.598374,2.882612,0.851805,depth,1
1777901148.225179,0.024967,-0.698247,2.479000,426.186859,119.984848,0.604298,2.921287,0.864680,depth,1
1777901148.236306,0.024946,-0.702292,2.497000,426.151947,120.161766,0.615286,2.946627,0.890883,depth,1
1777901148.247434,0.025556,-0.698034,2.488000,426.273193,120.461151,0.623449,3.471575,0.885045,depth,1
1777901148.258562,0.025072,-0.695153,2.479000,426.205139,120.523079,0.628004,3.419573,0.899032,depth,1
1777901148.269689,0.024745,-0.693249,2.479000,426.148163,120.854324,0.599226,2.925198,0.851805,depth,1
1777901148.280817,0.025323,-0.694459,2.488000,426.232849,121.080879,0.615270,2.945868,0.890883,depth,1
1777901148.291944,0.024252,-0.692806,2.488000,426.047241,121.367455,0.602893,2.858362,0.864314,depth,1
1777901148.303071,0.023897,-0.686232,2.469000,426.017548,121.591476,0.593599,2.896256,0.839186,depth,1
1777901148.314199,0.022213,-0.684388,2.469000,425.723450,121.913582,0.600251,2.976472,0.851805,depth,1
1777901148.325327,0.021947,-0.682772,2.469000,425.676849,122.195930,0.617721,3.055326,0.891536,depth,1
1777901148.336454,0.021074,-0.678333,2.460000,425.537872,122.537880,0.637633,3.624363,0.912863,depth,1
1777901148.347582,0.019965,-0.679916,2.474000,425.323669,122.934784,0.623617,3.101154,0.903984,depth,1
1777901148.358709,0.019822,-0.677234,2.474000,425.298767,123.402466,0.630872,3.576512,0.898353,depth,1
1777901148.369836,0.017825,-0.676200,2.474000,424.950623,123.582718,0.602073,3.067530,0.851805,depth,1
1777901148.380965,0.015510,-0.680538,2.497000,424.522064,123.919121,0.617695,3.067108,0.890883,depth,1
1777901148.392092,0.014918,-0.670956,2.469000,424.449158,124.260048,0.617927,3.103086,0.889663,depth,1
1777901148.403219,0.013950,-0.671945,2.479000,424.270203,124.560608,0.636651,3.575292,0.912863,depth,1
1777901148.414346,0.011431,-0.664359,2.455000,423.851318,124.750603,0.586298,2.659987,0.832747,depth,1
1777901148.425474,0.009262,-0.666012,2.465000,423.463776,124.934784,0.623821,3.111359,0.903984,depth,1
1777901148.436601,0.008406,-0.672216,2.493000,423.297363,125.170265,0.613102,3.114211,0.877044,depth,1
1777901148.447729,0.006333,-0.664694,2.465000,422.951324,125.165451,0.607574,2.708019,0.883535,depth,1
1777901148.458857,0.004125,-0.667750,2.483000,422.559692,125.477615,0.644116,3.671921,0.926695,depth,1
1777901148.469984,0.002831,-0.667681,2.479000,422.335693,125.302597,0.618022,3.107854,0.889663,depth,1
1777901148.481111,0.000515,-0.666760,2.479000,421.932831,125.462685,0.612874,3.088062,0.877782,depth,1
1777901148.492239,-0.002252,-0.664153,2.465000,421.449158,125.260048,0.619581,3.185792,0.889663,depth,1
1777901148.503366,-0.003273,-0.670328,2.488000,421.275787,125.263786,0.613504,3.134311,0.877044,depth,1
1777901148.514494,-0.005137,-0.674977,2.502000,420.957733,125.112679,0.609019,2.803942,0.882351,depth,1
1777901148.525622,-0.008287,-0.671823,2.488000,420.406616,125.004730,0.620673,3.240397,0.889663,depth,1
1777901148.536749,-0.009201,-0.672737,2.488000,420.248230,124.846336,0.620931,3.253296,0.889663,depth,1
1777901148.547876,-0.011723,-0.668325,2.469000,419.795410,124.719543,0.602574,2.754859,0.868692,depth,1
1777901148.559004,-0.013705,-0.670956,2.469000,419.449158,124.260048,0.620399,3.226669,0.889663,depth,1
1777901148.570131,-0.013901,-0.671337,2.469000,419.414917,124.193474,0.626794,3.294069,0.902282,depth,1
1777901148.581259,-0.016460,-0.679542,2.493000,418.995575,123.902870,0.619085,2.861489,0.904638,depth,1
1777901148.592387,-0.017615,-0.677164,2.479000,418.778564,123.652679,0.599460,2.838790,0.856710,depth,1
1777901148.603514,-0.019389,-0.679027,2.479000,418.470032,123.328537,0.615862,3.252223,0.877044,depth,1
1777901148.614641,-0.019979,-0.684370,2.493000,418.386932,123.067596,0.627911,3.349895,0.902282,depth,1
1777901148.625769,-0.021555,-0.682389,2.479000,418.093231,122.743591,0.600712,2.901402,0.856710,depth,1
1777901148.636896,-0.023296,-0.686606,2.488000,417.804993,122.442177,0.608685,2.820783,0.880674,depth,1
1777901148.648024,-0.023845,-0.689183,2.488000,417.709747,121.995468,0.609378,2.855422,0.880674,depth,1
1777901148.659152,-0.024516,-0.687575,2.479000,417.578094,121.841492,0.628393,3.374017,0.902282,depth,1
1777901148.670279,-0.024924,-0.689152,2.479000,417.506958,121.567131,0.617589,3.363916,0.875776,depth,1
1777901148.681406,-0.025712,-0.689762,2.474000,417.360931,121.218391,0.632865,3.345199,0.914902,depth,1
1777901148.692534,-0.026078,-0.689857,2.474000,417.297058,121.201813,0.610568,2.914923,0.880674,depth,1
1777901148.703661,-0.027331,-0.698187,2.502000,417.131989,121.111855,0.615340,2.913865,0.892656,depth,1
1777901148.714789,-0.028085,-0.705258,2.526000,417.047943,121.047943,0.621948,2.953283,0.907206,depth,1
1777901148.725917,-0.028809,-0.714144,2.556000,416.982117,120.961967,0.616027,2.948222,0.892656,depth,1
1777901148.737044,-0.028346,-0.702661,2.517000,416.986115,121.062500,0.615249,2.866886,0.894779,depth,1
1777901148.748171,-0.028728,-0.703171,2.517000,416.920624,120.975060,0.609768,2.874891,0.880674,depth,1
1777901148.759299,-0.028500,-0.697584,2.497000,416.920624,120.975060,0.609650,2.868997,0.880674,depth,1
1777901148.770427,-0.029356,-0.704962,2.526000,416.830994,121.098595,0.609817,2.843839,0.882351,depth,1
1777901148.781554,-0.029925,-0.703411,2.526000,416.733795,121.363426,0.614488,2.828835,0.894779,depth,1
1777901148.792682,-0.029463,-0.695834,2.502000,416.764557,121.517479,0.598366,2.784108,0.856710,depth,1
1777901148.803809,-0.029623,-0.700716,2.521000,416.775421,121.586288,0.620593,3.236367,0.889663,depth,1
1777901148.814936,-0.029604,-0.699592,2.521000,416.778564,121.778557,0.599613,2.846435,0.856710,depth,1
1777901148.826064,-0.029377,-0.688222,2.483000,416.740479,121.921700,0.614068,2.850273,0.892656,depth,1
1777901148.837191,-0.030030,-0.690896,2.502000,416.666656,122.368546,0.608652,2.785579,0.882351,depth,1
1777901148.848319,-0.029740,-0.697627,2.531000,416.775421,122.586288,0.620522,3.232847,0.889663,depth,1
1777901148.859446,-0.029444,-0.688140,2.502000,416.767822,122.843681,0.604148,2.833556,0.868692,depth,1
1777901148.870574,-0.030321,-0.680835,2.479000,416.568085,123.014084,0.609455,2.825698,0.882351,depth,1
1777901148.881701,-0.029667,-0.680462,2.488000,416.700470,123.507248,0.626149,3.227753,0.903984,depth,1
1777901148.892828,-0.029557,-0.678799,2.488000,416.719543,123.795403,0.603776,2.814930,0.868692,depth,1
1777901148.903957,-0.030702,-0.675794,2.483000,416.510345,124.080460,0.603948,2.823561,0.868692,depth,1
1777901148.915084,-0.031130,-0.685026,2.521000,416.517487,124.270393,0.598341,2.782847,0.856710,depth,1
1777901148.926211,-0.030837,-0.683040,2.526000,416.578094,124.841492,0.626805,3.294595,0.902282,depth,1
1777901148.937339,-0.031091,-0.670111,2.483000,416.442902,125.067596,0.627468,3.327753,0.902282,depth,1
1777901148.948466,-0.031463,-0.673196,2.502000,416.419678,125.419662,0.648836,3.942358,0.924971,depth,1
1777901148.959594,-0.032393,-0.669381,2.497000,416.248230,125.846336,0.621898,3.301652,0.889663,depth,1
1777901148.970722,-0.031626,-0.664822,2.488000,416.360931,126.218391,0.632547,3.329339,0.914902,depth,1
1777901148.981849,-0.032345,-0.667063,2.502000,416.267639,126.476883,0.611599,3.291450,0.864424,depth,1
1777901148.992976,-0.033303,-0.661241,2.488000,416.070282,126.839005,0.610572,2.915125,0.880674,depth,1
1777901149.004104,-0.033364,-0.658710,2.483000,416.047943,127.047943,0.621532,2.932485,0.907206,depth,1
1777901149.015231,-0.034833,-0.657762,2.488000,415.804993,127.442177,0.610054,2.889224,0.880674,depth,1
1777901149.026358,-0.034394,-0.653610,2.479000,415.859406,127.750565,0.610266,2.899811,0.880674,depth,1
1777901149.037487,-0.035205,-0.654996,2.488000,415.740479,127.921700,0.616319,2.962838,0.892656,depth,1
1777901149.048614,-0.036578,-0.652419,2.483000,415.489807,128.140594,0.610508,2.911910,0.880674,depth,1
1777901149.059741,-0.036886,-0.653044,2.488000,415.449158,128.260040,0.623371,3.375291,0.889663,depth,1
1777901149.070869,-0.036860,-0.646868,2.465000,415.393951,128.284378,0.628616,3.385172,0.902282,depth,1
1777901149.081996,-0.036068,-0.642634,2.455000,415.506958,128.567123,0.618282,3.398604,0.875776,depth,1
1777901149.093123,-0.036215,-0.645252,2.465000,415.506958,128.567123,0.618602,3.414599,0.875776,depth,1
1777901149.104252,-0.036453,-0.645318,2.465000,415.465271,128.555557,0.592832,2.995245,0.832319,depth,1
1777901149.115379,-0.036333,-0.645635,2.465000,415.486298,128.500000,0.597323,2.988580,0.843879,depth,1
1777901149.126506,-0.036786,-0.645555,2.460000,415.393951,128.284378,0.629432,3.425950,0.902282,depth,1
1777901149.137634,-0.037260,-0.650921,2.479000,415.360931,128.218384,0.636029,3.503406,0.914902,depth,1
1777901149.148761,-0.037480,-0.656019,2.497000,415.369629,128.154190,0.642728,3.585964,0.927521,depth,1
1777901149.159889,-0.035711,-0.650937,2.474000,415.617767,127.986664,0.607663,3.043170,0.866999,depth,1
1777901149.171017,-0.035715,-0.654875,2.483000,415.639648,127.713966,0.601190,2.950744,0.855439,depth,1
1777901149.182144,-0.036193,-0.661734,2.502000,415.604431,127.395554,0.606556,2.987850,0.866999,depth,1
1777901149.193271,-0.035380,-0.663953,2.502000,415.744598,127.012985,0.617858,3.090544,0.890119,depth,1
1777901149.204399,-0.034646,-0.656888,2.474000,415.803528,126.949226,0.624204,3.117406,0.904638,depth,1
1777901149.215526,-0.034036,-0.659416,2.479000,415.921692,126.740494,0.618757,3.084738,0.892656,depth,1
1777901149.226654,-0.034343,-0.669079,2.507000,415.935059,126.359306,0.617384,3.066813,0.890119,depth,1
1777901149.237782,-0.034487,-0.666446,2.488000,415.864929,125.936821,0.630406,3.187912,0.916620,depth,1
1777901149.248909,-0.034423,-0.670969,2.502000,415.909485,125.803535,0.624589,3.136672,0.904638,depth,1
1777901149.260036,-0.033906,-0.670332,2.497000,415.986847,125.682014,0.612461,3.051873,0.878559,depth,1
1777901149.271164,-0.035840,-0.688696,2.556000,415.795685,125.255913,0.607854,3.094852,0.864892,depth,1
1777901149.282291,-0.035309,-0.674205,2.497000,415.744598,125.012985,0.618722,3.133728,0.890119,depth,1
1777901149.293419,-0.036086,-0.671391,2.483000,415.575165,124.845314,0.603025,3.076596,0.853733,depth,1
1777901149.304546,-0.036347,-0.670553,2.474000,415.506958,124.567131,0.622041,3.586552,0.875776,depth,1
1777901149.315674,-0.038058,-0.675111,2.483000,415.232666,124.199104,0.618096,3.051692,0.892656,depth,1
1777901149.326801,-0.039884,-0.684721,2.512000,414.995575,123.902870,0.625952,3.204827,0.904638,depth,1
1777901149.337928,-0.040540,-0.676373,2.479000,414.790283,123.790283,0.624469,3.130659,0.904638,depth,1
1777901149.349056,-0.043166,-0.685179,2.502000,414.402313,123.354027,0.605838,2.918076,0.868692,depth,1
1777901149.360183,-0.041509,-0.670161,2.451000,414.539062,123.539062,0.619823,3.287155,0.885201,depth,1
1777901149.371311,-0.043449,-0.667922,2.442000,414.169586,123.500000,0.630139,3.418529,0.904421,depth,1
1777901149.382439,-0.046885,-0.692878,2.526000,413.838196,123.161812,0.638578,3.810640,0.905913,depth,1
1777901149.393566,-0.048529,-0.706038,2.561000,413.670685,122.562248,0.648203,4.149765,0.913020,depth,1
1777901149.404693,-0.055075,-0.696250,2.517000,412.406128,122.160919,0.588267,2.674264,0.836954,depth,1
1777901149.415822,-0.062925,-0.717259,2.561000,411.246246,120.672676,0.596695,2.522139,0.865629,depth,1
1777901149.426949,-0.075528,-0.753310,2.670000,409.643127,119.780396,0.614679,3.265542,0.873421,depth,1
1777901149.438076,-0.077274,-0.741052,2.627000,409.156860,119.801117,0.598586,2.811200,0.855904,depth,1
1777901149.449204,-0.076046,-0.720567,2.541000,408.935791,119.160492,0.631339,3.599864,0.898353,depth,1
1777901149.460331,-0.076671,-0.706615,2.488000,408.552643,118.973686,0.647677,3.895234,0.924430,depth,1
1777901149.471458,-0.080993,-0.711706,2.488000,407.803314,118.091095,0.625396,3.302352,0.898372,depth,1
1777901149.482587,-0.084046,-0.716759,2.502000,407.355713,117.910446,0.612789,3.083832,0.877782,depth,1
1777901149.493714,-0.090385,-0.735086,2.546000,406.532227,116.941177,0.597231,2.743455,0.855904,depth,1
1777901149.504841,-0.093312,-0.722750,2.479000,405.609100,115.721825,0.609707,2.944494,0.877044,depth,1
1777901149.515969,-0.104913,-0.753789,2.571000,404.243958,115.014496,0.623950,3.117798,0.903984,depth,1
1777901149.527097,-0.114595,-0.794724,2.686000,403.442902,113.855476,0.625948,3.251760,0.902282,depth,1
1777901149.538224,-0.108277,-0.734017,2.469000,402.929291,113.244446,0.612097,3.067611,0.876862,depth,1
1777901149.549352,-0.108520,-0.711597,2.371000,402.103455,112.022987,0.598396,2.858306,0.853076,depth,1
1777901149.560479,-0.113176,-0.721511,2.384000,401.368622,110.935295,0.616863,3.374747,0.873421,depth,1
1777901149.571606,-0.119680,-0.743528,2.437000,400.662903,109.877586,0.595285,2.962926,0.840067,depth,1
1777901149.582734,-0.125568,-0.759173,2.465000,399.873383,108.635010,0.627441,3.579882,0.889608,depth,1
1777901149.593862,-0.130175,-0.761678,2.455000,398.974487,107.653915,0.637765,3.698508,0.909487,depth,1
1777901149.604989,-0.135860,-0.777165,2.479000,398.206787,106.254906,0.619111,3.204969,0.887528,depth,1
1777901149.616117,-0.140465,-0.792729,2.507000,397.678680,105.087631,0.624651,3.396452,0.891804,depth,1
1777901149.627244,-0.144458,-0.796632,2.497000,396.892212,103.867332,0.631822,3.683424,0.895384,depth,1
1777901149.638371,-0.147096,-0.793106,2.460000,396.054443,102.415840,0.622232,3.345133,0.888323,depth,1
1777901149.649499,-0.146166,-0.779361,2.393000,395.500000,101.000000,0.629494,3.356424,0.905913,depth,1
1777901149.660627,-0.152786,-0.802145,2.442000,394.859406,99.794632,0.629434,3.475747,0.899796,depth,1
1777901149.671754,-0.155629,-0.804865,2.428000,394.198761,98.494522,0.610103,3.098134,0.870352,depth,1
1777901149.682882,-0.158915,-0.816425,2.437000,393.719391,96.976746,0.611962,3.027617,0.878524,depth,1
1777901149.694009,-0.161776,-0.817691,2.419000,393.000000,95.675926,0.633685,3.811523,0.893635,depth,1
1777901149.705137,-0.164463,-0.824567,2.419000,392.520844,94.449997,0.635881,3.827001,0.898354,depth,1
1777901149.716265,-0.167731,-0.834242,2.424000,392.000000,93.031746,0.609239,3.034554,0.871369,depth,1
1777901149.727392,-0.169323,-0.837262,2.410000,391.541656,91.629166,0.636094,3.837642,0.898354,depth,1
1777901149.738519,-0.174043,-0.853841,2.437000,391.042053,90.355141,0.627680,3.676796,0.885361,depth,1
1777901149.749646,-0.175761,-0.857585,2.428000,390.622833,89.129890,0.634566,3.561771,0.908325,depth,1
1777901149.760774,-0.176534,-0.858196,2.406000,390.198761,87.627541,0.609771,3.081535,0.870352,depth,1
1777901149.771902,-0.179202,-0.865616,2.406000,389.720490,86.297462,0.628526,3.202047,0.911213,depth,1
1777901149.783029,-0.184386,-0.890800,2.455000,389.450897,84.970238,0.621591,3.308454,0.888554,depth,1
1777901149.794157,-0.187383,-0.900149,2.460000,388.991241,83.649124,0.607128,2.998132,0.867913,depth,1
1777901149.805284,-0.185846,-0.892370,2.419000,388.708496,82.361229,0.619020,3.268827,0.884107,depth,1
1777901149.816411,-0.188532,-0.901703,2.424000,388.298889,81.028923,0.612192,2.914493,0.884756,depth,1
1777901149.827539,-0.191818,-0.918818,2.451000,388.090240,79.784569,0.622092,3.156347,0.897412,depth,1
1777901149.838667,-0.190787,-0.910379,2.410000,387.700592,78.544250,0.627961,3.468290,0.896488,depth,1
1777901149.849794,-0.190920,-0.915547,2.406000,387.620026,77.347054,0.605269,2.986921,0.863828,depth,1
1777901149.860922,-0.192169,-0.922740,2.406000,387.396149,76.057693,0.603848,2.890773,0.865081,depth,1
1777901149.872049,-0.190105,-0.912926,2.363000,387.145905,74.838997,0.623278,3.330975,0.891647,depth,1
1777901149.883177,-0.193893,-0.930557,2.393000,386.898193,73.750305,0.617389,3.053225,0.890811,depth,1
1777901149.894305,-0.195420,-0.942629,2.406000,386.813293,72.492477,0.637307,3.469743,0.919779,depth,1
1777901149.905432,-0.191252,-0.925042,2.346000,386.683746,71.404152,0.636684,3.462924,0.918564,depth,1
1777901149.916559,-0.194362,-0.944215,2.380000,386.622375,70.359161,0.635616,3.544115,0.911835,depth,1
1777901149.927687,-0.197309,-0.961694,2.410000,386.533325,69.361214,0.641671,3.577678,0.925294,depth,1
1777901149.938814,-0.197554,-0.967144,2.410000,386.489624,68.385834,0.641253,3.691369,0.918564,depth,1
1777901149.949942,-0.199591,-0.979988,2.428000,386.389893,67.387482,0.624160,3.262208,0.897290,depth,1
1777901149.961070,-0.201784,-0.989872,2.442000,386.205841,66.639763,0.614597,2.941268,0.889429,depth,1
1777901149.972197,-0.200818,-0.988961,2.428000,386.171844,65.793541,0.620625,2.993001,0.901913,depth,1
1777901149.983324,-0.198325,-0.981145,2.397000,386.159119,64.927994,0.617617,2.967423,0.895671,depth,1
1777901149.994452,-0.201058,-0.994268,2.419000,385.996460,64.193855,0.622261,3.319808,0.889663,depth,1
1777901150.005579,-0.202872,-1.005646,2.437000,385.940155,63.489437,0.623865,3.273821,0.895973,depth,1
1777901150.016707,-0.202560,-1.009471,2.437000,385.995270,62.812572,0.609469,2.934541,0.876946,depth,1
1777901150.027835,-0.200840,-1.001330,2.410000,385.901550,62.268089,0.629173,3.253715,0.910247,depth,1
1777901150.038962,-0.202774,-1.016133,2.437000,385.957458,61.633572,0.601521,2.925443,0.857530,depth,1
1777901150.050089,-0.204499,-1.023562,2.451000,385.858826,61.353500,0.629175,3.253807,0.910247,depth,1
1777901150.061218,-0.203704,-1.026262,2.451000,385.998810,60.878460,0.603660,2.893759,0.864463,depth,1
1777901150.072345,-0.204383,-1.028844,2.451000,385.879333,60.424133,0.625137,3.181488,0.903769,depth,1
1777901150.083472,-0.204265,-1.029709,2.451000,385.900116,60.271961,0.620821,3.095259,0.897290,depth,1
1777901150.094600,-0.203640,-1.033785,2.455000,386.068390,59.851036,0.597461,2.833472,0.851980,depth,1
1777901150.105727,-0.202720,-1.024375,2.428000,385.833954,59.503029,0.618507,3.109124,0.890811,depth,1
1777901150.116854,-0.203875,-1.030800,2.442000,385.836395,59.411476,0.614480,3.037344,0.884333,depth,1
1777901150.127983,-0.204815,-1.037184,2.455000,385.862030,59.253967,0.613713,2.999015,0.884333,depth,1
1777901150.139110,-0.205084,-1.035937,2.451000,385.755890,59.175961,0.608103,2.977647,0.871376,depth,1
1777901150.150237,-0.204908,-1.032429,2.442000,385.654053,59.123737,0.609393,2.901868,0.878390,depth,1
1777901150.161365,-0.207014,-1.036406,2.451000,385.416351,59.093544,0.648078,3.685969,0.935896,depth,1
1777901150.172493,-0.207131,-1.036650,2.451000,385.395752,59.050465,0.643411,3.600577,0.928498,depth,1
1777901150.183620,-0.209903,-1.048325,2.479000,385.325226,59.079620,0.634706,3.461286,0.913701,depth,1
1777901150.194747,-0.208731,-1.036274,2.451000,385.114166,59.116798,0.593365,2.765901,0.845118,depth,1
1777901150.205875,-0.209195,-1.030748,2.442000,384.896820,59.420635,0.589488,2.705120,0.838463,depth,1
1777901150.217002,-0.210963,-1.029484,2.442000,384.584686,59.643818,0.624019,3.363620,0.891867,depth,1
1777901150.228129,-0.211899,-1.028639,2.442000,384.419342,59.793011,0.624877,3.406496,0.891867,depth,1
1777901150.239258,-0.213283,-1.027676,2.442000,384.174866,59.963116,0.616454,3.273063,0.877482,depth,1
1777901150.250385,-0.216611,-1.032339,2.455000,383.789764,60.105118,0.601335,2.932392,0.856718,depth,1
1777901150.261512,-0.216165,-1.018820,2.428000,383.445831,60.489712,0.623161,3.179956,0.898904,depth,1
1777901150.272640,-0.219573,-1.028605,2.455000,383.269440,60.761112,0.629447,3.200468,0.913593,depth,1
1777901150.283767,-0.219520,-1.012609,2.419000,382.704773,60.923809,0.627248,3.236372,0.906303,depth,1
1777901150.294894,-0.219903,-1.005338,2.406000,382.424622,61.251728,0.621054,3.222568,0.891506,depth,1
1777901150.306023,-0.231943,-1.049743,2.517000,382.100006,61.590279,0.607409,2.821560,0.877444,depth,1
1777901150.317150,-0.227418,-1.015086,2.437000,381.596130,61.818810,0.620428,3.191273,0.891506,depth,1
1777901150.328277,-0.229890,-1.016056,2.442000,381.241913,62.015472,0.614196,3.175595,0.876709,depth,1
1777901150.339405,-0.233547,-1.017410,2.451000,380.747437,62.436123,0.617329,3.074963,0.889574,depth,1
1777901150.350532,-0.235852,-1.016575,2.451000,380.341858,62.582977,0.610186,3.123107,0.869311,depth,1
1777901150.361660,-0.239289,-1.014339,2.451000,379.737213,62.976486,0.619245,3.132113,0.891506,depth,1
1777901150.372788,-0.237223,-0.995915,2.410000,379.390503,63.237099,0.617323,3.183989,0.884107,depth,1
1777901150.383915,-0.244080,-1.010685,2.451000,378.894135,63.619457,0.629125,3.503511,0.897636,depth,1
1777901150.395042,-0.244592,-0.999775,2.428000,378.396271,63.872677,0.628089,3.142704,0.913087,depth,1
1777901150.406170,-0.245628,-0.994396,2.419000,378.049866,64.170937,0.618503,3.110086,0.890753,depth,1
1777901150.417297,-0.255268,-1.018111,2.483000,377.504242,64.621468,0.619731,3.019217,0.898366,depth,1
1777901150.428424,-0.253217,-0.997529,2.437000,377.030426,64.926086,0.634193,3.462544,0.912355,depth,1
1777901150.439553,-0.255500,-0.995202,2.437000,376.626312,65.337814,0.632374,3.394433,0.911213,depth,1
1777901150.450680,-0.260317,-1.000229,2.455000,376.111603,65.745964,0.615391,2.978047,0.889574,depth,1
1777901150.461807,-0.260790,-0.990498,2.437000,375.690155,66.170341,0.616076,3.012297,0.889574,depth,1
1777901150.472935,-0.263510,-0.987857,2.437000,375.208710,66.637680,0.610243,3.001613,0.875526,depth,1
1777901150.484062,-0.262561,-0.974983,2.410000,374.856140,66.982903,0.616397,3.004794,0.890753,depth,1
1777901150.495189,-0.268840,-0.984809,2.442000,374.362823,67.533920,0.601986,2.893275,0.860300,depth,1
1777901150.506317,-0.269407,-0.975028,2.424000,373.909485,67.982758,0.637955,3.491971,0.920288,depth,1
1777901150.517445,-0.271651,-0.973059,2.428000,373.589752,68.618233,0.615968,2.983329,0.890753,depth,1
1777901150.528572,-0.274576,-0.974920,2.437000,373.250366,68.927223,0.619283,3.015888,0.897412,depth,1
1777901150.539700,-0.275046,-0.967763,2.428000,372.986725,69.558998,0.625953,3.367882,0.896488,depth,1
1777901150.550827,-0.273393,-0.956361,2.406000,372.836273,70.030975,0.624751,3.307800,0.896488,depth,1
1777901150.561954,-0.277119,-0.957528,2.419000,372.435333,70.744255,0.611818,2.928116,0.883140,depth,1
1777901150.573082,-0.282451,-0.968144,2.455000,372.223175,71.382607,0.610702,3.024584,0.875526,depth,1
1777901150.584209,-0.280601,-0.954261,2.428000,372.000000,71.957268,0.642297,3.550431,0.928222,depth,1
1777901150.595337,-0.276379,-0.931996,2.384000,371.843964,72.856735,0.634096,3.597962,0.905341,depth,1
1777901150.606465,-0.280270,-0.939068,2.410000,371.686920,73.410255,0.609256,2.901875,0.878047,depth,1
1777901150.617592,-0.279899,-0.934718,2.410000,371.753448,74.188705,0.611834,2.896553,0.884756,depth,1
1777901150.628719,-0.280843,-0.930582,2.410000,371.584381,74.928871,0.596290,2.822339,0.849608,depth,1
1777901150.639846,-0.282529,-0.931186,2.424000,371.574768,75.783264,0.626252,3.334507,0.898904,depth,1
1777901150.650974,-0.280428,-0.921649,2.410000,371.658783,76.527557,0.612313,3.049956,0.878285,depth,1
1777901150.662102,-0.281475,-0.919482,2.419000,371.658783,77.527557,0.613104,3.089477,0.878285,depth,1
1777901150.673229,-0.278754,-0.911391,2.410000,371.958344,78.363281,0.616037,3.097843,0.885201,depth,1
1777901150.684357,-0.279517,-0.909508,2.419000,372.007904,79.305664,0.621596,3.092293,0.899376,depth,1
1777901150.695484,-0.280618,-0.911212,2.437000,372.181000,80.201820,0.641762,3.675357,0.920637,depth,1
1777901150.706611,-0.276946,-0.899773,2.419000,372.466156,81.041351,0.613968,2.997488,0.885045,depth,1
1777901150.717739,-0.273915,-0.891594,2.410000,372.824188,81.905983,0.614331,3.029912,0.884333,depth,1
1777901150.728866,-0.273091,-0.889183,2.419000,373.153473,82.929558,0.623833,3.358712,0.891647,depth,1
1777901150.739994,-0.269136,-0.879210,2.406000,373.599487,83.860580,0.620000,3.017198,0.899140,depth,1
1777901150.751122,-0.267532,-0.874859,2.410000,373.966553,84.900864,0.607857,2.965329,0.871376,depth,1
1777901150.762249,-0.265745,-0.873556,2.419000,374.463226,85.715683,0.623747,3.087181,0.905008,depth,1
1777901150.773376,-0.264837,-0.873527,2.437000,374.973969,86.871124,0.608602,3.002565,0.871376,depth,1
1777901150.784504,-0.260674,-0.864121,2.424000,375.463226,87.715683,0.624434,3.121560,0.905008,depth,1
1777901150.795631,-0.257438,-0.856483,2.419000,375.944244,88.759605,0.608963,3.020660,0.871376,depth,1
1777901150.806759,-0.254488,-0.853191,2.424000,376.563904,89.660400,0.615556,3.076922,0.885045,depth,1
1777901150.817887,-0.247296,-0.832435,2.384000,377.105194,90.868187,0.620647,3.334001,0.884917,depth,1
1777901150.829014,-0.246560,-0.835228,2.406000,377.646240,91.744576,0.616057,2.956798,0.892303,depth,1
1777901150.840141,-0.244071,-0.836903,2.428000,378.488800,92.803688,0.604234,2.912628,0.864953,depth,1
1777901150.851269,-0.240255,-0.827660,2.419000,379.007812,93.898438,0.617792,3.185583,0.885201,depth,1
1777901150.862396,-0.234641,-0.817760,2.406000,379.782715,94.875847,0.611605,3.019317,0.878047,depth,1
1777901150.873523,-0.233194,-0.817560,2.424000,380.352631,96.000000,0.613937,3.001722,0.884756,depth,1
1777901150.884652,-0.231906,-0.819914,2.451000,381.036285,97.188171,0.625152,3.420250,0.891867,depth,1
1777901150.895779,-0.227923,-0.810554,2.442000,381.589325,98.309425,0.640645,3.771340,0.913046,depth,1
1777901150.906906,-0.223548,-0.804532,2.442000,382.362030,99.372948,0.616562,3.278439,0.877482,depth,1
1777901150.918034,-0.219228,-0.796400,2.437000,383.045441,100.520660,0.635414,3.346594,0.921206,depth,1
1777901150.929161,-0.214618,-0.790747,2.437000,383.861359,101.521011,0.627480,3.254404,0.905980,depth,1
1777901150.940288,-0.210928,-0.786312,2.442000,384.590851,102.590843,0.633388,3.716669,0.897636,depth,1
1777901150.951416,-0.208256,-0.786293,2.460000,385.331940,103.610405,0.613945,3.163093,0.876709,depth,1
1777901150.962544,-0.203046,-0.775067,2.442000,385.982910,104.576920,0.618115,3.090673,0.890753,depth,1
1777901150.973671,-0.197721,-0.767617,2.437000,386.851685,105.614410,0.622760,3.170662,0.898366,depth,1
1777901150.984799,-0.195606,-0.769147,2.460000,387.549622,106.616295,0.635088,3.366685,0.919386,depth,1
1777901150.995926,-0.188993,-0.756454,2.437000,388.396393,107.590088,0.617302,3.252678,0.880620,depth,1
1777901151.007053,-0.187297,-0.757158,2.460000,389.006439,108.718193,0.621498,3.420102,0.882739,depth,1
1777901151.018181,-0.184197,-0.757656,2.479000,389.797455,109.649124,0.600692,2.954468,0.854007,depth,1
1777901151.029309,-0.178225,-0.745667,2.455000,390.533325,110.466667,0.611755,2.901425,0.884317,depth,1
1777901151.040436,-0.174822,-0.742992,2.465000,391.255676,111.466019,0.605230,2.912073,0.867472,depth,1
1777901151.051564,-0.170047,-0.735108,2.455000,391.970001,112.321663,0.643580,3.791295,0.919386,depth,1
1777901151.062691,-0.167366,-0.735618,2.474000,392.666656,113.224457,0.624051,3.144608,0.902898,depth,1
1777901151.073818,-0.162456,-0.727644,2.465000,393.419189,114.151512,0.610189,3.094790,0.870732,depth,1
1777901151.084945,-0.159395,-0.723967,2.469000,394.000000,115.000000,0.641764,3.457833,0.931520,depth,1
1777901151.096073,-0.155800,-0.721870,2.479000,394.737854,115.875000,0.618643,3.279950,0.882610,depth,1
1777901151.107201,-0.150201,-0.710892,2.455000,395.456329,116.575760,0.618621,3.180483,0.887528,depth,1
1777901151.118328,-0.145546,-0.697156,2.424000,395.947174,117.422585,0.637408,3.680640,0.909487,depth,1
1777901151.129456,-0.142833,-0.703363,2.460000,396.801788,118.149551,0.614314,3.154979,0.878036,depth,1
1777901151.140583,-0.142561,-0.707894,2.488000,397.130676,118.751892,0.631461,3.488108,0.904248,depth,1
1777901151.151711,-0.140978,-0.715739,2.531000,397.820374,119.500000,0.640650,3.536536,0.924799,depth,1
1777901151.162839,-0.137961,-0.709224,2.521000,398.241241,120.130753,0.601932,2.915578,0.859051,depth,1
1777901151.173966,-0.133090,-0.699177,2.497000,398.855743,120.699806,0.630894,3.369732,0.908748,depth,1
1777901151.185093,-0.129388,-0.691859,2.483000,399.369110,121.290016,0.593500,2.873656,0.840067,depth,1
1777901151.196221,-0.126841,-0.690888,2.488000,399.855743,121.699806,0.628722,3.261135,0.908748,depth,1
1777901151.207348,-0.121989,-0.678098,2.455000,400.412598,122.336937,0.611848,3.031711,0.878036,depth,1
1777901151.218475,-0.118996,-0.669153,2.428000,400.705994,122.601120,0.635913,3.505212,0.914523,depth,1
1777901151.229604,-0.115513,-0.659861,2.410000,401.171326,123.376167,0.624510,3.433367,0.889608,depth,1
1777901151.240731,-0.112812,-0.653990,2.393000,401.511230,123.595505,0.608713,2.981911,0.872687,depth,1
1777901151.251858,-0.111204,-0.653975,2.406000,401.909454,124.235069,0.609874,2.961151,0.876627,depth,1
1777901151.262986,-0.108209,-0.641658,2.367000,402.126709,124.547760,0.629524,3.301244,0.908748,depth,1
1777901151.274113,-0.110461,-0.669043,2.474000,402.586823,124.830338,0.619015,3.200947,0.887491,depth,1
1777901151.285240,-0.108922,-0.667241,2.479000,402.893341,125.379051,0.639901,3.394934,0.930005,depth,1
1777901151.296368,-0.107174,-0.664599,2.474000,403.159912,125.605011,0.637076,3.466255,0.919377,depth,1
1777901151.307495,-0.106311,-0.664467,2.483000,403.377533,126.047882,0.581563,2.653560,0.821229,depth,1
1777901151.318623,-0.107734,-0.688323,2.581000,403.840820,126.443817,0.632722,3.345628,0.914523,depth,1
1777901151.329751,-0.111653,-0.710271,2.665000,403.773956,126.517242,0.622416,3.241361,0.893972,depth,1
1777901151.340878,-0.108571,-0.694424,2.606000,403.875000,126.537498,0.607807,2.789967,0.880020,depth,1
1777901151.352005,-0.110333,-0.703473,2.648000,403.873016,126.886620,0.612601,3.016569,0.880674,depth,1
1777901151.363133,-0.107974,-0.700122,2.638000,404.190491,127.000000,0.633948,3.355695,0.917085,depth,1
1777901151.374260,-0.108081,-0.704987,2.659000,404.312653,127.114944,0.633927,3.398294,0.914902,depth,1
1777901151.385387,-0.109740,-0.713696,2.697000,404.294403,127.333336,0.607625,3.092781,0.864424,depth,1
1777901151.396516,-0.109279,-0.705672,2.670000,404.191254,127.475410,0.636559,3.986596,0.892068,depth,1
1777901151.407643,-0.108749,-0.702282,2.659000,404.204315,127.553764,0.605838,3.141150,0.857538,depth,1
1777901151.418770,-0.109853,-0.709413,2.686000,404.204315,127.553764,0.605318,3.115126,0.857538,depth,1
1777901151.429898,-0.110098,-0.710998,2.692000,404.204315,127.553764,0.606229,3.160681,0.857538,depth,1
1777901151.441025,-0.109403,-0.706508,2.675000,404.204315,127.553764,0.605600,3.129226,0.857538,depth,1
1777901151.452152,-0.109620,-0.707957,2.675000,404.169312,127.320107,0.613932,3.269216,0.871370,depth,1
1777901151.463280,-0.109597,-0.712614,2.692000,404.284607,127.294868,0.599078,2.922308,0.851579,depth,1
1777901151.474407,-0.106828,-0.697203,2.627000,404.304749,127.000000,0.631691,3.242862,0.917085,depth,1
1777901151.485535,-0.107170,-0.694638,2.617000,404.181366,126.985291,0.619689,3.166793,0.890883,depth,1
1777901151.496663,-0.108756,-0.700093,2.633000,404.028992,126.787437,0.630772,3.852980,0.884280,depth,1
1777901151.507790,-0.108662,-0.701500,2.633000,404.044312,126.556961,0.599753,2.607271,0.869020,depth,1
1777901151.518917,-0.108144,-0.698953,2.622000,404.054871,126.493904,0.620141,2.966653,0.902020,depth,1
1777901151.530044,-0.107263,-0.683889,2.556000,403.744232,126.067085,0.620460,3.278735,0.887212,depth,1
1777901151.541172,-0.106355,-0.670236,2.497000,403.473450,125.698517,0.616579,3.307909,0.876052,depth,1
1777901151.552299,-0.106268,-0.666718,2.474000,403.317780,125.235558,0.639873,3.748330,0.912266,depth,1
1777901151.563426,-0.108851,-0.669183,2.469000,402.829102,124.569618,0.605483,2.893765,0.869020,depth,1
1777901151.574555,-0.108275,-0.659342,2.424000,402.578491,124.150536,0.612626,3.333434,0.864892,depth,1
1777901151.585682,-0.110086,-0.660984,2.419000,402.215820,123.615387,0.627787,3.355790,0.901679,depth,1
1777901151.596809,-0.108771,-0.644046,2.346000,401.846802,123.062111,0.599178,2.846804,0.855605,depth,1
1777901151.607937,-0.115404,-0.670083,2.428000,401.344025,122.435898,0.628866,3.409725,0.901679,depth,1
1777901151.619064,-0.117210,-0.677361,2.437000,401.100006,121.587502,0.609851,2.892134,0.880020,depth,1
1777901151.630191,-0.122377,-0.692563,2.479000,400.552643,120.973686,0.649213,3.972025,0.924430,depth,1
1777901151.641319,-0.123595,-0.691804,2.465000,400.218628,120.422081,0.621365,3.265853,0.890119,depth,1
1777901151.652447,-0.126300,-0.691025,2.442000,399.537048,119.419754,0.619833,3.527659,0.873200,depth,1
1777901151.663574,-0.129397,-0.699798,2.455000,399.111115,118.524689,0.617708,3.064980,0.891020,depth,1
1777901151.674702,-0.133821,-0.712931,2.483000,398.599182,117.629860,0.636970,3.657879,0.909532,depth,1
1777901151.685829,-0.146823,-0.770740,2.665000,398.082367,116.731369,0.611944,3.128806,0.873421,depth,1
1777901151.696956,-0.140621,-0.727971,2.497000,397.554901,115.726547,0.621955,3.347951,0.887491,depth,1
1777901151.708084,-0.140794,-0.717112,2.442000,396.977264,114.812500,0.604443,2.964517,0.862881,depth,1
1777901151.719211,-0.141891,-0.712512,2.406000,396.408661,113.741997,0.623453,3.579272,0.879668,depth,1
1777901151.730339,-0.145884,-0.723354,2.424000,395.887054,112.761383,0.610162,3.137209,0.868543,depth,1
1777901151.741467,-0.151980,-0.741886,2.465000,395.252197,111.659615,0.600584,2.878688,0.857527,depth,1
1777901151.752594,-0.154968,-0.749775,2.465000,394.729492,110.279236,0.606504,2.993183,0.866601,depth,1
1777901151.763721,-0.157814,-0.751854,2.451000,394.073700,109.164154,0.628135,3.677266,0.886474,depth,1
1777901151.774849,-0.161946,-0.761199,2.460000,393.450989,108.009804,0.624484,3.281832,0.897118,depth,1
1777901151.785976,-0.162935,-0.758311,2.428000,392.901123,106.763954,0.625991,3.474201,0.891268,depth,1
1777901151.797103,-0.166611,-0.765379,2.428000,392.248047,105.508530,0.614810,3.170039,0.878524,depth,1
1777901151.808231,-0.170843,-0.774654,2.437000,391.608368,104.369209,0.608601,3.247828,0.859111,depth,1
1777901151.819359,-0.173091,-0.778197,2.428000,391.097015,103.231613,0.636684,3.667676,0.908325,depth,1
1777901151.830486,-0.176410,-0.784625,2.424000,390.455750,101.859879,0.625596,3.350067,0.896488,depth,1
1777901151.841614,-0.179327,-0.787226,2.410000,389.751465,100.583336,0.631465,3.484812,0.904421,depth,1
1777901151.852741,-0.182941,-0.797311,2.419000,389.226440,99.309425,0.615361,3.233860,0.876709,depth,1
1777901151.863868,-0.185538,-0.800946,2.406000,388.584747,97.889832,0.624995,3.282432,0.898366,depth,1
1777901151.874996,-0.190472,-0.814678,2.424000,387.953796,96.512604,0.628020,3.281402,0.905980,depth,1
1777901151.886123,-0.192687,-0.816225,2.406000,387.303162,95.150894,0.604471,2.947015,0.863828,depth,1
1777901151.897250,-0.192734,-0.811103,2.367000,386.725647,93.673523,0.625863,3.315072,0.898904,depth,1
1777901151.908379,-0.201786,-0.839185,2.428000,386.000000,92.398308,0.623181,3.191710,0.898366,depth,1
1777901151.919506,-0.198144,-0.822061,2.354000,385.540436,90.849648,0.608962,3.061905,0.869311,depth,1
1777901151.930633,-0.203566,-0.838475,2.380000,384.954559,89.520660,0.636223,3.387005,0.921206,depth,1
1777901151.941761,-0.209316,-0.856889,2.410000,384.384735,88.116669,0.608306,2.866437,0.877444,depth,1
1777901151.952888,-0.206604,-0.842813,2.346000,383.861359,86.521011,0.628623,3.311550,0.905980,depth,1
1777901151.964015,-0.209338,-0.849183,2.342000,383.293060,85.083336,0.609155,2.908856,0.877444,depth,1
1777901151.975142,-0.211970,-0.858665,2.346000,382.874817,83.606804,0.628783,3.313099,0.906303,depth,1
1777901151.986270,-0.214488,-0.865129,2.342000,382.344635,82.146896,0.622761,3.170701,0.898366,depth,1
1777901151.997398,-0.218707,-0.881638,2.363000,381.925629,80.549583,0.635282,3.339949,0.921206,depth,1
1777901152.008525,-0.222544,-0.891256,2.367000,381.294037,79.069107,0.619307,2.977735,0.899380,depth,1
1777901152.019653,-0.223815,-0.896399,2.358000,380.906769,77.508476,0.623271,3.196245,0.898366,depth,1
1777901152.030780,-0.224607,-0.896245,2.337000,380.392761,76.063766,0.611368,3.057853,0.875527,depth,1
1777901152.041907,-0.228235,-0.913283,2.358000,380.098206,74.420471,0.619884,3.164097,0.891506,depth,1
1777901152.053035,-0.230970,-0.917876,2.350000,379.454163,73.008736,0.597180,2.916689,0.847115,depth,1
1777901152.064162,-0.231332,-0.922540,2.342000,379.242676,71.574562,0.606041,2.943807,0.867913,depth,1
1777901152.075289,-0.235334,-0.935590,2.354000,378.726715,70.049553,0.642235,3.742572,0.918458,depth,1
1777901152.086418,-0.238940,-0.950279,2.371000,378.379883,68.606606,0.615576,3.166390,0.880620,depth,1
1777901152.097545,-0.241077,-0.958577,2.371000,377.991150,67.097343,0.625868,3.363657,0.896488,depth,1
1777901152.108672,-0.240199,-0.954896,2.342000,377.609802,65.616112,0.630741,3.541114,0.899796,depth,1
1777901152.119800,-0.241709,-0.963159,2.342000,377.331757,64.094337,0.616064,2.948402,0.892739,depth,1
1777901152.130927,-0.243874,-0.972596,2.346000,377.009613,62.661858,0.607830,2.873600,0.875895,depth,1
1777901152.142055,-0.245384,-0.977954,2.342000,376.655060,61.369816,0.630781,3.631352,0.895384,depth,1
1777901152.153182,-0.248882,-0.996488,2.367000,376.494995,59.895000,0.614222,3.120544,0.879528,depth,1
1777901152.164310,-0.249415,-1.000852,2.358000,376.224457,58.403687,0.625359,3.209977,0.902898,depth,1
1777901152.175437,-0.248577,-0.993714,2.325000,375.732300,57.129532,0.611183,3.045645,0.875675,depth,1
1777901152.186565,-0.248940,-1.001333,2.325000,375.665009,55.716171,0.619912,3.229119,0.888323,depth,1
1777901152.197692,-0.249036,-1.003387,2.313000,375.407593,54.369637,0.618740,3.170536,0.888323,depth,1
1777901152.208819,-0.252383,-1.020226,2.337000,375.266663,53.183334,0.613216,3.070237,0.879528,depth,1
1777901152.219947,-0.248774,-1.007410,2.289000,374.970001,51.650002,0.613851,3.101980,0.879528,depth,1
1777901152.231075,-0.245192,-0.996303,2.249000,374.823242,50.404041,0.610340,3.102343,0.870732,depth,1
1777901152.242201,-0.254674,-1.036729,2.325000,374.601318,49.150326,0.621109,3.113107,0.897118,depth,1
1777901152.253330,-0.257299,-1.044229,2.329000,374.196472,48.091789,0.617302,3.210335,0.882739,depth,1
1777901152.264457,-0.250438,-1.021123,2.261000,374.072205,46.683563,0.615339,3.032995,0.886696,depth,1
1777901152.275584,-0.254941,-1.042260,2.293000,373.891937,45.426178,0.648633,3.753422,0.933912,depth,1
1777901152.286712,-0.258796,-1.060597,2.321000,373.754059,44.383705,0.635640,3.394283,0.919386,depth,1
1777901152.297839,-0.261416,-1.073150,2.333000,373.517090,43.076923,0.616788,3.024326,0.890753,depth,1
1777901152.308967,-0.261577,-1.078952,2.333000,373.487183,42.004272,0.617599,3.064867,0.890753,depth,1
1777901152.320095,-0.262852,-1.087174,2.337000,373.334778,40.828281,0.623459,3.067953,0.905250,depth,1
1777901152.331222,-0.263168,-1.092874,2.337000,373.276367,39.776352,0.618159,3.092880,0.890753,depth,1
1777901152.342349,-0.261320,-1.091280,2.321000,373.284912,38.682335,0.620913,3.230606,0.890753,depth,1
1777901152.353477,-0.264207,-1.108445,2.346000,373.271698,37.687675,0.627105,3.235676,0.905980,depth,1
1777901152.364605,-0.263535,-1.109998,2.337000,373.208679,36.616245,0.627713,3.266040,0.905980,depth,1
1777901152.375732,-0.263454,-1.114925,2.337000,373.223602,35.706944,0.632342,3.345223,0.913593,depth,1
1777901152.386860,-0.263740,-1.120266,2.337000,373.170868,34.721287,0.628645,3.312632,0.905980,depth,1
1777901152.397988,-0.260583,-1.113520,2.313000,373.254425,33.834015,0.628434,3.295657,0.906303,depth,1
1777901152.409115,-0.260474,-1.118511,2.313000,373.274841,32.903400,0.629925,3.370186,0.906303,depth,1
1777901152.420242,-0.260577,-1.127277,2.321000,373.423035,31.993307,0.638068,3.481391,0.921099,depth,1
1777901152.431370,-0.258176,-1.123773,2.305000,373.536224,31.194994,0.623113,3.168141,0.899376,depth,1
1777901152.442497,-0.259281,-1.133109,2.317000,373.580780,30.546154,0.622904,3.164543,0.899032,depth,1
1777901152.453625,-0.260205,-1.141164,2.325000,373.575409,29.777779,0.610561,3.100678,0.871369,depth,1
1777901152.464753,-0.261105,-1.150985,2.337000,373.657074,29.052126,0.628044,3.424123,0.898904,depth,1
1777901152.475880,-0.258116,-1.149784,2.329000,374.045074,28.545082,0.597043,2.703046,0.857456,depth,1
1777901152.487008,-0.257758,-1.157210,2.337000,374.274841,27.903400,0.627744,3.261150,0.906303,depth,1
1777901152.498136,-0.255009,-1.152500,2.321000,374.457642,27.306498,0.622191,3.142211,0.898366,depth,1
1777901152.509263,-0.256168,-1.167072,2.346000,374.749634,26.909752,0.619997,3.051591,0.897412,depth,1
1777901152.520390,-0.255972,-1.173288,2.354000,374.945465,26.500000,0.641372,3.864899,0.910184,depth,1
1777901152.531519,-0.251958,-1.160555,2.325000,375.105194,26.180740,0.631876,3.206085,0.919386,depth,1
1777901152.542646,-0.251066,-1.168938,2.337000,375.509796,25.739065,0.603285,2.843011,0.866061,depth,1
1777901152.553773,-0.250080,-1.172452,2.342000,375.790283,25.552425,0.633040,3.485473,0.908325,depth,1
1777901152.564902,-0.249202,-1.171466,2.337000,375.853851,25.272577,0.636989,3.428504,0.921047,depth,1
1777901152.576029,-0.247061,-1.170400,2.333000,376.170654,25.098883,0.600080,2.923878,0.854007,depth,1
1777901152.587156,-0.249769,-1.189186,2.367000,376.333344,24.783829,0.618190,3.143023,0.888323,depth,1
1777901152.598284,-0.246796,-1.184977,2.358000,376.703339,24.726667,0.614367,3.127784,0.879528,depth,1
1777901152.609412,-0.242267,-1.171357,2.329000,376.980011,24.549999,0.614152,3.117059,0.879528,depth,1
1777901152.620539,-0.241571,-1.171574,2.329000,377.108917,24.509901,0.615512,3.009140,0.888323,depth,1
1777901152.631667,-0.240427,-1.176526,2.337000,377.473114,24.338709,0.632853,3.404480,0.911909,depth,1
1777901152.642794,-0.240096,-1.181467,2.346000,377.704285,24.263248,0.612806,2.945333,0.884750,depth,1
1777901152.653922,-0.239283,-1.182305,2.346000,377.853607,24.109348,0.626374,3.378272,0.897020,depth,1
1777901152.665050,-0.239095,-1.186552,2.354000,378.037628,24.069893,0.630130,3.268313,0.911909,depth,1
1777901152.676177,-0.237438,-1.180824,2.342000,378.118286,24.010754,0.630489,3.286300,0.911909,depth,1
1777901152.687304,-0.236047,-1.176827,2.333000,378.206787,23.910873,0.620626,3.280733,0.887528,depth,1
1777901152.698433,-0.236241,-1.182315,2.342000,378.338684,23.736185,0.620971,3.297981,0.887528,depth,1
1777901152.709560,-0.238726,-1.197337,2.371000,378.418884,23.666666,0.620410,3.269950,0.887528,depth,1
1777901152.720687,-0.235453,-1.183306,2.342000,378.483856,23.553764,0.630655,3.294590,0.911909,depth,1
1777901152.731815,-0.235855,-1.185327,2.346000,378.483856,23.553764,0.630213,3.272477,0.911909,depth,1
1777901152.742943,-0.236630,-1.191654,2.358000,378.562714,23.505377,0.605274,2.841185,0.871125,depth,1
1777901152.754070,-0.236779,-1.191945,2.358000,378.535461,23.452127,0.609118,2.846066,0.880492,depth,1
1777901152.765198,-0.236314,-1.189929,2.354000,378.547089,23.451086,0.601023,2.815989,0.861758,depth,1
1777901152.776325,-0.234958,-1.186497,2.346000,378.648834,23.338680,0.596187,2.840301,0.848452,depth,1
1777901152.787453,-0.235570,-1.187058,2.346000,378.536224,23.235508,0.624442,3.180017,0.902103,depth,1
1777901152.798581,-0.236533,-1.192645,2.358000,378.580597,23.324175,0.597454,2.824860,0.852391,depth,1
1777901152.809708,-0.237231,-1.196888,2.367000,378.617767,23.380434,0.601085,2.819102,0.861758,depth,1
1777901152.820836,-0.238989,-1.203066,2.380000,378.535461,23.452127,0.609046,2.842468,0.880492,depth,1
1777901152.831964,-0.237062,-1.191390,2.358000,378.483856,23.553764,0.630521,3.287876,0.911909,depth,1
1777901152.843091,-0.236257,-1.187348,2.350000,378.483856,23.553764,0.630751,3.299357,0.911909,depth,1
1777901152.854218,-0.238615,-1.196186,2.371000,378.438965,23.876139,0.642192,3.919881,0.909487,depth,1
1777901152.865346,-0.238700,-1.195028,2.371000,378.423615,24.086805,0.595543,2.890195,0.844347,depth,1
1777901152.876474,-0.236223,-1.173282,2.333000,378.174194,24.566164,0.621813,3.032704,0.902898,depth,1
1777901152.887601,-0.237990,-1.180998,2.350000,378.165833,24.719120,0.620482,3.147644,0.893824,depth,1
1777901152.898729,-0.238992,-1.176071,2.346000,377.907135,25.255390,0.627345,3.127784,0.911973,depth,1
1777901152.909857,-0.244250,-1.197111,2.393000,377.822540,25.709784,0.606195,3.166729,0.857152,depth,1
1777901152.920984,-0.240843,-1.174290,2.354000,377.717438,26.316412,0.619484,3.097745,0.893824,depth,1
1777901152.932111,-0.240940,-1.163503,2.337000,377.378571,26.742044,0.601848,2.812346,0.864002,depth,1
1777901152.943239,-0.243209,-1.167343,2.354000,377.283813,27.589109,0.619437,3.205392,0.888323,depth,1
1777901152.954367,-0.243138,-1.157041,2.342000,377.068634,28.390522,0.624534,3.284317,0.897118,depth,1
1777901152.965494,-0.244316,-1.156159,2.350000,377.004913,29.277779,0.624140,3.264647,0.897118,depth,1
1777901152.976622,-0.248319,-1.165522,2.380000,376.844666,30.255663,0.628326,3.298055,0.905913,depth,1
1777901152.987750,-0.247380,-1.155617,2.371000,376.844666,31.255663,0.628246,3.294020,0.905913,depth,1
1777901152.998877,-0.244671,-1.135743,2.342000,376.786285,32.312599,0.623194,3.334356,0.891268,depth,1
1777901153.010005,-0.246864,-1.135705,2.354000,376.614288,33.385715,0.612533,2.940312,0.884317,depth,1
1777901153.021132,-0.250115,-1.142339,2.380000,376.519226,34.456730,0.608687,2.916458,0.875895,depth,1
1777901153.032260,-0.246753,-1.121757,2.350000,376.557678,35.591347,0.607639,2.864039,0.875895,depth,1
1777901153.043388,-0.245319,-1.108896,2.337000,376.570435,36.819588,0.602691,3.071711,0.853142,depth,1
1777901153.054515,-0.244944,-1.097797,2.329000,376.484222,38.171928,0.641455,3.442383,0.931520,depth,1
1777901153.065643,-0.246259,-1.097178,2.342000,376.493835,39.414463,0.625586,3.338885,0.897020,depth,1
1777901153.076771,-0.246586,-1.093348,2.350000,376.588348,40.805099,0.636881,3.654313,0.909487,depth,1
1777901153.087898,-0.244109,-1.078995,2.333000,376.716400,41.996315,0.630107,3.514409,0.899548,depth,1
1777901153.099025,-0.245643,-1.078229,2.350000,376.761353,43.579880,0.624719,3.273568,0.898120,depth,1
1777901153.110154,-0.243352,-1.065313,2.337000,376.933319,44.862625,0.615684,3.246964,0.876862,depth,1
1777901153.121281,-0.242776,-1.058054,2.337000,377.039673,46.202381,0.609425,3.208318,0.863145,depth,1
1777901153.132408,-0.241840,-1.049380,2.337000,377.212463,47.803120,0.628234,3.236725,0.908748,depth,1
1777901153.143536,-0.243633,-1.054871,2.363000,377.376221,48.931774,0.630827,3.366406,0.908748,depth,1
1777901153.154664,-0.242961,-1.047270,2.367000,377.573853,50.642044,0.605490,3.016893,0.862881,depth,1
1777901153.165791,-0.237646,-1.020843,2.325000,377.760071,52.097069,0.617507,3.029377,0.892298,depth,1
1777901153.176919,-0.239973,-1.025534,2.354000,377.876801,53.570652,0.600967,3.131638,0.845835,depth,1
1777901153.188046,-0.239543,-1.017890,2.358000,378.029968,55.287479,0.600296,2.864273,0.857527,depth,1
1777901153.199174,-0.239659,-1.017486,2.375000,378.322632,56.693405,0.623096,3.404235,0.887528,depth,1
1777901153.210302,-0.242409,-1.021098,2.406000,378.390320,58.426598,0.636745,3.517177,0.916005,depth,1
1777901153.221429,-0.236254,-0.992940,2.358000,378.631500,59.850922,0.622284,3.056254,0.902898,depth,1
1777901153.232557,-0.234194,-0.980333,2.350000,378.862549,61.546391,0.624430,3.385407,0.891804,depth,1
1777901153.243685,-0.232736,-0.975312,2.358000,379.274994,63.075001,0.613699,3.094379,0.879528,depth,1
1777901153.254812,-0.232540,-0.972858,2.375000,379.615265,64.797676,0.626814,3.101267,0.911973,depth,1
1777901153.265939,-0.229846,-0.957281,2.358000,379.803619,66.372940,0.615930,3.030048,0.888323,depth,1
1777901153.277068,-0.231625,-0.963299,2.397000,380.167511,68.139030,0.624482,3.166125,0.902898,depth,1
1777901153.288195,-0.229409,-0.953924,2.397000,380.566162,69.825798,0.622904,3.087227,0.902898,depth,1
1777901153.299322,-0.224990,-0.933041,2.367000,380.848175,71.455444,0.596537,2.814266,0.850629,depth,1
1777901153.310449,-0.219527,-0.912399,2.337000,381.330109,73.082527,0.629062,3.334821,0.905913,depth,1
1777901153.321577,-0.220072,-0.912730,2.363000,381.676422,74.874794,0.638568,3.325953,0.930121,depth,1
1777901153.332704,-0.220820,-0.918395,2.397000,382.111664,76.218391,0.591683,2.700148,0.844200,depth,1
1777901153.343831,-0.213724,-0.888840,2.346000,382.552429,78.059471,0.632727,3.469821,0.908325,depth,1
1777901153.354959,-0.212280,-0.883935,2.354000,382.950439,79.513512,0.594848,2.840913,0.845073,depth,1
1777901153.366086,-0.214768,-0.896403,2.410000,383.409088,81.045456,0.637498,3.671207,0.910184,depth,1
1777901153.377214,-0.207105,-0.862918,2.342000,383.704193,82.554054,0.617726,3.273906,0.880620,depth,1
1777901153.388342,-0.211231,-0.883558,2.424000,384.260223,84.257309,0.606332,2.958331,0.867913,depth,1
1777901153.399469,-0.205789,-0.864766,2.393000,384.754303,85.607758,0.615148,3.094601,0.883140,depth,1
1777901153.410596,-0.205661,-0.867222,2.424000,385.251404,87.163841,0.621800,3.122665,0.898366,depth,1
1777901153.421724,-0.204351,-0.865185,2.442000,385.752472,88.661041,0.614782,3.204913,0.876709,depth,1
1777901153.432851,-0.202280,-0.860143,2.451000,386.249298,90.109245,0.606140,2.904376,0.870132,depth,1
1777901153.443978,-0.193901,-0.828876,2.384000,386.764771,91.512100,0.624294,3.377341,0.891867,depth,1
1777901153.455106,-0.194969,-0.836801,2.428000,387.210876,92.821770,0.609784,3.070458,0.870937,depth,1
1777901153.466233,-0.192649,-0.832999,2.442000,387.819153,94.345482,0.636079,3.529912,0.913701,depth,1
1777901153.477360,-0.189614,-0.820830,2.428000,388.162018,95.658699,0.618054,3.057397,0.892266,depth,1
1777901153.488488,-0.184054,-0.807272,2.410000,388.905518,96.996063,0.612889,3.078768,0.878285,depth,1
1777901153.499615,-0.183142,-0.805548,2.424000,389.258057,98.137100,0.603780,3.038242,0.857538,depth,1
1777901153.510742,-0.181225,-0.804408,2.442000,389.836670,99.394913,0.637634,3.459715,0.921099,depth,1
1777901153.521870,-0.177323,-0.793147,2.428000,390.345337,100.575996,0.627281,3.382875,0.899059,depth,1
1777901153.532998,-0.173759,-0.786490,2.428000,390.978394,101.758438,0.611536,3.015866,0.878047,depth,1
1777901153.544125,-0.172706,-0.787258,2.451000,391.453278,102.934448,0.621671,3.401413,0.884107,depth,1
1777901153.555253,-0.168501,-0.777396,2.437000,392.022949,103.883942,0.611354,3.006744,0.878047,depth,1
1777901153.566380,-0.166758,-0.775519,2.451000,392.500000,105.000000,0.614715,3.329974,0.870289,depth,1
1777901153.577507,-0.162434,-0.766129,2.442000,393.155457,106.155464,0.605993,2.897012,0.870132,depth,1
1777901153.588635,-0.159680,-0.760626,2.442000,393.641785,107.127251,0.621936,3.266690,0.891506,depth,1
1777901153.599762,-0.156996,-0.760955,2.460000,394.318726,108.052635,0.610136,3.148533,0.867913,depth,1
1777901153.610889,-0.152874,-0.752887,2.451000,394.942993,108.982452,0.587691,2.713112,0.833572,depth,1
1777901153.622017,-0.146410,-0.730644,2.397000,395.500000,110.000000,0.642606,3.660215,0.923504,depth,1
1777901153.633144,-0.140664,-0.713672,2.358000,396.115265,110.929909,0.626133,3.599414,0.885361,depth,1
1777901153.644271,-0.144412,-0.744045,2.474000,396.668304,111.755333,0.612160,3.294358,0.865681,depth,1
1777901153.655399,-0.151286,-0.788205,2.638000,397.109436,112.599327,0.611160,3.143358,0.870732,depth,1
1777901153.666526,-0.145901,-0.780590,2.627000,397.890015,113.309998,0.616997,3.259291,0.879528,depth,1
1777901153.677653,-0.134945,-0.735250,2.488000,398.450989,114.009804,0.623313,3.223297,0.897118,depth,1
1777901153.688781,-0.130842,-0.726338,2.474000,399.033813,114.842194,0.622402,3.465324,0.882739,depth,1
1777901153.699908,-0.126156,-0.712330,2.442000,399.562500,115.657051,0.610195,3.299007,0.860538,depth,1
1777901153.711036,-0.124448,-0.714274,2.460000,400.024994,116.236664,0.639196,3.572093,0.919386,depth,1
1777901153.722164,-0.119974,-0.710124,2.460000,400.809509,116.964287,0.631450,3.552534,0.900998,depth,1
1777901153.733291,-0.115123,-0.687752,2.393000,401.094727,117.510529,0.645906,4.017012,0.913915,depth,1
1777901153.744418,-0.111168,-0.684293,2.393000,401.807556,118.134018,0.623462,3.336995,0.891804,depth,1
1777901153.755545,-0.108782,-0.675515,2.375000,402.089111,118.793228,0.619671,3.233013,0.887528,depth,1
1777901153.766673,-0.105719,-0.679206,2.397000,402.821503,119.255013,0.609356,3.096924,0.868543,depth,1
1777901153.777800,-0.108348,-0.704693,2.497000,403.129211,119.747192,0.610092,3.050858,0.872687,depth,1
1777901153.788927,-0.114012,-0.762042,2.714000,403.725372,120.365532,0.604274,2.956083,0.862881,depth,1
1777901153.800055,-0.111556,-0.748497,2.665000,403.789703,120.331093,0.618001,3.046911,0.892656,depth,1
1777901153.811182,-0.107195,-0.726698,2.591000,404.000000,120.500000,0.609266,3.169673,0.864680,depth,1
1777901153.822309,-0.103588,-0.719505,2.576000,404.500000,121.000000,0.608939,3.174726,0.863612,depth,1
1777901153.833437,-0.094715,-0.689385,2.479000,405.365173,121.526543,0.616960,3.326974,0.876052,depth,1
1777901153.844564,-0.090303,-0.684415,2.465000,406.043488,121.714973,0.596066,2.653353,0.857496,depth,1
1777901153.855691,-0.092380,-0.714383,2.576000,406.376587,121.857506,0.613377,2.838111,0.891536,depth,1
1777901153.866819,-0.085561,-0.689378,2.497000,407.064911,122.392334,0.607702,3.179110,0.860300,depth,1
1777901153.877947,-0.080293,-0.663248,2.410000,407.474152,122.770119,0.607431,3.003365,0.868408,depth,1
1777901153.889073,-0.082745,-0.680907,2.465000,407.365753,122.328705,0.614666,3.217806,0.875776,depth,1
1777901153.900202,-0.079601,-0.665913,2.410000,407.598114,122.293144,0.596634,2.937121,0.844729,depth,1
1777901153.911329,-0.079072,-0.671657,2.428000,407.797699,122.156319,0.611020,3.539558,0.850572,depth,1
1777901153.922456,-0.080403,-0.683140,2.469000,407.798309,122.131638,0.615830,3.270447,0.876052,depth,1
1777901153.933584,-0.079905,-0.679131,2.455000,407.805725,122.155418,0.606862,3.018450,0.866234,depth,1
1777901153.944711,-0.079375,-0.686853,2.474000,408.005890,121.725487,0.610275,3.045329,0.873421,depth,1
1777901153.955838,-0.080136,-0.693521,2.497000,408.002014,121.676765,0.611512,3.038364,0.876862,depth,1
1777901153.966966,-0.078873,-0.685114,2.465000,408.043213,121.592590,0.619059,3.132548,0.891020,depth,1
1777901153.978093,-0.078367,-0.681851,2.451000,408.053558,121.482140,0.633389,3.189058,0.924021,depth,1
1777901153.989220,-0.078693,-0.682320,2.451000,407.996094,121.399612,0.627123,3.181173,0.908748,depth,1
1777901154.000348,-0.078890,-0.684129,2.455000,407.984039,121.277443,0.617534,3.126895,0.887491,depth,1
1777901154.011475,-0.080605,-0.695661,2.488000,407.870575,120.872551,0.612120,3.137574,0.873421,depth,1
1777901154.022602,-0.080853,-0.698057,2.493000,407.855743,120.699806,0.627263,3.188164,0.908748,depth,1
1777901154.033731,-0.081896,-0.697089,2.488000,407.646820,120.625000,0.606034,3.038772,0.863145,depth,1
1777901154.044858,-0.080647,-0.683130,2.437000,407.570801,120.566452,0.606408,3.245749,0.853733,depth,1
1777901154.055984,-0.080278,-0.677123,2.410000,407.476837,120.287041,0.621402,3.554580,0.875776,depth,1
1777901154.067112,-0.082622,-0.689868,2.451000,407.304749,120.071426,0.635962,3.456385,0.917085,depth,1
1777901154.078239,-0.083984,-0.692528,2.465000,407.149048,120.295395,0.618032,3.208116,0.884674,depth,1
1777901154.089367,-0.090703,-0.733447,2.591000,406.745270,119.376694,0.614315,3.022257,0.884674,depth,1
1777901154.100495,-0.091854,-0.716454,2.517000,406.104156,118.699074,0.614698,2.839330,0.894779,depth,1
1777901154.111622,-0.093606,-0.714480,2.497000,405.675385,118.056648,0.602159,3.033295,0.853733,depth,1
1777901154.122749,-0.097424,-0.714362,2.493000,404.989014,117.879120,0.616845,2.996277,0.892298,depth,1
1777901154.133877,-0.103897,-0.733635,2.546000,404.243256,117.186935,0.604466,3.114528,0.855439,depth,1
1777901154.145004,-0.110093,-0.757090,2.617000,403.699768,116.693153,0.600718,3.184441,0.842573,depth,1
1777901154.156131,-0.117705,-0.806580,2.783000,403.602264,116.465912,0.603636,2.924166,0.862881,depth,1
1777901154.167259,-0.107179,-0.720513,2.479000,403.196594,116.111115,0.612905,2.950261,0.884750,depth,1
1777901154.178386,-0.107859,-0.707897,2.428000,402.684113,115.719025,0.606117,2.973830,0.866601,depth,1
1777901154.189513,-0.109274,-0.700959,2.393000,402.148895,115.130287,0.620075,3.127256,0.893824,depth,1
1777901154.200640,-0.114586,-0.712872,2.424000,401.455719,114.626411,0.596916,2.929113,0.845835,depth,1
1777901154.211768,-0.119859,-0.724850,2.451000,400.752472,113.915840,0.621569,3.311980,0.888323,depth,1
1777901154.222895,-0.124297,-0.735097,2.474000,400.174835,113.315361,0.625654,3.340313,0.897118,depth,1
1777901154.234022,-0.126674,-0.728189,2.442000,399.471039,112.856026,0.632418,3.454403,0.908325,depth,1
1777901154.245150,-0.131087,-0.731535,2.437000,398.644226,112.000000,0.634698,3.440734,0.914709,depth,1
1777901154.256278,-0.137543,-0.754192,2.502000,398.133942,111.457947,0.622385,3.096034,0.901161,depth,1
1777901154.267405,-0.150159,-0.799422,2.638000,397.293762,110.765602,0.621232,3.164215,0.894869,depth,1
1777901154.278533,-0.142439,-0.738874,2.424000,396.500000,110.000000,0.643080,3.683917,0.923504,depth,1
1777901154.289660,-0.144485,-0.729010,2.380000,395.660706,109.357140,0.620344,3.246135,0.888554,depth,1
1777901154.300787,-0.152801,-0.752542,2.442000,394.856720,108.555054,0.604527,2.905138,0.866061,depth,1
1777901154.311915,-0.156093,-0.756137,2.437000,394.218811,107.646111,0.594902,2.950770,0.839717,depth,1
1777901154.323042,-0.161242,-0.760576,2.437000,393.307587,106.860603,0.614175,3.255030,0.872687,depth,1
1777901154.334169,-0.165320,-0.762333,2.428000,392.477478,106.049553,0.643014,3.781518,0.918458,depth,1
1777901154.345297,-0.171201,-0.770936,2.437000,391.545044,105.027023,0.643304,3.796021,0.918458,depth,1
1777901154.356424,-0.176418,-0.777128,2.442000,390.685760,104.212921,0.616507,3.334906,0.874521,depth,1
1777901154.367551,-0.181015,-0.784891,2.451000,389.991241,103.350876,0.606969,2.990177,0.867913,depth,1
1777901154.378679,-0.186215,-0.792213,2.455000,389.129547,102.289665,0.620233,3.063417,0.897412,depth,1
1777901154.389807,-0.188339,-0.788087,2.424000,388.333344,101.243759,0.616976,3.057334,0.889574,depth,1
1777901154.400933,-0.193023,-0.794149,2.424000,387.500000,100.165207,0.632162,3.519685,0.904421,depth,1
1777901154.412061,-0.193229,-0.781870,2.367000,386.635315,99.000000,0.597783,2.779003,0.855508,depth,1
1777901154.423188,-0.201085,-0.803227,2.410000,385.857758,97.719826,0.616619,3.168169,0.883140,depth,1
1777901154.434316,-0.206434,-0.814028,2.424000,385.113861,96.628258,0.624633,3.253546,0.898904,depth,1
1777901154.445444,-0.210604,-0.815841,2.410000,384.154175,95.462502,0.630547,3.255476,0.913593,depth,1
1777901154.456571,-0.213967,-0.818470,2.397000,383.344635,94.197739,0.622713,3.168329,0.898366,depth,1
1777901154.467698,-0.215762,-0.819573,2.380000,382.744446,92.945831,0.608124,2.857324,0.877444,depth,1
1777901154.478826,-0.219569,-0.825423,2.375000,381.970825,91.570831,0.629521,3.204212,0.913593,depth,1
1777901154.489953,-0.225201,-0.833070,2.380000,381.033905,90.500000,0.622285,3.146927,0.898366,depth,1
1777901154.501080,-0.231048,-0.851343,2.410000,380.495575,89.109146,0.627998,3.470166,0.896488,depth,1
1777901154.512208,-0.230898,-0.842975,2.363000,379.700592,87.606194,0.627398,3.440170,0.896488,depth,1
1777901154.523335,-0.233701,-0.844994,2.350000,378.953003,86.384613,0.616881,3.028990,0.890753,depth,1
1777901154.534462,-0.239847,-0.863546,2.380000,378.379883,84.977478,0.616810,3.228081,0.880620,depth,1
1777901154.545590,-0.241168,-0.861762,2.354000,377.657745,83.575890,0.620782,3.268019,0.888554,depth,1
1777901154.556717,-0.245149,-0.865822,2.346000,376.775269,82.291100,0.604892,2.923360,0.866061,depth,1
1777901154.567844,-0.248268,-0.874877,2.350000,376.279572,80.900154,0.619310,3.231573,0.886696,depth,1
1777901154.578972,-0.250098,-0.876053,2.333000,375.609344,79.512817,0.625838,3.231054,0.903041,depth,1
1777901154.590100,-0.255473,-0.890955,2.350000,374.957336,77.949448,0.630592,3.533677,0.899796,depth,1
1777901154.601227,-0.262241,-0.910088,2.384000,374.401550,76.820152,0.639245,3.625187,0.916854,depth,1
1777901154.612355,-0.263424,-0.908071,2.358000,373.662170,75.373695,0.629092,3.230319,0.911213,depth,1
1777901154.623482,-0.264340,-0.911139,2.346000,373.247314,73.960060,0.620053,3.268738,0.886696,depth,1
1777901154.634609,-0.266908,-0.917952,2.346000,372.775146,72.707550,0.619943,3.142386,0.892739,depth,1
1777901154.645736,-0.275070,-0.945100,2.393000,372.267914,71.129280,0.601062,2.778783,0.863716,depth,1
1777901154.656864,-0.272200,-0.932025,2.342000,371.716736,69.827858,0.632655,3.466236,0.908325,depth,1
1777901154.667991,-0.275866,-0.945722,2.358000,371.386322,68.487183,0.618230,3.216516,0.884750,depth,1
1777901154.679118,-0.278680,-0.952713,2.358000,370.871796,67.208549,0.616133,3.111651,0.884750,depth,1
1777901154.690246,-0.279231,-0.955283,2.346000,370.509705,65.844658,0.627841,3.273792,0.905913,depth,1
1777901154.701373,-0.280856,-0.958792,2.337000,370.012146,64.520836,0.621396,3.417584,0.882610,depth,1
1777901154.712500,-0.282646,-0.965308,2.337000,369.681732,63.318256,0.624858,3.513430,0.886474,depth,1
1777901154.723629,-0.286625,-0.982180,2.358000,369.418488,61.818840,0.602989,2.914319,0.861758,depth,1
1777901154.734755,-0.285819,-0.980082,2.337000,369.096252,60.591801,0.619063,3.202588,0.887528,depth,1
1777901154.745883,-0.285671,-0.979907,2.321000,368.760132,59.377426,0.623603,3.239764,0.897020,depth,1
1777901154.757010,-0.288993,-0.992938,2.337000,368.510529,58.219299,0.612696,3.166461,0.873416,depth,1
1777901154.768138,-0.289423,-0.996674,2.329000,368.247711,56.897995,0.636104,3.615465,0.909487,depth,1
1777901154.779265,-0.290798,-0.999080,2.321000,367.807404,55.814816,0.617138,3.540620,0.865814,depth,1
1777901154.790393,-0.289273,-0.997256,2.301000,367.623657,54.543011,0.628826,3.203121,0.911909,depth,1
1777901154.801520,-0.293865,-1.015857,2.329000,367.425049,53.345680,0.624986,3.308880,0.897020,depth,1
1777901154.812647,-0.296375,-1.026904,2.342000,367.264954,52.355556,0.612468,2.928431,0.884750,depth,1
1777901154.823775,-0.297022,-1.030673,2.337000,367.028778,51.255501,0.618527,3.049894,0.893824,depth,1
1777901154.834902,-0.299490,-1.039236,2.342000,366.691345,50.084656,0.625742,3.346671,0.897020,depth,1
1777901154.846029,-0.298538,-1.039979,2.329000,366.559723,48.878788,0.651941,4.009696,0.929367,depth,1
1777901154.857157,-0.297000,-1.039993,2.317000,366.559723,47.878788,0.653482,4.086761,0.929367,depth,1
1777901154.868284,-0.301157,-1.056836,2.342000,366.384369,46.843536,0.605987,3.060586,0.861937,depth,1
1777901154.879411,-0.304973,-1.072616,2.363000,366.180634,45.692940,0.609550,3.163887,0.865681,depth,1
1777901154.890539,-0.303008,-1.070359,2.346000,366.138489,44.689213,0.618311,3.260786,0.882739,depth,1
1777901154.901666,-0.305833,-1.085701,2.367000,366.118011,43.639553,0.623276,3.338429,0.891268,depth,1
1777901154.912793,-0.301268,-1.073174,2.329000,366.054260,42.731785,0.611227,2.990863,0.878524,depth,1
1777901154.923922,-0.304447,-1.090447,2.354000,366.064148,41.677620,0.609449,3.065437,0.870352,depth,1
1777901154.935049,-0.304007,-1.091783,2.346000,365.954956,40.750751,0.614748,3.125011,0.880620,depth,1
1777901154.946176,-0.303277,-1.094891,2.342000,365.993866,39.835636,0.617424,3.137288,0.886696,depth,1
1777901154.957304,-0.307398,-1.115267,2.375000,366.021515,38.937019,0.618412,3.186650,0.886696,depth,1
1777901154.968431,-0.304509,-1.110487,2.354000,366.052795,38.006035,0.625345,3.206403,0.903041,depth,1
1777901154.979558,-0.304977,-1.117297,2.358000,366.061829,37.105579,0.627151,3.296721,0.903041,depth,1
1777901154.990686,-0.303123,-1.118366,2.350000,366.212250,36.213753,0.608404,2.942232,0.873899,depth,1
1777901155.001813,-0.299643,-1.112238,2.329000,366.355164,35.497818,0.618175,2.960515,0.897412,depth,1
1777901155.012940,-0.303809,-1.135003,2.367000,366.486847,34.656433,0.628945,3.042851,0.920221,depth,1
1777901155.024068,-0.301787,-1.135071,2.358000,366.645294,33.854702,0.617900,3.079930,0.890753,depth,1
1777901155.035195,-0.298149,-1.127406,2.333000,366.726501,33.047009,0.618782,3.124024,0.890753,depth,1
1777901155.046322,-0.297956,-1.136051,2.342000,366.973694,32.255848,0.631576,3.490387,0.904421,depth,1
1777901155.057451,-0.296745,-1.139601,2.342000,367.196838,31.602011,0.613364,3.005424,0.883140,depth,1
1777901155.068577,-0.295341,-1.141269,2.337000,367.338959,30.845289,0.611739,3.052751,0.876709,depth,1
1777901155.079705,-0.295543,-1.152364,2.350000,367.603455,29.974138,0.613267,3.000545,0.883140,depth,1
1777901155.090832,-0.291229,-1.145410,2.329000,367.913177,29.355040,0.642388,3.782303,0.916854,depth,1
1777901155.101960,-0.290571,-1.151469,2.333000,368.127258,28.598484,0.612316,3.162070,0.872687,depth,1
1777901155.113087,-0.287976,-1.149560,2.321000,368.331787,27.852713,0.593724,2.835227,0.842548,depth,1
1777901155.124214,-0.289187,-1.166797,2.350000,368.769836,27.325397,0.615628,3.095089,0.884317,depth,1
1777901155.135342,-0.287348,-1.167175,2.342000,368.927185,26.524271,0.631497,3.456571,0.905913,depth,1
1777901155.146469,-0.283445,-1.162370,2.325000,369.264374,25.844007,0.611995,2.972354,0.881369,depth,1
1777901155.157596,-0.283027,-1.173714,2.342000,369.723053,25.320066,0.628805,3.200809,0.911973,depth,1
1777901155.168724,-0.281316,-1.175520,2.337000,369.927185,24.524271,0.628231,3.293293,0.905913,depth,1
1777901155.179851,-0.281660,-1.187266,2.354000,370.239105,23.938917,0.631503,3.444902,0.906512,depth,1
1777901155.190978,-0.274213,-1.165154,2.305000,370.535461,23.452127,0.609556,2.867979,0.880492,depth,1
1777901155.202106,-0.275354,-1.184108,2.337000,371.027466,22.939560,0.617974,3.052770,0.892298,depth,1
1777901155.213233,-0.276156,-1.198895,2.358000,371.333344,22.180952,0.640986,3.449178,0.930005,depth,1
1777901155.224360,-0.272440,-1.192825,2.342000,371.672577,21.800789,0.625332,3.304187,0.898120,depth,1
1777901155.235488,-0.269017,-1.193878,2.337000,372.196960,21.136364,0.627614,3.295749,0.904248,depth,1
1777901155.246615,-0.267343,-1.195794,2.337000,372.505829,20.782946,0.619484,3.300272,0.883696,depth,1
1777901155.257743,-0.263663,-1.194548,2.329000,373.017975,20.255489,0.616492,3.074776,0.887491,depth,1
1777901155.268871,-0.261775,-1.198583,2.333000,373.450623,19.888889,0.617734,3.066288,0.891020,depth,1
1777901155.279998,-0.260042,-1.203160,2.337000,373.853241,19.423481,0.623724,3.441957,0.887212,depth,1
1777901155.291125,-0.256159,-1.201562,2.329000,374.407410,18.956791,0.615907,2.974971,0.891020,depth,1
1777901155.302253,-0.256023,-1.212154,2.346000,374.776276,18.621923,0.622134,3.253579,0.892656,depth,1
1777901155.313380,-0.252871,-1.211356,2.342000,375.276367,18.388186,0.604815,2.860350,0.869020,depth,1
1777901155.324507,-0.249455,-1.210714,2.337000,375.807129,18.029350,0.619351,3.223304,0.887212,depth,1
1777901155.335635,-0.248515,-1.221524,2.354000,376.311829,17.662365,0.609484,3.176373,0.864892,depth,1
1777901155.346762,-0.245914,-1.222411,2.354000,376.788300,17.500000,0.632024,3.599146,0.900103,depth,1
1777901155.357889,-0.244485,-1.228747,2.363000,377.220764,17.196468,0.598179,2.707470,0.860073,depth,1
1777901155.369018,-0.239723,-1.224070,2.350000,377.847870,16.814318,0.616523,2.973025,0.892656,depth,1
1777901155.380145,-0.235229,-1.215770,2.333000,378.358093,16.711712,0.599766,2.879504,0.855439,depth,1
1777901155.391272,-0.233748,-1.223277,2.346000,378.871277,16.577011,0.635280,3.465946,0.914902,depth,1
1777901155.402400,-0.230328,-1.223696,2.346000,379.500000,16.500000,0.605365,2.928292,0.866999,depth,1
1777901155.413527,-0.227951,-1.228828,2.354000,380.079376,16.324263,0.611387,2.955885,0.880674,depth,1
1777901155.424654,-0.224681,-1.227224,2.350000,380.608398,16.235432,0.599798,2.855673,0.856710,depth,1
1777901155.435782,-0.221159,-1.225807,2.346000,381.185669,16.111856,0.614532,2.873449,0.892656,depth,1
1777901155.446909,-0.219860,-1.239434,2.371000,381.850586,16.009195,0.603934,2.822829,0.868692,depth,1
1777901155.458036,-0.214107,-1.229508,2.350000,382.549011,15.816176,0.591931,2.695156,0.845069,depth,1
1777901155.469165,-0.209158,-1.218256,2.329000,383.111115,15.865249,0.617170,3.065264,0.889663,depth,1
1777901155.480292,-0.208424,-1.231771,2.354000,383.657013,15.785024,0.622217,3.031159,0.903984,depth,1
1777901155.491419,-0.203807,-1.229979,2.350000,384.439392,15.729798,0.635053,3.495375,0.912863,depth,1
1777901155.502547,-0.201709,-1.232142,2.354000,384.887299,15.717027,0.610661,2.992170,0.877044,depth,1
1777901155.513674,-0.200340,-1.242685,2.375000,385.462677,15.798508,0.610921,2.990436,0.877782,depth,1
1777901155.524801,-0.193618,-1.227309,2.346000,386.248749,15.835821,0.586123,2.653341,0.832642,depth,1
1777901155.535928,-0.186508,-1.194981,2.285000,386.640472,15.914286,0.600887,2.645875,0.869924,depth,1
1777901155.547056,-0.184937,-1.209394,2.313000,387.359528,15.957143,0.601337,2.668377,0.869924,depth,1
1777901155.558183,-0.177356,-1.175179,2.249000,387.832092,16.101234,0.601838,2.679150,0.870637,depth,1
1777901155.569311,-0.178211,-1.202811,2.301000,388.440308,16.014925,0.611686,3.028655,0.877782,depth,1
1777901155.580439,-0.171757,-1.174712,2.249000,388.905792,16.190821,0.596406,2.670373,0.857496,depth,1
1777901155.591566,-0.178303,-1.236065,2.367000,389.354919,16.242207,0.612020,3.060136,0.877044,depth,1
1777901155.602693,-0.173333,-1.219538,2.337000,389.855072,16.400967,0.596513,2.675723,0.857496,depth,1
1777901155.613821,-0.165925,-1.186612,2.273000,390.360107,16.311436,0.605663,2.994667,0.864424,depth,1
1777901155.624948,-0.159946,-1.161776,2.227000,390.867645,16.470589,0.617852,3.074939,0.890883,depth,1
1777901155.636075,-0.177805,-1.302289,2.497000,391.132355,16.529411,0.616066,2.985654,0.890883,depth,1
1777901155.647203,-0.173676,-1.294893,2.483000,391.676544,16.545679,0.601747,3.051238,0.851805,depth,1
1777901155.658330,-0.168097,-1.264341,2.424000,391.934784,16.507246,0.623957,3.118181,0.903984,depth,1
1777901155.669457,-0.172076,-1.312063,2.517000,392.358032,16.641975,0.632658,3.665840,0.898353,depth,1
1777901155.680586,-0.162809,-1.256630,2.410000,392.707428,16.580336,0.613767,3.147471,0.877044,depth,1
1777901155.691713,-0.158420,-1.229600,2.358000,392.867615,16.565012,0.620791,3.246283,0.889663,depth,1
1777901155.702840,-0.157353,-1.236136,2.371000,393.220612,16.609112,0.613707,3.144463,0.877044,depth,1
1777901155.713968,-0.154956,-1.229058,2.358000,393.501221,16.664198,0.637306,3.898234,0.898353,depth,1
1777901155.725095,-0.155735,-1.247575,2.393000,393.775421,16.614656,0.619707,3.192082,0.889663,depth,1
1777901155.736222,-0.157494,-1.266102,2.428000,393.867615,16.565012,0.619557,3.184581,0.889663,depth,1
1777901155.747350,-0.155328,-1.254992,2.406000,394.000000,16.500000,0.631579,3.237256,0.917085,depth,1
1777901155.758477,-0.155724,-1.270884,2.437000,394.284027,16.549295,0.610134,3.234437,0.863612,depth,1
1777901155.769604,-0.154382,-1.266019,2.428000,394.420288,16.579710,0.630716,3.850192,0.884280,depth,1
1777901155.780733,-0.156438,-1.282684,2.460000,394.416656,16.583334,0.636391,3.562271,0.912863,depth,1
1777901155.791860,-0.157887,-1.285958,2.465000,394.218658,16.466667,0.624191,3.228374,0.899059,depth,1
1777901155.802987,-0.160161,-1.298154,2.488000,394.079895,16.432507,0.644947,3.823213,0.921206,depth,1
1777901155.814115,-0.160041,-1.293070,2.479000,394.000000,16.500000,0.649776,3.765710,0.936155,depth,1
1777901155.825242,-0.160299,-1.295156,2.483000,394.000000,16.500000,0.649481,3.750933,0.936155,depth,1
1777901155.836369,-0.160863,-1.293600,2.483000,393.901947,16.770308,0.638091,3.784976,0.905980,depth,1
1777901155.847497,-0.161514,-1.298833,2.497000,393.946228,17.126345,0.605497,3.124059,0.857538,depth,1
1777901155.858624,-0.161033,-1.282768,2.469000,393.713898,17.388451,0.631619,3.312062,0.913444,depth,1
1777901155.869751,-0.160889,-1.281145,2.469000,393.739014,17.671835,0.610624,2.972672,0.877925,depth,1
1777901155.880880,-0.159744,-1.272743,2.460000,393.836945,18.326139,0.613409,3.129584,0.877044,depth,1
1777901155.892007,-0.159832,-1.268046,2.455000,393.764557,18.696970,0.627583,3.333497,0.902282,depth,1
1777901155.903134,-0.156875,-1.234577,2.397000,393.617035,19.328606,0.621609,3.287172,0.889663,depth,1
1777901155.914262,-0.157354,-1.215086,2.363000,393.123535,19.689976,0.628740,3.391352,0.902282,depth,1
1777901155.925389,-0.156782,-1.202348,2.346000,393.020538,20.424658,0.623414,3.411929,0.887939,depth,1
1777901155.936516,-0.159161,-1.203420,2.354000,392.682648,20.979452,0.595468,2.895810,0.843879,depth,1
1777901155.947644,-0.164935,-1.232678,2.419000,392.436768,21.687357,0.606601,2.956187,0.868692,depth,1
1777901155.958771,-0.172188,-1.265611,2.493000,392.054810,22.513699,0.624224,3.452409,0.887939,depth,1
1777901155.969898,-0.176104,-1.277467,2.526000,391.775421,23.349882,0.621031,3.258278,0.889663,depth,1
1777901155.981026,-0.177266,-1.258199,2.497000,391.225494,24.144608,0.593834,2.790323,0.845069,depth,1
1777901155.992154,-0.184809,-1.292023,2.576000,390.901672,25.146282,0.614256,3.171928,0.877044,depth,1
1777901156.003281,-0.181714,-1.254109,2.512000,390.644623,26.144608,0.618582,3.111442,0.890883,depth,1
1777901156.014408,-0.183689,-1.238394,2.493000,390.065216,27.222221,0.625292,3.184923,0.903984,depth,1
1777901156.025536,-0.197966,-1.314885,2.659000,389.733337,28.190475,0.629629,3.139723,0.917085,depth,1
1777901156.036663,-0.187203,-1.223845,2.488000,389.392151,29.313726,0.618999,3.132271,0.890883,depth,1
1777901156.047790,-0.178307,-1.147657,2.346000,389.063385,30.478872,0.637872,3.289849,0.930187,depth,1
1777901156.058918,-0.177589,-1.133209,2.329000,388.957153,31.614286,0.633337,3.325165,0.917085,depth,1
1777901156.070045,-0.179544,-1.128232,2.337000,388.708923,33.251175,0.638242,3.308393,0.930187,depth,1
1777901156.081173,-0.181218,-1.117967,2.329000,388.285065,34.436783,0.607042,2.978235,0.868692,depth,1
1777901156.092301,-0.181157,-1.103487,2.313000,388.064301,35.704762,0.607218,2.962420,0.869924,depth,1
1777901156.103428,-0.182590,-1.100930,2.325000,387.972961,37.240990,0.631467,3.571275,0.900103,depth,1
1777901156.114555,-0.181396,-1.088049,2.313000,388.019745,38.583332,0.613260,3.091833,0.878559,depth,1
1777901156.125683,-0.184221,-1.090852,2.337000,387.845795,40.149658,0.638833,3.391245,0.927521,depth,1
1777901156.136810,-0.183143,-1.075634,2.321000,387.811798,41.589569,0.638301,3.364614,0.927521,depth,1
1777901156.147937,-0.184576,-1.073332,2.333000,387.721832,43.043167,0.612900,3.104111,0.877044,depth,1
1777901156.159065,-0.183473,-1.057864,2.317000,387.691528,44.552238,0.612357,3.062241,0.877782,depth,1
1777901156.170192,-0.181056,-1.041552,2.301000,387.907135,46.240475,0.629785,3.147536,0.917085,depth,1
1777901156.181319,-0.182366,-1.039104,2.313000,387.838989,47.709751,0.609174,2.845188,0.880674,depth,1
1777901156.192447,-0.181371,-1.027329,2.305000,387.907135,49.240475,0.632051,3.260831,0.917085,depth,1
1777901156.203575,-0.183231,-1.032638,2.337000,388.028564,50.892857,0.603922,2.797627,0.869924,depth,1
1777901156.214702,-0.181800,-1.024325,2.337000,388.292572,52.426857,0.614875,3.202873,0.877044,depth,1
1777901156.225830,-0.182534,-1.016694,2.342000,388.229034,54.235828,0.608900,2.831496,0.880674,depth,1
1777901156.236957,-0.181662,-1.005035,2.337000,388.317993,55.986843,0.611987,3.028200,0.878559,depth,1
1777901156.248084,-0.180078,-0.995749,2.337000,388.610352,57.700451,0.631662,3.581059,0.900103,depth,1
1777901156.259212,-0.180099,-0.988813,2.342000,388.677490,59.370129,0.619963,3.195766,0.890119,depth,1
1777901156.270339,-0.178204,-0.976143,2.337000,388.956238,61.318748,0.610346,2.916920,0.880020,depth,1
1777901156.281466,-0.178179,-0.977862,2.363000,389.322662,62.987179,0.627062,3.319552,0.901679,depth,1
1777901156.292594,-0.178482,-0.973789,2.380000,389.500000,65.000000,0.663317,4.433984,0.936594,depth,1
1777901156.303722,-0.174246,-0.953733,2.354000,389.918976,66.725601,0.605761,3.107039,0.859051,depth,1
1777901156.314849,-0.171627,-0.939079,2.342000,390.237549,68.528732,0.626852,3.463160,0.893972,depth,1
1777901156.325977,-0.172713,-0.942138,2.375000,390.479523,70.376221,0.629746,3.312349,0.908748,depth,1
1777901156.337104,-0.174154,-0.950485,2.419000,390.793091,72.000000,0.600401,2.958542,0.853076,depth,1
1777901156.348232,-0.169523,-0.926461,2.384000,391.174957,73.858192,0.628663,3.089870,0.917165,depth,1
1777901156.359360,-0.167269,-0.916333,2.384000,391.582886,75.690346,0.587406,2.764218,0.830303,depth,1
1777901156.370486,-0.165032,-0.910370,2.393000,392.099823,77.388596,0.621550,3.326960,0.887528,depth,1
1777901156.381614,-0.163833,-0.905114,2.406000,392.475494,79.217323,0.621652,3.140234,0.897118,depth,1
1777901156.392742,-0.157453,-0.877147,2.358000,393.044556,81.029701,0.649268,3.891802,0.928580,depth,1
1777901156.403869,-0.153386,-0.862141,2.342000,393.596649,82.697105,0.622563,3.230791,0.894869,depth,1
1777901156.414996,-0.154228,-0.871410,2.393000,394.046997,84.410255,0.618723,3.121063,0.890753,depth,1
1777901156.426124,-0.147651,-0.843730,2.342000,394.652771,86.087502,0.608636,2.882898,0.877444,depth,1
1777901156.437252,-0.145243,-0.839179,2.354000,395.232635,87.713478,0.610412,3.134367,0.869311,depth,1
1777901156.448379,-0.143288,-0.830439,2.354000,395.590851,89.314735,0.630648,3.579697,0.897636,depth,1
1777901156.459506,-0.139026,-0.818749,2.342000,396.241150,90.687943,0.610689,3.148241,0.869311,depth,1
1777901156.470634,-0.145400,-0.862116,2.493000,396.689178,92.317863,0.615222,3.226914,0.876709,depth,1
1777901156.481761,-0.142072,-0.855578,2.497000,397.304291,93.686028,0.624546,3.397205,0.891506,depth,1
1777901156.492888,-0.138898,-0.845514,2.493000,397.814087,95.189903,0.620005,3.154904,0.892266,depth,1
1777901156.504017,-0.132435,-0.812432,2.419000,398.231293,96.613602,0.609018,3.032145,0.870937,depth,1
1777901156.515144,-0.126077,-0.785336,2.358000,398.783386,97.822311,0.608515,3.131175,0.864729,depth,1
1777901156.526271,-0.126804,-0.804880,2.437000,399.402130,99.019844,0.610625,3.103861,0.871370,depth,1
1777901156.537399,-0.121864,-0.782836,2.393000,399.879883,100.373817,0.634548,3.453374,0.913701,depth,1
1777901156.548526,-0.117748,-0.768262,2.367000,400.388641,101.479431,0.641866,3.986480,0.905341,depth,1
1777901156.559653,-0.115693,-0.765872,2.375000,400.834015,102.385033,0.631354,3.441628,0.906303,depth,1
1777901156.570781,-0.113823,-0.762148,2.384000,401.251740,103.583679,0.622418,3.290770,0.891506,depth,1
1777901156.581909,-0.112584,-0.761164,2.397000,401.586212,104.508621,0.644697,3.829079,0.920288,depth,1
1777901156.593036,-0.108356,-0.745475,2.367000,402.099854,105.631508,0.615455,3.238589,0.876709,depth,1
1777901156.604164,-0.104815,-0.731601,2.337000,402.500000,106.448273,0.641574,3.672926,0.920288,depth,1
1777901156.615291,-0.103347,-0.729766,2.346000,402.843964,107.303543,0.609758,3.101671,0.869311,depth,1
1777901156.626418,-0.107742,-0.776376,2.512000,403.345032,108.166664,0.609744,3.128913,0.867913,depth,1
1777901156.637546,-0.112297,-0.815520,2.648000,403.553101,108.637169,0.626502,3.395337,0.896488,depth,1
1777901156.648674,-0.108539,-0.807108,2.638000,404.098206,109.508926,0.600786,2.985555,0.852687,depth,1
1777901156.659801,-0.103415,-0.779320,2.561000,404.427490,110.221222,0.629957,3.273570,0.911213,depth,1
1777901156.670929,-0.106826,-0.801532,2.643000,404.411346,110.668442,0.613910,3.411062,0.864223,depth,1
1777901156.682056,-0.103894,-0.786259,2.591000,404.549500,110.585861,0.643421,3.757195,0.920692,depth,1
1777901156.693183,-0.098571,-0.750912,2.483000,404.721893,111.032722,0.609300,3.140325,0.866234,depth,1
1777901156.704311,-0.100788,-0.770899,2.561000,404.870026,111.639412,0.599673,3.084122,0.844976,depth,1
1777901156.715438,-0.094163,-0.748015,2.502000,405.611755,112.522728,0.630527,3.441394,0.904248,depth,1
1777901156.726566,-0.090729,-0.731937,2.455000,405.904266,112.878632,0.642164,3.598245,0.925497,depth,1
1777901156.737694,-0.089650,-0.737804,2.483000,406.271393,113.309654,0.611780,3.218154,0.868543,depth,1
1777901156.748821,-0.087263,-0.723808,2.442000,406.431488,113.629860,0.636793,3.649009,0.909532,depth,1
1777901156.759948,-0.082841,-0.697242,2.363000,406.723297,114.204796,0.602829,3.066780,0.853733,depth,1
1777901156.771076,-0.081501,-0.696794,2.371000,407.018097,114.715759,0.616410,3.651990,0.858427,depth,1
1777901156.782203,-0.079418,-0.695038,2.367000,407.372711,114.821526,0.603172,2.872329,0.864314,depth,1
1777901156.793331,-0.079703,-0.705555,2.410000,407.579834,115.198883,0.604565,3.110159,0.855904,depth,1
1777901156.804459,-0.082408,-0.730304,2.493000,407.586792,115.121216,0.612483,3.218344,0.870289,depth,1
1777901156.815586,-0.082105,-0.727798,2.483000,407.582001,115.047623,0.613461,3.245673,0.871370,depth,1
1777901156.826713,-0.082270,-0.729263,2.488000,407.582001,115.047623,0.614346,3.289915,0.871370,depth,1
1777901156.837841,-0.083431,-0.736482,2.512000,407.518829,115.016129,0.608429,3.270705,0.857538,depth,1
1777901156.848969,-0.079150,-0.685423,2.337000,407.236328,114.970146,0.611239,3.006308,0.877782,depth,1
1777901156.860096,-0.081204,-0.691810,2.354000,406.965424,114.713577,0.578432,2.745937,0.808783,depth,1
1777901156.871223,-0.085019,-0.710855,2.410000,406.628448,114.250534,0.615994,3.278648,0.876052,depth,1
1777901156.882351,-0.087282,-0.714117,2.410000,406.223511,113.666664,0.608535,2.894208,0.876627,depth,1
1777901156.893478,-0.091722,-0.737658,2.483000,405.911438,113.334946,0.596112,2.888911,0.845835,depth,1
1777901156.904605,-0.093668,-0.738503,2.479000,405.547180,112.981133,0.642321,3.470060,0.932299,depth,1
1777901156.915733,-0.100126,-0.760651,2.541000,404.848816,112.357010,0.638127,3.716587,0.909487,depth,1
1777901156.926861,-0.107225,-0.793144,2.638000,404.313080,111.791901,0.604409,3.039443,0.859051,depth,1
1777901156.937988,-0.109445,-0.794703,2.638000,403.950012,111.537041,0.614982,3.099237,0.882492,depth,1
1777901156.949116,-0.110417,-0.797666,2.648000,403.859253,111.545189,0.612699,3.000221,0.881737,depth,1
1777901156.960243,-0.113882,-0.814281,2.697000,403.631958,111.248611,0.609221,3.199100,0.863097,depth,1
1777901156.971370,-0.103180,-0.715328,2.358000,402.971313,110.627052,0.617013,3.301027,0.877482,depth,1
1777901156.982498,-0.106068,-0.717670,2.358000,402.443054,110.198608,0.609446,3.210350,0.863097,depth,1
1777901156.993625,-0.109140,-0.720840,2.358000,401.881134,109.618851,0.617004,3.300565,0.877482,depth,1
1777901157.004753,-0.116254,-0.744773,2.428000,401.192993,109.168694,0.610548,2.966439,0.878047,depth,1
1777901157.015881,-0.120337,-0.751647,2.437000,400.546722,108.440727,0.646481,3.909030,0.920751,depth,1
1777901157.027008,-0.123555,-0.752439,2.428000,399.896088,107.807014,0.612441,3.061101,0.878047,depth,1
1777901157.038135,-0.127560,-0.754749,2.424000,399.147247,107.175369,0.616265,3.110112,0.885157,depth,1
1777901157.049263,-0.131461,-0.758212,2.424000,398.453278,106.559273,0.648856,4.027770,0.920751,depth,1
1777901157.060390,-0.144241,-0.810110,2.571000,397.646667,105.566666,0.607683,3.095055,0.864454,depth,1
1777901157.071517,-0.141708,-0.773167,2.442000,396.815948,104.912483,0.612626,3.202114,0.871458,depth,1
1777901157.082646,-0.140815,-0.749011,2.350000,396.000000,104.000000,0.630677,3.276606,0.912863,depth,1
1777901157.093773,-0.150058,-0.775603,2.419000,395.089294,103.179871,0.622178,3.275953,0.891647,depth,1
1777901157.104900,-0.155293,-0.780272,2.419000,394.155823,102.347382,0.616281,3.250272,0.878188,depth,1
1777901157.116028,-0.160414,-0.787531,2.428000,393.348846,101.573647,0.620718,3.193547,0.892117,depth,1
1777901157.127155,-0.163149,-0.782965,2.397000,392.488281,100.585938,0.617881,3.190023,0.885201,depth,1
1777901157.138283,-0.169539,-0.795726,2.419000,391.615997,99.592003,0.609078,3.164838,0.864454,depth,1
1777901157.149411,-0.172430,-0.793233,2.393000,390.766418,98.500000,0.637761,3.619163,0.913444,depth,1
1777901157.160538,-0.180998,-0.813358,2.437000,389.811188,97.519531,0.640766,3.625549,0.920637,depth,1
1777901157.171665,-0.183149,-0.804185,2.393000,388.834625,96.526039,0.618231,3.207527,0.885201,depth,1
1777901157.182793,-0.191338,-0.821612,2.428000,387.855835,95.519844,0.636219,3.685896,0.906252,depth,1
1777901157.193920,-0.191360,-0.808508,2.371000,387.034821,94.394913,0.640593,3.607643,0.921099,depth,1
1777901157.205048,-0.200246,-0.829315,2.410000,386.007874,93.051178,0.614234,3.146017,0.878285,depth,1
1777901157.216176,-0.202226,-0.822889,2.375000,385.120148,92.031006,0.619965,3.155911,0.892117,depth,1
1777901157.227303,-0.205488,-0.826694,2.367000,384.401611,90.832664,0.615539,3.073840,0.885157,depth,1
1777901157.238430,-0.210068,-0.829882,2.358000,383.421051,89.674767,0.633363,3.394148,0.913701,depth,1
1777901157.249558,-0.216010,-0.844379,2.380000,382.699463,88.450821,0.619706,3.435661,0.877482,depth,1
1777901157.260685,-0.221265,-0.856956,2.397000,382.031555,87.272980,0.626133,3.328574,0.898904,depth,1
1777901157.271812,-0.225229,-0.859096,2.380000,381.028931,85.783745,0.613278,2.968780,0.884756,depth,1
1777901157.282941,-0.226788,-0.856226,2.354000,380.292358,84.590164,0.616116,3.256179,0.877482,depth,1
1777901157.294068,-0.236160,-0.881335,2.406000,379.510468,83.479774,0.618000,3.217873,0.884107,depth,1
1777901157.305195,-0.234451,-0.871555,2.358000,378.961273,82.052559,0.601129,2.922108,0.856718,depth,1
1777901157.316322,-0.239661,-0.885278,2.375000,378.322174,80.701530,0.619772,3.306463,0.884107,depth,1
1777901157.327450,-0.240717,-0.877509,2.337000,377.419739,79.521263,0.625261,3.284957,0.898904,depth,1
1777901157.338577,-0.249827,-0.907261,2.397000,376.892548,78.221764,0.634446,3.298187,0.921206,depth,1
1777901157.349704,-0.252156,-0.909398,2.384000,376.225983,76.944916,0.602933,2.890220,0.862820,depth,1
1777901157.360832,-0.255808,-0.912981,2.375000,375.390045,75.670815,0.620846,3.212204,0.891506,depth,1
1777901157.371959,-0.255824,-0.913166,2.358000,375.052124,74.441704,0.626642,3.354018,0.898904,depth,1
1777901157.383086,-0.262748,-0.935422,2.397000,374.567657,73.154808,0.596993,2.857502,0.849608,depth,1
1777901157.394215,-0.260729,-0.925348,2.354000,374.073914,71.926086,0.634771,3.491455,0.912355,depth,1
1777901157.405342,-0.262698,-0.928965,2.346000,373.549103,70.683037,0.622341,3.345966,0.888554,depth,1
1777901157.416469,-0.272648,-0.961093,2.410000,373.050934,69.468704,0.598779,2.996628,0.847115,depth,1
1777901157.427597,-0.276841,-0.974049,2.424000,372.586731,68.156860,0.604315,2.894530,0.866061,depth,1
1777901157.438724,-0.272730,-0.957949,2.367000,372.149628,66.917038,0.633463,3.285443,0.919386,depth,1
1777901157.449851,-0.275115,-0.966655,2.375000,371.883942,65.924110,0.620970,3.277412,0.888554,depth,1
1777901157.460979,-0.271571,-0.954762,2.329000,371.553558,64.659225,0.599097,2.901110,0.852687,depth,1
1777901157.472106,-0.274506,-0.962979,2.337000,371.184021,63.748116,0.626287,3.253520,0.903041,depth,1
1777901157.483233,-0.277823,-0.975448,2.350000,370.855408,62.442921,0.621245,3.164893,0.894869,depth,1
1777901157.494362,-0.279892,-0.984521,2.358000,370.650085,61.390648,0.626266,3.252498,0.903041,depth,1
1777901157.505489,-0.279856,-0.983591,2.342000,370.306976,60.331783,0.639758,3.650823,0.916854,depth,1
1777901157.516616,-0.280541,-0.987971,2.337000,370.070190,59.135963,0.630112,3.417196,0.904421,depth,1
1777901157.527744,-0.282301,-0.993134,2.337000,369.745361,58.183117,0.626778,3.077133,0.913087,depth,1
1777901157.538871,-0.282641,-0.997284,2.333000,369.593231,57.101696,0.622199,3.142629,0.898366,depth,1
1777901157.549998,-0.283214,-1.002494,2.333000,369.487396,56.138657,0.627236,3.242229,0.905980,depth,1
1777901157.561126,-0.286989,-1.017995,2.358000,369.351929,55.268261,0.617392,3.024278,0.892266,depth,1
1777901157.572253,-0.287461,-1.020823,2.354000,369.176331,54.433720,0.610341,2.807752,0.885465,depth,1
1777901157.583380,-0.290464,-1.035118,2.375000,369.096741,53.491505,0.605632,2.845779,0.871790,depth,1
1777901157.594508,-0.289003,-1.032062,2.358000,368.983612,52.695354,0.616964,3.006820,0.892068,depth,1
1777901157.605635,-0.285295,-1.020288,2.321000,368.830017,51.873837,0.619847,3.147022,0.892266,depth,1
1777901157.616763,-0.285883,-1.028566,2.329000,368.903107,50.992249,0.621164,3.215880,0.892117,depth,1
1777901157.627891,-0.286098,-1.034034,2.333000,368.954193,50.307888,0.607560,2.943273,0.871736,depth,1
1777901157.639018,-0.286478,-1.034357,2.325000,368.701752,49.590225,0.613955,2.996866,0.885045,depth,1
1777901157.650145,-0.288010,-1.045167,2.342000,368.805328,48.992367,0.629633,3.362690,0.905948,depth,1
1777901157.661273,-0.288954,-1.049837,2.346000,368.722229,48.462120,0.610833,2.973853,0.878390,depth,1
1777901157.672400,-0.292361,-1.065879,2.375000,368.752228,47.905491,0.617481,3.310280,0.878188,depth,1
1777901157.683527,-0.289671,-1.059612,2.354000,368.771393,47.326946,0.616635,2.985690,0.892303,depth,1
1777901157.694655,-0.290686,-1.066302,2.363000,368.788330,46.845375,0.619114,3.257368,0.884917,depth,1
1777901157.705782,-0.288304,-1.061275,2.346000,368.841766,46.359272,0.608887,2.871809,0.878628,depth,1
1777901157.716909,-0.288532,-1.069309,2.358000,369.069824,45.882740,0.624194,3.222191,0.899376,depth,1
1777901157.728038,-0.289006,-1.070283,2.354000,368.893188,45.371944,0.611645,2.872957,0.885465,depth,1
1777901157.739165,-0.286569,-1.070899,2.350000,369.250336,44.925034,0.638111,3.483583,0.921099,depth,1
1777901157.750292,-0.288620,-1.079639,2.367000,369.254425,44.744217,0.630116,3.379772,0.906303,depth,1
1777901157.761419,-0.292965,-1.100274,2.406000,369.327881,44.234013,0.608900,3.026269,0.870937,depth,1
1777901157.772547,-0.287701,-1.083760,2.367000,369.421783,43.993198,0.629133,3.330573,0.906303,depth,1
1777901157.783674,-0.293535,-1.109087,2.419000,369.508606,43.722702,0.615558,3.115105,0.883140,depth,1
1777901157.794801,-0.290667,-1.100803,2.397000,369.544250,43.398232,0.625205,3.330516,0.896488,depth,1
1777901157.805929,-0.290394,-1.106182,2.406000,369.788849,43.174961,0.624448,3.161554,0.903041,depth,1
1777901157.817056,-0.290008,-1.108243,2.406000,369.858063,42.805424,0.602287,3.034204,0.854007,depth,1
1777901157.828183,-0.284150,-1.089852,2.363000,369.981140,42.547169,0.642657,3.486851,0.932299,depth,1
1777901157.839312,-0.285401,-1.098165,2.380000,370.125000,42.461540,0.635284,3.470012,0.914709,depth,1
1777901157.850439,-0.283436,-1.097318,2.375000,370.372925,42.196369,0.619419,3.204486,0.888323,depth,1
1777901157.861566,-0.280342,-1.089261,2.354000,370.480591,41.894821,0.603797,2.840400,0.867473,depth,1
1777901157.872694,-0.284932,-1.114578,2.406000,370.767822,41.669983,0.629236,3.222350,0.911973,depth,1
1777901157.883821,-0.278268,-1.093192,2.358000,370.947113,41.514423,0.630656,3.238631,0.914709,depth,1
1777901157.894948,-0.278686,-1.098286,2.367000,371.064362,41.346535,0.619030,3.185025,0.888323,depth,1
1777901157.906076,-0.276805,-1.093740,2.354000,371.128723,41.074257,0.595739,2.774371,0.850629,depth,1
1777901157.917203,-0.277272,-1.103979,2.371000,371.407227,40.648605,0.607014,3.037104,0.865681,depth,1
1777901157.928330,-0.278477,-1.111135,2.384000,371.464294,40.448978,0.630482,3.504131,0.900998,depth,1
1777901157.939459,-0.273391,-1.100197,2.358000,371.839081,40.233170,0.606815,3.027106,0.865681,depth,1
1777901157.950585,-0.273923,-1.104941,2.363000,371.847870,39.793163,0.614440,3.027015,0.884750,depth,1
1777901157.961713,-0.272162,-1.106382,2.363000,372.169250,39.530224,0.609583,2.965651,0.875675,depth,1
1777901157.972841,-0.270264,-1.105372,2.358000,372.411041,39.286701,0.632678,3.313797,0.916005,depth,1
1777901157.983968,-0.273569,-1.124300,2.393000,372.538330,38.832443,0.618855,3.192175,0.887528,depth,1
1777901157.995095,-0.269456,-1.111505,2.363000,372.663177,38.595112,0.626829,3.211210,0.906512,depth,1
1777901158.006223,-0.267389,-1.113308,2.363000,373.040405,38.265995,0.605726,2.871666,0.870732,depth,1
1777901158.017350,-0.268186,-1.125878,2.384000,373.326141,37.781982,0.613905,3.134548,0.878036,depth,1
1777901158.028477,-0.264871,-1.117505,2.363000,373.500000,37.500000,0.620258,3.176802,0.891804,depth,1
1777901158.039605,-0.260646,-1.104932,2.333000,373.659332,37.201466,0.618305,3.069289,0.892298,depth,1
1777901158.050732,-0.259149,-1.114038,2.346000,374.201477,36.659340,0.616653,2.986701,0.892298,depth,1
1777901158.061859,-0.260886,-1.127402,2.371000,374.388000,36.388008,0.621172,3.118176,0.897020,depth,1
1777901158.072988,-0.256821,-1.116103,2.342000,374.548920,35.929348,0.598891,2.709419,0.861758,depth,1
1777901158.084115,-0.256820,-1.125895,2.358000,374.869965,35.532967,0.617397,3.023912,0.892298,depth,1
1777901158.095242,-0.256661,-1.140713,2.384000,375.411102,35.098148,0.612678,2.984046,0.882492,depth,1
1777901158.106370,-0.251187,-1.123018,2.342000,375.586456,34.655972,0.615335,3.016206,0.887528,depth,1
1777901158.117497,-0.249065,-1.124482,2.342000,375.977264,34.386364,0.628488,3.339470,0.904248,depth,1
1777901158.128624,-0.247642,-1.131598,2.350000,376.394440,33.785187,0.612059,2.953120,0.882492,depth,1
1777901158.139752,-0.246997,-1.136349,2.354000,376.589874,33.267792,0.606215,2.857040,0.872687,depth,1
1777901158.150879,-0.244915,-1.139818,2.354000,376.971252,32.632183,0.621794,3.210263,0.893972,depth,1
1777901158.162006,-0.241596,-1.137630,2.346000,377.428558,32.322346,0.614944,2.901259,0.892298,depth,1
1777901158.173135,-0.239911,-1.144390,2.354000,377.888214,31.794411,0.617771,3.138737,0.887491,depth,1
1777901158.184262,-0.237288,-1.141414,2.342000,378.145966,31.268244,0.620956,3.085387,0.898120,depth,1
1777901158.195389,-0.235749,-1.150175,2.354000,378.650696,30.734531,0.592525,2.701766,0.846224,depth,1
1777901158.206516,-0.233232,-1.153062,2.354000,379.111786,30.205589,0.615681,3.034232,0.887491,depth,1
1777901158.217644,-0.230097,-1.148754,2.337000,379.379517,29.463856,0.602402,2.722958,0.869857,depth,1
1777901158.228771,-0.229958,-1.165977,2.367000,379.943024,29.012659,0.634258,3.448146,0.913239,depth,1
1777901158.239898,-0.224599,-1.152637,2.333000,380.323059,28.382715,0.614691,2.914131,0.891020,depth,1
1777901158.251026,-0.222361,-1.157255,2.337000,380.807129,27.895178,0.621859,3.348728,0.887212,depth,1
1777901158.262153,-0.221168,-1.163181,2.342000,381.114532,27.259714,0.604739,2.912266,0.866234,depth,1
1777901158.273280,-0.217267,-1.162681,2.337000,381.747345,26.893843,0.614533,3.205580,0.876052,depth,1
1777901158.284408,-0.220342,-1.190197,2.384000,381.981476,26.146091,0.612964,2.827812,0.891020,depth,1
1777901158.295536,-0.214810,-1.174422,2.346000,382.352814,25.558441,0.593597,2.739462,0.847019,depth,1
1777901158.306663,-0.213639,-1.180809,2.354000,382.701538,25.122004,0.604713,3.161003,0.853733,depth,1
1777901158.317791,-0.211334,-1.184554,2.354000,383.123932,24.435898,0.598470,2.763115,0.858019,depth,1
1777901158.328918,-0.206906,-1.176213,2.333000,383.593811,24.024282,0.627299,3.649567,0.885768,depth,1
1777901158.340046,-0.206587,-1.185118,2.342000,383.799561,23.220043,0.602861,3.068419,0.853733,depth,1
1777901158.351174,-0.204271,-1.189030,2.346000,384.290253,22.873016,0.611538,2.963410,0.880674,depth,1
1777901158.362301,-0.203070,-1.197247,2.354000,384.637970,22.110374,0.597390,3.018027,0.842573,depth,1
1777901158.373428,-0.200897,-1.196795,2.350000,384.973328,21.820000,0.606179,2.968999,0.866999,depth,1
1777901158.384557,-0.198668,-1.198182,2.346000,385.320343,21.190475,0.617382,3.066740,0.890119,depth,1
1777901158.395684,-0.198328,-1.212944,2.371000,385.767334,20.827740,0.616888,2.991251,0.892656,depth,1
1777901158.406811,-0.196105,-1.212311,2.363000,386.050781,20.196468,0.623206,3.067512,0.904638,depth,1
1777901158.417939,-0.193234,-1.210819,2.358000,386.500000,20.000000,0.625274,3.504915,0.887939,depth,1
1777901158.429066,-0.191118,-1.210035,2.354000,386.827728,19.767338,0.616050,2.949368,0.892656,depth,1
1777901158.440194,-0.188766,-1.208740,2.346000,387.140594,19.249434,0.611364,2.954688,0.880674,depth,1
1777901158.451322,-0.186305,-1.202514,2.333000,387.402222,19.162222,0.605953,2.957665,0.866999,depth,1
1777901158.462449,-0.186732,-1.216423,2.358000,387.689331,18.975058,0.610793,2.926164,0.880674,depth,1
1777901158.473576,-0.183000,-1.201571,2.329000,387.955139,18.955128,0.622785,3.105698,0.901679,depth,1
1777901158.484705,-0.180448,-1.192803,2.313000,388.196472,19.050772,0.622448,3.029655,0.904638,depth,1
1777901158.495832,-0.180992,-1.207752,2.342000,388.513000,19.051949,0.592313,2.675270,0.847019,depth,1
1777901158.506959,-0.179668,-1.207396,2.342000,388.756805,19.117401,0.617541,3.132823,0.887212,depth,1
1777901158.518087,-0.179053,-1.207328,2.342000,388.870026,19.129978,0.618992,3.205351,0.887212,depth,1
1777901158.529215,-0.178175,-1.203776,2.337000,388.961548,19.309830,0.625103,3.221601,0.901679,depth,1
1777901158.540342,-0.177300,-1.197519,2.329000,389.010742,19.705376,0.609687,3.186503,0.864892,depth,1
1777901158.551470,-0.176376,-1.190072,2.317000,389.012665,19.943037,0.631358,3.303140,0.913239,depth,1
1777901158.562598,-0.176203,-1.188480,2.317000,389.044861,20.239317,0.626688,3.300843,0.901679,depth,1
1777901158.573725,-0.173104,-1.163774,2.273000,388.997833,20.644880,0.636654,3.882712,0.897500,depth,1
1777901158.584853,-0.178776,-1.198587,2.346000,388.977234,21.115942,0.627876,3.426366,0.898372,depth,1
1777901158.595980,-0.176139,-1.179668,2.313000,389.000000,21.500000,0.657654,4.150835,0.936594,depth,1
1777901158.607107,-0.176033,-1.170727,2.301000,388.848663,22.028629,0.634126,3.515681,0.909532,depth,1
1777901158.618236,-0.177112,-1.168657,2.301000,388.646332,22.416666,0.598011,3.048653,0.842594,depth,1
1777901158.629363,-0.180367,-1.181754,2.333000,388.500000,23.000000,0.637677,3.183439,0.935021,depth,1
1777901158.640490,-0.182257,-1.184669,2.346000,388.337311,23.674650,0.594860,2.818547,0.846224,depth,1
1777901158.651618,-0.183537,-1.187886,2.358000,388.273590,24.194605,0.631707,3.197823,0.919377,depth,1
1777901158.662746,-0.183909,-1.179689,2.350000,388.091095,24.959303,0.616501,3.151117,0.883696,depth,1
1777901158.673873,-0.183730,-1.162762,2.325000,387.761353,25.771204,0.621446,3.109912,0.898120,depth,1
1777901158.685000,-0.186980,-1.170403,2.346000,387.469055,26.297405,0.618181,3.159244,0.887491,depth,1
1777901158.696128,-0.186665,-1.163537,2.342000,387.468292,27.194275,0.606157,2.983157,0.866234,depth,1
1777901158.707256,-0.187087,-1.151148,2.329000,387.198364,28.292433,0.604743,2.912453,0.866234,depth,1
1777901158.718383,-0.188047,-1.143524,2.325000,386.960541,29.339912,0.645645,3.793669,0.924430,depth,1
1777901158.729511,-0.188186,-1.135897,2.321000,386.874725,30.391499,0.649210,3.657697,0.940140,depth,1
1777901158.740638,-0.191010,-1.141816,2.346000,386.728058,31.552631,0.643161,3.669444,0.924430,depth,1
1777901158.751766,-0.190810,-1.130907,2.337000,386.629883,32.757576,0.593986,2.758895,0.847019,depth,1
1777901158.762894,-0.191597,-1.124905,2.342000,386.560089,34.308392,0.613036,3.038336,0.880674,depth,1
1777901158.774021,-0.191147,-1.115424,2.337000,386.567566,35.614864,0.602558,3.019117,0.855439,depth,1
1777901158.785148,-0.190858,-1.102788,2.329000,386.500000,37.247684,0.617928,3.000825,0.894779,depth,1
1777901158.796277,-0.189848,-1.091801,2.321000,386.565796,38.585526,0.613004,3.079023,0.878559,depth,1
1777901158.807404,-0.191735,-1.089641,2.337000,386.459167,40.373070,0.625914,3.202945,0.904638,depth,1
1777901158.818531,-0.190897,-1.083380,2.342000,386.689026,41.955257,0.594663,2.759510,0.848681,depth,1
1777901158.829659,-0.190719,-1.076034,2.346000,386.781616,43.645977,0.635896,3.496775,0.914902,depth,1
1777901158.840787,-0.190567,-1.070650,2.354000,386.928558,45.304764,0.633432,3.329874,0.917085,depth,1
1777901158.851914,-0.188562,-1.051457,2.333000,386.985077,47.087063,0.610969,2.992793,0.877782,depth,1
1777901158.863042,-0.185757,-1.038522,2.325000,387.385406,48.817707,0.624906,3.541297,0.885201,depth,1
1777901158.874169,-0.185018,-1.029131,2.325000,387.522400,50.559700,0.646886,3.810427,0.926695,depth,1
1777901158.885297,-0.182418,-1.019150,2.325000,388.004852,52.411194,0.607581,3.090552,0.864424,depth,1
1777901158.896425,-0.182887,-1.021236,2.354000,388.335815,54.358025,0.633737,3.719793,0.898353,depth,1
1777901158.907552,-0.180546,-1.010033,2.350000,388.708344,56.095589,0.616277,2.996194,0.890883,depth,1
1777901158.918679,-0.178615,-1.003297,2.358000,389.173920,57.956520,0.597059,2.703011,0.857497,depth,1
1777901158.929808,-0.179792,-1.013059,2.406000,389.614655,59.867611,0.620899,3.251713,0.889663,depth,1
1777901158.940935,-0.170674,-0.976591,2.342000,390.413055,61.620773,0.625153,3.177970,0.903984,depth,1
1777901158.952062,-0.168990,-0.966820,2.346000,390.776245,63.723743,0.621492,3.315800,0.887939,depth,1
1777901158.963191,-0.169580,-0.981752,2.406000,391.445190,65.479454,0.624584,3.085083,0.907206,depth,1
1777901158.974318,-0.165537,-0.962324,2.384000,391.896118,67.370132,0.593730,2.746136,0.847019,depth,1
1777901158.985445,-0.163738,-0.965070,2.419000,392.650116,69.399590,0.628132,3.439167,0.898372,depth,1
1777901158.996573,-0.155126,-0.928247,2.354000,393.421967,71.394989,0.633712,3.298066,0.919377,depth,1
1777901159.007701,-0.151974,-0.921475,2.363000,394.105469,73.278717,0.618112,3.312254,0.879668,depth,1
1777901159.018828,-0.155002,-0.946706,2.451000,394.568512,74.877304,0.633611,3.489897,0.909532,depth,1
1777901159.029956,-0.146113,-0.910613,2.384000,395.410095,76.725250,0.610807,3.003087,0.876862,depth,1
1777901159.041084,-0.148012,-0.937387,2.483000,396.134125,78.642998,0.623780,3.226588,0.898120,depth,1
1777901159.052211,-0.137744,-0.882473,2.363000,396.702606,80.397209,0.618204,3.160375,0.887491,depth,1
1777901159.063339,-0.133966,-0.879922,2.380000,397.566864,82.009979,0.618664,3.183373,0.887491,depth,1
1777901159.074466,-0.128199,-0.857023,2.342000,398.235077,83.639694,0.635023,3.363588,0.919377,depth,1
1777901159.085593,-0.126932,-0.871356,2.406000,399.090088,85.268471,0.616490,3.263762,0.878036,depth,1
1777901159.096721,-0.127241,-0.898349,2.507000,399.953613,86.917526,0.628794,3.603606,0.891804,depth,1
1777901159.107849,-0.118545,-0.853954,2.406000,400.593445,88.387848,0.620874,3.020502,0.901161,depth,1
1777901159.118976,-0.113616,-0.845242,2.406000,401.477051,89.949539,0.637630,3.843322,0.901910,depth,1
1777901159.130104,-0.112410,-0.857709,2.465000,402.175446,91.394737,0.607663,3.024887,0.867913,depth,1
1777901159.141232,-0.106391,-0.836407,2.424000,402.913788,92.646553,0.614955,3.084957,0.883140,depth,1
1777901159.152359,-0.107704,-0.860976,2.517000,403.388245,93.935295,0.614602,3.261667,0.873421,depth,1
1777901159.163486,-0.115379,-0.934306,2.748000,403.734985,94.827866,0.595602,2.905955,0.843707,depth,1
1777901159.174614,-0.091365,-0.793610,2.363000,405.167664,96.616165,0.611800,3.052759,0.876862,depth,1
1777901159.185742,-0.087071,-0.788442,2.367000,405.978271,97.802536,0.626848,3.300342,0.902103,depth,1
1777901159.196869,-0.087265,-0.804407,2.428000,406.342255,98.575890,0.621101,3.283964,0.888554,depth,1
1777901159.207997,-0.084870,-0.802927,2.442000,406.854248,99.656563,0.623163,3.053161,0.905250,depth,1
1777901159.219125,-0.083188,-0.806398,2.469000,407.311920,100.600914,0.608348,3.122313,0.864753,depth,1
1777901159.230252,-0.081999,-0.817441,2.526000,407.842743,101.894020,0.617980,3.525865,0.868656,depth,1
1777901159.241380,-0.080467,-0.822829,2.561000,408.292145,102.894119,0.615288,3.295964,0.873421,depth,1
1777901159.252507,-0.085753,-0.888301,2.789000,408.582489,104.097641,0.668672,4.887091,0.927326,depth,1
1777901159.263635,-0.090141,-0.959064,3.027000,409.000000,104.815788,0.624937,3.675689,0.878559,depth,1
1777901159.274763,-0.076924,-0.888481,2.819000,410.074463,105.531914,0.646212,3.876342,0.921714,depth,1
1777901159.285890,-0.061259,-0.777332,2.479000,411.185669,106.225952,0.616892,2.991460,0.892656,depth,1
1777901159.297017,-0.055540,-0.738115,2.367000,411.723450,106.972527,0.617619,3.034978,0.892298,depth,1
1777901159.308146,-0.053888,-0.735056,2.371000,412.040985,107.755791,0.622278,3.363339,0.887528,depth,1
1777901159.319273,-0.052762,-0.730165,2.354000,412.176483,107.686272,0.625898,3.234091,0.903041,depth,1
1777901159.330400,-0.052534,-0.744179,2.406000,412.426239,108.065575,0.616647,3.282726,0.877482,depth,1
1777901159.341528,-0.052235,-0.745232,2.419000,412.530243,108.594597,0.593535,2.897081,0.838982,depth,1
1777901159.352655,-0.050942,-0.744084,2.424000,412.779480,109.073074,0.625177,3.278205,0.899032,depth,1
1777901159.363782,-0.050249,-0.745511,2.437000,412.950378,109.526718,0.607993,2.964935,0.871736,depth,1
1777901159.374911,-0.048968,-0.734317,2.406000,413.065399,109.833336,0.624532,3.245972,0.899032,depth,1
1777901159.386038,-0.048357,-0.733635,2.410000,413.189362,110.173798,0.610428,3.226813,0.864729,depth,1
1777901159.397165,-0.049027,-0.736701,2.428000,413.134613,110.602562,0.623503,3.194508,0.899032,depth,1
1777901159.408293,-0.048930,-0.744608,2.460000,413.264862,110.918602,0.622117,3.263499,0.892117,depth,1
1777901159.419420,-0.048543,-0.732916,2.428000,413.220490,111.274971,0.609605,3.185661,0.864729,depth,1
1777901159.430548,-0.048447,-0.725968,2.410000,413.173218,111.545929,0.613709,3.119753,0.878285,depth,1
1777901159.441676,-0.048007,-0.722594,2.406000,413.237671,111.934784,0.609982,2.988587,0.875526,depth,1
1777901159.452803,-0.047124,-0.704581,2.354000,413.209351,112.373589,0.597506,2.958578,0.845835,depth,1
1777901159.463930,-0.046489,-0.701068,2.354000,413.325684,113.017242,0.627407,3.490899,0.893972,depth,1
1777901159.475058,-0.046471,-0.699263,2.354000,413.329132,113.348007,0.625439,3.527689,0.887212,depth,1
1777901159.486185,-0.048983,-0.701460,2.363000,412.903076,113.434990,0.624790,3.446234,0.889663,depth,1
1777901159.497313,-0.054130,-0.753193,2.541000,412.655670,113.622711,0.609840,2.983315,0.875435,depth,1
1777901159.508441,-0.076476,-0.920116,3.106000,411.224030,113.699455,0.615574,2.937330,0.892068,depth,1
1777901159.519568,-0.073295,-0.833407,2.789000,410.508942,112.586311,0.624508,3.454342,0.888554,depth,1
1777901159.530695,-0.070924,-0.790436,2.638000,410.247803,112.234650,0.618453,3.351488,0.878559,depth,1
1777901159.541822,-0.067886,-0.742564,2.483000,410.051727,112.482758,0.626911,3.466124,0.893972,depth,1
1777901159.552950,-0.068074,-0.739797,2.479000,410.000000,112.756172,0.636052,3.929902,0.893635,depth,1
1777901159.564078,-0.069338,-0.727954,2.437000,409.572235,112.633766,0.634139,3.754224,0.897636,depth,1
1777901159.575205,-0.070086,-0.722756,2.419000,409.347412,112.601967,0.640945,3.786330,0.913046,depth,1
1777901159.586333,-0.074418,-0.730754,2.442000,408.700134,112.403069,0.618373,3.236506,0.884107,depth,1
1777901159.597460,-0.076275,-0.731906,2.437000,408.344482,111.934448,0.619750,3.305328,0.884107,depth,1
1777901159.608588,-0.080004,-0.730101,2.424000,407.608704,111.560867,0.635791,3.542465,0.912355,depth,1
1777901159.619716,-0.080467,-0.716058,2.375000,407.230896,111.430893,0.592462,2.869858,0.837663,depth,1
1777901159.630843,-0.083019,-0.720121,2.393000,406.880798,111.676765,0.611740,3.049761,0.876862,depth,1
1777901159.641970,-0.095605,-0.776219,2.556000,405.711395,110.487808,0.621684,3.043786,0.902020,depth,1
1777901159.653098,-0.097712,-0.762998,2.502000,405.000000,109.940002,0.639730,3.598768,0.919386,depth,1
1777901159.664225,-0.100161,-0.765840,2.502000,404.577789,109.449997,0.608146,3.145341,0.863097,depth,1
1777901159.675353,-0.099331,-0.735716,2.393000,403.940948,108.866142,0.613154,3.091977,0.878285,depth,1
1777901159.686481,-0.102359,-0.732072,2.367000,403.192505,108.073647,0.598896,2.776259,0.858427,depth,1
1777901159.697608,-0.104324,-0.718887,2.313000,402.390717,107.418030,0.618040,3.352364,0.877482,depth,1
1777901159.708735,-0.111000,-0.736577,2.358000,401.540985,106.740440,0.618404,3.370561,0.877482,depth,1
1777901159.719863,-0.114482,-0.740341,2.358000,400.903992,106.052002,0.606271,3.024493,0.864454,depth,1
1777901159.730990,-0.121830,-0.763863,2.419000,400.122070,105.272980,0.626313,3.337548,0.898904,depth,1
1777901159.742117,-0.126569,-0.769267,2.419000,399.277069,104.309425,0.615323,3.231944,0.876709,depth,1
1777901159.753246,-0.134448,-0.793934,2.479000,398.452484,103.337585,0.634996,3.642954,0.905341,depth,1
1777901159.764373,-0.136414,-0.780399,2.419000,397.521729,102.324638,0.636386,3.572224,0.912355,depth,1
1777901159.775500,-0.136923,-0.761117,2.342000,396.628479,101.301025,0.640100,3.453840,0.927558,depth,1
1777901159.786628,-0.142886,-0.772110,2.358000,395.708893,100.241325,0.627918,3.335098,0.903041,depth,1
1777901159.797755,-0.147661,-0.777157,2.354000,394.789551,99.076805,0.619562,3.244192,0.886696,depth,1
1777901159.808882,-0.155362,-0.800785,2.406000,393.993866,97.918587,0.619015,3.216816,0.886696,depth,1
1777901159.820011,-0.161585,-0.813906,2.424000,393.093506,96.650078,0.603016,2.829564,0.866061,depth,1
1777901159.831138,-0.163297,-0.810941,2.393000,392.412415,95.308525,0.612965,3.077784,0.878524,depth,1
1777901159.842265,-0.170792,-0.829679,2.428000,391.505432,94.086823,0.637677,3.546770,0.916854,depth,1
1777901159.853393,-0.170899,-0.813755,2.358000,390.585297,92.624413,0.633407,3.503829,0.908325,depth,1
1777901159.864521,-0.175400,-0.819968,2.354000,389.707367,91.233177,0.633113,3.489166,0.908325,depth,1
1777901159.875648,-0.183693,-0.845868,2.406000,388.915497,89.837242,0.630150,3.340988,0.908325,depth,1
1777901159.886776,-0.186088,-0.843233,2.375000,388.050751,88.336716,0.598995,2.843397,0.855318,depth,1
1777901159.897903,-0.191808,-0.862408,2.406000,387.460785,86.872551,0.625954,3.355347,0.897118,depth,1
1777901159.909030,-0.192023,-0.852247,2.354000,386.661926,85.319115,0.603899,2.951365,0.862180,depth,1
1777901159.920158,-0.197737,-0.861592,2.358000,385.676422,83.874794,0.637843,3.289715,0.930121,depth,1
1777901159.931285,-0.200542,-0.870797,2.358000,385.163391,82.191177,0.601295,2.883725,0.859051,depth,1
1777901159.942413,-0.208003,-0.891652,2.393000,384.355255,80.762131,0.606607,2.923305,0.870352,depth,1
1777901159.953541,-0.207818,-0.883552,2.346000,383.638245,79.031593,0.628490,3.428587,0.899796,depth,1
1777901159.964668,-0.211919,-0.896844,2.358000,383.082520,77.427185,0.627933,3.278379,0.905913,depth,1
1777901159.975795,-0.217102,-0.915888,2.384000,382.567535,75.770943,0.614535,3.031770,0.884750,depth,1
1777901159.986922,-0.220236,-0.921145,2.375000,381.849640,74.188408,0.623900,3.152947,0.902103,depth,1
1777901159.998050,-0.220924,-0.923283,2.358000,381.435486,72.591400,0.627179,3.120793,0.911909,depth,1
1777901160.009178,-0.224258,-0.932046,2.358000,380.825745,70.988640,0.630210,3.425539,0.904248,depth,1
1777901160.020305,-0.227978,-0.947241,2.375000,380.443817,69.449440,0.608176,2.955064,0.872687,depth,1
1777901160.031433,-0.227784,-0.942653,2.342000,379.896088,67.870590,0.614692,3.266202,0.873421,depth,1
1777901160.042560,-0.232398,-0.960820,2.363000,379.426819,66.097565,0.626395,3.279345,0.902020,depth,1
1777901160.053688,-0.232881,-0.959580,2.342000,378.957581,64.753532,0.613954,3.160429,0.876862,depth,1
1777901160.064816,-0.236771,-0.974218,2.354000,378.463501,62.972385,0.624216,3.248391,0.898120,depth,1
1777901160.075943,-0.239043,-0.983395,2.358000,378.121399,61.596706,0.618706,3.114902,0.891020,depth,1
1777901160.087070,-0.240107,-0.985208,2.342000,377.626740,60.033932,0.618568,3.178586,0.887491,depth,1
1777901160.098198,-0.242027,-0.994328,2.346000,377.349304,58.666668,0.618086,3.154488,0.887491,depth,1
1777901160.109325,-0.243301,-1.004052,2.346000,377.115021,56.879143,0.604151,2.877684,0.866493,depth,1
1777901160.120453,-0.245569,-1.010330,2.342000,376.620941,55.407619,0.614624,2.995978,0.886761,depth,1
1777901160.131581,-0.248522,-1.025052,2.358000,376.387634,53.977528,0.638693,3.644185,0.914523,depth,1
1777901160.142708,-0.247870,-1.026352,2.342000,376.197205,52.457241,0.604292,2.882564,0.866601,depth,1
1777901160.153835,-0.249161,-1.034916,2.342000,375.959442,50.880070,0.624341,3.276670,0.897020,depth,1
1777901160.164963,-0.248940,-1.040269,2.337000,375.902069,49.484535,0.622024,2.929373,0.908592,depth,1
1777901160.176090,-0.250795,-1.052409,2.346000,375.737305,47.989132,0.626079,3.261907,0.902103,depth,1
1777901160.187217,-0.251998,-1.063619,2.354000,375.673553,46.592785,0.599550,2.914666,0.853142,depth,1
1777901160.198346,-0.250927,-1.063685,2.337000,375.535461,45.163120,0.609751,2.877739,0.880492,depth,1
1777901160.209473,-0.251897,-1.075747,2.346000,375.534760,43.698753,0.597466,2.904247,0.848452,depth,1
1777901160.220600,-0.250745,-1.078827,2.337000,375.569031,42.368687,0.607924,2.981528,0.870732,depth,1
1777901160.231728,-0.251964,-1.095731,2.358000,375.758209,41.050087,0.636092,3.484492,0.916005,depth,1
1777901160.242856,-0.249732,-1.093523,2.337000,375.755890,39.656567,0.609719,3.071301,0.870732,depth,1
1777901160.253983,-0.249410,-1.102739,2.342000,375.913635,38.390327,0.609925,2.982740,0.875675,depth,1
1777901160.265111,-0.248457,-1.107531,2.337000,375.991272,37.071552,0.628491,3.294277,0.906512,depth,1
1777901160.276238,-0.248109,-1.116203,2.342000,376.153290,35.910873,0.618736,3.186230,0.887528,depth,1
1777901160.287365,-0.246092,-1.117987,2.333000,376.349915,34.788212,0.606043,3.121142,0.859051,depth,1
1777901160.298493,-0.246226,-1.129295,2.342000,376.500000,33.500000,0.622361,3.075967,0.902103,depth,1
1777901160.309620,-0.243073,-1.123466,2.317000,376.597687,32.340996,0.623766,3.308861,0.893972,depth,1
1777901160.320748,-0.242357,-1.134803,2.329000,376.963409,31.319105,0.599422,2.783587,0.859377,depth,1
1777901160.331876,-0.243324,-1.150053,2.350000,377.186981,30.398375,0.621981,3.058645,0.902020,depth,1
1777901160.343003,-0.243624,-1.162792,2.363000,377.377777,29.234343,0.611735,3.049515,0.876862,depth,1
1777901160.354130,-0.238761,-1.155318,2.337000,377.780548,28.252588,0.601246,2.950186,0.855605,depth,1
1777901160.365258,-0.237938,-1.162162,2.342000,378.026306,27.447369,0.647058,3.864277,0.924430,depth,1
1777901160.376385,-0.235245,-1.162926,2.333000,378.354980,26.480520,0.620263,3.210778,0.890119,depth,1
1777901160.387512,-0.232590,-1.167525,2.333000,378.845795,25.630386,0.646953,3.797218,0.927521,depth,1
1777901160.398640,-0.227941,-1.158081,2.305000,379.193329,24.775555,0.609848,3.152444,0.866999,depth,1
1777901160.409767,-0.227929,-1.172176,2.325000,379.562500,24.025000,0.607540,2.776605,0.880020,depth,1
1777901160.420895,-0.226137,-1.182464,2.337000,380.110382,23.242826,0.625563,3.185387,0.904638,depth,1
1777901160.432022,-0.222521,-1.180220,2.325000,380.565796,22.532894,0.613307,3.094201,0.878559,depth,1
1777901160.443150,-0.221457,-1.190149,2.337000,380.974030,21.824675,0.615896,2.992421,0.890119,depth,1
1777901160.454277,-0.220310,-1.194011,2.337000,381.185669,21.111856,0.616121,2.952922,0.892656,depth,1
1777901160.465404,-0.217781,-1.201475,2.346000,381.806519,20.585081,0.627482,3.328478,0.902282,depth,1
1777901160.476532,-0.213409,-1.196515,2.329000,382.323883,19.891253,0.593121,2.761483,0.844729,depth,1
1777901160.487659,-0.210832,-1.202706,2.337000,382.934784,19.507246,0.625452,3.192940,0.903984,depth,1
1777901160.498786,-0.208174,-1.204319,2.333000,383.359528,18.828571,0.603574,2.780238,0.869924,depth,1
1777901160.509914,-0.206424,-1.213532,2.346000,383.894379,18.368546,0.608952,2.800591,0.882351,depth,1
1777901160.521041,-0.201965,-1.209154,2.333000,384.507233,17.934782,0.623669,3.103757,0.903984,depth,1
1777901160.532168,-0.200069,-1.216179,2.342000,385.000000,17.500000,0.615504,2.957530,0.890883,depth,1
1777901160.543297,-0.196536,-1.212406,2.329000,385.448517,16.948530,0.616925,3.028592,0.890883,depth,1
1777901160.554424,-0.194048,-1.220639,2.342000,386.108704,16.678743,0.595275,2.613819,0.857497,depth,1
1777901160.565551,-0.189985,-1.215429,2.329000,386.661621,16.388889,0.605629,2.987830,0.864680,depth,1
1777901160.576679,-0.182210,-1.189394,2.277000,387.330902,16.180048,0.605646,2.993790,0.864424,depth,1
1777901160.587806,-0.183521,-1.209962,2.313000,387.623505,15.851319,0.609424,2.930305,0.877044,depth,1
1777901160.598933,-0.178364,-1.205711,2.305000,388.469696,15.863636,0.604316,2.922195,0.864680,depth,1
1777901160.610061,-0.172005,-1.180832,2.253000,388.916656,15.419192,0.579662,2.578832,0.820214,depth,1
1777901160.621188,-0.173727,-1.217892,2.321000,389.561401,15.155389,0.621656,2.979826,0.905148,depth,1
1777901160.632315,-0.172617,-1.235665,2.354000,390.217285,15.071605,0.599669,2.947350,0.851805,depth,1
1777901160.643444,-0.168265,-1.223507,2.329000,390.683685,14.892944,0.604254,2.924224,0.864424,depth,1
1777901160.654571,-0.168641,-1.258635,2.397000,391.500000,15.000000,0.615783,2.971474,0.890883,depth,1
1777901160.665698,-0.164728,-1.259180,2.397000,392.204132,14.901809,0.609069,2.894969,0.877925,depth,1
1777901160.676826,-0.158241,-1.230679,2.342000,392.702637,14.829736,0.609815,2.949876,0.877044,depth,1
1777901160.687953,-0.155626,-1.238405,2.358000,393.378784,14.954545,0.604743,2.943525,0.864680,depth,1
1777901160.699080,-0.151773,-1.232755,2.346000,393.941467,14.834605,0.618692,3.499893,0.871736,depth,1
1777901160.710208,-0.148726,-1.241288,2.363000,394.698303,14.907542,0.604575,2.940285,0.864424,depth,1
1777901160.721335,-0.144641,-1.232365,2.346000,395.252594,14.906250,0.624027,3.497359,0.885201,depth,1
1777901160.732462,-0.143203,-1.239625,2.354000,395.606354,14.346032,0.649843,4.022050,0.923504,depth,1
1777901160.743591,-0.138281,-1.229071,2.337000,396.323975,14.641745,0.617545,3.170016,0.885361,depth,1
1777901160.754718,-0.136215,-1.233568,2.342000,396.758850,14.297873,0.607106,3.070839,0.864223,depth,1
1777901160.765845,-0.132097,-1.219538,2.317000,397.254639,14.458333,0.644120,4.310421,0.894779,depth,1
1777901160.776973,-0.119130,-1.168846,2.242000,398.926544,16.615820,0.528694,2.081720,0.717650,depth,1
1777901160.788100,-0.114008,-1.161650,2.234000,399.833344,17.200001,0.527068,2.063882,0.714476,depth,1
1777901160.799227,-0.118451,-1.233656,2.363000,400.224030,16.300547,0.621499,3.233558,0.892068,depth,1
1777901160.810355,-0.116988,-1.249301,2.384000,400.679016,15.453704,0.640886,3.852626,0.909583,depth,1
1777901160.821482,-0.108941,-1.218412,2.342000,401.781494,17.088888,0.560056,2.454880,0.777396,depth,1
1777901160.832609,-0.105561,-1.214082,2.342000,402.403931,17.886274,0.607323,2.897747,0.873421,depth,1
1777901160.843737,-0.102673,-1.223058,2.350000,403.000000,17.000000,0.627637,3.401190,0.899032,depth,1
1777901160.854865,-0.098853,-1.217668,2.342000,403.639130,17.225895,0.586283,2.844564,0.823480,depth,1
1777901160.865992,-0.096726,-1.229284,2.367000,404.218903,17.477612,0.612154,3.052043,0.877782,depth,1
1777901160.877119,-0.092635,-1.220895,2.354000,404.871216,17.777779,0.608929,3.529800,0.845833,depth,1
1777901160.888247,-0.089778,-1.217123,2.346000,405.338531,17.708334,0.623519,3.471920,0.885201,depth,1
1777901160.899374,-0.086660,-1.226584,2.367000,406.053040,17.969696,0.638156,3.650527,0.912863,depth,1
1777901160.910501,-0.084610,-1.235110,2.384000,406.536469,18.020834,0.593040,2.882442,0.838478,depth,1
1777901160.921629,-0.081828,-1.232261,2.380000,407.014923,18.161692,0.612312,3.059958,0.877782,depth,1
1777901160.932756,-0.077978,-1.217613,2.354000,407.556458,18.379032,0.612161,3.457295,0.857538,depth,1
1777901160.943883,-0.076416,-1.240054,2.397000,408.093842,18.343210,0.602623,3.095029,0.851805,depth,1
1777901160.955011,-0.073216,-1.228027,2.375000,408.547607,18.460318,0.619774,3.561306,0.871370,depth,1
1777901160.966138,-0.070775,-1.243835,2.406000,409.156403,18.500000,0.601564,3.046595,0.851579,depth,1
1777901160.977266,-0.068069,-1.218337,2.358000,409.393219,18.625000,0.593826,2.921759,0.838478,depth,1
1777901160.988394,-0.065806,-1.218904,2.358000,409.807007,18.521303,0.596977,3.065162,0.839186,depth,1
1777901160.999521,-0.064213,-1.230603,2.380000,410.207062,18.462122,0.606827,3.047753,0.864680,depth,1
1777901161.010648,-0.062701,-1.232462,2.384000,410.500000,18.500000,0.626638,3.627904,0.885201,depth,1
1777901161.021776,-0.061162,-1.240907,2.397000,410.838470,18.189743,0.600422,2.989532,0.851579,depth,1
1777901161.032903,-0.059167,-1.231428,2.380000,411.121460,18.312662,0.611787,3.030832,0.877925,depth,1
1777901161.044030,-0.057294,-1.215669,2.350000,411.328278,18.356060,0.604769,2.944845,0.864680,depth,1
1777901161.055158,-0.055772,-1.224139,2.363000,411.663971,18.037634,0.614190,3.558722,0.857538,depth,1
1777901161.066285,-0.054326,-1.234779,2.384000,412.015137,18.080809,0.605963,3.004561,0.864680,depth,1
1777901161.077413,-0.053036,-1.229525,2.371000,412.195923,17.811705,0.620426,3.586588,0.871736,depth,1
1777901161.088541,-0.052783,-1.228444,2.367000,412.225647,17.630770,0.602971,3.116963,0.851579,depth,1
1777901161.099668,-0.052048,-1.224855,2.358000,412.323395,17.432837,0.612500,3.069357,0.877782,depth,1
1777901161.110795,-0.051718,-1.238335,2.384000,412.486969,17.437500,0.595212,2.991035,0.838478,depth,1
1777901161.121923,-0.049949,-1.246607,2.397000,412.856049,17.164141,0.606686,3.040715,0.864680,depth,1
1777901161.133050,-0.049766,-1.247696,2.397000,412.888885,16.968254,0.620074,3.576308,0.871370,depth,1
1777901161.144177,-0.049102,-1.238585,2.380000,412.945312,17.015625,0.625409,3.566455,0.885201,depth,1
1777901161.155305,-0.049098,-1.236594,2.375000,412.927307,16.904762,0.625403,3.569269,0.885045,depth,1
1777901161.166432,-0.049149,-1.230270,2.363000,412.872772,16.918575,0.618206,3.475567,0.871736,depth,1
1777901161.177559,-0.049315,-1.234435,2.371000,412.872772,16.918575,0.617265,3.428528,0.871736,depth,1
1777901161.188688,-0.049292,-1.233545,2.367000,412.861725,16.701235,0.603163,3.122040,0.851805,depth,1
1777901161.199815,-0.050515,-1.240428,2.380000,412.689209,16.681704,0.572221,2.675041,0.796801,depth,1
1777901161.210942,-0.051284,-1.228722,2.358000,412.463226,16.725491,0.614966,2.930666,0.890883,depth,1
1777901161.222070,-0.052942,-1.237675,2.375000,412.229156,16.708334,0.621889,3.390428,0.885201,depth,1
1777901161.233197,-0.053662,-1.246945,2.393000,412.171783,16.728205,0.629604,3.499575,0.899032,depth,1
1777901161.244324,-0.054136,-1.228126,2.358000,411.941467,16.834606,0.619987,3.564618,0.871736,depth,1
1777901161.255452,-0.055893,-1.235071,2.375000,411.693329,17.181334,0.597291,2.850513,0.850703,depth,1
1777901161.266579,-0.058713,-1.225496,2.358000,411.104340,17.315521,0.588430,2.890195,0.826566,depth,1
1777901161.277706,-0.059327,-1.223093,2.358000,410.992188,17.755209,0.621623,3.377149,0.885201,depth,1
1777901161.288835,-0.062267,-1.232906,2.380000,410.559692,18.044777,0.610497,2.969225,0.877782,depth,1
1777901161.299961,-0.065219,-1.243597,2.406000,410.152466,18.542635,0.608551,3.259002,0.858427,depth,1
1777901161.311089,-0.067046,-1.221134,2.367000,409.626862,18.962687,0.610499,2.969333,0.877782,depth,1
1777901161.322216,-0.069552,-1.212637,2.354000,409.100250,19.290728,0.592995,2.866059,0.839186,depth,1
1777901161.333344,-0.073478,-1.219549,2.375000,408.500000,20.000000,0.616062,2.985445,0.890883,depth,1
1777901161.344471,-0.077300,-1.225359,2.393000,407.911621,20.618687,0.603615,2.887158,0.864680,depth,1
1777901161.355598,-0.080810,-1.223881,2.397000,407.303253,21.253134,0.595669,2.999734,0.839186,depth,1
1777901161.366726,-0.084568,-1.213115,2.384000,406.544128,22.000000,0.617453,3.054969,0.890883,depth,1
1777901161.377854,-0.087234,-1.198815,2.367000,405.948517,23.029411,0.591093,2.653253,0.845069,depth,1
1777901161.388980,-0.091720,-1.208089,2.393000,405.312653,23.731266,0.611954,3.039200,0.877925,depth,1
1777901161.400109,-0.096383,-1.204923,2.397000,404.501221,24.664198,0.631593,3.612603,0.898353,depth,1
1777901161.411236,-0.098823,-1.184420,2.367000,403.836945,25.652279,0.612420,3.080116,0.877044,depth,1
1777901161.422363,-0.098562,-1.160678,2.337000,403.653961,27.263493,0.607042,2.975854,0.868812,depth,1
1777901161.433491,-0.105748,-1.165854,2.354000,402.468750,27.861979,0.619309,3.261410,0.885201,depth,1
1777901161.444618,-0.113026,-1.186356,2.410000,401.616516,29.156342,0.610205,3.304273,0.860300,depth,1
1777901161.455745,-0.113476,-1.163408,2.380000,401.279907,30.638678,0.617496,3.044081,0.891536,depth,1
1777901161.466874,-0.112473,-1.131395,2.333000,401.051025,32.309525,0.626606,3.310355,0.900998,depth,1
1777901161.478001,-0.117088,-1.133832,2.354000,400.391113,33.728889,0.631195,3.314422,0.912266,depth,1
1777901161.489128,-0.127972,-1.188107,2.483000,399.615021,35.093895,0.655862,4.189351,0.930187,depth,1
1777901161.500256,-0.131601,-1.151934,2.419000,398.380005,36.083332,0.604820,2.965554,0.863774,depth,1
1777901161.511383,-0.135848,-1.160112,2.455000,397.977966,37.658401,0.582167,2.638724,0.823480,depth,1
1777901161.522510,-0.133369,-1.105527,2.358000,397.449615,39.258396,0.606774,2.780191,0.877925,depth,1
1777901161.533638,-0.138388,-1.135777,2.442000,397.402313,40.871265,0.580696,2.516854,0.825898,depth,1
1777901161.544765,-0.137910,-1.110977,2.410000,397.163208,42.645977,0.635210,3.462483,0.914902,depth,1
1777901161.555892,-0.145534,-1.145369,2.507000,396.806519,44.421913,0.625329,3.220800,0.902282,depth,1
1777901161.567021,-0.144261,-1.111136,2.455000,396.500000,46.262257,0.651677,3.773329,0.940526,depth,1
1777901161.578148,-0.139110,-1.058457,2.358000,396.399536,47.867611,0.621798,3.296624,0.889663,depth,1
1777901161.589275,-0.144228,-1.076683,2.419000,396.128571,49.500000,0.633753,3.345956,0.917085,depth,1
1777901161.600403,-0.144954,-1.084902,2.460000,396.429962,51.258453,0.627631,3.301845,0.903984,depth,1
1777901161.611530,-0.142770,-1.052633,2.410000,396.293518,53.087063,0.612825,3.085598,0.877782,depth,1
1777901161.622658,-0.143066,-1.047510,2.419000,396.335815,54.701233,0.633880,3.726956,0.898353,depth,1
1777901161.633785,-0.144261,-1.052860,2.455000,396.500000,56.500000,0.648024,3.535752,0.943271,depth,1
1777901161.644912,-0.144669,-1.050244,2.474000,396.623413,58.376591,0.649082,3.609817,0.942214,depth,1
1777901161.656040,-0.144580,-1.057750,2.517000,397.069550,60.218224,0.611854,3.051832,0.877044,depth,1
1777901161.667168,-0.141700,-1.039673,2.497000,397.368561,61.888889,0.665666,4.554641,0.936433,depth,1
1777901161.678295,-0.140046,-1.030258,2.497000,397.654236,63.514927,0.613671,3.127932,0.877782,depth,1
1777901161.689422,-0.135163,-0.997735,2.442000,397.971832,65.251175,0.636142,3.203346,0.930187,depth,1
1777901161.700550,-0.128887,-0.954654,2.363000,398.319244,67.223007,0.609165,3.186007,0.863612,depth,1
1777901161.711678,-0.133659,-1.001449,2.502000,398.803528,68.836647,0.620701,2.942269,0.904638,depth,1
1777901161.722805,-0.132088,-0.991303,2.502000,399.074310,70.585587,0.599798,2.881146,0.855439,depth,1
1777901161.733933,-0.130334,-0.986494,2.517000,399.510651,72.427895,0.623972,3.405326,0.889663,depth,1
1777901161.745060,-0.119490,-0.910538,2.346000,399.876373,74.070641,0.625415,3.177983,0.904638,depth,1
1777901161.756187,-0.118367,-0.907022,2.363000,400.239319,75.916664,0.626098,3.271322,0.901679,depth,1
1777901161.767314,-0.114955,-0.900818,2.371000,400.932922,77.603661,0.621979,3.058542,0.902020,depth,1
1777901161.778442,-0.112795,-0.886288,2.358000,401.212677,79.357872,0.607588,3.054722,0.866234,depth,1
1777901161.789569,-0.110196,-0.881220,2.371000,401.798523,81.168495,0.618457,3.076919,0.892298,depth,1
1777901161.800697,-0.106688,-0.862759,2.342000,402.196289,82.583336,0.643973,3.702675,0.924799,depth,1
1777901161.811825,-0.103707,-0.856964,2.350000,402.810333,84.187737,0.624401,3.340632,0.893972,depth,1
1777901161.822952,-0.101550,-0.852135,2.358000,403.269379,85.604652,0.619062,3.279147,0.883696,depth,1
1777901161.834079,-0.100474,-0.851263,2.384000,403.666656,87.462166,0.636900,3.654352,0.909532,depth,1
1777901161.845207,-0.099083,-0.856624,2.419000,404.177643,88.734528,0.615902,3.045278,0.887491,depth,1
1777901161.856334,-0.098523,-0.868314,2.479000,404.702606,90.397209,0.619369,3.218641,0.887491,depth,1
1777901161.867461,-0.095131,-0.853993,2.465000,405.198730,92.044868,0.624411,3.186969,0.901679,depth,1
1777901161.878589,-0.092353,-0.847969,2.474000,405.743591,93.638695,0.602527,2.992138,0.856710,depth,1
1777901161.889717,-0.093343,-0.862913,2.541000,406.000000,95.000000,0.665724,4.420788,0.943271,depth,1
1777901161.900844,-0.093066,-0.883744,2.622000,406.535004,96.098038,0.576876,2.646395,0.809869,depth,1
1777901161.911972,-0.080985,-0.826247,2.460000,407.644867,96.605667,0.630975,3.216337,0.916620,depth,1
1777901161.923099,-0.072379,-0.783124,2.354000,408.582428,97.983513,0.596040,2.754184,0.852391,depth,1
1777901161.934226,-0.068355,-0.772513,2.342000,409.255402,99.202324,0.628624,3.191725,0.911973,depth,1
1777901161.945354,-0.067599,-0.778506,2.380000,409.593445,100.387848,0.622368,3.095164,0.901161,depth,1
1777901161.956481,-0.064707,-0.773495,2.384000,410.137177,101.530975,0.602700,2.929004,0.860300,depth,1
1777901161.967608,-0.062922,-0.781051,2.424000,410.647827,102.495651,0.609845,2.981700,0.875526,depth,1
1777901161.978737,-0.061039,-0.775118,2.424000,410.982910,103.551285,0.618641,3.116988,0.890753,depth,1
1777901161.989864,-0.058087,-0.768496,2.419000,411.486725,104.446899,0.628350,3.487771,0.896488,depth,1
1777901162.000991,-0.056148,-0.770743,2.442000,411.926727,105.340515,0.612744,2.974424,0.883140,depth,1
1777901162.012119,-0.053174,-0.761228,2.428000,412.397858,106.245773,0.619042,3.218168,0.886696,depth,1
1777901162.023246,-0.051393,-0.754567,2.424000,412.699219,107.207748,0.612195,3.039250,0.878524,depth,1
1777901162.034373,-0.051935,-0.777365,2.517000,412.944122,108.262039,0.636837,3.454301,0.919377,depth,1
1777901162.045501,-0.053154,-0.803577,2.617000,413.083344,109.032051,0.625177,3.225273,0.901679,depth,1
1777901162.056628,-0.055704,-0.868052,2.837000,413.375000,109.500000,0.623535,3.472711,0.885201,depth,1
1777901162.067756,-0.049960,-0.818330,2.686000,413.821259,110.065216,0.626411,3.240853,0.903984,depth,1
1777901162.078884,-0.046703,-0.801868,2.643000,414.222229,110.613640,0.608867,3.149738,0.864680,depth,1
1777901162.090011,-0.047104,-0.824596,2.714000,414.357788,110.425079,0.624440,3.183793,0.901910,depth,1
1777901162.101138,-0.050060,-0.911652,3.013000,414.677551,110.967392,0.625311,3.223508,0.902103,depth,1
1777901162.112266,-0.037211,-0.781722,2.596000,415.661102,111.591667,0.619922,3.029010,0.898354,depth,1
1777901162.123393,-0.035126,-0.754459,2.507000,415.800446,111.671204,0.612488,3.010923,0.880674,depth,1
1777901162.134520,-0.033014,-0.753901,2.507000,416.163696,111.767258,0.620916,3.083391,0.898120,depth,1
1777901162.145648,-0.030914,-0.741719,2.474000,416.454010,112.160919,0.626792,3.460162,0.893972,depth,1
1777901162.156776,-0.029518,-0.747110,2.497000,416.744873,112.420860,0.630635,3.739578,0.889608,depth,1
1777901162.167903,-0.027667,-0.699436,2.342000,416.748260,112.659721,0.621870,3.441316,0.882610,depth,1
1777901162.179031,-0.028362,-0.735734,2.469000,416.888885,112.944443,0.635976,3.594980,0.910192,depth,1
1777901162.190158,-0.027401,-0.707418,2.375000,416.867340,113.000000,0.633880,3.674052,0.900998,depth,1
1777901162.201285,-0.028201,-0.730930,2.455000,416.888885,113.055557,0.637361,3.664217,0.910192,depth,1
1777901162.212412,-0.027833,-0.708979,2.384000,416.808014,113.202446,0.633716,3.555572,0.906512,depth,1
1777901162.223540,-0.027611,-0.700301,2.358000,416.792969,113.375435,0.616233,3.343298,0.873416,depth,1
1777901162.234668,-0.029345,-0.728400,2.455000,416.687988,113.500000,0.657930,4.354486,0.927101,depth,1
1777901162.245795,-0.030824,-0.738191,2.488000,416.500000,113.500000,0.649514,3.748536,0.936359,depth,1
1777901162.256923,-0.031299,-0.739863,2.493000,416.428558,113.467529,0.620098,3.202526,0.890119,depth,1
1777901162.268050,-0.034792,-0.775212,2.617000,416.109344,113.706665,0.626843,3.360980,0.899059,depth,1
1777901162.279177,-0.039766,-0.787917,2.659000,415.393158,113.663818,0.624025,3.386179,0.890753,depth,1
1777901162.290305,-0.041043,-0.788713,2.665000,415.201050,113.822754,0.616218,3.383497,0.871370,depth,1
1777901162.301432,-0.041068,-0.766295,2.591000,415.007202,113.908875,0.614585,3.188382,0.877044,depth,1
1777901162.312559,-0.044690,-0.791272,2.675000,414.637878,113.887291,0.614834,3.200809,0.877044,depth,1
1777901162.323688,-0.044756,-0.764486,2.581000,414.364502,113.717026,0.588531,2.771600,0.832747,depth,1
1777901162.334815,-0.043562,-0.751275,2.521000,414.390808,112.936783,0.628489,3.545034,0.893972,depth,1
1777901162.345942,-0.042419,-0.703113,2.346000,414.045013,112.203331,0.619752,3.397022,0.879528,depth,1
1777901162.357070,-0.046789,-0.749488,2.497000,413.761658,112.010002,0.616530,3.235934,0.879528,depth,1
1777901162.368197,-0.047803,-0.709653,2.358000,413.099823,111.664886,0.623360,3.417426,0.887528,depth,1
1777901162.379324,-0.051740,-0.713514,2.367000,412.415741,111.455055,0.610226,3.057589,0.872687,depth,1
1777901162.390452,-0.059068,-0.755082,2.507000,411.681610,111.564102,0.628024,3.367609,0.901679,depth,1
1777901162.401580,-0.065173,-0.808478,2.675000,411.335480,111.113251,0.599711,2.825175,0.858019,depth,1
1777901162.412707,-0.061501,-0.741753,2.451000,411.021271,110.941490,0.637821,3.456783,0.921714,depth,1
1777901162.423835,-0.063822,-0.746025,2.451000,410.612854,110.189835,0.631629,3.357170,0.911213,depth,1
1777901162.434962,-0.066555,-0.745881,2.437000,410.064667,109.461205,0.615265,3.100445,0.883140,depth,1
1777901162.446089,-0.070820,-0.761515,2.479000,409.522308,108.977676,0.652252,4.077920,0.926733,depth,1
1777901162.457217,-0.073188,-0.754684,2.442000,408.917389,108.176811,0.611818,3.080388,0.875527,depth,1
1777901162.468344,-0.076619,-0.770826,2.483000,408.534790,107.573914,0.635235,3.514636,0.912355,depth,1
1777901162.479471,-0.079189,-0.776698,2.488000,408.116150,106.825035,0.626642,3.271284,0.903041,depth,1
1777901162.490600,-0.080413,-0.756800,2.410000,407.452820,106.028305,0.644398,3.573923,0.932299,depth,1
1777901162.501727,-0.078720,-0.723641,2.289000,407.011108,105.116669,0.613787,3.039531,0.882492,depth,1
1777901162.512854,-0.084888,-0.745797,2.346000,406.237549,104.356323,0.625269,3.384033,0.893972,depth,1
1777901162.523982,-0.094740,-0.784043,2.451000,405.172363,103.500000,0.626972,3.263633,0.904248,depth,1
1777901162.535109,-0.097327,-0.770497,2.397000,404.331329,102.829315,0.600180,2.951590,0.852870,depth,1
1777901162.546236,-0.099473,-0.779681,2.410000,404.041870,101.933685,0.605941,2.965016,0.866601,depth,1
1777901162.557364,-0.103008,-0.790539,2.424000,403.515747,100.807625,0.627492,3.135147,0.911973,depth,1
1777901162.568492,-0.107765,-0.797680,2.428000,402.700867,99.770943,0.615493,3.079645,0.884750,depth,1
1777901162.579619,-0.109473,-0.800861,2.419000,402.325073,98.676567,0.619854,3.226260,0.888323,depth,1
1777901162.590747,-0.113872,-0.814619,2.442000,401.732025,97.591507,0.622082,3.161758,0.897118,depth,1
1777901162.601874,-0.120964,-0.848239,2.521000,401.149078,96.348412,0.625132,3.198621,0.902898,depth,1
1777901162.613001,-0.122537,-0.840473,2.479000,400.524750,95.240921,0.647229,3.789856,0.928580,depth,1
1777901162.624129,-0.122483,-0.828711,2.424000,400.050568,94.015800,0.604426,2.977693,0.862180,depth,1
1777901162.635256,-0.128449,-0.851745,2.474000,399.450989,92.980392,0.624917,3.303469,0.897118,depth,1
1777901162.646384,-0.132506,-0.863994,2.488000,398.873779,91.692558,0.604618,2.881426,0.867473,depth,1
1777901162.657511,-0.136620,-0.878096,2.507000,398.340179,90.401711,0.644699,3.725032,0.925497,depth,1
1777901162.668639,-0.146312,-0.921491,2.612000,397.684540,89.308945,0.613463,3.188968,0.874210,depth,1
1777901162.679766,-0.142214,-0.886424,2.488000,397.190918,87.804382,0.606115,2.898712,0.870352,depth,1
1777901162.690893,-0.143121,-0.881915,2.455000,396.700165,86.531097,0.599956,2.917654,0.854007,depth,1
1777901162.702021,-0.144785,-0.882463,2.437000,396.220062,85.289642,0.628914,3.327443,0.905913,depth,1
1777901162.713148,-0.144531,-0.876135,2.397000,395.838104,83.822220,0.613765,3.001897,0.884317,depth,1
1777901162.724276,-0.147983,-0.886142,2.406000,395.316589,82.617958,0.598345,2.752781,0.858224,depth,1
1777901162.735404,-0.151750,-0.900210,2.424000,394.843414,81.294571,0.639549,3.640376,0.916854,depth,1
1777901162.746531,-0.150070,-0.890047,2.375000,394.591400,79.835640,0.594841,2.734330,0.850386,depth,1
1777901162.757658,-0.153076,-0.904918,2.393000,394.254517,78.371101,0.635337,3.345915,0.921047,depth,1
1777901162.768786,-0.151785,-0.896603,2.354000,394.033966,77.192558,0.626728,3.218118,0.905913,depth,1
1777901162.779913,-0.154842,-0.912053,2.375000,393.724792,75.839317,0.614951,3.052558,0.884750,depth,1
1777901162.791040,-0.154310,-0.904889,2.337000,393.365814,74.468376,0.637921,3.386086,0.925497,depth,1
1777901162.802168,-0.152622,-0.897227,2.301000,393.236603,73.291885,0.608630,2.918014,0.875675,depth,1
1777901162.813296,-0.153730,-0.901357,2.293000,392.928436,71.928444,0.627841,3.261800,0.906512,depth,1
1777901162.824423,-0.155755,-0.917893,2.317000,392.851074,70.606384,0.608324,2.806348,0.880492,depth,1
1777901162.835551,-0.157339,-0.925859,2.317000,392.556183,69.123596,0.637152,3.567137,0.914523,depth,1
1777901162.846678,-0.158757,-0.936722,2.329000,392.444458,68.000000,0.644039,3.705986,0.924799,depth,1
1777901162.857805,-0.157258,-0.929046,2.293000,392.264801,66.720367,0.641687,3.588376,0.924799,depth,1
1777901162.868933,-0.158826,-0.943869,2.313000,392.228271,65.467392,0.600357,2.782712,0.861758,depth,1
1777901162.880060,-0.158901,-0.951356,2.313000,392.214294,64.071426,0.621459,3.227008,0.892298,depth,1
1777901162.891187,-0.160299,-0.965969,2.333000,392.209869,62.890652,0.626612,3.390181,0.897020,depth,1
1777901162.902316,-0.163274,-0.985433,2.363000,392.043121,61.605309,0.626726,3.096828,0.911973,depth,1
1777901162.913443,-0.162598,-0.984356,2.346000,391.951447,60.500000,0.627910,3.277248,0.905913,depth,1
1777901162.924570,-0.159260,-0.968460,2.293000,391.888336,59.307060,0.635767,3.367412,0.921047,depth,1
1777901162.935698,-0.162197,-0.996939,2.342000,391.974121,57.873669,0.620513,3.128264,0.894869,depth,1
1777901162.946825,-0.170610,-1.058601,2.474000,392.101196,56.919643,0.598214,2.856958,0.852687,depth,1
1777901162.957952,-0.174276,-1.089460,2.531000,392.146362,55.817390,0.609059,2.942423,0.875526,depth,1
1777901162.969080,-0.175606,-1.116390,2.576000,392.442474,54.551624,0.603983,2.993124,0.860300,depth,1
1777901162.980207,-0.173118,-1.110230,2.546000,392.517395,53.392754,0.612954,3.137191,0.875527,depth,1
1777901162.991335,-0.169768,-1.098679,2.507000,392.637512,52.454166,0.608345,2.868376,0.877444,depth,1
1777901163.002463,-0.166790,-1.092985,2.479000,392.825775,51.310013,0.603915,2.919214,0.863828,depth,1
1777901163.013590,-0.165235,-1.099872,2.483000,393.142670,50.419998,0.606035,3.012648,0.864454,depth,1
1777901163.024717,-0.160599,-1.081590,2.428000,393.316071,49.339973,0.620155,3.162428,0.892266,depth,1
1777901163.035845,-0.157227,-1.073524,2.397000,393.553833,48.306412,0.626294,3.334057,0.899032,depth,1
1777901163.046973,-0.155752,-1.076419,2.393000,393.772278,47.461834,0.630658,3.413926,0.905948,depth,1
1777901163.058100,-0.150736,-1.054956,2.333000,393.977600,46.440300,0.618788,3.105412,0.891699,depth,1
1777901163.069228,-0.148927,-1.061603,2.337000,394.359161,45.547356,0.635380,3.532321,0.911835,depth,1
1777901163.080355,-0.150002,-1.079970,2.367000,394.511688,44.683887,0.613871,3.136449,0.877854,depth,1
1777901163.091482,-0.147448,-1.072795,2.342000,394.690216,43.904583,0.610442,3.094573,0.871376,depth,1
1777901163.102609,-0.144425,-1.070895,2.329000,395.098389,43.153751,0.595028,2.836656,0.845738,depth,1
1777901163.113737,-0.143756,-1.079126,2.337000,395.313507,42.313507,0.630443,3.420041,0.905106,depth,1
1777901163.124864,-0.141763,-1.081595,2.333000,395.636475,41.515724,0.624207,3.377429,0.891647,depth,1
1777901163.135992,-0.143869,-1.108153,2.380000,395.772339,40.651573,0.623363,3.335197,0.891647,depth,1
1777901163.147120,-0.142712,-1.119690,2.397000,396.165375,40.000000,0.621327,3.362328,0.885201,depth,1
1777901163.158247,-0.139339,-1.109508,2.367000,396.454559,39.301769,0.632329,3.359172,0.912863,depth,1
1777901163.169374,-0.140889,-1.134674,2.410000,396.630066,38.405228,0.626569,3.198731,0.906486,depth,1
1777901163.180502,-0.138737,-1.136031,2.406000,396.973938,37.824417,0.606421,3.044488,0.863828,depth,1
1777901163.191629,-0.135277,-1.122535,2.371000,397.236328,37.273224,0.617718,3.044533,0.892068,depth,1
1777901163.202756,-0.135151,-1.144789,2.410000,397.657013,36.595043,0.613568,2.983255,0.884756,depth,1
1777901163.213885,-0.130704,-1.123142,2.358000,397.936981,36.036415,0.627655,3.263179,0.905980,depth,1
1777901163.225012,-0.128928,-1.124731,2.354000,398.221741,35.396282,0.626432,3.059875,0.913087,depth,1
1777901163.236139,-0.129258,-1.138400,2.375000,398.370758,34.736187,0.620638,3.281344,0.887528,depth,1
1777901163.247267,-0.128202,-1.165060,2.428000,399.070709,34.513130,0.612941,3.109780,0.876862,depth,1
1777901163.258394,-0.124546,-1.158927,2.410000,399.554810,34.064877,0.621850,3.611787,0.874036,depth,1
1777901163.269521,-0.117069,-1.124057,2.337000,400.238495,34.021679,0.581662,2.341269,0.837092,depth,1
1777901163.280649,-0.111810,-1.106272,2.301000,400.886261,34.109802,0.573126,2.302017,0.817714,depth,1
1777901163.291776,-0.108156,-1.094976,2.273000,401.321289,33.698795,0.565458,2.303417,0.798473,depth,1
1777901163.302904,-0.108661,-1.136862,2.350000,401.901123,32.819210,0.586378,2.619958,0.834947,depth,1
1777901163.314032,-0.109255,-1.145925,2.358000,401.860138,31.869463,0.632656,3.587151,0.902282,depth,1
1777901163.325159,-0.109134,-1.144997,2.342000,401.745911,30.608391,0.631617,3.535200,0.902282,depth,1
1777901163.336286,-0.108512,-1.157040,2.358000,401.996002,29.836327,0.618495,3.174906,0.887491,depth,1
1777901163.347414,-0.105499,-1.159040,2.358000,402.547058,29.470589,0.647967,4.071947,0.916321,depth,1
1777901163.358542,-0.102725,-1.171279,2.380000,403.228180,29.212301,0.608128,3.143502,0.863145,depth,1
1777901163.369669,-0.099280,-1.155635,2.342000,403.560486,28.649384,0.575248,2.586743,0.808783,depth,1
1777901163.380797,-0.095787,-1.159949,2.354000,404.293732,28.943895,0.560595,2.276877,0.787645,depth,1
1777901163.391925,-0.093620,-1.169635,2.363000,404.756042,27.985508,0.624748,3.157732,0.903984,depth,1
1777901163.403052,-0.093167,-1.192905,2.397000,405.079926,26.826511,0.603099,2.825072,0.866493,depth,1
1777901163.414180,-0.089319,-1.180480,2.367000,405.568512,26.370144,0.634345,3.526611,0.909532,depth,1
1777901163.425307,-0.087504,-1.180539,2.358000,405.838501,25.538301,0.627003,3.382688,0.898372,depth,1
1777901163.436435,-0.085274,-1.203057,2.397000,406.500000,25.000000,0.607505,2.994851,0.869020,depth,1
1777901163.447563,-0.081897,-1.187991,2.358000,406.864044,24.175438,0.614738,3.165712,0.878559,depth,1
1777901163.458690,-0.077840,-1.195871,2.367000,407.660095,23.565790,0.616771,3.267371,0.878559,depth,1
1777901163.469817,-0.075519,-1.197026,2.363000,408.059784,22.986206,0.611552,3.566178,0.850572,depth,1
1777901163.480946,-0.072765,-1.211308,2.384000,408.679413,22.326963,0.613231,3.140487,0.876052,depth,1
1777901163.492073,-0.069140,-1.198198,2.350000,409.154205,21.562359,0.615552,3.531507,0.862304,depth,1
1777901163.503200,-0.065987,-1.205084,2.358000,409.773895,21.048950,0.599468,2.839213,0.856710,depth,1
1777901163.514328,-0.065062,-1.242231,2.424000,410.267151,20.441177,0.621778,3.271262,0.890883,depth,1
1777901163.525456,-0.059219,-1.215607,2.367000,411.053040,19.969696,0.642535,3.869483,0.912863,depth,1
1777901163.536583,-0.055938,-1.213961,2.358000,411.611938,19.425373,0.587752,2.734788,0.832642,depth,1
1777901163.547710,-0.052878,-1.221333,2.367000,412.208344,18.926470,0.621318,3.636585,0.871465,depth,1
1777901163.558839,-0.048552,-1.218269,2.354000,412.947754,18.258707,0.613382,3.113486,0.877782,depth,1
1777901163.569966,-0.045561,-1.225237,2.363000,413.527557,17.837271,0.605566,3.375932,0.845118,depth,1
1777901163.581093,-0.041537,-1.217968,2.346000,414.207062,17.553030,0.607663,3.089562,0.864680,depth,1
1777901163.592221,-0.038558,-1.237766,2.380000,414.856049,17.164141,0.606628,3.037776,0.864680,depth,1
1777901163.603349,-0.034635,-1.219933,2.342000,415.465118,16.808786,0.612423,3.452620,0.858427,depth,1
1777901163.614476,-0.030936,-1.227013,2.354000,416.175323,16.656790,0.604094,3.168591,0.851805,depth,1
1777901163.625604,-0.027398,-1.230934,2.358000,416.832092,16.320988,0.604116,3.169721,0.851805,depth,1
1777901163.636731,-0.023814,-1.225171,2.346000,417.465179,16.228855,0.585057,2.953682,0.814958,depth,1
1777901163.647859,-0.020352,-1.230837,2.354000,418.114349,15.956204,0.606874,3.055206,0.864424,depth,1
1777901163.658987,-0.016232,-1.239199,2.371000,418.890625,16.052084,0.596045,3.032669,0.838478,depth,1
1777901163.670114,-0.012512,-1.228762,2.350000,419.546875,15.953125,0.637699,4.577256,0.865385,depth,1
1777901163.681242,-0.008991,-1.231626,2.354000,420.195923,15.811705,0.618067,3.468636,0.871736,depth,1
1777901163.692370,-0.006224,-1.239943,2.371000,420.711121,15.916667,0.633833,4.142786,0.877444,depth,1
1777901163.703497,-0.001985,-1.242398,2.375000,421.482666,15.850667,0.636482,4.253261,0.878541,depth,1
1777901163.714624,0.002006,-1.238316,2.367000,422.208679,15.831978,0.589817,3.120857,0.818500,depth,1
1777901163.725752,0.004393,-1.233748,2.358000,422.646729,15.806268,0.632358,3.802865,0.890753,depth,1
1777901163.736880,0.009232,-1.238758,2.367000,423.525421,15.751412,0.619519,3.719527,0.862820,depth,1
1777901163.748007,0.011600,-1.258380,2.406000,423.922607,15.892858,0.595382,3.390162,0.818948,depth,1
1777901163.759135,0.015306,-1.253882,2.397000,424.597107,15.855072,0.623196,3.649287,0.875526,depth,1
1777901163.770262,0.018196,-1.232144,2.358000,425.171326,16.099688,0.596977,3.556449,0.814620,depth,1
1777901163.781390,0.021891,-1.236261,2.367000,425.831848,16.206490,0.585291,3.009565,0.812750,depth,1
1777901163.792518,0.024571,-1.250907,2.397000,426.264252,16.390390,0.579541,3.009777,0.798365,depth,1
1777901163.803645,0.026900,-1.223452,2.346000,426.788391,16.544928,0.589508,2.932687,0.827134,depth,1
1777901163.814772,0.030260,-1.231259,2.363000,427.366058,16.738094,0.594522,3.347145,0.818948,depth,1
1777901163.825901,0.033475,-1.237236,2.375000,427.922119,16.788162,0.590639,3.239560,0.814620,depth,1
1777901163.837028,0.036331,-1.248592,2.397000,428.380066,16.806854,0.593415,3.378326,0.814620,depth,1
1777901163.848155,0.039837,-1.253195,2.406000,428.984131,16.822222,0.625415,4.319323,0.847572,depth,1
1777901163.859284,0.040972,-1.235623,2.375000,429.283478,17.080997,0.591240,3.269576,0.814620,depth,1
1777901163.870411,0.044547,-1.233937,2.375000,429.932648,17.387205,0.594275,3.330417,0.819166,depth,1
1777901163.881538,0.046494,-1.255974,2.419000,430.132690,17.533981,0.607737,3.758300,0.831428,depth,1
1777901163.892667,0.050023,-1.247598,2.406000,430.809967,17.825544,0.587888,3.101973,0.814620,depth,1
1777901163.903794,0.051641,-1.247182,2.406000,431.100006,17.900000,0.616309,3.971328,0.842206,depth,1
1777901163.914921,0.053562,-1.246935,2.406000,431.444458,17.944445,0.605753,3.151235,0.856820,depth,1
1777901163.926049,0.056067,-1.239268,2.397000,431.931274,18.484535,0.614233,3.648819,0.853142,depth,1
1777901163.937176,0.057497,-1.245713,2.410000,432.132690,18.533981,0.604829,3.612924,0.831428,depth,1
1777901163.948304,0.060012,-1.242286,2.406000,432.600586,18.777779,0.599829,3.089972,0.845073,depth,1
1777901163.959432,0.061864,-1.248642,2.419000,432.873016,18.841270,0.579018,2.963035,0.799394,depth,1
1777901163.970559,0.062898,-1.239167,2.406000,433.117859,19.336700,0.631928,4.620426,0.848798,depth,1
1777901163.981687,0.063980,-1.238826,2.406000,433.311829,19.397850,0.593280,3.304767,0.817961,depth,1
1777901163.992814,0.065638,-1.232068,2.393000,433.673004,19.409523,0.608056,3.026540,0.868812,depth,1
1777901164.003942,0.066842,-1.230746,2.393000,433.889923,19.647799,0.596148,2.988320,0.840953,depth,1
1777901164.015069,0.067938,-1.229838,2.393000,434.087555,19.811447,0.623100,3.740378,0.870732,depth,1
1777901164.026196,0.068772,-1.237850,2.410000,434.150330,19.941177,0.618872,3.762573,0.859051,depth,1
1777901164.037325,0.070504,-1.240812,2.419000,434.413452,20.237179,0.624955,3.729869,0.875895,depth,1
1777901164.048452,0.071692,-1.235233,2.410000,434.673004,20.409523,0.607433,2.995393,0.868812,depth,1
1777901164.059579,0.072351,-1.241657,2.424000,434.716064,20.543209,0.602342,2.980709,0.856820,depth,1
1777901164.070708,0.072433,-1.231817,2.406000,434.827148,20.654322,0.602434,2.985277,0.856820,depth,1
1777901164.081835,0.072783,-1.231853,2.406000,434.889923,20.647799,0.595676,2.964734,0.840953,depth,1
1777901164.092962,0.074415,-1.239522,2.424000,435.083344,20.923077,0.587093,2.852956,0.825086,depth,1
1777901164.104091,0.074412,-1.230730,2.410000,435.159729,21.215279,0.630137,4.309067,0.859888,depth,1
1777901164.115218,0.075774,-1.235067,2.419000,435.352936,21.261438,0.615741,3.606060,0.859051,depth,1
1777901164.126345,0.076155,-1.230317,2.410000,435.471710,21.289309,0.632897,3.790091,0.892739,depth,1
1777901164.137473,0.075618,-1.221638,2.393000,435.471710,21.289309,0.637183,4.004363,0.892739,depth,1
1777901164.148601,0.075212,-1.207771,2.367000,435.547394,21.397554,0.633224,4.064003,0.879860,depth,1
1777901164.159728,0.075745,-1.223680,2.397000,435.471710,21.289309,0.636105,3.950488,0.892739,depth,1
1777901164.170856,0.076155,-1.230317,2.410000,435.471710,21.289309,0.633999,3.845161,0.892739,depth,1
1777901164.181983,0.074463,-1.215719,2.384000,435.314117,21.528847,0.625806,3.772421,0.875895,depth,1
1777901164.193111,0.075636,-1.225808,2.406000,435.401306,21.731392,0.600895,2.999491,0.852263,depth,1
1777901164.204239,0.074454,-1.220522,2.397000,435.239471,21.857605,0.572256,2.547968,0.803242,depth,1
1777901164.215366,0.073502,-1.227552,2.410000,434.996826,21.784126,0.578817,2.564092,0.818839,depth,1
1777901164.226494,0.072042,-1.219055,2.397000,434.805542,22.121529,0.619504,3.323016,0.882610,depth,1
1777901164.237622,0.071169,-1.216329,2.393000,434.669769,22.246105,0.616688,3.560070,0.863716,depth,1
1777901164.248749,0.070819,-1.223380,2.406000,434.537750,22.166666,0.630684,3.679423,0.892739,depth,1
1777901164.259876,0.070977,-1.231843,2.424000,434.471710,22.289309,0.629533,3.621878,0.892739,depth,1
1777901164.271005,0.069138,-1.224199,2.410000,434.215881,22.384127,0.607905,3.019014,0.868812,depth,1
1777901164.282132,0.067457,-1.221469,2.406000,433.935181,22.509260,0.603593,3.043234,0.856820,depth,1
1777901164.293259,0.064628,-1.205185,2.375000,433.579285,22.608414,0.635935,3.678467,0.905913,depth,1
1777901164.304390,0.064695,-1.218508,2.406000,433.440002,23.040001,0.651778,4.674578,0.895717,depth,1
1777901164.315519,0.062391,-1.204125,2.380000,433.149200,23.260317,0.607101,2.978789,0.868812,depth,1
1777901164.326648,0.060712,-1.215767,2.406000,432.726074,23.531353,0.593250,2.948198,0.835714,depth,1
1777901164.337779,0.058196,-1.204288,2.384000,432.371429,23.596825,0.606051,2.926291,0.868812,depth,1
1777901164.348908,0.056364,-1.215058,2.410000,431.929993,24.020000,0.636158,3.420160,0.919386,depth,1
1777901164.360038,0.053187,-1.204876,2.393000,431.429047,24.310230,0.624611,3.464112,0.888323,depth,1
1777901164.371168,0.051289,-1.209950,2.406000,431.037048,24.574074,0.602602,2.993694,0.856820,depth,1
1777901164.382298,0.049188,-1.200942,2.393000,430.708344,25.019230,0.618678,3.416001,0.875895,depth,1
1777901164.393427,0.046130,-1.190340,2.375000,430.220062,25.304207,0.598105,2.860009,0.852263,depth,1
1777901164.404558,0.044528,-1.211414,2.424000,429.765686,25.924093,0.623569,3.412003,0.888323,depth,1
1777901164.415687,0.040069,-1.190495,2.384000,429.092072,26.092064,0.637333,3.396554,0.923504,depth,1
1777901164.426817,0.038877,-1.192355,2.397000,428.838196,26.925566,0.629190,3.341225,0.905913,depth,1
1777901164.437946,0.034273,-1.177754,2.371000,428.077454,27.228956,0.611564,3.163543,0.870732,depth,1
1777901164.449077,0.032346,-1.186036,2.397000,427.663208,28.062500,0.614486,3.072115,0.882610,depth,1
1777901164.460206,0.029059,-1.186189,2.406000,427.052094,28.833334,0.614648,3.080196,0.882610,depth,1
1777901164.471336,0.026456,-1.172767,2.384000,426.629242,29.299320,0.619689,2.964487,0.900998,depth,1
1777901164.482466,0.023147,-1.169401,2.384000,426.030609,29.908163,0.620093,2.984685,0.900998,depth,1
1777901164.493596,0.021038,-1.169017,2.393000,425.634766,30.773050,0.601801,2.805596,0.864223,depth,1
1777901164.504725,0.018217,-1.170801,2.406000,425.108612,31.591761,0.636821,3.550606,0.914523,depth,1
1777901164.515856,0.016288,-1.155255,2.384000,424.789856,32.467392,0.629921,3.453963,0.902103,depth,1
1777901164.526985,0.013177,-1.150752,2.384000,424.227112,33.282051,0.606354,2.809019,0.875435,depth,1
1777901164.538115,0.011518,-1.141317,2.375000,423.934784,34.206520,0.595000,2.833304,0.845835,depth,1
1777901164.549245,0.010159,-1.135639,2.375000,423.687958,35.237587,0.601549,2.793014,0.864223,depth,1
1777901164.560375,0.007900,-1.148114,2.410000,423.256958,36.000000,0.580878,2.459455,0.829223,depth,1
1777901164.571504,0.006198,-1.136768,2.397000,422.958344,36.927082,0.609680,2.831786,0.882610,depth,1
1777901164.582635,0.004795,-1.121615,2.380000,422.712128,38.212120,0.608441,3.164406,0.862881,depth,1
1777901164.593764,0.002419,-1.124962,2.397000,422.278381,39.051281,0.575654,2.356227,0.821324,depth,1
1777901164.604894,0.001614,-1.116524,2.393000,422.134094,40.233715,0.621658,3.203449,0.893972,depth,1
1777901164.616025,0.000269,-1.117438,2.406000,421.891388,41.157303,0.630580,3.238523,0.914523,depth,1
1777901164.627154,-0.000002,-1.105512,2.393000,421.842926,42.218391,0.621022,3.171662,0.893972,depth,1
1777901164.638284,-0.000568,-1.099593,2.393000,421.740753,43.285187,0.617741,3.237180,0.882492,depth,1
1777901164.649414,-0.000787,-1.105540,2.419000,421.702911,44.355072,0.626469,3.281386,0.902103,depth,1
1777901164.660544,-0.001900,-1.079680,2.375000,421.498169,45.399269,0.607209,2.851758,0.875435,depth,1
1777901164.671674,-0.002075,-1.068389,2.363000,421.464417,46.464420,0.598906,2.821416,0.856194,depth,1
1777901164.682804,-0.002588,-1.075906,2.393000,421.376801,47.554348,0.595372,2.851925,0.845835,depth,1
1777901164.693933,-0.002677,-1.075211,2.406000,421.363281,48.726593,0.600206,2.886438,0.856194,depth,1
1777901164.705063,-0.002635,-1.064749,2.397000,421.369171,49.885303,0.586739,2.549466,0.839375,depth,1
1777901164.716194,-0.002400,-1.050861,2.380000,421.408234,51.033707,0.599577,2.854983,0.856194,depth,1
1777901164.727324,-0.003010,-1.037353,2.363000,421.293915,52.129032,0.616531,2.933071,0.894675,depth,1
1777901164.738453,-0.001907,-1.046068,2.397000,421.500000,53.246529,0.613110,3.003303,0.882610,depth,1
1777901164.749584,-0.001434,-1.040363,2.397000,421.585114,54.273048,0.607797,3.105389,0.864223,depth,1
1777901164.760713,-0.001924,-1.038182,2.406000,421.498291,55.364262,0.604311,3.152705,0.853142,depth,1
1777901164.771843,-0.000157,-1.038406,2.424000,421.815186,56.706272,0.618131,3.140092,0.888323,depth,1
1777901164.782974,0.000048,-1.026459,2.410000,421.851837,57.771042,0.612762,3.223437,0.870732,depth,1
1777901164.794103,0.000135,-1.019573,2.410000,421.867310,59.003235,0.627848,3.274118,0.905913,depth,1
1777901164.805233,0.000635,-1.006898,2.397000,421.957458,60.294327,0.648453,3.988385,0.921714,depth,1
1777901164.816364,0.001430,-1.011927,2.424000,422.097656,61.417507,0.654055,4.156207,0.927326,depth,1
1777901164.827493,0.002210,-0.988631,2.384000,422.243042,62.611111,0.617426,3.219073,0.882610,depth,1
1777901164.838623,0.003479,-0.982063,2.384000,422.472504,63.799355,0.597811,2.845302,0.852263,depth,1
1777901164.849754,0.004702,-0.984897,2.406000,422.686096,64.915855,0.597210,2.815238,0.852263,depth,1
1777901164.860883,0.005503,-0.996850,2.451000,422.811462,66.053871,0.615757,3.373181,0.870732,depth,1
1777901164.872013,0.007052,-0.990554,2.451000,423.084137,67.161812,0.632346,3.499038,0.905913,depth,1
1777901164.883142,0.007352,-0.974592,2.428000,423.149200,68.346031,0.605253,2.886405,0.868812,depth,1
1777901164.894273,0.009066,-0.980580,2.460000,423.432678,69.548080,0.590277,2.602238,0.845581,depth,1
1777901164.905403,0.011259,-0.971633,2.455000,423.821198,70.769699,0.608939,2.993223,0.872687,depth,1
1777901164.916533,0.012444,-0.955730,2.428000,424.053558,71.696426,0.619954,3.226603,0.888554,depth,1
1777901164.927663,0.012897,-0.941360,2.410000,424.151245,73.000000,0.642488,3.932762,0.909583,depth,1
1777901164.938793,0.013768,-0.928409,2.393000,424.324554,74.137428,0.597016,2.782075,0.853436,depth,1
1777901164.949923,0.015664,-0.931804,2.419000,424.635864,75.330536,0.599625,2.863161,0.855904,depth,1
1777901164.961053,0.017959,-0.915812,2.393000,425.079895,76.407715,0.643493,3.750523,0.921206,depth,1
1777901164.972183,0.018783,-0.921314,2.424000,425.185181,77.539680,0.645535,3.850408,0.921317,depth,1
1777901164.983313,0.019987,-0.917059,2.428000,425.393433,78.565575,0.601219,3.186817,0.843707,depth,1
1777901164.994444,0.023026,-0.918556,2.451000,425.894867,79.830772,0.597028,2.819807,0.851579,depth,1
1777901165.005574,0.023149,-0.891100,2.393000,426.015381,80.861542,0.629074,3.473081,0.899032,depth,1
1777901165.016703,0.024623,-0.895576,2.419000,426.233337,81.789742,0.632171,3.627917,0.899032,depth,1
1777901165.027834,0.026306,-0.884520,2.406000,426.558746,82.908875,0.612906,3.104415,0.877044,depth,1
1777901165.038964,0.027756,-0.878515,2.406000,426.818634,83.985291,0.618941,3.129407,0.890883,depth,1
1777901165.050093,0.028983,-0.879384,2.424000,427.000000,85.000000,0.648838,3.908007,0.926695,depth,1
1777901165.061224,0.030253,-0.878569,2.437000,427.197174,85.978874,0.613006,3.378078,0.863612,depth,1
1777901165.072354,0.032202,-0.870482,2.428000,427.563232,86.839081,0.607009,2.976607,0.868692,depth,1
1777901165.083484,0.032554,-0.858491,2.410000,427.668915,87.829979,0.618512,3.072490,0.892656,depth,1
1777901165.094615,0.033831,-0.854246,2.410000,427.897430,88.589745,0.598380,2.758620,0.858019,depth,1
1777901165.105744,0.036105,-0.853490,2.424000,428.267120,89.607063,0.600949,3.195984,0.842573,depth,1
1777901165.116874,0.036946,-0.847254,2.419000,428.430389,90.405060,0.630895,3.279966,0.913239,depth,1
1777901165.128005,0.037851,-0.828981,2.380000,428.702301,91.241089,0.622591,3.385328,0.887212,depth,1
1777901165.139135,0.038306,-0.824964,2.380000,428.784668,91.968941,0.600823,2.929049,0.855605,depth,1
1777901165.150265,0.040920,-0.838135,2.428000,429.111786,92.584831,0.615265,3.013439,0.887491,depth,1
1777901165.161395,0.041832,-0.836202,2.437000,429.246460,93.476768,0.611518,3.038656,0.876862,depth,1
1777901165.172525,0.042756,-0.822970,2.410000,429.494690,94.186836,0.621270,3.542476,0.876052,depth,1
1777901165.183655,0.042942,-0.815371,2.397000,429.569611,94.755272,0.636716,3.571036,0.913239,depth,1
1777901165.194786,0.043369,-0.811776,2.397000,429.646454,95.402023,0.640869,3.629583,0.920692,depth,1
1777901165.205915,0.045684,-0.831332,2.465000,429.836304,96.009865,0.597925,2.769109,0.856358,depth,1
1777901165.217045,0.045473,-0.812433,2.419000,429.950684,96.613411,0.624271,3.251174,0.898120,depth,1
1777901165.228176,0.045750,-0.810006,2.419000,430.000000,97.045975,0.598109,2.843923,0.853076,depth,1
1777901165.239306,0.046166,-0.808758,2.424000,430.057190,97.566078,0.625049,3.290053,0.898120,depth,1
1777901165.250436,0.045789,-0.800204,2.406000,430.051147,98.022728,0.603114,2.898099,0.862881,depth,1
1777901165.261567,0.046166,-0.803137,2.424000,430.057190,98.566078,0.626042,3.339693,0.898120,depth,1
1777901165.272696,0.046831,-0.802437,2.428000,430.161804,98.925926,0.604995,2.919895,0.866493,depth,1
1777901165.283826,0.046955,-0.807391,2.451000,430.105469,99.391716,0.619770,3.395140,0.879668,depth,1
1777901165.294957,0.046627,-0.802805,2.442000,430.078094,99.678093,0.639620,3.380872,0.930005,depth,1
1777901165.306084,0.046706,-0.803455,2.451000,430.061798,100.084267,0.610299,3.061224,0.872687,depth,1
1777901165.317211,0.046514,-0.806280,2.465000,429.981384,100.392921,0.626456,3.530636,0.889608,depth,1
1777901165.328337,0.045889,-0.800167,2.451000,429.918060,100.662941,0.626958,3.555724,0.889608,depth,1
1777901165.339465,0.045262,-0.795479,2.442000,429.837067,100.971909,0.612055,3.148997,0.872687,depth,1
1777901165.350592,0.044071,-0.779743,2.397000,429.772827,101.165733,0.625343,3.126548,0.907030,depth,1
1777901165.361719,0.043034,-0.786647,2.424000,429.500000,101.500000,0.615470,3.123661,0.882492,depth,1
1777901165.372847,0.043110,-0.787168,2.428000,429.500885,101.638145,0.596829,2.872412,0.848452,depth,1
1777901165.383974,0.041071,-0.782675,2.419000,429.165771,101.918869,0.601153,2.907130,0.857527,depth,1
1777901165.395101,0.040506,-0.783468,2.424000,429.050079,102.065628,0.635206,3.440198,0.916005,depth,1
1777901165.406229,0.040572,-0.791676,2.451000,428.982361,102.156967,0.628215,3.470323,0.897020,depth,1
1777901165.417355,0.038807,-0.781328,2.419000,428.762146,102.159126,0.599518,3.003414,0.848623,depth,1
1777901165.428482,0.036631,-0.788142,2.442000,428.312622,102.267700,0.610528,3.012913,0.875675,depth,1
1777901165.439610,0.036236,-0.792161,2.455000,428.208984,102.298790,0.611249,3.048936,0.875675,depth,1
1777901165.450737,0.034943,-0.783769,2.428000,428.050079,102.241798,0.637990,3.579384,0.916005,depth,1
1777901165.461864,0.032710,-0.783171,2.428000,427.653473,102.348183,0.617757,3.121413,0.888323,depth,1
1777901165.472991,0.030893,-0.776331,2.406000,427.380951,102.302132,0.609292,2.837207,0.881369,depth,1
1777901165.484118,0.029569,-0.781376,2.419000,427.115051,102.150589,0.646517,3.626053,0.934989,depth,1
1777901165.495245,0.026836,-0.783079,2.424000,426.617889,102.134956,0.613745,3.203074,0.874210,depth,1
1777901165.506373,0.025810,-0.793276,2.455000,426.377441,102.102943,0.623364,3.225823,0.897118,depth,1
1777901165.517500,0.023224,-0.784575,2.424000,425.975372,101.868637,0.609816,3.177190,0.865681,depth,1
1777901165.528627,0.021508,-0.785440,2.424000,425.669983,101.714760,0.606075,2.850036,0.872685,depth,1
1777901165.539754,0.019389,-0.785560,2.419000,425.300171,101.404640,0.605748,2.833714,0.872685,depth,1
1777901165.550881,0.016962,-0.793463,2.437000,424.845123,101.040405,0.611907,3.180716,0.870732,depth,1
1777901165.562008,0.014469,-0.777135,2.384000,424.460785,100.872551,0.623060,3.210654,0.897118,depth,1
1777901165.573136,0.012075,-0.792774,2.424000,423.991669,100.410004,0.592695,2.790643,0.842206,depth,1
1777901165.584263,0.009258,-0.790486,2.410000,423.500000,100.000000,0.618400,3.153525,0.888323,depth,1
1777901165.595390,0.006853,-0.778183,2.367000,423.091827,99.671768,0.631499,3.554973,0.900998,depth,1
1777901165.606517,0.004377,-0.804230,2.437000,422.617889,99.134956,0.612124,3.122005,0.874210,depth,1
1777901165.617644,0.001312,-0.806962,2.442000,422.074829,98.943878,0.606012,3.061877,0.861937,depth,1
1777901165.628771,-0.001175,-0.805031,2.424000,421.634186,98.229057,0.614354,3.022692,0.884750,depth,1
1777901165.639899,-0.004449,-0.826673,2.479000,421.069153,97.641846,0.613213,3.376214,0.864223,depth,1
1777901165.651026,-0.006950,-0.810730,2.424000,420.606689,97.215164,0.600649,2.881921,0.857527,depth,1
1777901165.662153,-0.009556,-0.805649,2.397000,420.123871,96.504555,0.639594,3.789964,0.909487,depth,1
1777901165.673280,-0.013358,-0.813216,2.410000,419.452759,95.932266,0.595366,2.799279,0.848452,depth,1
1777901165.684407,-0.016408,-0.823332,2.428000,418.928558,95.214287,0.619392,3.123657,0.892298,depth,1
1777901165.695534,-0.020357,-0.827199,2.428000,418.227112,94.527473,0.645331,3.565052,0.935074,depth,1
1777901165.706662,-0.022581,-0.818412,2.393000,417.773560,93.961960,0.599046,2.717139,0.861758,depth,1
1777901165.717788,-0.026881,-0.831544,2.419000,417.050568,93.205994,0.634910,3.455035,0.914523,depth,1
1777901165.728915,-0.030695,-0.831559,2.406000,416.341003,92.402298,0.622957,3.268424,0.893972,depth,1
1777901165.740043,-0.033197,-0.844343,2.428000,415.946442,91.482140,0.636164,3.327781,0.924021,depth,1
1777901165.751170,-0.036967,-0.831968,2.380000,415.144257,90.699806,0.629115,3.280771,0.908748,depth,1
1777901165.762297,-0.041118,-0.852088,2.424000,414.527283,89.856567,0.589638,2.760095,0.836089,depth,1
1777901165.773424,-0.043924,-0.854378,2.419000,414.011902,89.134918,0.607716,3.122883,0.863145,depth,1
1777901165.784552,-0.047343,-0.857099,2.410000,413.370819,88.079170,0.613088,3.053993,0.880020,depth,1
1777901165.795678,-0.051526,-0.864370,2.419000,412.656555,87.353539,0.612004,3.062940,0.876862,depth,1
1777901165.806805,-0.055409,-0.883063,2.455000,412.109161,86.329437,0.626201,3.135076,0.908748,depth,1
1777901165.817933,-0.058178,-0.871511,2.410000,411.431824,85.500000,0.603479,2.916339,0.862881,depth,1
1777901165.829060,-0.060329,-0.883650,2.428000,411.126892,84.500000,0.633694,3.599735,0.904248,depth,1
1777901165.840187,-0.063327,-0.861721,2.354000,410.240753,83.583336,0.641499,3.578997,0.924799,depth,1
1777901165.851315,-0.067726,-0.894611,2.428000,409.813110,82.552986,0.608695,2.902199,0.876627,depth,1
1777901165.862441,-0.067077,-0.868313,2.337000,409.464355,81.218391,0.636718,3.537864,0.914902,depth,1
1777901165.873568,-0.070236,-0.872656,2.333000,408.859161,80.140846,0.610459,2.875923,0.882351,depth,1
1777901165.884696,-0.072316,-0.875275,2.325000,408.428558,79.099998,0.604111,3.176574,0.851449,depth,1
1777901165.895823,-0.076478,-0.893078,2.358000,407.855072,78.115944,0.595615,2.630804,0.857497,depth,1
1777901165.906950,-0.077586,-0.886959,2.329000,407.475800,77.215057,0.635400,3.204046,0.928299,depth,1
1777901165.918077,-0.076295,-0.855953,2.234000,407.113953,76.216522,0.593188,2.828997,0.841519,depth,1
1777901165.929204,-0.083268,-0.906803,2.350000,406.561401,75.040939,0.595490,2.705764,0.853436,depth,1
1777901165.940331,-0.082575,-0.878400,2.261000,406.092072,73.907936,0.639502,3.504997,0.923504,depth,1
1777901165.951459,-0.088145,-0.914348,2.337000,405.576324,72.722740,0.612497,2.917648,0.885361,depth,1
1777901165.962585,-0.093418,-0.922317,2.346000,404.669373,71.905151,0.615452,3.079124,0.884674,depth,1
1777901165.973712,-0.096676,-0.927411,2.346000,404.070312,70.968750,0.619212,3.256561,0.885201,depth,1
1777901165.984840,-0.103012,-0.976777,2.455000,403.746429,69.866096,0.593178,2.828530,0.841519,depth,1
1777901165.995967,-0.100655,-0.940682,2.350000,403.370361,68.823364,0.624592,3.414554,0.890753,depth,1
1777901166.007094,-0.104440,-0.960873,2.384000,402.949158,67.632767,0.613093,2.987023,0.883381,depth,1
1777901166.018221,-0.104450,-0.949823,2.342000,402.608429,66.550163,0.641330,3.948234,0.905913,depth,1
1777901166.029348,-0.102030,-0.953178,2.342000,403.054047,65.932434,0.612190,3.500719,0.855439,depth,1
1777901166.040475,-0.110768,-1.017978,2.488000,402.641968,65.000000,0.605845,4.121908,0.808518,depth,1
1777901166.051603,-0.116595,-1.051346,2.556000,402.169586,64.064331,0.622124,4.973312,0.806643,depth,1
1777901166.062730,-0.122698,-1.102068,2.659000,401.941803,62.708996,0.599991,3.492020,0.825377,depth,1
1777901166.073856,-0.126657,-1.098275,2.638000,401.136139,61.906105,0.577793,3.269281,0.781018,depth,1
1777901166.084984,-0.125392,-1.039082,2.483000,400.063171,60.978947,0.594245,3.001220,0.835551,depth,1
1777901166.096111,-0.127040,-1.051978,2.502000,399.944458,60.126545,0.606721,3.199628,0.856820,depth,1
1777901166.107238,-0.123222,-1.013119,2.397000,399.672211,59.174999,0.596540,3.229499,0.829876,depth,1
1777901166.118366,-0.128402,-1.052683,2.479000,399.504425,58.321533,0.618603,3.724150,0.860300,depth,1
1777901166.129493,-0.126867,-1.025984,2.406000,399.101685,57.550846,0.621882,3.837713,0.862820,depth,1
1777901166.140619,-0.125951,-1.010458,2.358000,398.806274,56.646725,0.634215,3.895708,0.890753,depth,1
1777901166.151747,-0.127088,-1.018571,2.367000,398.686859,55.871212,0.608920,3.529333,0.845833,depth,1
1777901166.162874,-0.127042,-1.009629,2.337000,398.398071,55.139088,0.588502,2.770154,0.832747,depth,1
1777901166.174001,-0.128244,-1.020455,2.354000,398.347137,54.501148,0.604297,2.840995,0.868692,depth,1
1777901166.185128,-0.127599,-1.008936,2.317000,398.091949,53.659771,0.605336,2.892975,0.868692,depth,1
1777901166.196255,-0.133436,-1.051961,2.406000,397.924133,52.894253,0.582801,2.622091,0.825898,depth,1
1777901166.207382,-0.131585,-1.033652,2.354000,397.735046,52.083332,0.626006,3.266726,0.901679,depth,1
1777901166.218509,-0.131593,-1.030471,2.337000,397.558136,51.292637,0.621034,3.377774,0.883696,depth,1
1777901166.229636,-0.134458,-1.053034,2.380000,397.477722,50.639927,0.618064,3.152630,0.887528,depth,1
1777901166.240763,-0.141418,-1.100388,2.479000,397.239929,50.021976,0.651972,3.897099,0.935074,depth,1
1777901166.251890,-0.140673,-1.099551,2.469000,397.270416,49.392857,0.605934,3.057941,0.861937,depth,1
1777901166.263018,-0.139972,-1.086037,2.428000,396.980011,48.549999,0.614451,3.131978,0.879528,depth,1
1777901166.274145,-0.138911,-1.068993,2.384000,396.713104,48.072968,0.605025,2.797546,0.872685,depth,1
1777901166.285271,-0.140881,-1.084588,2.410000,396.631500,47.368507,0.650929,3.656822,0.944482,depth,1
1777901166.296399,-0.142812,-1.096649,2.428000,396.475494,46.665031,0.624399,3.277568,0.897118,depth,1
1777901166.307526,-0.140699,-1.084231,2.393000,396.485291,46.053921,0.626826,3.398936,0.897118,depth,1
1777901166.318653,-0.138823,-1.070648,2.358000,396.451935,45.637821,0.634186,3.415119,0.914709,depth,1
1777901166.329781,-0.140675,-1.079938,2.371000,396.254272,45.021706,0.613080,3.083503,0.878524,depth,1
1777901166.340908,-0.141485,-1.088552,2.384000,396.247314,44.534561,0.617314,3.131766,0.886696,depth,1
1777901166.352034,-0.139423,-1.077363,2.354000,396.298950,44.074738,0.629509,3.251203,0.911213,depth,1
1777901166.363162,-0.141714,-1.099158,2.397000,396.344940,43.694202,0.631809,3.343368,0.912355,depth,1
1777901166.374289,-0.141550,-1.100769,2.393000,396.331909,43.073277,0.615990,3.136724,0.883140,depth,1
1777901166.385416,-0.142246,-1.110977,2.410000,396.387268,42.645920,0.602194,2.975322,0.856718,depth,1
1777901166.396544,-0.137882,-1.088853,2.358000,396.624176,42.308102,0.618547,3.082048,0.892266,depth,1
1777901166.407670,-0.139619,-1.102046,2.380000,396.542480,41.758171,0.606023,2.865345,0.871790,depth,1
1777901166.418797,-0.139373,-1.110155,2.393000,396.724182,41.381699,0.627742,3.257374,0.906486,depth,1
1777901166.429925,-0.139817,-1.118308,2.406000,396.780334,41.001278,0.597681,2.974848,0.845461,depth,1
1777901166.441052,-0.140637,-1.129730,2.424000,396.820526,40.457691,0.625649,3.301809,0.899032,depth,1
1777901166.452179,-0.139799,-1.131791,2.424000,396.969696,40.090908,0.593108,2.738747,0.845833,depth,1
1777901166.463307,-0.137132,-1.116145,2.384000,397.034882,39.542637,0.602980,2.980486,0.858427,depth,1
1777901166.474433,-0.140544,-1.151919,2.455000,397.152893,39.097744,0.614771,3.037650,0.885045,depth,1
1777901166.485560,-0.138427,-1.142250,2.428000,397.254456,38.564884,0.628699,3.315975,0.905948,depth,1
1777901166.496688,-0.137522,-1.140573,2.419000,397.324249,38.108948,0.629947,3.225458,0.913595,depth,1
1777901166.507815,-0.138135,-1.147567,2.428000,397.306305,37.620335,0.633074,3.239619,0.920705,depth,1
1777901166.518942,-0.135957,-1.136121,2.397000,397.380768,37.043480,0.621402,3.082561,0.899376,depth,1
1777901166.530070,-0.133487,-1.123251,2.363000,397.479675,36.451218,0.621584,3.091605,0.899380,depth,1
1777901166.541196,-0.133507,-1.125993,2.363000,397.476013,35.950714,0.607446,2.799755,0.878628,depth,1
1777901166.552323,-0.133945,-1.139282,2.384000,397.611328,35.357048,0.621889,3.106928,0.899376,depth,1
1777901166.563451,-0.131754,-1.128772,2.354000,397.704010,34.655998,0.608573,3.139598,0.864454,depth,1
1777901166.574578,-0.130104,-1.127142,2.346000,397.925018,34.250336,0.638213,3.488650,0.921099,depth,1
1777901166.585705,-0.130042,-1.133311,2.350000,397.977051,33.470985,0.635834,3.517696,0.913701,depth,1
1777901166.596833,-0.128791,-1.129939,2.337000,398.075165,32.936169,0.613819,3.304734,0.869311,depth,1
1777901166.607959,-0.129991,-1.146450,2.363000,398.117645,32.217087,0.628578,3.309289,0.905980,depth,1
1777901166.619086,-0.129285,-1.147898,2.358000,398.196594,31.508547,0.619450,3.157424,0.890753,depth,1
1777901166.630214,-0.127789,-1.149156,2.354000,398.430542,30.921297,0.634150,3.834802,0.893635,depth,1
1777901166.641340,-0.127172,-1.147850,2.342000,398.424103,30.082943,0.633616,3.514315,0.908325,depth,1
1777901166.652467,-0.127031,-1.153311,2.346000,398.489899,29.439394,0.636700,3.631187,0.910192,depth,1
1777901166.663594,-0.126690,-1.157830,2.346000,398.552643,28.608772,0.614553,2.930489,0.889858,depth,1
1777901166.674722,-0.125259,-1.155675,2.333000,398.687378,27.821093,0.596961,2.725253,0.856139,depth,1
1777901166.685849,-0.125616,-1.159326,2.333000,398.621399,27.146091,0.616791,3.019172,0.891020,depth,1
1777901166.696975,-0.126971,-1.179582,2.363000,398.668915,26.170023,0.617178,3.005762,0.892656,depth,1
1777901166.708103,-0.129377,-1.200974,2.397000,398.564728,25.374655,0.611720,3.180197,0.870289,depth,1
1777901166.719230,-0.126829,-1.185044,2.354000,398.606354,24.346031,0.647519,3.905885,0.923504,depth,1
1777901166.730357,-0.125666,-1.186887,2.350000,398.780151,23.638298,0.612741,3.352595,0.864223,depth,1
1777901166.741485,-0.128067,-1.221458,2.410000,398.924744,22.874552,0.623466,3.750796,0.871125,depth,1
1777901166.752612,-0.124647,-1.216125,2.397000,399.415771,22.648745,0.570601,3.139662,0.769519,depth,1
1777901166.763739,-0.120467,-1.203368,2.371000,399.930237,22.569767,0.541293,2.207756,0.742845,depth,1
1777901166.774866,-0.116740,-1.189825,2.342000,400.345245,22.353174,0.555694,2.339018,0.772284,depth,1
1777901166.785993,-0.115537,-1.206755,2.371000,400.826996,21.953587,0.547839,2.192097,0.759993,depth,1
1777901166.797120,-0.113335,-1.201381,2.350000,401.043304,20.978355,0.538519,2.110925,0.740752,depth,1
1777901166.808248,-0.109334,-1.179569,2.301000,401.350220,20.371307,0.523731,1.926212,0.713017,depth,1
1777901166.819375,-0.112739,-1.242650,2.419000,401.742859,19.909523,0.546987,2.257004,0.754617,depth,1
1777901166.830501,-0.104495,-1.166007,2.261000,401.910797,19.046947,0.535687,2.193109,0.729563,depth,1
1777901166.841629,-0.100860,-1.177811,2.285000,402.806213,19.155039,0.615231,3.896161,0.843270,depth,1
1777901166.852756,-0.108703,-1.289111,2.488000,403.000000,18.000000,0.632929,4.075275,0.878559,depth,1
1777901166.863883,-0.106948,-1.233418,2.358000,402.282043,15.866667,0.614486,3.692707,0.851579,depth,1
1777901166.875010,-0.103353,-1.223064,2.329000,402.704163,14.975000,0.605043,3.003748,0.862419,depth,1
1777901166.886137,-0.103510,-1.240173,2.354000,402.878784,14.245791,0.615732,3.371963,0.870732,depth,1
1777901166.897264,-0.099798,-1.241167,2.354000,403.558716,14.063492,0.578515,2.937887,0.799394,depth,1
1777901166.908392,-0.096814,-1.228020,2.337000,403.976532,14.835681,0.600270,2.741258,0.863612,depth,1
1777901166.919518,-0.092890,-1.209974,2.293000,404.371643,13.881226,0.587976,2.659733,0.836954,depth,1
1777901166.930645,-0.091880,-1.225700,2.313000,404.711121,12.916667,0.628241,3.863182,0.877444,depth,1
1777901166.941773,-0.090147,-1.231281,2.317000,405.063263,12.272506,0.606021,3.012557,0.864424,depth,1
1777901166.952900,-0.087726,-1.235427,2.321000,405.541992,11.897019,0.634749,4.447744,0.864485,depth,1
1777901166.964027,-0.085582,-1.234808,2.317000,405.913055,11.615942,0.598269,3.127744,0.839285,depth,1
1777901166.975155,-0.083377,-1.235792,2.317000,406.323395,11.432836,0.612138,3.051289,0.877782,depth,1
1777901166.986281,-0.080679,-1.239512,2.321000,406.851562,11.138021,0.595906,3.025749,0.838478,depth,1
1777901166.997408,-0.078193,-1.239453,2.317000,407.288361,10.751323,0.616218,3.383495,0.871370,depth,1
1777901167.008536,-0.076526,-1.253065,2.342000,407.750641,10.707379,0.590670,3.002177,0.826566,depth,1
1777901167.019663,-0.072709,-1.253434,2.342000,408.453552,10.639344,0.576178,2.825404,0.799174,depth,1
1777901167.030790,-0.071288,-1.251490,2.337000,408.687317,10.504425,0.616535,3.620764,0.860300,depth,1
1777901167.041917,-0.066769,-1.249372,2.333000,409.500000,10.500000,0.608616,3.280048,0.857538,depth,1
1777901167.053044,-0.065966,-1.253922,2.337000,409.669434,10.055555,0.593322,3.068559,0.829876,depth,1
1777901167.064171,-0.062075,-1.249037,2.329000,410.348083,10.165192,0.615987,3.593358,0.860300,depth,1
1777901167.075299,-0.060071,-1.254793,2.337000,410.757324,9.894737,0.601705,3.413821,0.833572,depth,1
1777901167.086425,-0.056859,-1.257428,2.342000,411.372375,9.903904,0.608794,3.538217,0.845073,depth,1
1777901167.097552,-0.054863,-1.259626,2.346000,411.757324,9.894737,0.599931,3.325093,0.833572,depth,1
1777901167.108679,-0.052242,-1.262048,2.350000,412.255463,9.844236,0.592535,3.334339,0.814620,depth,1
1777901167.119807,-0.049676,-1.266069,2.358000,412.757324,9.894737,0.600888,3.372951,0.833572,depth,1
1777901167.130934,-0.047381,-1.260250,2.346000,413.132690,9.779935,0.615387,4.140798,0.831428,depth,1
1777901167.142060,-0.044550,-1.257936,2.342000,413.639130,9.810397,0.597087,3.257413,0.829847,depth,1
1777901167.153188,-0.042339,-1.257208,2.342000,414.046295,9.944445,0.617280,4.137981,0.836301,depth,1
1777901167.164315,-0.040992,-1.272677,2.371000,414.386780,9.962264,0.600519,3.206878,0.840953,depth,1
1777901167.175442,-0.038478,-1.257478,2.342000,414.757324,9.894737,0.596337,3.145389,0.833572,depth,1
1777901167.186569,-0.036118,-1.259597,2.346000,415.203339,9.900000,0.614049,3.858339,0.842206,depth,1
1777901167.197696,-0.035177,-1.272368,2.371000,415.444458,10.018518,0.605172,3.122200,0.856820,depth,1
1777901167.208823,-0.033363,-1.271878,2.371000,415.774414,10.107744,0.586170,2.925187,0.819166,depth,1
1777901167.219951,-0.031621,-1.257675,2.346000,416.029999,10.253333,0.611509,3.731336,0.842206,depth,1
1777901167.231077,-0.030628,-1.273431,2.375000,416.281250,10.215278,0.589024,3.280829,0.808518,depth,1
1777901167.242204,-0.028790,-1.272554,2.375000,416.615112,10.374571,0.608174,3.345880,0.853142,depth,1
1777901167.253332,-0.027242,-1.263206,2.358000,416.860535,10.418367,0.596787,3.332090,0.825362,depth,1
1777901167.264459,-0.026150,-1.260902,2.354000,417.052094,10.447917,0.633362,4.470329,0.859888,depth,1
1777901167.275585,-0.026052,-1.272240,2.375000,417.112274,10.431579,0.602151,3.396535,0.835551,depth,1
1777901167.286713,-0.024575,-1.284280,2.397000,417.421570,10.385621,0.582108,2.921000,0.809219,depth,1
1777901167.297840,-0.022939,-1.266561,2.367000,417.663513,10.685534,0.594056,2.883742,0.840953,depth,1
1777901167.308967,-0.022393,-1.271049,2.375000,417.776733,10.647799,0.594693,2.915600,0.840953,depth,1
1777901167.320095,-0.021168,-1.260894,2.358000,417.971436,10.841269,0.575967,2.810486,0.799394,depth,1
1777901167.331222,-0.020341,-1.259527,2.358000,418.122803,11.091228,0.605270,3.552457,0.835551,depth,1
1777901167.342349,-0.020134,-1.269166,2.375000,418.187073,10.989796,0.601075,3.546529,0.825362,depth,1
1777901167.353477,-0.019139,-1.271198,2.380000,418.375000,11.105769,0.590637,3.030141,0.825086,depth,1
1777901167.364604,-0.018713,-1.277169,2.393000,418.470581,11.281046,0.613615,3.499763,0.859050,depth,1
1777901167.375731,-0.017903,-1.271887,2.384000,418.604370,11.367601,0.615186,3.484982,0.863716,depth,1
1777901167.386859,-0.017614,-1.283047,2.406000,418.685883,11.471154,0.620634,3.513789,0.875895,depth,1
1777901167.397986,-0.017351,-1.275098,2.393000,418.716064,11.654321,0.600703,2.898767,0.856820,depth,1
1777901167.409113,-0.017220,-1.265507,2.375000,418.716064,11.654321,0.602612,2.994203,0.856820,depth,1
1777901167.420241,-0.017949,-1.276485,2.397000,418.613708,11.788162,0.614566,3.021086,0.885361,depth,1
1777901167.431368,-0.018630,-1.282690,2.410000,418.509247,11.916667,0.603439,3.035570,0.856820,depth,1
1777901167.442495,-0.018190,-1.257940,2.367000,418.528839,12.256411,0.622296,3.596899,0.875895,depth,1
1777901167.453623,-0.018887,-1.261873,2.375000,418.413452,12.314102,0.625745,3.769360,0.875895,depth,1
1777901167.464750,-0.019749,-1.255105,2.367000,418.244843,12.772861,0.578196,2.654832,0.812750,depth,1
1777901167.475877,-0.020258,-1.262428,2.384000,418.178375,13.078947,0.597639,2.813243,0.853436,depth,1
1777901167.487005,-0.022165,-1.267463,2.397000,417.855072,13.411594,0.617228,3.350855,0.875526,depth,1
1777901167.498132,-0.023559,-1.259684,2.384000,417.581116,13.575221,0.610058,3.296879,0.860300,depth,1
1777901167.509259,-0.024218,-1.252697,2.375000,417.445374,13.980392,0.600293,2.896581,0.855904,depth,1
1777901167.520387,-0.025345,-1.244292,2.363000,417.217377,14.359420,0.618913,3.435118,0.875526,depth,1
1777901167.531514,-0.028386,-1.266078,2.406000,416.754974,14.512820,0.594785,2.908862,0.841519,depth,1
1777901167.542641,-0.030084,-1.247189,2.375000,416.380157,14.980717,0.607048,2.946621,0.870289,depth,1
1777901167.553768,-0.031843,-1.248517,2.384000,416.082611,15.595442,0.626403,3.505104,0.890753,depth,1
1777901167.564896,-0.034883,-1.241908,2.375000,415.508606,15.939655,0.578469,2.507545,0.820795,depth,1
1777901167.576023,-0.037229,-1.238297,2.375000,415.082611,16.595442,0.624710,3.420421,0.890753,depth,1
1777901167.587150,-0.040402,-1.262899,2.428000,414.666656,17.133928,0.593055,2.883461,0.838463,depth,1
1777901167.598278,-0.043295,-1.258375,2.424000,414.140045,17.568628,0.632652,3.512988,0.905980,depth,1
1777901167.609405,-0.045726,-1.255765,2.428000,413.720856,18.401085,0.612352,2.924100,0.884674,depth,1
1777901167.620532,-0.049695,-1.248591,2.419000,412.983063,18.850283,0.613253,3.406224,0.862820,depth,1
1777901167.631660,-0.051589,-1.220773,2.375000,412.475006,19.777779,0.616745,2.870197,0.898354,depth,1
1777901167.642787,-0.054639,-1.216264,2.375000,411.921051,20.596491,0.629520,3.387560,0.904421,depth,1
1777901167.653914,-0.058852,-1.203146,2.358000,411.078949,21.403509,0.626760,3.249574,0.904421,depth,1
1777901167.665042,-0.060503,-1.204906,2.371000,410.837677,22.289856,0.616048,3.291847,0.875526,depth,1
1777901167.676169,-0.064846,-1.197994,2.367000,410.027771,23.179012,0.644994,4.058035,0.909583,depth,1
1777901167.687296,-0.067862,-1.188856,2.358000,409.431030,24.017241,0.635574,3.372962,0.920288,depth,1
1777901167.698424,-0.071391,-1.191349,2.375000,408.879059,25.120943,0.647650,4.139533,0.912149,depth,1
1777901167.709551,-0.075039,-1.195830,2.397000,408.341583,26.300276,0.607131,2.950742,0.870289,depth,1
1777901167.720677,-0.077319,-1.168798,2.354000,407.677338,27.322666,0.620552,3.046420,0.899059,depth,1
1777901167.731806,-0.080531,-1.164529,2.358000,407.113892,28.466667,0.619169,2.991403,0.898354,depth,1
1777901167.742933,-0.084160,-1.169319,2.380000,406.592285,29.567493,0.609637,3.076072,0.870289,depth,1
1777901167.754060,-0.087374,-1.157833,2.371000,405.949860,30.852507,0.655648,4.539413,0.912149,depth,1
1777901167.765188,-0.088748,-1.137440,2.342000,405.500000,32.000000,0.649673,3.760557,0.936155,depth,1
1777901167.776314,-0.091599,-1.146307,2.375000,405.209381,33.300274,0.606695,2.928947,0.870289,depth,1
1777901167.787441,-0.090955,-1.116443,2.329000,405.000000,34.719135,0.634936,3.555126,0.909583,depth,1
1777901167.798569,-0.090441,-1.095348,2.301000,404.891388,36.157303,0.634061,3.412589,0.914523,depth,1
1777901167.809696,-0.095589,-1.108167,2.342000,404.240143,37.390682,0.617733,2.993139,0.894675,depth,1
1777901167.820823,-0.098118,-1.102317,2.342000,403.774414,38.468014,0.619932,3.581979,0.870732,depth,1
1777901167.831951,-0.100843,-1.105431,2.363000,403.437714,39.703705,0.612288,3.199760,0.870732,depth,1
1777901167.843078,-0.102068,-1.090507,2.350000,403.111115,41.326599,0.614608,3.315736,0.870732,depth,1
1777901167.854205,-0.102273,-1.083338,2.350000,403.073395,42.642200,0.620912,3.007396,0.901910,depth,1
1777901167.865333,-0.104285,-1.082107,2.363000,402.809509,43.960785,0.600480,2.905895,0.855904,depth,1
1777901167.876460,-0.105392,-1.071538,2.358000,402.566681,45.474998,0.617824,2.924155,0.898354,depth,1
1777901167.887587,-0.107745,-1.081759,2.397000,402.456909,46.824711,0.638589,3.523693,0.920288,depth,1
1777901167.898715,-0.112329,-1.103165,2.460000,402.149719,48.056496,0.610723,2.868508,0.883381,depth,1
1777901167.909842,-0.106365,-1.045043,2.350000,402.322449,49.670288,0.637444,3.830155,0.902103,depth,1
1777901167.920969,-0.104624,-1.024816,2.321000,402.402161,51.032608,0.636194,3.767627,0.902103,depth,1
1777901167.932097,-0.105446,-1.026323,2.342000,402.424988,52.462502,0.658947,4.451398,0.924798,depth,1
1777901167.943224,-0.104191,-1.015267,2.337000,402.615021,54.098591,0.605847,3.020082,0.863612,depth,1
1777901167.954351,-0.108486,-1.046580,2.428000,402.572784,55.558685,0.606416,3.048546,0.863612,depth,1
1777901167.965479,-0.126892,-1.202562,2.807000,402.346680,56.693333,0.594152,2.863479,0.842206,depth,1
1777901167.976606,-0.125081,-1.204267,2.831000,402.787872,58.000000,0.548253,2.589813,0.741142,depth,1
1777901167.987733,-0.115553,-1.105539,2.612000,402.763428,58.919353,0.607144,3.206438,0.857538,depth,1
1777901167.998860,-0.108461,-0.998921,2.380000,402.188751,60.445782,0.579611,3.011088,0.798473,depth,1
1777901168.009988,-0.110224,-0.994171,2.393000,401.977783,62.285187,0.616476,3.173938,0.882492,depth,1
1777901168.021115,-0.110780,-0.995871,2.419000,402.092072,63.907936,0.641121,3.585971,0.923504,depth,1
1777901168.032242,-0.117252,-1.036877,2.541000,401.941864,65.472870,0.602679,3.268551,0.843270,depth,1
1777901168.043370,-0.113341,-0.992143,2.455000,401.931824,67.166664,0.606779,3.081313,0.862881,depth,1
1777901168.054497,-0.114541,-0.994662,2.483000,401.947906,68.694443,0.611941,2.944857,0.882610,depth,1
1777901168.065624,-0.111641,-0.984300,2.469000,402.341675,69.525002,0.591766,2.990762,0.829876,depth,1
1777901168.076751,-0.110155,-0.974783,2.465000,402.569977,70.910942,0.611667,2.752623,0.891536,depth,1
1777901168.087878,-0.107853,-0.962869,2.455000,402.895996,72.309334,0.594614,2.716647,0.850703,depth,1
1777901168.099005,-0.106664,-0.949290,2.442000,403.005005,73.807014,0.624059,3.502081,0.885045,depth,1
1777901168.110133,-0.106511,-0.944707,2.455000,403.131714,75.500000,0.645792,4.155768,0.906693,depth,1
1777901168.121260,-0.103673,-0.936543,2.455000,403.630371,76.934242,0.641352,3.517177,0.927521,depth,1
1777901168.132387,-0.100342,-0.906456,2.397000,403.788879,78.366669,0.610235,3.171756,0.866999,depth,1
1777901168.143515,-0.104464,-0.929711,2.479000,403.669006,79.715614,0.629331,3.420907,0.902282,depth,1
1777901168.154642,-0.102520,-0.915725,2.460000,403.869476,80.918411,0.602110,2.971277,0.856710,depth,1
1777901168.165769,-0.102188,-0.915513,2.479000,404.064880,82.185684,0.616670,2.980390,0.892656,depth,1
1777901168.176897,-0.098831,-0.895807,2.442000,404.388519,83.252876,0.635648,3.484351,0.914902,depth,1
1777901168.188024,-0.098030,-0.896754,2.460000,404.656555,84.244446,0.608929,2.909199,0.876862,depth,1
1777901168.199151,-0.096653,-0.895216,2.469000,404.959778,85.086205,0.599216,2.899268,0.853076,depth,1
1777901168.210279,-0.093797,-0.872706,2.424000,405.154572,86.188080,0.598022,2.909910,0.849559,depth,1
1777901168.221406,-0.091699,-0.855004,2.393000,405.316467,87.367043,0.608516,2.972084,0.872687,depth,1
1777901168.232533,-0.089372,-0.844861,2.380000,405.647827,88.363464,0.620991,3.111635,0.896896,depth,1
1777901168.243661,-0.089786,-0.852481,2.419000,405.835114,89.473122,0.629497,3.236668,0.911909,depth,1
1777901168.254788,-0.089523,-0.853022,2.437000,406.000000,90.500000,0.655656,3.875781,0.945350,depth,1
1777901168.265915,-0.089609,-0.857077,2.465000,406.164886,91.505379,0.629739,3.248760,0.911909,depth,1
1777901168.277043,-0.088316,-0.843083,2.442000,406.245514,92.564514,0.629775,3.250586,0.911909,depth,1
1777901168.288170,-0.085014,-0.817439,2.384000,406.463470,93.581108,0.622010,3.349927,0.887528,depth,1
1777901168.299297,-0.083881,-0.811052,2.380000,406.642975,94.489983,0.611683,3.213290,0.868543,depth,1
1777901168.310425,-0.084453,-0.811991,2.397000,406.647827,95.363464,0.619127,3.018430,0.896896,depth,1
1777901168.321552,-0.085474,-0.814865,2.419000,406.604034,96.179794,0.613757,3.150604,0.876862,depth,1
1777901168.332679,-0.085134,-0.810434,2.419000,406.664490,96.969696,0.620883,3.241800,0.890119,depth,1
1777901168.343807,-0.085918,-0.812808,2.442000,406.669006,97.911423,0.628834,3.396064,0.902282,depth,1
1777901168.354934,-0.085405,-0.810516,2.451000,406.815094,98.841850,0.607206,3.071832,0.864424,depth,1
1777901168.366061,-0.083224,-0.793206,2.410000,406.949646,99.513191,0.587700,2.730081,0.832747,depth,1
1777901168.377189,-0.082401,-0.789323,2.410000,407.096924,100.208038,0.622594,3.336455,0.889663,depth,1
1777901168.388316,-0.083471,-0.796229,2.442000,407.101227,100.839508,0.637345,3.900203,0.898353,depth,1
1777901168.399444,-0.080935,-0.770919,2.380000,407.176758,101.762627,0.635789,3.532198,0.912863,depth,1
1777901168.410572,-0.079432,-0.762527,2.363000,407.345581,102.289215,0.617386,3.051653,0.890883,depth,1
1777901168.421699,-0.078828,-0.760902,2.367000,407.480194,102.820511,0.623196,3.114151,0.902282,depth,1
1777901168.432826,-0.079011,-0.759037,2.371000,407.471008,103.393723,0.624307,3.135671,0.903984,depth,1
1777901168.443953,-0.077966,-0.750783,2.354000,407.558746,103.908875,0.613716,3.144922,0.877044,depth,1
1777901168.455081,-0.079744,-0.760531,2.393000,407.471008,104.393723,0.622837,3.062149,0.903984,depth,1
1777901168.466208,-0.079239,-0.757126,2.393000,407.562195,105.007462,0.612073,3.047997,0.877782,depth,1
1777901168.477335,-0.079986,-0.751074,2.384000,407.373138,105.587067,0.610826,2.985689,0.877782,depth,1
1777901168.488463,-0.081448,-0.756299,2.406000,407.243317,105.892944,0.607856,3.104313,0.864424,depth,1
1777901168.499591,-0.082338,-0.762452,2.437000,407.271423,106.528572,0.603339,2.768446,0.869924,depth,1
1777901168.510718,-0.082876,-0.754592,2.419000,407.067139,106.925926,0.590385,2.872862,0.832319,depth,1
1777901168.521846,-0.081719,-0.741098,2.380000,407.034637,107.166664,0.594967,2.807974,0.847019,depth,1
1777901168.532973,-0.084464,-0.747907,2.406000,406.702606,107.397209,0.615526,3.026468,0.887491,depth,1
1777901168.544100,-0.085376,-0.753662,2.424000,406.652863,107.368835,0.626214,3.348321,0.898120,depth,1
1777901168.555228,-0.087563,-0.762883,2.460000,406.491699,107.714546,0.605116,3.074795,0.859051,depth,1
1777901168.566355,-0.088266,-0.761216,2.455000,406.336853,107.735085,0.593834,2.980669,0.835551,depth,1
1777901168.577482,-0.088278,-0.760938,2.455000,406.334869,107.783867,0.622979,3.251560,0.894869,depth,1
1777901168.588610,-0.088822,-0.754693,2.437000,406.123932,107.901711,0.597835,2.781566,0.855508,depth,1
1777901168.599737,-0.089485,-0.750857,2.428000,405.947998,108.087997,0.605378,2.979798,0.864454,depth,1
1777901168.610864,-0.090233,-0.755092,2.442000,405.906982,108.104652,0.620642,3.189786,0.892116,depth,1
1777901168.621992,-0.094792,-0.773251,2.502000,405.503296,108.172592,0.602999,2.850901,0.864953,depth,1
1777901168.633120,-0.094626,-0.759620,2.455000,405.219635,108.015503,0.601545,2.908730,0.858427,depth,1
1777901168.644247,-0.092490,-0.734993,2.375000,405.047607,107.992477,0.611783,2.888252,0.885045,depth,1
1777901168.655375,-0.097721,-0.762158,2.460000,404.710754,107.841766,0.609176,2.886235,0.878628,depth,1
1777901168.666502,-0.098245,-0.747917,2.410000,404.261536,107.617950,0.603516,2.874178,0.865081,depth,1
1777901168.677629,-0.098156,-0.730869,2.354000,403.859650,107.557358,0.636742,3.563090,0.913701,depth,1
1777901168.688757,-0.101225,-0.739788,2.380000,403.500000,107.403999,0.607884,3.105096,0.864454,depth,1
1777901168.699884,-0.104613,-0.751238,2.410000,403.122040,107.023621,0.614724,3.170501,0.878285,depth,1
1777901168.711011,-0.104489,-0.741382,2.371000,402.836670,106.605087,0.638570,3.506502,0.921099,depth,1
1777901168.722139,-0.107696,-0.742371,2.371000,402.253296,106.425194,0.635621,3.512166,0.913444,depth,1
1777901168.733266,-0.108122,-0.738113,2.350000,402.000000,106.000000,0.616537,3.122844,0.885201,depth,1
1777901168.744394,-0.112043,-0.750142,2.380000,401.539673,105.527779,0.610779,3.111569,0.871370,depth,1
1777901168.755522,-0.112899,-0.741752,2.346000,401.088013,105.099998,0.607846,3.103238,0.864454,depth,1
1777901168.766649,-0.116165,-0.754176,2.375000,400.748260,104.508987,0.625254,3.432567,0.891506,depth,1
1777901168.777776,-0.117450,-0.747490,2.346000,400.251373,104.045082,0.616982,3.007749,0.892068,depth,1
1777901168.788904,-0.120470,-0.757445,2.367000,399.892548,103.450417,0.635915,3.371615,0.921206,depth,1
1777901168.800031,-0.127177,-0.784761,2.437000,399.336151,102.580505,0.624051,3.235214,0.898366,depth,1
1777901168.811158,-0.132279,-0.802191,2.479000,398.829834,101.900978,0.597352,2.875459,0.849608,depth,1
1777901168.822286,-0.135286,-0.807827,2.483000,398.344635,101.146896,0.621207,3.093004,0.898366,depth,1
1777901168.833413,-0.133086,-0.783966,2.397000,397.897430,100.405983,0.618684,3.119117,0.890753,depth,1
1777901168.844541,-0.135754,-0.788804,2.397000,397.417389,99.535400,0.603551,2.971564,0.860300,depth,1
1777901168.855669,-0.136557,-0.782367,2.363000,396.919250,98.668137,0.614786,2.947837,0.889574,depth,1
1777901168.866796,-0.138853,-0.784637,2.354000,396.403351,97.706238,0.622154,3.210343,0.894869,depth,1
1777901168.877923,-0.141271,-0.786861,2.346000,395.872040,96.807266,0.630701,3.539139,0.899796,depth,1
1777901168.889050,-0.145661,-0.803877,2.380000,395.447571,95.790298,0.633647,3.515826,0.908325,depth,1
1777901168.900178,-0.149820,-0.814385,2.393000,394.841431,94.687706,0.627262,3.244842,0.905913,depth,1
1777901168.911305,-0.150520,-0.813579,2.375000,394.509705,93.721680,0.627494,3.256438,0.905913,depth,1
1777901168.922432,-0.152906,-0.816358,2.363000,393.935364,92.464287,0.632172,3.588658,0.900998,depth,1
1777901168.933560,-0.153132,-0.815993,2.346000,393.691681,91.451668,0.615388,3.178865,0.879528,depth,1
1777901168.944687,-0.159895,-0.844202,2.406000,393.181244,90.135925,0.604088,2.854946,0.867473,depth,1
1777901168.955814,-0.159093,-0.834079,2.358000,392.744598,88.907127,0.628992,3.210167,0.911973,depth,1
1777901168.966942,-0.164193,-0.856891,2.406000,392.410889,87.861389,0.619407,3.203910,0.888323,depth,1
1777901168.978070,-0.162631,-0.838986,2.337000,391.830078,86.630722,0.620205,3.067869,0.897118,depth,1
1777901168.989197,-0.168415,-0.867533,2.393000,391.490112,85.108910,0.618458,3.156447,0.888323,depth,1
1777901169.000325,-0.171369,-0.878573,2.406000,391.124573,83.974747,0.608810,3.025831,0.870732,depth,1
1777901169.011452,-0.169199,-0.867774,2.354000,390.843536,82.474487,0.627962,3.378117,0.900998,depth,1
1777901169.022579,-0.170408,-0.871967,2.346000,390.515625,81.161461,0.595444,2.885271,0.844347,depth,1
1777901169.033707,-0.173905,-0.889621,2.371000,390.209747,79.640450,0.637587,3.588866,0.914523,depth,1
1777901169.044834,-0.178300,-0.910247,2.406000,389.882233,78.297104,0.622229,3.069370,0.902103,depth,1
1777901169.055961,-0.176346,-0.899503,2.358000,389.588898,76.940742,0.612124,2.956336,0.882492,depth,1
1777901169.067089,-0.176395,-0.901040,2.342000,389.359558,75.533707,0.608573,2.974934,0.872687,depth,1
1777901169.078216,-0.180189,-0.918120,2.367000,389.011353,74.174240,0.627968,3.313434,0.904248,depth,1
1777901169.089344,-0.180134,-0.921756,2.358000,388.896088,72.870590,0.614807,3.271928,0.873421,depth,1
1777901169.111599,-0.187016,-0.957039,2.406000,388.319855,69.909439,0.634561,3.340490,0.919377,depth,1
1777901169.122726,-0.185477,-0.950944,2.375000,388.161743,68.777122,0.624947,3.284962,0.898120,depth,1
1777901169.133854,-0.190629,-0.977216,2.419000,387.855804,67.234085,0.606125,2.852499,0.872687,depth,1
1777901169.144981,-0.187417,-0.961778,2.363000,387.636536,65.922791,0.619471,3.380181,0.879668,depth,1
1777901169.156108,-0.186824,-0.963178,2.350000,387.556183,64.694756,0.633665,3.392767,0.914523,depth,1
1777901169.167236,-0.188802,-0.979890,2.371000,387.500000,63.220371,0.614177,3.059027,0.882492,depth,1
1777901169.178363,-0.190685,-0.991043,2.380000,387.288635,61.873371,0.625314,3.125100,0.907030,depth,1
1777901169.189490,-0.189350,-0.986404,2.354000,387.151672,60.739700,0.609793,3.035928,0.872687,depth,1
1777901169.200619,-0.193413,-1.017696,2.410000,387.230621,59.339146,0.619756,3.313853,0.883696,depth,1
1777901169.211745,-0.190495,-1.008589,2.371000,387.192169,58.000000,0.639101,3.254614,0.935021,depth,1
1777901169.222872,-0.189055,-1.007786,2.354000,387.205597,56.822357,0.617700,3.135190,0.887491,depth,1
1777901169.234001,-0.188678,-1.015861,2.358000,387.333344,55.658485,0.607023,3.026454,0.866234,depth,1
1777901169.245128,-0.188980,-1.023106,2.358000,387.278107,54.333332,0.633918,3.505240,0.909532,depth,1
1777901169.256255,-0.188836,-1.026003,2.350000,387.186981,53.164635,0.621517,3.035436,0.902020,depth,1
1777901169.267383,-0.185823,-1.017983,2.317000,387.254059,51.975609,0.621864,3.052772,0.902020,depth,1
1777901169.278510,-0.186050,-1.029885,2.329000,387.390259,50.747967,0.621533,3.036229,0.902020,depth,1
1777901169.289637,-0.185941,-1.037492,2.333000,387.469513,49.668697,0.620315,2.975368,0.902020,depth,1
1777901169.300765,-0.185665,-1.042231,2.329000,387.461700,48.461697,0.629609,3.512987,0.898372,depth,1
1777901169.311892,-0.184316,-1.041620,2.313000,387.475342,47.240631,0.621736,3.124431,0.898120,depth,1
1777901169.323019,-0.185112,-1.052690,2.325000,387.505005,46.189621,0.618765,3.188453,0.887491,depth,1
1777901169.334146,-0.183940,-1.054959,2.317000,387.604645,45.093021,0.618804,3.266245,0.883696,depth,1
1777901169.345273,-0.182303,-1.058781,2.313000,387.850769,44.040699,0.619027,3.277429,0.883696,depth,1
1777901169.356400,-0.181511,-1.067393,2.321000,388.115021,43.120857,0.605377,2.939007,0.866493,depth,1
1777901169.367527,-0.180829,-1.072649,2.321000,388.241730,42.144249,0.629081,3.279064,0.908748,depth,1
1777901169.378655,-0.180035,-1.074045,2.313000,388.273590,41.194607,0.634929,3.358903,0.919377,depth,1
1777901169.389782,-0.173873,-1.049167,2.249000,388.500000,40.266285,0.624700,3.355574,0.893972,depth,1
1777901169.400909,-0.174608,-1.060892,2.265000,388.595520,39.455055,0.608844,2.988456,0.872687,depth,1
1777901169.412037,-0.176684,-1.079025,2.293000,388.611115,38.511112,0.613332,3.016775,0.882492,depth,1
1777901169.423164,-0.175649,-1.088255,2.305000,388.977783,37.840740,0.591690,2.724005,0.843024,depth,1
1777901169.434290,-0.173038,-1.085046,2.289000,389.239929,37.021976,0.647358,3.666417,0.935074,depth,1
1777901169.445418,-0.174717,-1.106652,2.325000,389.433319,36.179630,0.643180,3.663027,0.924799,depth,1
1777901169.456545,-0.173612,-1.107459,2.317000,389.527161,35.320652,0.625325,3.224181,0.902103,depth,1
1777901169.467672,-0.171486,-1.104098,2.301000,389.700897,34.517117,0.616373,3.257912,0.878036,depth,1
1777901169.478800,-0.172406,-1.124992,2.337000,390.026306,33.849121,0.614626,2.934134,0.889858,depth,1
1777901169.489927,-0.170021,-1.123307,2.325000,390.304504,33.090092,0.646955,3.959222,0.919427,depth,1
1777901169.501054,-0.170551,-1.137242,2.346000,390.489349,32.393616,0.636123,3.371879,0.921714,depth,1
1777901169.512182,-0.166631,-1.119688,2.301000,390.610809,31.595114,0.629060,3.322745,0.906512,depth,1
1777901169.523308,-0.167834,-1.141135,2.337000,390.869965,30.869963,0.621434,3.225763,0.892298,depth,1
1777901169.534435,-0.165881,-1.139889,2.329000,391.125214,30.377424,0.601260,2.912493,0.857527,depth,1
1777901169.545563,-0.165106,-1.147873,2.337000,391.373474,29.626528,0.629996,3.369570,0.906512,depth,1
1777901169.556690,-0.161635,-1.133664,2.301000,391.547363,28.975439,0.615812,3.322263,0.873416,depth,1
1777901169.567817,-0.163662,-1.160655,2.350000,391.807007,28.452631,0.616554,3.359382,0.873416,depth,1
1777901169.578945,-0.169670,-1.216379,2.455000,392.036224,27.773550,0.627391,3.327470,0.902103,depth,1
1777901169.590071,-0.167728,-1.219176,2.455000,392.377411,27.282187,0.624412,3.280198,0.897020,depth,1
1777901169.601198,-0.165090,-1.214327,2.437000,392.626526,26.558464,0.627977,3.268610,0.906512,depth,1
1777901169.612326,-0.162396,-1.208427,2.419000,392.889526,26.011236,0.588807,2.767203,0.833657,depth,1
1777901169.623453,-0.158513,-1.197848,2.393000,393.274719,25.576923,0.620332,3.170650,0.892298,depth,1
1777901169.634580,-0.162444,-1.237817,2.465000,393.421356,24.889513,0.610687,3.080600,0.872687,depth,1
1777901169.645708,-0.153708,-1.187221,2.358000,393.729523,24.316191,0.614178,2.973693,0.886761,depth,1
1777901169.656835,-0.152873,-1.194802,2.367000,393.988495,23.760536,0.625401,3.390593,0.893972,depth,1
1777901169.667962,-0.151898,-1.203766,2.380000,394.317352,23.325350,0.618367,3.168514,0.887491,depth,1
1777901169.679089,-0.150285,-1.204010,2.375000,394.552338,22.821705,0.593684,2.818783,0.843270,depth,1
1777901169.690216,-0.144990,-1.179359,2.321000,394.901367,22.315582,0.623206,3.197921,0.898120,depth,1
1777901169.701343,-0.144256,-1.188646,2.333000,395.175537,21.725838,0.620967,3.085968,0.898120,depth,1
1777901169.712471,-0.141787,-1.192479,2.337000,395.676880,21.394684,0.607492,3.049906,0.866234,depth,1
1777901169.723598,-0.140847,-1.200629,2.346000,395.950104,20.740519,0.617666,3.133492,0.887491,depth,1
1777901169.734725,-0.139550,-1.208386,2.358000,396.319092,20.445122,0.621524,3.035793,0.902020,depth,1
1777901169.745852,-0.138977,-1.218318,2.371000,396.563293,19.850210,0.609193,3.426860,0.851639,depth,1
1777901169.756979,-0.135739,-1.213382,2.358000,397.016174,19.531313,0.610457,2.985616,0.876862,depth,1
1777901169.768106,-0.134151,-1.213014,2.350000,397.222961,18.843267,0.596984,2.997760,0.842573,depth,1
1777901169.779233,-0.135195,-1.229862,2.375000,397.292633,18.127226,0.616841,3.011308,0.891536,depth,1
1777901169.790361,-0.131098,-1.221343,2.354000,397.824158,17.695538,0.604068,2.917141,0.864314,depth,1
1777901169.801488,-0.130554,-1.236131,2.380000,398.185181,17.460318,0.654452,4.296267,0.921317,depth,1
1777901169.812615,-0.125644,-1.220770,2.346000,398.744965,17.037878,0.604707,2.941754,0.864680,depth,1
1777901169.823742,-0.126463,-1.228043,2.354000,398.673401,16.468014,0.615916,3.381169,0.870732,depth,1
1777901169.834869,-0.124892,-1.232689,2.358000,399.000000,16.000000,0.660425,4.525291,0.924798,depth,1
1777901169.845996,-0.120928,-1.250355,2.397000,400.085022,16.489796,0.558552,2.377913,0.777485,depth,1
1777901169.857124,-0.110597,-1.201672,2.317000,401.256744,17.783783,0.517014,1.879408,0.698564,depth,1
1777901169.868251,-0.105889,-1.177458,2.265000,401.680542,17.259260,0.529751,1.976950,0.725531,depth,1
1777901169.879378,-0.109300,-1.268337,2.437000,402.500000,17.000000,0.602667,4.131210,0.800106,depth,1
1777901169.890506,-0.106820,-1.232871,2.358000,402.305542,15.966666,0.646232,4.344541,0.898354,depth,1
1777901169.901632,-0.100908,-1.213944,2.321000,403.092590,15.888889,0.574645,2.561891,0.808518,depth,1
1777901169.912759,-0.099910,-1.226989,2.342000,403.444458,15.509259,0.577618,2.710525,0.808518,depth,1
1777901169.923887,-0.096598,-1.231778,2.358000,404.175201,16.166666,0.586636,2.514614,0.840859,depth,1
1777901169.935014,-0.091558,-1.207075,2.305000,404.711975,15.608415,0.601345,3.021993,0.852263,depth,1
1777901169.946141,-0.090946,-1.230100,2.342000,405.095245,14.936508,0.618055,3.475348,0.871370,depth,1
1777901169.957268,-0.086882,-1.223876,2.329000,405.754395,14.824561,0.596176,3.025106,0.839186,depth,1
1777901169.968395,-0.085140,-1.230006,2.337000,406.130859,14.469136,0.604112,3.169496,0.851805,depth,1
1777901169.979522,-0.082452,-1.231917,2.342000,406.659485,14.601918,0.587660,2.728048,0.832747,depth,1
1777901169.990650,-0.079559,-1.230960,2.337000,407.160767,14.293144,0.620515,3.232502,0.889663,depth,1
1777901170.001777,-0.075705,-1.229418,2.333000,407.848053,14.188725,0.593419,2.769586,0.845069,depth,1
1777901170.012904,-0.074051,-1.234509,2.342000,408.206573,14.124413,0.608783,3.166924,0.863612,depth,1
1777901170.024031,-0.070303,-1.240917,2.354000,408.962677,14.109453,0.615121,3.200423,0.877782,depth,1
1777901170.035158,-0.067684,-1.230250,2.333000,409.330841,14.034826,0.585594,2.980547,0.814958,depth,1
1777901170.046285,-0.064230,-1.234746,2.342000,410.015137,14.080808,0.608310,3.121876,0.864680,depth,1
1777901170.057413,-0.062073,-1.230923,2.333000,410.368164,13.910448,0.613555,3.504789,0.858649,depth,1
1777901170.068540,-0.059510,-1.248370,2.367000,411.000000,14.000000,0.634359,3.737306,0.899032,depth,1
1777901170.079667,-0.056494,-1.233345,2.337000,411.417328,13.853019,0.604394,3.317337,0.845118,depth,1
1777901170.090794,-0.053551,-1.238964,2.350000,412.015137,14.080808,0.606021,3.007422,0.864680,depth,1
1777901170.101921,-0.051027,-1.232884,2.337000,412.426361,13.937984,0.583773,2.909701,0.813947,depth,1
1777901170.113048,-0.048741,-1.247386,2.367000,412.962128,14.179293,0.605776,2.995202,0.864680,depth,1
1777901170.124176,-0.045800,-1.232426,2.337000,413.390991,14.022556,0.593175,2.875051,0.839186,depth,1
1777901170.135303,-0.042869,-1.236320,2.346000,413.962128,14.179293,0.605929,3.002830,0.864680,depth,1
1777901170.146430,-0.041370,-1.236395,2.346000,414.237732,14.165375,0.583993,2.920689,0.813947,depth,1
1777901170.157557,-0.039397,-1.235751,2.346000,414.600555,14.283747,0.617582,3.473290,0.870289,depth,1
1777901170.168684,-0.036029,-1.235307,2.346000,415.219757,14.365432,0.600612,2.994479,0.851805,depth,1
1777901170.179811,-0.034123,-1.237207,2.350000,415.580658,14.403226,0.612474,3.472919,0.857538,depth,1
1777901170.190939,-0.031377,-1.240762,2.358000,416.104156,14.523438,0.593890,2.924917,0.838478,depth,1
1777901170.202066,-0.028657,-1.233457,2.346000,416.575012,14.705556,0.632591,4.080647,0.877444,depth,1
1777901170.213193,-0.027454,-1.234801,2.350000,416.804596,14.844828,0.613988,3.735477,0.848196,depth,1
1777901170.224319,-0.024621,-1.242166,2.363000,417.349457,14.747312,0.607214,3.209915,0.857538,depth,1
1777901170.235447,-0.022553,-1.236511,2.354000,417.711121,14.916667,0.631457,4.023971,0.877444,depth,1
1777901170.246574,-0.020072,-1.231943,2.346000,418.153229,14.983871,0.608003,3.249398,0.857538,depth,1
1777901170.257701,-0.017576,-1.233479,2.350000,418.617493,15.087432,0.604422,3.346962,0.843707,depth,1
1777901170.268829,-0.015204,-1.239965,2.363000,419.068176,15.148990,0.603080,2.860394,0.864680,depth,1
1777901170.279955,-0.012220,-1.232410,2.350000,419.600555,15.283747,0.615324,3.360437,0.870289,depth,1
1777901170.291082,-0.009560,-1.242105,2.371000,420.104156,15.523438,0.593457,2.903283,0.838478,depth,1
1777901170.302210,-0.007841,-1.223280,2.337000,420.396179,15.710382,0.599897,3.120712,0.843707,depth,1
1777901170.313337,-0.005865,-1.233137,2.358000,420.770477,15.918033,0.601369,3.194311,0.843707,depth,1
1777901170.324464,-0.003476,-1.230858,2.354000,421.206360,15.952381,0.614081,3.276650,0.871370,depth,1
1777901170.335592,-0.001463,-1.238407,2.371000,421.577026,16.196079,0.608727,3.318279,0.855904,depth,1
1777901170.346719,0.001742,-1.241000,2.380000,422.158844,16.578125,0.592241,2.842490,0.838478,depth,1
1777901170.357846,0.003719,-1.226542,2.354000,422.524597,16.743170,0.637773,4.047266,0.892069,depth,1
1777901170.368974,0.005729,-1.229998,2.363000,422.888885,16.968254,0.613249,3.235065,0.871370,depth,1
1777901170.380100,0.008599,-1.232504,2.371000,423.407410,17.269842,0.584632,2.724081,0.825377,depth,1
1777901170.391227,0.009863,-1.238740,2.384000,423.627441,17.364145,0.607979,3.280859,0.855904,depth,1
1777901170.402355,0.013493,-1.234525,2.380000,424.288361,17.751324,0.611581,3.151642,0.871370,depth,1
1777901170.413482,0.015392,-1.222023,2.358000,424.658478,17.950819,0.638278,4.072527,0.892069,depth,1
1777901170.424609,0.018014,-1.231009,2.380000,425.107605,18.388451,0.601977,2.812548,0.864314,depth,1
1777901170.435737,0.018876,-1.220228,2.363000,425.288361,18.751324,0.610887,3.116935,0.871370,depth,1
1777901170.446864,0.021264,-1.223451,2.371000,425.711121,18.916666,0.628027,3.852485,0.877444,depth,1
1777901170.457991,0.023811,-1.234265,2.397000,426.127380,19.384825,0.590193,2.767820,0.837092,depth,1
1777901170.469119,0.025263,-1.217270,2.367000,426.446228,19.666666,0.603237,3.011102,0.857538,depth,1
1777901170.480245,0.027844,-1.222291,2.380000,426.888885,19.968254,0.612098,3.177513,0.871370,depth,1
1777901170.491372,0.028853,-1.211707,2.363000,427.109344,20.306667,0.595523,2.762102,0.850703,depth,1
1777901170.502500,0.030697,-1.218660,2.380000,427.405914,20.626345,0.603071,3.002767,0.857538,depth,1
1777901170.513627,0.032259,-1.212456,2.371000,427.711121,20.916666,0.626370,3.769640,0.877444,depth,1
1777901170.524754,0.034065,-1.215396,2.380000,428.016144,21.217741,0.605191,3.108785,0.857538,depth,1
1777901170.535882,0.035110,-1.202096,2.358000,428.265015,21.595629,0.595588,2.905252,0.843707,depth,1
1777901170.547009,0.036336,-1.209067,2.375000,428.441528,21.903509,0.598006,2.831578,0.853436,depth,1
1777901170.558136,0.036980,-1.205905,2.371000,428.569794,22.108263,0.627972,3.583544,0.890753,depth,1
1777901170.569263,0.038104,-1.200306,2.363000,428.797729,22.387465,0.624659,3.417892,0.890753,depth,1
1777901170.580390,0.039212,-1.199690,2.363000,429.000000,22.500000,0.629985,3.410829,0.904421,depth,1
1777901170.591517,0.040353,-1.199795,2.367000,429.195892,22.850878,0.598401,2.851328,0.853436,depth,1
1777901170.602645,0.040784,-1.199792,2.371000,429.261902,23.220238,0.620231,3.240468,0.888554,depth,1
1777901170.613772,0.040358,-1.186494,2.346000,429.262543,23.339233,0.610522,3.320109,0.860300,depth,1
1777901170.624899,0.040086,-1.189613,2.354000,429.187500,23.508928,0.621029,3.280360,0.888554,depth,1
1777901170.636027,0.040968,-1.194186,2.367000,429.307922,23.872881,0.608220,2.743404,0.883381,depth,1
1777901170.647154,0.041230,-1.196087,2.375000,429.330292,24.260607,0.611033,3.097906,0.872687,depth,1
1777901170.658281,0.040576,-1.184978,2.354000,429.277252,24.358255,0.616658,3.125681,0.885361,depth,1
1777901170.669407,0.039825,-1.186017,2.358000,429.127258,24.536364,0.612552,3.173867,0.872687,depth,1
1777901170.680535,0.040473,-1.205011,2.397000,429.125397,24.648317,0.622792,3.101390,0.901910,depth,1
1777901170.691662,0.039003,-1.191318,2.375000,428.925934,25.126543,0.602635,2.995355,0.856820,depth,1
1777901170.702789,0.038359,-1.187933,2.371000,428.820740,25.377359,0.596091,2.985492,0.840953,depth,1
1777901170.713917,0.037094,-1.188664,2.375000,428.579285,25.608414,0.635974,3.680451,0.905913,depth,1
1777901170.725044,0.036042,-1.178048,2.354000,428.446594,25.627832,0.599267,2.918109,0.852263,depth,1
1777901170.736171,0.034011,-1.175964,2.354000,428.074432,26.009708,0.599370,2.923226,0.852263,depth,1
1777901170.747298,0.032298,-1.186402,2.375000,427.708344,26.019230,0.619141,3.439166,0.875895,depth,1
1777901170.758425,0.031395,-1.209244,2.424000,427.429047,26.310230,0.625198,3.493445,0.888323,depth,1
1777901170.769552,0.028835,-1.184571,2.375000,427.079498,26.351683,0.621711,3.047361,0.901910,depth,1
1777901170.780680,0.026430,-1.181019,2.371000,426.650787,26.634920,0.606709,2.959191,0.868812,depth,1
1777901170.791807,0.024049,-1.186465,2.384000,426.193939,26.821213,0.608721,2.982330,0.872687,depth,1
1777901170.802934,0.022046,-1.183898,2.380000,425.838196,26.925566,0.632392,3.501329,0.905913,depth,1
1777901170.814062,0.018816,-1.189311,2.393000,425.234314,27.115511,0.623658,3.416448,0.888323,depth,1
1777901170.825188,0.016865,-1.184343,2.384000,424.894226,27.205128,0.619573,3.460766,0.875895,depth,1
1777901170.836315,0.012164,-1.164668,2.346000,424.079498,27.351683,0.620192,2.971392,0.901910,depth,1
1777901170.847443,0.010503,-1.194611,2.410000,423.722748,27.679129,0.612711,2.928337,0.885361,depth,1
1777901170.858570,0.005982,-1.198233,2.419000,422.909668,27.828661,0.614064,2.995982,0.885361,depth,1
1777901170.869697,0.002061,-1.167184,2.358000,422.220123,27.981133,0.625006,3.395519,0.892739,depth,1
1777901170.880825,-0.001054,-1.186056,2.397000,421.653595,28.058823,0.611307,3.384364,0.859050,depth,1
1777901170.891952,-0.005090,-1.204642,2.437000,420.942322,28.272436,0.617937,3.378949,0.875895,depth,1
1777901170.903079,-0.009184,-1.164347,2.358000,420.163330,28.500000,0.602325,2.840784,0.863774,depth,1
1777901170.914206,-0.011258,-1.168815,2.371000,419.795380,28.854786,0.620221,3.244570,0.888323,depth,1
1777901170.925333,-0.016164,-1.178744,2.393000,418.929993,29.020000,0.635700,3.397306,0.919386,depth,1
1777901170.936460,-0.020821,-1.170166,2.380000,418.070190,29.414036,0.633777,3.891697,0.889858,depth,1
1777901170.947588,-0.025539,-1.167507,2.380000,417.215271,29.895834,0.585242,2.677627,0.829223,depth,1
1777901170.958715,-0.027999,-1.159308,2.367000,416.741486,30.227892,0.622607,3.110388,0.900998,depth,1
1777901170.969841,-0.033431,-1.157639,2.367000,415.751770,30.531916,0.645528,3.842110,0.921714,depth,1
1777901170.980969,-0.038399,-1.174492,2.406000,414.959991,30.930000,0.631883,3.206459,0.919386,depth,1
1777901170.992096,-0.041525,-1.148119,2.358000,414.248230,31.468084,0.645395,3.835465,0.921714,depth,1
1777901171.003223,-0.045297,-1.140599,2.350000,413.529999,32.133335,0.597554,2.602207,0.863774,depth,1
1777901171.014351,-0.049264,-1.132130,2.337000,412.751770,32.531914,0.641596,3.645504,0.921714,depth,1
1777901171.025478,-0.054280,-1.135550,2.354000,411.898254,33.414036,0.631594,3.782528,0.889858,depth,1
1777901171.036605,-0.058422,-1.136570,2.363000,411.180267,34.020409,0.590243,2.582201,0.846498,depth,1
1777901171.047733,-0.062663,-1.130384,2.358000,410.381866,34.711975,0.593096,2.609551,0.852263,depth,1
1777901171.058859,-0.066473,-1.132108,2.371000,409.751770,35.531914,0.645156,3.823498,0.921714,depth,1
1777901171.069986,-0.071651,-1.131186,2.380000,408.859100,36.477665,0.640018,3.829042,0.908592,depth,1
1777901171.081114,-0.075709,-1.134681,2.397000,408.221100,37.302723,0.621210,3.040545,0.900998,depth,1
1777901171.092241,-0.077958,-1.113700,2.363000,407.614594,38.194443,0.614428,3.069170,0.882610,depth,1
1777901171.103368,-0.082596,-1.106541,2.358000,406.736115,39.072918,0.614971,3.096318,0.882610,depth,1
1777901171.114495,-0.081745,-1.086499,2.329000,406.705627,40.264069,0.602468,2.685887,0.871876,depth,1
1777901171.125623,-0.087770,-1.094776,2.358000,405.789856,41.224636,0.623212,3.118551,0.902103,depth,1
1777901171.136749,-0.092524,-1.087692,2.350000,404.862732,41.843136,0.619873,3.525212,0.873421,depth,1
1777901171.147876,-0.099695,-1.115237,2.424000,404.105072,43.036232,0.595495,2.858037,0.845835,depth,1
1777901171.159004,-0.100792,-1.089026,2.380000,403.578430,44.117645,0.612304,2.994213,0.881049,depth,1
1777901171.170131,-0.103182,-1.072295,2.358000,402.970886,45.336571,0.597938,2.851623,0.852263,depth,1
1777901171.181257,-0.100999,-1.041323,2.301000,402.912506,46.283333,0.603432,2.923237,0.862419,depth,1
1777901171.192385,-0.104928,-1.062892,2.367000,402.724457,47.795555,0.596706,2.850703,0.849230,depth,1
1777901171.203512,-0.108122,-1.049109,2.350000,402.000000,48.924244,0.609159,3.200308,0.862881,depth,1
1777901171.214639,-0.114096,-1.064665,2.397000,401.314178,49.900383,0.629415,3.591311,0.893972,depth,1
1777901171.225767,-0.117096,-1.057375,2.397000,400.774414,51.212120,0.613649,3.267781,0.870732,depth,1
1777901171.236894,-0.124751,-1.087513,2.479000,400.139465,52.261906,0.622800,3.120034,0.900998,depth,1
1777901171.248021,-0.125515,-1.061890,2.442000,399.675842,53.920490,0.622533,3.088438,0.901910,depth,1
1777901171.259148,-0.126253,-1.044273,2.419000,399.333344,55.278316,0.601605,3.035000,0.852263,depth,1
1777901171.270275,-0.129826,-1.043065,2.437000,398.867310,56.867313,0.632381,3.500774,0.905913,depth,1
1777901171.281402,-0.134811,-1.055804,2.483000,398.427185,58.074432,0.634392,3.601311,0.905913,depth,1
1777901171.292530,-0.134482,-1.029463,2.442000,398.092072,59.647617,0.644852,3.772514,0.923504,depth,1
1777901171.303657,-0.134252,-1.020188,2.437000,398.084045,60.915943,0.658178,4.343057,0.928293,depth,1
1777901171.314784,-0.135686,-1.006389,2.424000,397.701447,62.402897,0.589203,2.917436,0.827134,depth,1
1777901171.325912,-0.140149,-1.021992,2.483000,397.500000,63.947369,0.630952,3.459192,0.904421,depth,1
1777901171.337039,-0.138602,-0.997445,2.442000,397.364410,65.302261,0.613453,3.005022,0.883381,depth,1
1777901171.348165,-0.134915,-0.950055,2.346000,397.040588,66.805794,0.623029,3.640939,0.875526,depth,1
1777901171.359293,-0.137991,-0.953817,2.375000,396.784943,68.255379,0.605182,3.108316,0.857538,depth,1
1777901171.370420,-0.142655,-0.972836,2.442000,396.648590,69.648582,0.638199,3.353344,0.927829,depth,1
1777901171.381547,-0.145541,-0.971590,2.465000,396.378784,71.469696,0.633074,3.396425,0.912863,depth,1
1777901171.392675,-0.140736,-0.926876,2.371000,396.243317,72.863747,0.606449,3.033948,0.864424,depth,1
1777901171.403801,-0.141697,-0.908946,2.350000,395.838104,74.647621,0.602777,3.109901,0.851449,depth,1
1777901171.414928,-0.141397,-0.896437,2.337000,395.748840,76.028168,0.639244,3.358472,0.930187,depth,1
1777901171.426056,-0.141748,-0.887231,2.337000,395.683990,77.727272,0.619854,3.190340,0.890119,depth,1
1777901171.437183,-0.145054,-0.896011,2.384000,395.601685,79.366875,0.622085,3.360019,0.887212,depth,1
1777901171.448310,-0.143749,-0.876195,2.354000,395.506409,80.931625,0.630438,3.488321,0.901679,depth,1
1777901171.459438,-0.143956,-0.863120,2.342000,395.333344,82.516853,0.629729,3.195998,0.914523,depth,1
1777901171.470565,-0.143387,-0.848930,2.329000,395.290741,84.257408,0.614140,3.057163,0.882492,depth,1
1777901171.481692,-0.144669,-0.852390,2.363000,395.438690,85.887741,0.607627,2.867853,0.875675,depth,1
1777901171.492819,-0.145678,-0.842397,2.358000,395.198212,87.385582,0.642390,3.730969,0.919427,depth,1
1777901171.503946,-0.147216,-0.842478,2.380000,395.165741,88.795158,0.624943,3.106538,0.907030,depth,1
1777901171.515073,-0.147623,-0.834315,2.380000,395.092072,90.274399,0.605158,3.076881,0.859051,depth,1
1777901171.526201,-0.149416,-0.834652,2.406000,395.059784,91.847824,0.623988,3.157342,0.902103,depth,1
1777901171.537328,-0.150582,-0.832736,2.424000,395.051147,93.299820,0.624595,3.289350,0.897020,depth,1
1777901171.548455,-0.147897,-0.808045,2.375000,394.985901,94.726631,0.628125,3.465870,0.897020,depth,1
1777901171.559582,-0.150476,-0.816877,2.424000,395.070099,96.121368,0.642617,3.620908,0.925497,depth,1
1777901171.570709,-0.150306,-0.806983,2.419000,395.045013,97.584999,0.615515,3.185176,0.879528,depth,1
1777901171.581836,-0.149645,-0.790706,2.393000,394.872925,98.955444,0.620269,3.246996,0.888323,depth,1
1777901171.592963,-0.149659,-0.783455,2.393000,394.870453,100.262245,0.604976,3.005185,0.862180,depth,1
1777901171.604091,-0.148249,-0.766555,2.363000,394.785278,101.554054,0.616457,3.210459,0.880620,depth,1
1777901171.615218,-0.149510,-0.766072,2.384000,394.795654,102.873917,0.591446,2.754613,0.840884,depth,1
1777901171.626344,-0.149439,-0.757581,2.380000,394.762939,104.179596,0.617815,3.227949,0.883140,depth,1
1777901171.637472,-0.151140,-0.759771,2.410000,394.795624,105.496574,0.627078,3.375836,0.898904,depth,1
1777901171.648599,-0.153652,-0.761940,2.437000,394.650848,106.619232,0.622703,3.147620,0.899376,depth,1
1777901171.659726,-0.152350,-0.747156,2.410000,394.579071,107.754250,0.605710,2.849695,0.871790,depth,1
1777901171.670854,-0.155709,-0.755133,2.455000,394.488800,108.803688,0.603001,2.850986,0.864953,depth,1
1777901171.681981,-0.155123,-0.743482,2.437000,394.390442,109.885788,0.619349,3.122138,0.892266,depth,1
1777901171.693107,-0.154752,-0.735308,2.428000,394.354584,110.849930,0.619193,3.114312,0.892266,depth,1
1777901171.704235,-0.155002,-0.727201,2.419000,394.207672,111.809525,0.609935,3.069375,0.871369,depth,1
1777901171.715362,-0.155559,-0.722342,2.419000,394.108490,112.675819,0.605003,3.090161,0.858000,depth,1
1777901171.726489,-0.155575,-0.713749,2.406000,393.955658,113.520164,0.625632,3.444276,0.891867,depth,1
1777901171.737617,-0.158260,-0.719162,2.442000,393.892548,114.450417,0.635950,3.373371,0.921206,depth,1
1777901171.748744,-0.157858,-0.708805,2.424000,393.756561,115.349930,0.622412,3.290474,0.891506,depth,1
1777901171.759871,-0.158345,-0.702045,2.410000,393.506226,115.827110,0.600902,2.910723,0.856718,depth,1
1777901171.770998,-0.162725,-0.712540,2.460000,393.314362,116.540649,0.619330,3.273017,0.884674,depth,1
1777901171.782125,-0.162669,-0.703778,2.442000,393.113861,117.167351,0.603800,2.913439,0.863828,depth,1
1777901171.793252,-0.164777,-0.706950,2.460000,392.954559,117.520660,0.634330,3.292381,0.921206,depth,1
1777901171.804380,-0.166952,-0.706077,2.465000,392.632629,117.924820,0.612356,3.231607,0.869311,depth,1
1777901171.815507,-0.168320,-0.701822,2.460000,392.333344,118.419807,0.616893,3.162526,0.884107,depth,1
1777901171.826633,-0.169253,-0.698567,2.451000,392.060852,118.540802,0.621474,3.243598,0.891506,depth,1
1777901171.837761,-0.167691,-0.684681,2.406000,391.783813,118.730820,0.617219,3.178780,0.884107,depth,1
1777901171.848888,-0.171832,-0.693081,2.442000,391.495667,119.056519,0.614155,3.197201,0.875527,depth,1
1777901171.860015,-0.175586,-0.698372,2.465000,391.122070,119.272980,0.623281,3.185967,0.898904,depth,1
1777901171.871143,-0.177257,-0.696435,2.460000,390.766541,119.364273,0.615357,3.233680,0.876709,depth,1
1777901171.882270,-0.178769,-0.691427,2.442000,390.270569,119.348679,0.618333,3.234505,0.884107,depth,1
1777901171.893396,-0.181174,-0.695219,2.455000,390.015228,119.329185,0.622294,3.284572,0.891506,depth,1
1777901171.904524,-0.184461,-0.696766,2.460000,389.503571,119.306152,0.633690,3.731753,0.897636,depth,1
1777901171.915651,-0.185272,-0.691856,2.442000,389.122070,119.272980,0.624614,3.252610,0.898904,depth,1
1777901171.926778,-0.186383,-0.690177,2.428000,388.736053,118.866669,0.607719,2.967217,0.870937,depth,1
1777901171.937906,-0.188511,-0.691125,2.428000,388.358032,118.698219,0.626211,3.332490,0.898904,depth,1
1777901171.949033,-0.192228,-0.696464,2.442000,387.893433,118.459015,0.617648,3.332786,0.877482,depth,1
1777901171.960159,-0.196356,-0.701729,2.455000,387.348114,118.185486,0.602840,2.991237,0.857538,depth,1
1777901171.971287,-0.198499,-0.705238,2.455000,386.971558,117.569107,0.621985,3.405771,0.884674,depth,1
1777901171.982414,-0.200552,-0.702123,2.442000,386.423401,117.459679,0.603692,3.033808,0.857538,depth,1
1777901171.993541,-0.201622,-0.704654,2.437000,386.161346,116.757332,0.627790,3.408312,0.899059,depth,1
1777901172.004668,-0.205789,-0.712035,2.455000,385.690857,116.375000,0.603446,3.021511,0.857538,depth,1
1777901172.015795,-0.206820,-0.711374,2.437000,385.241333,115.568001,0.627286,3.383121,0.899059,depth,1
1777901172.026922,-0.210872,-0.718202,2.451000,384.737427,115.085716,0.608724,3.017440,0.870937,depth,1
1777901172.038049,-0.214578,-0.724665,2.460000,384.223572,114.414993,0.638737,3.514884,0.921099,depth,1
1777901172.049177,-0.214570,-0.723881,2.442000,383.947571,113.616936,0.626446,3.484942,0.891867,depth,1
1777901172.060303,-0.218011,-0.727174,2.442000,383.339905,113.035431,0.612850,3.076818,0.878285,depth,1
1777901172.071430,-0.219155,-0.729839,2.437000,383.058441,112.300133,0.643416,3.600832,0.928498,depth,1
1777901172.082558,-0.221747,-0.734361,2.437000,382.599731,111.500000,0.614276,3.148105,0.878285,depth,1
1777901172.093685,-0.224553,-0.739787,2.437000,382.103180,110.539680,0.634294,3.589668,0.906252,depth,1
1777901172.104812,-0.225558,-0.740361,2.424000,381.711182,109.735367,0.606328,2.881680,0.871736,depth,1
1777901172.115940,-0.226997,-0.740603,2.410000,381.220520,108.926926,0.625319,3.285326,0.899032,depth,1
1777901172.127066,-0.231332,-0.754005,2.437000,380.903351,108.023544,0.608149,2.979940,0.871376,depth,1
1777901172.138193,-0.234361,-0.760596,2.442000,380.452301,107.132591,0.610194,3.082173,0.871376,depth,1
1777901172.149321,-0.235281,-0.760591,2.424000,379.981262,106.136078,0.607660,3.085076,0.864897,depth,1
1777901172.160448,-0.237427,-0.766990,2.428000,379.669098,105.222221,0.616789,3.152797,0.884333,depth,1
1777901172.171574,-0.241506,-0.775479,2.437000,379.102844,104.223045,0.611497,3.147324,0.871376,depth,1
1777901172.182702,-0.242182,-0.775639,2.419000,378.664246,103.173332,0.620529,3.210196,0.890811,depth,1
1777901172.193829,-0.247091,-0.792689,2.455000,378.435150,102.206062,0.621131,3.240298,0.890811,depth,1
1777901172.204956,-0.249235,-0.800006,2.455000,378.058472,100.920471,0.614833,2.953079,0.889429,depth,1
1777901172.216084,-0.249974,-0.800942,2.442000,377.694824,100.007042,0.624989,3.330023,0.895972,depth,1
1777901172.227211,-0.252317,-0.805764,2.437000,377.189636,98.863365,0.612832,2.977862,0.883188,depth,1
1777901172.238338,-0.252737,-0.807959,2.424000,376.875458,97.708183,0.618125,3.219607,0.884333,depth,1
1777901172.249465,-0.254971,-0.816390,2.428000,376.552673,96.447334,0.633525,3.574142,0.905106,depth,1
1777901172.260592,-0.260353,-0.836790,2.469000,376.364655,95.291977,0.636898,3.449328,0.919779,depth,1
1777901172.271719,-0.260325,-0.833677,2.442000,375.866669,94.225639,0.626011,3.319908,0.899032,depth,1
1777901172.282846,-0.259736,-0.834509,2.424000,375.630066,92.984314,0.626787,3.209620,0.906486,depth,1
1777901172.293973,-0.259601,-0.837345,2.410000,375.385834,91.614174,0.614742,3.171419,0.878285,depth,1
1777901172.305100,-0.255829,-0.825949,2.358000,375.051270,90.394066,0.634751,3.463516,0.913701,depth,1
1777901172.316228,-0.267276,-0.865849,2.451000,374.812408,89.105263,0.610638,2.970982,0.878047,depth,1
1777901172.327355,-0.264290,-0.858375,2.410000,374.546722,87.850769,0.619153,3.275526,0.884107,depth,1
1777901172.338482,-0.268831,-0.876373,2.442000,374.364410,86.685028,0.622719,3.168608,0.898366,depth,1
1777901172.349610,-0.263475,-0.861147,2.380000,374.098206,85.412170,0.619734,3.156592,0.891506,depth,1
1777901172.360737,-0.269959,-0.886032,2.428000,373.890320,84.076920,0.618151,3.092463,0.890753,depth,1
1777901172.371864,-0.266010,-0.880289,2.393000,373.900696,82.809929,0.608529,3.040250,0.869311,depth,1
1777901172.382992,-0.267492,-0.887063,2.393000,373.633606,81.589081,0.613557,3.015067,0.883140,depth,1
1777901172.394118,-0.271487,-0.906553,2.424000,373.539337,80.165955,0.626957,3.086104,0.913087,depth,1
1777901172.405245,-0.266941,-0.897412,2.380000,373.470093,78.840454,0.617847,3.077292,0.890753,depth,1
1777901172.416373,-0.267295,-0.903803,2.380000,373.405975,77.682335,0.617594,3.064652,0.890753,depth,1
1777901172.427500,-0.268226,-0.911296,2.380000,373.237274,76.324600,0.621587,3.434847,0.882226,depth,1
1777901172.438627,-0.269899,-0.925304,2.397000,373.280945,74.975258,0.620704,3.086972,0.897412,depth,1
1777901172.449754,-0.269489,-0.930273,2.393000,373.273773,73.801422,0.631694,3.166203,0.920925,depth,1
1777901172.460881,-0.268039,-0.931795,2.380000,373.271088,72.609955,0.619229,3.131344,0.891506,depth,1
1777901172.472008,-0.266438,-0.935979,2.371000,373.377960,71.207809,0.618377,3.236693,0.884107,depth,1
1777901172.483135,-0.268738,-0.951457,2.393000,373.409088,69.983475,0.635715,3.361615,0.921206,depth,1
1777901172.494263,-0.266141,-0.949004,2.371000,373.432007,68.838669,0.626967,3.367179,0.899059,depth,1
1777901172.505390,-0.263097,-0.945862,2.346000,373.475800,67.576614,0.603747,3.036598,0.857538,depth,1
1777901172.516517,-0.263435,-0.953663,2.350000,373.496063,66.440948,0.614049,3.136750,0.878285,depth,1
1777901172.527645,-0.263745,-0.963236,2.358000,373.603455,65.283768,0.608091,2.977059,0.871376,depth,1
1777901172.538771,-0.269050,-0.994593,2.419000,373.874084,64.135803,0.621274,3.096625,0.898353,depth,1
1777901172.549898,-0.261396,-0.975542,2.358000,374.033081,63.033089,0.605872,2.864330,0.871465,depth,1
1777901172.561026,-0.260662,-0.979270,2.354000,374.086334,62.046764,0.613973,2.884885,0.890688,depth,1
1777901172.572153,-0.262184,-0.996135,2.380000,374.332153,60.950703,0.604463,2.950893,0.863612,depth,1
1777901172.583280,-0.259080,-0.996063,2.367000,374.636780,59.972412,0.612726,2.999165,0.881857,depth,1
1777901172.594408,-0.261064,-1.013108,2.393000,374.792114,58.872242,0.619444,3.058786,0.895671,depth,1
1777901172.605535,-0.256090,-1.003584,2.358000,375.003418,57.904110,0.617440,3.113197,0.887939,depth,1
1777901172.616662,-0.254982,-1.008265,2.358000,375.206238,57.047939,0.617370,3.143784,0.886237,depth,1
1777901172.627789,-0.254956,-1.019145,2.371000,375.466675,56.080002,0.609484,2.876182,0.879902,depth,1
1777901172.638916,-0.254024,-1.027995,2.380000,375.810791,55.177116,0.604518,2.893364,0.866626,depth,1
1777901172.650043,-0.250580,-1.024908,2.363000,376.108368,54.400471,0.636543,3.492649,0.916726,depth,1
1777901172.661171,-0.246405,-1.018696,2.337000,376.369873,53.465752,0.619382,3.210298,0.887939,depth,1
1777901172.672298,-0.246007,-1.026538,2.346000,376.617493,52.745354,0.609002,3.003195,0.872346,depth,1
1777901172.683424,-0.243410,-1.029060,2.342000,377.018585,51.958469,0.629865,3.412838,0.904021,depth,1
1777901172.694552,-0.240764,-1.024387,2.321000,377.104706,51.112179,0.609200,3.050541,0.870472,depth,1
1777901172.705679,-0.241475,-1.037737,2.342000,377.374878,50.360657,0.610051,3.055626,0.872346,depth,1
1777901172.716806,-0.239573,-1.039075,2.337000,377.630707,49.704792,0.619410,3.020476,0.897500,depth,1
1777901172.727934,-0.238260,-1.045126,2.342000,377.966888,49.000000,0.634207,3.343375,0.918348,depth,1
1777901172.739061,-0.235109,-1.040645,2.321000,378.155396,48.091217,0.625392,3.267564,0.900103,depth,1
1777901172.750188,-0.235255,-1.053111,2.342000,378.520416,47.529480,0.602356,2.871705,0.862304,depth,1
1777901172.761316,-0.232540,-1.050805,2.329000,378.781219,46.873997,0.627202,3.197032,0.908154,depth,1
1777901172.772442,-0.233823,-1.066083,2.354000,379.003448,46.141380,0.614891,3.107376,0.881857,depth,1
1777901172.783569,-0.232099,-1.069489,2.354000,379.319336,45.517483,0.629067,3.407706,0.902282,depth,1
1777901172.794697,-0.228740,-1.063453,2.333000,379.557526,44.869514,0.631540,3.372064,0.910247,depth,1
1777901172.805824,-0.231807,-1.085746,2.375000,379.748505,44.297745,0.610163,2.969221,0.876946,depth,1
1777901172.816951,-0.228956,-1.083574,2.363000,380.054962,43.692951,0.606847,2.928250,0.870705,depth,1
1777901172.828079,-0.224839,-1.077208,2.342000,380.438477,43.091995,0.626933,3.271294,0.903769,depth,1
1777901172.839206,-0.225181,-1.085919,2.354000,380.586945,42.507248,0.634987,3.669660,0.903984,depth,1
1777901172.850332,-0.222563,-1.081455,2.337000,380.769867,41.883747,0.609456,2.933883,0.876946,depth,1
1777901172.861460,-0.218769,-1.075239,2.317000,381.121643,41.318130,0.615443,2.983572,0.889429,depth,1
1777901172.872587,-0.218936,-1.087663,2.337000,381.439301,40.738094,0.619480,3.306916,0.883353,depth,1
1777901172.883714,-0.217307,-1.085683,2.325000,381.532837,40.069344,0.630761,3.304801,0.911662,depth,1
1777901172.894841,-0.216025,-1.090443,2.329000,381.839600,39.533836,0.639329,3.570855,0.919779,depth,1
1777901172.905968,-0.214611,-1.090814,2.325000,382.033081,39.117645,0.587702,2.842658,0.827121,depth,1
1777901172.917095,-0.212346,-1.092540,2.321000,382.385193,38.448147,0.624197,3.523195,0.884332,depth,1
1777901172.928222,-0.211060,-1.091442,2.313000,382.488647,37.950756,0.611467,3.005539,0.878390,depth,1
1777901172.939350,-0.212332,-1.107931,2.342000,382.741608,37.434109,0.620777,3.196513,0.892117,depth,1
1777901172.950477,-0.210082,-1.105037,2.329000,382.940125,36.831291,0.630780,3.412966,0.906303,depth,1
1777901172.961604,-0.209408,-1.109314,2.333000,383.131409,36.391426,0.621321,3.235946,0.891506,depth,1
1777901172.972731,-0.210660,-1.122156,2.354000,383.247406,35.868149,0.636150,3.419768,0.919386,depth,1
1777901172.983858,-0.208041,-1.119981,2.342000,383.531830,35.215153,0.638888,3.740716,0.910184,depth,1
1777901172.994985,-0.205820,-1.115248,2.329000,383.729370,34.940369,0.608645,3.137182,0.864753,depth,1
1777901173.006113,-0.204020,-1.115271,2.321000,383.932404,34.224270,0.615764,3.054292,0.886696,depth,1
1777901173.017240,-0.203509,-1.127626,2.342000,384.366516,33.807266,0.625587,3.283431,0.899796,depth,1
1777901173.028367,-0.203870,-1.137024,2.354000,384.491394,33.143974,0.629274,3.297207,0.908325,depth,1
1777901173.039495,-0.201824,-1.133584,2.342000,384.676727,32.710217,0.624907,3.187395,0.902898,depth,1
1777901173.050621,-0.199632,-1.128645,2.325000,384.811676,32.099998,0.613487,3.083798,0.879528,depth,1
1777901173.061748,-0.199757,-1.142015,2.346000,385.120087,31.516129,0.635587,3.885870,0.894675,depth,1
1777901173.072876,-0.197474,-1.140858,2.337000,385.399994,30.921053,0.613818,2.893721,0.889858,depth,1
1777901173.084003,-0.196351,-1.145346,2.342000,385.684692,30.544144,0.614786,3.178563,0.878036,depth,1
1777901173.095130,-0.196658,-1.156904,2.358000,385.873871,29.861261,0.590062,2.715558,0.839378,depth,1
1777901173.106258,-0.193898,-1.152041,2.342000,386.136292,29.311234,0.627434,3.380758,0.899548,depth,1
1777901173.117384,-0.193317,-1.155749,2.342000,386.243286,28.628353,0.623408,3.290950,0.893972,depth,1
1777901173.128511,-0.191460,-1.158698,2.342000,386.585236,28.085228,0.580624,2.545422,0.824290,depth,1
1777901173.139639,-0.191188,-1.172515,2.363000,386.948273,27.459770,0.621525,3.196805,0.893972,depth,1
1777901173.150766,-0.188094,-1.163097,2.337000,387.131012,26.816956,0.606786,2.806736,0.876627,depth,1
1777901173.161893,-0.187735,-1.173024,2.350000,387.388885,26.182539,0.605665,3.020325,0.863145,depth,1
1777901173.173021,-0.187745,-1.185487,2.367000,387.634552,25.457830,0.629546,3.582114,0.894760,depth,1
1777901173.184147,-0.184191,-1.180230,2.350000,388.039459,24.859961,0.597029,2.724270,0.856358,depth,1
1777901173.195274,-0.183581,-1.183100,2.350000,388.151337,24.333334,0.605973,2.973981,0.866234,depth,1
1777901173.206402,-0.180954,-1.180966,2.337000,388.448730,23.519230,0.629713,3.452093,0.901679,depth,1
1777901173.217529,-0.178596,-1.177667,2.325000,388.713684,23.006411,0.601540,2.916611,0.858019,depth,1
1777901173.228656,-0.174059,-1.162740,2.289000,389.047607,22.383118,0.595287,2.823990,0.847019,depth,1
1777901173.239784,-0.174165,-1.178435,2.313000,389.368195,21.729847,0.604349,3.142817,0.853733,depth,1
1777901173.250910,-0.172777,-1.180820,2.313000,389.626831,21.285116,0.617238,3.117655,0.887212,depth,1
1777901173.262037,-0.171640,-1.187588,2.317000,389.894135,20.405405,0.602466,3.014532,0.855439,depth,1
1777901173.273165,-0.166955,-1.173500,2.285000,390.331085,19.968679,0.621942,3.616380,0.874036,depth,1
1777901173.284292,-0.164330,-1.165448,2.265000,390.552643,19.546053,0.611958,3.026744,0.878559,depth,1
1777901173.295419,-0.163293,-1.175916,2.277000,390.913910,18.732891,0.596812,2.989123,0.842573,depth,1
1777901173.306546,-0.168353,-1.231151,2.380000,391.335602,18.362812,0.611648,2.968913,0.880674,depth,1
1777901173.317673,-0.163832,-1.212813,2.337000,391.608490,17.642057,0.617841,3.038914,0.892656,depth,1
1777901173.328800,-0.162289,-1.223409,2.354000,392.109558,17.317017,0.630748,3.491737,0.902282,depth,1
1777901173.339927,-0.161580,-1.238247,2.375000,392.501160,16.604597,0.608117,3.032019,0.868692,depth,1
1777901173.351054,-0.159580,-1.238361,2.371000,392.815552,16.204445,0.605497,2.934885,0.866999,depth,1
1777901173.362181,-0.154967,-1.225292,2.342000,393.305542,15.821759,0.591966,2.951916,0.832319,depth,1
1777901173.373308,-0.152409,-1.229458,2.346000,393.824554,15.440789,0.610374,2.947541,0.878559,depth,1
1777901173.384436,-0.150214,-1.229496,2.342000,394.180939,15.047619,0.606909,3.316481,0.851449,depth,1
1777901173.395563,-0.148633,-1.237988,2.354000,394.611481,14.645977,0.606065,2.929408,0.868692,depth,1
1777901173.406689,-0.145419,-1.235570,2.346000,395.109558,14.317017,0.629232,3.415976,0.902282,depth,1
1777901173.417817,-0.143522,-1.236930,2.346000,395.458344,14.067130,0.589556,2.831433,0.832319,depth,1
1777901173.428944,-0.141217,-1.245587,2.358000,396.014099,13.640845,0.613333,3.394408,0.863612,depth,1
1777901173.440071,-0.138114,-1.231347,2.329000,396.267151,13.441176,0.620647,3.214697,0.890883,depth,1
1777901173.451199,-0.136715,-1.241878,2.342000,396.666656,12.767507,0.604462,3.105024,0.855904,depth,1
1777901173.462326,-0.135597,-1.251154,2.354000,397.000000,12.233918,0.628876,3.355364,0.904421,depth,1
1777901173.473452,-0.132416,-1.247267,2.346000,397.500000,12.166667,0.638193,4.054896,0.892739,depth,1
1777901173.484580,-0.130279,-1.241368,2.329000,397.717957,11.585470,0.595738,2.969733,0.840859,depth,1
1777901173.495707,-0.129721,-1.239965,2.329000,397.821442,11.845238,0.575542,3.286063,0.774551,depth,1
1777901173.506834,-0.123023,-1.236306,2.337000,399.139771,13.306452,0.508456,2.055295,0.668375,depth,1
1777901173.517962,-0.115509,-1.202184,2.277000,399.964661,13.757576,0.529162,2.228185,0.711496,depth,1
1777901173.529088,-0.115705,-1.239710,2.342000,400.535706,13.166667,0.558820,2.937014,0.750200,depth,1
1777901173.540215,-0.112286,-1.228552,2.313000,400.906097,12.384976,0.653953,4.093923,0.930187,depth,1
1777901173.551343,-0.111151,-1.250050,2.354000,401.478729,12.436171,0.579108,3.121898,0.791674,depth,1
1777901173.562470,-0.106479,-1.225505,2.325000,402.091339,14.132421,0.610553,2.768859,0.887939,depth,1
1777901173.573597,-0.105146,-1.235092,2.337000,402.438782,13.530612,0.623892,3.174664,0.900998,depth,1
1777901173.584724,-0.101915,-1.227810,2.317000,402.872772,12.918575,0.617954,3.463004,0.871736,depth,1
1777901173.595851,-0.099543,-1.228768,2.321000,403.346252,13.134367,0.583122,2.877157,0.813947,depth,1
1777901173.606978,-0.096506,-1.228380,2.321000,403.910461,13.206468,0.613150,3.101882,0.877782,depth,1
1777901173.618106,-0.094806,-1.223244,2.313000,404.165436,13.374696,0.610418,3.232391,0.864424,depth,1
1777901173.629232,-0.092718,-1.234341,2.337000,404.732361,13.669100,0.608993,3.161175,0.864424,depth,1
1777901173.640359,-0.090409,-1.228996,2.329000,405.101227,13.876543,0.637322,3.899052,0.898353,depth,1
1777901173.651487,-0.088268,-1.221234,2.317000,405.413055,14.142512,0.574753,2.784888,0.797639,depth,1
1777901173.662614,-0.084931,-1.222227,2.321000,406.061462,14.349882,0.622354,3.324444,0.889663,depth,1
1777901173.673741,-0.084056,-1.229598,2.337000,406.330933,14.544365,0.618143,3.366291,0.877044,depth,1
1777901173.684868,-0.082120,-1.228039,2.337000,406.688263,14.832134,0.589025,2.796336,0.832747,depth,1
1777901173.695995,-0.079567,-1.223849,2.333000,407.134277,15.218225,0.617219,3.320094,0.877044,depth,1
1777901173.707122,-0.077363,-1.214474,2.317000,407.442902,15.400932,0.599968,2.864176,0.856710,depth,1
1777901173.718250,-0.075473,-1.220010,2.329000,407.867126,15.540541,0.600116,2.897044,0.855439,depth,1
1777901173.729377,-0.074679,-1.219468,2.329000,408.014099,15.640845,0.612385,3.347027,0.863612,depth,1
1777901173.740503,-0.071649,-1.213881,2.321000,408.529541,15.900709,0.593431,2.777000,0.844729,depth,1
1777901173.751631,-0.070490,-1.221288,2.337000,408.834503,16.078014,0.593372,2.774037,0.844729,depth,1
1777901173.762758,-0.069869,-1.229342,2.354000,409.042267,16.230047,0.611290,3.292233,0.863612,depth,1
1777901173.773885,-0.068406,-1.219993,2.337000,409.219116,16.317017,0.599981,2.864836,0.856710,depth,1
1777901173.785012,-0.066233,-1.212208,2.325000,409.557098,16.599068,0.599178,2.824686,0.856710,depth,1
1777901173.796139,-0.064990,-1.209897,2.321000,409.766907,16.641026,0.599007,2.816119,0.856710,depth,1
1777901173.807266,-0.063801,-1.214443,2.329000,410.028564,16.571428,0.607927,3.367396,0.851449,depth,1
1777901173.818393,-0.063237,-1.211042,2.325000,410.112701,16.815348,0.619042,3.786580,0.858276,depth,1
1777901173.829520,-0.062871,-1.217216,2.337000,410.240601,16.829575,0.628005,3.699358,0.885045,depth,1
1777901173.840647,-0.061702,-1.220976,2.346000,410.500000,17.000000,0.609938,3.224658,0.863612,depth,1
1777901173.851774,-0.060890,-1.213126,2.333000,410.586945,17.200483,0.598488,2.774489,0.857497,depth,1
1777901173.862902,-0.060059,-1.213815,2.337000,410.759521,17.457144,0.603638,2.783444,0.869924,depth,1
1777901173.874029,-0.059871,-1.205080,2.321000,410.717957,17.536131,0.598609,2.796234,0.856710,depth,1
1777901173.885155,-0.059965,-1.214204,2.342000,410.800476,17.863747,0.608015,3.112261,0.864424,depth,1
1777901173.896283,-0.059099,-1.200187,2.317000,410.842590,18.060184,0.587865,2.746894,0.832319,depth,1
1777901173.907410,-0.058555,-1.204941,2.329000,411.000000,18.331003,0.599518,2.841665,0.856710,depth,1
1777901173.918537,-0.059208,-1.204176,2.329000,410.878998,18.472603,0.595306,2.887722,0.843879,depth,1
1777901173.929665,-0.059817,-1.201403,2.329000,410.766205,18.986111,0.616866,3.327796,0.875776,depth,1
1777901173.940791,-0.059755,-1.204347,2.337000,410.815552,19.204445,0.606140,2.967031,0.866999,depth,1
1777901173.951918,-0.060679,-1.205021,2.342000,410.668915,19.554810,0.618875,3.090607,0.892656,depth,1
1777901173.963046,-0.060550,-1.199867,2.337000,410.668884,20.031111,0.607490,3.034548,0.866999,depth,1
1777901173.974173,-0.061500,-1.193473,2.329000,410.454559,20.454546,0.618790,3.137146,0.890119,depth,1
1777901173.985299,-0.063240,-1.199978,2.346000,410.217194,20.860214,0.606739,3.039086,0.864892,depth,1
1777901173.996427,-0.064741,-1.196471,2.342000,409.921051,21.129387,0.588117,2.685474,0.836019,depth,1
1777901174.007554,-0.066223,-1.190411,2.337000,409.621918,21.776287,0.619328,3.113280,0.892656,depth,1
1777901174.018680,-0.067571,-1.191667,2.346000,409.421051,22.388159,0.614018,3.129739,0.878559,depth,1
1777901174.029808,-0.069992,-1.191338,2.350000,408.997864,22.821505,0.609104,3.157347,0.864892,depth,1
1777901174.040935,-0.072068,-1.180486,2.333000,408.520416,23.234409,0.610325,3.218396,0.864892,depth,1
1777901174.052062,-0.076070,-1.199828,2.380000,408.058441,24.038961,0.622030,3.299126,0.890119,depth,1
1777901174.063190,-0.077879,-1.179473,2.346000,407.525970,24.629869,0.623072,3.351218,0.890119,depth,1
1777901174.074317,-0.079677,-1.166192,2.325000,407.063171,25.135077,0.632532,3.294175,0.916620,depth,1
1777901174.085443,-0.082606,-1.169453,2.342000,406.631042,26.104822,0.621951,3.353295,0.887212,depth,1
1777901174.096571,-0.086351,-1.175654,2.363000,406.082825,26.886869,0.637239,3.448097,0.920692,depth,1
1777901174.107697,-0.088617,-1.162389,2.346000,405.551941,27.770563,0.597103,2.914780,0.847019,depth,1
1777901174.118824,-0.087258,-1.129501,2.293000,405.431030,29.017241,0.643990,3.793762,0.920288,depth,1
1777901174.129952,-0.088854,-1.095318,2.234000,404.689453,30.005697,0.623974,3.383656,0.890753,depth,1
1777901174.141079,-0.099066,-1.160321,2.371000,403.823090,30.400000,0.598786,2.907733,0.851579,depth,1
1777901174.152205,-0.102133,-1.141900,2.346000,403.067169,31.537313,0.612356,3.062172,0.877782,depth,1
1777901174.163333,-0.103008,-1.131628,2.337000,402.833344,32.624443,0.610330,3.176504,0.866999,depth,1
1777901174.174460,-0.104974,-1.133615,2.358000,402.643066,34.120945,0.643567,3.478209,0.935007,depth,1
1777901174.185587,-0.108415,-1.121585,2.346000,401.912292,35.271931,0.620922,3.474928,0.878559,depth,1
1777901174.196714,-0.118069,-1.182482,2.488000,401.376343,36.483871,0.622580,3.978208,0.857538,depth,1
1777901174.207841,-0.120404,-1.152863,2.437000,400.534790,37.435898,0.579601,2.972664,0.800370,depth,1
1777901174.218968,-0.119258,-1.085239,2.305000,399.528931,38.404957,0.610326,3.110506,0.870289,depth,1
1777901174.230095,-0.125860,-1.113233,2.380000,399.035706,39.730953,0.634263,3.371430,0.917085,depth,1
1777901174.241222,-0.126738,-1.099291,2.367000,398.750549,41.163357,0.624135,3.113993,0.904638,depth,1
1777901174.252349,-0.130675,-1.104474,2.397000,398.331177,42.737633,0.612404,2.963065,0.882856,depth,1
1777901174.263476,-0.136027,-1.117704,2.442000,397.819183,44.063179,0.630327,3.183945,0.916620,depth,1
1777901174.274604,-0.134365,-1.073092,2.363000,397.319336,45.606060,0.632760,3.592355,0.902282,depth,1
1777901174.285730,-0.137325,-1.075207,2.384000,397.000000,46.948719,0.624603,3.196557,0.901679,depth,1
1777901174.296857,-0.138008,-1.066870,2.384000,396.876373,48.456955,0.625506,3.182544,0.904638,depth,1
1777901174.307985,-0.135440,-1.031713,2.325000,396.719177,50.080807,0.612432,3.084366,0.876862,depth,1
1777901174.319112,-0.136690,-1.025002,2.329000,396.530853,51.652264,0.619230,3.141104,0.891020,depth,1
1777901174.330239,-0.137304,-1.016566,2.329000,396.417145,53.214424,0.627490,3.199559,0.908748,depth,1
1777901174.341367,-0.139647,-1.013982,2.346000,396.170624,55.053570,0.633997,3.219423,0.924021,depth,1
1777901174.352494,-0.148445,-1.062262,2.479000,396.017456,56.655037,0.592939,2.781533,0.843270,depth,1
1777901174.363620,-0.150034,-1.054983,2.483000,395.783051,58.216961,0.599631,2.854371,0.856358,depth,1
1777901174.374748,-0.150071,-1.036849,2.465000,395.586212,60.051723,0.623769,3.309001,0.893972,depth,1
1777901174.385875,-0.143406,-0.987765,2.371000,395.757568,61.787880,0.628069,3.318482,0.904248,depth,1
1777901174.397002,-0.148757,-1.004217,2.437000,395.517059,63.742424,0.627253,3.277677,0.904248,depth,1
1777901174.408130,-0.147376,-0.990268,2.428000,395.664703,65.561401,0.627119,3.180983,0.908748,depth,1
1777901174.419257,-0.147100,-0.975924,2.419000,395.616577,67.464355,0.606875,2.811213,0.876627,depth,1
1777901174.430383,-0.141483,-0.925406,2.321000,395.552979,69.504814,0.607439,2.839396,0.876627,depth,1
1777901174.441511,-0.136288,-0.885087,2.246000,395.672577,71.504929,0.598731,2.809387,0.856358,depth,1
1777901174.452638,-0.139187,-0.891205,2.289000,395.617981,73.544945,0.607504,2.921485,0.872687,depth,1
1777901174.463765,-0.141371,-0.890240,2.317000,395.528412,75.753784,0.629052,3.367663,0.904248,depth,1
1777901174.474893,-0.140450,-0.878578,2.317000,395.699829,77.924492,0.628289,3.423504,0.899548,depth,1
1777901174.486020,-0.141706,-0.877329,2.346000,395.792114,80.175629,0.629143,3.218966,0.911909,depth,1
1777901174.497147,-0.138752,-0.859239,2.329000,396.149078,82.348412,0.623073,3.095707,0.902898,depth,1
1777901174.508274,-0.139328,-0.857526,2.354000,396.316406,84.351944,0.645350,3.567722,0.934989,depth,1
1777901174.519401,-0.137737,-0.842839,2.350000,396.564850,86.779968,0.630912,3.124647,0.921047,depth,1
1777901174.530528,-0.137849,-0.836275,2.363000,396.683594,88.829102,0.620696,3.158333,0.893824,depth,1
1777901174.541656,-0.134298,-0.815310,2.337000,397.058929,91.000000,0.610269,3.098799,0.870732,depth,1
1777901174.552783,-0.133961,-0.812784,2.363000,397.393219,93.116508,0.629315,3.347504,0.905913,depth,1
1777901174.563910,-0.133767,-0.806030,2.384000,397.643616,95.645164,0.641493,3.566993,0.925383,depth,1
1777901174.575037,-0.128258,-0.776720,2.333000,398.133026,97.875931,0.631128,3.332108,0.911213,depth,1
1777901174.586164,-0.127547,-0.772415,2.358000,398.514496,100.185509,0.612473,3.113131,0.875527,depth,1
1777901174.597291,-0.123965,-0.755547,2.342000,399.014740,102.326637,0.636676,3.411798,0.921099,depth,1
1777901174.608419,-0.124123,-0.754941,2.375000,399.303253,104.369934,0.625441,3.142346,0.906486,depth,1
1777901174.619546,-0.124383,-0.767107,2.451000,399.956360,106.480156,0.633990,3.574463,0.906252,depth,1
1777901174.630673,-0.124984,-0.771720,2.502000,400.298950,108.436508,0.633153,3.532614,0.906252,depth,1
1777901174.641801,-0.116845,-0.731659,2.410000,400.933075,110.527557,0.638740,3.668108,0.913444,depth,1
1777901174.652927,-0.115733,-0.725504,2.424000,401.251678,112.378845,0.639096,3.532802,0.921099,depth,1
1777901174.664054,-0.110843,-0.701288,2.384000,401.790833,114.593796,0.635809,3.516405,0.913701,depth,1
1777901174.675181,-0.109955,-0.698927,2.410000,402.165985,116.385033,0.630482,3.398052,0.906303,depth,1
1777901174.686309,-0.106950,-0.680750,2.384000,402.495087,118.309425,0.640016,3.739861,0.913046,depth,1
1777901174.697436,-0.104165,-0.680489,2.419000,403.271454,120.137833,0.614171,3.174356,0.876709,depth,1
1777901174.708563,-0.101207,-0.663661,2.393000,403.602844,121.852486,0.611307,3.179133,0.869311,depth,1
1777901174.719691,-0.100358,-0.672370,2.460000,404.248535,123.583336,0.631432,3.483194,0.904421,depth,1
1777901174.730817,-0.098807,-0.666011,2.474000,404.618408,125.358971,0.628029,3.340627,0.903041,depth,1
1777901174.741944,-0.097090,-0.662077,2.493000,405.046692,126.924316,0.654200,4.267763,0.922112,depth,1
1777901174.753072,-0.091621,-0.639562,2.442000,405.661926,128.508682,0.604996,3.006203,0.862180,depth,1
1777901174.764199,-0.085983,-0.608375,2.354000,406.089996,130.000000,0.643987,3.811630,0.919386,depth,1
1777901174.775326,-0.086970,-0.619137,2.437000,406.451813,131.891571,0.603526,3.118924,0.852870,depth,1
1777901174.786454,-0.089864,-0.635256,2.526000,406.500000,133.000000,0.648630,4.297647,0.906692,depth,1
1777901174.797580,-0.086463,-0.634573,2.556000,407.253815,134.388382,0.621887,3.056155,0.901910,depth,1
1777901174.808707,-0.081078,-0.620203,2.526000,408.000000,135.570175,0.630856,3.454399,0.904421,depth,1
1777901174.819835,-0.077049,-0.606681,2.497000,408.535156,136.675842,0.634875,4.146548,0.879860,depth,1
1777901174.830962,-0.072658,-0.581431,2.419000,408.888885,137.798935,0.616234,3.384318,0.871370,depth,1
1777901174.842089,-0.071867,-0.583904,2.455000,409.217834,138.884521,0.609499,3.572581,0.845118,depth,1
1777901174.853217,-0.075337,-0.608738,2.571000,409.205383,139.346802,0.618009,3.485784,0.870732,depth,1
1777901174.864343,-0.074366,-0.610399,2.596000,409.488373,140.054260,0.573492,2.861167,0.790672,depth,1
1777901174.875470,-0.072224,-0.603242,2.617000,409.940491,142.047623,0.645283,4.657429,0.880337,depth,1
1777901174.886598,-0.063995,-0.568074,2.512000,410.855957,143.930038,0.635617,3.960429,0.891020,depth,1
1777901174.897725,-0.062072,-0.564739,2.497000,411.122070,143.920181,0.602748,2.865162,0.863612,depth,1
1777901174.908852,-0.064474,-0.566948,2.502000,410.729462,143.734299,0.566969,2.722634,0.781291,depth,1
1777901174.919980,-0.063345,-0.558516,2.488000,410.862549,144.646042,0.606033,3.238802,0.853142,depth,1
1777901174.931106,-0.061980,-0.554104,2.493000,411.120697,145.603455,0.610417,3.556916,0.848196,depth,1
1777901174.942233,-0.059102,-0.549603,2.497000,411.635071,146.534485,0.606591,3.365602,0.848196,depth,1
1777901174.953361,-0.057781,-0.551448,2.517000,411.942413,146.972733,0.583597,2.710049,0.823491,depth,1
1777901174.964488,-0.056645,-0.554168,2.556000,412.285187,147.955551,0.621590,3.429669,0.882492,depth,1
1777901174.975615,-0.052607,-0.532188,2.469000,412.653839,148.500000,0.636314,3.782146,0.901679,depth,1
1777901174.986743,-0.052269,-0.536491,2.497000,412.815247,148.799194,0.603679,3.126553,0.852870,depth,1
1777901174.997869,-0.051047,-0.525276,2.442000,412.827728,148.692886,0.600531,2.902641,0.856194,depth,1
1777901175.008996,-0.052391,-0.531884,2.469000,412.691498,148.553192,0.610506,3.240833,0.864223,depth,1
1777901175.020124,-0.052429,-0.527863,2.451000,412.617645,148.578430,0.616391,3.638560,0.859050,depth,1
1777901175.031251,-0.053220,-0.535831,2.488000,412.617645,148.578430,0.617525,3.695255,0.859050,depth,1
1777901175.042378,-0.053694,-0.537103,2.497000,412.569031,148.693604,0.615339,3.352310,0.870732,depth,1
1777901175.053505,-0.053337,-0.532305,2.479000,412.563843,148.854614,0.604990,2.965026,0.864223,depth,1
1777901175.064632,-0.056823,-0.558010,2.606000,412.439209,149.113724,0.613040,3.183580,0.873421,depth,1
1777901175.075759,-0.056012,-0.546421,2.546000,412.354980,148.900436,0.609088,3.016903,0.871876,depth,1
1777901175.086887,-0.058145,-0.554007,2.576000,412.108337,148.708328,0.605509,3.027068,0.862419,depth,1
1777901175.098014,-0.059589,-0.549709,2.531000,411.689117,147.791672,0.585867,2.791626,0.825086,depth,1
1777901175.109141,-0.061097,-0.548370,2.517000,411.374207,147.500000,0.632919,3.791195,0.892739,depth,1
1777901175.120267,-0.061323,-0.545444,2.493000,411.234467,147.101700,0.613258,3.406497,0.862820,depth,1
1777901175.131395,-0.064868,-0.551335,2.493000,410.621094,146.082626,0.628344,3.602129,0.890753,depth,1
1777901175.142522,-0.066849,-0.556647,2.502000,410.320007,145.509995,0.606839,3.497826,0.842206,depth,1
1777901175.153649,-0.067420,-0.565184,2.512000,410.267761,144.426224,0.586308,3.331896,0.799174,depth,1
1777901175.164777,-0.071289,-0.594086,2.670000,410.327789,145.500000,0.646512,4.358550,0.898354,depth,1
1777901175.175904,-0.067914,-0.559238,2.521000,410.224640,145.789856,0.629396,3.427755,0.902103,depth,1
1777901175.187030,-0.074761,-0.571484,2.556000,409.228455,145.033707,0.602974,3.024821,0.856194,depth,1
1777901175.198158,-0.076862,-0.571542,2.507000,408.620361,143.138885,0.603259,3.026571,0.856820,depth,1
1777901175.209285,-0.080550,-0.586732,2.556000,408.251648,142.460785,0.614991,3.568562,0.859050,depth,1
1777901175.220412,-0.079543,-0.573013,2.497000,408.104340,142.491089,0.591541,3.045707,0.826566,depth,1
1777901175.231539,-0.081746,-0.579124,2.507000,407.780243,141.834564,0.604131,3.170436,0.851805,depth,1
1777901175.242666,-0.087328,-0.592054,2.546000,407.050140,141.170425,0.632564,3.927321,0.885045,depth,1
1777901175.253793,-0.088387,-0.583179,2.497000,406.576843,140.735229,0.593023,2.756564,0.844729,depth,1
1777901175.264921,-0.089687,-0.589375,2.502000,406.383209,139.868484,0.614439,3.108457,0.880674,depth,1
1777901175.276048,-0.093450,-0.594330,2.497000,405.702301,138.809219,0.624265,3.469027,0.887212,depth,1
1777901175.287174,-0.092469,-0.581858,2.424000,405.390808,137.936783,0.627544,3.497775,0.893972,depth,1
1777901175.298302,-0.097267,-0.590458,2.442000,404.664764,137.180954,0.615065,3.018025,0.886761,depth,1
1777901175.309429,-0.099725,-0.597798,2.451000,404.295227,136.272385,0.591643,2.970645,0.830574,depth,1
1777901175.320556,-0.104879,-0.609795,2.479000,403.596802,135.373260,0.657440,4.234960,0.931852,depth,1
1777901175.331684,-0.108920,-0.622126,2.507000,403.105469,134.436905,0.624695,3.641378,0.879668,depth,1
1777901175.342811,-0.112888,-0.630075,2.517000,402.500000,133.500000,0.651251,4.625823,0.896836,depth,1
1777901175.353938,-0.113702,-0.622613,2.465000,401.949432,132.528091,0.644130,3.916047,0.914523,depth,1
1777901175.365066,-0.115777,-0.617661,2.424000,401.243866,131.566666,0.616257,3.344524,0.873416,depth,1
1777901175.376193,-0.121112,-0.633785,2.469000,400.687378,130.753021,0.609872,2.980108,0.875675,depth,1
1777901175.387320,-0.125812,-0.643353,2.479000,399.954987,129.535004,0.616382,3.228547,0.879528,depth,1
1777901175.398448,-0.130697,-0.654217,2.497000,399.268982,128.465347,0.622110,3.339029,0.888323,depth,1
1777901175.409575,-0.132585,-0.651175,2.460000,398.598450,127.299225,0.612365,3.047790,0.878524,depth,1
1777901175.420702,-0.133578,-0.644982,2.410000,397.938507,126.038834,0.631329,3.448191,0.905913,depth,1
1777901175.431830,-0.138787,-0.659999,2.442000,397.331787,124.899223,0.638991,3.612475,0.916854,depth,1
1777901175.442956,-0.143654,-0.670696,2.455000,396.606476,123.637299,0.615998,3.309481,0.874521,depth,1
1777901175.454083,-0.146042,-0.669672,2.428000,395.901794,122.508926,0.600731,2.982836,0.852687,depth,1
1777901175.465211,-0.149665,-0.680441,2.442000,395.410583,121.288986,0.605059,3.014696,0.861912,depth,1
1777901175.476338,-0.154414,-0.687857,2.442000,394.571838,119.979256,0.643023,4.081069,0.903504,depth,1
1777901175.487465,-0.157565,-0.691295,2.428000,393.854950,118.668060,0.616926,3.164154,0.884107,depth,1
1777901175.498593,-0.163679,-0.710324,2.469000,393.251740,117.383125,0.621156,3.227700,0.891506,depth,1
1777901175.509720,-0.164072,-0.702940,2.419000,392.590729,116.135017,0.614054,3.168539,0.876709,depth,1
1777901175.520847,-0.166774,-0.707141,2.406000,391.948303,114.704765,0.630354,3.391649,0.906303,depth,1
1777901175.531975,-0.172095,-0.719680,2.424000,391.223572,113.414993,0.637319,3.443957,0.921099,depth,1
1777901175.543102,-0.174210,-0.724826,2.419000,390.783081,112.232803,0.610992,3.122228,0.871369,depth,1
1777901175.554229,-0.174757,-0.720951,2.380000,390.174957,110.817368,0.614841,3.178269,0.878188,depth,1
1777901175.565356,-0.181214,-0.742100,2.424000,389.601044,109.425995,0.613057,3.223692,0.871458,depth,1
1777901175.576484,-0.185221,-0.753676,2.437000,389.063843,108.081734,0.617898,3.331164,0.878188,depth,1
1777901175.587610,-0.184939,-0.749859,2.397000,388.567535,106.542747,0.609087,3.026814,0.871376,depth,1
1777901175.598737,-0.191147,-0.769298,2.437000,388.015137,105.316917,0.612366,3.050477,0.878390,depth,1
1777901175.609865,-0.192961,-0.772534,2.424000,387.511017,104.011032,0.624752,3.137460,0.905008,depth,1
1777901175.620992,-0.194586,-0.780633,2.424000,387.221802,102.570015,0.591218,2.770984,0.839497,depth,1
1777901175.632119,-0.195491,-0.779429,2.397000,386.669098,101.222221,0.616422,3.134441,0.884333,depth,1
1777901175.643247,-0.198619,-0.794637,2.419000,386.431305,99.786140,0.625062,3.177717,0.903769,depth,1
1777901175.654374,-0.200468,-0.799696,2.410000,385.968018,98.351784,0.614319,3.158848,0.877854,depth,1
1777901175.665501,-0.199114,-0.793054,2.371000,385.624237,97.206062,0.619481,3.157823,0.890811,depth,1
1777901175.676629,-0.202067,-0.809057,2.393000,385.425018,95.648079,0.611338,3.139392,0.871376,depth,1
1777901175.687756,-0.201591,-0.806185,2.363000,385.049561,94.320938,0.611350,3.139977,0.871376,depth,1
1777901175.698883,-0.201599,-0.807117,2.346000,384.781555,93.083336,0.612868,3.075613,0.878390,depth,1
1777901175.710011,-0.202561,-0.815052,2.346000,384.604706,91.624535,0.610015,3.073219,0.871376,depth,1
1777901175.721138,-0.205555,-0.831757,2.375000,384.515594,90.420723,0.627552,3.410086,0.898376,depth,1
1777901175.732265,-0.206039,-0.836561,2.371000,384.364655,89.291977,0.634706,3.339705,0.919779,depth,1
1777901175.743392,-0.205975,-0.839160,2.358000,384.169769,87.977692,0.607756,2.960303,0.871376,depth,1
1777901175.754519,-0.206147,-0.842840,2.350000,384.009827,86.779831,0.593033,2.736875,0.845738,depth,1
1777901175.765646,-0.208949,-0.858717,2.375000,383.899384,85.524849,0.618364,3.101956,0.890811,depth,1
1777901175.776774,-0.211451,-0.871363,2.393000,383.733826,84.418800,0.614886,3.057657,0.884333,depth,1
1777901175.787901,-0.210012,-0.868937,2.371000,383.641876,83.402725,0.628407,3.318214,0.905106,depth,1
1777901175.799028,-0.211693,-0.878798,2.384000,383.546143,82.480766,0.623682,3.203472,0.899032,depth,1
1777901175.810156,-0.209899,-0.875401,2.358000,383.451904,81.349144,0.621518,3.088378,0.899376,depth,1
1777901175.821283,-0.211124,-0.885468,2.371000,383.439575,80.395752,0.617291,3.019239,0.892266,depth,1
1777901175.832410,-0.208957,-0.880452,2.346000,383.428772,79.601662,0.620802,3.209970,0.891506,depth,1
1777901175.843538,-0.210189,-0.890189,2.358000,383.398895,78.644348,0.618024,3.219049,0.884107,depth,1
1777901175.854665,-0.214038,-0.909659,2.397000,383.331940,77.790276,0.629821,3.219210,0.913593,depth,1
1777901175.865792,-0.212019,-0.903098,2.367000,383.211731,76.911301,0.629234,3.199952,0.913087,depth,1
1777901175.876920,-0.214291,-0.913089,2.384000,383.076141,76.277298,0.616166,3.145499,0.883140,depth,1
1777901175.888046,-0.215712,-0.920572,2.393000,382.965820,75.549858,0.598038,2.791719,0.855508,depth,1
1777901175.899173,-0.218174,-0.931313,2.410000,382.799438,74.798065,0.619246,3.132166,0.891506,depth,1
1777901175.910301,-0.215458,-0.920075,2.371000,382.651276,74.100838,0.624418,3.101305,0.905980,depth,1
1777901175.921428,-0.215652,-0.925916,2.380000,382.764374,73.675285,0.615251,3.099737,0.883140,depth,1
1777901175.932555,-0.214421,-0.919486,2.354000,382.558319,73.000000,0.628972,3.176737,0.913593,depth,1
1777901175.943683,-0.216605,-0.931207,2.375000,382.509064,72.361229,0.596809,2.848278,0.849608,depth,1
1777901175.954810,-0.215924,-0.926894,2.358000,382.349945,71.930847,0.621121,3.225928,0.891506,depth,1
1777901175.965936,-0.217340,-0.933969,2.371000,382.309052,71.573547,0.608385,2.858328,0.878047,depth,1
1777901175.977064,-0.216067,-0.930235,2.354000,382.256622,71.030685,0.617973,3.216485,0.884107,depth,1
1777901175.988191,-0.216293,-0.930250,2.350000,382.147827,70.737793,0.617143,3.175014,0.884107,depth,1
1777901175.999318,-0.217281,-0.931389,2.346000,381.898499,70.237312,0.603992,2.923038,0.863828,depth,1
1777901176.010445,-0.222978,-0.952783,2.397000,381.723358,70.031036,0.631928,3.322381,0.913701,depth,1
1777901176.021573,-0.221539,-0.944444,2.371000,381.545074,69.668030,0.616114,2.964328,0.892068,depth,1
1777901176.032700,-0.220131,-0.938377,2.350000,381.443542,69.246262,0.609060,3.034238,0.870937,depth,1
1777901176.043827,-0.223006,-0.949908,2.375000,381.346710,68.965195,0.637863,3.471139,0.921099,depth,1
1777901176.054955,-0.222906,-0.947176,2.367000,381.228058,68.879890,0.634248,3.438376,0.913701,depth,1
1777901176.066082,-0.226004,-0.954072,2.380000,380.888458,68.573074,0.602302,2.813482,0.865081,depth,1
1777901176.077209,-0.227603,-0.955560,2.380000,380.598694,68.303268,0.625201,3.130317,0.906486,depth,1
1777901176.088336,-0.227625,-0.954529,2.375000,380.507874,68.125984,0.636439,3.553085,0.913444,depth,1
1777901176.099463,-0.227679,-0.952049,2.367000,380.358276,67.992126,0.637133,3.587780,0.913444,depth,1
1777901176.110590,-0.229411,-0.953027,2.371000,380.113281,68.106773,0.618167,3.204354,0.885201,depth,1
1777901176.121718,-0.234315,-0.964260,2.397000,379.683594,67.966148,0.616497,3.120806,0.885201,depth,1
1777901176.132845,-0.230733,-0.947743,2.354000,379.569763,67.822998,0.620438,3.179559,0.892116,depth,1
1777901176.143972,-0.234292,-0.959835,2.384000,379.457703,67.820511,0.624344,3.236531,0.899032,depth,1
1777901176.155100,-0.233635,-0.954204,2.371000,379.344971,67.892761,0.620959,3.205602,0.892117,depth,1
1777901176.166227,-0.234714,-0.953144,2.367000,379.076538,67.792480,0.609318,2.893360,0.878628,depth,1
1777901176.177354,-0.238032,-0.959764,2.384000,378.781158,67.833336,0.606952,2.912894,0.871736,depth,1
1777901176.188481,-0.236276,-0.948834,2.358000,378.627533,67.917931,0.609857,2.925033,0.878390,depth,1
1777901176.199608,-0.237729,-0.951644,2.367000,378.527130,68.065895,0.645880,3.737427,0.927829,depth,1
1777901176.210735,-0.238157,-0.951091,2.367000,378.449219,68.166664,0.619280,3.259960,0.885201,depth,1
1777901176.221863,-0.239577,-0.947925,2.363000,378.116547,68.451126,0.613382,2.968192,0.885045,depth,1
1777901176.232990,-0.244712,-0.965152,2.406000,377.977600,68.455223,0.616481,2.990092,0.891699,depth,1
1777901176.244117,-0.241509,-0.944555,2.358000,377.670441,68.700630,0.622677,3.300926,0.891647,depth,1
1777901176.255245,-0.246950,-0.962616,2.406000,377.576324,68.909668,0.629409,3.351517,0.905948,depth,1
1777901176.266371,-0.246692,-0.955797,2.393000,377.382385,69.201256,0.624382,3.386150,0.891647,depth,1
1777901176.277498,-0.248279,-0.953975,2.393000,377.096283,69.529633,0.619661,3.015965,0.898353,depth,1
1777901176.288626,-0.247706,-0.945047,2.375000,376.861328,69.847931,0.606961,3.059543,0.864424,depth,1
1777901176.299753,-0.246390,-0.937325,2.363000,376.873016,70.385834,0.615721,3.099415,0.884333,depth,1
1777901176.310880,-0.246178,-0.928845,2.346000,376.586121,70.705078,0.631969,3.496320,0.905106,depth,1
1777901176.322008,-0.246089,-0.921952,2.337000,376.428223,71.319603,0.628632,3.464072,0.898376,depth,1
1777901176.333135,-0.256141,-0.953527,2.424000,376.269836,71.808304,0.614949,3.060780,0.884333,depth,1
1777901176.344262,-0.251278,-0.927268,2.367000,376.058380,72.507301,0.627610,3.147258,0.911662,depth,1
1777901176.355390,-0.256817,-0.939757,2.410000,375.884003,73.286934,0.615421,3.084377,0.884333,depth,1
1777901176.366517,-0.252165,-0.914519,2.354000,375.642944,73.910110,0.628870,3.475981,0.898376,depth,1
1777901176.377644,-0.256756,-0.921432,2.384000,375.393829,74.767899,0.621298,3.097840,0.898353,depth,1
1777901176.388772,-0.261251,-0.930064,2.419000,375.264465,75.640839,0.613528,3.119326,0.877854,depth,1
1777901176.399899,-0.257083,-0.906606,2.371000,375.079712,76.550728,0.630509,3.159126,0.918317,depth,1
1777901176.411026,-0.258421,-0.902848,2.375000,374.915436,77.511032,0.625815,3.190568,0.905008,depth,1
1777901176.422153,-0.256842,-0.889092,2.354000,374.786133,78.568695,0.626976,3.273434,0.903769,depth,1
1777901176.433280,-0.257086,-0.883539,2.354000,374.741394,79.586006,0.629138,3.251961,0.910247,depth,1
1777901176.444407,-0.258590,-0.880610,2.363000,374.646362,80.737160,0.626549,3.252055,0.903769,depth,1
1777901176.455534,-0.260320,-0.877683,2.371000,374.490845,81.811966,0.617304,3.178538,0.884333,depth,1
1777901176.466662,-0.259532,-0.863490,2.354000,374.293335,83.259392,0.619607,3.164122,0.890811,depth,1
1777901176.477789,-0.263954,-0.871333,2.393000,374.271210,84.424133,0.625792,3.214246,0.903769,depth,1
1777901176.488916,-0.259409,-0.851510,2.358000,374.396362,85.718788,0.620162,3.191892,0.890811,depth,1
1777901176.500044,-0.263233,-0.856327,2.393000,374.401184,87.128654,0.596721,2.686549,0.857474,depth,1
1777901176.511171,-0.261025,-0.843952,2.380000,374.542267,88.528168,0.604009,2.928196,0.863612,depth,1
1777901176.522298,-0.263001,-0.847845,2.410000,374.777374,89.735260,0.622832,3.195786,0.897290,depth,1
1777901176.533426,-0.264055,-0.843429,2.424000,374.861694,91.397163,0.619771,3.195282,0.889663,depth,1
1777901176.544553,-0.263602,-0.834849,2.424000,374.942200,92.923737,0.635178,3.522186,0.911835,depth,1
1777901176.555680,-0.263043,-0.828094,2.428000,375.118774,94.368484,0.618024,3.084980,0.890811,depth,1
1777901176.566807,-0.262195,-0.821944,2.437000,375.441437,96.000000,0.614087,3.275171,0.871458,depth,1
1777901176.577934,-0.261357,-0.812674,2.437000,375.589844,97.640625,0.620012,3.296566,0.885201,depth,1
1777901176.589061,-0.260046,-0.808400,2.451000,376.084625,99.214104,0.604143,2.905535,0.865081,depth,1
1777901176.600189,-0.254958,-0.790268,2.424000,376.480164,100.855820,0.634555,3.602728,0.906252,depth,1
1777901176.611316,-0.252281,-0.779488,2.419000,376.863708,102.487183,0.593285,2.775437,0.844440,depth,1
1777901176.622443,-0.250348,-0.773423,2.428000,377.373810,104.079620,0.633866,3.419276,0.913701,depth,1
1777901176.633571,-0.248485,-0.763546,2.428000,377.704773,105.834015,0.628611,3.304491,0.906303,depth,1
1777901176.644698,-0.244931,-0.754998,2.428000,378.336060,107.352379,0.607329,2.947714,0.870937,depth,1
1777901176.655824,-0.243320,-0.750062,2.442000,378.869995,108.993088,0.621606,3.250159,0.891506,depth,1
1777901176.666952,-0.238379,-0.735559,2.428000,379.500000,110.805321,0.626837,3.222253,0.905980,depth,1
1777901176.678079,-0.232395,-0.720271,2.410000,380.254578,112.565399,0.613007,3.116158,0.876709,depth,1
1777901176.689206,-0.227898,-0.710548,2.406000,380.991455,114.094017,0.641932,3.532180,0.928222,depth,1
1777901176.700334,-0.226457,-0.705784,2.424000,381.551270,115.887466,0.618399,3.104876,0.890753,depth,1
1777901176.711461,-0.223783,-0.700959,2.442000,382.320526,117.665245,0.616757,3.022805,0.890753,depth,1
1777901176.722588,-0.215667,-0.680001,2.397000,383.038788,119.112068,0.638254,3.506936,0.920288,depth,1
1777901176.733716,-0.214542,-0.682175,2.442000,383.952576,120.982758,0.638252,3.506818,0.920288,depth,1
1777901176.744843,-0.212363,-0.678103,2.465000,384.687408,122.819260,0.611797,2.955121,0.881737,depth,1
1777901176.755970,-0.206633,-0.661470,2.437000,385.274506,124.399696,0.602534,2.805466,0.866061,depth,1
1777901176.767097,-0.200537,-0.649163,2.428000,386.221710,126.151939,0.614029,3.130949,0.878524,depth,1
1777901176.778224,-0.197747,-0.647267,2.455000,387.103760,127.753143,0.617030,2.996704,0.892739,depth,1
1777901176.789351,-0.193063,-0.636407,2.451000,387.871277,129.478546,0.595325,2.753700,0.850629,depth,1
1777901176.800479,-0.190352,-0.633085,2.479000,388.726501,131.321365,0.613856,2.997785,0.884750,depth,1
1777901176.811606,-0.181768,-0.617337,2.451000,389.858643,132.834213,0.603540,2.844984,0.866601,depth,1
1777901176.822733,-0.178411,-0.613925,2.474000,390.741333,134.438980,0.608679,3.063105,0.868543,depth,1
1777901176.833861,-0.170921,-0.598465,2.451000,391.767456,136.155045,0.617861,3.219135,0.883696,depth,1
1777901176.844988,-0.167021,-0.596994,2.479000,392.785583,137.600388,0.629186,3.284331,0.908748,depth,1
1777901176.856115,-0.160758,-0.585528,2.469000,393.761902,139.182541,0.608810,3.177582,0.863145,depth,1
1777901176.867242,-0.155241,-0.578636,2.474000,394.780426,140.590820,0.618645,3.182425,0.887491,depth,1
1777901176.878369,-0.150949,-0.574822,2.497000,395.771088,142.178711,0.602421,3.063654,0.852870,depth,1
1777901176.889496,-0.143004,-0.557454,2.455000,396.720825,143.531250,0.640821,3.545078,0.924799,depth,1
1777901176.900623,-0.138422,-0.555884,2.483000,397.799988,144.908340,0.587491,2.933699,0.822043,depth,1
1777901176.911751,-0.131245,-0.544409,2.469000,398.917206,146.365173,0.618397,3.398803,0.876053,depth,1
1777901176.922878,-0.124766,-0.540635,2.483000,400.171844,147.556931,0.600803,2.928057,0.855605,depth,1
1777901176.934005,-0.119521,-0.537297,2.502000,401.240631,148.845474,0.600634,3.180238,0.842573,depth,1
1777901176.945133,-0.108714,-0.510623,2.410000,402.388153,150.083328,0.616091,3.233375,0.878559,depth,1
1777901176.956259,-0.106195,-0.521944,2.497000,403.501068,151.311829,0.611843,3.294298,0.864892,depth,1
1777901176.967386,-0.099738,-0.513871,2.488000,404.554047,152.385132,0.605362,3.159311,0.855439,depth,1
1777901176.978514,-0.094055,-0.509341,2.502000,405.630371,153.664398,0.614094,3.091204,0.880674,depth,1
1777901176.989641,-0.087794,-0.502638,2.483000,406.593842,154.156860,0.646178,4.189318,0.905980,depth,1
1777901177.000768,-0.083066,-0.496220,2.502000,407.524597,155.926224,0.641368,4.227012,0.892068,depth,1
1777901177.011896,-0.076881,-0.490847,2.488000,408.516144,156.376343,0.614634,3.580947,0.857538,depth,1
1777901177.023023,-0.070072,-0.490005,2.541000,409.949829,158.293900,0.630688,4.111927,0.871125,depth,1
1777901177.034150,-0.062471,-0.476277,2.488000,411.014008,158.901962,0.604072,3.085522,0.855904,depth,1
1777901177.045278,-0.058064,-0.477984,2.517000,411.893951,159.560608,0.608128,3.112767,0.864680,depth,1
1777901177.056405,-0.052239,-0.469552,2.502000,412.838470,160.523071,0.601770,3.056937,0.851579,depth,1
1777901177.067531,-0.049137,-0.481797,2.591000,413.664032,161.265091,0.605009,3.348110,0.845118,depth,1
1777901177.078659,-0.043665,-0.469411,2.556000,414.475403,162.256836,0.637870,4.052125,0.892069,depth,1
1777901177.089786,-0.038373,-0.466801,2.571000,415.406158,163.156860,0.641962,3.978503,0.905980,depth,1
1777901177.100913,-0.031377,-0.448435,2.497000,416.423737,164.008469,0.619354,3.711315,0.862820,depth,1
1777901177.112041,-0.027120,-0.447863,2.521000,417.203552,164.843658,0.613133,3.450655,0.860300,depth,1
1777901177.123168,-0.023343,-0.446516,2.541000,417.881165,165.675369,0.616888,3.333872,0.875526,depth,1
1777901177.134295,-0.018359,-0.444372,2.556000,418.745453,166.481812,0.615242,3.308349,0.872687,depth,1
1777901177.145422,-0.013749,-0.444258,2.581000,419.545715,167.227142,0.614788,3.533380,0.860300,depth,1
1777901177.156549,-0.008573,-0.433349,2.546000,420.390900,168.054550,0.616571,3.374796,0.872687,depth,1
1777901177.167676,-0.006024,-0.432104,2.561000,420.828735,168.694183,0.592807,3.043426,0.829847,depth,1
1777901177.178804,-0.001881,-0.428564,2.576000,421.528290,169.710693,0.633495,3.819973,0.892739,depth,1
1777901177.189931,0.002481,-0.420933,2.561000,422.261017,170.575470,0.632606,3.775520,0.892739,depth,1
1777901177.201058,0.006102,-0.414848,2.556000,422.872742,171.463638,0.609639,3.028211,0.872687,depth,1
1777901177.212186,0.010255,-0.414954,2.591000,423.550171,172.391586,0.634819,3.622695,0.905913,depth,1
1777901177.223313,0.013376,-0.405736,2.561000,424.095734,173.134750,0.582221,2.872130,0.811947,depth,1
1777901177.234439,0.015809,-0.403462,2.576000,424.489990,173.913330,0.606321,3.471900,0.842206,depth,1
1777901177.245567,0.020354,-0.399661,2.596000,425.224640,175.065216,0.637902,3.853020,0.902103,depth,1
1777901177.256694,0.021837,-0.395578,2.596000,425.471161,175.743591,0.616677,3.315974,0.875895,depth,1
1777901177.267821,0.024221,-0.385624,2.571000,425.906250,176.774307,0.582970,2.564040,0.829223,depth,1
1777901177.278949,0.027499,-0.387867,2.617000,426.375000,177.541672,0.612545,2.975041,0.882610,depth,1
1777901177.290076,0.029308,-0.378025,2.596000,426.712280,178.659653,0.593910,2.984499,0.835551,depth,1
1777901177.301203,0.032784,-0.370917,2.591000,427.300354,179.721619,0.606436,2.813104,0.875435,depth,1
1777901177.312330,0.033984,-0.366241,2.591000,427.500000,180.500000,0.614644,3.080004,0.882610,depth,1
1777901177.323457,0.035501,-0.357130,2.581000,427.775360,181.786224,0.599645,3.065562,0.845835,depth,1
1777901177.334584,0.038149,-0.352925,2.596000,428.181152,182.829712,0.596638,2.915185,0.845835,depth,1
1777901177.345711,0.038817,-0.344980,2.581000,428.329590,183.816483,0.602685,3.010381,0.856194,depth,1
1777901177.356839,0.040085,-0.337851,2.576000,428.554382,184.898239,0.627005,3.553088,0.889858,depth,1
1777901177.367966,0.041189,-0.333896,2.591000,428.699280,185.884064,0.596558,2.911225,0.845835,depth,1
1777901177.379093,0.043344,-0.329844,2.612000,429.000000,187.000000,0.602090,2.820058,0.864223,depth,1
1777901177.390221,0.044967,-0.322909,2.606000,429.285187,188.022217,0.620467,3.373498,0.882492,depth,1
1777901177.401348,0.045433,-0.320150,2.633000,429.285187,189.022217,0.616735,3.186883,0.882492,depth,1
1777901177.412475,0.044406,-0.308759,2.591000,429.234863,190.068176,0.605961,3.040449,0.862881,depth,1
1777901177.423603,0.045103,-0.301241,2.581000,429.379913,191.125443,0.612009,3.177984,0.871125,depth,1
1777901177.434729,0.045352,-0.297094,2.606000,429.348846,192.294571,0.598096,3.039416,0.843270,depth,1
1777901177.445856,0.045411,-0.289109,2.606000,429.358643,193.616028,0.619307,3.584966,0.869020,depth,1
1777901177.456984,0.044398,-0.280228,2.581000,429.262177,194.636703,0.595437,2.647952,0.856194,depth,1
1777901177.468111,0.045021,-0.273653,2.591000,429.337158,195.911880,0.619861,3.113605,0.893972,depth,1
1777901177.479238,0.043105,-0.270821,2.612000,428.960541,196.745621,0.620498,3.453731,0.878559,depth,1
1777901177.490366,0.041409,-0.262330,2.591000,428.735931,197.796539,0.604732,2.799099,0.871876,depth,1
1777901177.501493,0.040640,-0.259236,2.633000,428.500000,199.000000,0.610963,2.868572,0.883980,depth,1
1777901177.512620,0.039643,-0.251222,2.606000,428.403931,199.886276,0.608823,2.972748,0.873421,depth,1
1777901177.523747,0.038242,-0.243351,2.591000,428.208832,200.955826,0.598784,2.881806,0.852870,depth,1
1777901177.534874,0.036023,-0.238732,2.612000,427.791168,202.044174,0.599298,2.907501,0.852870,depth,1
1777901177.546001,0.034259,-0.232943,2.612000,427.500000,203.000000,0.610451,2.842952,0.883980,depth,1
1777901177.557129,0.032822,-0.227433,2.612000,427.262756,203.909805,0.606164,2.839775,0.873421,depth,1
1777901177.568256,0.029562,-0.222566,2.596000,426.754395,204.486847,0.614525,3.155073,0.878559,depth,1
1777901177.579383,0.027831,-0.218556,2.622000,426.421051,205.513153,0.617173,3.287456,0.878559,depth,1
1777901177.590511,0.026134,-0.214674,2.633000,426.123932,206.299149,0.590722,2.718925,0.840859,depth,1
1777901177.601637,0.022772,-0.208427,2.617000,425.596069,207.113724,0.606241,2.843657,0.873421,depth,1
1777901177.612764,0.021412,-0.205606,2.643000,425.337158,207.911880,0.615124,2.876742,0.893972,depth,1
1777901177.623892,0.017840,-0.202083,2.643000,424.754395,208.486847,0.615335,3.195554,0.878559,depth,1
1777901177.635019,0.015133,-0.195983,2.638000,424.317261,209.421692,0.599737,2.929457,0.852870,depth,1
1777901177.646146,0.010953,-0.188851,2.596000,423.662842,210.088120,0.616617,2.951395,0.893972,depth,1
1777901177.657274,0.009083,-0.185734,2.622000,423.337158,210.911880,0.616011,2.921103,0.893972,depth,1
1777901177.668401,0.004614,-0.185985,2.643000,422.596069,211.113724,0.608700,2.966602,0.873421,depth,1
1777901177.679528,0.000955,-0.179461,2.627000,422.000000,212.000000,0.617775,3.701219,0.859377,depth,1
1777901177.690655,-0.002862,-0.175549,2.633000,421.374481,212.707825,0.591463,2.926777,0.832319,depth,1
1777901177.701782,-0.007162,-0.172175,2.617000,420.662842,213.088120,0.615381,2.889621,0.893972,depth,1
1777901177.712909,-0.010474,-0.169114,2.638000,420.130798,213.814346,0.579586,2.743926,0.811768,depth,1
1777901177.724037,-0.011828,-0.160513,2.581000,419.866669,214.641022,0.601460,3.041397,0.851579,depth,1
1777901177.735164,-0.021232,-0.163291,2.670000,418.413574,215.086426,0.584521,2.500054,0.836301,depth,1
1777901177.746291,-0.023932,-0.158549,2.638000,417.930542,215.541672,0.641744,4.191638,0.894779,depth,1
1777901177.757419,-0.028213,-0.153501,2.643000,417.239319,216.414536,0.592999,2.832752,0.840859,depth,1
1777901177.768546,-0.033270,-0.148347,2.606000,416.337158,216.911880,0.618536,3.047373,0.893972,depth,1
1777901177.779672,-0.039108,-0.147738,2.659000,415.500000,217.500000,0.624475,3.617034,0.880337,depth,1
1777901177.790799,-0.044328,-0.142817,2.638000,414.596069,218.113724,0.608013,2.932251,0.873421,depth,1
1777901177.801927,-0.047817,-0.137176,2.617000,413.962952,218.855972,0.589630,2.835119,0.832319,depth,1
1777901177.813054,-0.053523,-0.132776,2.617000,413.022522,219.581085,0.607185,3.250454,0.855439,depth,1
1777901177.824181,-0.057771,-0.126980,2.627000,412.358643,220.616028,0.615183,3.378734,0.869020,depth,1
1777901177.835309,-0.062778,-0.123419,2.638000,411.579712,221.285019,0.593100,2.869276,0.839285,depth,1
1777901177.846436,-0.065217,-0.118198,2.692000,411.394745,222.526321,0.620482,3.452925,0.878559,depth,1
1777901177.857563,-0.075548,-0.117909,2.659000,409.589386,222.338165,0.587215,2.575061,0.839285,depth,1
1777901177.868690,-0.085454,-0.116008,2.686000,408.122070,222.835678,0.602784,2.866946,0.863612,depth,1
1777901177.879817,-0.088221,-0.108320,2.648000,407.474365,223.820511,0.590250,2.695319,0.840859,depth,1
1777901177.890944,-0.093458,-0.104371,2.638000,406.563782,224.399170,0.625368,3.447980,0.891020,depth,1
1777901177.902072,-0.098963,-0.099584,2.627000,405.596069,225.113724,0.607044,2.883805,0.873421,depth,1
1777901177.913199,-0.104363,-0.093576,2.606000,404.571442,225.976196,0.620726,2.925506,0.905540,depth,1
1777901177.924326,-0.108251,-0.089623,2.581000,403.754395,226.486847,0.618536,3.355609,0.878559,depth,1
1777901177.935454,-0.115853,-0.086370,2.596000,402.596069,227.113724,0.606611,2.862115,0.873421,depth,1
1777901177.946580,-0.120510,-0.081972,2.596000,401.822235,227.844452,0.593511,2.690974,0.849230,depth,1
1777901177.957707,-0.127720,-0.078587,2.612000,400.754395,228.486847,0.615533,3.205458,0.878559,depth,1
1777901177.968835,-0.137082,-0.075490,2.675000,399.741669,229.291672,0.600321,2.767645,0.862419,depth,1
1777901177.979962,-0.142056,-0.070936,2.643000,398.662506,229.887497,0.601307,2.816975,0.862419,depth,1
1777901177.991089,-0.147341,-0.067136,2.638000,397.754395,230.486847,0.617996,3.328615,0.878559,depth,1
1777901178.002217,-0.153854,-0.063277,2.643000,396.737244,231.137253,0.606817,2.872458,0.873421,depth,1
1777901178.013344,-0.159306,-0.058988,2.638000,395.798340,231.818924,0.591664,2.936828,0.832319,depth,1
1777901178.024471,-0.163726,-0.054569,2.622000,394.912292,232.486847,0.619094,3.383546,0.878559,depth,1
1777901178.035598,-0.170968,-0.050133,2.638000,393.891663,233.266663,0.603214,2.912293,0.862419,depth,1
1777901178.046725,-0.174793,-0.045422,2.633000,393.212128,234.022720,0.605894,3.037096,0.862881,depth,1
1777901178.057852,-0.179962,-0.040417,2.627000,392.298035,234.827454,0.610337,3.048451,0.873421,depth,1
1777901178.068980,-0.185228,-0.036657,2.617000,391.317261,235.421692,0.601258,3.005486,0.852870,depth,1
1777901178.080107,-0.190810,-0.033618,2.612000,390.337158,235.911880,0.619029,3.072031,0.893972,depth,1
1777901178.091233,-0.197252,-0.028693,2.633000,389.533325,236.762970,0.616720,3.186160,0.882492,depth,1
1777901178.102361,-0.197796,-0.026079,2.571000,388.662842,237.088120,0.620645,3.152819,0.893972,depth,1
1777901178.113488,-0.207653,-0.020715,2.648000,388.022217,238.088882,0.585537,2.727917,0.827447,depth,1
1777901178.124615,-0.210496,-0.014866,2.627000,387.285187,239.022217,0.618849,3.292632,0.882492,depth,1
1777901178.135743,-0.214327,-0.010855,2.617000,386.521729,239.673920,0.594336,2.800121,0.845835,depth,1
1777901178.146870,-0.221300,-0.008409,2.638000,385.662842,240.088120,0.621611,3.201134,0.893972,depth,1
1777901178.157997,-0.220148,-0.002170,2.596000,385.268951,241.102280,0.608185,3.151633,0.862881,depth,1
1777901178.169124,-0.221894,0.002393,2.561000,384.475098,241.865906,0.622933,3.267230,0.893972,depth,1
1777901178.180251,-0.231593,0.006556,2.622000,383.749023,242.541183,0.610908,3.076974,0.873421,depth,1
1777901178.191378,-0.234824,0.010950,2.627000,383.291199,243.260544,0.621599,3.200498,0.893972,depth,1
1777901178.202506,-0.238781,0.015290,2.622000,382.566681,243.977783,0.623205,3.510390,0.882492,depth,1
1777901178.213633,-0.240990,0.021205,2.617000,382.127655,244.957443,0.603833,2.907174,0.864223,depth,1
1777901178.224760,-0.244749,0.025385,2.622000,381.585114,245.638290,0.606785,3.054795,0.864223,depth,1
1777901178.235887,-0.248285,0.029845,2.622000,381.003510,246.371933,0.594216,2.562278,0.857426,depth,1
1777901178.247014,-0.251626,0.035007,2.627000,380.532623,247.210144,0.628952,3.405556,0.902103,depth,1
1777901178.258141,-0.255492,0.039985,2.638000,380.072906,248.000000,0.612129,2.954221,0.882610,depth,1
1777901178.269268,-0.258064,0.045532,2.638000,379.652344,248.906815,0.619743,3.564639,0.871125,depth,1
1777901178.280396,-0.260049,0.051652,2.643000,379.408234,249.891388,0.637595,3.589316,0.914523,depth,1
1777901178.291523,-0.263079,0.055898,2.643000,378.913849,250.584274,0.601096,2.930937,0.856194,depth,1
1777901178.302649,-0.264977,0.060125,2.638000,378.522217,251.292587,0.621369,3.418608,0.882492,depth,1
1777901178.313778,-0.266325,0.065074,2.638000,378.301758,252.101761,0.591572,2.867582,0.835551,depth,1
1777901178.324904,-0.268171,0.070568,2.638000,378.000000,253.000000,0.619352,2.947616,0.900998,depth,1
1777901178.336031,-0.270631,0.075000,2.638000,377.597839,253.724640,0.633621,3.638993,0.902103,depth,1
1777901178.347159,-0.270694,0.079079,2.627000,377.402161,254.445648,0.598924,3.029503,0.845835,depth,1
1777901178.358286,-0.273895,0.083090,2.633000,376.979156,255.072922,0.613576,3.026571,0.882610,depth,1
1777901178.369413,-0.275839,0.088241,2.643000,376.831665,255.861954,0.608918,3.031280,0.870732,depth,1
1777901178.380541,-0.278426,0.093916,2.654000,376.597839,256.724640,0.632397,3.577778,0.902103,depth,1
1777901178.391668,-0.278136,0.097224,2.648000,376.542542,257.297882,0.606296,3.030334,0.864223,depth,1
1777901178.402795,-0.280252,0.101151,2.648000,376.197906,257.937500,0.613459,3.020748,0.882610,depth,1
1777901178.413923,-0.281019,0.105052,2.648000,376.072906,258.572906,0.584175,2.624290,0.829223,depth,1
1777901178.425050,-0.281063,0.107918,2.643000,375.979156,259.072906,0.614347,3.065150,0.882610,depth,1
1777901178.436177,-0.283600,0.112576,2.654000,375.756958,259.756958,0.613334,3.014495,0.882610,depth,1
1777901178.447305,-0.284537,0.113814,2.648000,375.500000,260.000000,0.633602,3.638025,0.902103,depth,1
1777901178.458432,-0.283136,0.113992,2.643000,375.641022,260.064117,0.586947,2.845631,0.825086,depth,1
1777901178.469558,-0.285249,0.109194,2.638000,375.207947,259.314972,0.621972,3.060420,0.901910,depth,1
1777901178.480686,-0.285978,0.104012,2.633000,375.000000,258.500000,0.610111,3.051807,0.872687,depth,1
1777901178.491813,-0.287707,0.102245,2.638000,374.806061,258.178802,0.612611,3.176811,0.872687,depth,1
1777901178.502940,-0.287711,0.102162,2.638000,374.805328,258.165344,0.596039,2.787915,0.850703,depth,1
1777901178.514068,-0.290082,0.099544,2.643000,374.507477,257.706482,0.611722,3.030488,0.877782,depth,1
1777901178.525195,-0.288826,0.098623,2.627000,374.425385,257.654236,0.612804,3.084587,0.877782,depth,1
1777901178.536322,-0.292984,0.101966,2.665000,374.428558,257.964294,0.619183,3.188049,0.888554,depth,1
1777901178.547450,-0.295698,0.104876,2.670000,374.078949,258.403503,0.629722,3.397669,0.904421,depth,1
1777901178.558577,-0.292149,0.104774,2.638000,374.079895,258.592285,0.642864,3.719055,0.921206,depth,1
1777901178.569704,-0.295994,0.107636,2.659000,373.833344,258.921204,0.614772,3.284878,0.872687,depth,1
1777901178.580832,-0.293304,0.106220,2.638000,373.890961,258.828674,0.614999,3.042726,0.885361,depth,1
1777901178.591959,-0.294466,0.105203,2.643000,373.792053,258.629974,0.623489,3.136276,0.901910,depth,1
1777901178.603086,-0.295982,0.104132,2.648000,373.635864,258.422974,0.601033,2.933564,0.855904,depth,1
1777901178.614214,-0.298192,0.104604,2.648000,373.275970,258.500000,0.626844,3.075661,0.913326,depth,1
1777901178.625340,-0.297344,0.104748,2.648000,373.414062,258.523438,0.619933,3.292657,0.885201,depth,1
1777901178.636467,-0.299253,0.105421,2.665000,373.414062,258.523438,0.620864,3.339188,0.885201,depth,1
1777901178.647595,-0.296441,0.104693,2.633000,373.286102,258.611542,0.629027,3.182490,0.913444,depth,1
1777901178.658722,-0.295613,0.105174,2.622000,373.218658,258.762665,0.594227,2.697285,0.850703,depth,1
1777901178.669849,-0.295548,0.106820,2.612000,373.043091,259.100586,0.608894,3.480774,0.848196,depth,1
1777901178.680976,-0.303623,0.108074,2.665000,372.706848,258.952728,0.618081,3.110814,0.889663,depth,1
1777901178.692104,-0.301541,0.106055,2.633000,372.450653,258.834656,0.593558,2.663837,0.850703,depth,1
1777901178.703231,-0.303963,0.105985,2.643000,372.242432,258.757568,0.609918,3.090105,0.870289,depth,1
1777901178.714358,-0.303233,0.106658,2.638000,372.267792,258.900299,0.630023,3.686096,0.890753,depth,1
1777901178.725486,-0.304042,0.106431,2.633000,372.040985,258.896179,0.573979,2.715450,0.799174,depth,1
1777901178.736613,-0.308261,0.109021,2.659000,371.843750,259.145844,0.590573,2.759110,0.838478,depth,1
1777901178.747740,-0.309050,0.109264,2.654000,371.621338,259.218658,0.627973,3.417453,0.899059,depth,1
1777901178.758868,-0.304754,0.107453,2.612000,371.523071,259.205139,0.627264,3.382538,0.899032,depth,1
1777901178.769995,-0.309483,0.109321,2.638000,371.245850,259.335693,0.619904,3.201919,0.889663,depth,1
1777901178.781121,-0.311386,0.109247,2.638000,370.934784,259.323669,0.625257,3.183184,0.903984,depth,1
1777901178.792249,-0.314491,0.109017,2.648000,370.621338,259.218658,0.622107,3.124155,0.899059,depth,1
1777901178.803376,-0.313862,0.109721,2.648000,370.723755,259.333344,0.623490,3.415711,0.887939,depth,1
1777901178.814503,-0.315236,0.109973,2.648000,370.500000,259.374451,0.621020,3.248617,0.890119,depth,1
1777901178.825631,-0.314833,0.109465,2.627000,370.155701,259.434204,0.616114,3.234527,0.878559,depth,1
1777901178.836758,-0.315703,0.110243,2.627000,370.012817,259.561951,0.628389,3.385870,0.901679,depth,1
1777901178.847885,-0.315187,0.110465,2.606000,369.680634,259.744507,0.617302,3.115287,0.887491,depth,1
1777901178.859013,-0.320800,0.112437,2.643000,369.494995,259.810394,0.617880,3.144155,0.887491,depth,1
1777901178.870140,-0.322498,0.111436,2.638000,369.118134,259.681427,0.607741,3.006665,0.869020,depth,1
1777901178.881267,-0.322906,0.111246,2.627000,368.830353,259.726532,0.617584,3.129398,0.887491,depth,1
1777901178.892395,-0.325876,0.112490,2.643000,368.666656,259.819061,0.640557,3.427756,0.930005,depth,1
1777901178.903522,-0.327232,0.112959,2.654000,368.666656,259.819061,0.642933,3.546542,0.930005,depth,1
1777901178.914649,-0.327896,0.113097,2.643000,368.337067,259.918060,0.627318,3.573744,0.889608,depth,1
1777901178.925776,-0.328402,0.112686,2.638000,368.152863,259.885834,0.607868,3.212356,0.859051,depth,1
1777901178.936903,-0.328700,0.112845,2.627000,367.879120,259.989014,0.622069,3.257506,0.892298,depth,1
1777901178.948030,-0.328953,0.111967,2.612000,367.527466,259.950562,0.653423,3.969650,0.935074,depth,1
1777901178.959158,-0.329923,0.111706,2.606000,367.241791,259.949921,0.637596,3.559710,0.916005,depth,1
1777901178.970285,-0.336615,0.114084,2.643000,366.914154,260.079132,0.611545,3.162594,0.870732,depth,1
1777901178.981412,-0.338690,0.115443,2.648000,366.679932,260.265350,0.606135,2.853057,0.872685,depth,1
1777901178.992540,-0.337997,0.113067,2.622000,366.247040,260.060913,0.620784,3.162702,0.893824,depth,1
1777901179.003667,-0.342462,0.114610,2.648000,366.065643,260.129639,0.613053,3.238017,0.870732,depth,1
1777901179.014794,-0.342075,0.114740,2.638000,365.917480,260.221680,0.628009,3.282206,0.905913,depth,1
1777901179.025922,-0.343528,0.115007,2.638000,365.679932,260.265350,0.607766,2.934588,0.872685,depth,1
1777901179.037049,-0.346073,0.115452,2.638000,365.263824,260.338074,0.626432,3.325654,0.899796,depth,1
1777901179.048176,-0.346692,0.115433,2.638000,365.162628,260.334930,0.621719,3.431150,0.882739,depth,1
1777901179.059304,-0.345784,0.114634,2.622000,364.966034,260.318756,0.631140,3.438705,0.905913,depth,1
1777901179.070430,-0.349136,0.116250,2.627000,364.524048,260.548065,0.610101,2.987143,0.875895,depth,1
1777901179.081557,-0.352075,0.116884,2.648000,364.500000,260.500000,0.606641,2.982595,0.867472,depth,1
1777901179.092685,-0.350989,0.116429,2.633000,364.351135,260.533966,0.630428,3.403116,0.905913,depth,1
1777901179.103812,-0.352471,0.117132,2.633000,364.108459,260.649109,0.625366,3.442967,0.891268,depth,1
1777901179.114939,-0.351777,0.116700,2.622000,363.980377,260.658508,0.628226,3.468918,0.897118,depth,1
1777901179.126066,-0.355153,0.117452,2.638000,363.779388,260.665070,0.621591,3.424795,0.882739,depth,1
1777901179.137194,-0.354878,0.116910,2.633000,363.714050,260.612732,0.626790,3.397130,0.897118,depth,1
1777901179.148321,-0.356537,0.116838,2.633000,363.442322,260.600952,0.611393,3.051745,0.875895,depth,1
1777901179.159447,-0.359917,0.117622,2.648000,363.222748,260.620178,0.634566,3.434140,0.914709,depth,1
1777901179.170575,-0.355703,0.116245,2.617000,363.222748,260.620178,0.635484,3.480046,0.914709,depth,1
1777901179.181702,-0.358698,0.116834,2.633000,363.088470,260.600311,0.630422,3.525153,0.899796,depth,1
1777901179.192829,-0.362103,0.117149,2.654000,363.000000,260.500000,0.620665,3.491517,0.877086,depth,1
1777901179.203957,-0.360543,0.116443,2.638000,362.898163,260.500000,0.627420,3.498294,0.893635,depth,1
1777901179.215084,-0.359792,0.115794,2.622000,362.661896,260.509521,0.614579,3.042605,0.884317,depth,1
1777901179.226211,-0.361175,0.115957,2.627000,362.547607,260.500000,0.614466,3.036957,0.884317,depth,1
1777901179.237339,-0.360487,0.115736,2.622000,362.547607,260.500000,0.614018,3.014580,0.884317,depth,1
1777901179.248466,-0.363182,0.116064,2.638000,362.466675,260.438110,0.615099,3.068625,0.884317,depth,1
1777901179.259593,-0.364013,0.115998,2.643000,362.443390,260.391510,0.619066,3.098513,0.892739,depth,1
1777901179.270720,-0.363324,0.115779,2.638000,362.443390,260.391510,0.619296,3.110006,0.892739,depth,1
1777901179.281847,-0.363324,0.115779,2.638000,362.443390,260.391510,0.619690,3.129703,0.892739,depth,1
1777901179.292974,-0.366618,0.116390,2.659000,362.378296,260.341095,0.613753,3.117174,0.878524,depth,1
1777901179.304102,-0.363324,0.115779,2.638000,362.443390,260.391510,0.619155,3.102976,0.892739,depth,1
1777901179.315229,-0.364702,0.116218,2.648000,362.443390,260.391510,0.619290,3.109703,0.892739,depth,1
1777901179.326356,-0.371450,0.118368,2.697000,362.443390,260.391510,0.619241,3.107267,0.892739,depth,1
1777901179.337484,-0.360723,0.114989,2.627000,362.621704,260.341095,0.613775,3.118263,0.878524,depth,1
1777901179.348611,-0.365868,0.116782,2.659000,362.500000,260.404755,0.615646,3.095966,0.884317,depth,1
1777901179.359738,-0.364630,0.116648,2.659000,362.700775,260.382935,0.612809,3.069956,0.878524,depth,1
1777901179.370866,-0.362226,0.116043,2.648000,362.846649,260.363068,0.633813,3.524134,0.908325,depth,1
1777901179.381993,-0.364116,0.116875,2.665000,362.917053,260.377167,0.634982,3.582577,0.908325,depth,1
1777901179.393120,-0.361810,0.115615,2.654000,363.047607,260.250793,0.640882,3.574029,0.923504,depth,1
1777901179.404248,-0.361482,0.115748,2.654000,363.100952,260.272430,0.636893,3.550489,0.914709,depth,1
1777901179.415375,-0.360305,0.115832,2.648000,363.159546,260.328583,0.631037,3.555926,0.899796,depth,1
1777901179.426502,-0.359917,0.116146,2.648000,363.222748,260.379822,0.636099,3.510777,0.914709,depth,1
1777901179.437630,-0.357485,0.115452,2.638000,363.398102,260.338074,0.629462,3.477175,0.899796,depth,1
1777901179.448757,-0.358617,0.116248,2.654000,363.566498,260.353668,0.609524,3.069182,0.870352,depth,1
1777901179.459883,-0.362239,0.117533,2.686000,363.679199,260.334900,0.608882,3.037081,0.870352,depth,1
1777901179.471011,-0.358084,0.115525,2.665000,363.893219,260.158569,0.631672,3.465351,0.905913,depth,1
1777901179.482138,-0.361532,0.117443,2.697000,364.029419,260.243469,0.628116,3.463451,0.897118,depth,1
1777901179.493265,-0.353855,0.115269,2.643000,364.100952,260.272430,0.634879,3.449762,0.914709,depth,1
1777901179.504393,-0.354525,0.115487,2.648000,364.100952,260.272430,0.634384,3.425029,0.914709,depth,1
1777901179.515520,-0.356372,0.117014,2.670000,364.278320,260.364075,0.629948,3.379152,0.905913,depth,1
1777901179.526647,-0.357035,0.117466,2.681000,364.407776,260.359222,0.606962,2.998622,0.867473,depth,1
1777901179.537775,-0.359767,0.118657,2.709000,364.566498,260.353668,0.608026,2.994246,0.870352,depth,1
1777901179.548902,-0.352217,0.116167,2.659000,364.714050,260.304901,0.604355,2.974146,0.862180,depth,1
1777901179.560029,-0.354496,0.117062,2.681000,364.816254,260.294312,0.617607,3.396140,0.874210,depth,1
1777901179.571156,-0.350607,0.115681,2.659000,364.975250,260.226074,0.623453,3.406180,0.888323,depth,1
1777901179.582284,-0.350231,0.116544,2.665000,365.164215,260.323578,0.640258,3.410458,0.930121,depth,1
1777901179.593411,-0.353779,0.117725,2.692000,365.164215,260.323578,0.638885,3.341843,0.930121,depth,1
1777901179.604538,-0.346673,0.116080,2.643000,365.273010,260.404755,0.635735,3.316646,0.923504,depth,1
1777901179.615666,-0.346497,0.116583,2.648000,365.408508,260.450989,0.624669,3.291090,0.897118,depth,1
1777901179.626793,-0.348007,0.117337,2.665000,365.524048,260.451935,0.609857,2.974944,0.875895,depth,1
1777901179.637920,-0.344791,0.116579,2.654000,365.813202,260.407410,0.620406,3.365504,0.882739,depth,1
1777901179.649048,-0.345726,0.117694,2.665000,365.893219,260.509705,0.630251,3.394259,0.905913,depth,1
1777901179.660175,-0.344376,0.116686,2.665000,366.111664,260.346466,0.636807,3.419410,0.921047,depth,1
1777901179.671302,-0.341211,0.115582,2.643000,366.164215,260.323578,0.639643,3.379723,0.930121,depth,1
1777901179.682430,-0.341211,0.115582,2.643000,366.164215,260.323578,0.638489,3.322014,0.930121,depth,1
1777901179.693556,-0.338865,0.115825,2.638000,366.442322,260.399048,0.609686,2.966407,0.875895,depth,1
1777901179.704683,-0.340456,0.116390,2.659000,366.621704,260.341095,0.610045,2.931776,0.878524,depth,1
1777901179.715811,-0.341799,0.117052,2.675000,366.735535,260.334900,0.606679,2.926938,0.870352,depth,1
1777901179.726938,-0.340147,0.116431,2.670000,366.899200,260.269928,0.615896,3.310619,0.874210,depth,1
1777901179.738065,-0.339676,0.116159,2.670000,366.975250,260.226074,0.621290,3.298024,0.888323,depth,1
1777901179.749193,-0.340739,0.116502,2.681000,367.029419,260.204254,0.624593,3.287266,0.897118,depth,1
1777901179.760320,-0.336545,0.115068,2.648000,367.029419,260.204254,0.625069,3.311086,0.897118,depth,1
1777901179.771447,-0.336218,0.115175,2.648000,367.082520,260.221680,0.628244,3.293904,0.905913,depth,1
1777901179.782575,-0.336589,0.115749,2.654000,367.146149,260.272583,0.634108,3.284481,0.921047,depth,1
1777901179.793702,-0.340409,0.116611,2.681000,367.082520,260.221680,0.627948,3.279107,0.905913,depth,1
1777901179.804829,-0.335194,0.115270,2.643000,367.146149,260.272583,0.634427,3.300430,0.921047,depth,1
1777901179.815957,-0.337223,0.115967,2.659000,367.146149,260.272583,0.634114,3.284784,0.921047,depth,1
1777901179.827084,-0.339252,0.116665,2.675000,367.146149,260.272583,0.634471,3.302598,0.921047,depth,1
1777901179.838211,-0.335584,0.114958,2.643000,367.082520,260.221680,0.629137,3.338596,0.905913,depth,1
1777901179.849339,-0.336360,0.115301,2.643000,366.955872,260.277771,0.625293,3.322280,0.897118,depth,1
1777901179.860466,-0.336182,0.115344,2.638000,366.880829,260.320465,0.620345,3.362484,0.882739,depth,1
1777901179.871593,-0.338529,0.116273,2.654000,366.830902,260.357727,0.616293,3.330436,0.874210,depth,1
1777901179.882720,-0.344124,0.118468,2.697000,366.813202,260.407410,0.620681,3.379296,0.882739,depth,1
1777901179.893847,-0.339589,0.116657,2.659000,366.762360,260.384369,0.623388,3.344045,0.891268,depth,1
1777901179.904974,-0.341224,0.116653,2.665000,366.621704,260.341095,0.610988,2.978932,0.878524,depth,1
1777901179.916102,-0.339507,0.116045,2.643000,366.442322,260.399048,0.610095,2.986871,0.875895,depth,1
1777901179.927229,-0.341148,0.115861,2.648000,366.279663,260.333344,0.616100,3.003934,0.890052,depth,1
1777901179.938356,-0.340566,0.115364,2.638000,366.164215,260.323578,0.640352,3.415163,0.930121,depth,1
1777901179.949484,-0.340566,0.115364,2.638000,366.164215,260.323578,0.639961,3.395643,0.930121,depth,1
1777901179.960611,-0.341857,0.115801,2.648000,366.164215,260.323578,0.640718,3.433476,0.930121,depth,1
1777901179.971738,-0.350129,0.118147,2.709000,366.100952,260.272430,0.634824,3.447014,0.914709,depth,1
1777901179.982866,-0.347658,0.117796,2.686000,366.020355,260.377167,0.633064,3.486691,0.908325,depth,1
1777901179.993993,-0.343699,0.116326,2.648000,365.864136,260.409149,0.629988,3.503464,0.899796,depth,1
1777901180.005120,-0.343699,0.116326,2.648000,365.864136,260.409149,0.630082,3.508157,0.899796,depth,1
1777901180.016247,-0.343175,0.115808,2.643000,365.843689,260.360443,0.626408,3.495071,0.891268,depth,1
