# which inertial sample is which camera frame, from the hardware trigger
# frame_period_s=0.011127726  (89.865624380 Hz, measured from this session's own trigger pulses -- the camera does not run at 90.000)
# trigger_pulses=5899  pulses_the_imu_missed=0
# t_bar_s is the exposure time in the BAR's clock, the same clock as esp_timestamp_us in imu/raw_imu.csv
# imu_sample is a row index into imu/raw_imu.csv; tagged=0 means the inertial stream missed that pulse and the time is interpolated
frame,video_row,t_bar_s,imu_sample,tagged
0,0,673.200523,4,1
1,1,673.211659,15,1
2,2,673.222793,26,1
3,3,673.233929,37,1
4,4,673.245066,48,1
5,5,673.256201,59,1
6,6,673.267335,70,1
7,7,673.278471,81,1
8,8,673.289606,92,1
9,9,673.300740,103,1
10,10,673.311877,114,1
11,11,673.323010,125,1
12,12,673.334145,136,1
13,13,673.345281,147,1
14,14,673.356418,158,1
15,15,673.367553,169,1
16,16,673.378686,180,1
17,17,673.389824,191,1
18,18,673.400958,202,1
19,19,673.412100,213,1
20,20,673.423230,224,1
21,21,673.434363,235,1
22,22,673.445500,246,1
23,23,673.456634,257,1
24,24,673.467768,268,1
25,25,673.478904,279,1
26,26,673.490040,290,1
27,27,673.501174,301,1
28,28,673.512311,312,1
29,29,673.523446,323,1
30,30,673.534582,334,1
31,31,673.545717,345,1
32,32,673.556851,356,1
33,33,673.567987,367,1
34,34,673.578111,377,1
35,35,673.589246,388,1
36,36,673.600380,399,1
37,37,673.611517,410,1
38,38,673.622650,421,1
39,39,673.633785,432,1
40,40,673.644922,443,1
41,41,673.656058,454,1
42,42,673.667191,465,1
43,43,673.678327,476,1
44,44,673.689463,487,1
45,45,673.700597,498,1
46,46,673.711733,509,1
47,47,673.722869,520,1
48,48,673.734003,531,1
49,49,673.745140,542,1
50,50,673.756275,553,1
51,51,673.767410,564,1
52,52,673.778545,575,1
53,53,673.789679,586,1
54,54,673.800814,597,1
55,55,673.811949,608,1
56,56,673.823094,619,1
57,57,673.834221,630,1
58,58,673.845356,641,1
59,59,673.856493,652,1
60,60,673.867626,663,1
61,61,673.878761,674,1
62,62,673.889897,685,1
63,63,673.901034,696,1
64,64,673.912168,707,1
65,65,673.923304,718,1
66,66,673.934439,729,1
67,67,673.945574,740,1
68,68,673.956710,751,1
69,69,673.967845,762,1
70,70,673.978981,773,1
71,71,673.990115,784,1
72,72,674.001252,795,1
73,73,674.012386,806,1
74,74,674.023520,817,1
75,75,674.034657,828,1
76,76,674.045791,839,1
77,77,674.056927,850,1
78,78,674.068064,861,1
79,79,674.079196,872,1
80,80,674.090333,883,1
81,81,674.101469,894,1
82,82,674.112603,905,1
83,83,674.123738,916,1
84,84,674.134874,927,1
85,85,674.146008,938,1
86,86,674.157144,949,1
87,87,674.168280,960,1
88,88,674.179415,971,1
89,89,674.190549,982,1
90,90,674.201685,993,1
91,91,674.212821,1004,1
92,92,674.223955,1015,1
93,93,674.235097,1026,1
94,94,674.246227,1037,1
95,95,674.257361,1048,1
96,96,674.268498,1059,1
97,97,674.279632,1070,1
98,98,674.290768,1081,1
99,99,674.301903,1092,1
100,100,674.313038,1103,1
101,101,674.324172,1114,1
102,102,674.335309,1125,1
103,103,674.346444,1136,1
104,104,674.357578,1147,1
105,105,674.368713,1158,1
106,106,674.379851,1169,1
107,107,674.390984,1180,1
108,108,674.402119,1191,1
109,109,674.413254,1202,1
110,110,674.424391,1213,1
111,111,674.435524,1224,1
112,112,674.446662,1235,1
113,113,674.457797,1246,1
114,114,674.468933,1257,1
115,115,674.480066,1268,1
116,116,674.491201,1279,1
117,117,674.502338,1290,1
118,118,674.513472,1301,1
119,119,674.524609,1312,1
120,120,674.535744,1323,1
121,121,674.546879,1334,1
122,122,674.558014,1345,1
123,123,674.569150,1356,1
124,124,674.580284,1367,1
125,125,674.591420,1378,1
126,126,674.602555,1389,1
127,127,674.613691,1400,1
128,128,674.624826,1411,1
129,129,674.635960,1422,1
130,130,674.647100,1433,1
131,131,674.658231,1444,1
132,132,674.669365,1455,1
133,133,674.680501,1466,1
134,134,674.691637,1477,1
135,135,674.702773,1488,1
136,136,674.713909,1499,1
137,137,674.725044,1510,1
138,138,674.736179,1521,1
139,139,674.747313,1532,1
140,140,674.758449,1543,1
141,141,674.769584,1554,1
142,142,674.780718,1565,1
143,143,674.791855,1576,1
144,144,674.802988,1587,1
145,145,674.814125,1598,1
146,146,674.825261,1609,1
147,147,674.836394,1620,1
148,148,674.847531,1631,1
149,149,674.858666,1642,1
150,150,674.869803,1653,1
151,151,674.880936,1664,1
152,152,674.892072,1675,1
153,153,674.903208,1686,1
154,154,674.914343,1697,1
155,155,674.925479,1708,1
156,156,674.936612,1719,1
157,157,674.947749,1730,1
158,158,674.958884,1741,1
159,159,674.970020,1752,1
160,160,674.981155,1763,1
161,161,674.992290,1774,1
162,162,675.003426,1785,1
163,163,675.014559,1796,1
164,164,675.025696,1807,1
165,165,675.036830,1818,1
166,166,675.047965,1829,1
167,167,675.059102,1840,1
168,168,675.070237,1851,1
169,169,675.080360,1861,1
170,170,675.091494,1872,1
171,171,675.102631,1883,1
172,172,675.113764,1894,1
173,173,675.124900,1905,1
174,174,675.136036,1916,1
175,175,675.147170,1927,1
176,176,675.158305,1938,1
177,177,675.169441,1949,1
178,178,675.180576,1960,1
179,179,675.191711,1971,1
180,180,675.202846,1982,1
181,181,675.213983,1993,1
182,182,675.225118,2004,1
183,183,675.236252,2015,1
184,184,675.247388,2026,1
185,185,675.258524,2037,1
186,186,675.269660,2048,1
187,187,675.280794,2059,1
188,188,675.291930,2070,1
189,189,675.303066,2081,1
190,190,675.314199,2092,1
191,191,675.325335,2103,1
192,192,675.336471,2114,1
193,193,675.347606,2125,1
194,194,675.358741,2136,1
195,195,675.369877,2147,1
196,196,675.381013,2158,1
197,197,675.392147,2169,1
198,198,675.403283,2180,1
199,199,675.414417,2191,1
200,200,675.425554,2202,1
201,201,675.436689,2213,1
202,202,675.447824,2224,1
203,203,675.458957,2235,1
204,204,675.470099,2246,1
205,205,675.481229,2257,1
206,206,675.492366,2268,1
207,207,675.503499,2279,1
208,208,675.514635,2290,1
209,209,675.525769,2301,1
210,210,675.536907,2312,1
211,211,675.548040,2323,1
212,212,675.559177,2334,1
213,213,675.570310,2345,1
214,214,675.581445,2356,1
215,215,675.592582,2367,1
216,216,675.603717,2378,1
217,217,675.614853,2389,1
218,218,675.625988,2400,1
219,219,675.637121,2411,1
220,220,675.648258,2422,1
221,221,675.659393,2433,1
222,222,675.670530,2444,1
223,223,675.681665,2455,1
224,224,675.692798,2466,1
225,225,675.703934,2477,1
226,226,675.715787,2487,1
227,227,675.726204,2498,1
228,228,675.737340,2509,1
229,229,675.748474,2520,1
230,230,675.759611,2531,1
231,231,675.770746,2542,1
232,232,675.781881,2553,1
233,233,675.793017,2564,1
234,234,675.804153,2575,1
235,235,675.815286,2586,1
236,236,675.826422,2597,1
237,237,675.837558,2608,1
238,238,675.848692,2619,1
239,239,675.859828,2630,1
240,240,675.870962,2641,1
241,241,675.882099,2652,1
242,242,675.893235,2663,1
243,243,675.904369,2674,1
244,244,675.915506,2685,1
245,245,675.926640,2696,1
246,246,675.937775,2707,1
247,247,675.948911,2718,1
248,248,675.960047,2729,1
249,249,675.971181,2740,1
250,250,675.982316,2751,1
251,251,675.993452,2762,1
252,252,676.004587,2773,1
253,253,676.015722,2784,1
254,254,676.026856,2795,1
255,255,676.037991,2806,1
256,256,676.049128,2817,1
257,257,676.060262,2828,1
258,258,676.071400,2839,1
259,259,676.082533,2850,1
260,260,676.093668,2861,1
261,261,676.104803,2872,1
262,262,676.115938,2883,1
263,263,676.127076,2894,1
264,264,676.138210,2905,1
265,265,676.149347,2916,1
266,266,676.160481,2927,1
267,267,676.171617,2938,1
268,268,676.182751,2949,1
269,269,676.193885,2960,1
270,270,676.205023,2971,1
271,271,676.216156,2982,1
272,272,676.227291,2993,1
273,273,676.238428,3004,1
274,274,676.249562,3015,1
275,275,676.260697,3026,1
276,276,676.271833,3037,1
277,277,676.282970,3048,1
278,278,676.294105,3059,1
279,279,676.305238,3070,1
280,280,676.316373,3081,1
281,281,676.327510,3092,1
282,282,676.338644,3103,1
283,283,676.349781,3114,1
284,284,676.360915,3125,1
285,285,676.372050,3136,1
286,286,676.383187,3147,1
287,287,676.394321,3158,1
288,288,676.405455,3169,1
289,289,676.416592,3180,1
290,290,676.427728,3191,1
291,291,676.438862,3202,1
292,292,676.449996,3213,1
293,293,676.461133,3224,1
294,294,676.472267,3235,1
295,295,676.483403,3246,1
296,296,676.494539,3257,1
297,297,676.505674,3268,1
298,298,676.516808,3279,1
299,299,676.527946,3290,1
300,300,676.539080,3301,1
301,301,676.550216,3312,1
302,302,676.561349,3323,1
303,303,676.572486,3334,1
304,304,676.582608,3344,1
305,305,676.593743,3355,1
306,306,676.604879,3366,1
307,307,676.616014,3377,1
308,308,676.627149,3388,1
309,309,676.638285,3399,1
310,310,676.649420,3410,1
311,311,676.660554,3421,1
312,312,676.671692,3432,1
313,313,676.682826,3443,1
314,314,676.693961,3454,1
315,315,676.705098,3465,1
316,316,676.716232,3476,1
317,317,676.727368,3487,1
318,318,676.738502,3498,1
319,319,676.749637,3509,1
320,320,676.760773,3520,1
321,321,676.771907,3531,1
322,322,676.783045,3542,1
323,323,676.794177,3553,1
324,324,676.805313,3564,1
325,325,676.816448,3575,1
326,326,676.827586,3586,1
327,327,676.838719,3597,1
328,-1,676.849856,3608,1
329,328,676.860991,3619,1
330,329,676.872127,3630,1
331,330,676.883262,3641,1
332,331,676.894396,3652,1
333,332,676.905532,3663,1
334,333,676.916666,3674,1
335,334,676.927802,3685,1
336,335,676.938938,3696,1
337,336,676.950072,3707,1
338,337,676.961209,3718,1
339,338,676.972342,3729,1
340,339,676.983479,3740,1
341,340,676.994614,3751,1
342,341,677.005749,3762,1
343,342,677.016885,3773,1
344,343,677.028019,3784,1
345,344,677.039156,3795,1
346,345,677.050289,3806,1
347,346,677.061426,3817,1
348,347,677.072560,3828,1
349,348,677.083697,3839,1
350,349,677.094830,3850,1
351,350,677.105967,3861,1
352,351,677.117101,3872,1
353,352,677.128238,3883,1
354,353,677.139372,3894,1
355,354,677.150508,3905,1
356,355,677.161641,3916,1
357,356,677.172779,3927,1
358,357,677.183914,3938,1
359,358,677.195050,3949,1
360,359,677.206185,3960,1
361,360,677.217319,3971,1
362,361,677.228455,3982,1
363,362,677.239589,3993,1
364,363,677.250725,4004,1
365,364,677.261860,4015,1
366,365,677.272996,4026,1
367,366,677.284132,4037,1
368,367,677.295267,4048,1
369,368,677.306400,4059,1
370,369,677.317535,4070,1
371,370,677.328672,4081,1
372,371,677.339806,4092,1
373,372,677.350942,4103,1
374,373,677.362078,4114,1
375,374,677.373214,4125,1
376,375,677.384348,4136,1
377,376,677.395483,4147,1
378,377,677.406619,4158,1
379,378,677.417754,4169,1
380,379,677.428889,4180,1
381,380,677.440024,4191,1
382,381,677.451160,4202,1
383,382,677.462295,4213,1
384,383,677.473429,4224,1
385,384,677.484566,4235,1
386,385,677.495701,4246,1
387,386,677.506837,4257,1
388,387,677.517970,4268,1
389,388,677.529107,4279,1
390,389,677.540243,4290,1
391,390,677.551376,4301,1
392,391,677.562512,4312,1
393,392,677.573647,4323,1
394,393,677.584783,4334,1
395,394,677.595917,4345,1
396,395,677.607053,4356,1
397,396,677.618188,4367,1
398,397,677.629323,4378,1
399,398,677.640458,4389,1
400,399,677.651596,4400,1
401,400,677.662728,4411,1
402,401,677.673866,4422,1
403,402,677.685000,4433,1
404,403,677.696136,4444,1
405,404,677.707270,4455,1
406,405,677.718405,4466,1
407,406,677.729542,4477,1
408,407,677.740675,4488,1
409,408,677.751812,4499,1
410,409,677.762947,4510,1
411,410,677.774081,4521,1
412,411,677.785216,4532,1
413,412,677.796352,4543,1
414,413,677.807487,4554,1
415,414,677.818624,4565,1
416,415,677.829758,4576,1
417,416,677.840895,4587,1
418,417,677.852028,4598,1
419,418,677.863164,4609,1
420,419,677.874300,4620,1
421,420,677.885435,4631,1
422,421,677.896570,4642,1
423,422,677.907705,4653,1
424,423,677.918841,4664,1
425,424,677.929975,4675,1
426,425,677.941110,4686,1
427,426,677.952247,4697,1
428,427,677.963382,4708,1
429,428,677.974518,4719,1
430,429,677.985653,4730,1
431,430,677.996787,4741,1
432,431,678.007924,4752,1
433,432,678.019060,4763,1
434,433,678.030192,4774,1
435,434,678.041328,4785,1
436,435,678.052463,4796,1
437,436,678.063599,4807,1
438,437,678.074733,4818,1
439,438,678.084857,4828,1
440,439,678.095993,4839,1
441,440,678.107128,4850,1
442,441,678.118264,4861,1
443,442,678.129399,4872,1
444,443,678.140535,4883,1
445,444,678.151670,4894,1
446,445,678.162805,4905,1
447,446,678.173939,4916,1
448,447,678.185076,4927,1
449,448,678.196209,4938,1
450,449,678.207344,4949,1
451,450,678.218481,4960,1
452,451,678.229617,4971,1
453,452,678.240751,4982,1
454,453,678.251886,4993,1
455,454,678.263022,5004,1
456,455,678.274156,5015,1
457,456,678.285293,5026,1
458,457,678.296427,5037,1
459,458,678.307563,5048,1
460,459,678.318699,5059,1
461,460,678.329834,5070,1
462,461,678.340967,5081,1
463,462,678.352104,5092,1
464,463,678.363238,5103,1
465,464,678.374373,5114,1
466,465,678.385509,5125,1
467,466,678.396645,5136,1
468,467,678.407781,5147,1
469,468,678.418916,5158,1
470,469,678.430051,5169,1
471,470,678.441185,5180,1
472,471,678.452321,5191,1
473,472,678.463456,5202,1
474,473,678.474592,5213,1
475,474,678.485728,5224,1
476,475,678.496863,5235,1
477,476,678.507998,5246,1
478,477,678.519133,5257,1
479,478,678.530269,5268,1
480,479,678.541402,5279,1
481,480,678.552539,5290,1
482,481,678.563673,5301,1
483,482,678.574810,5312,1
484,483,678.585945,5323,1
485,484,678.597081,5334,1
486,485,678.608216,5345,1
487,486,678.619350,5356,1
488,487,678.630485,5367,1
489,488,678.641621,5378,1
490,489,678.652755,5389,1
491,490,678.663890,5400,1
492,491,678.675026,5411,1
493,492,678.686160,5422,1
494,493,678.697298,5433,1
495,494,678.708433,5444,1
496,495,678.719567,5455,1
497,496,678.730703,5466,1
498,497,678.741837,5477,1
499,498,678.752975,5488,1
500,499,678.764108,5499,1
501,500,678.775244,5510,1
502,501,678.786380,5521,1
503,502,678.797513,5532,1
504,503,678.808649,5543,1
505,504,678.819785,5554,1
506,505,678.830921,5565,1
507,506,678.842057,5576,1
508,507,678.853190,5587,1
509,508,678.864325,5598,1
510,509,678.875462,5609,1
511,510,678.886597,5620,1
512,511,678.897733,5631,1
513,512,678.908866,5642,1
514,513,678.920001,5653,1
515,514,678.931138,5664,1
516,515,678.942272,5675,1
517,516,678.953409,5686,1
518,517,678.964543,5697,1
519,518,678.975679,5708,1
520,519,678.986813,5719,1
521,520,678.997949,5730,1
522,521,679.009097,5741,1
523,522,679.020220,5752,1
524,523,679.031355,5763,1
525,524,679.042489,5774,1
526,525,679.053626,5785,1
527,526,679.064762,5796,1
528,527,679.075897,5807,1
529,528,679.087030,5818,1
530,529,679.098166,5829,1
531,530,679.109301,5840,1
532,531,679.120436,5851,1
533,532,679.131573,5862,1
534,533,679.142709,5873,1
535,534,679.153842,5884,1
536,535,679.164977,5895,1
537,536,679.176114,5906,1
538,537,679.187248,5917,1
539,538,679.198385,5928,1
540,539,679.209520,5939,1
541,540,679.220656,5950,1
542,541,679.231789,5961,1
543,542,679.242926,5972,1
544,543,679.254062,5983,1
545,544,679.265197,5994,1
546,545,679.276331,6005,1
547,546,679.287465,6016,1
548,547,679.298602,6027,1
549,548,679.309736,6038,1
550,549,679.320873,6049,1
551,550,679.332008,6060,1
552,551,679.343143,6071,1
553,552,679.354277,6082,1
554,553,679.365414,6093,1
555,554,679.376549,6104,1
556,555,679.387684,6115,1
557,556,679.398818,6126,1
558,557,679.409955,6137,1
559,558,679.421096,6148,1
560,559,679.432225,6159,1
561,560,679.443360,6170,1
562,561,679.454496,6181,1
563,562,679.465629,6192,1
564,563,679.476766,6203,1
565,564,679.487902,6214,1
566,565,679.499036,6225,1
567,566,679.510171,6236,1
568,567,679.521308,6247,1
569,568,679.532443,6258,1
570,569,679.543579,6269,1
571,570,679.554714,6280,1
572,571,679.565846,6291,1
573,572,679.576982,6302,1
574,573,679.587105,6312,1
575,574,679.598242,6323,1
576,575,679.609378,6334,1
577,576,679.620511,6345,1
578,577,679.631647,6356,1
579,578,679.642782,6367,1
580,579,679.653916,6378,1
581,580,679.665055,6389,1
582,581,679.676187,6400,1
583,582,679.687322,6411,1
584,583,679.698459,6422,1
585,584,679.709594,6433,1
586,585,679.720729,6444,1
587,586,679.731865,6455,1
588,587,679.743000,6466,1
589,588,679.754135,6477,1
590,589,679.765272,6488,1
591,590,679.776404,6499,1
592,591,679.787541,6510,1
593,592,679.798677,6521,1
594,593,679.809810,6532,1
595,594,679.820946,6543,1
596,595,679.832080,6554,1
597,596,679.843217,6565,1
598,597,679.854352,6576,1
599,598,679.865488,6587,1
600,599,679.876621,6598,1
601,600,679.887759,6609,1
602,601,679.898892,6620,1
603,602,679.910029,6631,1
604,603,679.921163,6642,1
605,604,679.932300,6653,1
606,605,679.943435,6664,1
607,606,679.954571,6675,1
608,607,679.965704,6686,1
609,608,679.976839,6697,1
610,609,679.987974,6708,1
611,610,679.999112,6719,1
612,611,680.010246,6730,1
613,612,680.021382,6741,1
614,613,680.032516,6752,1
615,614,680.043652,6763,1
616,615,680.054787,6774,1
617,616,680.065923,6785,1
618,617,680.077058,6796,1
619,618,680.088192,6807,1
620,619,680.099329,6818,1
621,620,680.110464,6829,1
622,621,680.121598,6840,1
623,622,680.132733,6851,1
624,623,680.143868,6862,1
625,624,680.155003,6873,1
626,625,680.166138,6884,1
627,626,680.177276,6895,1
628,627,680.188409,6906,1
629,628,680.199544,6917,1
630,629,680.210680,6928,1
631,630,680.221817,6939,1
632,631,680.232951,6950,1
633,632,680.244094,6961,1
634,633,680.255222,6972,1
635,634,680.266357,6983,1
636,635,680.277491,6994,1
637,636,680.288629,7005,1
638,637,680.299764,7016,1
639,638,680.310899,7027,1
640,639,680.322032,7038,1
641,640,680.333169,7049,1
642,641,680.344303,7060,1
643,642,680.355440,7071,1
644,643,680.366576,7082,1
645,644,680.377710,7093,1
646,645,680.388845,7104,1
647,646,680.399980,7115,1
648,647,680.411117,7126,1
649,648,680.422249,7137,1
650,649,680.433385,7148,1
651,650,680.444522,7159,1
652,651,680.455655,7170,1
653,652,680.466792,7181,1
654,653,680.477928,7192,1
655,654,680.489063,7203,1
656,655,680.500197,7214,1
657,656,680.511332,7225,1
658,657,680.522469,7236,1
659,658,680.533603,7247,1
660,659,680.544739,7258,1
661,660,680.555874,7269,1
662,661,680.567009,7280,1
663,662,680.578145,7291,1
664,663,680.589280,7302,1
665,664,680.600416,7313,1
666,665,680.611550,7324,1
667,666,680.622684,7335,1
668,667,680.633820,7346,1
669,668,680.644958,7357,1
670,669,680.656097,7368,1
671,670,680.667227,7379,1
672,671,680.678362,7390,1
673,672,680.689496,7401,1
674,673,680.700633,7412,1
675,674,680.711768,7423,1
676,675,680.722903,7434,1
677,676,680.734039,7445,1
678,677,680.745173,7456,1
679,678,680.756310,7467,1
680,679,680.767443,7478,1
681,680,680.778580,7489,1
682,681,680.789715,7500,1
683,682,680.800849,7511,1
684,683,680.811986,7522,1
685,684,680.823120,7533,1
686,685,680.834256,7544,1
687,686,680.845390,7555,1
688,687,680.856526,7566,1
689,688,680.867662,7577,1
690,689,680.878795,7588,1
691,690,680.889931,7599,1
692,691,680.901067,7610,1
693,692,680.912202,7621,1
694,693,680.923338,7632,1
695,694,680.934472,7643,1
696,695,680.945608,7654,1
697,696,680.956744,7665,1
698,697,680.967878,7676,1
699,698,680.979013,7687,1
700,699,680.990150,7698,1
701,700,681.001284,7709,1
702,701,681.012419,7720,1
703,702,681.023555,7731,1
704,703,681.034692,7742,1
705,704,681.045826,7753,1
706,705,681.056962,7764,1
707,706,681.068099,7775,1
708,707,681.079233,7786,1
709,708,681.089356,7796,1
710,709,681.100489,7807,1
711,710,681.111626,7818,1
712,711,681.122762,7829,1
713,712,681.133897,7840,1
714,713,681.145030,7851,1
715,714,681.156165,7862,1
716,715,681.167302,7873,1
717,716,681.178437,7884,1
718,717,681.189573,7895,1
719,718,681.200706,7906,1
720,719,681.211842,7917,1
721,720,681.222979,7928,1
722,721,681.234112,7939,1
723,722,681.245247,7950,1
724,723,681.256385,7961,1
725,724,681.267520,7972,1
726,725,681.278655,7983,1
727,726,681.289790,7994,1
728,727,681.300925,8005,1
729,728,681.312061,8016,1
730,729,681.323196,8027,1
731,730,681.334330,8038,1
732,731,681.345466,8049,1
733,732,681.356601,8060,1
734,733,681.367737,8071,1
735,734,681.378873,8082,1
736,735,681.390006,8093,1
737,736,681.401142,8104,1
738,737,681.412278,8115,1
739,738,681.423414,8126,1
740,739,681.434547,8137,1
741,740,681.445683,8148,1
742,741,681.456819,8159,1
743,742,681.467955,8170,1
744,743,681.479097,8181,1
745,744,681.490226,8192,1
746,745,681.501359,8203,1
747,746,681.512494,8214,1
748,747,681.523630,8225,1
749,748,681.534764,8236,1
750,749,681.545900,8247,1
751,750,681.557037,8258,1
752,751,681.568170,8269,1
753,752,681.579307,8280,1
754,753,681.590440,8291,1
755,754,681.601578,8302,1
756,755,681.612712,8313,1
757,756,681.623847,8324,1
758,757,681.634984,8335,1
759,758,681.646119,8346,1
760,759,681.657253,8357,1
761,760,681.668389,8368,1
762,761,681.679525,8379,1
763,762,681.690658,8390,1
764,763,681.701795,8401,1
765,764,681.712929,8412,1
766,765,681.724064,8423,1
767,766,681.735200,8434,1
768,767,681.746334,8445,1
769,768,681.757471,8456,1
770,769,681.768607,8467,1
771,770,681.779742,8478,1
772,771,681.790875,8489,1
773,772,681.802013,8500,1
774,773,681.813148,8511,1
775,774,681.824284,8522,1
776,775,681.835419,8533,1
777,776,681.846553,8544,1
778,777,681.857687,8555,1
779,778,681.868823,8566,1
780,779,681.879959,8577,1
781,780,681.891100,8588,1
782,781,681.902228,8599,1
783,782,681.913365,8610,1
784,783,681.924500,8621,1
785,784,681.935634,8632,1
786,785,681.946771,8643,1
787,786,681.957904,8654,1
788,787,681.969042,8665,1
789,788,681.980177,8676,1
790,789,681.991312,8687,1
791,790,682.002448,8698,1
792,791,682.013581,8709,1
793,792,682.024717,8720,1
794,793,682.035853,8731,1
795,794,682.046988,8742,1
796,795,682.058122,8753,1
797,796,682.069259,8764,1
798,797,682.080394,8775,1
799,798,682.091529,8786,1
800,799,682.102664,8797,1
801,800,682.113799,8808,1
802,801,682.124936,8819,1
803,802,682.136071,8830,1
804,803,682.147204,8841,1
805,804,682.158339,8852,1
806,805,682.169477,8863,1
807,806,682.180611,8874,1
808,807,682.191745,8885,1
809,808,682.202880,8896,1
810,809,682.214018,8907,1
811,810,682.225153,8918,1
812,811,682.236289,8929,1
813,812,682.247421,8940,1
814,813,682.258559,8951,1
815,814,682.269693,8962,1
816,815,682.280828,8973,1
817,816,682.291962,8984,1
818,817,682.303099,8995,1
819,818,682.314233,9006,1
820,819,682.325370,9017,1
821,820,682.336504,9028,1
822,821,682.347640,9039,1
823,822,682.358776,9050,1
824,823,682.369911,9061,1
825,824,682.381046,9072,1
826,825,682.392181,9083,1
827,826,682.403316,9094,1
828,827,682.414450,9105,1
829,828,682.425586,9116,1
830,829,682.436723,9127,1
831,830,682.447858,9138,1
832,831,682.458994,9149,1
833,832,682.470129,9160,1
834,833,682.481262,9171,1
835,834,682.492399,9182,1
836,835,682.503532,9193,1
837,836,682.514668,9204,1
838,837,682.525805,9215,1
839,838,682.536940,9226,1
840,839,682.548076,9237,1
841,840,682.559209,9248,1
842,841,682.570346,9259,1
843,842,682.581481,9270,1
844,843,682.591605,9280,1
845,844,682.602739,9291,1
846,845,682.613875,9302,1
847,846,682.625008,9313,1
848,847,682.636146,9324,1
849,848,682.647278,9335,1
850,849,682.658416,9346,1
851,850,682.669551,9357,1
852,851,682.680687,9368,1
853,852,682.691821,9379,1
854,853,682.702957,9390,1
855,854,682.714097,9401,1
856,855,682.725226,9412,1
857,856,682.736363,9423,1
858,857,682.747498,9434,1
859,858,682.758633,9445,1
860,859,682.769769,9456,1
861,860,682.780904,9467,1
862,861,682.792037,9478,1
863,862,682.803175,9489,1
864,863,682.814308,9500,1
865,864,682.825443,9511,1
866,865,682.836581,9522,1
867,866,682.847713,9533,1
868,867,682.858850,9544,1
869,868,682.869986,9555,1
870,869,682.881121,9566,1
871,870,682.892254,9577,1
872,871,682.903390,9588,1
873,872,682.914526,9599,1
874,873,682.925662,9610,1
875,874,682.936797,9621,1
876,875,682.947931,9632,1
877,876,682.959066,9643,1
878,877,682.970201,9654,1
879,878,682.981338,9665,1
880,879,682.992473,9676,1
881,880,683.003609,9687,1
882,881,683.014744,9698,1
883,882,683.025880,9709,1
884,883,683.037014,9720,1
885,884,683.048149,9731,1
886,885,683.059286,9742,1
887,886,683.070419,9753,1
888,887,683.081554,9764,1
889,888,683.092691,9775,1
890,889,683.103825,9786,1
891,890,683.114962,9797,1
892,891,683.126099,9808,1
893,892,683.137231,9819,1
894,893,683.148368,9830,1
895,894,683.159503,9841,1
896,895,683.170637,9852,1
897,896,683.181771,9863,1
898,897,683.192908,9874,1
899,898,683.204042,9885,1
900,899,683.215179,9896,1
901,900,683.226315,9907,1
902,901,683.237447,9918,1
903,902,683.248584,9929,1
904,903,683.259718,9940,1
905,904,683.270855,9951,1
906,905,683.281989,9962,1
907,906,683.293124,9973,1
908,907,683.304261,9984,1
909,908,683.315396,9995,1
910,909,683.326532,10006,1
911,910,683.337667,10017,1
912,911,683.348801,10028,1
913,912,683.359936,10039,1
914,913,683.371071,10050,1
915,914,683.382207,10061,1
916,915,683.393343,10072,1
917,916,683.404479,10083,1
918,917,683.415613,10094,1
919,918,683.426748,10105,1
920,919,683.437885,10116,1
921,920,683.449019,10127,1
922,921,683.460153,10138,1
923,922,683.471290,10149,1
924,923,683.482424,10160,1
925,924,683.493560,10171,1
926,925,683.504695,10182,1
927,926,683.515832,10193,1
928,927,683.526964,10204,1
929,928,683.538101,10215,1
930,929,683.549235,10226,1
931,930,683.560372,10237,1
932,931,683.571505,10248,1
933,932,683.582641,10259,1
934,933,683.593778,10270,1
935,934,683.604914,10281,1
936,935,683.616048,10292,1
937,936,683.627184,10303,1
938,937,683.638319,10314,1
939,938,683.649452,10325,1
940,939,683.660588,10336,1
941,940,683.671725,10347,1
942,941,683.682860,10358,1
943,942,683.693995,10369,1
944,943,683.705130,10380,1
945,944,683.716264,10391,1
946,945,683.727400,10402,1
947,946,683.738536,10413,1
948,947,683.749672,10424,1
949,948,683.760806,10435,1
950,949,683.771941,10446,1
951,950,683.783078,10457,1
952,951,683.794213,10468,1
953,952,683.805349,10479,1
954,953,683.816483,10490,1
955,954,683.827619,10501,1
956,955,683.838752,10512,1
957,956,683.849889,10523,1
958,957,683.861025,10534,1
959,958,683.872158,10545,1
960,959,683.883293,10556,1
961,960,683.894431,10567,1
962,961,683.905563,10578,1
963,962,683.916701,10589,1
964,963,683.927834,10600,1
965,964,683.938971,10611,1
966,965,683.950106,10622,1
967,966,683.961241,10633,1
968,967,683.972377,10644,1
969,968,683.983513,10655,1
970,969,683.994646,10666,1
971,970,684.005783,10677,1
972,971,684.016918,10688,1
973,972,684.028054,10699,1
974,973,684.039188,10710,1
975,974,684.050323,10721,1
976,975,684.061457,10732,1
977,976,684.072594,10743,1
978,977,684.083729,10754,1
979,978,684.094865,10765,1
980,979,684.104987,10775,1
981,980,684.116122,10786,1
982,981,684.127258,10797,1
983,982,684.138393,10808,1
984,983,684.149529,10819,1
985,984,684.160664,10830,1
986,985,684.171800,10841,1
987,986,684.182934,10852,1
988,987,684.194070,10863,1
989,988,684.205206,10874,1
990,989,684.216341,10885,1
991,990,684.227474,10896,1
992,991,684.238611,10907,1
993,992,684.249745,10918,1
994,993,684.260880,10929,1
995,994,684.272017,10940,1
996,995,684.283152,10951,1
997,996,684.294286,10962,1
998,997,684.305421,10973,1
999,998,684.316557,10984,1
1000,999,684.327693,10995,1
1001,1000,684.338827,11006,1
1002,1001,684.349964,11017,1
1003,1002,684.361099,11028,1
1004,1003,684.372233,11039,1
1005,1004,684.383369,11050,1
1006,1005,684.394506,11061,1
1007,1006,684.405640,11072,1
1008,1007,684.416776,11083,1
1009,1008,684.427911,11094,1
1010,1009,684.439046,11105,1
1011,1010,684.450181,11116,1
1012,1011,684.461317,11127,1
1013,1012,684.472452,11138,1
1014,1013,684.483585,11149,1
1015,1014,684.494723,11160,1
1016,1015,684.505858,11171,1
1017,1016,684.516993,11182,1
1018,1017,684.528127,11193,1
1019,1018,684.539264,11204,1
1020,1019,684.550397,11215,1
1021,1020,684.561533,11226,1
1022,1021,684.572670,11237,1
1023,1022,684.583803,11248,1
1024,1023,684.594940,11259,1
1025,1024,684.606075,11270,1
1026,1025,684.617210,11281,1
1027,1026,684.628346,11292,1
1028,1027,684.639481,11303,1
1029,1028,684.650616,11314,1
1030,1029,684.661752,11325,1
1031,1030,684.672885,11336,1
1032,1031,684.684022,11347,1
1033,1032,684.695157,11358,1
1034,1033,684.706290,11369,1
1035,1034,684.717426,11380,1
1036,1035,684.728561,11391,1
1037,1036,684.739699,11402,1
1038,1037,684.750833,11413,1
1039,1038,684.761967,11424,1
1040,1039,684.773102,11435,1
1041,1040,684.784239,11446,1
1042,1041,684.795373,11457,1
1043,1042,684.806509,11468,1
1044,1043,684.817645,11479,1
1045,1044,684.828781,11490,1
1046,1045,684.839915,11501,1
1047,1046,684.851052,11512,1
1048,1047,684.862187,11523,1
1049,1048,684.873320,11534,1
1050,1049,684.884457,11545,1
1051,1050,684.895592,11556,1
1052,1051,684.906727,11567,1
1053,1052,684.917862,11578,1
1054,1053,684.928998,11589,1
1055,1054,684.940131,11600,1
1056,1055,684.951268,11611,1
1057,1056,684.962403,11622,1
1058,1057,684.973539,11633,1
1059,1058,684.984675,11644,1
1060,1059,684.995810,11655,1
1061,1060,685.006944,11666,1
1062,1061,685.018079,11677,1
1063,1062,685.029216,11688,1
1064,1063,685.040352,11699,1
1065,1064,685.051485,11710,1
1066,1065,685.062621,11721,1
1067,1066,685.073756,11732,1
1068,1067,685.084890,11743,1
1069,1068,685.096027,11754,1
1070,1069,685.107162,11765,1
1071,1070,685.118297,11776,1
1072,1071,685.129432,11787,1
1073,1072,685.140568,11798,1
1074,1073,685.151703,11809,1
1075,1074,685.162839,11820,1
1076,1075,685.173973,11831,1
1077,1076,685.185109,11842,1
1078,1077,685.196243,11853,1
1079,1078,685.207380,11864,1
1080,1079,685.218515,11875,1
1081,1080,685.229651,11886,1
1082,1081,685.240786,11897,1
1083,1082,685.251920,11908,1
1084,1083,685.263057,11919,1
1085,1084,685.274189,11930,1
1086,1085,685.285324,11941,1
1087,1086,685.296462,11952,1
1088,1087,685.307598,11963,1
1089,1088,685.318733,11974,1
1090,1089,685.329866,11985,1
1091,1090,685.341002,11996,1
1092,1091,685.352138,12007,1
1093,1092,685.363272,12018,1
1094,1093,685.374407,12029,1
1095,1094,685.385542,12040,1
1096,1095,685.396679,12051,1
1097,1096,685.407815,12062,1
1098,1097,685.418948,12073,1
1099,1098,685.430096,12084,1
1100,1099,685.441220,12095,1
1101,1100,685.452354,12106,1
1102,1101,685.463490,12117,1
1103,1102,685.474626,12128,1
1104,1103,685.485759,12139,1
1105,1104,685.496896,12150,1
1106,1105,685.508030,12161,1
1107,1106,685.519168,12172,1
1108,1107,685.530300,12183,1
1109,1108,685.541436,12194,1
1110,1109,685.552573,12205,1
1111,1110,685.563708,12216,1
1112,1111,685.574842,12227,1
1113,1112,685.585977,12238,1
1114,1113,685.597115,12249,1
1115,1114,685.607237,12259,1
1116,1115,685.618371,12270,1
1117,1116,685.629507,12281,1
1118,1117,685.640643,12292,1
1119,1118,685.651778,12303,1
1120,1119,685.662913,12314,1
1121,1120,685.674049,12325,1
1122,1121,685.685183,12336,1
1123,1122,685.696320,12347,1
1124,1123,685.707454,12358,1
1125,1124,685.718590,12368,1
1126,1125,685.729723,12379,1
1127,1126,685.740860,12390,1
1128,1127,685.751995,12401,1
1129,1128,685.763130,12412,1
1130,1129,685.774265,12423,1
1131,1130,685.785400,12434,1
1132,1131,685.796536,12445,1
1133,1132,685.807670,12456,1
1134,1133,685.818807,12467,1
1135,-1,685.829943,12478,1
1136,1134,685.841077,12489,1
1137,1135,685.852211,12500,1
1138,1136,685.863348,12511,1
1139,1137,685.874481,12522,1
1140,1138,685.885618,12533,1
1141,1139,685.896752,12544,1
1142,1140,685.907889,12555,1
1143,1141,685.919024,12566,1
1144,1142,685.930160,12577,1
1145,1143,685.941295,12588,1
1146,1144,685.952430,12599,1
1147,1145,685.963566,12610,1
1148,1146,685.974700,12621,1
1149,1147,685.985836,12632,1
1150,1148,685.996970,12643,1
1151,1149,686.008107,12654,1
1152,1150,686.019242,12665,1
1153,1151,686.030378,12676,1
1154,1152,686.041512,12687,1
1155,1153,686.052646,12698,1
1156,1154,686.063783,12709,1
1157,1155,686.074916,12720,1
1158,1156,686.086053,12731,1
1159,1157,686.097187,12742,1
1160,1158,686.108325,12753,1
1161,1159,686.119459,12764,1
1162,1160,686.130595,12775,1
1163,1161,686.141730,12786,1
1164,1162,686.152864,12797,1
1165,1163,686.163999,12808,1
1166,1164,686.175134,12819,1
1167,1165,686.186269,12830,1
1168,1166,686.197405,12841,1
1169,1167,686.208541,12852,1
1170,1168,686.219677,12863,1
1171,1169,686.230812,12874,1
1172,1170,686.241947,12885,1
1173,1171,686.253094,12896,1
1174,1172,686.264217,12907,1
1175,1173,686.275351,12918,1
1176,1174,686.286489,12929,1
1177,1175,686.297621,12940,1
1178,1176,686.308757,12951,1
1179,1177,686.319895,12962,1
1180,1178,686.331029,12973,1
1181,1179,686.342165,12984,1
1182,1180,686.353300,12995,1
1183,1181,686.364434,13006,1
1184,1182,686.375571,13017,1
1185,1183,686.386705,13028,1
1186,1184,686.397840,13039,1
1187,1185,686.408977,13050,1
1188,1186,686.420110,13061,1
1189,1187,686.431246,13072,1
1190,1188,686.442382,13083,1
1191,1189,686.453516,13094,1
1192,1190,686.464653,13105,1
1193,1191,686.475787,13116,1
1194,1192,686.486921,13127,1
1195,1193,686.498057,13138,1
1196,1194,686.509194,13149,1
1197,1195,686.520330,13160,1
1198,1196,686.531465,13171,1
1199,1197,686.542599,13182,1
1200,1198,686.553734,13193,1
1201,1199,686.564871,13204,1
1202,1200,686.576006,13215,1
1203,1201,686.587140,13226,1
1204,1202,686.598274,13237,1
1205,1203,686.609411,13248,1
1206,1204,686.620545,13259,1
1207,1205,686.631680,13270,1
1208,1206,686.642815,13281,1
1209,1207,686.653950,13292,1
1210,1208,686.665094,13303,1
1211,1209,686.676223,13314,1
1212,1210,686.687359,13325,1
1213,1211,686.698493,13336,1
1214,1212,686.709629,13347,1
1215,1213,686.720764,13358,1
1216,1214,686.731898,13369,1
1217,1215,686.743034,13380,1
1218,1216,686.754168,13391,1
1219,1217,686.765305,13402,1
1220,1218,686.776439,13413,1
1221,1219,686.787573,13424,1
1222,1220,686.798709,13435,1
1223,1221,686.809844,13446,1
1224,1222,686.820982,13457,1
1225,1223,686.832115,13468,1
1226,1224,686.843250,13479,1
1227,1225,686.854387,13490,1
1228,1226,686.865521,13501,1
1229,1227,686.876657,13512,1
1230,1228,686.887792,13523,1
1231,1229,686.898926,13534,1
1232,1230,686.910062,13545,1
1233,1231,686.921197,13556,1
1234,1232,686.932334,13567,1
1235,1233,686.943469,13578,1
1236,1234,686.954602,13589,1
1237,1235,686.965739,13600,1
1238,1236,686.976876,13611,1
1239,1237,686.988008,13622,1
1240,1238,686.999145,13633,1
1241,1239,687.010281,13644,1
1242,1240,687.021414,13655,1
1243,1241,687.032551,13666,1
1244,1242,687.043685,13677,1
1245,1243,687.054821,13688,1
1246,1244,687.065956,13699,1
1247,1245,687.077098,13710,1
1248,1246,687.088228,13721,1
1249,1247,687.099361,13732,1
1250,1248,687.109485,13742,1
1251,1249,687.120621,13753,1
1252,1250,687.131756,13764,1
1253,1251,687.142891,13775,1
1254,1252,687.154027,13786,1
1255,1253,687.165160,13797,1
1256,1254,687.176297,13808,1
1257,1255,687.187433,13819,1
1258,1256,687.198568,13830,1
1259,1257,687.209702,13841,1
1260,1258,687.220838,13852,1
1261,1259,687.231974,13863,1
1262,1260,687.243107,13874,1
1263,1261,687.254243,13885,1
1264,1262,687.265379,13896,1
1265,1263,687.276514,13907,1
1266,1264,687.287650,13918,1
1267,1265,687.298783,13929,1
1268,1266,687.309919,13940,1
1269,1267,687.321056,13951,1
1270,1268,687.332191,13962,1
1271,1269,687.343324,13973,1
1272,1270,687.354462,13984,1
1273,1271,687.365597,13995,1
1274,1272,687.376732,14006,1
1275,1273,687.387868,14017,1
1276,1274,687.399001,14028,1
1277,1275,687.410138,14039,1
1278,1276,687.421274,14050,1
1279,1277,687.432408,14061,1
1280,1278,687.443543,14072,1
1281,1279,687.454678,14083,1
1282,1280,687.465812,14094,1
1283,1281,687.476950,14105,1
1284,1282,687.488096,14116,1
1285,1283,687.499220,14127,1
1286,1284,687.510354,14138,1
1287,1285,687.521491,14149,1
1288,1286,687.532626,14160,1
1289,1287,687.543760,14171,1
1290,1288,687.554895,14182,1
1291,1289,687.566032,14193,1
1292,1290,687.577167,14204,1
1293,1291,687.588301,14215,1
1294,1292,687.599438,14226,1
1295,1293,687.610574,14237,1
1296,1294,687.621709,14248,1
1297,1295,687.632844,14259,1
1298,1296,687.643978,14270,1
1299,1297,687.655114,14281,1
1300,1298,687.666250,14292,1
1301,1299,687.677385,14303,1
1302,1300,687.688519,14314,1
1303,1301,687.699653,14325,1
1304,1302,687.710789,14336,1
1305,1303,687.721924,14347,1
1306,1304,687.733062,14358,1
1307,1305,687.744196,14369,1
1308,1306,687.755331,14380,1
1309,1307,687.766465,14391,1
1310,1308,687.777602,14402,1
1311,1309,687.788735,14413,1
1312,1310,687.799871,14424,1
1313,1311,687.811006,14435,1
1314,1312,687.822141,14446,1
1315,1313,687.833279,14457,1
1316,1314,687.844413,14468,1
1317,1315,687.855549,14479,1
1318,1316,687.866684,14490,1
1319,1317,687.877820,14501,1
1320,1318,687.888953,14512,1
1321,1319,687.900098,14523,1
1322,1320,687.911226,14534,1
1323,1321,687.922360,14545,1
1324,1322,687.933494,14556,1
1325,1323,687.944632,14567,1
1326,1324,687.955767,14578,1
1327,1325,687.966902,14589,1
1328,1326,687.978036,14600,1
1329,1327,687.989170,14611,1
1330,1328,688.000307,14622,1
1331,1329,688.011441,14633,1
1332,1330,688.022576,14644,1
1333,1331,688.033713,14655,1
1334,1332,688.044849,14666,1
1335,1333,688.055984,14677,1
1336,1334,688.067119,14688,1
1337,1335,688.078254,14699,1
1338,1336,688.089388,14710,1
1339,1337,688.100523,14721,1
1340,1338,688.111658,14732,1
1341,1339,688.122796,14743,1
1342,1340,688.133931,14754,1
1343,1341,688.145065,14765,1
1344,1342,688.156200,14776,1
1345,1343,688.167337,14787,1
1346,1344,688.178470,14798,1
1347,1345,688.189605,14809,1
1348,1346,688.200743,14820,1
1349,1347,688.211877,14831,1
1350,1348,688.223012,14842,1
1351,1349,688.234146,14853,1
1352,1350,688.245282,14864,1
1353,1351,688.256417,14875,1
1354,1352,688.267552,14886,1
1355,1353,688.278688,14897,1
1356,1354,688.289825,14908,1
1357,1355,688.300960,14919,1
1358,1356,688.312104,14930,1
1359,1357,688.323230,14941,1
1360,-1,688.334366,14952,1
1361,1358,688.345499,14963,1
1362,1359,688.356637,14974,1
1363,1360,688.367772,14985,1
1364,1361,688.378905,14996,1
1365,1362,688.390042,15007,1
1366,1363,688.401177,15018,1
1367,1364,688.412311,15029,1
1368,1365,688.423448,15040,1
1369,1366,688.434582,15051,1
1370,1367,688.445719,15062,1
1371,1368,688.456854,15073,1
1372,1369,688.467988,15084,1
1373,1370,688.479124,15095,1
1374,1371,688.490257,15106,1
1375,1372,688.501393,15117,1
1376,1373,688.512528,15128,1
1377,1374,688.523666,15139,1
1378,1375,688.534801,15150,1
1379,1376,688.545935,15161,1
1380,1377,688.557071,15172,1
1381,1378,688.568207,15183,1
1382,1379,688.579342,15194,1
1383,1380,688.590475,15205,1
1384,1381,688.601612,15216,1
1385,1382,688.611733,15226,1
1386,1383,688.622868,15237,1
1387,1384,688.634004,15248,1
1388,1385,688.645139,15259,1
1389,1386,688.656276,15270,1
1390,1387,688.667412,15281,1
1391,1388,688.678546,15292,1
1392,1389,688.689681,15303,1
1393,1390,688.700817,15314,1
1394,1391,688.711952,15325,1
1395,1392,688.723097,15336,1
1396,1393,688.734223,15347,1
1397,1394,688.745359,15358,1
1398,1395,688.756493,15369,1
1399,1396,688.767629,15380,1
1400,1397,688.778764,15391,1
1401,1398,688.789900,15402,1
1402,1399,688.801035,15413,1
1403,1400,688.812169,15424,1
1404,1401,688.823305,15435,1
1405,1402,688.834441,15446,1
1406,1403,688.845574,15457,1
1407,1404,688.856709,15468,1
1408,1405,688.867846,15479,1
1409,1406,688.878980,15490,1
1410,1407,688.890115,15501,1
1411,1408,688.901252,15512,1
1412,1409,688.912387,15523,1
1413,1410,688.923522,15534,1
1414,1411,688.934658,15545,1
1415,1412,688.945794,15556,1
1416,1413,688.956926,15567,1
1417,1414,688.968064,15578,1
1418,1415,688.979198,15589,1
1419,1416,688.990333,15600,1
1420,1417,689.001469,15611,1
1421,1418,689.012603,15622,1
1422,1419,689.023740,15633,1
1423,1420,689.034876,15644,1
1424,1421,689.046009,15655,1
1425,1422,689.057147,15666,1
1426,1423,689.068279,15677,1
1427,1424,689.079414,15688,1
1428,1425,689.090551,15699,1
1429,1426,689.101686,15710,1
1430,1427,689.112822,15721,1
1431,1428,689.123956,15732,1
1432,1429,689.135100,15743,1
1433,1430,689.146226,15754,1
1434,1431,689.157364,15765,1
1435,1432,689.168497,15776,1
1436,1433,689.179634,15787,1
1437,1434,689.190767,15798,1
1438,1435,689.201903,15809,1
1439,1436,689.213040,15820,1
1440,1437,689.224176,15831,1
1441,1438,689.235310,15842,1
1442,1439,689.246444,15853,1
1443,1440,689.257581,15864,1
1444,1441,689.268714,15875,1
1445,1442,689.279850,15886,1
1446,1443,689.290986,15897,1
1447,1444,689.302122,15908,1
1448,1445,689.313255,15919,1
1449,1446,689.324390,15930,1
1450,1447,689.335527,15941,1
1451,1448,689.346661,15952,1
1452,1449,689.357799,15963,1
1453,1450,689.368934,15974,1
1454,1451,689.380067,15985,1
1455,1452,689.391204,15996,1
1456,1453,689.402338,16007,1
1457,1454,689.413475,16018,1
1458,1455,689.424609,16029,1
1459,1456,689.435744,16040,1
1460,1457,689.446881,16051,1
1461,1458,689.458016,16062,1
1462,1459,689.469149,16073,1
1463,1460,689.480286,16084,1
1464,1461,689.491421,16095,1
1465,1462,689.502557,16106,1
1466,1463,689.513692,16117,1
1467,1464,689.524827,16128,1
1468,1465,689.535963,16139,1
1469,1466,689.547098,16150,1
1470,1467,689.558234,16161,1
1471,1468,689.569368,16172,1
1472,1469,689.580502,16183,1
1473,1470,689.591637,16194,1
1474,1471,689.602774,16205,1
1475,1472,689.613909,16216,1
1476,1473,689.625045,16227,1
1477,1474,689.636181,16238,1
1478,1475,689.647315,16249,1
1479,-1,689.658450,16260,1
1480,1476,689.669584,16271,1
1481,1477,689.680720,16282,1
1482,1478,689.691856,16293,1
1483,1479,689.702989,16304,1
1484,1480,689.714126,16315,1
1485,1481,689.725263,16326,1
1486,1482,689.736397,16337,1
1487,1483,689.747531,16348,1
1488,1484,689.758669,16359,1
1489,1485,689.769803,16370,1
1490,1486,689.780936,16381,1
1491,1487,689.792074,16392,1
1492,1488,689.803207,16403,1
1493,1489,689.814342,16414,1
1494,1490,689.825479,16425,1
1495,1491,689.836615,16436,1
1496,1492,689.847750,16447,1
1497,1493,689.858885,16458,1
1498,1494,689.870021,16469,1
1499,1495,689.881154,16480,1
1500,1496,689.892291,16491,1
1501,1497,689.903426,16502,1
1502,1498,689.914561,16513,1
1503,1499,689.925697,16524,1
1504,1500,689.936833,16535,1
1505,1501,689.947965,16546,1
1506,1502,689.959102,16557,1
1507,1503,689.970236,16568,1
1508,1504,689.981373,16579,1
1509,1505,689.992509,16590,1
1510,1506,690.003643,16601,1
1511,1507,690.014779,16612,1
1512,1508,690.025914,16623,1
1513,1509,690.037051,16634,1
1514,1510,690.048185,16645,1
1515,1511,690.059321,16656,1
1516,1512,690.070455,16667,1
1517,1513,690.081590,16678,1
1518,1514,690.092724,16689,1
1519,1515,690.103862,16700,1
1520,1516,690.113983,16710,1
1521,1517,690.125119,16721,1
1522,1518,690.136253,16732,1
1523,1519,690.147390,16743,1
1524,1520,690.158523,16754,1
1525,1521,690.169659,16765,1
1526,1522,690.180796,16776,1
1527,1523,690.191930,16787,1
1528,1524,690.203065,16798,1
1529,1525,690.214202,16809,1
1530,1526,690.225337,16820,1
1531,1527,690.236472,16831,1
1532,1528,690.247608,16842,1
1533,1529,690.258742,16853,1
1534,1530,690.269878,16864,1
1535,1531,690.281012,16875,1
1536,1532,690.292147,16886,1
1537,1533,690.303284,16897,1
1538,1534,690.314419,16908,1
1539,1535,690.325555,16919,1
1540,1536,690.336688,16930,1
1541,1537,690.347823,16941,1
1542,1538,690.358960,16952,1
1543,1539,690.370100,16963,1
1544,1540,690.381229,16974,1
1545,1541,690.392364,16985,1
1546,1542,690.403501,16996,1
1547,1543,690.414636,17007,1
1548,1544,690.425771,17018,1
1549,1545,690.436907,17029,1
1550,1546,690.448042,17040,1
1551,1547,690.459177,17051,1
1552,1548,690.470313,17062,1
1553,1549,690.481449,17073,1
1554,1550,690.492582,17084,1
1555,1551,690.503719,17095,1
1556,1552,690.514853,17106,1
1557,1553,690.525987,17117,1
1558,1554,690.537123,17128,1
1559,1555,690.548260,17139,1
1560,1556,690.559395,17150,1
1561,1557,690.570529,17161,1
1562,1558,690.581665,17172,1
1563,1559,690.592800,17183,1
1564,1560,690.603935,17194,1
1565,1561,690.615071,17205,1
1566,1562,690.626206,17216,1
1567,1563,690.637342,17227,1
1568,1564,690.648477,17238,1
1569,1565,690.659613,17249,1
1570,1566,690.670746,17260,1
1571,1567,690.681881,17271,1
1572,1568,690.693018,17282,1
1573,1569,690.704154,17293,1
1574,1570,690.715795,17303,1
1575,1571,690.726424,17314,1
1576,1572,690.737560,17325,1
1577,1573,690.748693,17336,1
1578,1574,690.759829,17347,1
1579,1575,690.770965,17358,1
1580,1576,690.782099,17369,1
1581,1577,690.793234,17380,1
1582,1578,690.804369,17391,1
1583,1579,690.815504,17402,1
1584,1580,690.826639,17413,1
1585,1581,690.837776,17424,1
1586,1582,690.848911,17435,1
1587,1583,690.860048,17446,1
1588,1584,690.871182,17457,1
1589,1585,690.882317,17468,1
1590,1586,690.893453,17479,1
1591,1587,690.904588,17490,1
1592,1588,690.915722,17501,1
1593,1589,690.926858,17512,1
1594,1590,690.937995,17523,1
1595,1591,690.949129,17534,1
1596,1592,690.960265,17545,1
1597,1593,690.971399,17556,1
1598,1594,690.982535,17567,1
1599,1595,690.993671,17578,1
1600,1596,691.004806,17589,1
1601,1597,691.015940,17600,1
1602,1598,691.027074,17611,1
1603,1599,691.038211,17622,1
1604,1600,691.049347,17633,1
1605,1601,691.060483,17644,1
1606,1602,691.071617,17655,1
1607,1603,691.082752,17666,1
1608,1604,691.093886,17677,1
1609,1605,691.105021,17688,1
1610,1606,691.116157,17699,1
1611,1607,691.127294,17710,1
1612,1608,691.138427,17721,1
1613,1609,691.149565,17732,1
1614,1610,691.160698,17743,1
1615,1611,691.171833,17754,1
1616,1612,691.182968,17765,1
1617,1613,691.194106,17776,1
1618,1614,691.205239,17787,1
1619,1615,691.216376,17798,1
1620,1616,691.227510,17809,1
1621,1617,691.238646,17820,1
1622,1618,691.249782,17831,1
1623,1619,691.260917,17842,1
1624,1620,691.272052,17853,1
1625,1621,691.283188,17864,1
1626,1622,691.294323,17875,1
1627,1623,691.305456,17886,1
1628,1624,691.316592,17897,1
1629,1625,691.327729,17908,1
1630,1626,691.338864,17919,1
1631,1627,691.350000,17930,1
1632,1628,691.361134,17941,1
1633,1629,691.372268,17952,1
1634,1630,691.383404,17963,1
1635,1631,691.394539,17974,1
1636,1632,691.405675,17985,1
1637,1633,691.416811,17996,1
1638,1634,691.427944,18007,1
1639,1635,691.439079,18018,1
1640,1636,691.450215,18029,1
1641,1637,691.461352,18040,1
1642,1638,691.472488,18051,1
1643,1639,691.483623,18062,1
1644,1640,691.494758,18073,1
1645,1641,691.505891,18084,1
1646,1642,691.517028,18095,1
1647,1643,691.528162,18106,1
1648,1644,691.539297,18117,1
1649,1645,691.550434,18128,1
1650,1646,691.561569,18139,1
1651,1647,691.572705,18150,1
1652,1648,691.583839,18161,1
1653,1649,691.594975,18172,1
1654,1650,691.606111,18183,1
1655,1651,691.616234,18193,1
1656,1652,691.627369,18204,1
1657,1653,691.638505,18215,1
1658,1654,691.649639,18226,1
1659,1655,691.660774,18237,1
1660,1656,691.671908,18248,1
1661,1657,691.683046,18259,1
1662,1658,691.694180,18270,1
1663,1659,691.705316,18281,1
1664,1660,691.716451,18292,1
1665,1661,691.727587,18303,1
1666,1662,691.738721,18314,1
1667,1663,691.749857,18325,1
1668,1664,691.760992,18336,1
1669,1665,691.772125,18347,1
1670,1666,691.783263,18358,1
1671,1667,691.794398,18369,1
1672,1668,691.805531,18380,1
1673,1669,691.816667,18391,1
1674,1670,691.827803,18402,1
1675,1671,691.838938,18413,1
1676,1672,691.850075,18424,1
1677,1673,691.861210,18435,1
1678,1674,691.872345,18446,1
1679,1675,691.883480,18457,1
1680,1676,691.894615,18468,1
1681,1677,691.905750,18479,1
1682,1678,691.916886,18490,1
1683,1679,691.928020,18501,1
1684,1680,691.939157,18512,1
1685,1681,691.950290,18523,1
1686,1682,691.961427,18534,1
1687,1683,691.972562,18545,1
1688,1684,691.983696,18556,1
1689,1685,691.994831,18567,1
1690,1686,692.005967,18578,1
1691,1687,692.017103,18589,1
1692,1688,692.028239,18600,1
1693,1689,692.039373,18611,1
1694,1690,692.050509,18622,1
1695,1691,692.061644,18633,1
1696,1692,692.072779,18644,1
1697,1693,692.083915,18655,1
1698,1694,692.095049,18666,1
1699,1695,692.106184,18677,1
1700,1696,692.117321,18688,1
1701,1697,692.128456,18699,1
1702,1698,692.139592,18710,1
1703,1699,692.150725,18721,1
1704,1700,692.161860,18732,1
1705,1701,692.172997,18743,1
1706,1702,692.184133,18754,1
1707,1703,692.195266,18765,1
1708,1704,692.206403,18776,1
1709,1705,692.217537,18787,1
1710,1706,692.228674,18798,1
1711,1707,692.239807,18809,1
1712,1708,692.250943,18820,1
1713,1709,692.262079,18831,1
1714,1710,692.273214,18842,1
1715,1711,692.284350,18853,1
1716,1712,692.295486,18864,1
1717,1713,692.306621,18875,1
1718,1714,692.317756,18886,1
1719,1715,692.328889,18897,1
1720,1716,692.340026,18908,1
1721,1717,692.351160,18919,1
1722,1718,692.362295,18930,1
1723,1719,692.373433,18941,1
1724,1720,692.384567,18952,1
1725,1721,692.395701,18963,1
1726,1722,692.406836,18974,1
1727,1723,692.417972,18985,1
1728,1724,692.429109,18996,1
1729,1725,692.440242,19007,1
1730,1726,692.451377,19018,1
1731,1727,692.462512,19029,1
1732,1728,692.473648,19040,1
1733,1729,692.484784,19051,1
1734,1730,692.495919,19062,1
1735,1731,692.507056,19073,1
1736,1732,692.518190,19084,1
1737,1733,692.529326,19095,1
1738,1734,692.540462,19106,1
1739,1735,692.551596,19117,1
1740,1736,692.562730,19128,1
1741,1737,692.573867,19139,1
1742,1738,692.585003,19150,1
1743,1739,692.596138,19161,1
1744,1740,692.607273,19172,1
1745,1741,692.618408,19183,1
1746,1742,692.629543,19194,1
1747,1743,692.640677,19205,1
1748,1744,692.651813,19216,1
1749,1745,692.662950,19227,1
1750,1746,692.674096,19238,1
1751,1747,692.685220,19249,1
1752,1748,692.696355,19260,1
1753,1749,692.707490,19271,1
1754,1750,692.718625,19282,1
1755,1751,692.729760,19293,1
1756,1752,692.740897,19304,1
1757,1753,692.752031,19315,1
1758,1754,692.763167,19326,1
1759,1755,692.774301,19337,1
1760,1756,692.785435,19348,1
1761,1757,692.796573,19359,1
1762,1758,692.807709,19370,1
1763,1759,692.818842,19381,1
1764,1760,692.829976,19392,1
1765,1761,692.841114,19403,1
1766,1762,692.852249,19414,1
1767,1763,692.863384,19425,1
1768,1764,692.874519,19436,1
1769,1765,692.885653,19447,1
1770,1766,692.896789,19458,1
1771,1767,692.907925,19469,1
1772,1768,692.919062,19480,1
1773,1769,692.930194,19491,1
1774,1770,692.941329,19502,1
1775,1771,692.952465,19513,1
1776,1772,692.963600,19524,1
1777,1773,692.974736,19535,1
1778,1774,692.985873,19546,1
1779,1775,692.997008,19557,1
1780,1776,693.008143,19568,1
1781,1777,693.019277,19579,1
1782,1778,693.030413,19590,1
1783,1779,693.041549,19601,1
1784,1780,693.052683,19612,1
1785,1781,693.063820,19623,1
1786,1782,693.074955,19634,1
1787,1783,693.086096,19645,1
1788,1784,693.097225,19656,1
1789,1785,693.108359,19667,1
1790,1786,693.118483,19677,1
1791,1787,693.129619,19688,1
1792,1788,693.140753,19699,1
1793,1789,693.151887,19710,1
1794,1790,693.163024,19721,1
1795,1791,693.174158,19732,1
1796,1792,693.185293,19743,1
1797,1793,693.196428,19754,1
1798,1794,693.207565,19765,1
1799,1795,693.218701,19776,1
1800,1796,693.229836,19787,1
1801,1797,693.240971,19798,1
1802,1798,693.252107,19809,1
1803,1799,693.263241,19820,1
1804,1800,693.274376,19831,1
1805,1801,693.285512,19842,1
1806,1802,693.296648,19853,1
1807,1803,693.307783,19864,1
1808,1804,693.318916,19875,1
1809,1805,693.330053,19886,1
1810,1806,693.341188,19897,1
1811,1807,693.352322,19908,1
1812,1808,693.363459,19919,1
1813,1809,693.374593,19930,1
1814,1810,693.385730,19941,1
1815,1811,693.396865,19952,1
1816,1812,693.407998,19963,1
1817,1813,693.419135,19974,1
1818,1814,693.430271,19985,1
1819,1815,693.441406,19996,1
1820,1816,693.452541,20007,1
1821,1817,693.463676,20018,1
1822,1818,693.474810,20029,1
1823,1819,693.485947,20040,1
1824,1820,693.497082,20051,1
1825,1821,693.508218,20062,1
1826,1822,693.519351,20073,1
1827,1823,693.530486,20084,1
1828,1824,693.541622,20095,1
1829,1825,693.552758,20106,1
1830,1826,693.563892,20117,1
1831,1827,693.575029,20128,1
1832,1828,693.586164,20139,1
1833,1829,693.597298,20150,1
1834,1830,693.608436,20161,1
1835,1831,693.619569,20172,1
1836,1832,693.630704,20183,1
1837,1833,693.641841,20194,1
1838,1834,693.652976,20205,1
1839,1835,693.664112,20216,1
1840,1836,693.675246,20227,1
1841,1837,693.686382,20238,1
1842,1838,693.697518,20249,1
1843,1839,693.708651,20260,1
1844,1840,693.719787,20271,1
1845,1841,693.730922,20282,1
1846,1842,693.742060,20293,1
1847,1843,693.753192,20304,1
1848,1844,693.764328,20315,1
1849,1845,693.775463,20326,1
1850,1846,693.786599,20337,1
1851,1847,693.797734,20348,1
1852,1848,693.808868,20359,1
1853,1849,693.820006,20370,1
1854,1850,693.831140,20381,1
1855,1851,693.842276,20392,1
1856,1852,693.853410,20403,1
1857,1853,693.864545,20414,1
1858,1854,693.875682,20425,1
1859,1855,693.886817,20436,1
1860,1856,693.897950,20447,1
1861,1857,693.909095,20458,1
1862,1858,693.920223,20469,1
1863,1859,693.931357,20480,1
1864,1860,693.942493,20491,1
1865,1861,693.953627,20502,1
1866,1862,693.964762,20513,1
1867,1863,693.975898,20524,1
1868,1864,693.987032,20535,1
1869,1865,693.998169,20546,1
1870,1866,694.009303,20557,1
1871,1867,694.020439,20568,1
1872,1868,694.031575,20579,1
1873,1869,694.042711,20590,1
1874,1870,694.053844,20601,1
1875,1871,694.064979,20612,1
1876,1872,694.076115,20623,1
1877,1873,694.087251,20634,1
1878,1874,694.098387,20645,1
1879,1875,694.109522,20656,1
1880,1876,694.120656,20667,1
1881,1877,694.131791,20678,1
1882,1878,694.142927,20689,1
1883,1879,694.154062,20700,1
1884,1880,694.165198,20711,1
1885,1881,694.176335,20722,1
1886,1882,694.187470,20733,1
1887,1883,694.198605,20744,1
1888,1884,694.209738,20755,1
1889,1885,694.220873,20766,1
1890,1886,694.232011,20777,1
1891,1887,694.243144,20788,1
1892,1888,694.254280,20799,1
1893,1889,694.265416,20810,1
1894,1890,694.276551,20821,1
1895,1891,694.287685,20832,1
1896,1892,694.298820,20843,1
1897,1893,694.309955,20854,1
1898,1894,694.321099,20865,1
1899,1895,694.332227,20876,1
1900,1896,694.343364,20887,1
1901,1897,694.354497,20898,1
1902,1898,694.365632,20909,1
1903,1899,694.376767,20920,1
1904,1900,694.387905,20931,1
1905,1901,694.399038,20942,1
1906,1902,694.410174,20953,1
1907,1903,694.421310,20964,1
1908,1904,694.432444,20975,1
1909,1905,694.443581,20986,1
1910,1906,694.454716,20997,1
1911,1907,694.465849,21008,1
1912,1908,694.476987,21019,1
1913,1909,694.488120,21030,1
1914,1910,694.499257,21041,1
1915,1911,694.510393,21052,1
1916,1912,694.521528,21063,1
1917,1913,694.532662,21074,1
1918,1914,694.543796,21085,1
1919,1915,694.554932,21096,1
1920,1916,694.566069,21107,1
1921,1917,694.577202,21118,1
1922,1918,694.588339,21129,1
1923,1919,694.599473,21140,1
1924,1920,694.610609,21151,1
1925,1921,694.620733,21161,1
1926,1922,694.631867,21172,1
1927,1923,694.643002,21183,1
1928,1924,694.654138,21194,1
1929,1925,694.665272,21205,1
1930,1926,694.676407,21216,1
1931,1927,694.687545,21227,1
1932,1928,694.698678,21238,1
1933,1929,694.709813,21249,1
1934,1930,694.720950,21260,1
1935,1931,694.732094,21271,1
1936,1932,694.743220,21282,1
1937,1933,694.754356,21293,1
1938,1934,694.765489,21304,1
1939,1935,694.776626,21315,1
1940,1936,694.787762,21326,1
1941,1937,694.798897,21337,1
1942,1938,694.810030,21348,1
1943,1939,694.821167,21359,1
1944,1940,694.832302,21370,1
1945,1941,694.843438,21381,1
1946,1942,694.854572,21392,1
1947,1943,694.865709,21403,1
1948,1944,694.876844,21414,1
1949,1945,694.887978,21425,1
1950,1946,694.899113,21436,1
1951,1947,694.910248,21447,1
1952,1948,694.921383,21458,1
1953,1949,694.932519,21469,1
1954,1950,694.943656,21480,1
1955,1951,694.954791,21491,1
1956,1952,694.965926,21502,1
1957,1953,694.977060,21513,1
1958,1954,694.988196,21524,1
1959,1955,694.999332,21535,1
1960,1956,695.010466,21546,1
1961,1957,695.021601,21557,1
1962,1958,695.032738,21568,1
1963,1959,695.043872,21579,1
1964,1960,695.055006,21590,1
1965,1961,695.066143,21601,1
1966,1962,695.077278,21612,1
1967,1963,695.088415,21623,1
1968,1964,695.099548,21634,1
1969,1965,695.110685,21645,1
1970,1966,695.121821,21656,1
1971,1967,695.132954,21667,1
1972,1968,695.144095,21678,1
1973,1969,695.155224,21689,1
1974,1970,695.166359,21700,1
1975,1971,695.177496,21711,1
1976,1972,695.188633,21722,1
1977,1973,695.199765,21733,1
1978,1974,695.210902,21744,1
1979,1975,695.222037,21755,1
1980,1976,695.233171,21766,1
1981,1977,695.244308,21777,1
1982,1978,695.255442,21788,1
1983,1979,695.266577,21799,1
1984,1980,695.277713,21810,1
1985,1981,695.288847,21821,1
1986,1982,695.299984,21832,1
1987,1983,695.311118,21843,1
1988,1984,695.322255,21854,1
1989,1985,695.333390,21865,1
1990,1986,695.344524,21876,1
1991,1987,695.355661,21887,1
1992,1988,695.366796,21898,1
1993,1989,695.377931,21909,1
1994,1990,695.389067,21920,1
1995,1991,695.400201,21931,1
1996,1992,695.411337,21942,1
1997,1993,695.422473,21953,1
1998,1994,695.433608,21964,1
1999,1995,695.444742,21975,1
2000,1996,695.455878,21986,1
2001,1997,695.467011,21997,1
2002,1998,695.478149,22008,1
2003,1999,695.489285,22019,1
2004,2000,695.500418,22030,1
2005,2001,695.511555,22041,1
2006,2002,695.522689,22052,1
2007,2003,695.533826,22063,1
2008,2004,695.544960,22074,1
2009,2005,695.556098,22085,1
2010,2006,695.567229,22096,1
2011,2007,695.578364,22107,1
2012,2008,695.589500,22118,1
2013,2009,695.600635,22129,1
2014,2010,695.611772,22140,1
2015,2011,695.622906,22151,1
2016,2012,695.634041,22162,1
2017,2013,695.645176,22173,1
2018,2014,695.656313,22184,1
2019,2015,695.667448,22195,1
2020,2016,695.678582,22206,1
2021,2017,695.689720,22217,1
2022,2018,695.700853,22228,1
2023,2019,695.711989,22239,1
2024,2020,695.723125,22249,1
2025,2021,695.734260,22260,1
2026,2022,695.745394,22271,1
2027,2023,695.756530,22282,1
2028,2024,695.767665,22293,1
2029,2025,695.778799,22304,1
2030,2026,695.789935,22315,1
2031,2027,695.801072,22326,1
2032,2028,695.812208,22337,1
2033,2029,695.823342,22348,1
2034,2030,695.834476,22359,1
2035,2031,695.845613,22370,1
2036,2032,695.856749,22381,1
2037,2033,695.867883,22392,1
2038,2034,695.879018,22403,1
2039,2035,695.890153,22414,1
2040,2036,695.901288,22425,1
2041,2037,695.912425,22436,1
2042,2038,695.923559,22447,1
2043,2039,695.934693,22458,1
2044,2040,695.945831,22469,1
2045,2041,695.956964,22480,1
2046,2042,695.968101,22491,1
2047,2043,695.979237,22502,1
2048,2044,695.990370,22513,1
2049,2045,696.001505,22524,1
2050,2046,696.012641,22535,1
2051,2047,696.023778,22546,1
2052,2048,696.034913,22557,1
2053,2049,696.046046,22568,1
2054,2050,696.057183,22579,1
2055,2051,696.068319,22590,1
2056,2052,696.079453,22601,1
2057,2053,696.090589,22612,1
2058,2054,696.101724,22623,1
2059,2055,696.112858,22634,1
2060,2056,696.122981,22644,1
2061,2057,696.134118,22655,1
2062,2058,696.145253,22666,1
2063,2059,696.156389,22677,1
2064,2060,696.167522,22688,1
2065,2061,696.178657,22699,1
2066,2062,696.189793,22710,1
2067,2063,696.200928,22721,1
2068,2064,696.212065,22732,1
2069,2065,696.223200,22743,1
2070,2066,696.234334,22754,1
2071,2067,696.245471,22765,1
2072,2068,696.256605,22776,1
2073,2069,696.267742,22787,1
2074,2070,696.278875,22798,1
2075,2071,696.290011,22809,1
2076,2072,696.301145,22820,1
2077,2073,696.312282,22831,1
2078,2074,696.323417,22842,1
2079,2075,696.334553,22853,1
2080,2076,696.345686,22864,1
2081,2077,696.356823,22875,1
2082,2078,696.367958,22886,1
2083,2079,696.379100,22897,1
2084,2080,696.390227,22908,1
2085,2081,696.401363,22919,1
2086,2082,696.412500,22930,1
2087,2083,696.423633,22941,1
2088,2084,696.434769,22952,1
2089,2085,696.445906,22963,1
2090,2086,696.457041,22974,1
2091,2087,696.468176,22985,1
2092,2088,696.479311,22996,1
2093,2089,696.490446,23007,1
2094,2090,696.501583,23018,1
2095,2091,696.512718,23029,1
2096,2092,696.523853,23040,1
2097,2093,696.534987,23051,1
2098,2094,696.546123,23062,1
2099,2095,696.557258,23073,1
2100,2096,696.568394,23084,1
2101,2097,696.579527,23095,1
2102,2098,696.590664,23106,1
2103,2099,696.601799,23117,1
2104,2100,696.612933,23128,1
2105,2101,696.624069,23139,1
2106,2102,696.635206,23150,1
2107,2103,696.646340,23161,1
2108,2104,696.657476,23172,1
2109,2105,696.668612,23183,1
2110,2106,696.679745,23194,1
2111,2107,696.690882,23205,1
2112,2108,696.702015,23216,1
2113,2109,696.713152,23227,1
2114,2110,696.724288,23238,1
2115,2111,696.735421,23249,1
2116,2112,696.746558,23260,1
2117,2113,696.757694,23271,1
2118,2114,696.768828,23282,1
2119,2115,696.779965,23293,1
2120,2116,696.791100,23304,1
2121,2117,696.802233,23315,1
2122,2118,696.813367,23326,1
2123,2119,696.824503,23337,1
2124,2120,696.835639,23348,1
2125,2121,696.846775,23359,1
2126,2122,696.857909,23370,1
2127,2123,696.869045,23381,1
2128,2124,696.880180,23392,1
2129,2125,696.891317,23403,1
2130,2126,696.902452,23414,1
2131,2127,696.913585,23425,1
2132,2128,696.924720,23436,1
2133,2129,696.935857,23447,1
2134,2130,696.946991,23458,1
2135,2131,696.958127,23469,1
2136,2132,696.969264,23480,1
2137,2133,696.980398,23491,1
2138,2134,696.991534,23502,1
2139,2135,697.002670,23513,1
2140,2136,697.013804,23524,1
2141,2137,697.024939,23535,1
2142,2138,697.036073,23546,1
2143,2139,697.047208,23557,1
2144,2140,697.058346,23568,1
2145,2141,697.069481,23579,1
2146,2142,697.080615,23590,1
2147,2143,697.091752,23601,1
2148,2144,697.102887,23612,1
2149,2145,697.114023,23623,1
2150,2146,697.125155,23634,1
2151,2147,697.136292,23645,1
2152,2148,697.147428,23656,1
2153,2149,697.158564,23667,1
2154,2150,697.169698,23678,1
2155,2151,697.180834,23689,1
2156,2152,697.191967,23700,1
2157,2153,697.203102,23711,1
2158,2154,697.214238,23722,1
2159,2155,697.225375,23733,1
2160,2156,697.236510,23744,1
2161,2157,697.247643,23755,1
2162,2158,697.258779,23766,1
2163,2159,697.269916,23777,1
2164,2160,697.281050,23788,1
2165,2161,697.292187,23799,1
2166,2162,697.303320,23810,1
2167,2163,697.314458,23821,1
2168,2164,697.325591,23832,1
2169,2165,697.336726,23843,1
2170,2166,697.347863,23854,1
2171,2167,697.358996,23865,1
2172,2168,697.370133,23876,1
2173,2169,697.381268,23887,1
2174,2170,697.392404,23898,1
2175,2171,697.403539,23909,1
2176,2172,697.414675,23920,1
2177,2173,697.425808,23931,1
2178,2174,697.436946,23942,1
2179,2175,697.448080,23953,1
2180,2176,697.459215,23964,1
2181,2177,697.470349,23975,1
2182,2178,697.481485,23986,1
2183,2179,697.492622,23997,1
2184,2180,697.503757,24008,1
2185,2181,697.514890,24019,1
2186,2182,697.526028,24030,1
2187,2183,697.537163,24041,1
2188,2184,697.548298,24052,1
2189,2185,697.559433,24063,1
2190,2186,697.570566,24074,1
2191,2187,697.581704,24085,1
2192,2188,697.592839,24096,1
2193,2189,697.603974,24107,1
2194,2190,697.615109,24118,1
2195,2191,697.625233,24128,1
2196,2192,697.636368,24139,1
2197,2193,697.647503,24150,1
2198,2194,697.658637,24161,1
2199,2195,697.669772,24172,1
2200,2196,697.680909,24183,1
2201,2197,697.692042,24194,1
2202,2198,697.703180,24205,1
2203,2199,697.714313,24216,1
2204,2200,697.725448,24227,1
2205,2201,697.736585,24238,1
2206,2202,697.747721,24249,1
2207,2203,697.758856,24260,1
2208,2204,697.769989,24271,1
2209,2205,697.781125,24282,1
2210,2206,697.792260,24293,1
2211,2207,697.803395,24304,1
2212,2208,697.814532,24315,1
2213,2209,697.825667,24326,1
2214,2210,697.836802,24337,1
2215,2211,697.847936,24348,1
2216,2212,697.859073,24359,1
2217,2213,697.870208,24370,1
2218,2214,697.881342,24381,1
2219,2215,697.892480,24392,1
2220,2216,697.903615,24403,1
2221,2217,697.914748,24414,1
2222,2218,697.925884,24425,1
2223,2219,697.937018,24436,1
2224,2220,697.948156,24447,1
2225,2221,697.959290,24458,1
2226,2222,697.970425,24469,1
2227,2223,697.981562,24480,1
2228,2224,697.992697,24491,1
2229,2225,698.003831,24502,1
2230,2226,698.014965,24513,1
2231,2227,698.026100,24524,1
2232,2228,698.037236,24535,1
2233,2229,698.048372,24546,1
2234,2230,698.059508,24557,1
2235,2231,698.070644,24568,1
2236,2232,698.081777,24579,1
2237,2233,698.092913,24590,1
2238,2234,698.104050,24601,1
2239,2235,698.115185,24612,1
2240,2236,698.126319,24623,1
2241,2237,698.137453,24634,1
2242,2238,698.148588,24645,1
2243,2239,698.159724,24656,1
2244,2240,698.170859,24667,1
2245,2241,698.181994,24678,1
2246,2242,698.193132,24689,1
2247,2243,698.204267,24700,1
2248,2244,698.215401,24711,1
2249,2245,698.226536,24722,1
2250,2246,698.237671,24733,1
2251,2247,698.248808,24744,1
2252,2248,698.259943,24755,1
2253,2249,698.271077,24766,1
2254,2250,698.282213,24777,1
2255,2251,698.293348,24788,1
2256,2252,698.304484,24799,1
2257,2253,698.315619,24810,1
2258,2254,698.326755,24821,1
2259,2255,698.337889,24832,1
2260,2256,698.349024,24843,1
2261,2257,698.360161,24854,1
2262,2258,698.371296,24865,1
2263,2259,698.382429,24876,1
2264,2260,698.393564,24887,1
2265,2261,698.404700,24898,1
2266,2262,698.415835,24909,1
2267,2263,698.426971,24920,1
2268,2264,698.438107,24931,1
2269,2265,698.449241,24942,1
2270,2266,698.460376,24953,1
2271,2267,698.471514,24964,1
2272,2268,698.482649,24975,1
2273,2269,698.493783,24986,1
2274,2270,698.504917,24997,1
2275,2271,698.516055,25008,1
2276,2272,698.527190,25019,1
2277,2273,698.538325,25030,1
2278,2274,698.549458,25041,1
2279,2275,698.560593,25052,1
2280,2276,698.571731,25063,1
2281,2277,698.582866,25074,1
2282,2278,698.594000,25085,1
2283,2279,698.605135,25096,1
2284,2280,698.616270,25107,1
2285,2281,698.627406,25118,1
2286,2282,698.638542,25129,1
2287,2283,698.649678,25140,1
2288,2284,698.660812,25151,1
2289,2285,698.671946,25162,1
2290,2286,698.683094,25173,1
2291,2287,698.694219,25184,1
2292,2288,698.705354,25195,1
2293,2289,698.716489,25206,1
2294,2290,698.727623,25217,1
2295,2291,698.738759,25228,1
2296,2292,698.749895,25239,1
2297,2293,698.761031,25250,1
2298,2294,698.772164,25261,1
2299,2295,698.783299,25272,1
2300,2296,698.794437,25283,1
2301,2297,698.805570,25294,1
2302,2298,698.816707,25305,1
2303,2299,698.827840,25316,1
2304,2300,698.838975,25327,1
2305,2301,698.850111,25338,1
2306,2302,698.861247,25349,1
2307,2303,698.872384,25360,1
2308,2304,698.883519,25371,1
2309,2305,698.894654,25382,1
2310,2306,698.905789,25393,1
2311,2307,698.916924,25404,1
2312,2308,698.928060,25415,1
2313,2309,698.939195,25426,1
2314,2310,698.950329,25437,1
2315,2311,698.961466,25448,1
2316,2312,698.972599,25459,1
2317,2313,698.983734,25470,1
2318,2314,698.994870,25481,1
2319,2315,699.006005,25492,1
2320,2316,699.017142,25503,1
2321,2317,699.028276,25514,1
2322,2318,699.039413,25525,1
2323,2319,699.050546,25536,1
2324,2320,699.061683,25547,1
2325,2321,699.072818,25558,1
2326,2322,699.083953,25569,1
2327,2323,699.095096,25580,1
2328,2324,699.106222,25591,1
2329,2325,699.117359,25602,1
2330,2326,699.127480,25612,1
2331,2327,699.138616,25623,1
2332,2328,699.149753,25634,1
2333,2329,699.160887,25645,1
2334,2330,699.172023,25656,1
2335,2331,699.183159,25667,1
2336,2332,699.194294,25678,1
2337,2333,699.205429,25689,1
2338,2334,699.216562,25700,1
2339,2335,699.227698,25711,1
2340,2336,699.238833,25722,1
2341,2337,699.249970,25733,1
2342,2338,699.261105,25744,1
2343,2339,699.272241,25755,1
2344,2340,699.283377,25766,1
2345,2341,699.294511,25777,1
2346,2342,699.305645,25788,1
2347,2343,699.316781,25799,1
2348,2344,699.327916,25810,1
2349,2345,699.339053,25821,1
2350,2346,699.350186,25832,1
2351,2347,699.361323,25843,1
2352,2348,699.372458,25854,1
2353,2349,699.383593,25865,1
2354,2350,699.394727,25876,1
2355,2351,699.405865,25887,1
2356,2352,699.416999,25898,1
2357,2353,699.428134,25909,1
2358,2354,699.439268,25920,1
2359,2355,699.450403,25931,1
2360,2356,699.461541,25942,1
2361,2357,699.472676,25953,1
2362,2358,699.483812,25964,1
2363,2359,699.494947,25975,1
2364,2360,699.506080,25986,1
2365,2361,699.517217,25997,1
2366,2362,699.528352,26008,1
2367,2363,699.539487,26019,1
2368,2364,699.550623,26030,1
2369,2365,699.561758,26041,1
2370,2366,699.572891,26052,1
2371,2367,699.584027,26063,1
2372,2368,699.595163,26074,1
2373,2369,699.606300,26085,1
2374,2370,699.617434,26096,1
2375,2371,699.628570,26107,1
2376,2372,699.639705,26118,1
2377,2373,699.650840,26129,1
2378,2374,699.661974,26140,1
2379,2375,699.673110,26151,1
2380,2376,699.684245,26162,1
2381,2377,699.695381,26173,1
2382,2378,699.706517,26184,1
2383,2379,699.717650,26195,1
2384,2380,699.728786,26206,1
2385,2381,699.739922,26217,1
2386,2382,699.751058,26228,1
2387,2383,699.762191,26239,1
2388,2384,699.773329,26250,1
2389,2385,699.784464,26261,1
2390,2386,699.795599,26272,1
2391,2387,699.806733,26283,1
2392,2388,699.817867,26294,1
2393,2389,699.829005,26305,1
2394,2390,699.840138,26316,1
2395,2391,699.851274,26327,1
2396,2392,699.862409,26338,1
2397,2393,699.873545,26349,1
2398,2394,699.884679,26360,1
2399,2395,699.895816,26371,1
2400,2396,699.906951,26382,1
2401,2397,699.918094,26393,1
2402,2398,699.929220,26404,1
2403,2399,699.940356,26415,1
2404,2400,699.951492,26426,1
2405,2401,699.962628,26437,1
2406,2402,699.973761,26448,1
2407,2403,699.984898,26459,1
2408,2404,699.996034,26470,1
2409,2405,700.007169,26481,1
2410,2406,700.018304,26492,1
2411,2407,700.029439,26503,1
2412,2408,700.040573,26514,1
2413,2409,700.051710,26525,1
2414,2410,700.062846,26536,1
2415,2411,700.073980,26547,1
2416,2412,700.085116,26558,1
2417,2413,700.096250,26569,1
2418,2414,700.107385,26580,1
2419,2415,700.118521,26591,1
2420,2416,700.129658,26602,1
2421,2417,700.140790,26613,1
2422,2418,700.151927,26624,1
2423,2419,700.163064,26635,1
2424,2420,700.174197,26646,1
2425,2421,700.185333,26657,1
2426,2422,700.196469,26668,1
2427,2423,700.207602,26679,1
2428,2424,700.218740,26690,1
2429,2425,700.229875,26701,1
2430,2426,700.241010,26712,1
2431,2427,700.252144,26723,1
2432,2428,700.263279,26734,1
2433,2429,700.274416,26745,1
2434,2430,700.285552,26756,1
2435,2431,700.296686,26767,1
2436,2432,700.307822,26778,1
2437,2433,700.318955,26789,1
2438,2434,700.330098,26800,1
2439,2435,700.341228,26811,1
2440,2436,700.352362,26822,1
2441,2437,700.363496,26833,1
2442,2438,700.374633,26844,1
2443,2439,700.385767,26855,1
2444,2440,700.396902,26866,1
2445,2441,700.408039,26877,1
2446,2442,700.419174,26888,1
2447,2443,700.430309,26899,1
2448,2444,700.441444,26910,1
2449,2445,700.452578,26921,1
2450,2446,700.463715,26932,1
2451,2447,700.474851,26943,1
2452,2448,700.485986,26954,1
2453,2449,700.497120,26965,1
2454,2450,700.508257,26976,1
2455,2451,700.519390,26987,1
2456,2452,700.530527,26998,1
2457,2453,700.541662,27009,1
2458,2454,700.552797,27020,1
2459,2455,700.563934,27031,1
2460,2456,700.575069,27042,1
2461,2457,700.586202,27053,1
2462,2458,700.597339,27064,1
2463,2459,700.608475,27075,1
2464,2460,700.619609,27086,1
2465,2461,700.629731,27096,1
2466,2462,700.640867,27107,1
2467,2463,700.652003,27118,1
2468,2464,700.663139,27129,1
2469,2465,700.674274,27140,1
2470,2466,700.685407,27151,1
2471,2467,700.696544,27162,1
2472,2468,700.707680,27173,1
2473,2469,700.718813,27183,1
2474,2470,700.729950,27194,1
2475,2471,700.741095,27205,1
2476,2472,700.752219,27216,1
2477,2473,700.763356,27227,1
2478,2474,700.774495,27238,1
2479,2475,700.785627,27249,1
2480,2476,700.796762,27260,1
2481,2477,700.807897,27271,1
2482,2478,700.819032,27282,1
2483,2479,700.830167,27293,1
2484,2480,700.841303,27304,1
2485,2481,700.852437,27315,1
2486,2482,700.863574,27326,1
2487,2483,700.874707,27337,1
2488,2484,700.885842,27348,1
2489,2485,700.896980,27359,1
2490,2486,700.908113,27370,1
2491,2487,700.919250,27381,1
2492,2488,700.930385,27392,1
2493,2489,700.941520,27403,1
2494,2490,700.952654,27414,1
2495,2491,700.963791,27425,1
2496,2492,700.974926,27436,1
2497,2493,700.986060,27447,1
2498,2494,700.997197,27458,1
2499,2495,701.008330,27469,1
2500,2496,701.019468,27480,1
2501,2497,701.030603,27491,1
2502,2498,701.041738,27502,1
2503,2499,701.052873,27513,1
2504,2500,701.064008,27524,1
2505,2501,701.075142,27535,1
2506,2502,701.086279,27546,1
2507,2503,701.097415,27557,1
2508,2504,701.108548,27568,1
2509,2505,701.119684,27579,1
2510,2506,701.130819,27590,1
2511,2507,701.141954,27601,1
2512,2508,701.153096,27612,1
2513,2509,701.164226,27623,1
2514,2510,701.175362,27634,1
2515,2511,701.186495,27645,1
2516,2512,701.197632,27656,1
2517,2513,701.208765,27667,1
2518,2514,701.219903,27678,1
2519,2515,701.231038,27689,1
2520,2516,701.242172,27700,1
2521,2517,701.253307,27711,1
2522,2518,701.264441,27722,1
2523,2519,701.275577,27733,1
2524,2520,701.286712,27744,1
2525,2521,701.297849,27755,1
2526,2522,701.308985,27766,1
2527,2523,701.320119,27777,1
2528,2524,701.331255,27788,1
2529,2525,701.342391,27799,1
2530,2526,701.353525,27810,1
2531,2527,701.364661,27821,1
2532,2528,701.375796,27832,1
2533,2529,701.386931,27843,1
2534,2530,701.398068,27854,1
2535,2531,701.409201,27865,1
2536,2532,701.420338,27876,1
2537,2533,701.431471,27887,1
2538,2534,701.442609,27898,1
2539,2535,701.453743,27909,1
2540,2536,701.464879,27920,1
2541,2537,701.476014,27931,1
2542,2538,701.487149,27942,1
2543,2539,701.498283,27953,1
2544,2540,701.509420,27964,1
2545,2541,701.520556,27975,1
2546,2542,701.531690,27986,1
2547,2543,701.542824,27997,1
2548,2544,701.553960,28008,1
2549,2545,701.565100,28019,1
2550,2546,701.576231,28030,1
2551,2547,701.587366,28041,1
2552,2548,701.598502,28052,1
2553,2549,701.609636,28063,1
2554,2550,701.620771,28074,1
2555,2551,701.631907,28085,1
2556,2552,701.643043,28096,1
2557,2553,701.654177,28107,1
2558,2554,701.665312,28118,1
2559,2555,701.676449,28129,1
2560,2556,701.687584,28140,1
2561,2557,701.698717,28151,1
2562,2558,701.709853,28162,1
2563,2559,701.720988,28173,1
2564,2560,701.732124,28184,1
2565,2561,701.743260,28195,1
2566,2562,701.754394,28206,1
2567,2563,701.765531,28217,1
2568,2564,701.776667,28228,1
2569,2565,701.787800,28239,1
2570,2566,701.798937,28250,1
2571,2567,701.810073,28261,1
2572,2568,701.821208,28272,1
2573,2569,701.832342,28283,1
2574,2570,701.843477,28294,1
2575,2571,701.854614,28305,1
2576,2572,701.865747,28316,1
2577,2573,701.876882,28327,1
2578,2574,701.888017,28338,1
2579,2575,701.899155,28349,1
2580,2576,701.910288,28360,1
2581,2577,701.921423,28371,1
2582,2578,701.932561,28382,1
2583,2579,701.943694,28393,1
2584,2580,701.954830,28404,1
2585,2581,701.965967,28415,1
2586,2582,701.977103,28426,1
2587,2583,701.988237,28437,1
2588,2584,701.999372,28448,1
2589,2585,702.010507,28459,1
2590,2586,702.021643,28470,1
2591,2587,702.032777,28481,1
2592,2588,702.043911,28492,1
2593,2589,702.055046,28503,1
2594,2590,702.066182,28514,1
2595,2591,702.077319,28525,1
2596,2592,702.088454,28536,1
2597,2593,702.099590,28547,1
2598,2594,702.110723,28558,1
2599,2595,702.121859,28569,1
2600,2596,702.131982,28579,1
2601,2597,702.143122,28590,1
2602,-1,702.154251,28601,1
2603,2598,702.165388,28612,1
2604,2599,702.176524,28623,1
2605,2600,702.187660,28634,1
2606,2601,702.198795,28645,1
2607,2602,702.209931,28656,1
2608,2603,702.221066,28667,1
2609,2604,702.232201,28678,1
2610,2605,702.243336,28689,1
2611,2606,702.254471,28700,1
2612,2607,702.265605,28711,1
2613,2608,702.276741,28722,1
2614,2609,702.287876,28733,1
2615,2610,702.299012,28744,1
2616,2611,702.310147,28755,1
2617,2612,702.321283,28766,1
2618,2613,702.332419,28777,1
2619,2614,702.343552,28788,1
2620,2615,702.354688,28799,1
2621,2616,702.365822,28810,1
2622,2617,702.376959,28821,1
2623,2618,702.388100,28832,1
2624,2619,702.399230,28843,1
2625,2620,702.410365,28854,1
2626,2621,702.421501,28865,1
2627,2622,702.432635,28876,1
2628,2623,702.443769,28887,1
2629,2624,702.454907,28898,1
2630,2625,702.466042,28909,1
2631,2626,702.477177,28920,1
2632,2627,702.488311,28931,1
2633,2628,702.499446,28942,1
2634,2629,702.510581,28953,1
2635,2630,702.521716,28964,1
2636,2631,702.532853,28975,1
2637,2632,702.543988,28986,1
2638,2633,702.555122,28997,1
2639,2634,702.566258,29008,1
2640,2635,702.577393,29019,1
2641,2636,702.588528,29030,1
2642,2637,702.599664,29041,1
2643,2638,702.610800,29052,1
2644,2639,702.621936,29063,1
2645,2640,702.633069,29074,1
2646,2641,702.644205,29085,1
2647,2642,702.655341,29096,1
2648,2643,702.666476,29107,1
2649,2644,702.677612,29118,1
2650,2645,702.688746,29129,1
2651,2646,702.699880,29140,1
2652,2647,702.711018,29151,1
2653,2648,702.722151,29162,1
2654,2649,702.733289,29173,1
2655,2650,702.744423,29184,1
2656,2651,702.755558,29195,1
2657,2652,702.766693,29206,1
2658,2653,702.777829,29217,1
2659,2654,702.788965,29228,1
2660,2655,702.800098,29239,1
2661,2656,702.811234,29250,1
2662,2657,702.822370,29261,1
2663,2658,702.833505,29272,1
2664,2659,702.844641,29283,1
2665,2660,702.855776,29294,1
2666,2661,702.866912,29305,1
2667,2662,702.878046,29316,1
2668,2663,702.889180,29327,1
2669,2664,702.900316,29338,1
2670,2665,702.911453,29349,1
2671,2666,702.922586,29360,1
2672,2667,702.933722,29371,1
2673,2668,702.944858,29382,1
2674,2669,702.955992,29393,1
2675,2670,702.967127,29404,1
2676,2671,702.978262,29415,1
2677,2672,702.989400,29426,1
2678,2673,703.000533,29437,1
2679,2674,703.011670,29448,1
2680,2675,703.022805,29459,1
2681,2676,703.033939,29470,1
2682,2677,703.045076,29481,1
2683,2678,703.056210,29492,1
2684,2679,703.067346,29503,1
2685,2680,703.078481,29514,1
2686,2681,703.089617,29525,1
2687,2682,703.100752,29536,1
2688,2683,703.111888,29547,1
2689,2684,703.123023,29558,1
2690,2685,703.134156,29569,1
2691,2686,703.145292,29580,1
2692,2687,703.156427,29591,1
2693,2688,703.167562,29602,1
2694,2689,703.178699,29613,1
2695,2690,703.189834,29624,1
2696,2691,703.200969,29635,1
2697,2692,703.212105,29646,1
2698,2693,703.223241,29657,1
2699,2694,703.234376,29668,1
2700,2695,703.245511,29679,1
2701,2696,703.256646,29690,1
2702,2697,703.267780,29701,1
2703,2698,703.278916,29712,1
2704,2699,703.290053,29723,1
2705,2700,703.301187,29734,1
2706,2701,703.312320,29745,1
2707,2702,703.323458,29756,1
2708,2703,703.334594,29767,1
2709,2704,703.345726,29778,1
2710,2705,703.356864,29789,1
2711,2706,703.367999,29800,1
2712,2707,703.379132,29811,1
2713,2708,703.390270,29822,1
2714,2709,703.401404,29833,1
2715,2710,703.412540,29844,1
2716,2711,703.423673,29855,1
2717,2712,703.434811,29866,1
2718,2713,703.445945,29877,1
2719,2714,703.457081,29888,1
2720,2715,703.468216,29899,1
2721,2716,703.479350,29910,1
2722,2717,703.490486,29921,1
2723,2718,703.501621,29932,1
2724,2719,703.512758,29943,1
2725,2720,703.523892,29954,1
2726,2721,703.535027,29965,1
2727,2722,703.546163,29976,1
2728,2723,703.557298,29987,1
2729,2724,703.568434,29998,1
2730,2725,703.579568,30009,1
2731,2726,703.590705,30020,1
2732,2727,703.601838,30031,1
2733,2728,703.612975,30042,1
2734,2729,703.623101,30052,1
2735,2730,703.634233,30063,1
2736,2731,703.645367,30074,1
2737,2732,703.656504,30085,1
2738,2733,703.667640,30096,1
2739,2734,703.678773,30107,1
2740,2735,703.689910,30118,1
2741,2736,703.701044,30129,1
2742,2737,703.712180,30140,1
2743,2738,703.723314,30151,1
2744,2739,703.734449,30162,1
2745,2740,703.745585,30173,1
2746,2741,703.756719,30184,1
2747,2742,703.767857,30195,1
2748,2743,703.778992,30206,1
2749,2744,703.790128,30217,1
2750,2745,703.801262,30228,1
2751,2746,703.812397,30239,1
2752,2747,703.823533,30250,1
2753,2748,703.834669,30261,1
2754,2749,703.845802,30272,1
2755,2750,703.856939,30283,1
2756,2751,703.868075,30294,1
2757,2752,703.879209,30305,1
2758,2753,703.890345,30316,1
2759,2754,703.901478,30327,1
2760,2755,703.912615,30338,1
2761,2756,703.923750,30349,1
2762,2757,703.934887,30360,1
2763,2758,703.946020,30371,1
2764,2759,703.957156,30382,1
2765,2760,703.968291,30393,1
2766,2761,703.979425,30404,1
2767,2762,703.990563,30415,1
2768,2763,704.001696,30426,1
2769,2764,704.012833,30437,1
2770,2765,704.023966,30448,1
2771,2766,704.035103,30459,1
2772,2767,704.046238,30470,1
2773,2768,704.057374,30481,1
2774,2769,704.068510,30492,1
2775,2770,704.079644,30503,1
2776,2771,704.090778,30514,1
2777,2772,704.101916,30525,1
2778,2773,704.113049,30536,1
2779,2774,704.124186,30547,1
2780,2775,704.135321,30558,1
2781,2776,704.146454,30569,1
2782,2777,704.157590,30580,1
2783,2778,704.168727,30591,1
2784,2779,704.179862,30602,1
2785,2780,704.190998,30613,1
2786,2781,704.202132,30624,1
2787,2782,704.213267,30635,1
2788,2783,704.224402,30646,1
2789,2784,704.235538,30657,1
2790,2785,704.246672,30668,1
2791,2786,704.257808,30679,1
2792,2787,704.268943,30690,1
2793,2788,704.280080,30701,1
2794,2789,704.291214,30712,1
2795,2790,704.302350,30723,1
2796,2791,704.313485,30734,1
2797,2792,704.324619,30745,1
2798,2793,704.335754,30756,1
2799,2794,704.346891,30767,1
2800,2795,704.358027,30778,1
2801,2796,704.369162,30789,1
2802,2797,704.380296,30800,1
2803,2798,704.391432,30811,1
2804,2799,704.402568,30822,1
2805,2800,704.413703,30833,1
2806,2801,704.424838,30844,1
2807,2802,704.435974,30855,1
2808,2803,704.447109,30866,1
2809,2804,704.458245,30877,1
2810,2805,704.469380,30888,1
2811,2806,704.480514,30899,1
2812,2807,704.491648,30910,1
2813,2808,704.502785,30921,1
2814,2809,704.513921,30932,1
2815,2810,704.525057,30943,1
2816,2811,704.536191,30954,1
2817,2812,704.547326,30965,1
2818,2813,704.558461,30976,1
2819,2814,704.569596,30987,1
2820,2815,704.580731,30998,1
2821,2816,704.591867,31009,1
2822,2817,704.603003,31020,1
2823,2818,704.614138,31031,1
2824,2819,704.625274,31042,1
2825,2820,704.636408,31053,1
2826,2821,704.647544,31064,1
2827,2822,704.658678,31075,1
2828,2823,704.669815,31086,1
2829,2824,704.680950,31097,1
2830,2825,704.692095,31108,1
2831,2826,704.703219,31119,1
2832,2827,704.714356,31130,1
2833,2828,704.725491,31141,1
2834,2829,704.736627,31152,1
2835,2830,704.747762,31163,1
2836,2831,704.758897,31174,1
2837,2832,704.770033,31185,1
2838,2833,704.781167,31196,1
2839,2834,704.792303,31207,1
2840,2835,704.803437,31218,1
2841,2836,704.814574,31229,1
2842,2837,704.825708,31240,1
2843,2838,704.836843,31251,1
2844,2839,704.847978,31262,1
2845,2840,704.859115,31273,1
2846,2841,704.870248,31284,1
2847,2842,704.881385,31295,1
2848,2843,704.892519,31306,1
2849,2844,704.903655,31317,1
2850,2845,704.914790,31328,1
2851,2846,704.925924,31339,1
2852,2847,704.937061,31350,1
2853,2848,704.948196,31361,1
2854,2849,704.959332,31372,1
2855,2850,704.970467,31383,1
2856,2851,704.981602,31394,1
2857,2852,704.992738,31405,1
2858,2853,705.003871,31416,1
2859,2854,705.015009,31427,1
2860,2855,705.026143,31438,1
2861,2856,705.037277,31449,1
2862,2857,705.048412,31460,1
2863,2858,705.059548,31471,1
2864,2859,705.070684,31482,1
2865,2860,705.081820,31493,1
2866,2861,705.092956,31504,1
2867,2862,705.104096,31515,1
2868,2863,705.115225,31526,1
2869,2864,705.125349,31536,1
2870,2865,705.136482,31547,1
2871,2866,705.147619,31558,1
2872,2867,705.158755,31569,1
2873,2868,705.169890,31580,1
2874,2869,705.181025,31591,1
2875,2870,705.192161,31602,1
2876,2871,705.203294,31613,1
2877,2872,705.214430,31624,1
2878,2873,705.225565,31635,1
2879,2874,705.236702,31646,1
2880,2875,705.247838,31657,1
2881,2876,705.258973,31668,1
2882,2877,705.270106,31679,1
2883,2878,705.281241,31690,1
2884,2879,705.292376,31701,1
2885,2880,705.303513,31712,1
2886,2881,705.314649,31723,1
2887,2882,705.325784,31734,1
2888,2883,705.336919,31745,1
2889,2884,705.348053,31756,1
2890,2885,705.359190,31767,1
2891,2886,705.370323,31778,1
2892,2887,705.381459,31789,1
2893,2888,705.392596,31800,1
2894,2889,705.403730,31811,1
2895,2890,705.414864,31822,1
2896,2891,705.426002,31833,1
2897,2892,705.437136,31844,1
2898,2893,705.448273,31855,1
2899,2894,705.459408,31866,1
2900,2895,705.470542,31877,1
2901,2896,705.481676,31888,1
2902,2897,705.492811,31899,1
2903,2898,705.503946,31910,1
2904,2899,705.515094,31921,1
2905,2900,705.526217,31932,1
2906,2901,705.537354,31943,1
2907,2902,705.548489,31954,1
2908,2903,705.559625,31965,1
2909,2904,705.570760,31976,1
2910,2905,705.581894,31987,1
2911,2906,705.593030,31998,1
2912,2907,705.604166,32009,1
2913,2908,705.615302,32020,1
2914,2909,705.626437,32031,1
2915,2910,705.637572,32042,1
2916,2911,705.648705,32053,1
2917,2912,705.659842,32064,1
2918,2913,705.670977,32075,1
2919,2914,705.682111,32086,1
2920,2915,705.693249,32097,1
2921,2916,705.704382,32108,1
2922,2917,705.715786,32118,1
2923,2918,705.726652,32129,1
2924,2919,705.737788,32140,1
2925,2920,705.748925,32151,1
2926,2921,705.760061,32162,1
2927,2922,705.771194,32173,1
2928,2923,705.782329,32184,1
2929,2924,705.793466,32195,1
2930,2925,705.804600,32206,1
2931,2926,705.815735,32217,1
2932,2927,705.826871,32228,1
2933,2928,705.838007,32239,1
2934,2929,705.849140,32250,1
2935,2930,705.860276,32261,1
2936,2931,705.871413,32272,1
2937,2932,705.882548,32283,1
2938,2933,705.893683,32294,1
2939,2934,705.904818,32305,1
2940,2935,705.915954,32316,1
2941,2936,705.927098,32327,1
2942,2937,705.938223,32338,1
2943,2938,705.949359,32349,1
2944,2939,705.960495,32360,1
2945,2940,705.971631,32371,1
2946,2941,705.982764,32382,1
2947,2942,705.993902,32393,1
2948,2943,706.005037,32404,1
2949,2944,706.016170,32415,1
2950,2945,706.027307,32426,1
2951,2946,706.038441,32437,1
2952,2947,706.049577,32448,1
2953,2948,706.060711,32459,1
2954,2949,706.071848,32470,1
2955,2950,706.082984,32481,1
2956,2951,706.094117,32492,1
2957,2952,706.105253,32503,1
2958,2953,706.116389,32514,1
2959,2954,706.127524,32525,1
2960,2955,706.138658,32536,1
2961,2956,706.149795,32547,1
2962,2957,706.160930,32558,1
2963,2958,706.172065,32569,1
2964,2959,706.183200,32580,1
2965,2960,706.194336,32591,1
2966,2961,706.205471,32602,1
2967,2962,706.216605,32613,1
2968,2963,706.227741,32624,1
2969,2964,706.238875,32635,1
2970,2965,706.250011,32646,1
2971,2966,706.261148,32657,1
2972,2967,706.272282,32668,1
2973,2968,706.283419,32679,1
2974,2969,706.294553,32690,1
2975,2970,706.305689,32701,1
2976,2971,706.316824,32712,1
2977,2972,706.327958,32723,1
2978,2973,706.339100,32734,1
2979,2974,706.350229,32745,1
2980,2975,706.361363,32756,1
2981,2976,706.372500,32767,1
2982,2977,706.383634,32778,1
2983,2978,706.394769,32789,1
2984,2979,706.405907,32800,1
2985,2980,706.417041,32811,1
2986,2981,706.428176,32822,1
2987,2982,706.439313,32833,1
2988,2983,706.450447,32844,1
2989,2984,706.461581,32855,1
2990,2985,706.472717,32866,1
2991,2986,706.483853,32877,1
2992,2987,706.494988,32888,1
2993,2988,706.506122,32899,1
2994,2989,706.517257,32910,1
2995,2990,706.528395,32921,1
2996,2991,706.539529,32932,1
2997,2992,706.550665,32943,1
2998,2993,706.561800,32954,1
2999,2994,706.572934,32965,1
3000,2995,706.584071,32976,1
3001,2996,706.595207,32987,1
3002,2997,706.606340,32998,1
3003,2998,706.617477,33009,1
3004,2999,706.627598,33019,1
3005,3000,706.638733,33030,1
3006,3001,706.649870,33041,1
3007,3002,706.661006,33052,1
3008,3003,706.672139,33063,1
3009,3004,706.683275,33074,1
3010,3005,706.694411,33085,1
3011,3006,706.705546,33096,1
3012,3007,706.716682,33107,1
3013,3008,706.727817,33118,1
3014,3009,706.738952,33129,1
3015,3010,706.750096,33140,1
3016,3011,706.761221,33151,1
3017,3012,706.772358,33162,1
3018,3013,706.783493,33173,1
3019,3014,706.794627,33184,1
3020,3015,706.805764,33195,1
3021,3016,706.816898,33206,1
3022,3017,706.828035,33217,1
3023,3018,706.839168,33228,1
3024,3019,706.850305,33239,1
3025,3020,706.861441,33250,1
3026,3021,706.872576,33261,1
3027,3022,706.883711,33272,1
3028,3023,706.894847,33283,1
3029,3024,706.905980,33294,1
3030,3025,706.917117,33305,1
3031,3026,706.928253,33316,1
3032,3027,706.939386,33327,1
3033,3028,706.950522,33338,1
3034,3029,706.961656,33349,1
3035,3030,706.972793,33360,1
3036,3031,706.983929,33371,1
3037,3032,706.995063,33382,1
3038,3033,707.006200,33393,1
3039,3034,707.017335,33404,1
3040,3035,707.028470,33415,1
3041,3036,707.039606,33426,1
3042,3037,707.050739,33437,1
3043,3038,707.061874,33448,1
3044,3039,707.073011,33459,1
3045,3040,707.084146,33470,1
3046,3041,707.095280,33481,1
3047,3042,707.106417,33492,1
3048,3043,707.117553,33503,1
3049,3044,707.128688,33514,1
3050,3045,707.139823,33525,1
3051,3046,707.150958,33536,1
3052,3047,707.162105,33547,1
3053,3048,707.173229,33558,1
3054,3049,707.184362,33569,1
3055,3050,707.195499,33580,1
3056,3051,707.206635,33591,1
3057,3052,707.217769,33602,1
3058,3053,707.228903,33613,1
3059,3054,707.240039,33624,1
3060,3055,707.251174,33635,1
3061,3056,707.262309,33646,1
3062,3057,707.273447,33657,1
3063,3058,707.284582,33668,1
3064,3059,707.295716,33679,1
3065,3060,707.306850,33690,1
3066,3061,707.317987,33701,1
3067,3062,707.329121,33712,1
3068,3063,707.340256,33723,1
3069,3064,707.351393,33734,1
3070,3065,707.362529,33745,1
3071,3066,707.373663,33756,1
3072,3067,707.384798,33767,1
3073,3068,707.395934,33778,1
3074,3069,707.407070,33789,1
3075,3070,707.418204,33800,1
3076,3071,707.429340,33811,1
3077,3072,707.440476,33822,1
3078,3073,707.451609,33833,1
3079,3074,707.462746,33844,1
3080,3075,707.473879,33855,1
3081,3076,707.485017,33866,1
3082,3077,707.496151,33877,1
3083,3078,707.507286,33888,1
3084,3079,707.518423,33899,1
3085,3080,707.529556,33910,1
3086,3081,707.540691,33921,1
3087,3082,707.551829,33932,1
3088,3083,707.562964,33943,1
3089,3084,707.574104,33954,1
3090,3085,707.585234,33965,1
3091,3086,707.596368,33976,1
3092,3087,707.607505,33987,1
3093,3088,707.618639,33998,1
3094,3089,707.629773,34009,1
3095,3090,707.640909,34020,1
3096,3091,707.652044,34031,1
3097,3092,707.663182,34042,1
3098,3093,707.674317,34053,1
3099,3094,707.685452,34064,1
3100,3095,707.696586,34075,1
3101,3096,707.707723,34086,1
3102,3097,707.718856,34097,1
3103,3098,707.729991,34108,1
3104,3099,707.741127,34119,1
3105,3100,707.752263,34130,1
3106,3101,707.763397,34141,1
3107,3102,707.774533,34152,1
3108,3103,707.785668,34163,1
3109,3104,707.796804,34174,1
3110,3105,707.807939,34185,1
3111,3106,707.819075,34196,1
3112,3107,707.830210,34207,1
3113,3108,707.841346,34218,1
3114,3109,707.852481,34229,1
3115,3110,707.863616,34240,1
3116,3111,707.874750,34251,1
3117,3112,707.885885,34262,1
3118,3113,707.897020,34273,1
3119,3114,707.908158,34284,1
3120,3115,707.919291,34295,1
3121,3116,707.930426,34306,1
3122,3117,707.941563,34317,1
3123,3118,707.952696,34328,1
3124,3119,707.963832,34339,1
3125,3120,707.974967,34350,1
3126,3121,707.986105,34361,1
3127,3122,707.997240,34372,1
3128,3123,708.008375,34383,1
3129,3124,708.019510,34394,1
3130,3125,708.030643,34405,1
3131,3126,708.041780,34416,1
3132,3127,708.052916,34427,1
3133,3128,708.064052,34438,1
3134,3129,708.075187,34449,1
3135,3130,708.086320,34460,1
3136,3131,708.097457,34471,1
3137,3132,708.108591,34482,1
3138,3133,708.119727,34493,1
3139,3134,708.129850,34503,1
3140,3135,708.140987,34514,1
3141,3136,708.152122,34525,1
3142,3137,708.163256,34536,1
3143,3138,708.174391,34547,1
3144,3139,708.185527,34558,1
3145,3140,708.196663,34569,1
3146,3141,708.207796,34580,1
3147,3142,708.218931,34591,1
3148,-1,708.230069,34602,1
3149,3143,708.241204,34613,1
3150,3144,708.252337,34624,1
3151,3145,708.263472,34635,1
3152,3146,708.274610,34646,1
3153,3147,708.285743,34657,1
3154,3148,708.296878,34668,1
3155,3149,708.308013,34679,1
3156,3150,708.319150,34690,1
3157,3151,708.330284,34701,1
3158,3152,708.341420,34712,1
3159,3153,708.352557,34723,1
3160,3154,708.363691,34734,1
3161,3155,708.374825,34745,1
3162,3156,708.385961,34756,1
3163,3157,708.397099,34767,1
3164,3158,708.408233,34778,1
3165,3159,708.419368,34789,1
3166,3160,708.430503,34800,1
3167,3161,708.441639,34811,1
3168,3162,708.452772,34822,1
3169,3163,708.463910,34833,1
3170,3164,708.475044,34844,1
3171,3165,708.486180,34855,1
3172,3166,708.497315,34866,1
3173,3167,708.508449,34877,1
3174,3168,708.519584,34888,1
3175,3169,708.530721,34899,1
3176,3170,708.541856,34910,1
3177,3171,708.552991,34921,1
3178,3172,708.564125,34932,1
3179,3173,708.575260,34943,1
3180,3174,708.586396,34954,1
3181,3175,708.597533,34965,1
3182,3176,708.608666,34976,1
3183,3177,708.619804,34987,1
3184,3178,708.630938,34998,1
3185,3179,708.642073,35009,1
3186,3180,708.653208,35020,1
3187,3181,708.664344,35031,1
3188,3182,708.675479,35042,1
3189,3183,708.686616,35053,1
3190,3184,708.697749,35064,1
3191,3185,708.708885,35075,1
3192,3186,708.720019,35086,1
3193,3187,708.731157,35097,1
3194,3188,708.742289,35108,1
3195,3189,708.753427,35119,1
3196,3190,708.764560,35130,1
3197,3191,708.775696,35141,1
3198,3192,708.786832,35152,1
3199,3193,708.797967,35163,1
3200,3194,708.809102,35174,1
3201,3195,708.820239,35185,1
3202,3196,708.831374,35196,1
3203,3197,708.842507,35207,1
3204,3198,708.853644,35218,1
3205,3199,708.864779,35229,1
3206,3200,708.875913,35240,1
3207,3201,708.887051,35251,1
3208,3202,708.898185,35262,1
3209,3203,708.909320,35273,1
3210,3204,708.920455,35284,1
3211,3205,708.931589,35295,1
3212,3206,708.942725,35306,1
3213,3207,708.953862,35317,1
3214,3208,708.964997,35328,1
3215,3209,708.976132,35339,1
3216,3210,708.987268,35350,1
3217,3211,708.998403,35361,1
3218,3212,709.009537,35372,1
3219,3213,709.020674,35383,1
3220,3214,709.031809,35394,1
3221,3215,709.042945,35405,1
3222,3216,709.054078,35416,1
3223,3217,709.065213,35427,1
3224,3218,709.076351,35438,1
3225,3219,709.087485,35449,1
3226,3220,709.098619,35460,1
3227,3221,709.109754,35471,1
3228,3222,709.120891,35482,1
3229,3223,709.132026,35493,1
3230,3224,709.143162,35504,1
3231,3225,709.154295,35515,1
3232,3226,709.165433,35526,1
3233,3227,709.176566,35537,1
3234,3228,709.187703,35548,1
3235,3229,709.198838,35559,1
3236,3230,709.209971,35570,1
3237,3231,709.221108,35581,1
3238,3232,709.232243,35592,1
3239,3233,709.243380,35603,1
3240,3234,709.254515,35614,1
3241,3235,709.265648,35625,1
3242,3236,709.276785,35636,1
3243,3237,709.287918,35647,1
3244,3238,709.299056,35658,1
3245,3239,709.310191,35669,1
3246,3240,709.321324,35680,1
3247,3241,709.332460,35691,1
3248,3242,709.343598,35702,1
3249,3243,709.354732,35713,1
3250,3244,709.365867,35724,1
3251,3245,709.377003,35735,1
3252,3246,709.388138,35746,1
3253,3247,709.399274,35757,1
3254,3248,709.410409,35768,1
3255,3249,709.421543,35779,1
3256,3250,709.432680,35790,1
3257,3251,709.443815,35801,1
3258,3252,709.454948,35812,1
3259,3253,709.466097,35823,1
3260,3254,709.477218,35834,1
3261,3255,709.488356,35845,1
3262,3256,709.499491,35856,1
3263,3257,709.510625,35867,1
3264,3258,709.521759,35878,1
3265,3259,709.532895,35889,1
3266,3260,709.544032,35900,1
3267,3261,709.555168,35911,1
3268,3262,709.566302,35922,1
3269,3263,709.577438,35933,1
3270,3264,709.588574,35944,1
3271,3265,709.599709,35955,1
3272,3266,709.610843,35966,1
3273,3267,709.621977,35977,1
3274,3268,709.632100,35987,1
3275,3269,709.643237,35998,1
3276,3270,709.654371,36009,1
3277,3271,709.665508,36020,1
3278,3272,709.676643,36031,1
3279,3273,709.687778,36042,1
3280,3274,709.698913,36053,1
3281,3275,709.710047,36064,1
3282,3276,709.721184,36075,1
3283,3277,709.732320,36086,1
3284,3278,709.743456,36097,1
3285,3279,709.754590,36108,1
3286,3280,709.765724,36119,1
3287,3281,709.776860,36130,1
3288,3282,709.787994,36141,1
3289,3283,709.799132,36152,1
3290,3284,709.810265,36163,1
3291,3285,709.821400,36174,1
3292,3286,709.832537,36185,1
3293,3287,709.843672,36196,1
3294,3288,709.854808,36207,1
3295,3289,709.865941,36218,1
3296,3290,709.877076,36229,1
3297,3291,709.888214,36240,1
3298,3292,709.899347,36251,1
3299,3293,709.910484,36262,1
3300,3294,709.921620,36273,1
3301,3295,709.932755,36284,1
3302,3296,709.943890,36295,1
3303,3297,709.955026,36306,1
3304,3298,709.966161,36317,1
3305,3299,709.977295,36328,1
3306,3300,709.988432,36339,1
3307,3301,709.999567,36350,1
3308,3302,710.010702,36361,1
3309,3303,710.021837,36372,1
3310,3304,710.032973,36383,1
3311,3305,710.044108,36394,1
3312,3306,710.055243,36405,1
3313,3307,710.066378,36416,1
3314,3308,710.077514,36427,1
3315,3309,710.088649,36438,1
3316,3310,710.099782,36449,1
3317,3311,710.110920,36460,1
3318,3312,710.122055,36471,1
3319,3313,710.133188,36482,1
3320,3314,710.144324,36493,1
3321,3315,710.155461,36504,1
3322,3316,710.166594,36515,1
3323,3317,710.177731,36526,1
3324,3318,710.188866,36537,1
3325,3319,710.200000,36548,1
3326,3320,710.211135,36559,1
3327,3321,710.222273,36570,1
3328,3322,710.233408,36581,1
3329,3323,710.244541,36592,1
3330,3324,710.255676,36603,1
3331,3325,710.266812,36614,1
3332,3326,710.277948,36625,1
3333,3327,710.289096,36636,1
3334,3328,710.300220,36647,1
3335,3329,710.311354,36658,1
3336,3330,710.322490,36669,1
3337,3331,710.333626,36680,1
3338,3332,710.344760,36691,1
3339,3333,710.355894,36702,1
3340,3334,710.367030,36713,1
3341,3335,710.378165,36724,1
3342,3336,710.389301,36735,1
3343,3337,710.400436,36746,1
3344,3338,710.411572,36757,1
3345,3339,710.422707,36768,1
3346,3340,710.433842,36779,1
3347,3341,710.444977,36790,1
3348,3342,710.456112,36801,1
3349,3343,710.467247,36812,1
3350,3344,710.478383,36823,1
3351,3345,710.489519,36834,1
3352,3346,710.500654,36845,1
3353,3347,710.511789,36856,1
3354,3348,710.522925,36867,1
3355,3349,710.534061,36878,1
3356,3350,710.545194,36889,1
3357,3351,710.556332,36900,1
3358,3352,710.567464,36911,1
3359,3353,710.578602,36922,1
3360,3354,710.589737,36933,1
3361,3355,710.600873,36944,1
3362,3356,710.612007,36955,1
3363,3357,710.623141,36966,1
3364,3358,710.634278,36977,1
3365,3359,710.645413,36988,1
3366,3360,710.656549,36999,1
3367,3361,710.667683,37010,1
3368,3362,710.678819,37021,1
3369,3363,710.689954,37032,1
3370,3364,710.701097,37043,1
3371,3365,710.712223,37054,1
3372,3366,710.723360,37064,1
3373,3367,710.734495,37075,1
3374,3368,710.745631,37086,1
3375,3369,710.756764,37097,1
3376,3370,710.767902,37108,1
3377,3371,710.779036,37119,1
3378,3372,710.790171,37130,1
3379,3373,710.801307,37141,1
3380,3374,710.812443,37152,1
3381,3375,710.823576,37163,1
3382,3376,710.834712,37174,1
3383,3377,710.845848,37185,1
3384,3378,710.856984,37196,1
3385,3379,710.868118,37207,1
3386,3380,710.879252,37218,1
3387,3381,710.890390,37229,1
3388,3382,710.901525,37240,1
3389,3383,710.912658,37251,1
3390,3384,710.923794,37262,1
3391,3385,710.934929,37273,1
3392,3386,710.946066,37284,1
3393,3387,710.957200,37295,1
3394,3388,710.968334,37306,1
3395,3389,710.979472,37317,1
3396,3390,710.990607,37328,1
3397,3391,711.001743,37339,1
3398,3392,711.012877,37350,1
3399,3393,711.024011,37361,1
3400,3394,711.035146,37372,1
3401,3395,711.046281,37383,1
3402,3396,711.057418,37394,1
3403,3397,711.068554,37405,1
3404,3398,711.079689,37416,1
3405,3399,711.090824,37427,1
3406,3400,711.101958,37438,1
3407,3401,711.113100,37449,1
3408,3402,711.124229,37460,1
3409,3403,711.134353,37470,1
3410,3404,711.145489,37481,1
3411,3405,711.156624,37492,1
3412,3406,711.167758,37503,1
3413,3407,711.178895,37514,1
3414,3408,711.190031,37525,1
3415,3409,711.201166,37536,1
3416,3410,711.212301,37547,1
3417,3411,711.223436,37558,1
3418,3412,711.234569,37569,1
3419,3413,711.245706,37580,1
3420,3414,711.256842,37591,1
3421,3415,711.267975,37602,1
3422,3416,711.279112,37613,1
3423,3417,711.290248,37624,1
3424,3418,711.301383,37635,1
3425,3419,711.312518,37646,1
3426,3420,711.323652,37657,1
3427,3421,711.334788,37668,1
3428,3422,711.345924,37679,1
3429,3423,711.357060,37690,1
3430,3424,711.368195,37701,1
3431,3425,711.379329,37712,1
3432,3426,711.390464,37723,1
3433,3427,711.401601,37734,1
3434,3428,711.412736,37745,1
3435,3429,711.423871,37756,1
3436,3430,711.435004,37767,1
3437,3431,711.446140,37778,1
3438,3432,711.457276,37789,1
3439,3433,711.468411,37800,1
3440,3434,711.479547,37811,1
3441,3435,711.490681,37822,1
3442,3436,711.501818,37833,1
3443,3437,711.512952,37844,1
3444,3438,711.524097,37855,1
3445,3439,711.535224,37866,1
3446,3440,711.546357,37877,1
3447,3441,711.557494,37888,1
3448,3442,711.568629,37899,1
3449,3443,711.579764,37910,1
3450,3444,711.590898,37921,1
3451,3445,711.602036,37932,1
3452,3446,711.613171,37943,1
3453,3447,711.624304,37954,1
3454,3448,711.635442,37965,1
3455,3449,711.646577,37976,1
3456,3450,711.657711,37987,1
3457,3451,711.668848,37998,1
3458,3452,711.679981,38009,1
3459,3453,711.691116,38020,1
3460,3454,711.702253,38031,1
3461,3455,711.713388,38042,1
3462,3456,711.724522,38053,1
3463,3457,711.735657,38064,1
3464,3458,711.746793,38075,1
3465,3459,711.757928,38086,1
3466,3460,711.769065,38097,1
3467,3461,711.780199,38108,1
3468,3462,711.791335,38119,1
3469,3463,711.802470,38130,1
3470,3464,711.813604,38141,1
3471,3465,711.824740,38152,1
3472,3466,711.835877,38163,1
3473,3467,711.847011,38174,1
3474,3468,711.858146,38185,1
3475,-1,711.869283,38196,1
3476,3469,711.880416,38207,1
3477,3470,711.891551,38218,1
3478,3471,711.902689,38229,1
3479,3472,711.913822,38240,1
3480,3474,711.924958,38251,1
3481,-1,711.936099,38262,1
3482,3475,711.947229,38273,1
3483,3476,711.958363,38284,1
3484,3477,711.969500,38295,1
3485,3478,711.980636,38306,1
3486,3479,711.991768,38317,1
3487,3480,712.002904,38328,1
3488,3481,712.014042,38339,1
3489,3482,712.025175,38350,1
3490,3483,712.036312,38361,1
3491,3484,712.047445,38372,1
3492,3485,712.058580,38383,1
3493,3486,712.069718,38394,1
3494,3487,712.080853,38405,1
3495,3488,712.091986,38416,1
3496,3489,712.103124,38427,1
3497,3490,712.114258,38438,1
3498,3491,712.125393,38449,1
3499,3492,712.136529,38460,1
3500,3493,712.147664,38471,1
3501,3494,712.158798,38482,1
3502,3495,712.169935,38493,1
3503,3496,712.181070,38504,1
3504,3497,712.192206,38515,1
3505,3498,712.203340,38526,1
3506,3499,712.214477,38537,1
3507,3500,712.225611,38548,1
3508,3501,712.236745,38559,1
3509,3502,712.247882,38570,1
3510,3503,712.259018,38581,1
3511,3504,712.270151,38592,1
3512,3505,712.281288,38603,1
3513,3506,712.292423,38614,1
3514,3507,712.303557,38625,1
3515,3508,712.314692,38636,1
3516,3509,712.325829,38647,1
3517,3510,712.336964,38658,1
3518,3511,712.348098,38669,1
3519,3512,712.359235,38680,1
3520,3513,712.370370,38691,1
3521,3514,712.381505,38702,1
3522,3515,712.392639,38713,1
3523,3516,712.403774,38724,1
3524,3517,712.414911,38735,1
3525,3518,712.426045,38746,1
3526,3519,712.437181,38757,1
3527,3520,712.448317,38768,1
3528,3521,712.459450,38779,1
3529,3522,712.470586,38790,1
3530,3523,712.481723,38801,1
3531,3524,712.492858,38812,1
3532,3525,712.503993,38823,1
3533,3526,712.515129,38834,1
3534,3527,712.526264,38845,1
3535,3528,712.537398,38856,1
3536,3529,712.548533,38867,1
3537,3530,712.559669,38878,1
3538,3531,712.570805,38889,1
3539,3532,712.581939,38900,1
3540,3533,712.593076,38911,1
3541,3534,712.604210,38922,1
3542,3535,712.615346,38933,1
3543,3536,712.625470,38943,1
3544,3537,712.636605,38954,1
3545,3538,712.647738,38965,1
3546,3539,712.658875,38976,1
3547,3540,712.670011,38987,1
3548,3541,712.681145,38998,1
3549,3542,712.692281,39009,1
3550,3543,712.703417,39020,1
3551,3544,712.714552,39031,1
3552,3545,712.725686,39042,1
3553,3546,712.736822,39053,1
3554,3547,712.747958,39064,1
3555,3548,712.759098,39075,1
3556,3549,712.770229,39086,1
3557,3550,712.781363,39097,1
3558,3551,712.792498,39108,1
3559,3552,712.803634,39119,1
3560,3553,712.814769,39130,1
3561,3554,712.825905,39141,1
3562,3555,712.837038,39152,1
3563,3556,712.848175,39163,1
3564,3557,712.859311,39174,1
3565,3558,712.870445,39185,1
3566,3559,712.881580,39196,1
3567,3560,712.892716,39207,1
3568,3561,712.903849,39218,1
3569,3562,712.914987,39229,1
3570,3563,712.926122,39240,1
3571,3564,712.937257,39251,1
3572,3565,712.948391,39262,1
3573,3566,712.959528,39273,1
3574,3567,712.970664,39284,1
3575,3568,712.981796,39295,1
3576,3569,712.992934,39306,1
3577,3570,713.004068,39317,1
3578,3571,713.015205,39328,1
3579,3572,713.026338,39339,1
3580,3573,713.037475,39350,1
3581,3574,713.048609,39361,1
3582,3575,713.059745,39372,1
3583,3576,713.070881,39383,1
3584,3577,713.082016,39394,1
3585,3578,713.093151,39405,1
3586,3579,713.104286,39416,1
3587,3580,713.115422,39427,1
3588,3581,713.126558,39438,1
3589,3582,713.137693,39449,1
3590,3583,713.148828,39460,1
3591,3584,713.159961,39471,1
3592,3585,713.171102,39482,1
3593,3586,713.182234,39493,1
3594,3587,713.193367,39504,1
3595,3588,713.204502,39515,1
3596,3589,713.215640,39526,1
3597,3590,713.226773,39537,1
3598,3591,713.237910,39548,1
3599,3592,713.249045,39559,1
3600,3593,713.260180,39570,1
3601,3594,713.271316,39581,1
3602,3595,713.282449,39592,1
3603,3596,713.293586,39603,1
3604,3597,713.304720,39614,1
3605,3598,713.315856,39625,1
3606,3599,713.326990,39636,1
3607,3600,713.338128,39647,1
3608,3601,713.349261,39658,1
3609,3602,713.360396,39669,1
3610,3603,713.371533,39680,1
3611,3604,713.382667,39691,1
3612,3605,713.393805,39702,1
3613,3606,713.404938,39713,1
3614,3607,713.416074,39724,1
3615,3608,713.427210,39735,1
3616,3609,713.438346,39746,1
3617,3610,713.449481,39757,1
3618,3611,713.460614,39768,1
3619,3612,713.471751,39779,1
3620,3613,713.482885,39790,1
3621,3614,713.494021,39801,1
3622,3615,713.505155,39812,1
3623,3616,713.516292,39823,1
3624,3617,713.527428,39834,1
3625,3618,713.538561,39845,1
3626,3619,713.549698,39856,1
3627,3620,713.560834,39867,1
3628,3621,713.571969,39878,1
3629,3622,713.583102,39889,1
3630,3623,713.594238,39900,1
3631,3624,713.605374,39911,1
3632,3625,713.616510,39922,1
3633,3626,713.627645,39933,1
3634,3627,713.638781,39944,1
3635,3628,713.649916,39955,1
3636,3629,713.661049,39966,1
3637,3630,713.672186,39977,1
3638,3631,713.683320,39988,1
3639,3632,713.694455,39999,1
3640,3633,713.705593,40010,1
3641,3634,713.716726,40021,1
3642,3635,713.727863,40032,1
3643,3636,713.738996,40043,1
3644,3637,713.750134,40054,1
3645,3638,713.761267,40065,1
3646,3639,713.772403,40076,1
3647,3640,713.783537,40087,1
3648,3641,713.794675,40098,1
3649,3642,713.805808,40109,1
3650,3643,713.816943,40120,1
3651,3644,713.828080,40131,1
3652,3645,713.839213,40142,1
3653,3646,713.850349,40153,1
3654,3647,713.861486,40164,1
3655,3648,713.872622,40175,1
3656,3649,713.883757,40186,1
3657,3650,713.894892,40197,1
3658,3651,713.906027,40208,1
3659,3652,713.917161,40219,1
3660,3653,713.928297,40230,1
3661,3654,713.939432,40241,1
3662,3655,713.950567,40252,1
3663,3656,713.961702,40263,1
3664,3657,713.972838,40274,1
3665,3658,713.983974,40285,1
3666,3659,713.995109,40296,1
3667,3660,714.006243,40307,1
3668,3661,714.017380,40318,1
3669,3662,714.028515,40329,1
3670,3663,714.039650,40340,1
3671,3664,714.050785,40351,1
3672,3665,714.061922,40362,1
3673,3666,714.073057,40373,1
3674,3667,714.084192,40384,1
3675,3668,714.095327,40395,1
3676,3669,714.106460,40406,1
3677,3670,714.117598,40417,1
3678,3671,714.127720,40427,1
3679,3672,714.138856,40438,1
3680,3673,714.149991,40449,1
3681,3674,714.161124,40460,1
3682,3675,714.172262,40471,1
3683,3676,714.183395,40482,1
3684,3677,714.194531,40493,1
3685,3678,714.205667,40504,1
3686,3679,714.216801,40515,1
3687,3680,714.227937,40526,1
3688,3681,714.239073,40537,1
3689,3682,714.250209,40548,1
3690,3683,714.261342,40559,1
3691,3684,714.272480,40570,1
3692,3685,714.283614,40581,1
3693,3686,714.294748,40592,1
3694,3687,714.305884,40603,1
3695,3688,714.317018,40614,1
3696,3689,714.328155,40625,1
3697,3690,714.339289,40636,1
3698,3691,714.350425,40647,1
3699,3692,714.361562,40658,1
3700,3693,714.372696,40669,1
3701,3694,714.383831,40680,1
3702,3695,714.394968,40691,1
3703,3696,714.406103,40702,1
3704,3697,714.417238,40713,1
3705,3698,714.428373,40724,1
3706,3699,714.439508,40735,1
3707,3700,714.450642,40746,1
3708,3701,714.461779,40757,1
3709,3702,714.472912,40768,1
3710,3703,714.484048,40779,1
3711,3704,714.495184,40790,1
3712,3705,714.506321,40801,1
3713,3706,714.517455,40812,1
3714,3707,714.528590,40823,1
3715,3708,714.539726,40834,1
3716,3709,714.550862,40845,1
3717,3710,714.561995,40856,1
3718,3711,714.573132,40867,1
3719,3712,714.584267,40878,1
3720,3713,714.595403,40889,1
3721,3714,714.606536,40900,1
3722,3715,714.617673,40911,1
3723,3716,714.628807,40922,1
3724,3717,714.639942,40933,1
3725,3718,714.651078,40944,1
3726,3719,714.662214,40955,1
3727,3720,714.673349,40966,1
3728,3721,714.684485,40977,1
3729,3722,714.695618,40988,1
3730,3723,714.706755,40999,1
3731,3724,714.717891,41010,1
3732,3725,714.729024,41021,1
3733,3726,714.740162,41032,1
3734,3727,714.751294,41043,1
3735,3728,714.762430,41054,1
3736,3729,714.773566,41065,1
3737,3730,714.784701,41076,1
3738,3731,714.795837,41087,1
3739,3732,714.806972,41098,1
3740,3733,714.818108,41109,1
3741,3734,714.829242,41120,1
3742,3735,714.840377,41131,1
3743,3736,714.851514,41142,1
3744,3737,714.862650,41153,1
3745,3738,714.873785,41164,1
3746,3739,714.884918,41175,1
3747,3740,714.896055,41186,1
3748,3741,714.907190,41197,1
3749,3742,714.918325,41208,1
3750,3743,714.929461,41219,1
3751,3744,714.940597,41230,1
3752,3745,714.951732,41241,1
3753,3746,714.962866,41252,1
3754,3747,714.974002,41263,1
3755,3748,714.985137,41274,1
3756,3749,714.996271,41285,1
3757,3750,715.007407,41296,1
3758,3751,715.018543,41307,1
3759,3752,715.029678,41318,1
3760,3753,715.040814,41329,1
3761,3754,715.051949,41340,1
3762,3755,715.063094,41351,1
3763,3756,715.074218,41362,1
3764,3757,715.085353,41373,1
3765,3758,715.096491,41384,1
3766,3759,715.107625,41395,1
3767,3760,715.118759,41406,1
3768,3761,715.129895,41417,1
3769,3762,715.141029,41428,1
3770,3763,715.152166,41439,1
3771,3764,715.163302,41450,1
3772,3765,715.174437,41461,1
3773,3766,715.185572,41472,1
3774,3767,715.196706,41483,1
3775,3768,715.207843,41494,1
3776,3769,715.218979,41505,1
3777,3770,715.230112,41516,1
3778,3771,715.241248,41527,1
3779,3772,715.252382,41538,1
3780,3773,715.263518,41549,1
3781,3774,715.274655,41560,1
3782,3775,715.285788,41571,1
3783,3776,715.296926,41582,1
3784,3777,715.308059,41593,1
3785,3778,715.319196,41604,1
3786,3779,715.330331,41615,1
3787,3780,715.341466,41626,1
3788,3781,715.352602,41637,1
3789,3782,715.363737,41648,1
3790,3783,715.374872,41659,1
3791,3784,715.386006,41670,1
3792,3785,715.397143,41681,1
3793,3786,715.408278,41692,1
3794,3787,715.419413,41703,1
3795,3788,715.430549,41714,1
3796,3789,715.441682,41725,1
3797,3790,715.452819,41736,1
3798,3791,715.463954,41747,1
3799,3792,715.475095,41758,1
3800,3793,715.486226,41769,1
3801,3794,715.497359,41780,1
3802,3795,715.508494,41791,1
3803,3796,715.519631,41802,1
3804,3797,715.530766,41813,1
3805,3798,715.541902,41824,1
3806,3799,715.553035,41835,1
3807,3800,715.564170,41846,1
3808,3801,715.575307,41857,1
3809,3802,715.586442,41868,1
3810,3803,715.597576,41879,1
3811,3804,715.608713,41890,1
3812,3805,715.619848,41901,1
3813,3806,715.629971,41911,1
3814,3807,715.641105,41922,1
3815,3808,715.652243,41933,1
3816,3809,715.663377,41944,1
3817,3810,715.674513,41955,1
3818,3811,715.685647,41966,1
3819,3812,715.696781,41977,1
3820,3813,715.707919,41988,1
3821,3814,715.719055,41999,1
3822,3815,715.730187,42010,1
3823,3816,715.741323,42021,1
3824,3817,715.752459,42032,1
3825,3818,715.763594,42043,1
3826,3819,715.774730,42054,1
3827,3820,715.785866,42065,1
3828,3821,715.797001,42076,1
3829,3822,715.808134,42087,1
3830,3823,715.819270,42098,1
3831,3824,715.830405,42109,1
3832,3825,715.841542,42120,1
3833,3826,715.852678,42131,1
3834,3827,715.863811,42142,1
3835,3828,715.874948,42153,1
3836,3829,715.886095,42164,1
3837,3830,715.897218,42175,1
3838,3831,715.908353,42186,1
3839,3832,715.919487,42197,1
3840,3833,715.930622,42208,1
3841,3834,715.941758,42219,1
3842,3835,715.952893,42230,1
3843,3836,715.964031,42241,1
3844,3837,715.975164,42252,1
3845,3838,715.986301,42263,1
3846,3839,715.997434,42274,1
3847,3840,716.008570,42285,1
3848,3841,716.019707,42296,1
3849,3842,716.030842,42307,1
3850,3843,716.041977,42318,1
3851,3844,716.053111,42329,1
3852,3845,716.064247,42340,1
3853,3846,716.075381,42351,1
3854,3847,716.086516,42362,1
3855,3848,716.097654,42373,1
3856,3849,716.108790,42384,1
3857,3850,716.119924,42395,1
3858,3851,716.131060,42406,1
3859,3852,716.142195,42417,1
3860,3853,716.153331,42428,1
3861,3854,716.164464,42439,1
3862,3855,716.175600,42450,1
3863,3856,716.186736,42461,1
3864,3857,716.197870,42472,1
3865,3858,716.209007,42483,1
3866,3859,716.220141,42494,1
3867,3860,716.231275,42505,1
3868,3861,716.242413,42516,1
3869,3862,716.253548,42527,1
3870,3863,716.264683,42538,1
3871,3864,716.275817,42549,1
3872,3865,716.286952,42560,1
3873,3866,716.298097,42571,1
3874,3867,716.309222,42582,1
3875,3868,716.320359,42593,1
3876,3869,716.331494,42604,1
3877,3870,716.342628,42615,1
3878,3871,716.353766,42626,1
3879,3872,716.364899,42637,1
3880,3873,716.376036,42648,1
3881,3874,716.387169,42659,1
3882,3875,716.398306,42670,1
3883,3876,716.409440,42681,1
3884,3877,716.420575,42692,1
3885,3878,716.431712,42703,1
3886,3879,716.442848,42714,1
3887,3880,716.453982,42725,1
3888,3881,716.465118,42736,1
3889,3882,716.476252,42747,1
3890,3883,716.487387,42758,1
3891,3884,716.498524,42769,1
3892,3885,716.509659,42780,1
3893,3886,716.520794,42791,1
3894,3887,716.531928,42802,1
3895,3888,716.543063,42813,1
3896,3889,716.554201,42824,1
3897,3890,716.565335,42835,1
3898,3891,716.576471,42846,1
3899,3892,716.587605,42857,1
3900,3893,716.598739,42868,1
3901,3894,716.609875,42879,1
3902,3895,716.621011,42890,1
3903,3896,716.632145,42901,1
3904,3897,716.643281,42912,1
3905,3898,716.654418,42923,1
3906,3899,716.665553,42934,1
3907,3900,716.676687,42945,1
3908,3901,716.687823,42956,1
3909,3902,716.698959,42967,1
3910,3903,716.710104,42978,1
3911,3904,716.721230,42989,1
3912,3905,716.732363,43000,1
3913,3906,716.743500,43011,1
3914,3907,716.754634,43022,1
3915,3908,716.765771,43033,1
3916,3909,716.776904,43044,1
3917,3910,716.788042,43055,1
3918,3911,716.799175,43066,1
3919,3912,716.810311,43077,1
3920,3913,716.821446,43088,1
3921,3914,716.832583,43099,1
3922,3915,716.843717,43110,1
3923,3916,716.854851,43121,1
3924,3917,716.865986,43132,1
3925,3918,716.877124,43143,1
3926,3919,716.888259,43154,1
3927,3920,716.899394,43165,1
3928,3921,716.910529,43176,1
3929,3922,716.921663,43187,1
3930,3923,716.932799,43198,1
3931,3924,716.943936,43209,1
3932,3925,716.955071,43220,1
3933,3926,716.966205,43231,1
3934,3927,716.977341,43242,1
3935,3928,716.988476,43253,1
3936,3929,716.999611,43264,1
3937,3930,717.010747,43275,1
3938,3931,717.021882,43286,1
3939,3932,717.033017,43297,1
3940,3933,717.044153,43308,1
3941,3934,717.055288,43319,1
3942,3935,717.066421,43330,1
3943,3936,717.077559,43341,1
3944,3937,717.088692,43352,1
3945,3938,717.099828,43363,1
3946,3939,717.110965,43374,1
3947,3940,717.122100,43385,1
3948,3941,717.132223,43395,1
3949,3942,717.143358,43406,1
3950,3943,717.154492,43417,1
3951,3944,717.165627,43428,1
3952,3945,717.176762,43439,1
3953,3946,717.187899,43450,1
3954,3947,717.199034,43461,1
3955,3948,717.210170,43472,1
3956,3949,717.221305,43483,1
3957,3950,717.232440,43494,1
3958,3951,717.243575,43505,1
3959,3952,717.254710,43516,1
3960,3953,717.265846,43527,1
3961,3954,717.276982,43538,1
3962,3955,717.288115,43549,1
3963,3956,717.299250,43560,1
3964,3957,717.310386,43571,1
3965,3958,717.321522,43582,1
3966,3959,717.332657,43593,1
3967,3960,717.343794,43604,1
3968,3961,717.354929,43615,1
3969,3962,717.366063,43626,1
3970,3963,717.377198,43637,1
3971,3964,717.388335,43648,1
3972,3965,717.399469,43659,1
3973,3966,717.410603,43670,1
3974,3967,717.421741,43681,1
3975,3968,717.432875,43692,1
3976,3969,717.444009,43703,1
3977,3970,717.455144,43714,1
3978,3971,717.466282,43725,1
3979,3972,717.477416,43736,1
3980,3973,717.488551,43747,1
3981,3974,717.499688,43758,1
3982,3975,717.510822,43769,1
3983,3976,717.521958,43780,1
3984,3977,717.533099,43791,1
3985,3978,717.544227,43802,1
3986,3979,717.555363,43813,1
3987,3980,717.566498,43824,1
3988,3981,717.577634,43835,1
3989,3982,717.588769,43846,1
3990,3983,717.599905,43857,1
3991,3984,717.611039,43868,1
3992,3985,717.622175,43879,1
3993,3986,717.633309,43890,1
3994,3987,717.644445,43901,1
3995,3988,717.655581,43912,1
3996,3989,717.666717,43923,1
3997,3990,717.677850,43934,1
3998,3991,717.688986,43945,1
3999,3992,717.700122,43956,1
4000,3993,717.711255,43967,1
4001,3994,717.722391,43978,1
4002,3995,717.733528,43989,1
4003,3996,717.744664,44000,1
4004,3997,717.755797,44011,1
4005,3998,717.766934,44022,1
4006,3999,717.778070,44033,1
4007,4000,717.789203,44044,1
4008,4001,717.800339,44055,1
4009,4002,717.811476,44066,1
4010,4003,717.822608,44077,1
4011,4004,717.833744,44088,1
4012,4005,717.844880,44099,1
4013,4006,717.856015,44110,1
4014,4007,717.867150,44121,1
4015,4008,717.878286,44132,1
4016,4009,717.889420,44143,1
4017,4010,717.900557,44154,1
4018,4011,717.911692,44165,1
4019,4012,717.922827,44176,1
4020,4013,717.933963,44187,1
4021,4014,717.945100,44198,1
4022,4015,717.956234,44209,1
4023,4016,717.967368,44220,1
4024,4017,717.978505,44231,1
4025,4018,717.989639,44242,1
4026,4019,718.000774,44253,1
4027,4020,718.011910,44264,1
4028,4021,718.023045,44275,1
4029,4022,718.034181,44286,1
4030,4023,718.045316,44297,1
4031,4024,718.056451,44308,1
4032,4025,718.067585,44319,1
4033,4026,718.078720,44330,1
4034,4027,718.089858,44341,1
4035,4028,718.100990,44352,1
4036,4029,718.112126,44363,1
4037,4030,718.123261,44374,1
4038,4031,718.134397,44385,1
4039,4032,718.145534,44396,1
4040,4033,718.156667,44407,1
4041,4034,718.167802,44418,1
4042,4035,718.178940,44429,1
4043,4036,718.190075,44440,1
4044,4037,718.201210,44451,1
4045,4038,718.212346,44462,1
4046,4039,718.223480,44473,1
4047,4040,718.234616,44484,1
4048,4041,718.245750,44495,1
4049,4042,718.256887,44506,1
4050,4043,718.268020,44517,1
4051,4044,718.279157,44528,1
4052,4045,718.290291,44539,1
4053,4046,718.301426,44550,1
4054,4047,718.312563,44561,1
4055,4048,718.323698,44572,1
4056,4049,718.334834,44583,1
4057,4050,718.345968,44594,1
4058,4051,718.357104,44605,1
4059,4052,718.368240,44616,1
4060,4053,718.379375,44627,1
4061,4054,718.390510,44638,1
4062,4055,718.401644,44649,1
4063,4056,718.412779,44660,1
4064,4057,718.423916,44671,1
4065,4058,718.435052,44682,1
4066,4059,718.446187,44693,1
4067,4060,718.457321,44704,1
4068,4061,718.468455,44715,1
4069,4062,718.479591,44726,1
4070,4063,718.490725,44737,1
4071,4064,718.501863,44748,1
4072,4065,718.512998,44759,1
4073,4066,718.524132,44770,1
4074,4067,718.535267,44781,1
4075,4068,718.546402,44792,1
4076,4069,718.557537,44803,1
4077,4070,718.568674,44814,1
4078,4071,718.579808,44825,1
4079,4072,718.590943,44836,1
4080,4073,718.602081,44847,1
4081,4074,718.613215,44858,1
4082,4075,718.624349,44869,1
4083,4076,718.634472,44879,1
4084,4077,718.645608,44890,1
4085,4078,718.656743,44901,1
4086,4079,718.667878,44912,1
4087,4080,718.679015,44923,1
4088,4081,718.690148,44934,1
4089,4082,718.701284,44945,1
4090,4083,718.712420,44956,1
4091,4084,718.723556,44967,1
4092,4085,718.734691,44978,1
4093,4086,718.745826,44989,1
4094,4087,718.756962,45000,1
4095,4088,718.768100,45011,1
4096,4089,718.779232,45022,1
4097,4090,718.790366,45033,1
4098,4091,718.801503,45044,1
4099,4092,718.812638,45055,1
4100,4093,718.823772,45066,1
4101,4094,718.834909,45077,1
4102,4095,718.846042,45088,1
4103,4096,718.857179,45099,1
4104,4097,718.868313,45110,1
4105,4098,718.879448,45121,1
4106,4099,718.890585,45132,1
4107,4100,718.901721,45143,1
4108,4101,718.912854,45154,1
4109,4102,718.923991,45165,1
4110,4103,718.935127,45176,1
4111,4104,718.946262,45187,1
4112,4105,718.957397,45198,1
4113,4106,718.968533,45209,1
4114,4107,718.979668,45220,1
4115,4108,718.990803,45231,1
4116,4109,719.001937,45242,1
4117,4110,719.013072,45253,1
4118,4111,719.024207,45264,1
4119,4112,719.035342,45275,1
4120,4113,719.046480,45286,1
4121,4114,719.057614,45297,1
4122,4115,719.068750,45308,1
4123,4116,719.079884,45319,1
4124,4117,719.091020,45330,1
4125,4118,719.102155,45341,1
4126,4119,719.113290,45352,1
4127,4120,719.124427,45363,1
4128,4121,719.135560,45374,1
4129,4122,719.146695,45385,1
4130,4123,719.157830,45396,1
4131,4124,719.168967,45407,1
4132,4125,719.180106,45418,1
4133,4126,719.191236,45429,1
4134,4127,719.202373,45440,1
4135,4128,719.213508,45451,1
4136,4129,719.224644,45462,1
4137,4130,719.235779,45473,1
4138,4131,719.246914,45484,1
4139,4132,719.258049,45495,1
4140,4133,719.269186,45506,1
4141,4134,719.280319,45517,1
4142,4135,719.291455,45528,1
4143,4136,719.302591,45539,1
4144,4137,719.313727,45550,1
4145,4138,719.324859,45561,1
4146,4139,719.335996,45572,1
4147,4140,719.347133,45583,1
4148,4141,719.358265,45594,1
4149,4142,719.369401,45605,1
4150,4143,719.380536,45616,1
4151,4144,719.391671,45627,1
4152,4145,719.402808,45638,1
4153,4146,719.413944,45649,1
4154,4147,719.425079,45660,1
4155,4148,719.436215,45671,1
4156,4149,719.447349,45682,1
4157,4150,719.458484,45693,1
4158,4151,719.469620,45704,1
4159,4152,719.480756,45715,1
4160,4153,719.491889,45726,1
4161,4154,719.503025,45737,1
4162,4155,719.514162,45748,1
4163,4156,719.525296,45759,1
4164,4157,719.536431,45770,1
4165,4158,719.547567,45781,1
4166,4159,719.558702,45792,1
4167,4160,719.569837,45803,1
4168,4161,719.580973,45814,1
4169,4162,719.592109,45825,1
4170,4163,719.603243,45836,1
4171,4164,719.614378,45847,1
4172,4165,719.625514,45858,1
4173,4166,719.636648,45869,1
4174,4167,719.647785,45880,1
4175,4168,719.658920,45891,1
4176,4169,719.670056,45902,1
4177,4170,719.681189,45913,1
4178,4171,719.692324,45924,1
4179,4172,719.703462,45935,1
4180,4173,719.714595,45946,1
4181,4174,719.725729,45957,1
4182,4175,719.736866,45968,1
4183,4176,719.748000,45979,1
4184,4177,719.759135,45990,1
4185,4178,719.770273,46001,1
4186,4179,719.781408,46012,1
4187,4180,719.792544,46023,1
4188,4181,719.803677,46034,1
4189,4182,719.814812,46045,1
4190,4183,719.825948,46056,1
4191,4184,719.837094,46067,1
4192,4185,719.848219,46078,1
4193,4186,719.859353,46089,1
4194,4187,719.870488,46100,1
4195,4188,719.881624,46111,1
4196,4189,719.892760,46122,1
4197,4190,719.903896,46133,1
4198,4191,719.915030,46144,1
4199,4192,719.926165,46155,1
4200,4193,719.937302,46166,1
4201,4194,719.948438,46177,1
4202,4195,719.959572,46188,1
4203,4196,719.970706,46199,1
4204,4197,719.981842,46210,1
4205,4198,719.992979,46221,1
4206,4199,720.004112,46232,1
4207,4200,720.015249,46243,1
4208,4201,720.026382,46254,1
4209,4202,720.037518,46265,1
4210,4203,720.048655,46276,1
4211,4204,720.059789,46287,1
4212,4205,720.070926,46298,1
4213,4206,720.082061,46309,1
4214,4207,720.093196,46320,1
4215,4208,720.104331,46331,1
4216,4209,720.115465,46342,1
4217,4210,720.125588,46352,1
4218,4211,720.136725,46363,1
4219,4212,720.147858,46374,1
4220,4213,720.158996,46385,1
4221,4214,720.170130,46396,1
4222,4215,720.181266,46407,1
4223,4216,720.192399,46418,1
4224,4217,720.203535,46429,1
4225,4218,720.214670,46440,1
4226,4219,720.225807,46451,1
4227,4220,720.236942,46462,1
4228,4221,720.248076,46473,1
4229,4222,720.259211,46484,1
4230,4223,720.270348,46495,1
4231,4224,720.281482,46506,1
4232,4225,720.292617,46517,1
4233,4226,720.303754,46528,1
4234,4227,720.314890,46539,1
4235,4228,720.326023,46550,1
4236,4229,720.337159,46561,1
4237,4230,720.348295,46572,1
4238,4231,720.359430,46583,1
4239,4232,720.370566,46594,1
4240,4233,720.381701,46605,1
4241,4234,720.392836,46616,1
4242,4235,720.403970,46627,1
4243,4236,720.415105,46638,1
4244,4237,720.426243,46649,1
4245,4238,720.437377,46660,1
4246,4239,720.448511,46671,1
4247,4240,720.459646,46682,1
4248,4241,720.470783,46693,1
4249,4242,720.481919,46704,1
4250,4243,720.493054,46715,1
4251,4244,720.504189,46726,1
4252,4245,720.515322,46737,1
4253,4246,720.526460,46748,1
4254,4247,720.537596,46759,1
4255,4248,720.548731,46770,1
4256,4249,720.559864,46781,1
4257,4250,720.571000,46792,1
4258,4251,720.582136,46803,1
4259,4252,720.593270,46814,1
4260,4253,720.604406,46825,1
4261,4254,720.615540,46836,1
4262,4255,720.626676,46847,1
4263,4256,720.637810,46858,1
4264,4257,720.648947,46869,1
4265,4258,720.660094,46880,1
4266,4259,720.671216,46891,1
4267,4260,720.682354,46902,1
4268,4261,720.693489,46913,1
4269,4262,720.704625,46924,1
4270,4263,720.715799,46934,1
4271,4264,720.726895,46945,1
4272,4265,720.738029,46956,1
4273,4266,720.749165,46967,1
4274,4267,720.760301,46978,1
4275,4268,720.771435,46989,1
4276,4269,720.782569,47000,1
4277,4270,720.793705,47011,1
4278,4271,720.804842,47022,1
4279,4272,720.815975,47033,1
4280,4273,720.827112,47044,1
4281,4274,720.838246,47055,1
4282,4275,720.849383,47066,1
4283,4276,720.860518,47077,1
4284,4277,720.871653,47088,1
4285,4278,720.882787,47099,1
4286,4279,720.893923,47110,1
4287,4280,720.905060,47121,1
4288,4281,720.916193,47132,1
4289,4282,720.927330,47143,1
4290,4283,720.938465,47154,1
4291,4284,720.949601,47165,1
4292,4285,720.960735,47176,1
4293,4286,720.971872,47187,1
4294,4287,720.983006,47198,1
4295,4288,720.994141,47209,1
4296,4289,721.005277,47220,1
4297,4290,721.016411,47231,1
4298,4291,721.027547,47242,1
4299,4292,721.038681,47253,1
4300,4293,721.049816,47264,1
4301,4294,721.060953,47275,1
4302,4295,721.072097,47286,1
4303,4296,721.083222,47297,1
4304,4297,721.094357,47308,1
4305,4298,721.105494,47319,1
4306,4299,721.116630,47330,1
4307,4300,721.127764,47341,1
4308,4301,721.138901,47352,1
4309,4302,721.150034,47363,1
4310,4303,721.161171,47374,1
4311,4304,721.172306,47385,1
4312,4305,721.183439,47396,1
4313,4306,721.194577,47407,1
4314,4307,721.205713,47418,1
4315,4308,721.216845,47429,1
4316,4309,721.227982,47440,1
4317,4310,721.239116,47451,1
4318,4311,721.250251,47462,1
4319,4312,721.261387,47473,1
4320,4313,721.272524,47484,1
4321,4314,721.283657,47495,1
4322,4315,721.294794,47506,1
4323,4316,721.305928,47517,1
4324,4317,721.317063,47528,1
4325,4318,721.328201,47539,1
4326,4319,721.339334,47550,1
4327,4320,721.350469,47561,1
4328,4321,721.361606,47572,1
4329,4322,721.372741,47583,1
4330,4323,721.383877,47594,1
4331,4324,721.395010,47605,1
4332,4325,721.406147,47616,1
4333,4326,721.417281,47627,1
4334,4327,721.428417,47638,1
4335,4328,721.439551,47649,1
4336,4329,721.450686,47660,1
4337,4330,721.461824,47671,1
4338,4331,721.472958,47682,1
4339,4332,721.484100,47693,1
4340,4333,721.495228,47704,1
4341,4334,721.506364,47715,1
4342,4335,721.517500,47726,1
4343,4336,721.528636,47737,1
4344,4337,721.539770,47748,1
4345,4338,721.550905,47759,1
4346,4339,721.562039,47770,1
4347,4340,721.573176,47781,1
4348,4341,721.584311,47792,1
4349,4342,721.595445,47803,1
4350,4343,721.606583,47814,1
4351,4344,721.617717,47825,1
4352,4345,721.627839,47835,1
4353,4346,721.638974,47846,1
4354,4347,721.650110,47857,1
4355,4348,721.661244,47868,1
4356,4349,721.672381,47879,1
4357,4350,721.683515,47890,1
4358,4351,721.694652,47901,1
4359,4352,721.705788,47912,1
4360,4353,721.716921,47923,1
4361,4354,721.728057,47934,1
4362,4355,721.739194,47945,1
4363,4356,721.750329,47956,1
4364,4357,721.761462,47967,1
4365,4358,721.772599,47978,1
4366,4359,721.783734,47989,1
4367,4360,721.794870,48000,1
4368,4361,721.806005,48011,1
4369,4362,721.817140,48022,1
4370,4363,721.828274,48033,1
4371,4364,721.839409,48044,1
4372,4365,721.850546,48055,1
4373,4366,721.861681,48066,1
4374,4367,721.872815,48077,1
4375,4368,721.883950,48088,1
4376,4369,721.895094,48099,1
4377,4370,721.906221,48110,1
4378,4371,721.917357,48121,1
4379,4372,721.928493,48132,1
4380,4373,721.939629,48143,1
4381,4374,721.950763,48154,1
4382,4375,721.961897,48165,1
4383,4376,721.973035,48176,1
4384,4377,721.984169,48187,1
4385,4378,721.995303,48198,1
4386,4379,722.006440,48209,1
4387,4380,722.017576,48220,1
4388,4381,722.028711,48231,1
4389,4382,722.039845,48242,1
4390,4383,722.050982,48253,1
4391,4384,722.062116,48264,1
4392,4385,722.073252,48275,1
4393,4386,722.084385,48286,1
4394,4387,722.095520,48297,1
4395,4388,722.106656,48308,1
4396,4389,722.117792,48319,1
4397,4390,722.128927,48330,1
4398,4391,722.140064,48341,1
4399,4392,722.151197,48352,1
4400,4393,722.162334,48363,1
4401,4394,722.173470,48374,1
4402,4395,722.184603,48385,1
4403,4396,722.195738,48396,1
4404,4397,722.206875,48407,1
4405,4398,722.218011,48418,1
4406,4399,722.229144,48429,1
4407,4400,722.240281,48440,1
4408,4401,722.251416,48451,1
4409,4402,722.262550,48462,1
4410,4403,722.273685,48473,1
4411,4404,722.284820,48484,1
4412,4405,722.295956,48495,1
4413,4406,722.307103,48506,1
4414,4407,722.318226,48517,1
4415,4408,722.329363,48528,1
4416,4409,722.340498,48539,1
4417,4410,722.351632,48550,1
4418,4411,722.362769,48561,1
4419,4412,722.373905,48572,1
4420,4413,722.385040,48583,1
4421,4414,722.396175,48594,1
4422,4415,722.407309,48605,1
4423,4416,722.418445,48616,1
4424,4417,722.429580,48627,1
4425,4418,722.440717,48638,1
4426,4419,722.451852,48649,1
4427,4420,722.462987,48660,1
4428,4421,722.474121,48671,1
4429,4422,722.485257,48682,1
4430,4423,722.496392,48693,1
4431,4424,722.507529,48704,1
4432,4425,722.518662,48715,1
4433,4426,722.529799,48726,1
4434,4427,722.540934,48737,1
4435,4428,722.552068,48748,1
4436,4429,722.563203,48759,1
4437,4430,722.574339,48770,1
4438,4431,722.585476,48781,1
4439,4432,722.596610,48792,1
4440,4433,722.607744,48803,1
4441,4434,722.618881,48814,1
4442,4435,722.630016,48825,1
4443,4436,722.641150,48836,1
4444,4437,722.652285,48847,1
4445,4438,722.663422,48858,1
4446,4439,722.674558,48869,1
4447,4440,722.685693,48880,1
4448,4441,722.696827,48891,1
4449,4442,722.707961,48902,1
4450,4443,722.719099,48913,1
4451,4444,722.730234,48924,1
4452,4445,722.741368,48935,1
4453,4446,722.752505,48946,1
4454,4447,722.763638,48957,1
4455,4448,722.774774,48968,1
4456,4449,722.785909,48979,1
4457,4450,722.797045,48990,1
4458,4451,722.808180,49001,1
4459,4452,722.819315,49012,1
4460,4453,722.830451,49023,1
4461,4454,722.841585,49034,1
4462,4455,722.852721,49045,1
4463,4456,722.863856,49056,1
4464,4457,722.874992,49067,1
4465,4458,722.886127,49078,1
4466,4459,722.897262,49089,1
4467,4460,722.908397,49100,1
4468,4461,722.919533,49111,1
4469,4462,722.930668,49122,1
4470,4463,722.941802,49133,1
4471,4464,722.952940,49144,1
4472,4465,722.964074,49155,1
4473,4466,722.975209,49166,1
4474,4467,722.986345,49177,1
4475,4468,722.997481,49188,1
4476,4469,723.008616,49199,1
4477,4470,723.019751,49210,1
4478,4471,723.030884,49221,1
4479,4472,723.042022,49232,1
4480,4473,723.053155,49243,1
4481,4474,723.064291,49254,1
4482,4475,723.075428,49265,1
4483,4476,723.086562,49276,1
4484,4477,723.097698,49287,1
4485,4478,723.108834,49298,1
4486,4479,723.119969,49309,1
4487,4480,723.130097,49319,1
4488,4481,723.141227,49330,1
4489,4482,723.152362,49341,1
4490,4483,723.163496,49352,1
4491,4484,723.174632,49363,1
4492,4485,723.185767,49374,1
4493,4486,723.196904,49385,1
4494,4487,723.208039,49396,1
4495,4488,723.219172,49407,1
4496,4489,723.230308,49418,1
4497,4490,723.241445,49429,1
4498,4491,723.252580,49440,1
4499,4492,723.263715,49451,1
4500,4493,723.274848,49462,1
4501,4494,723.285986,49473,1
4502,4495,723.297120,49484,1
4503,4496,723.308254,49495,1
4504,4497,723.319390,49506,1
4505,4498,723.330527,49517,1
4506,4499,723.341662,49528,1
4507,4500,723.352795,49539,1
4508,4501,723.363933,49550,1
4509,4502,723.375066,49561,1
4510,4503,723.386202,49572,1
4511,4504,723.397338,49583,1
4512,4505,723.408474,49594,1
4513,4506,723.419609,49605,1
4514,4507,723.430742,49616,1
4515,4508,723.441879,49627,1
4516,4509,723.453014,49638,1
4517,4510,723.464148,49649,1
4518,4511,723.475286,49660,1
4519,4512,723.486420,49671,1
4520,4513,723.497555,49682,1
4521,4514,723.508692,49693,1
4522,4515,723.519825,49704,1
4523,4516,723.530962,49715,1
4524,4517,723.542098,49726,1
4525,4518,723.553230,49737,1
4526,4519,723.564368,49748,1
4527,4520,723.575501,49759,1
4528,4521,723.586638,49770,1
4529,4522,723.597773,49781,1
4530,4523,723.608907,49792,1
4531,4524,723.620044,49803,1
4532,4525,723.631178,49814,1
4533,4526,723.642313,49825,1
4534,4527,723.653448,49836,1
4535,4528,723.664584,49847,1
4536,4529,723.675721,49858,1
4537,4530,723.686856,49869,1
4538,4531,723.697991,49880,1
4539,4532,723.709126,49891,1
4540,4533,723.720259,49902,1
4541,4534,723.731395,49913,1
4542,4535,723.742530,49924,1
4543,4536,723.753666,49935,1
4544,4537,723.764803,49946,1
4545,4538,723.775936,49957,1
4546,4539,723.787072,49968,1
4547,4540,723.798208,49979,1
4548,4541,723.809344,49990,1
4549,4542,723.820478,50001,1
4550,4543,723.831614,50012,1
4551,4544,723.842750,50023,1
4552,4545,723.853885,50034,1
4553,4546,723.865018,50045,1
4554,4547,723.876156,50056,1
4555,4548,723.887290,50067,1
4556,4549,723.898426,50078,1
4557,4550,723.909561,50089,1
4558,4551,723.920697,50100,1
4559,4552,723.931832,50111,1
4560,4553,723.942965,50122,1
4561,4554,723.954103,50133,1
4562,4555,723.965237,50144,1
4563,4556,723.976373,50155,1
4564,4557,723.987509,50166,1
4565,4558,723.998643,50177,1
4566,4559,724.009778,50188,1
4567,4560,724.020915,50199,1
4568,4561,724.032050,50210,1
4569,4562,724.043185,50221,1
4570,4563,724.054319,50232,1
4571,4564,724.065456,50243,1
4572,4565,724.076589,50254,1
4573,4566,724.087724,50265,1
4574,4567,724.098862,50276,1
4575,4568,724.109996,50287,1
4576,4569,724.121132,50298,1
4577,4570,724.132267,50309,1
4578,4571,724.143402,50320,1
4579,4572,724.154537,50331,1
4580,4573,724.165671,50342,1
4581,4574,724.176808,50353,1
4582,4575,724.187942,50364,1
4583,4576,724.199078,50375,1
4584,4577,724.210215,50386,1
4585,4578,724.221348,50397,1
4586,4579,724.232485,50408,1
4587,4580,724.243620,50419,1
4588,4581,724.254755,50430,1
4589,4582,724.265888,50441,1
4590,4583,724.277024,50452,1
4591,4584,724.288159,50463,1
4592,4585,724.299297,50474,1
4593,4586,724.310432,50485,1
4594,4587,724.321567,50496,1
4595,4588,724.332701,50507,1
4596,4589,724.343837,50518,1
4597,4590,724.354972,50529,1
4598,4591,724.366108,50540,1
4599,4592,724.377242,50551,1
4600,4593,724.388378,50562,1
4601,4594,724.399513,50573,1
4602,4595,724.410649,50584,1
4603,4596,724.421783,50595,1
4604,4597,724.432919,50606,1
4605,4598,724.444056,50617,1
4606,4599,724.455191,50628,1
4607,4600,724.466324,50639,1
4608,4601,724.477460,50650,1
4609,4602,724.488595,50661,1
4610,4603,724.499730,50672,1
4611,4604,724.510866,50683,1
4612,4605,724.522002,50694,1
4613,4606,724.533136,50705,1
4614,4607,724.544272,50716,1
4615,4608,724.555407,50727,1
4616,4609,724.566541,50738,1
4617,4610,724.577677,50749,1
4618,4611,724.588812,50760,1
4619,4612,724.599949,50771,1
4620,4613,724.611096,50782,1
4621,4614,724.622219,50793,1
4622,4615,724.632342,50803,1
4623,4616,724.643477,50814,1
4624,4617,724.654613,50825,1
4625,4618,724.665748,50836,1
4626,4619,724.676883,50847,1
4627,4620,724.688017,50858,1
4628,4621,724.699153,50869,1
4629,4622,724.710289,50880,1
4630,4623,724.721425,50891,1
4631,4624,724.732560,50902,1
4632,4625,724.743695,50913,1
4633,4626,724.754829,50924,1
4634,4627,724.765966,50935,1
4635,4628,724.777103,50946,1
4636,4629,724.788234,50957,1
4637,4630,724.799372,50968,1
4638,4631,724.810508,50979,1
4639,4632,724.821642,50990,1
4640,4633,724.832776,51001,1
4641,4634,724.843912,51012,1
4642,4635,724.855048,51023,1
4643,4636,724.866184,51034,1
4644,4637,724.877318,51045,1
4645,4638,724.888453,51056,1
4646,4639,724.899589,51067,1
4647,4640,724.910723,51078,1
4648,4641,724.921859,51089,1
4649,4642,724.932995,51100,1
4650,4643,724.944129,51111,1
4651,4644,724.955266,51122,1
4652,4645,724.966400,51133,1
4653,4646,724.977534,51144,1
4654,4647,724.988672,51155,1
4655,4648,724.999805,51166,1
4656,4649,725.010941,51177,1
4657,4650,725.022077,51188,1
4658,4651,725.033210,51199,1
4659,4652,725.044346,51210,1
4660,4653,725.055482,51221,1
4661,4654,725.066617,51232,1
4662,4655,725.077753,51243,1
4663,4656,725.088889,51254,1
4664,4657,725.100024,51265,1
4665,4658,725.111158,51276,1
4666,4659,725.122295,51287,1
4667,4660,725.133429,51298,1
4668,4661,725.144564,51309,1
4669,4662,725.155700,51320,1
4670,4663,725.166835,51331,1
4671,4664,725.177971,51342,1
4672,4665,725.189106,51353,1
4673,4666,725.200240,51364,1
4674,4667,725.211377,51375,1
4675,4668,725.222511,51386,1
4676,4669,725.233647,51397,1
4677,4670,725.244783,51408,1
4678,4671,725.255918,51419,1
4679,4672,725.267052,51430,1
4680,4673,725.278189,51441,1
4681,4674,725.289324,51452,1
4682,4675,725.300459,51463,1
4683,4676,725.311593,51474,1
4684,4677,725.322730,51485,1
4685,4678,725.333865,51496,1
4686,4679,725.345001,51507,1
4687,4680,725.356136,51518,1
4688,4681,725.367270,51529,1
4689,4682,725.378405,51540,1
4690,4683,725.389540,51551,1
4691,4684,725.400677,51562,1
4692,4685,725.411812,51573,1
4693,4686,725.422945,51584,1
4694,4687,725.434081,51595,1
4695,4688,725.445217,51606,1
4696,4689,725.456354,51617,1
4697,4690,725.467487,51628,1
4698,4691,725.478622,51639,1
4699,4692,725.489759,51650,1
4700,4693,725.500893,51661,1
4701,4694,725.512028,51672,1
4702,4695,725.523165,51683,1
4703,4696,725.534301,51694,1
4704,4697,725.545435,51705,1
4705,4698,725.556570,51716,1
4706,4699,725.567704,51727,1
4707,4700,725.578839,51738,1
4708,4701,725.589976,51749,1
4709,4702,725.601112,51760,1
4710,4703,725.612247,51771,1
4711,4704,725.623383,51782,1
4712,4705,725.634518,51793,1
4713,4706,725.645653,51804,1
4714,4707,725.656788,51815,1
4715,4708,725.667922,51826,1
4716,4709,725.679059,51837,1
4717,4710,725.690192,51848,1
4718,4711,725.701327,51859,1
4719,4712,725.712463,51870,1
4720,4713,725.723600,51880,1
4721,4714,725.734733,51891,1
4722,4715,725.745870,51902,1
4723,4716,725.757004,51913,1
4724,4717,725.768141,51924,1
4725,4718,725.779275,51935,1
4726,4719,725.790411,51946,1
4727,4720,725.801547,51957,1
4728,4721,725.812681,51968,1
4729,4722,725.823817,51979,1
4730,4723,725.834951,51990,1
4731,4724,725.846095,52001,1
4732,4725,725.857221,52012,1
4733,4726,725.868358,52023,1
4734,4727,725.879493,52034,1
4735,4728,725.890630,52045,1
4736,4729,725.901764,52056,1
4737,4730,725.912900,52067,1
4738,4731,725.924035,52078,1
4739,4732,725.935169,52089,1
4740,4733,725.946306,52100,1
4741,4734,725.957442,52111,1
4742,4735,725.968576,52122,1
4743,4736,725.979712,52133,1
4744,4737,725.990845,52144,1
4745,4738,726.001981,52155,1
4746,4739,726.013115,52166,1
4747,4740,726.024251,52177,1
4748,4741,726.035389,52188,1
4749,4742,726.046522,52199,1
4750,4743,726.057657,52210,1
4751,4744,726.068792,52221,1
4752,4745,726.079927,52232,1
4753,4746,726.091065,52243,1
4754,4747,726.102198,52254,1
4755,4748,726.113335,52265,1
4756,4749,726.124468,52276,1
4757,4750,726.134593,52286,1
4758,4751,726.145728,52297,1
4759,4752,726.156864,52308,1
4760,4753,726.167997,52319,1
4761,4754,726.179135,52330,1
4762,4755,726.190270,52341,1
4763,4756,726.201405,52352,1
4764,4757,726.212540,52363,1
4765,4758,726.223674,52374,1
4766,4759,726.234809,52385,1
4767,4760,726.245945,52396,1
4768,4761,726.257081,52407,1
4769,4762,726.268215,52418,1
4770,4763,726.279352,52429,1
4771,4764,726.290488,52440,1
4772,4765,726.301623,52451,1
4773,4766,726.312757,52462,1
4774,4767,726.323892,52473,1
4775,4768,726.335029,52484,1
4776,4769,726.346162,52495,1
4777,4770,726.357297,52506,1
4778,4771,726.368435,52517,1
4779,4772,726.379570,52528,1
4780,4773,726.390705,52539,1
4781,4774,726.401839,52550,1
4782,4775,726.412975,52561,1
4783,4776,726.424110,52572,1
4784,4777,726.435245,52583,1
4785,4778,726.446381,52594,1
4786,4779,726.457514,52605,1
4787,4780,726.468650,52616,1
4788,4781,726.479786,52627,1
4789,4782,726.490922,52638,1
4790,4783,726.502057,52649,1
4791,4784,726.513192,52660,1
4792,4785,726.524327,52671,1
4793,4786,726.535463,52682,1
4794,4787,726.546598,52693,1
4795,4788,726.557732,52704,1
4796,4789,726.568870,52715,1
4797,4790,726.580005,52726,1
4798,4791,726.591140,52737,1
4799,4792,726.602273,52748,1
4800,4793,726.613408,52759,1
4801,4794,726.624544,52770,1
4802,4795,726.635681,52781,1
4803,4796,726.646817,52792,1
4804,4797,726.657952,52803,1
4805,4798,726.669095,52814,1
4806,4799,726.680221,52825,1
4807,4800,726.691358,52836,1
4808,4801,726.702491,52847,1
4809,4802,726.713627,52858,1
4810,4803,726.724763,52869,1
4811,4804,726.735899,52880,1
4812,4805,726.747032,52891,1
4813,4806,726.758169,52902,1
4814,4807,726.769304,52913,1
4815,4808,726.780437,52924,1
4816,4809,726.791575,52935,1
4817,4810,726.802710,52946,1
4818,4811,726.813846,52957,1
4819,4812,726.824981,52968,1
4820,4813,726.836116,52979,1
4821,4814,726.847251,52990,1
4822,4815,726.858385,53001,1
4823,4816,726.869522,53012,1
4824,4817,726.880655,53023,1
4825,4818,726.891791,53034,1
4826,4819,726.902926,53045,1
4827,4820,726.914063,53056,1
4828,4821,726.925198,53067,1
4829,4822,726.936333,53078,1
4830,4823,726.947469,53089,1
4831,4824,726.958603,53100,1
4832,4825,726.969737,53111,1
4833,4826,726.980874,53122,1
4834,4827,726.992009,53133,1
4835,4828,727.003143,53144,1
4836,4829,727.014279,53155,1
4837,4830,727.025414,53166,1
4838,4831,727.036549,53177,1
4839,4832,727.047686,53188,1
4840,4833,727.058821,53199,1
4841,4834,727.069956,53210,1
4842,4835,727.081098,53221,1
4843,4836,727.092227,53232,1
4844,4837,727.103362,53243,1
4845,4838,727.114497,53254,1
4846,4839,727.125632,53265,1
4847,4840,727.136767,53276,1
4848,4841,727.147904,53287,1
4849,4842,727.159039,53298,1
4850,4843,727.170173,53309,1
4851,4844,727.181309,53320,1
4852,4845,727.192443,53331,1
4853,4846,727.203578,53342,1
4854,4847,727.214715,53353,1
4855,4848,727.225851,53364,1
4856,4849,727.236986,53375,1
4857,4850,727.248121,53386,1
4858,4851,727.259257,53397,1
4859,4852,727.270392,53408,1
4860,4853,727.281527,53419,1
4861,4854,727.292662,53430,1
4862,4855,727.303796,53441,1
4863,4856,727.314933,53452,1
4864,4857,727.326069,53463,1
4865,4858,727.337202,53474,1
4866,4859,727.348338,53485,1
4867,4860,727.359472,53496,1
4868,4861,727.370607,53507,1
4869,4862,727.381743,53518,1
4870,4863,727.392878,53529,1
4871,4864,727.404014,53540,1
4872,4865,727.415149,53551,1
4873,4866,727.426286,53562,1
4874,4867,727.437421,53573,1
4875,4868,727.448555,53584,1
4876,4869,727.459692,53595,1
4877,4870,727.470827,53606,1
4878,4871,727.481962,53617,1
4879,4872,727.493099,53628,1
4880,4873,727.504233,53639,1
4881,4874,727.515366,53650,1
4882,4875,727.526502,53661,1
4883,4876,727.537638,53672,1
4884,4877,727.548773,53683,1
4885,4878,727.559908,53694,1
4886,4879,727.571045,53705,1
4887,4880,727.582179,53716,1
4888,4881,727.593316,53727,1
4889,4882,727.604448,53738,1
4890,4883,727.615586,53749,1
4891,4884,727.626721,53760,1
4892,4885,727.636842,53770,1
4893,4886,727.647979,53781,1
4894,4887,727.659115,53792,1
4895,4888,727.670250,53803,1
4896,4889,727.681383,53814,1
4897,4890,727.692519,53825,1
4898,4891,727.703654,53836,1
4899,4892,727.714789,53847,1
4900,4893,727.725926,53858,1
4901,4894,727.737061,53869,1
4902,4895,727.748197,53880,1
4903,4896,727.759332,53891,1
4904,4897,727.770466,53902,1
4905,4898,727.781602,53913,1
4906,4899,727.792737,53924,1
4907,4900,727.803873,53935,1
4908,4901,727.815009,53946,1
4909,4902,727.826144,53957,1
4910,4903,727.837280,53968,1
4911,4904,727.848415,53979,1
4912,4905,727.859548,53990,1
4913,4906,727.870683,54001,1
4914,4907,727.881820,54012,1
4915,4908,727.892955,54023,1
4916,4909,727.904097,54034,1
4917,4910,727.915226,54045,1
4918,4911,727.926360,54056,1
4919,4912,727.937495,54067,1
4920,4913,727.948631,54078,1
4921,4914,727.959767,54089,1
4922,4915,727.970900,54100,1
4923,4916,727.982039,54111,1
4924,4917,727.993173,54122,1
4925,4918,728.004307,54133,1
4926,4919,728.015444,54144,1
4927,4920,728.026579,54155,1
4928,4921,728.037713,54166,1
4929,4922,728.048850,54177,1
4930,4923,728.059983,54188,1
4931,4924,728.071120,54199,1
4932,4925,728.082253,54210,1
4933,4926,728.093391,54221,1
4934,4927,728.104524,54232,1
4935,4928,728.115659,54243,1
4936,4929,728.126794,54254,1
4937,4930,728.137930,54265,1
4938,4931,728.149067,54276,1
4939,4932,728.160201,54287,1
4940,4933,728.171337,54298,1
4941,4934,728.182471,54309,1
4942,4935,728.193607,54320,1
4943,4936,728.204742,54331,1
4944,4937,728.215879,54342,1
4945,4938,728.227013,54353,1
4946,4939,728.238147,54364,1
4947,4940,728.249284,54375,1
4948,4941,728.260419,54386,1
4949,4942,728.271556,54397,1
4950,4943,728.282691,54408,1
4951,4944,728.293825,54419,1
4952,4945,728.304960,54430,1
4953,4946,728.316100,54441,1
4954,4947,728.327230,54452,1
4955,4948,728.338367,54463,1
4956,4949,728.349500,54474,1
4957,4950,728.360635,54485,1
4958,4951,728.371771,54496,1
4959,4952,728.382908,54507,1
4960,4953,728.394043,54518,1
4961,4954,728.405176,54529,1
4962,4955,728.416312,54540,1
4963,4956,728.427447,54551,1
4964,-1,728.438582,54562,1
4965,4957,728.449719,54573,1
4966,4958,728.460855,54584,1
4967,4959,728.471990,54595,1
4968,4960,728.483124,54606,1
4969,4961,728.494260,54617,1
4970,4962,728.505394,54628,1
4971,4963,728.516532,54639,1
4972,4964,728.527666,54650,1
4973,4965,728.538800,54661,1
4974,4966,728.549936,54672,1
4975,4967,728.561070,54683,1
4976,4968,728.572206,54694,1
4977,4969,728.583341,54705,1
4978,4970,728.594477,54716,1
4979,4971,728.605613,54727,1
4980,4972,728.616748,54738,1
4981,4973,728.627884,54749,1
4982,4974,728.639019,54760,1
4983,4975,728.650153,54771,1
4984,4976,728.661289,54782,1
4985,4977,728.672425,54793,1
4986,4978,728.683561,54804,1
4987,4979,728.694696,54815,1
4988,4980,728.705831,54826,1
4989,4981,728.716966,54837,1
4990,4982,728.728101,54848,1
4991,4983,728.739236,54859,1
4992,4984,728.750372,54870,1
4993,4985,728.761507,54881,1
4994,4986,728.772643,54892,1
4995,4987,728.783778,54903,1
4996,4988,728.794913,54914,1
4997,4989,728.806047,54925,1
4998,4990,728.817184,54936,1
4999,4991,728.828319,54947,1
5000,4992,728.839453,54958,1
5001,4993,728.850588,54969,1
5002,4994,728.861724,54980,1
5003,4995,728.872858,54991,1
5004,4996,728.883996,55002,1
5005,4997,728.895130,55013,1
5006,4998,728.906265,55024,1
5007,4999,728.917402,55035,1
5008,5000,728.928537,55046,1
5009,5001,728.939671,55057,1
5010,5002,728.950807,55068,1
5011,5003,728.961943,55079,1
5012,5004,728.973077,55090,1
5013,5005,728.984213,55101,1
5014,5006,728.995348,55112,1
5015,5007,729.006482,55123,1
5016,5008,729.017619,55134,1
5017,5009,729.028754,55145,1
5018,5010,729.039888,55156,1
5019,5011,729.051024,55167,1
5020,5012,729.062159,55178,1
5021,5013,729.073294,55189,1
5022,5014,729.084431,55200,1
5023,5015,729.095564,55211,1
5024,5016,729.106700,55222,1
5025,5017,729.117837,55233,1
5026,5018,729.128969,55244,1
5027,5019,729.139099,55254,1
5028,5020,729.150228,55265,1
5029,5021,729.161365,55276,1
5030,5022,729.172500,55287,1
5031,5023,729.183636,55298,1
5032,5024,729.194771,55309,1
5033,5025,729.205906,55320,1
5034,5026,729.217041,55331,1
5035,5027,729.228175,55342,1
5036,5028,729.239312,55353,1
5037,5029,729.250447,55364,1
5038,5030,729.261581,55375,1
5039,5031,729.272718,55386,1
5040,5032,729.283853,55397,1
5041,5033,729.294988,55408,1
5042,5034,729.306124,55419,1
5043,5035,729.317258,55430,1
5044,5036,729.328393,55441,1
5045,5037,729.339529,55452,1
5046,5038,729.350665,55463,1
5047,5039,729.361800,55474,1
5048,5040,729.372936,55485,1
5049,5041,729.384069,55496,1
5050,5042,729.395205,55507,1
5051,5043,729.406340,55518,1
5052,5044,729.417477,55529,1
5053,5045,729.428611,55540,1
5054,5046,729.439747,55551,1
5055,5047,729.450881,55562,1
5056,5048,729.462017,55573,1
5057,5049,729.473151,55584,1
5058,5050,729.484288,55595,1
5059,5051,729.495423,55606,1
5060,5052,729.506557,55617,1
5061,5053,729.517694,55628,1
5062,5054,729.528830,55639,1
5063,5055,729.539964,55650,1
5064,5056,729.551100,55661,1
5065,5057,729.562235,55672,1
5066,5058,729.573368,55683,1
5067,5059,729.584504,55694,1
5068,5060,729.595639,55705,1
5069,5061,729.606776,55716,1
5070,5062,729.617910,55727,1
5071,5063,729.629048,55738,1
5072,5064,729.640182,55749,1
5073,5065,729.651316,55760,1
5074,5066,729.662451,55771,1
5075,5067,729.673587,55782,1
5076,5068,729.684722,55793,1
5077,5069,729.695856,55804,1
5078,5070,729.706994,55815,1
5079,5071,729.718129,55826,1
5080,5072,729.729265,55837,1
5081,5073,729.740399,55848,1
5082,5074,729.751535,55859,1
5083,5075,729.762668,55870,1
5084,5076,729.773805,55881,1
5085,5077,729.784939,55892,1
5086,5078,729.796074,55903,1
5087,5079,729.807210,55914,1
5088,5080,729.818347,55925,1
5089,5081,729.829481,55936,1
5090,5082,729.840617,55947,1
5091,5083,729.851752,55958,1
5092,5084,729.862888,55969,1
5093,5085,729.874023,55980,1
5094,5086,729.885159,55991,1
5095,5087,729.896294,56002,1
5096,5088,729.907429,56013,1
5097,5089,729.918564,56024,1
5098,5090,729.929700,56035,1
5099,5091,729.940835,56046,1
5100,5092,729.951968,56057,1
5101,5093,729.963105,56068,1
5102,5094,729.974241,56079,1
5103,5095,729.985375,56090,1
5104,5096,729.996512,56101,1
5105,5097,730.007644,56112,1
5106,5098,730.018781,56123,1
5107,5099,730.029917,56134,1
5108,5100,730.041051,56145,1
5109,5101,730.052187,56156,1
5110,5102,730.063322,56167,1
5111,5103,730.074456,56178,1
5112,5104,730.085593,56189,1
5113,5105,730.096728,56200,1
5114,5106,730.107864,56211,1
5115,5107,730.118999,56222,1
5116,5108,730.130135,56233,1
5117,5109,730.141270,56244,1
5118,5110,730.152405,56255,1
5119,5111,730.163541,56266,1
5120,5112,730.174674,56277,1
5121,5113,730.185809,56288,1
5122,5114,730.196944,56299,1
5123,5115,730.208081,56310,1
5124,5116,730.219216,56321,1
5125,5117,730.230352,56332,1
5126,5118,730.241487,56343,1
5127,5119,730.252623,56354,1
5128,5120,730.263757,56365,1
5129,5121,730.274892,56376,1
5130,5122,730.286028,56387,1
5131,5123,730.297162,56398,1
5132,5124,730.308297,56409,1
5133,5125,730.319434,56420,1
5134,5126,730.330568,56431,1
5135,5127,730.341703,56442,1
5136,5128,730.352841,56453,1
5137,5129,730.363976,56464,1
5138,5130,730.375111,56475,1
5139,5131,730.386246,56486,1
5140,5132,730.397381,56497,1
5141,5133,730.408515,56508,1
5142,5134,730.419650,56519,1
5143,5135,730.430788,56530,1
5144,5136,730.441922,56541,1
5145,5137,730.453056,56552,1
5146,5138,730.464193,56563,1
5147,5139,730.475327,56574,1
5148,5140,730.486464,56585,1
5149,5141,730.497598,56596,1
5150,5142,730.508732,56607,1
5151,5143,730.519868,56618,1
5152,5144,730.531005,56629,1
5153,5145,730.542140,56640,1
5154,5146,730.553275,56651,1
5155,5147,730.564411,56662,1
5156,5148,730.575546,56673,1
5157,5149,730.586680,56684,1
5158,5150,730.597816,56695,1
5159,5151,730.608951,56706,1
5160,5152,730.620096,56717,1
5161,5153,730.630208,56727,1
5162,5154,730.641345,56738,1
5163,5155,730.652480,56749,1
5164,5156,730.663615,56760,1
5165,5157,730.674749,56771,1
5166,5158,730.685887,56782,1
5167,5159,730.697019,56793,1
5168,5160,730.708156,56804,1
5169,5161,730.719291,56814,1
5170,5162,730.730428,56825,1
5171,5163,730.741562,56836,1
5172,5164,730.752698,56847,1
5173,5165,730.763833,56858,1
5174,5166,730.774968,56869,1
5175,5167,730.786105,56880,1
5176,5168,730.797239,56891,1
5177,5169,730.808373,56902,1
5178,5170,730.819510,56913,1
5179,5171,730.830643,56924,1
5180,5172,730.841780,56935,1
5181,5173,730.852916,56946,1
5182,5174,730.864050,56957,1
5183,5175,730.875184,56968,1
5184,5176,730.886321,56979,1
5185,5177,730.897454,56990,1
5186,5178,730.908592,57001,1
5187,5179,730.919728,57012,1
5188,5180,730.930861,57023,1
5189,5181,730.941998,57034,1
5190,5182,730.953132,57045,1
5191,5183,730.964266,57056,1
5192,5184,730.975403,57067,1
5193,5185,730.986539,57078,1
5194,5186,730.997673,57089,1
5195,5187,731.008807,57100,1
5196,5188,731.019944,57111,1
5197,5189,731.031079,57122,1
5198,5190,731.042213,57133,1
5199,5191,731.053351,57144,1
5200,5192,731.064484,57155,1
5201,5193,731.075620,57166,1
5202,5194,731.086754,57177,1
5203,5195,731.097890,57188,1
5204,5196,731.109026,57199,1
5205,5197,731.120162,57210,1
5206,5198,731.131297,57221,1
5207,5199,731.142431,57232,1
5208,5200,731.153566,57243,1
5209,5201,731.164703,57254,1
5210,5202,731.175836,57265,1
5211,5203,731.186973,57276,1
5212,5204,731.198109,57287,1
5213,5205,731.209245,57298,1
5214,5206,731.220379,57309,1
5215,5207,731.231513,57320,1
5216,5208,731.242649,57331,1
5217,5209,731.253785,57342,1
5218,5210,731.264921,57353,1
5219,5211,731.276055,57364,1
5220,5212,731.287190,57375,1
5221,5213,731.298326,57386,1
5222,5214,731.309462,57397,1
5223,5215,731.320598,57408,1
5224,5216,731.331731,57419,1
5225,5217,731.342868,57430,1
5226,5218,731.354003,57441,1
5227,5219,731.365136,57452,1
5228,5220,731.376274,57463,1
5229,5221,731.387409,57474,1
5230,5222,731.398542,57485,1
5231,5223,731.409679,57496,1
5232,5224,731.420813,57507,1
5233,5225,731.431948,57518,1
5234,5226,731.443094,57529,1
5235,5227,731.454218,57540,1
5236,5228,731.465354,57551,1
5237,5229,731.476491,57562,1
5238,5230,731.487626,57573,1
5239,5231,731.498762,57584,1
5240,5232,731.509896,57595,1
5241,5233,731.521032,57606,1
5242,5234,731.532165,57617,1
5243,5235,731.543301,57628,1
5244,5236,731.554438,57639,1
5245,5237,731.565573,57650,1
5246,5238,731.576709,57661,1
5247,5239,731.587843,57672,1
5248,5240,731.598979,57683,1
5249,5241,731.610112,57694,1
5250,5242,731.621249,57705,1
5251,5243,731.632383,57716,1
5252,5244,731.643520,57727,1
5253,5245,731.654656,57738,1
5254,5246,731.665789,57749,1
5255,5247,731.676926,57760,1
5256,5248,731.688060,57771,1
5257,5249,731.699195,57782,1
5258,5250,731.710330,57793,1
5259,5251,731.721467,57804,1
5260,5252,731.732603,57815,1
5261,5253,731.743737,57826,1
5262,5254,731.754873,57837,1
5263,5255,731.766008,57848,1
5264,5256,731.777141,57859,1
5265,5257,731.788277,57870,1
5266,5258,731.799413,57881,1
5267,5259,731.810549,57892,1
5268,5260,731.821684,57903,1
5269,5261,731.832820,57914,1
5270,5262,731.843955,57925,1
5271,5263,731.855097,57936,1
5272,5264,731.866226,57947,1
5273,5265,731.877360,57958,1
5274,5266,731.888496,57969,1
5275,5267,731.899632,57980,1
5276,5268,731.910767,57991,1
5277,5269,731.921902,58002,1
5278,5270,731.933036,58013,1
5279,5271,731.944173,58024,1
5280,5272,731.955308,58035,1
5281,5273,731.966444,58046,1
5282,5274,731.977579,58057,1
5283,5275,731.988713,58068,1
5284,5276,731.999847,58079,1
5285,5277,732.010985,58090,1
5286,5278,732.022118,58101,1
5287,5279,732.033256,58112,1
5288,5280,732.044390,58123,1
5289,5281,732.055526,58134,1
5290,5282,732.066661,58145,1
5291,5283,732.077796,58156,1
5292,5284,732.088929,58167,1
5293,5285,732.100067,58178,1
5294,5286,732.111201,58189,1
5295,5287,732.122337,58200,1
5296,5288,732.132459,58210,1
5297,5289,732.143594,58221,1
5298,5290,732.154730,58232,1
5299,5291,732.165865,58243,1
5300,5292,732.177001,58254,1
5301,5293,732.188136,58265,1
5302,5294,732.199272,58276,1
5303,5295,732.210406,58287,1
5304,5296,732.221541,58298,1
5305,5297,732.232678,58309,1
5306,5298,732.243811,58320,1
5307,5299,732.254949,58331,1
5308,5300,732.266094,58342,1
5309,5301,732.277219,58353,1
5310,5302,732.288354,58364,1
5311,5303,732.299488,58375,1
5312,5304,732.310624,58386,1
5313,5305,732.321758,58397,1
5314,5306,732.332894,58408,1
5315,5307,732.344031,58419,1
5316,5308,732.355164,58430,1
5317,5309,732.366299,58441,1
5318,5310,732.377437,58452,1
5319,5311,732.388570,58463,1
5320,5312,732.399707,58474,1
5321,5313,732.410841,58485,1
5322,5314,732.421975,58496,1
5323,5315,732.433111,58507,1
5324,5316,732.444247,58518,1
5325,5317,732.455384,58529,1
5326,5318,732.466516,58540,1
5327,5319,732.477654,58551,1
5328,5320,732.488787,58562,1
5329,5321,732.499925,58573,1
5330,5322,732.511059,58584,1
5331,5323,732.522195,58595,1
5332,5324,732.533328,58606,1
5333,5325,732.544464,58617,1
5334,5326,732.555599,58628,1
5335,5327,732.566735,58639,1
5336,5328,732.577871,58650,1
5337,5329,732.589007,58661,1
5338,5330,732.600142,58672,1
5339,5331,732.611277,58683,1
5340,5332,732.622410,58694,1
5341,5333,732.633547,58705,1
5342,5334,732.644684,58716,1
5343,5335,732.655818,58727,1
5344,5336,732.666953,58738,1
5345,5337,732.678097,58749,1
5346,5338,732.689224,58760,1
5347,5339,732.700358,58771,1
5348,5340,732.711493,58782,1
5349,5341,732.722630,58793,1
5350,5342,732.733763,58804,1
5351,5343,732.744898,58815,1
5352,5344,732.756036,58826,1
5353,5345,732.767171,58837,1
5354,5346,732.778305,58848,1
5355,5347,732.789441,58859,1
5356,5348,732.800575,58870,1
5357,5349,732.811712,58881,1
5358,5350,732.822847,58892,1
5359,5351,732.833981,58903,1
5360,5352,732.845119,58914,1
5361,5353,732.856251,58925,1
5362,5354,732.867387,58936,1
5363,5355,732.878524,58947,1
5364,5356,732.889659,58958,1
5365,5357,732.900794,58969,1
5366,5358,732.911930,58980,1
5367,5359,732.923066,58991,1
5368,5360,732.934200,59002,1
5369,5361,732.945334,59013,1
5370,5362,732.956471,59024,1
5371,5363,732.967605,59035,1
5372,5364,732.978740,59046,1
5373,5365,732.989875,59057,1
5374,5366,733.001012,59068,1
5375,5367,733.012147,59079,1
5376,5368,733.023283,59090,1
5377,5369,733.034416,59101,1
5378,5370,733.045551,59112,1
5379,5371,733.056689,59123,1
5380,5372,733.067823,59134,1
5381,5373,733.078958,59145,1
5382,5374,733.090100,59156,1
5383,5375,733.101230,59167,1
5384,5376,733.112365,59178,1
5385,5377,733.123500,59189,1
5386,5378,733.134636,59200,1
5387,5379,733.145771,59211,1
5388,5380,733.156904,59222,1
5389,5381,733.168041,59233,1
5390,5382,733.179176,59244,1
5391,5383,733.190311,59255,1
5392,5384,733.201448,59266,1
5393,5385,733.212583,59277,1
5394,5386,733.223717,59288,1
5395,5387,733.234853,59299,1
5396,5388,733.245986,59310,1
5397,5389,733.257124,59321,1
5398,5390,733.268258,59332,1
5399,5391,733.279392,59343,1
5400,5392,733.290530,59354,1
5401,5393,733.301665,59365,1
5402,5394,733.312800,59376,1
5403,5395,733.323933,59387,1
5404,5396,733.335071,59398,1
5405,5397,733.346205,59409,1
5406,5398,733.357341,59420,1
5407,5399,733.368475,59431,1
5408,5400,733.379611,59442,1
5409,5401,733.390745,59453,1
5410,5402,733.401882,59464,1
5411,5403,733.413017,59475,1
5412,5404,733.424151,59486,1
5413,5405,733.435288,59497,1
5414,5406,733.446421,59508,1
5415,5407,733.457557,59519,1
5416,5408,733.468693,59530,1
5417,5409,733.479828,59541,1
5418,5410,733.490964,59552,1
5419,5411,733.502100,59563,1
5420,5412,733.513235,59574,1
5421,5413,733.524370,59585,1
5422,5414,733.535505,59596,1
5423,5415,733.546640,59607,1
5424,5416,733.557774,59618,1
5425,5417,733.568910,59629,1
5426,5418,733.580047,59640,1
5427,5419,733.591180,59651,1
5428,5420,733.602317,59662,1
5429,5421,733.613451,59673,1
5430,5422,733.624586,59684,1
5431,5423,733.634710,59694,1
5432,5424,733.645846,59705,1
5433,5425,733.656980,59716,1
5434,5426,733.668115,59727,1
5435,5427,733.679250,59738,1
5436,5428,733.690387,59749,1
5437,5429,733.701522,59760,1
5438,5430,733.712658,59771,1
5439,5431,733.723793,59782,1
5440,5432,733.734926,59793,1
5441,5433,733.746063,59804,1
5442,5434,733.757197,59815,1
5443,5435,733.768333,59826,1
5444,5436,733.779468,59837,1
5445,5437,733.790604,59848,1
5446,5438,733.801738,59859,1
5447,5439,733.812874,59870,1
5448,5440,733.824009,59881,1
5449,5441,733.835146,59892,1
5450,5442,733.846280,59903,1
5451,5443,733.857414,59914,1
5452,5444,733.868551,59925,1
5453,5445,733.879685,59936,1
5454,5446,733.890822,59947,1
5455,5447,733.901957,59958,1
5456,5448,733.913099,59969,1
5457,5449,733.924228,59980,1
5458,5450,733.935363,59991,1
5459,5451,733.946498,60002,1
5460,5452,733.957632,60013,1
5461,5453,733.968767,60024,1
5462,5454,733.979904,60035,1
5463,5455,733.991037,60046,1
5464,5456,734.002174,60057,1
5465,5457,734.013309,60068,1
5466,5458,734.024445,60079,1
5467,5459,734.035581,60090,1
5468,5460,734.046714,60101,1
5469,5461,734.057851,60112,1
5470,5462,734.068986,60123,1
5471,5463,734.080120,60134,1
5472,5464,734.091257,60145,1
5473,5465,734.102391,60156,1
5474,5466,734.113525,60167,1
5475,5467,734.124662,60178,1
5476,5468,734.135798,60189,1
5477,5469,734.146932,60200,1
5478,5470,734.158067,60211,1
5479,5471,734.169204,60222,1
5480,5472,734.180339,60233,1
5481,5473,734.191472,60244,1
5482,5474,734.202608,60255,1
5483,5475,734.213743,60266,1
5484,5476,734.224880,60277,1
5485,5477,734.236015,60288,1
5486,5478,734.247149,60299,1
5487,5479,734.258285,60310,1
5488,5480,734.269421,60321,1
5489,5481,734.280556,60332,1
5490,5482,734.291690,60343,1
5491,5483,734.302826,60354,1
5492,5484,734.313962,60365,1
5493,5485,734.325098,60376,1
5494,5486,734.336233,60387,1
5495,5487,734.347368,60398,1
5496,5488,734.358502,60409,1
5497,5489,734.369638,60420,1
5498,5490,734.380775,60431,1
5499,5491,734.391910,60442,1
5500,5492,734.403044,60453,1
5501,5493,734.414180,60464,1
5502,5494,734.425316,60475,1
5503,5495,734.436449,60486,1
5504,5496,734.447586,60497,1
5505,5497,734.458721,60508,1
5506,5498,734.469857,60519,1
5507,5499,734.480992,60530,1
5508,5500,734.492127,60541,1
5509,5501,734.503262,60552,1
5510,5502,734.514397,60563,1
5511,5503,734.525532,60574,1
5512,5504,734.536667,60585,1
5513,5505,734.547803,60596,1
5514,5506,734.558937,60607,1
5515,5507,734.570074,60618,1
5516,5508,734.581208,60629,1
5517,5509,734.592345,60640,1
5518,5510,734.603480,60651,1
5519,5511,734.614613,60662,1
5520,5512,734.625751,60673,1
5521,5513,734.636885,60684,1
5522,5514,734.648021,60695,1
5523,5515,734.659154,60706,1
5524,5516,734.670289,60717,1
5525,5517,734.681425,60728,1
5526,5518,734.692561,60739,1
5527,5519,734.703698,60750,1
5528,5520,734.714832,60761,1
5529,5521,734.725968,60772,1
5530,5522,734.737103,60783,1
5531,5523,734.748239,60794,1
5532,5524,734.759374,60805,1
5533,5525,734.770507,60816,1
5534,5526,734.781643,60827,1
5535,5527,734.792778,60838,1
5536,5528,734.803913,60849,1
5537,5529,734.815050,60860,1
5538,5530,734.826185,60871,1
5539,5531,734.837320,60882,1
5540,5532,734.848455,60893,1
5541,5533,734.859592,60904,1
5542,5534,734.870726,60915,1
5543,5535,734.881860,60926,1
5544,5536,734.892997,60937,1
5545,5537,734.904131,60948,1
5546,5538,734.915266,60959,1
5547,5539,734.926403,60970,1
5548,5540,734.937538,60981,1
5549,5541,734.948674,60992,1
5550,5542,734.959808,61003,1
5551,5543,734.970942,61014,1
5552,5544,734.982080,61025,1
5553,5545,734.993214,61036,1
5554,5546,735.004350,61047,1
5555,5547,735.015486,61058,1
5556,5548,735.026621,61069,1
5557,5549,735.037754,61080,1
5558,5550,735.048891,61091,1
5559,5551,735.060027,61102,1
5560,5552,735.071162,61113,1
5561,5553,735.082296,61124,1
5562,5554,735.093432,61135,1
5563,5555,735.104567,61146,1
5564,5556,735.115701,61157,1
5565,5557,735.126836,61168,1
5566,5558,735.136962,61178,1
5567,5559,735.148099,61189,1
5568,5560,735.159230,61200,1
5569,5561,735.170367,61211,1
5570,5562,735.181501,61222,1
5571,5563,735.192635,61233,1
5572,5564,735.203772,61244,1
5573,5565,735.214907,61255,1
5574,5566,735.226042,61266,1
5575,5567,735.237178,61277,1
5576,5568,735.248314,61288,1
5577,5569,735.259448,61299,1
5578,5570,735.270584,61310,1
5579,5571,735.281718,61321,1
5580,5572,735.292853,61332,1
5581,5573,735.303990,61343,1
5582,5574,735.315126,61354,1
5583,5575,735.326260,61365,1
5584,5576,735.337396,61376,1
5585,5577,735.348530,61387,1
5586,5578,735.359666,61398,1
5587,5579,735.370800,61409,1
5588,5580,735.381936,61420,1
5589,5581,735.393073,61431,1
5590,5582,735.404207,61442,1
5591,5583,735.415341,61453,1
5592,5584,735.426477,61464,1
5593,5585,735.437613,61475,1
5594,5586,735.448749,61486,1
5595,5587,735.459884,61497,1
5596,5588,735.471019,61508,1
5597,5589,735.482155,61519,1
5598,5590,735.493291,61530,1
5599,5591,735.504426,61541,1
5600,5592,735.515560,61552,1
5601,5593,735.526696,61563,1
5602,5594,735.537831,61574,1
5603,5595,735.548966,61585,1
5604,5596,735.560100,61596,1
5605,5597,735.571237,61607,1
5606,5598,735.582370,61618,1
5607,5599,735.593507,61629,1
5608,5600,735.604641,61640,1
5609,5601,735.615777,61651,1
5610,5602,735.626913,61662,1
5611,5603,735.638047,61673,1
5612,5604,735.649184,61684,1
5613,5605,735.660318,61695,1
5614,5606,735.671454,61706,1
5615,5607,735.682589,61717,1
5616,5608,735.693724,61728,1
5617,5609,735.704858,61739,1
5618,5610,735.715996,61750,1
5619,5611,735.727129,61761,1
5620,5612,735.738266,61772,1
5621,5613,735.749402,61783,1
5622,5614,735.760536,61794,1
5623,5615,735.771670,61805,1
5624,5616,735.782805,61816,1
5625,5617,735.793943,61827,1
5626,5618,735.805077,61838,1
5627,5619,735.816211,61849,1
5628,5620,735.827348,61860,1
5629,5621,735.838482,61871,1
5630,5622,735.849617,61882,1
5631,5623,735.860752,61893,1
5632,5624,735.871887,61904,1
5633,5625,735.883023,61915,1
5634,5626,735.894160,61926,1
5635,5627,735.905294,61937,1
5636,5628,735.916429,61948,1
5637,5629,735.927565,61959,1
5638,5630,735.938700,61970,1
5639,5631,735.949834,61981,1
5640,5632,735.960971,61992,1
5641,5633,735.972106,62003,1
5642,5634,735.983242,62014,1
5643,5635,735.994378,62025,1
5644,5636,736.005511,62036,1
5645,5637,736.016646,62047,1
5646,5638,736.027781,62058,1
5647,5639,736.038917,62069,1
5648,5640,736.050054,62080,1
5649,5641,736.061189,62091,1
5650,5642,736.072323,62102,1
5651,5643,736.083459,62113,1
5652,5644,736.094594,62124,1
5653,5645,736.105731,62135,1
5654,5646,736.116864,62146,1
5655,5647,736.128001,62157,1
5656,5648,736.139135,62168,1
5657,5649,736.150271,62179,1
5658,5650,736.161406,62190,1
5659,5651,736.172541,62201,1
5660,5652,736.183678,62212,1
5661,5653,736.194810,62223,1
5662,5654,736.205948,62234,1
5663,5655,736.217094,62245,1
5664,5656,736.228218,62256,1
5665,5657,736.239352,62267,1
5666,5658,736.250489,62278,1
5667,5659,736.261623,62289,1
5668,5660,736.272758,62300,1
5669,5661,736.283893,62311,1
5670,5662,736.295030,62322,1
5671,5663,736.306164,62333,1
5672,5664,736.317298,62344,1
5673,5665,736.328434,62355,1
5674,5666,736.339570,62366,1
5675,5667,736.350705,62377,1
5676,5668,736.361841,62388,1
5677,5669,736.372975,62399,1
5678,5670,736.384111,62410,1
5679,5671,736.395248,62421,1
5680,5672,736.406382,62432,1
5681,5673,736.417518,62443,1
5682,5674,736.428651,62454,1
5683,5675,736.439788,62465,1
5684,5676,736.450922,62476,1
5685,5677,736.462058,62487,1
5686,5678,736.473194,62498,1
5687,5679,736.484328,62509,1
5688,5680,736.495463,62520,1
5689,5681,736.506600,62531,1
5690,5682,736.517736,62542,1
5691,5683,736.528871,62553,1
5692,5684,736.540004,62564,1
5693,5685,736.551139,62575,1
5694,5686,736.562275,62586,1
5695,5687,736.573411,62597,1
5696,5688,736.584547,62608,1
5697,5689,736.595681,62619,1
5698,5690,736.606816,62630,1
5699,5691,736.617952,62641,1
5700,5692,736.629096,62652,1
5701,5693,736.639209,62662,1
5702,5694,736.650345,62673,1
5703,5695,736.661481,62684,1
5704,5696,736.672617,62695,1
5705,5697,736.683753,62706,1
5706,5698,736.694885,62717,1
5707,5699,736.706022,62728,1
5708,5700,736.717159,62739,1
5709,5701,736.728292,62750,1
5710,5702,736.739428,62761,1
5711,5703,736.750562,62772,1
5712,5704,736.761700,62783,1
5713,5705,736.772835,62794,1
5714,5706,736.783970,62805,1
5715,5707,736.795103,62816,1
5716,5708,736.806239,62827,1
5717,5709,736.817375,62838,1
5718,5710,736.828510,62849,1
5719,5711,736.839647,62860,1
5720,5712,736.850782,62871,1
5721,5713,736.861915,62882,1
5722,5714,736.873051,62893,1
5723,5715,736.884187,62904,1
5724,5716,736.895322,62915,1
5725,5717,736.906456,62926,1
5726,5718,736.917594,62937,1
5727,5719,736.928728,62948,1
5728,5720,736.939862,62959,1
5729,5721,736.950999,62970,1
5730,5722,736.962134,62981,1
5731,5723,736.973270,62992,1
5732,5724,736.984404,63003,1
5733,5725,736.995540,63014,1
5734,5726,737.006673,63025,1
5735,5727,737.017809,63036,1
5736,5728,737.028945,63047,1
5737,5729,737.040080,63058,1
5738,5730,737.051216,63069,1
5739,5731,737.062352,63080,1
5740,5732,737.073485,63091,1
5741,5733,737.084621,63102,1
5742,5734,737.095758,63113,1
5743,5735,737.106891,63124,1
5744,5736,737.118026,63135,1
5745,5737,737.129163,63146,1
5746,5738,737.140297,63157,1
5747,5739,737.151434,63168,1
5748,5740,737.162570,63179,1
5749,5741,737.173704,63190,1
5750,5742,737.184839,63201,1
5751,5743,737.195974,63212,1
5752,5744,737.207110,63223,1
5753,5745,737.218245,63234,1
5754,5746,737.229379,63245,1
5755,5747,737.240515,63256,1
5756,5748,737.251652,63267,1
5757,5749,737.262786,63278,1
5758,5750,737.273922,63289,1
5759,5751,737.285056,63300,1
5760,5752,737.296193,63311,1
5761,5753,737.307328,63322,1
5762,5754,737.318463,63333,1
5763,5755,737.329597,63344,1
5764,5756,737.340733,63355,1
5765,5757,737.351869,63366,1
5766,5758,737.363002,63377,1
5767,5759,737.374137,63388,1
5768,5760,737.385274,63399,1
5769,5761,737.396409,63410,1
5770,5762,737.407545,63421,1
5771,5763,737.418679,63432,1
5772,5764,737.429816,63443,1
5773,5765,737.440951,63454,1
5774,5766,737.452095,63465,1
5775,5767,737.463220,63476,1
5776,5768,737.474357,63487,1
5777,5769,737.485492,63498,1
5778,5770,737.496626,63509,1
5779,5771,737.507763,63520,1
5780,5772,737.518898,63531,1
5781,5773,737.530034,63542,1
5782,5774,737.541169,63553,1
5783,5775,737.552303,63564,1
5784,5776,737.563438,63575,1
5785,5777,737.574574,63586,1
5786,5778,737.585708,63597,1
5787,5779,737.596845,63608,1
5788,5780,737.607979,63619,1
5789,5781,737.619114,63630,1
5790,5782,737.630250,63641,1
5791,5783,737.641386,63652,1
5792,5784,737.652519,63663,1
5793,5785,737.663655,63674,1
5794,5786,737.674792,63685,1
5795,5787,737.685925,63696,1
5796,5788,737.697064,63707,1
5797,5789,737.708198,63718,1
5798,5790,737.719333,63729,1
5799,5791,737.730467,63740,1
5800,5792,737.741604,63751,1
5801,5793,737.752739,63762,1
5802,5794,737.763872,63773,1
5803,5795,737.775009,63784,1
5804,5796,737.786143,63795,1
5805,5797,737.797280,63806,1
5806,5798,737.808413,63817,1
5807,5799,737.819549,63828,1
5808,5800,737.830686,63839,1
5809,5801,737.841821,63850,1
5810,5802,737.852955,63861,1
5811,5803,737.864095,63872,1
5812,5804,737.875227,63883,1
5813,5805,737.886361,63894,1
5814,5806,737.897497,63905,1
5815,5807,737.908632,63916,1
5816,5808,737.919767,63927,1
5817,5809,737.930904,63938,1
5818,5810,737.942037,63949,1
5819,5811,737.953174,63960,1
5820,5812,737.964309,63971,1
5821,5813,737.975444,63982,1
5822,5814,737.986579,63993,1
5823,5815,737.997716,64004,1
5824,5816,738.008850,64015,1
5825,5817,738.019986,64026,1
5826,5818,738.031119,64037,1
5827,5819,738.042254,64048,1
5828,5820,738.053390,64059,1
5829,5821,738.064526,64070,1
5830,5822,738.075662,64081,1
5831,5823,738.086797,64092,1
5832,5824,738.097933,64103,1
5833,5825,738.109068,64114,1
5834,5826,738.120202,64125,1
5835,5827,738.131336,64136,1
5836,5828,738.141462,64146,1
5837,5829,738.152597,64157,1
5838,5830,738.163730,64168,1
5839,5831,738.174866,64179,1
5840,-1,738.186002,64190,1
5841,5832,738.197138,64201,1
5842,5833,738.208271,64212,1
5843,5834,738.219408,64223,1
5844,5835,738.230542,64234,1
5845,5836,738.241677,64245,1
5846,5837,738.252812,64256,1
5847,5838,738.263949,64267,1
5848,5839,738.275096,64278,1
5849,5840,738.286219,64289,1
5850,5841,738.297355,64300,1
5851,5842,738.308490,64311,1
5852,5843,738.319625,64322,1
5853,5844,738.330760,64333,1
5854,5845,738.341896,64344,1
5855,5846,738.353031,64355,1
5856,5847,738.364166,64366,1
5857,5848,738.375300,64377,1
5858,5849,738.386436,64388,1
5859,5850,738.397571,64399,1
5860,5851,738.408707,64410,1
5861,5852,738.419843,64421,1
5862,5853,738.430978,64432,1
5863,5854,738.442112,64443,1
5864,5855,738.453248,64454,1
5865,5856,738.464383,64465,1
5866,5857,738.475519,64476,1
5867,5858,738.486653,64487,1
5868,5859,738.497788,64498,1
5869,5860,738.508926,64509,1
5870,5861,738.520061,64520,1
5871,5862,738.531194,64531,1
5872,5863,738.542329,64542,1
5873,5864,738.553465,64553,1
5874,5865,738.564600,64564,1
5875,5866,738.575738,64575,1
5876,5867,738.586872,64586,1
5877,5868,738.598007,64597,1
5878,5869,738.609143,64608,1
5879,5870,738.620277,64619,1
5880,5871,738.631412,64630,1
5881,5872,738.642549,64641,1
5882,5873,738.653684,64652,1
5883,5874,738.664820,64663,1
5884,5875,738.675955,64674,1
5885,5876,738.687096,64685,1
5886,5877,738.698225,64696,1
5887,5878,738.709361,64707,1
5888,5879,738.720494,64718,1
5889,5880,738.731631,64729,1
5890,5881,738.742764,64740,1
5891,5882,738.753902,64751,1
5892,5883,738.765037,64762,1
5893,5884,738.776173,64773,1
5894,5885,738.787307,64784,1
5895,5886,738.798442,64795,1
5896,5887,738.809576,64806,1
5897,5888,738.820712,64817,1
5898,5889,738.831848,64828,1
