# which inertial sample is which camera frame, from the hardware trigger
# frame_period_s=0.011127825  (89.864818652 Hz, measured from this session's own trigger pulses -- the camera does not run at 90.000)
# trigger_pulses=5438  pulses_the_imu_missed=0
# t_bar_s is the exposure time in the BAR's clock, the same clock as esp_timestamp_us in imu/raw_imu.csv
# imu_sample is a row index into imu/raw_imu.csv; tagged=0 means the inertial stream missed that pulse and the time is interpolated
frame,video_row,t_bar_s,imu_sample,tagged
0,0,518.437628,8,1
1,1,518.448764,19,1
2,2,518.459899,30,1
3,3,518.471035,41,1
4,4,518.482170,52,1
5,5,518.493304,63,1
6,6,518.504441,74,1
7,7,518.515575,85,1
8,8,518.526710,96,1
9,9,518.537848,107,1
10,10,518.548982,118,1
11,11,518.560119,129,1
12,12,518.571253,140,1
13,13,518.582390,151,1
14,14,518.593524,162,1
15,15,518.604660,173,1
16,16,518.615795,184,1
17,17,518.626931,195,1
18,18,518.638065,206,1
19,19,518.649201,217,1
20,20,518.660336,228,1
21,21,518.671471,239,1
22,22,518.682608,250,1
23,23,518.693742,261,1
24,24,518.704878,272,1
25,25,518.716014,283,1
26,26,518.727150,294,1
27,27,518.738285,305,1
28,28,518.749421,316,1
29,29,518.760556,327,1
30,30,518.771693,338,1
31,31,518.782828,349,1
32,32,518.793962,360,1
33,33,518.805103,371,1
34,34,518.816232,382,1
35,35,518.827369,393,1
36,36,518.838503,404,1
37,37,518.849639,415,1
38,38,518.860776,426,1
39,39,518.871909,437,1
40,40,518.883045,448,1
41,41,518.894180,459,1
42,42,518.905316,470,1
43,43,518.916453,481,1
44,44,518.927586,492,1
45,45,518.938723,503,1
46,46,518.949859,514,1
47,47,518.960995,525,1
48,48,518.972128,536,1
49,49,518.983264,547,1
50,50,518.994399,558,1
51,51,519.005537,569,1
52,52,519.016672,580,1
53,53,519.027806,591,1
54,54,519.038943,602,1
55,55,519.050079,613,1
56,56,519.061214,624,1
57,57,519.072349,635,1
58,58,519.083483,646,1
59,59,519.094618,657,1
60,60,519.105755,668,1
61,61,519.116889,679,1
62,62,519.128024,690,1
63,63,519.139162,701,1
64,64,519.150297,712,1
65,65,519.161432,723,1
66,66,519.172567,734,1
67,67,519.183702,745,1
68,68,519.194839,756,1
69,69,519.205975,767,1
70,70,519.217108,778,1
71,71,519.228245,789,1
72,72,519.239379,800,1
73,73,519.250517,811,1
74,74,519.261651,822,1
75,75,519.272786,833,1
76,76,519.283923,844,1
77,77,519.295059,855,1
78,78,519.306193,866,1
79,79,519.317330,877,1
80,80,519.328464,888,1
81,81,519.339598,899,1
82,82,519.350734,910,1
83,83,519.361870,921,1
84,84,519.373006,932,1
85,85,519.384142,943,1
86,86,519.395275,954,1
87,87,519.406411,965,1
88,88,519.417547,976,1
89,89,519.428683,987,1
90,90,519.439819,998,1
91,91,519.450953,1009,1
92,-1,519.462099,1020,1
93,92,519.473224,1031,1
94,93,519.483348,1041,1
95,94,519.494482,1052,1
96,95,519.505619,1063,1
97,96,519.516753,1074,1
98,97,519.527891,1085,1
99,98,519.539027,1096,1
100,99,519.550159,1107,1
101,100,519.561296,1118,1
102,101,519.572430,1129,1
103,102,519.583567,1140,1
104,103,519.594704,1151,1
105,104,519.605838,1162,1
106,105,519.616975,1173,1
107,106,519.628109,1184,1
108,107,519.639246,1195,1
109,108,519.650380,1206,1
110,109,519.661516,1217,1
111,110,519.672650,1228,1
112,111,519.683785,1239,1
113,112,519.694922,1250,1
114,113,519.706057,1261,1
115,114,519.717193,1272,1
116,115,519.728328,1283,1
117,116,519.739462,1294,1
118,117,519.750599,1305,1
119,118,519.761735,1316,1
120,119,519.772870,1327,1
121,120,519.784007,1338,1
122,121,519.795140,1349,1
123,122,519.806277,1360,1
124,123,519.817413,1371,1
125,124,519.828547,1382,1
126,125,519.839684,1393,1
127,126,519.850817,1404,1
128,127,519.861952,1415,1
129,128,519.873105,1426,1
130,129,519.884225,1437,1
131,130,519.895360,1448,1
132,131,519.906496,1459,1
133,132,519.917631,1470,1
134,133,519.928766,1481,1
135,134,519.939903,1492,1
136,135,519.951037,1503,1
137,136,519.962171,1514,1
138,137,519.973308,1525,1
139,138,519.984445,1536,1
140,139,519.995578,1547,1
141,140,520.006715,1558,1
142,141,520.017849,1569,1
143,142,520.028985,1580,1
144,143,520.040120,1591,1
145,144,520.051258,1602,1
146,145,520.062393,1613,1
147,146,520.073528,1624,1
148,147,520.084663,1635,1
149,148,520.095797,1646,1
150,149,520.106933,1657,1
151,150,520.118069,1668,1
152,151,520.129204,1679,1
153,152,520.140341,1690,1
154,153,520.151475,1701,1
155,154,520.162612,1712,1
156,155,520.173747,1723,1
157,156,520.184880,1734,1
158,157,520.196018,1745,1
159,158,520.207152,1756,1
160,159,520.218289,1767,1
161,160,520.229422,1778,1
162,161,520.240559,1789,1
163,162,520.251695,1800,1
164,163,520.262830,1811,1
165,164,520.273964,1822,1
166,165,520.285105,1833,1
167,166,520.296236,1844,1
168,167,520.307373,1855,1
169,168,520.318506,1866,1
170,169,520.329641,1877,1
171,170,520.340778,1888,1
172,171,520.351912,1899,1
173,172,520.363049,1910,1
174,173,520.374183,1921,1
175,174,520.385321,1932,1
176,175,520.396456,1943,1
177,176,520.407590,1954,1
178,177,520.418727,1965,1
179,178,520.429863,1976,1
180,179,520.440997,1987,1
181,180,520.452131,1998,1
182,181,520.463267,2009,1
183,182,520.474404,2020,1
184,183,520.485540,2031,1
185,184,520.496676,2042,1
186,185,520.507810,2053,1
187,186,520.518946,2064,1
188,187,520.530081,2075,1
189,188,520.541217,2086,1
190,189,520.552351,2097,1
191,190,520.563487,2108,1
192,191,520.574624,2119,1
193,192,520.585757,2130,1
194,193,520.596893,2141,1
195,194,520.608027,2152,1
196,195,520.619165,2163,1
197,196,520.630299,2174,1
198,197,520.641435,2185,1
199,198,520.652572,2196,1
200,199,520.663707,2207,1
201,200,520.674840,2218,1
202,201,520.685976,2229,1
203,202,520.697113,2240,1
204,203,520.708247,2251,1
205,204,520.719384,2261,1
206,205,520.730519,2272,1
207,206,520.741655,2283,1
208,207,520.752790,2294,1
209,208,520.763924,2305,1
210,209,520.775061,2316,1
211,210,520.786197,2327,1
212,211,520.797333,2338,1
213,212,520.808466,2349,1
214,213,520.819601,2360,1
215,214,520.830738,2371,1
216,215,520.841873,2382,1
217,216,520.853008,2393,1
218,217,520.864144,2404,1
219,218,520.875281,2415,1
220,219,520.886414,2426,1
221,220,520.897549,2437,1
222,221,520.908687,2448,1
223,222,520.919820,2459,1
224,223,520.930956,2470,1
225,224,520.942101,2481,1
226,225,520.952216,2491,1
227,226,520.963350,2502,1
228,227,520.974486,2513,1
229,228,520.985623,2524,1
230,229,520.996758,2535,1
231,230,521.007894,2546,1
232,231,521.019028,2557,1
233,232,521.030165,2568,1
234,233,521.041300,2579,1
235,234,521.052435,2590,1
236,235,521.063569,2601,1
237,236,521.074705,2612,1
238,237,521.085842,2623,1
239,238,521.096976,2634,1
240,239,521.108113,2645,1
241,240,521.119248,2656,1
242,241,521.130384,2667,1
243,242,521.141519,2678,1
244,243,521.152655,2689,1
245,244,521.163790,2700,1
246,245,521.174926,2711,1
247,246,521.186061,2722,1
248,247,521.197194,2733,1
249,248,521.208331,2744,1
250,249,521.219466,2755,1
251,250,521.230601,2766,1
252,251,521.241739,2777,1
253,252,521.252872,2788,1
254,253,521.264007,2799,1
255,254,521.275142,2810,1
256,255,521.286280,2821,1
257,256,521.297414,2832,1
258,257,521.308549,2843,1
259,258,521.319687,2854,1
260,259,521.330822,2865,1
261,260,521.341955,2876,1
262,261,521.353100,2887,1
263,262,521.364226,2898,1
264,263,521.375363,2909,1
265,264,521.386497,2920,1
266,265,521.397635,2931,1
267,266,521.408768,2942,1
268,267,521.419906,2953,1
269,268,521.431039,2964,1
270,269,521.442176,2975,1
271,270,521.453310,2986,1
272,271,521.464446,2997,1
273,272,521.475582,3008,1
274,273,521.486717,3019,1
275,274,521.497853,3030,1
276,275,521.508989,3041,1
277,276,521.520122,3052,1
278,277,521.531258,3063,1
279,278,521.542393,3074,1
280,279,521.553529,3085,1
281,280,521.564665,3096,1
282,281,521.575800,3107,1
283,282,521.586935,3118,1
284,283,521.598071,3129,1
285,284,521.609206,3140,1
286,285,521.620344,3151,1
287,286,521.631478,3162,1
288,287,521.642613,3173,1
289,288,521.653750,3184,1
290,289,521.664886,3195,1
291,290,521.676021,3206,1
292,291,521.687155,3217,1
293,292,521.698290,3228,1
294,293,521.709426,3239,1
295,294,521.720563,3250,1
296,295,521.731696,3261,1
297,296,521.742834,3272,1
298,297,521.753968,3283,1
299,298,521.765104,3294,1
300,299,521.776239,3305,1
301,300,521.787374,3316,1
302,301,521.798510,3327,1
303,302,521.809644,3338,1
304,303,521.820781,3349,1
305,304,521.831915,3360,1
306,305,521.843052,3371,1
307,306,521.854187,3382,1
308,307,521.865324,3393,1
309,308,521.876459,3404,1
310,309,521.887594,3415,1
311,310,521.898729,3426,1
312,311,521.909866,3437,1
313,312,521.921001,3448,1
314,313,521.932136,3459,1
315,314,521.943271,3470,1
316,315,521.954407,3481,1
317,316,521.965542,3492,1
318,317,521.976676,3503,1
319,318,521.987811,3514,1
320,319,521.998949,3525,1
321,320,522.010084,3536,1
322,321,522.021220,3547,1
323,322,522.032354,3558,1
324,323,522.043491,3569,1
325,324,522.054624,3580,1
326,325,522.065761,3591,1
327,326,522.076897,3602,1
328,327,522.088031,3613,1
329,328,522.099168,3624,1
330,329,522.110304,3635,1
331,330,522.121438,3646,1
332,331,522.132575,3657,1
333,332,522.143710,3668,1
334,333,522.154844,3679,1
335,334,522.165981,3690,1
336,335,522.177117,3701,1
337,336,522.188252,3712,1
338,337,522.199387,3723,1
339,338,522.210522,3734,1
340,339,522.221658,3745,1
341,340,522.232794,3756,1
342,341,522.243929,3767,1
343,342,522.255065,3778,1
344,343,522.266199,3789,1
345,344,522.277335,3800,1
346,345,522.288469,3811,1
347,346,522.299604,3822,1
348,347,522.310741,3833,1
349,348,522.321876,3844,1
350,349,522.333013,3855,1
351,350,522.344146,3866,1
352,351,522.355281,3877,1
353,352,522.366419,3888,1
354,353,522.377554,3899,1
355,354,522.388689,3910,1
356,355,522.399825,3921,1
357,356,522.410961,3932,1
358,357,522.421084,3942,1
359,358,522.432220,3953,1
360,359,522.443353,3964,1
361,360,522.454489,3975,1
362,361,522.465625,3986,1
363,362,522.476759,3997,1
364,363,522.487895,4008,1
365,364,522.499032,4019,1
366,365,522.510167,4030,1
367,366,522.521303,4041,1
368,367,522.532439,4052,1
369,368,522.543572,4063,1
370,369,522.554709,4074,1
371,370,522.565843,4085,1
372,371,522.576978,4096,1
373,372,522.588115,4107,1
374,373,522.599251,4118,1
375,374,522.610386,4129,1
376,375,522.621520,4140,1
377,376,522.632658,4151,1
378,377,522.643791,4162,1
379,378,522.654928,4173,1
380,379,522.666062,4184,1
381,380,522.677198,4195,1
382,381,522.688335,4206,1
383,382,522.699471,4217,1
384,383,522.710606,4228,1
385,384,522.721741,4239,1
386,385,522.732875,4250,1
387,386,522.744010,4261,1
388,387,522.755148,4272,1
389,388,522.766282,4283,1
390,389,522.777416,4294,1
391,390,522.788552,4305,1
392,391,522.799687,4316,1
393,392,522.810825,4327,1
394,393,522.821960,4338,1
395,394,522.833103,4349,1
396,395,522.844229,4360,1
397,396,522.855366,4371,1
398,397,522.866502,4382,1
399,398,522.877637,4393,1
400,399,522.888773,4404,1
401,400,522.899907,4415,1
402,401,522.911042,4426,1
403,402,522.922179,4437,1
404,403,522.933314,4448,1
405,404,522.944450,4459,1
406,405,522.955586,4470,1
407,406,522.966721,4481,1
408,407,522.977855,4492,1
409,408,522.988992,4503,1
410,409,523.000125,4514,1
411,410,523.011261,4525,1
412,411,523.022398,4536,1
413,412,523.033534,4547,1
414,413,523.044667,4558,1
415,414,523.055804,4569,1
416,415,523.066938,4580,1
417,416,523.078075,4591,1
418,417,523.089211,4602,1
419,418,523.100347,4613,1
420,419,523.111482,4624,1
421,420,523.122618,4635,1
422,421,523.133751,4646,1
423,422,523.144889,4657,1
424,423,523.156023,4668,1
425,424,523.167158,4679,1
426,425,523.178293,4690,1
427,426,523.189429,4701,1
428,427,523.200566,4712,1
429,428,523.211701,4723,1
430,429,523.222837,4734,1
431,430,523.233972,4745,1
432,431,523.245106,4756,1
433,432,523.256243,4767,1
434,433,523.267379,4778,1
435,434,523.278513,4789,1
436,435,523.289647,4800,1
437,436,523.300784,4811,1
438,437,523.311920,4822,1
439,438,523.323054,4833,1
440,439,523.334191,4844,1
441,440,523.345325,4855,1
442,441,523.356462,4866,1
443,442,523.367595,4877,1
444,443,523.378733,4888,1
445,444,523.389869,4899,1
446,445,523.401004,4910,1
447,446,523.412139,4921,1
448,447,523.423275,4932,1
449,448,523.434410,4943,1
450,449,523.445545,4954,1
451,450,523.456679,4965,1
452,451,523.467816,4976,1
453,452,523.478952,4987,1
454,453,523.490086,4998,1
455,454,523.501221,5009,1
456,455,523.512359,5020,1
457,456,523.523492,5031,1
458,457,523.534628,5042,1
459,458,523.545763,5053,1
460,459,523.556898,5064,1
461,460,523.568035,5075,1
462,461,523.579171,5086,1
463,462,523.590305,5097,1
464,463,523.601443,5108,1
465,464,523.612578,5119,1
466,465,523.623711,5130,1
467,466,523.634849,5141,1
468,467,523.645982,5152,1
469,468,523.657119,5163,1
470,469,523.668255,5174,1
471,470,523.679389,5185,1
472,471,523.690525,5196,1
473,472,523.701662,5207,1
474,473,523.712797,5218,1
475,474,523.723932,5229,1
476,475,523.735069,5240,1
477,476,523.746203,5251,1
478,477,523.757337,5262,1
479,478,523.768474,5273,1
480,479,523.779608,5284,1
481,480,523.790745,5295,1
482,481,523.801880,5306,1
483,482,523.813016,5317,1
484,483,523.824151,5328,1
485,484,523.835287,5339,1
486,485,523.846422,5350,1
487,486,523.857558,5361,1
488,487,523.868691,5372,1
489,488,523.879828,5383,1
490,489,523.889951,5393,1
491,490,523.901086,5404,1
492,491,523.912221,5415,1
493,492,523.923357,5426,1
494,493,523.934492,5437,1
495,494,523.945628,5448,1
496,495,523.956764,5459,1
497,496,523.967900,5470,1
498,497,523.979033,5481,1
499,498,523.990171,5492,1
500,499,524.001306,5503,1
501,500,524.012439,5514,1
502,501,524.023577,5525,1
503,502,524.034713,5536,1
504,503,524.045848,5547,1
505,504,524.056984,5558,1
506,505,524.068118,5569,1
507,506,524.079252,5580,1
508,507,524.090390,5591,1
509,508,524.101526,5602,1
510,509,524.112660,5613,1
511,510,524.123794,5624,1
512,511,524.134930,5635,1
513,512,524.146068,5646,1
514,513,524.157201,5657,1
515,514,524.168338,5668,1
516,515,524.179473,5679,1
517,516,524.190607,5690,1
518,517,524.201745,5701,1
519,518,524.212880,5712,1
520,519,524.224016,5723,1
521,520,524.235150,5734,1
522,521,524.246287,5745,1
523,522,524.257419,5756,1
524,523,524.268555,5767,1
525,524,524.279693,5778,1
526,525,524.290826,5789,1
527,526,524.301963,5800,1
528,527,524.313103,5811,1
529,528,524.324232,5822,1
530,529,524.335369,5833,1
531,530,524.346506,5844,1
532,531,524.357640,5855,1
533,532,524.368776,5866,1
534,533,524.379912,5877,1
535,534,524.391047,5888,1
536,535,524.402181,5899,1
537,536,524.413319,5910,1
538,537,524.424452,5921,1
539,538,524.435588,5932,1
540,539,524.446724,5943,1
541,540,524.457858,5954,1
542,541,524.468994,5965,1
543,542,524.480130,5976,1
544,543,524.491266,5987,1
545,544,524.502401,5998,1
546,545,524.513537,6009,1
547,546,524.524671,6020,1
548,547,524.535808,6031,1
549,548,524.546943,6042,1
550,549,524.558079,6053,1
551,550,524.569212,6064,1
552,551,524.580349,6075,1
553,552,524.591485,6086,1
554,553,524.602619,6097,1
555,554,524.613756,6108,1
556,555,524.624891,6119,1
557,556,524.636028,6130,1
558,557,524.647162,6141,1
559,558,524.658298,6152,1
560,559,524.669434,6163,1
561,560,524.680569,6174,1
562,561,524.691702,6185,1
563,562,524.702839,6196,1
564,563,524.713975,6207,1
565,564,524.725111,6218,1
566,565,524.736245,6229,1
567,566,524.747380,6240,1
568,567,524.758515,6251,1
569,568,524.769652,6262,1
570,569,524.780788,6273,1
571,570,524.791922,6284,1
572,571,524.803060,6295,1
573,572,524.814193,6306,1
574,573,524.825330,6317,1
575,574,524.836465,6328,1
576,575,524.847601,6339,1
577,576,524.858734,6350,1
578,577,524.869872,6361,1
579,578,524.881006,6372,1
580,579,524.892142,6383,1
581,580,524.903276,6394,1
582,581,524.914414,6405,1
583,582,524.925547,6416,1
584,583,524.936685,6427,1
585,584,524.947818,6438,1
586,585,524.958956,6449,1
587,586,524.970098,6460,1
588,587,524.981225,6471,1
589,588,524.992362,6482,1
590,589,525.003497,6493,1
591,590,525.014632,6504,1
592,591,525.025766,6515,1
593,592,525.036904,6526,1
594,593,525.048039,6537,1
595,594,525.059172,6548,1
596,595,525.070308,6559,1
597,596,525.081444,6570,1
598,597,525.092579,6581,1
599,598,525.103716,6592,1
600,599,525.114849,6603,1
601,600,525.125986,6614,1
602,601,525.137122,6625,1
603,602,525.148257,6636,1
604,603,525.159394,6647,1
605,604,525.170528,6658,1
606,605,525.181663,6669,1
607,606,525.192799,6680,1
608,607,525.203933,6691,1
609,608,525.215069,6702,1
610,609,525.226205,6713,1
611,610,525.237340,6724,1
612,611,525.248477,6735,1
613,612,525.259611,6746,1
614,613,525.270746,6757,1
615,614,525.281883,6768,1
616,615,525.293017,6779,1
617,616,525.304155,6790,1
618,617,525.315288,6801,1
619,618,525.326426,6812,1
620,619,525.337561,6823,1
621,620,525.348694,6834,1
622,621,525.358820,6844,1
623,622,525.369955,6855,1
624,623,525.381103,6866,1
625,624,525.392224,6877,1
626,625,525.403361,6888,1
627,626,525.414497,6899,1
628,627,525.425630,6910,1
629,628,525.436768,6921,1
630,629,525.447901,6932,1
631,630,525.459039,6943,1
632,631,525.470172,6954,1
633,632,525.481308,6965,1
634,633,525.492444,6976,1
635,634,525.503578,6987,1
636,635,525.514714,6998,1
637,636,525.525851,7009,1
638,637,525.536986,7020,1
639,638,525.548121,7031,1
640,639,525.559256,7042,1
641,640,525.570391,7053,1
642,641,525.581526,7064,1
643,642,525.592664,7075,1
644,643,525.603800,7086,1
645,644,525.614933,7097,1
646,645,525.626069,7108,1
647,646,525.637205,7119,1
648,647,525.648339,7130,1
649,648,525.659475,7141,1
650,649,525.670611,7152,1
651,650,525.681747,7163,1
652,651,525.692882,7174,1
653,652,525.704017,7185,1
654,653,525.716788,7196,1
655,654,525.726289,7206,1
656,655,525.737424,7217,1
657,656,525.748560,7228,1
658,657,525.759694,7239,1
659,658,525.770831,7250,1
660,659,525.781965,7261,1
661,660,525.793105,7272,1
662,661,525.804238,7283,1
663,662,525.815372,7294,1
664,663,525.826509,7305,1
665,664,525.837643,7316,1
666,665,525.848779,7327,1
667,666,525.859914,7338,1
668,667,525.871050,7349,1
669,668,525.882186,7360,1
670,669,525.893320,7371,1
671,670,525.904455,7382,1
672,671,525.915592,7393,1
673,672,525.926727,7404,1
674,673,525.937861,7415,1
675,674,525.948997,7426,1
676,675,525.960132,7437,1
677,676,525.971270,7448,1
678,677,525.982404,7459,1
679,678,525.993540,7470,1
680,679,526.004674,7481,1
681,680,526.015811,7492,1
682,681,526.026945,7503,1
683,682,526.038081,7514,1
684,683,526.049217,7525,1
685,684,526.060353,7536,1
686,685,526.071486,7547,1
687,686,526.082623,7558,1
688,687,526.093758,7569,1
689,688,526.104895,7580,1
690,689,526.116031,7591,1
691,690,526.127164,7602,1
692,691,526.138301,7613,1
693,692,526.149436,7624,1
694,693,526.160571,7635,1
695,694,526.171707,7646,1
696,695,526.182841,7657,1
697,696,526.193977,7668,1
698,697,526.205112,7679,1
699,698,526.216247,7690,1
700,699,526.227383,7701,1
701,700,526.238518,7712,1
702,701,526.249654,7723,1
703,702,526.260791,7734,1
704,703,526.271927,7745,1
705,704,526.283060,7756,1
706,705,526.294196,7767,1
707,706,526.305334,7778,1
708,707,526.316469,7789,1
709,708,526.327602,7800,1
710,709,526.338739,7811,1
711,710,526.349874,7822,1
712,711,526.361010,7833,1
713,712,526.372146,7844,1
714,713,526.383281,7855,1
715,714,526.394417,7866,1
716,715,526.405552,7877,1
717,716,526.416686,7888,1
718,717,526.427823,7899,1
719,718,526.438959,7910,1
720,719,526.450103,7921,1
721,720,526.461228,7932,1
722,721,526.472365,7943,1
723,722,526.483500,7954,1
724,723,526.494634,7965,1
725,724,526.505772,7976,1
726,725,526.516906,7987,1
727,726,526.528040,7998,1
728,727,526.539177,8009,1
729,728,526.550313,8020,1
730,729,526.561448,8031,1
731,730,526.572582,8042,1
732,731,526.583720,8053,1
733,732,526.594853,8064,1
734,733,526.605990,8075,1
735,734,526.617124,8086,1
736,735,526.628262,8097,1
737,736,526.639394,8108,1
738,737,526.650532,8119,1
739,738,526.661668,8130,1
740,739,526.672803,8141,1
741,740,526.683938,8152,1
742,741,526.695072,8163,1
743,742,526.706208,8174,1
744,743,526.717344,8185,1
745,744,526.728480,8196,1
746,745,526.739614,8207,1
747,746,526.750751,8218,1
748,747,526.761885,8229,1
749,748,526.773021,8240,1
750,749,526.784155,8251,1
751,750,526.795291,8262,1
752,751,526.806429,8273,1
753,752,526.817564,8284,1
754,753,526.827685,8294,1
755,754,526.838821,8305,1
756,755,526.849958,8316,1
757,756,526.861100,8327,1
758,757,526.872228,8338,1
759,758,526.883364,8349,1
760,759,526.894500,8360,1
761,760,526.905634,8371,1
762,761,526.916770,8382,1
763,762,526.927906,8393,1
764,763,526.939042,8404,1
765,764,526.950176,8415,1
766,765,526.961311,8426,1
767,766,526.972446,8437,1
768,767,526.983582,8448,1
769,768,526.994717,8459,1
770,769,527.005852,8470,1
771,770,527.016990,8481,1
772,771,527.028125,8492,1
773,772,527.039260,8503,1
774,773,527.050396,8514,1
775,774,527.061530,8525,1
776,775,527.072666,8536,1
777,776,527.083803,8547,1
778,777,527.094938,8558,1
779,778,527.106071,8569,1
780,779,527.117209,8580,1
781,780,527.128342,8591,1
782,781,527.139479,8602,1
783,782,527.150615,8613,1
784,-1,527.161749,8624,1
785,783,527.172884,8635,1
786,784,527.184020,8646,1
787,785,527.195156,8657,1
788,786,527.206293,8668,1
789,787,527.217426,8679,1
790,788,527.228563,8690,1
791,789,527.239698,8701,1
792,790,527.250833,8712,1
793,791,527.261968,8723,1
794,792,527.273106,8734,1
795,793,527.284239,8745,1
796,794,527.295374,8756,1
797,795,527.306510,8767,1
798,796,527.317645,8778,1
799,797,527.328781,8789,1
800,798,527.339916,8800,1
801,799,527.351054,8811,1
802,800,527.362189,8822,1
803,801,527.373324,8833,1
804,802,527.384460,8844,1
805,803,527.395595,8855,1
806,804,527.406729,8866,1
807,805,527.417866,8877,1
808,806,527.429002,8888,1
809,807,527.440135,8899,1
810,808,527.451270,8910,1
811,809,527.462406,8921,1
812,810,527.473543,8932,1
813,811,527.484677,8943,1
814,812,527.495813,8954,1
815,813,527.506948,8965,1
816,814,527.518085,8976,1
817,815,527.529219,8987,1
818,816,527.540355,8998,1
819,817,527.551492,9009,1
820,818,527.562625,9020,1
821,819,527.573760,9031,1
822,820,527.584896,9042,1
823,821,527.596033,9053,1
824,822,527.607167,9064,1
825,823,527.618304,9075,1
826,824,527.629440,9086,1
827,825,527.640575,9097,1
828,826,527.651711,9108,1
829,827,527.662846,9119,1
830,828,527.673982,9130,1
831,829,527.685118,9141,1
832,830,527.696253,9152,1
833,831,527.707387,9163,1
834,832,527.718523,9174,1
835,833,527.729658,9185,1
836,834,527.740794,9196,1
837,835,527.751930,9207,1
838,836,527.763064,9218,1
839,837,527.774201,9229,1
840,838,527.785336,9240,1
841,839,527.796470,9251,1
842,840,527.807607,9262,1
843,841,527.818740,9273,1
844,842,527.829879,9284,1
845,843,527.841011,9295,1
846,844,527.852148,9306,1
847,845,527.863284,9317,1
848,846,527.874420,9328,1
849,847,527.885555,9339,1
850,848,527.896691,9350,1
851,849,527.907827,9361,1
852,850,527.918960,9372,1
853,851,527.930104,9383,1
854,852,527.941233,9394,1
855,853,527.952366,9405,1
856,854,527.963502,9416,1
857,855,527.974637,9427,1
858,856,527.985775,9438,1
859,857,527.996909,9449,1
860,858,528.008043,9460,1
861,859,528.019179,9471,1
862,860,528.030317,9482,1
863,861,528.041450,9493,1
864,862,528.052587,9504,1
865,863,528.063723,9515,1
866,864,528.074857,9526,1
867,865,528.085994,9537,1
868,866,528.097130,9548,1
869,867,528.108264,9559,1
870,868,528.119399,9570,1
871,869,528.130536,9581,1
872,870,528.141670,9592,1
873,871,528.152806,9603,1
874,872,528.163942,9614,1
875,873,528.175076,9625,1
876,874,528.186213,9636,1
877,875,528.197348,9647,1
878,876,528.208481,9658,1
879,877,528.219618,9669,1
880,878,528.230754,9680,1
881,879,528.241889,9691,1
882,880,528.253025,9702,1
883,881,528.264160,9713,1
884,882,528.275294,9724,1
885,883,528.286431,9735,1
886,884,528.296555,9745,1
887,885,528.307690,9756,1
888,886,528.318826,9767,1
889,887,528.329961,9778,1
890,888,528.341101,9789,1
891,889,528.352231,9800,1
892,890,528.363366,9811,1
893,891,528.374502,9822,1
894,892,528.385638,9833,1
895,893,528.396773,9844,1
896,894,528.407909,9855,1
897,895,528.419044,9866,1
898,896,528.430180,9877,1
899,897,528.441315,9888,1
900,898,528.452451,9899,1
901,899,528.463587,9910,1
902,900,528.474722,9921,1
903,901,528.485856,9932,1
904,902,528.496994,9943,1
905,903,528.508129,9954,1
906,904,528.519263,9965,1
907,905,528.530400,9976,1
908,906,528.541533,9987,1
909,907,528.552670,9998,1
910,908,528.563804,10009,1
911,909,528.574940,10020,1
912,910,528.586077,10031,1
913,911,528.597210,10042,1
914,912,528.608348,10053,1
915,913,528.619483,10064,1
916,914,528.630618,10075,1
917,915,528.641753,10086,1
918,916,528.652889,10097,1
919,917,528.664023,10108,1
920,918,528.675158,10119,1
921,919,528.686294,10130,1
922,920,528.697430,10141,1
923,921,528.708565,10152,1
924,922,528.719701,10163,1
925,923,528.730837,10174,1
926,924,528.741971,10185,1
927,925,528.753107,10196,1
928,926,528.764245,10207,1
929,927,528.775378,10218,1
930,928,528.786515,10229,1
931,929,528.797650,10240,1
932,930,528.808786,10251,1
933,931,528.819919,10262,1
934,932,528.831058,10273,1
935,933,528.842191,10284,1
936,934,528.853328,10295,1
937,935,528.864461,10306,1
938,936,528.875599,10317,1
939,937,528.886734,10328,1
940,938,528.897870,10339,1
941,939,528.909004,10350,1
942,940,528.920140,10361,1
943,941,528.931274,10372,1
944,942,528.942411,10383,1
945,943,528.953546,10394,1
946,944,528.964683,10405,1
947,945,528.975817,10416,1
948,946,528.986953,10427,1
949,947,528.998098,10438,1
950,948,529.009222,10449,1
951,949,529.020359,10460,1
952,950,529.031495,10471,1
953,951,529.042630,10482,1
954,952,529.053765,10493,1
955,953,529.064899,10504,1
956,954,529.076037,10515,1
957,955,529.087172,10526,1
958,956,529.098306,10537,1
959,957,529.109443,10548,1
960,958,529.120577,10559,1
961,959,529.131713,10570,1
962,960,529.142850,10581,1
963,961,529.153985,10592,1
964,962,529.165120,10603,1
965,963,529.176254,10614,1
966,964,529.187390,10625,1
967,965,529.198525,10636,1
968,966,529.209661,10647,1
969,967,529.220798,10658,1
970,968,529.231933,10669,1
971,969,529.243069,10680,1
972,970,529.254203,10691,1
973,971,529.265340,10702,1
974,972,529.276475,10713,1
975,973,529.287610,10724,1
976,974,529.298744,10735,1
977,975,529.309880,10746,1
978,976,529.321016,10757,1
979,977,529.332152,10768,1
980,978,529.343286,10779,1
981,979,529.354423,10790,1
982,980,529.365558,10801,1
983,981,529.376692,10812,1
984,982,529.387829,10823,1
985,983,529.398965,10834,1
986,984,529.410103,10845,1
987,985,529.421236,10856,1
988,986,529.432371,10867,1
989,987,529.443505,10878,1
990,988,529.454642,10889,1
991,989,529.465776,10900,1
992,990,529.476913,10911,1
993,991,529.488047,10922,1
994,992,529.499183,10933,1
995,993,529.510319,10944,1
996,994,529.521455,10955,1
997,995,529.532589,10966,1
998,996,529.543724,10977,1
999,997,529.554859,10988,1
1000,998,529.565995,10999,1
1001,999,529.577133,11010,1
1002,1000,529.588268,11021,1
1003,1001,529.599402,11032,1
1004,1002,529.610538,11043,1
1005,1003,529.621674,11054,1
1006,1004,529.632808,11065,1
1007,1005,529.643944,11076,1
1008,1006,529.655080,11087,1
1009,1007,529.666214,11098,1
1010,1008,529.677351,11109,1
1011,1009,529.688486,11120,1
1012,1010,529.699621,11131,1
1013,1011,529.710758,11142,1
1014,1012,529.721892,11153,1
1015,1013,529.733029,11164,1
1016,1014,529.744164,11175,1
1017,1015,529.754287,11185,1
1018,1016,529.765421,11196,1
1019,1017,529.776558,11207,1
1020,1018,529.787694,11218,1
1021,1019,529.798829,11229,1
1022,1020,529.809964,11240,1
1023,1021,529.821103,11251,1
1024,1022,529.832235,11262,1
1025,1023,529.843371,11273,1
1026,1024,529.854505,11284,1
1027,1025,529.865640,11295,1
1028,1026,529.876775,11306,1
1029,1027,529.887911,11317,1
1030,1028,529.899049,11328,1
1031,1029,529.910184,11339,1
1032,1030,529.921319,11350,1
1033,1031,529.932453,11361,1
1034,1032,529.943588,11372,1
1035,1033,529.954725,11383,1
1036,1034,529.965861,11394,1
1037,1035,529.976997,11405,1
1038,1036,529.988131,11416,1
1039,1037,529.999267,11427,1
1040,1038,530.010403,11438,1
1041,1039,530.021536,11449,1
1042,1040,530.032672,11460,1
1043,1041,530.043810,11471,1
1044,1042,530.054945,11482,1
1045,1043,530.066080,11493,1
1046,1044,530.077215,11504,1
1047,1045,530.088350,11515,1
1048,1046,530.099486,11526,1
1049,1047,530.110621,11537,1
1050,1048,530.121756,11548,1
1051,1049,530.132892,11559,1
1052,1050,530.144026,11570,1
1053,1051,530.155164,11581,1
1054,1052,530.166297,11592,1
1055,1053,530.177435,11603,1
1056,1054,530.188568,11614,1
1057,1055,530.199704,11625,1
1058,1056,530.210841,11636,1
1059,1057,530.221977,11647,1
1060,1058,530.233111,11658,1
1061,1059,530.244247,11669,1
1062,1060,530.255381,11680,1
1063,1061,530.266516,11691,1
1064,1062,530.277652,11702,1
1065,1063,530.288789,11713,1
1066,1064,530.299924,11724,1
1067,1065,530.311061,11735,1
1068,1066,530.322196,11746,1
1069,1067,530.333329,11757,1
1070,1068,530.344466,11768,1
1071,1069,530.355601,11779,1
1072,1070,530.366738,11790,1
1073,1071,530.377873,11801,1
1074,1072,530.389006,11812,1
1075,1073,530.400142,11823,1
1076,1074,530.411277,11834,1
1077,1075,530.422414,11845,1
1078,1076,530.433550,11856,1
1079,1077,530.444685,11867,1
1080,1078,530.455820,11878,1
1081,1079,530.466954,11889,1
1082,1080,530.478100,11900,1
1083,1081,530.489226,11911,1
1084,1082,530.500363,11922,1
1085,1083,530.511497,11933,1
1086,1084,530.522632,11944,1
1087,1085,530.533767,11955,1
1088,1086,530.544903,11966,1
1089,1087,530.556039,11977,1
1090,1088,530.567175,11988,1
1091,1089,530.578311,11999,1
1092,1090,530.589446,12010,1
1093,1091,530.600582,12021,1
1094,1092,530.611715,12032,1
1095,1093,530.622852,12043,1
1096,1094,530.633988,12054,1
1097,1095,530.645123,12065,1
1098,1096,530.656257,12076,1
1099,1097,530.667393,12087,1
1100,1098,530.678530,12098,1
1101,1099,530.689665,12109,1
1102,1100,530.700802,12120,1
1103,1101,530.711935,12131,1
1104,1102,530.723073,12142,1
1105,1103,530.734207,12153,1
1106,1104,530.745341,12164,1
1107,1105,530.756479,12175,1
1108,1106,530.767612,12186,1
1109,1107,530.778749,12197,1
1110,1108,530.789883,12208,1
1111,1109,530.801018,12219,1
1112,1110,530.812156,12230,1
1113,1111,530.823291,12241,1
1114,1112,530.834425,12252,1
1115,1113,530.845561,12263,1
1116,1114,530.856697,12274,1
1117,1115,530.867832,12285,1
1118,1116,530.878968,12296,1
1119,1117,530.890103,12307,1
1120,1118,530.901239,12318,1
1121,1119,530.912374,12329,1
1122,1120,530.923509,12340,1
1123,1121,530.934646,12351,1
1124,1122,530.945781,12362,1
1125,1123,530.956917,12373,1
1126,1124,530.968050,12384,1
1127,1125,530.979186,12395,1
1128,1126,530.990322,12406,1
1129,1127,531.001459,12417,1
1130,1128,531.012592,12428,1
1131,1129,531.023727,12439,1
1132,1130,531.034864,12450,1
1133,1131,531.046000,12461,1
1134,1132,531.057136,12472,1
1135,1133,531.068270,12483,1
1136,1134,531.079405,12494,1
1137,1135,531.090542,12505,1
1138,1136,531.101677,12516,1
1139,1137,531.112811,12527,1
1140,1138,531.123949,12538,1
1141,1139,531.135084,12549,1
1142,1140,531.146219,12560,1
1143,1141,531.157354,12571,1
1144,1142,531.168490,12582,1
1145,1143,531.179625,12593,1
1146,1144,531.190761,12604,1
1147,1145,531.201896,12615,1
1148,1146,531.213031,12626,1
1149,1147,531.223155,12636,1
1150,1148,531.234288,12647,1
1151,1149,531.245426,12658,1
1152,1150,531.256559,12669,1
1153,1151,531.267695,12680,1
1154,1152,531.278831,12691,1
1155,1153,531.289967,12702,1
1156,1154,531.301105,12713,1
1157,1155,531.312238,12724,1
1158,1156,531.323373,12735,1
1159,1157,531.334510,12746,1
1160,1158,531.345644,12757,1
1161,1159,531.356781,12768,1
1162,1160,531.367915,12779,1
1163,1161,531.379051,12790,1
1164,1162,531.390187,12801,1
1165,1163,531.401321,12812,1
1166,1164,531.412458,12823,1
1167,1165,531.423593,12834,1
1168,1166,531.434729,12845,1
1169,1167,531.445864,12856,1
1170,1168,531.456998,12867,1
1171,1169,531.468134,12878,1
1172,1170,531.479269,12889,1
1173,1171,531.490406,12900,1
1174,1172,531.501539,12911,1
1175,1173,531.512676,12922,1
1176,1174,531.523812,12933,1
1177,1175,531.534947,12944,1
1178,1176,531.546081,12955,1
1179,1177,531.557217,12966,1
1180,1178,531.568355,12977,1
1181,1179,531.579490,12988,1
1182,1180,531.590624,12999,1
1183,1181,531.601760,13010,1
1184,1182,531.612895,13021,1
1185,1183,531.624030,13032,1
1186,1184,531.635166,13043,1
1187,1185,531.646303,13054,1
1188,1186,531.657436,13065,1
1189,1187,531.668573,13076,1
1190,1188,531.679707,13087,1
1191,1189,531.690845,13098,1
1192,1190,531.701980,13109,1
1193,1191,531.713116,13120,1
1194,1192,531.724248,13131,1
1195,1193,531.735386,13142,1
1196,1194,531.746522,13153,1
1197,1195,531.757657,13164,1
1198,1196,531.768790,13175,1
1199,1197,531.779926,13186,1
1200,1198,531.791063,13197,1
1201,1199,531.802199,13208,1
1202,1200,531.813334,13219,1
1203,1201,531.824469,13230,1
1204,1202,531.835605,13241,1
1205,1203,531.846740,13252,1
1206,1204,531.857875,13263,1
1207,1205,531.869011,13274,1
1208,1206,531.880146,13285,1
1209,1207,531.891282,13296,1
1210,1208,531.902416,13307,1
1211,1209,531.913554,13318,1
1212,1210,531.924687,13329,1
1213,1211,531.935823,13340,1
1214,1212,531.946960,13351,1
1215,1213,531.958106,13362,1
1216,1214,531.969229,13373,1
1217,1215,531.980364,13384,1
1218,1216,531.991501,13395,1
1219,1217,532.002635,13406,1
1220,1218,532.013772,13417,1
1221,1219,532.024906,13428,1
1222,1220,532.036042,13439,1
1223,1221,532.047179,13450,1
1224,1222,532.058313,13461,1
1225,1223,532.069448,13472,1
1226,1224,532.080586,13483,1
1227,1225,532.091719,13494,1
1228,1226,532.102856,13505,1
1229,1227,532.113992,13516,1
1230,1228,532.125125,13527,1
1231,1229,532.136261,13538,1
1232,1230,532.147397,13549,1
1233,1231,532.158533,13560,1
1234,1232,532.169668,13571,1
1235,1233,532.180802,13582,1
1236,1234,532.191938,13593,1
1237,1235,532.203076,13604,1
1238,1236,532.214211,13615,1
1239,1237,532.225346,13626,1
1240,1238,532.236482,13637,1
1241,1239,532.247616,13648,1
1242,1240,532.258750,13659,1
1243,1241,532.269886,13670,1
1244,1242,532.281024,13681,1
1245,1243,532.292158,13692,1
1246,1244,532.303295,13703,1
1247,1245,532.314430,13714,1
1248,1246,532.325565,13725,1
1249,1247,532.336700,13736,1
1250,1248,532.347836,13747,1
1251,1249,532.358971,13758,1
1252,1250,532.370106,13769,1
1253,1251,532.381240,13780,1
1254,1252,532.392376,13791,1
1255,1253,532.403512,13802,1
1256,1254,532.414647,13813,1
1257,1255,532.425783,13824,1
1258,1256,532.436920,13835,1
1259,1257,532.448056,13846,1
1260,1258,532.459189,13857,1
1261,1259,532.470325,13868,1
1262,1260,532.481462,13879,1
1263,1261,532.492597,13890,1
1264,1262,532.503733,13901,1
1265,1263,532.514868,13912,1
1266,1264,532.526002,13923,1
1267,1265,532.537139,13934,1
1268,1266,532.548275,13945,1
1269,1267,532.559410,13956,1
1270,1268,532.570546,13967,1
1271,1269,532.581681,13978,1
1272,1270,532.592816,13989,1
1273,1271,532.603952,14000,1
1274,1272,532.615086,14011,1
1275,1273,532.626221,14022,1
1276,1274,532.637359,14033,1
1277,1275,532.648493,14044,1
1278,1276,532.659629,14055,1
1279,1277,532.670764,14066,1
1280,1278,532.681899,14077,1
1281,1279,532.692022,14087,1
1282,1280,532.703159,14098,1
1283,1281,532.714294,14109,1
1284,1282,532.725430,14120,1
1285,1283,532.736564,14131,1
1286,1284,532.747701,14142,1
1287,1285,532.758836,14153,1
1288,1286,532.769971,14164,1
1289,1287,532.781105,14175,1
1290,1288,532.792242,14186,1
1291,1289,532.803376,14197,1
1292,1290,532.814512,14208,1
1293,1291,532.825648,14219,1
1294,1292,532.836783,14230,1
1295,1293,532.847919,14241,1
1296,1294,532.859055,14252,1
1297,1295,532.870191,14263,1
1298,1296,532.881325,14274,1
1299,1297,532.892459,14285,1
1300,1298,532.903595,14296,1
1301,1299,532.914732,14307,1
1302,1300,532.925868,14318,1
1303,1301,532.937003,14329,1
1304,1302,532.948139,14340,1
1305,1303,532.959273,14351,1
1306,1304,532.970409,14362,1
1307,1305,532.981544,14373,1
1308,1306,532.992678,14384,1
1309,1307,533.003816,14395,1
1310,1308,533.014950,14406,1
1311,1309,533.026086,14417,1
1312,1310,533.037220,14428,1
1313,1311,533.048357,14439,1
1314,1312,533.059494,14450,1
1315,1313,533.070627,14461,1
1316,1314,533.081764,14472,1
1317,1315,533.092899,14483,1
1318,1316,533.104035,14494,1
1319,1317,533.115170,14505,1
1320,1318,533.126306,14516,1
1321,1319,533.137440,14527,1
1322,1320,533.148575,14538,1
1323,1321,533.159711,14549,1
1324,1322,533.170847,14560,1
1325,1323,533.181984,14571,1
1326,1324,533.193118,14582,1
1327,1325,533.204254,14593,1
1328,1326,533.215390,14604,1
1329,1327,533.226523,14615,1
1330,1328,533.237658,14626,1
1331,1329,533.248795,14637,1
1332,1330,533.259932,14648,1
1333,1331,533.271067,14659,1
1334,1332,533.282200,14670,1
1335,1333,533.293336,14681,1
1336,1334,533.304471,14692,1
1337,1335,533.315607,14703,1
1338,1336,533.326744,14714,1
1339,1337,533.337878,14725,1
1340,1338,533.349015,14736,1
1341,1339,533.360150,14747,1
1342,1340,533.371286,14758,1
1343,1341,533.382421,14769,1
1344,1342,533.393556,14780,1
1345,1343,533.404692,14791,1
1346,1344,533.415826,14802,1
1347,1345,533.426963,14813,1
1348,1346,533.438105,14824,1
1349,1347,533.449234,14835,1
1350,-1,533.460368,14846,1
1351,1348,533.471503,14857,1
1352,1349,533.482639,14868,1
1353,1350,533.493776,14879,1
1354,1351,533.504912,14890,1
1355,1352,533.516045,14901,1
1356,1353,533.527182,14912,1
1357,1354,533.538316,14923,1
1358,1355,533.549452,14934,1
1359,1356,533.560588,14945,1
1360,1357,533.571722,14956,1
1361,1358,533.582859,14967,1
1362,1359,533.593995,14978,1
1363,1360,533.605130,14989,1
1364,1361,533.616265,15000,1
1365,1362,533.627401,15011,1
1366,1363,533.638535,15022,1
1367,1364,533.649671,15033,1
1368,1365,533.660806,15044,1
1369,1366,533.671941,15055,1
1370,1367,533.683077,15066,1
1371,1368,533.694214,15077,1
1372,1369,533.705348,15088,1
1373,1370,533.716483,15099,1
1374,1371,533.727620,15110,1
1375,1372,533.738754,15121,1
1376,1373,533.749890,15132,1
1377,1374,533.761027,15143,1
1378,1375,533.772162,15154,1
1379,1376,533.783296,15165,1
1380,1377,533.794432,15176,1
1381,1378,533.805568,15187,1
1382,1379,533.816705,15198,1
1383,1380,533.827838,15209,1
1384,1381,533.838973,15220,1
1385,1382,533.850109,15231,1
1386,1383,533.861245,15242,1
1387,1384,533.872382,15253,1
1388,1385,533.883517,15264,1
1389,1386,533.894651,15275,1
1390,1387,533.905788,15286,1
1391,1388,533.916923,15297,1
1392,1389,533.928058,15308,1
1393,1390,533.939195,15319,1
1394,1391,533.950329,15330,1
1395,1392,533.961466,15341,1
1396,1393,533.972600,15352,1
1397,1394,533.983734,15363,1
1398,1395,533.994872,15374,1
1399,1396,534.006006,15385,1
1400,1397,534.017142,15396,1
1401,1398,534.028278,15407,1
1402,1399,534.039412,15418,1
1403,1400,534.050547,15429,1
1404,1401,534.061682,15440,1
1405,1402,534.072819,15451,1
1406,1403,534.083953,15462,1
1407,1404,534.095098,15473,1
1408,1405,534.106224,15484,1
1409,1406,534.117361,15495,1
1410,1407,534.128498,15506,1
1411,1408,534.139631,15517,1
1412,1409,534.150768,15528,1
1413,1410,534.160892,15538,1
1414,1411,534.172027,15549,1
1415,1412,534.183161,15560,1
1416,1413,534.194295,15571,1
1417,1414,534.205433,15582,1
1418,1415,534.216568,15593,1
1419,1416,534.227703,15604,1
1420,1417,534.238838,15615,1
1421,1418,534.249976,15626,1
1422,1419,534.261109,15637,1
1423,1420,534.272244,15648,1
1424,1421,534.283379,15659,1
1425,1422,534.294517,15670,1
1426,1423,534.305652,15681,1
1427,1424,534.316787,15692,1
1428,1425,534.327921,15703,1
1429,1426,534.339059,15714,1
1430,1427,534.350193,15725,1
1431,1428,534.361330,15736,1
1432,1429,534.372465,15747,1
1433,1430,534.383601,15758,1
1434,1431,534.394734,15769,1
1435,1432,534.405872,15780,1
1436,1433,534.417006,15791,1
1437,1434,534.428141,15802,1
1438,1435,534.439277,15813,1
1439,1436,534.450412,15824,1
1440,1437,534.461548,15835,1
1441,1438,534.472684,15846,1
1442,1439,534.483819,15857,1
1443,1440,534.494953,15868,1
1444,1441,534.506100,15879,1
1445,1442,534.517225,15890,1
1446,1443,534.528361,15901,1
1447,1444,534.539495,15912,1
1448,1445,534.550630,15923,1
1449,1446,534.561765,15934,1
1450,1447,534.572902,15945,1
1451,1448,534.584036,15956,1
1452,1449,534.595173,15967,1
1453,1450,534.606307,15978,1
1454,1451,534.617443,15989,1
1455,1452,534.628580,16000,1
1456,1453,534.639714,16011,1
1457,1454,534.650851,16022,1
1458,1455,534.661986,16033,1
1459,1456,534.673120,16044,1
1460,1457,534.684256,16055,1
1461,1458,534.695393,16066,1
1462,1459,534.706529,16077,1
1463,1460,534.717662,16088,1
1464,1461,534.728799,16099,1
1465,1462,534.739935,16110,1
1466,1463,534.751070,16121,1
1467,1464,534.762206,16132,1
1468,1465,534.773341,16143,1
1469,1466,534.784477,16154,1
1470,1467,534.795611,16165,1
1471,1468,534.806748,16176,1
1472,1469,534.817882,16187,1
1473,1470,534.829018,16198,1
1474,1471,534.840154,16209,1
1475,1472,534.851289,16220,1
1476,1473,534.862425,16231,1
1477,1474,534.873561,16242,1
1478,1475,534.884696,16253,1
1479,1476,534.895830,16264,1
1480,1477,534.906966,16275,1
1481,1478,534.918104,16286,1
1482,1479,534.929237,16297,1
1483,1480,534.940373,16308,1
1484,1481,534.951508,16319,1
1485,1482,534.962642,16330,1
1486,1483,534.973780,16341,1
1487,1484,534.984915,16352,1
1488,1485,534.996051,16363,1
1489,1486,535.007186,16374,1
1490,1487,535.018319,16385,1
1491,1488,535.029456,16396,1
1492,1489,535.040590,16407,1
1493,1490,535.051728,16418,1
1494,1491,535.062862,16429,1
1495,1492,535.073997,16440,1
1496,1493,535.085132,16451,1
1497,1494,535.096268,16462,1
1498,1495,535.107404,16473,1
1499,1496,535.118541,16484,1
1500,1497,535.129674,16495,1
1501,1498,535.140809,16506,1
1502,1499,535.151946,16517,1
1503,1500,535.163081,16528,1
1504,1501,535.174216,16539,1
1505,1502,535.185352,16550,1
1506,1503,535.196487,16561,1
1507,1504,535.207624,16572,1
1508,1505,535.218758,16583,1
1509,1506,535.229894,16594,1
1510,1507,535.241029,16605,1
1511,1508,535.252166,16616,1
1512,1509,535.263300,16627,1
1513,1510,535.274437,16638,1
1514,1511,535.285572,16649,1
1515,1512,535.296707,16660,1
1516,1513,535.307842,16671,1
1517,1514,535.318979,16682,1
1518,1515,535.330113,16693,1
1519,1516,535.341249,16704,1
1520,1517,535.352385,16715,1
1521,1518,535.363518,16726,1
1522,1519,535.374654,16737,1
1523,1520,535.385791,16748,1
1524,1521,535.396925,16759,1
1525,1522,535.408062,16770,1
1526,1523,535.419197,16781,1
1527,1524,535.430334,16792,1
1528,1525,535.441468,16803,1
1529,1526,535.452604,16814,1
1530,1527,535.463740,16825,1
1531,1528,535.474875,16836,1
1532,1529,535.486011,16847,1
1533,1530,535.497144,16858,1
1534,1531,535.508280,16869,1
1535,1532,535.519415,16880,1
1536,1533,535.530553,16891,1
1537,1534,535.541686,16902,1
1538,1535,535.552824,16913,1
1539,1536,535.563958,16924,1
1540,1537,535.575103,16935,1
1541,1538,535.586230,16946,1
1542,1539,535.597365,16957,1
1543,1540,535.608498,16968,1
1544,1541,535.619635,16979,1
1545,1542,535.629759,16989,1
1546,1543,535.640894,17000,1
1547,1544,535.652028,17011,1
1548,1545,535.663165,17022,1
1549,1546,535.674299,17033,1
1550,1547,535.685437,17044,1
1551,1548,535.696570,17055,1
1552,1549,535.707705,17066,1
1553,1550,535.718843,17077,1
1554,1551,535.729979,17088,1
1555,1552,535.741113,17099,1
1556,1553,535.752250,17110,1
1557,1554,535.763384,17121,1
1558,1555,535.774520,17132,1
1559,1556,535.785654,17143,1
1560,1557,535.796790,17154,1
1561,1558,535.807926,17165,1
1562,1559,535.819061,17176,1
1563,1560,535.830197,17187,1
1564,1561,535.841332,17198,1
1565,1562,535.852468,17209,1
1566,1563,535.863602,17220,1
1567,1564,535.874739,17231,1
1568,1565,535.885875,17242,1
1569,1566,535.897010,17253,1
1570,1567,535.908145,17264,1
1571,1568,535.919280,17275,1
1572,1569,535.930417,17286,1
1573,1570,535.941550,17297,1
1574,1571,535.952687,17308,1
1575,1572,535.963821,17319,1
1576,1573,535.974958,17330,1
1577,1574,535.986100,17341,1
1578,1575,535.997229,17352,1
1579,1576,536.008365,17363,1
1580,1577,536.019500,17374,1
1581,1578,536.030634,17385,1
1582,1579,536.041772,17396,1
1583,1580,536.052907,17407,1
1584,1581,536.064041,17418,1
1585,1582,536.075177,17429,1
1586,1583,536.086313,17440,1
1587,1584,536.097446,17451,1
1588,1585,536.108584,17462,1
1589,1586,536.119719,17473,1
1590,1587,536.130855,17484,1
1591,1588,536.141990,17495,1
1592,1589,536.153124,17506,1
1593,1590,536.164261,17517,1
1594,1591,536.175396,17528,1
1595,1592,536.186531,17539,1
1596,1593,536.197667,17550,1
1597,1594,536.208802,17561,1
1598,1595,536.219938,17572,1
1599,1596,536.231073,17583,1
1600,1597,536.242209,17594,1
1601,1598,536.253343,17605,1
1602,1599,536.264478,17616,1
1603,1600,536.275614,17627,1
1604,1601,536.286750,17638,1
1605,1602,536.297885,17649,1
1606,1603,536.309020,17660,1
1607,1604,536.320158,17671,1
1608,1605,536.331293,17682,1
1609,1606,536.342429,17693,1
1610,1607,536.353562,17704,1
1611,1608,536.364699,17715,1
1612,1609,536.375834,17726,1
1613,1610,536.386970,17737,1
1614,1611,536.398104,17748,1
1615,1612,536.409239,17759,1
1616,1613,536.420377,17770,1
1617,1614,536.431511,17781,1
1618,1615,536.442648,17792,1
1619,1616,536.453781,17803,1
1620,1617,536.464918,17814,1
1621,1618,536.476053,17825,1
1622,1619,536.487189,17836,1
1623,1620,536.498323,17847,1
1624,1621,536.509461,17858,1
1625,1622,536.520595,17869,1
1626,1623,536.531729,17880,1
1627,1624,536.542865,17891,1
1628,1625,536.554002,17902,1
1629,1626,536.565137,17913,1
1630,1627,536.576272,17924,1
1631,1628,536.587406,17935,1
1632,1629,536.598544,17946,1
1633,1630,536.609678,17957,1
1634,1631,536.620813,17968,1
1635,1632,536.631949,17979,1
1636,1633,536.643084,17990,1
1637,1634,536.654221,18001,1
1638,1635,536.665356,18012,1
1639,1636,536.676492,18023,1
1640,1637,536.687627,18034,1
1641,1638,536.698761,18045,1
1642,1639,536.709899,18056,1
1643,1640,536.721033,18067,1
1644,1641,536.732170,18078,1
1645,1642,536.743303,18089,1
1646,1643,536.754438,18100,1
1647,1644,536.765575,18111,1
1648,1645,536.776711,18122,1
1649,1646,536.787845,18133,1
1650,1647,536.798982,18144,1
1651,1648,536.810116,18155,1
1652,1649,536.821253,18166,1
1653,1650,536.832388,18177,1
1654,1651,536.843524,18188,1
1655,1652,536.854660,18199,1
1656,1653,536.865793,18210,1
1657,1654,536.876930,18221,1
1658,1655,536.888065,18232,1
1659,1656,536.899200,18243,1
1660,1657,536.910335,18254,1
1661,1658,536.921471,18265,1
1662,1659,536.932607,18276,1
1663,1660,536.943743,18287,1
1664,1661,536.954879,18298,1
1665,1662,536.966014,18309,1
1666,1663,536.977148,18320,1
1667,1664,536.988285,18331,1
1668,1665,536.999421,18342,1
1669,1666,537.010556,18353,1
1670,1667,537.021690,18364,1
1671,1668,537.032825,18375,1
1672,1669,537.043960,18386,1
1673,1670,537.055104,18397,1
1674,1671,537.066232,18408,1
1675,1672,537.077369,18419,1
1676,1673,537.088503,18430,1
1677,1674,537.098627,18440,1
1678,1675,537.109761,18451,1
1679,1676,537.120896,18462,1
1680,1677,537.132031,18473,1
1681,1678,537.143168,18484,1
1682,1679,537.154303,18495,1
1683,1680,537.165440,18506,1
1684,1681,537.176573,18517,1
1685,1682,537.187711,18528,1
1686,1683,537.198845,18539,1
1687,1684,537.209980,18550,1
1688,1685,537.221117,18561,1
1689,1686,537.232253,18572,1
1690,1687,537.243388,18583,1
1691,1688,537.254523,18594,1
1692,1689,537.265657,18605,1
1693,1690,537.276794,18616,1
1694,1691,537.287930,18627,1
1695,1692,537.299064,18638,1
1696,1693,537.310201,18649,1
1697,1694,537.321337,18660,1
1698,1695,537.332472,18671,1
1699,1696,537.343608,18682,1
1700,1697,537.354742,18693,1
1701,1698,537.365878,18704,1
1702,1699,537.377014,18715,1
1703,1700,537.388147,18726,1
1704,1701,537.399285,18737,1
1705,1702,537.410420,18748,1
1706,1703,537.421555,18759,1
1707,1704,537.432692,18770,1
1708,1705,537.443826,18781,1
1709,1706,537.454960,18792,1
1710,1707,537.466104,18803,1
1711,1708,537.477231,18814,1
1712,1709,537.488368,18825,1
1713,1710,537.499503,18836,1
1714,1711,537.510637,18847,1
1715,1712,537.521775,18858,1
1716,1713,537.532909,18869,1
1717,1714,537.544043,18880,1
1718,1715,537.555181,18891,1
1719,1716,537.566317,18902,1
1720,1717,537.577452,18913,1
1721,1718,537.588588,18924,1
1722,1719,537.599722,18935,1
1723,1720,537.610859,18946,1
1724,1721,537.621994,18957,1
1725,1722,537.633129,18968,1
1726,1723,537.644263,18979,1
1727,1724,537.655400,18990,1
1728,1725,537.666536,19001,1
1729,1726,537.677670,19012,1
1730,1727,537.688806,19023,1
1731,1728,537.699942,19034,1
1732,1729,537.711078,19045,1
1733,1730,537.722212,19056,1
1734,1731,537.733347,19067,1
1735,1732,537.744483,19078,1
1736,1733,537.755618,19089,1
1737,1734,537.766754,19100,1
1738,1735,537.777888,19111,1
1739,1736,537.789024,19122,1
1740,1737,537.800162,19133,1
1741,1738,537.811297,19144,1
1742,1739,537.822431,19155,1
1743,1740,537.833568,19166,1
1744,1741,537.844703,19177,1
1745,1742,537.855838,19188,1
1746,1743,537.866972,19199,1
1747,1744,537.878109,19210,1
1748,1745,537.889242,19221,1
1749,1746,537.900380,19232,1
1750,1747,537.911513,19243,1
1751,1748,537.922649,19254,1
1752,1749,537.933786,19265,1
1753,1750,537.944921,19276,1
1754,1751,537.956058,19287,1
1755,1752,537.967193,19298,1
1756,1753,537.978328,19309,1
1757,1754,537.989462,19320,1
1758,1755,538.000599,19331,1
1759,1756,538.011733,19342,1
1760,1757,538.022869,19353,1
1761,1758,538.034004,19364,1
1762,1759,538.045140,19375,1
1763,1760,538.056276,19386,1
1764,1761,538.067411,19397,1
1765,1762,538.078546,19408,1
1766,1763,538.089683,19419,1
1767,1764,538.100819,19430,1
1768,1765,538.111954,19441,1
1769,1766,538.123101,19452,1
1770,1767,538.134223,19463,1
1771,1768,538.145359,19474,1
1772,1769,538.156496,19485,1
1773,1770,538.167630,19496,1
1774,1771,538.178767,19507,1
1775,1772,538.189901,19518,1
1776,1773,538.201038,19529,1
1777,1774,538.212171,19540,1
1778,1775,538.223307,19551,1
1779,1776,538.234443,19562,1
1780,1777,538.245580,19573,1
1781,1778,538.256713,19584,1
1782,1779,538.267848,19595,1
1783,1780,538.278985,19606,1
1784,1781,538.290122,19617,1
1785,1782,538.301255,19628,1
1786,1783,538.312392,19639,1
1787,1784,538.323527,19650,1
1788,1785,538.334662,19661,1
1789,1786,538.345798,19672,1
1790,1787,538.356932,19683,1
1791,1788,538.368070,19694,1
1792,1789,538.379204,19705,1
1793,1790,538.390339,19716,1
1794,1791,538.401474,19727,1
1795,1792,538.412609,19738,1
1796,1793,538.423745,19749,1
1797,1794,538.434881,19760,1
1798,1795,538.446015,19771,1
1799,1796,538.457153,19782,1
1800,1797,538.468289,19793,1
1801,1798,538.479422,19804,1
1802,1799,538.490557,19815,1
1803,1800,538.501695,19826,1
1804,1801,538.512830,19837,1
1805,1802,538.523966,19848,1
1806,1803,538.535105,19859,1
1807,1804,538.546237,19870,1
1808,1805,538.557370,19881,1
1809,1806,538.567493,19891,1
1810,1807,538.578630,19902,1
1811,1808,538.589764,19913,1
1812,1809,538.600901,19924,1
1813,1810,538.612037,19935,1
1814,1811,538.623173,19946,1
1815,1812,538.634309,19957,1
1816,1813,538.645444,19968,1
1817,1814,538.656578,19979,1
1818,1815,538.667715,19990,1
1819,1816,538.678848,20001,1
1820,1817,538.689983,20012,1
1821,1818,538.701120,20023,1
1822,1819,538.712257,20034,1
1823,1820,538.723390,20045,1
1824,1821,538.734525,20056,1
1825,1822,538.745662,20067,1
1826,1823,538.756798,20078,1
1827,1824,538.767933,20089,1
1828,1825,538.779069,20100,1
1829,1826,538.790205,20111,1
1830,1827,538.801339,20122,1
1831,1828,538.812473,20133,1
1832,1829,538.823609,20144,1
1833,1830,538.834747,20155,1
1834,1831,538.845882,20166,1
1835,1832,538.857016,20177,1
1836,1833,538.868151,20188,1
1837,1834,538.879287,20199,1
1838,1835,538.890424,20210,1
1839,1836,538.901557,20221,1
1840,1837,538.912693,20232,1
1841,1838,538.923829,20243,1
1842,1839,538.934965,20254,1
1843,1840,538.946104,20265,1
1844,1841,538.957234,20276,1
1845,1842,538.968372,20287,1
1846,1843,538.979505,20298,1
1847,1844,538.990642,20309,1
1848,1845,539.001778,20320,1
1849,1846,539.012914,20331,1
1850,1847,539.024048,20342,1
1851,1848,539.035183,20353,1
1852,1849,539.046320,20364,1
1853,1850,539.057456,20375,1
1854,1851,539.068590,20386,1
1855,1852,539.079726,20397,1
1856,1853,539.090861,20408,1
1857,1854,539.101996,20419,1
1858,1855,539.113133,20430,1
1859,1856,539.124266,20441,1
1860,1857,539.135401,20452,1
1861,1858,539.146539,20463,1
1862,1859,539.157674,20474,1
1863,1860,539.168808,20485,1
1864,1861,539.179943,20496,1
1865,1862,539.191081,20507,1
1866,1863,539.202216,20518,1
1867,1864,539.213351,20529,1
1868,1865,539.224487,20540,1
1869,1866,539.235620,20551,1
1870,1867,539.246758,20562,1
1871,1868,539.257892,20573,1
1872,1869,539.269027,20584,1
1873,1870,539.280163,20595,1
1874,1871,539.291299,20606,1
1875,1872,539.302435,20617,1
1876,1873,539.313569,20628,1
1877,1874,539.324706,20639,1
1878,1875,539.335840,20650,1
1879,1876,539.346977,20661,1
1880,1877,539.358113,20672,1
1881,1878,539.369247,20683,1
1882,1879,539.380381,20694,1
1883,1880,539.391520,20705,1
1884,1881,539.402655,20716,1
1885,1882,539.413788,20727,1
1886,1883,539.424925,20738,1
1887,1884,539.436061,20749,1
1888,1885,539.447197,20760,1
1889,1886,539.458332,20771,1
1890,1887,539.469466,20782,1
1891,1888,539.480603,20793,1
1892,1889,539.491739,20804,1
1893,1890,539.502872,20815,1
1894,1891,539.514009,20826,1
1895,1892,539.525145,20837,1
1896,1893,539.536280,20848,1
1897,1894,539.547416,20859,1
1898,1895,539.558550,20870,1
1899,1896,539.569686,20881,1
1900,1897,539.580822,20892,1
1901,1898,539.591957,20903,1
1902,1899,539.603107,20914,1
1903,1900,539.614228,20925,1
1904,1901,539.625363,20936,1
1905,1902,539.636497,20947,1
1906,1903,539.647632,20958,1
1907,1904,539.658770,20969,1
1908,1905,539.669905,20980,1
1909,1906,539.681041,20991,1
1910,1907,539.692176,21002,1
1911,1908,539.703310,21013,1
1912,1909,539.714447,21024,1
1913,1910,539.725583,21035,1
1914,1911,539.736716,21046,1
1915,1912,539.747853,21057,1
1916,1913,539.758990,21068,1
1917,1914,539.770124,21079,1
1918,1915,539.781258,21090,1
1919,1916,539.792393,21101,1
1920,1917,539.803529,21112,1
1921,1918,539.814667,21123,1
1922,1919,539.825801,21134,1
1923,1920,539.836937,21145,1
1924,1921,539.848071,21156,1
1925,1922,539.859206,21167,1
1926,1923,539.870342,21178,1
1927,1924,539.881478,21189,1
1928,1925,539.892615,21200,1
1929,1926,539.903750,21211,1
1930,1927,539.914886,21222,1
1931,1928,539.926019,21233,1
1932,1929,539.937156,21244,1
1933,1930,539.948290,21255,1
1934,1931,539.959427,21266,1
1935,1932,539.970563,21277,1
1936,1933,539.981698,21288,1
1937,1934,539.992832,21299,1
1938,-1,540.003969,21310,1
1939,1935,540.015105,21321,1
1940,1936,540.026238,21332,1
1941,1937,540.036361,21342,1
1942,1938,540.047499,21353,1
1943,1939,540.058632,21364,1
1944,1940,540.069770,21375,1
1945,1941,540.080905,21386,1
1946,1942,540.092041,21397,1
1947,1943,540.103174,21408,1
1948,1944,540.114311,21419,1
1949,1945,540.125446,21430,1
1950,1946,540.136581,21441,1
1951,1947,540.147718,21452,1
1952,1948,540.158853,21463,1
1953,1949,540.169988,21474,1
1954,1950,540.181123,21485,1
1955,1951,540.192260,21496,1
1956,1952,540.203393,21507,1
1957,1953,540.214528,21518,1
1958,1954,540.225666,21529,1
1959,1955,540.236801,21540,1
1960,1956,540.247935,21551,1
1961,1957,540.259071,21562,1
1962,1958,540.270207,21573,1
1963,1959,540.281342,21584,1
1964,1960,540.292477,21595,1
1965,1961,540.303613,21606,1
1966,1962,540.314748,21617,1
1967,1963,540.325885,21628,1
1968,1964,540.337020,21639,1
1969,1965,540.348156,21650,1
1970,1966,540.359291,21661,1
1971,1967,540.370427,21672,1
1972,1968,540.381561,21683,1
1973,1969,540.392698,21694,1
1974,1970,540.403831,21705,1
1975,1971,540.414969,21716,1
1976,1972,540.426103,21727,1
1977,1973,540.437239,21738,1
1978,1974,540.448373,21749,1
1979,1975,540.459509,21760,1
1980,1976,540.470646,21771,1
1981,1977,540.481782,21782,1
1982,1978,540.492915,21793,1
1983,1979,540.504053,21804,1
1984,1980,540.515186,21815,1
1985,1981,540.526324,21826,1
1986,1982,540.537459,21837,1
1987,1983,540.548592,21848,1
1988,1984,540.559729,21859,1
1989,1985,540.570863,21870,1
1990,1986,540.581999,21881,1
1991,1987,540.593134,21892,1
1992,1988,540.604272,21903,1
1993,1989,540.615406,21914,1
1994,1990,540.626540,21925,1
1995,1991,540.637678,21936,1
1996,1992,540.648811,21947,1
1997,1993,540.659947,21958,1
1998,1994,540.671085,21969,1
1999,1995,540.682219,21980,1
2000,1996,540.693354,21991,1
2001,1997,540.704490,22002,1
2002,1998,540.716797,22013,1
2003,1999,540.726762,22023,1
2004,2000,540.737896,22034,1
2005,2001,540.749031,22045,1
2006,2002,540.760168,22056,1
2007,2003,540.771303,22067,1
2008,2004,540.782438,22078,1
2009,2005,540.793574,22089,1
2010,2006,540.804708,22100,1
2011,2007,540.815843,22111,1
2012,2008,540.826980,22122,1
2013,2009,540.838116,22133,1
2014,2010,540.849252,22144,1
2015,2011,540.860387,22155,1
2016,2012,540.871523,22166,1
2017,2013,540.882657,22177,1
2018,2014,540.893794,22188,1
2019,2015,540.904929,22199,1
2020,2016,540.916063,22210,1
2021,2017,540.927199,22221,1
2022,2018,540.938335,22232,1
2023,2019,540.949469,22243,1
2024,2020,540.960606,22254,1
2025,2021,540.971741,22265,1
2026,2022,540.982877,22276,1
2027,2023,540.994012,22287,1
2028,2024,541.005146,22298,1
2029,2025,541.016283,22309,1
2030,2026,541.027418,22320,1
2031,2027,541.038553,22331,1
2032,2028,541.049688,22342,1
2033,2029,541.060825,22353,1
2034,2030,541.071961,22364,1
2035,2031,541.083103,22375,1
2036,2032,541.094230,22386,1
2037,2033,541.105367,22397,1
2038,2034,541.116502,22408,1
2039,2035,541.127636,22419,1
2040,2036,541.138774,22430,1
2041,2037,541.149907,22441,1
2042,2038,541.161042,22452,1
2043,2039,541.172179,22463,1
2044,2040,541.183315,22474,1
2045,2041,541.194450,22485,1
2046,2042,541.205587,22496,1
2047,2043,541.216722,22507,1
2048,2044,541.227858,22518,1
2049,2045,541.238990,22529,1
2050,2046,541.250128,22540,1
2051,2047,541.261264,22551,1
2052,2048,541.272398,22562,1
2053,2049,541.283534,22573,1
2054,2050,541.294670,22584,1
2055,2051,541.305806,22595,1
2056,2052,541.316940,22606,1
2057,2053,541.328076,22617,1
2058,2054,541.339211,22628,1
2059,2055,541.350347,22639,1
2060,2056,541.361482,22650,1
2061,2057,541.372616,22661,1
2062,2058,541.383753,22672,1
2063,2059,541.394889,22683,1
2064,2060,541.406025,22694,1
2065,2061,541.417160,22705,1
2066,2062,541.428293,22716,1
2067,2063,541.439431,22727,1
2068,2064,541.450564,22738,1
2069,2065,541.461701,22749,1
2070,2066,541.472837,22760,1
2071,2067,541.483973,22771,1
2072,2068,541.494101,22781,1
2073,2069,541.505229,22792,1
2074,2070,541.516365,22803,1
2075,2071,541.527501,22814,1
2076,2072,541.538636,22825,1
2077,2073,541.549772,22836,1
2078,2074,541.560909,22847,1
2079,2075,541.572043,22858,1
2080,2076,541.583179,22869,1
2081,2077,541.594315,22880,1
2082,2078,541.605450,22891,1
2083,2079,541.616586,22902,1
2084,2080,541.627720,22913,1
2085,2081,541.638857,22924,1
2086,2082,541.649993,22935,1
2087,2083,541.661128,22946,1
2088,2084,541.672263,22957,1
2089,2085,541.683398,22968,1
2090,2086,541.694533,22979,1
2091,2087,541.705668,22990,1
2092,2088,541.716805,23001,1
2093,2089,541.727940,23012,1
2094,2090,541.739074,23023,1
2095,2091,541.750211,23034,1
2096,2092,541.761346,23045,1
2097,2093,541.772480,23056,1
2098,2094,541.783616,23067,1
2099,2095,541.794751,23078,1
2100,2096,541.805889,23089,1
2101,2097,541.817022,23100,1
2102,2098,541.828157,23111,1
2103,2099,541.839295,23122,1
2104,2100,541.850428,23133,1
2105,2101,541.861564,23144,1
2106,2102,541.872699,23155,1
2107,2103,541.883837,23166,1
2108,2104,541.894971,23177,1
2109,2105,541.906107,23188,1
2110,2106,541.917242,23199,1
2111,2107,541.928377,23210,1
2112,2108,541.939514,23221,1
2113,2109,541.950649,23232,1
2114,2110,541.961786,23243,1
2115,2111,541.972921,23254,1
2116,2112,541.984055,23265,1
2117,2113,541.995190,23276,1
2118,2114,542.006327,23287,1
2119,2115,542.017463,23298,1
2120,2116,542.028596,23309,1
2121,2117,542.039733,23320,1
2122,2118,542.050868,23331,1
2123,2119,542.062004,23342,1
2124,2120,542.073137,23353,1
2125,2121,542.084274,23364,1
2126,2122,542.095411,23375,1
2127,2123,542.106544,23386,1
2128,2124,542.117682,23397,1
2129,2125,542.128815,23408,1
2130,2126,542.139953,23419,1
2131,2127,542.151099,23430,1
2132,2128,542.162221,23441,1
2133,2129,542.173359,23452,1
2134,2130,542.184494,23463,1
2135,2131,542.195629,23474,1
2136,2132,542.206764,23485,1
2137,2133,542.217898,23496,1
2138,2134,542.229034,23507,1
2139,2135,542.240172,23518,1
2140,2136,542.251306,23529,1
2141,2137,542.262442,23540,1
2142,2138,542.273576,23551,1
2143,2139,542.284713,23562,1
2144,2140,542.295849,23573,1
2145,2141,542.306985,23584,1
2146,2142,542.318119,23595,1
2147,2143,542.329255,23606,1
2148,2144,542.340391,23617,1
2149,2145,542.351526,23628,1
2150,2146,542.362662,23639,1
2151,2147,542.373796,23650,1
2152,2148,542.384931,23661,1
2153,2149,542.396069,23672,1
2154,2150,542.407202,23683,1
2155,2151,542.418339,23694,1
2156,2152,542.429472,23705,1
2157,2153,542.440608,23716,1
2158,2154,542.451745,23727,1
2159,2155,542.462879,23738,1
2160,2156,542.474016,23749,1
2161,2157,542.485152,23760,1
2162,2158,542.496287,23771,1
2163,2159,542.507422,23782,1
2164,2160,542.518558,23793,1
2165,2161,542.529692,23804,1
2166,2162,542.540829,23815,1
2167,2163,542.551962,23826,1
2168,2164,542.563105,23837,1
2169,2165,542.574236,23848,1
2170,2166,542.585371,23859,1
2171,2167,542.596507,23870,1
2172,2168,542.607640,23881,1
2173,2169,542.618777,23892,1
2174,2170,542.629910,23903,1
2175,2171,542.641048,23914,1
2176,2172,542.652184,23925,1
2177,2173,542.663318,23936,1
2178,2174,542.674454,23947,1
2179,2175,542.685590,23958,1
2180,2176,542.696725,23969,1
2181,2177,542.707860,23980,1
2182,2178,542.718996,23991,1
2183,2179,542.730131,24002,1
2184,2180,542.741268,24013,1
2185,2181,542.752402,24024,1
2186,2182,542.763538,24035,1
2187,2183,542.774673,24046,1
2188,2184,542.785809,24057,1
2189,2185,542.796943,24068,1
2190,2186,542.808080,24079,1
2191,2187,542.819215,24090,1
2192,2188,542.830349,24101,1
2193,2189,542.841486,24112,1
2194,2190,542.852621,24123,1
2195,2191,542.863757,24134,1
2196,2192,542.874893,24145,1
2197,2193,542.886027,24156,1
2198,2194,542.897163,24167,1
2199,2195,542.908299,24178,1
2200,2196,542.919434,24189,1
2201,2197,542.930568,24200,1
2202,2198,542.941706,24211,1
2203,2199,542.952840,24222,1
2204,2200,542.962963,24232,1
2205,2201,542.974102,24243,1
2206,2202,542.985235,24254,1
2207,2203,542.996368,24265,1
2208,2204,543.007504,24276,1
2209,2205,543.018642,24287,1
2210,2206,543.029777,24298,1
2211,2207,543.040911,24309,1
2212,2208,543.052047,24320,1
2213,2209,543.063182,24331,1
2214,2210,543.074316,24342,1
2215,2211,543.085454,24353,1
2216,2212,543.096588,24364,1
2217,2213,543.107724,24375,1
2218,2214,543.118861,24386,1
2219,2215,543.129996,24397,1
2220,2216,543.141129,24408,1
2221,2217,543.152267,24419,1
2222,2218,543.163402,24430,1
2223,2219,543.174538,24441,1
2224,2220,543.185673,24452,1
2225,2221,543.196807,24463,1
2226,2222,543.207945,24474,1
2227,2223,543.219079,24485,1
2228,2224,543.230215,24496,1
2229,2225,543.241348,24507,1
2230,2226,543.252484,24518,1
2231,2227,543.263621,24529,1
2232,2228,543.274755,24540,1
2233,2229,543.285892,24551,1
2234,2230,543.297027,24562,1
2235,2231,543.308162,24573,1
2236,2232,543.319298,24584,1
2237,2233,543.330434,24595,1
2238,2234,543.341569,24606,1
2239,2235,543.352703,24617,1
2240,2236,543.363839,24628,1
2241,2237,543.374975,24639,1
2242,2238,543.386110,24650,1
2243,2239,543.397246,24661,1
2244,2240,543.408382,24672,1
2245,2241,543.419516,24683,1
2246,2242,543.430653,24694,1
2247,2243,543.441787,24705,1
2248,2244,543.452923,24716,1
2249,2245,543.464060,24727,1
2250,2246,543.475193,24738,1
2251,2247,543.486328,24749,1
2252,2248,543.497465,24760,1
2253,2249,543.508602,24771,1
2254,2250,543.519735,24782,1
2255,2251,543.530871,24793,1
2256,2252,543.542008,24804,1
2257,2253,543.553143,24815,1
2258,2254,543.564279,24826,1
2259,2255,543.575414,24837,1
2260,2256,543.586549,24848,1
2261,2257,543.597685,24859,1
2262,2258,543.608820,24870,1
2263,2259,543.619956,24881,1
2264,2260,543.631101,24892,1
2265,2261,543.642225,24903,1
2266,2262,543.653363,24914,1
2267,2263,543.664496,24925,1
2268,2264,543.675633,24936,1
2269,2265,543.686768,24947,1
2270,2266,543.697902,24958,1
2271,2267,543.709039,24969,1
2272,2268,543.720173,24980,1
2273,2269,543.731310,24991,1
2274,2270,543.742446,25002,1
2275,2271,543.753580,25013,1
2276,2272,543.764715,25024,1
2277,2273,543.775852,25035,1
2278,2274,543.786986,25046,1
2279,2275,543.798123,25057,1
2280,2276,543.809257,25068,1
2281,2277,543.820394,25079,1
2282,2278,543.831530,25090,1
2283,2279,543.842665,25101,1
2284,2280,543.853800,25112,1
2285,2281,543.864936,25123,1
2286,2282,543.876070,25134,1
2287,2283,543.887207,25145,1
2288,2284,543.898341,25156,1
2289,2285,543.909477,25167,1
2290,2286,543.920613,25178,1
2291,2287,543.931748,25189,1
2292,2288,543.942884,25200,1
2293,2289,543.954019,25211,1
2294,2290,543.965154,25222,1
2295,2291,543.976291,25233,1
2296,2292,543.987425,25244,1
2297,2293,543.998562,25255,1
2298,2294,544.009696,25266,1
2299,2295,544.020833,25277,1
2300,2296,544.031967,25288,1
2301,2297,544.043104,25299,1
2302,2298,544.054237,25310,1
2303,2299,544.065374,25321,1
2304,2300,544.076509,25332,1
2305,2301,544.087645,25343,1
2306,2302,544.098779,25354,1
2307,2303,544.109915,25365,1
2308,2304,544.121051,25376,1
2309,2305,544.132186,25387,1
2310,2306,544.143322,25398,1
2311,2307,544.154458,25409,1
2312,2308,544.165593,25420,1
2313,2309,544.176727,25431,1
2314,2310,544.187863,25442,1
2315,2311,544.198999,25453,1
2316,2312,544.210135,25464,1
2317,2313,544.221269,25475,1
2318,2314,544.232404,25486,1
2319,2315,544.243540,25497,1
2320,2316,544.254675,25508,1
2321,2317,544.265813,25519,1
2322,2318,544.276948,25530,1
2323,2319,544.288083,25541,1
2324,2320,544.299217,25552,1
2325,2321,544.310353,25563,1
2326,2322,544.321490,25574,1
2327,2323,544.332623,25585,1
2328,2324,544.343760,25596,1
2329,2325,544.354896,25607,1
2330,2326,544.366032,25618,1
2331,2327,544.377165,25629,1
2332,2328,544.388301,25640,1
2333,2329,544.399436,25651,1
2334,2330,544.410572,25662,1
2335,2331,544.421708,25673,1
2336,2332,544.431830,25683,1
2337,2333,544.442965,25694,1
2338,2334,544.454103,25705,1
2339,2335,544.465236,25716,1
2340,2336,544.476374,25727,1
2341,2337,544.487510,25738,1
2342,2338,544.498643,25749,1
2343,2339,544.509781,25760,1
2344,2340,544.520916,25771,1
2345,2341,544.532051,25782,1
2346,2342,544.543186,25793,1
2347,2343,544.554320,25804,1
2348,2344,544.565456,25815,1
2349,2345,544.576591,25826,1
2350,2346,544.587729,25837,1
2351,2347,544.598863,25848,1
2352,2348,544.609998,25859,1
2353,2349,544.621135,25870,1
2354,2350,544.632268,25881,1
2355,2351,544.643405,25892,1
2356,2352,544.654539,25903,1
2357,2353,544.665675,25914,1
2358,2354,544.676813,25925,1
2359,2355,544.687947,25936,1
2360,2356,544.699081,25947,1
2361,2357,544.710217,25958,1
2362,2358,544.721354,25969,1
2363,2359,544.732490,25980,1
2364,2360,544.743623,25991,1
2365,2361,544.754759,26002,1
2366,2362,544.765896,26013,1
2367,2363,544.777030,26024,1
2368,2364,544.788166,26035,1
2369,2365,544.799302,26046,1
2370,2366,544.810437,26057,1
2371,2367,544.821573,26068,1
2372,2368,544.832707,26079,1
2373,2369,544.843844,26090,1
2374,2370,544.854978,26101,1
2375,2371,544.866116,26112,1
2376,2372,544.877250,26123,1
2377,2373,544.888385,26134,1
2378,2374,544.899519,26145,1
2379,2375,544.910655,26156,1
2380,2376,544.921790,26167,1
2381,2377,544.932927,26178,1
2382,2378,544.944063,26189,1
2383,2379,544.955198,26200,1
2384,2380,544.966333,26211,1
2385,2381,544.977468,26222,1
2386,2382,544.988603,26233,1
2387,2383,544.999740,26244,1
2388,2384,545.010876,26255,1
2389,2385,545.022012,26266,1
2390,2386,545.033146,26277,1
2391,2387,545.044280,26288,1
2392,2388,545.055416,26299,1
2393,2389,545.066554,26310,1
2394,2390,545.077688,26321,1
2395,2391,545.088824,26332,1
2396,2392,545.099958,26343,1
2397,2393,545.111105,26354,1
2398,2394,545.122230,26365,1
2399,2395,545.133364,26376,1
2400,2396,545.144500,26387,1
2401,2397,545.155635,26398,1
2402,2398,545.166772,26409,1
2403,2399,545.177906,26420,1
2404,2400,545.189044,26431,1
2405,2401,545.200179,26442,1
2406,2402,545.211313,26453,1
2407,2403,545.222448,26464,1
2408,2404,545.233586,26475,1
2409,2405,545.244721,26486,1
2410,2406,545.255856,26497,1
2411,2407,545.266990,26508,1
2412,2408,545.278126,26519,1
2413,2409,545.289263,26530,1
2414,2410,545.300398,26541,1
2415,2411,545.311534,26552,1
2416,2412,545.322669,26563,1
2417,2413,545.333804,26574,1
2418,2414,545.344938,26585,1
2419,2415,545.356076,26596,1
2420,2416,545.367210,26607,1
2421,2417,545.378346,26618,1
2422,2418,545.389481,26629,1
2423,2419,545.400615,26640,1
2424,2420,545.411751,26651,1
2425,2421,545.422888,26662,1
2426,2422,545.434024,26673,1
2427,2423,545.445158,26684,1
2428,2424,545.456294,26695,1
2429,2425,545.467428,26706,1
2430,2426,545.478565,26717,1
2431,2427,545.489701,26728,1
2432,2428,545.500836,26739,1
2433,2429,545.511971,26750,1
2434,2430,545.523105,26761,1
2435,2431,545.534242,26772,1
2436,2432,545.545376,26783,1
2437,2433,545.556513,26794,1
2438,2434,545.567647,26805,1
2439,2435,545.578782,26816,1
2440,2436,545.589919,26827,1
2441,2437,545.601056,26838,1
2442,2438,545.612189,26849,1
2443,2439,545.623326,26860,1
2444,2440,545.634460,26871,1
2445,2441,545.645597,26882,1
2446,2442,545.656733,26893,1
2447,2443,545.667867,26904,1
2448,2444,545.679003,26915,1
2449,2445,545.690138,26926,1
2450,2446,545.701274,26937,1
2451,2447,545.712410,26948,1
2452,2448,545.723546,26958,1
2453,2449,545.734681,26969,1
2454,2450,545.745816,26980,1
2455,2451,545.756952,26991,1
2456,2452,545.768087,27002,1
2457,2453,545.779222,27013,1
2458,2454,545.790357,27024,1
2459,2455,545.801492,27035,1
2460,2456,545.812627,27046,1
2461,2457,545.823765,27057,1
2462,2458,545.834900,27068,1
2463,2459,545.846035,27079,1
2464,2460,545.857169,27090,1
2465,2461,545.868307,27101,1
2466,2462,545.879440,27112,1
2467,2463,545.890578,27123,1
2468,2464,545.900700,27133,1
2469,2465,545.911836,27144,1
2470,2466,545.922972,27155,1
2471,2467,545.934105,27166,1
2472,2468,545.945240,27177,1
2473,2469,545.956376,27188,1
2474,2470,545.967511,27199,1
2475,2471,545.978647,27210,1
2476,2472,545.989783,27221,1
2477,2473,546.000919,27232,1
2478,2474,546.012055,27243,1
2479,2475,546.023191,27254,1
2480,2476,546.034325,27265,1
2481,2477,546.045460,27276,1
2482,2478,546.056595,27287,1
2483,2479,546.067733,27298,1
2484,2480,546.078868,27309,1
2485,2481,546.090003,27320,1
2486,2482,546.101139,27331,1
2487,2483,546.112274,27342,1
2488,2484,546.123410,27353,1
2489,2485,546.134543,27364,1
2490,2486,546.145680,27375,1
2491,2487,546.156816,27386,1
2492,2488,546.167950,27397,1
2493,2489,546.179098,27408,1
2494,2490,546.190223,27419,1
2495,2491,546.201357,27430,1
2496,2492,546.212493,27441,1
2497,2493,546.223629,27452,1
2498,2494,546.234762,27463,1
2499,2495,546.245899,27474,1
2500,2496,546.257035,27485,1
2501,2497,546.268169,27496,1
2502,2498,546.279304,27507,1
2503,2499,546.290442,27518,1
2504,2500,546.301575,27529,1
2505,2501,546.312713,27540,1
2506,2502,546.323846,27551,1
2507,2503,546.334982,27562,1
2508,2504,546.346118,27573,1
2509,2505,546.357254,27584,1
2510,2506,546.368388,27595,1
2511,2507,546.379525,27606,1
2512,2508,546.390660,27617,1
2513,2509,546.401795,27628,1
2514,2510,546.412932,27639,1
2515,2511,546.424068,27650,1
2516,2512,546.435201,27661,1
2517,2513,546.446336,27672,1
2518,2514,546.457472,27683,1
2519,2515,546.468607,27694,1
2520,2516,546.479744,27705,1
2521,2517,546.490878,27716,1
2522,2518,546.502014,27727,1
2523,2519,546.513149,27738,1
2524,2520,546.524284,27749,1
2525,2521,546.535420,27760,1
2526,2522,546.546557,27771,1
2527,2523,546.557690,27782,1
2528,2524,546.568826,27793,1
2529,2525,546.579964,27804,1
2530,2526,546.591104,27815,1
2531,2527,546.602234,27826,1
2532,2528,546.613368,27837,1
2533,2529,546.624506,27848,1
2534,2530,546.635641,27859,1
2535,2531,546.646774,27870,1
2536,2532,546.657912,27881,1
2537,2533,546.669045,27892,1
2538,2534,546.680181,27903,1
2539,2535,546.691316,27914,1
2540,2536,546.702453,27925,1
2541,2537,546.713587,27936,1
2542,2538,546.724724,27947,1
2543,2539,546.735858,27958,1
2544,2540,546.746995,27969,1
2545,2541,546.758131,27980,1
2546,2542,546.769266,27991,1
2547,2543,546.780400,28002,1
2548,2544,546.791535,28013,1
2549,2545,546.802672,28024,1
2550,2546,546.813806,28035,1
2551,2547,546.824943,28046,1
2552,2548,546.836077,28057,1
2553,2549,546.847212,28068,1
2554,2550,546.858349,28079,1
2555,2551,546.869485,28090,1
2556,2552,546.880621,28101,1
2557,2553,546.891755,28112,1
2558,2554,546.902890,28123,1
2559,2555,546.914026,28134,1
2560,2556,546.925162,28145,1
2561,2557,546.936298,28156,1
2562,2558,546.947433,28167,1
2563,2559,546.958567,28178,1
2564,2560,546.969703,28189,1
2565,2561,546.980839,28200,1
2566,2562,546.991974,28211,1
2567,2563,547.003109,28222,1
2568,2564,547.014246,28233,1
2569,2565,547.025380,28244,1
2570,2566,547.036517,28255,1
2571,2567,547.047652,28266,1
2572,2568,547.058787,28277,1
2573,2569,547.069923,28288,1
2574,2570,547.081057,28299,1
2575,2571,547.092193,28310,1
2576,2572,547.103328,28321,1
2577,2573,547.114463,28332,1
2578,2574,547.125601,28343,1
2579,2575,547.136734,28354,1
2580,2576,547.147872,28365,1
2581,2577,547.159006,28376,1
2582,2578,547.170141,28387,1
2583,2579,547.181277,28398,1
2584,2580,547.192414,28409,1
2585,2581,547.203548,28420,1
2586,2582,547.214684,28431,1
2587,2583,547.225819,28442,1
2588,2584,547.236956,28453,1
2589,2585,547.248100,28464,1
2590,2586,547.259227,28475,1
2591,2587,547.270360,28486,1
2592,2588,547.281495,28497,1
2593,2589,547.292632,28508,1
2594,2590,547.303766,28519,1
2595,2591,547.314903,28530,1
2596,2592,547.326038,28541,1
2597,2593,547.337174,28552,1
2598,2594,547.348308,28563,1
2599,2595,547.359445,28574,1
2600,2596,547.369567,28584,1
2601,2597,547.380704,28595,1
2602,2598,547.391838,28606,1
2603,2599,547.402974,28617,1
2604,2600,547.414108,28628,1
2605,2601,547.425244,28639,1
2606,2602,547.436381,28650,1
2607,2603,547.447517,28661,1
2608,2604,547.458652,28672,1
2609,2605,547.469786,28683,1
2610,2606,547.480922,28694,1
2611,2607,547.492057,28705,1
2612,2608,547.503194,28716,1
2613,2609,547.514329,28727,1
2614,2610,547.525463,28738,1
2615,2611,547.536601,28749,1
2616,2612,547.547736,28760,1
2617,2613,547.558871,28771,1
2618,2614,547.570007,28782,1
2619,2615,547.581143,28793,1
2620,2616,547.592277,28804,1
2621,2617,547.603413,28815,1
2622,2618,547.614549,28826,1
2623,2619,547.625683,28837,1
2624,2620,547.636820,28848,1
2625,2621,547.647954,28859,1
2626,2622,547.659099,28870,1
2627,2623,547.670224,28881,1
2628,2624,547.681360,28892,1
2629,2625,547.692496,28903,1
2630,2626,547.703633,28914,1
2631,2627,547.714768,28925,1
2632,2628,547.725902,28936,1
2633,2629,547.737036,28947,1
2634,2630,547.748174,28958,1
2635,2631,547.759307,28969,1
2636,2632,547.770443,28980,1
2637,2633,547.781578,28991,1
2638,2634,547.792714,29002,1
2639,2635,547.803850,29013,1
2640,2636,547.814987,29024,1
2641,2637,547.826121,29035,1
2642,2638,547.837256,29046,1
2643,2639,547.848392,29057,1
2644,2640,547.859529,29068,1
2645,2641,547.870664,29079,1
2646,2642,547.881800,29090,1
2647,2643,547.892933,29101,1
2648,2644,547.904070,29112,1
2649,2645,547.915205,29123,1
2650,2646,547.926340,29134,1
2651,2647,547.937476,29145,1
2652,2648,547.948611,29156,1
2653,2649,547.959746,29167,1
2654,2650,547.970882,29178,1
2655,2651,547.982019,29189,1
2656,2652,547.993155,29200,1
2657,2653,548.004288,29211,1
2658,2654,548.015424,29222,1
2659,2655,548.026558,29233,1
2660,2656,548.037694,29244,1
2661,2657,548.048830,29255,1
2662,2658,548.059967,29266,1
2663,2659,548.071103,29277,1
2664,2660,548.082236,29288,1
2665,2661,548.093373,29299,1
2666,2662,548.104507,29310,1
2667,2663,548.115644,29321,1
2668,2664,548.126779,29332,1
2669,2665,548.137915,29343,1
2670,2666,548.149050,29354,1
2671,2667,548.160185,29365,1
2672,2668,548.171320,29376,1
2673,2669,548.182455,29387,1
2674,2670,548.193590,29398,1
2675,2671,548.204727,29409,1
2676,2672,548.215863,29420,1
2677,2673,548.226998,29431,1
2678,2674,548.238135,29442,1
2679,2675,548.249269,29453,1
2680,2676,548.260403,29464,1
2681,2677,548.271540,29475,1
2682,2678,548.282674,29486,1
2683,2679,548.293810,29497,1
2684,2680,548.304945,29508,1
2685,2681,548.316082,29519,1
2686,2682,548.327216,29530,1
2687,2683,548.338352,29541,1
2688,2684,548.349489,29552,1
2689,2685,548.360624,29563,1
2690,2686,548.371759,29574,1
2691,2687,548.382895,29585,1
2692,2688,548.394030,29596,1
2693,2689,548.405165,29607,1
2694,2690,548.416301,29618,1
2695,2691,548.427437,29629,1
2696,2692,548.438571,29640,1
2697,2693,548.449708,29651,1
2698,2694,548.460842,29662,1
2699,2695,548.471978,29673,1
2700,2696,548.483115,29684,1
2701,2697,548.494250,29695,1
2702,2698,548.505384,29706,1
2703,2699,548.516521,29717,1
2704,2700,548.527655,29728,1
2705,2701,548.538792,29739,1
2706,2702,548.549925,29750,1
2707,2703,548.561063,29761,1
2708,2704,548.572198,29772,1
2709,2705,548.583333,29783,1
2710,2706,548.594468,29794,1
2711,2707,548.605604,29805,1
2712,2708,548.616740,29816,1
2713,2709,548.627875,29827,1
2714,2710,548.639011,29838,1
2715,2711,548.650146,29849,1
2716,2712,548.661280,29860,1
2717,2713,548.672417,29871,1
2718,2714,548.683551,29882,1
2719,2715,548.694686,29893,1
2720,2716,548.705823,29904,1
2721,2717,548.716959,29915,1
2722,2718,548.728100,29926,1
2723,2719,548.739230,29937,1
2724,2720,548.750365,29948,1
2725,-1,548.761499,29959,1
2726,2721,548.772635,29970,1
2727,2722,548.783769,29981,1
2728,2723,548.794905,29992,1
2729,2724,548.806042,30003,1
2730,2725,548.817178,30014,1
2731,2726,548.828314,30025,1
2732,2727,548.838436,30035,1
2733,2728,548.849571,30046,1
2734,2729,548.860707,30057,1
2735,2730,548.871841,30068,1
2736,2731,548.882976,30079,1
2737,2732,548.894114,30090,1
2738,2733,548.905249,30101,1
2739,2734,548.916383,30112,1
2740,2735,548.927518,30123,1
2741,2736,548.938654,30134,1
2742,2737,548.949792,30145,1
2743,2738,548.960926,30156,1
2744,2739,548.972062,30167,1
2745,2740,548.983198,30178,1
2746,2741,548.994333,30189,1
2747,2742,549.005469,30200,1
2748,2743,549.016604,30211,1
2749,2744,549.027740,30222,1
2750,2745,549.038875,30233,1
2751,2746,549.050008,30244,1
2752,2747,549.061144,30255,1
2753,2748,549.072282,30266,1
2754,2749,549.083415,30277,1
2755,2750,549.094551,30288,1
2756,2751,549.105687,30299,1
2757,2752,549.116822,30310,1
2758,2753,549.127958,30321,1
2759,2754,549.139100,30332,1
2760,2755,549.150230,30343,1
2761,2756,549.161363,30354,1
2762,2757,549.172500,30365,1
2763,2758,549.183635,30376,1
2764,2759,549.194770,30387,1
2765,2760,549.205907,30398,1
2766,2761,549.217040,30409,1
2767,2762,549.228177,30420,1
2768,2763,549.239314,30431,1
2769,2764,549.250447,30442,1
2770,2765,549.261585,30453,1
2771,2766,549.272718,30464,1
2772,2767,549.283853,30475,1
2773,2768,549.294990,30486,1
2774,2769,549.306124,30497,1
2775,2770,549.317261,30508,1
2776,2771,549.328395,30519,1
2777,2772,549.339533,30530,1
2778,2773,549.350667,30541,1
2779,2774,549.361803,30552,1
2780,2775,549.372939,30563,1
2781,2776,549.384072,30574,1
2782,2777,549.395209,30585,1
2783,2778,549.406345,30596,1
2784,2779,549.417479,30607,1
2785,2780,549.428616,30618,1
2786,2781,549.439750,30629,1
2787,2782,549.450885,30640,1
2788,2783,549.462020,30651,1
2789,2784,549.473157,30662,1
2790,2785,549.484293,30673,1
2791,2786,549.495426,30684,1
2792,2787,549.506563,30695,1
2793,2788,549.517700,30706,1
2794,2789,549.528834,30717,1
2795,2790,549.539969,30728,1
2796,2791,549.551105,30739,1
2797,2792,549.562240,30750,1
2798,2793,549.573377,30761,1
2799,2794,549.584510,30772,1
2800,2795,549.595648,30783,1
2801,2796,549.606782,30794,1
2802,2797,549.617917,30805,1
2803,-1,549.629055,30816,1
2804,2798,549.640190,30827,1
2805,2799,549.651324,30838,1
2806,2800,549.662459,30849,1
2807,2801,549.673595,30860,1
2808,2802,549.684731,30871,1
2809,2803,549.695866,30882,1
2810,2804,549.707002,30893,1
2811,2805,549.718138,30904,1
2812,2806,549.729274,30915,1
2813,2807,549.740408,30926,1
2814,2808,549.751544,30937,1
2815,2809,549.762679,30948,1
2816,2810,549.773815,30959,1
2817,2811,549.784951,30970,1
2818,2812,549.796087,30981,1
2819,2813,549.807221,30992,1
2820,2814,549.818356,31003,1
2821,2815,549.829492,31014,1
2822,2816,549.840628,31025,1
2823,2817,549.851762,31036,1
2824,2818,549.862897,31047,1
2825,2819,549.874035,31058,1
2826,2820,549.885170,31069,1
2827,2821,549.896303,31080,1
2828,2822,549.907438,31091,1
2829,2823,549.918574,31102,1
2830,2824,549.929710,31113,1
2831,2825,549.940847,31124,1
2832,2826,549.951983,31135,1
2833,2827,549.963117,31146,1
2834,2828,549.974253,31157,1
2835,2829,549.985387,31168,1
2836,2830,549.996522,31179,1
2837,2831,550.007660,31190,1
2838,2832,550.018795,31201,1
2839,2833,550.029928,31212,1
2840,2834,550.041066,31223,1
2841,2835,550.052201,31234,1
2842,2836,550.063335,31245,1
2843,2837,550.074473,31256,1
2844,2838,550.085606,31267,1
2845,2839,550.096743,31278,1
2846,2840,550.107877,31289,1
2847,2841,550.119015,31300,1
2848,2842,550.130148,31311,1
2849,2843,550.141285,31322,1
2850,2844,550.152419,31333,1
2851,2845,550.163556,31344,1
2852,2846,550.174692,31355,1
2853,2847,550.185827,31366,1
2854,2848,550.196963,31377,1
2855,2849,550.208104,31388,1
2856,2850,550.219232,31399,1
2857,2851,550.230368,31410,1
2858,2852,550.241505,31421,1
2859,2853,550.252640,31432,1
2860,2854,550.263775,31443,1
2861,2855,550.274908,31454,1
2862,2856,550.286046,31465,1
2863,2857,550.297181,31476,1
2864,2858,550.307303,31486,1
2865,2859,550.318441,31497,1
2866,2860,550.329576,31508,1
2867,2861,550.340711,31519,1
2868,2862,550.351844,31530,1
2869,2863,550.362980,31541,1
2870,2864,550.374116,31552,1
2871,2865,550.385253,31563,1
2872,2866,550.396389,31574,1
2873,2867,550.407523,31585,1
2874,2868,550.418659,31596,1
2875,2869,550.429795,31607,1
2876,2870,550.440930,31618,1
2877,2871,550.452067,31629,1
2878,2872,550.463202,31640,1
2879,2873,550.474335,31651,1
2880,2874,550.485471,31662,1
2881,2875,550.496607,31673,1
2882,2876,550.507743,31684,1
2883,2877,550.518878,31695,1
2884,2878,550.530014,31706,1
2885,2879,550.541149,31717,1
2886,2880,550.552284,31728,1
2887,2881,550.563421,31739,1
2888,2882,550.574556,31750,1
2889,2883,550.585691,31761,1
2890,2884,550.596827,31772,1
2891,2885,550.607960,31783,1
2892,2886,550.619103,31794,1
2893,2887,550.630231,31805,1
2894,2888,550.641367,31816,1
2895,2889,550.652502,31827,1
2896,2890,550.663640,31838,1
2897,2891,550.674774,31849,1
2898,2892,550.685910,31860,1
2899,2893,550.697044,31871,1
2900,2894,550.708179,31882,1
2901,2895,550.719315,31892,1
2902,2896,550.730452,31903,1
2903,2897,550.741586,31914,1
2904,2898,550.752723,31925,1
2905,2899,550.763858,31936,1
2906,2900,550.774994,31947,1
2907,2901,550.786128,31958,1
2908,2902,550.797263,31969,1
2909,2903,550.808398,31980,1
2910,2904,550.819534,31991,1
2911,2905,550.830670,32002,1
2912,2906,550.841805,32013,1
2913,2907,550.852940,32024,1
2914,2908,550.864077,32035,1
2915,2909,550.875212,32046,1
2916,2910,550.886349,32057,1
2917,2911,550.897484,32068,1
2918,2912,550.908617,32079,1
2919,2913,550.919754,32090,1
2920,2914,550.930890,32101,1
2921,2915,550.942025,32112,1
2922,2916,550.953159,32123,1
2923,2917,550.964296,32134,1
2924,2918,550.975430,32145,1
2925,2919,550.986568,32156,1
2926,2920,550.997701,32167,1
2927,2921,551.008837,32178,1
2928,2922,551.019973,32189,1
2929,2923,551.031108,32200,1
2930,2924,551.042243,32211,1
2931,2925,551.053380,32222,1
2932,2926,551.064515,32233,1
2933,2927,551.075650,32244,1
2934,2928,551.086785,32255,1
2935,2929,551.097922,32266,1
2936,2930,551.109059,32277,1
2937,2931,551.120193,32288,1
2938,2932,551.131326,32299,1
2939,2933,551.142462,32310,1
2940,2934,551.153597,32321,1
2941,2935,551.164735,32332,1
2942,2936,551.175870,32343,1
2943,2937,551.187006,32354,1
2944,2938,551.198140,32365,1
2945,2939,551.209275,32376,1
2946,2940,551.220412,32387,1
2947,2941,551.231547,32398,1
2948,2942,551.242683,32409,1
2949,2943,551.253818,32420,1
2950,2944,551.264953,32431,1
2951,2945,551.276105,32442,1
2952,2946,551.287223,32453,1
2953,2947,551.298360,32464,1
2954,2948,551.309495,32475,1
2955,2949,551.320629,32486,1
2956,2950,551.331765,32497,1
2957,2951,551.342901,32508,1
2958,2952,551.354037,32519,1
2959,2953,551.365173,32530,1
2960,2954,551.376308,32541,1
2961,2955,551.387442,32552,1
2962,2956,551.398579,32563,1
2963,2957,551.409713,32574,1
2964,2958,551.420849,32585,1
2965,2959,551.431986,32596,1
2966,2960,551.443121,32607,1
2967,2961,551.454257,32618,1
2968,2962,551.465393,32629,1
2969,2963,551.476528,32640,1
2970,2964,551.487662,32651,1
2971,2965,551.498797,32662,1
2972,2966,551.509932,32673,1
2973,2967,551.521068,32684,1
2974,2968,551.532203,32695,1
2975,2969,551.543339,32706,1
2976,2970,551.554476,32717,1
2977,2971,551.565610,32728,1
2978,2972,551.576746,32739,1
2979,2973,551.587882,32750,1
2980,2974,551.599017,32761,1
2981,2975,551.610152,32772,1
2982,2976,551.621289,32783,1
2983,2977,551.632424,32794,1
2984,2978,551.643560,32805,1
2985,2979,551.654695,32816,1
2986,2980,551.665828,32827,1
2987,2981,551.676964,32838,1
2988,2982,551.688103,32849,1
2989,2983,551.699236,32860,1
2990,2984,551.710373,32871,1
2991,2985,551.721508,32882,1
2992,2986,551.732644,32893,1
2993,2987,551.743777,32904,1
2994,2988,551.754914,32915,1
2995,2989,551.765035,32925,1
2996,2990,551.776173,32936,1
2997,2991,551.787309,32947,1
2998,2992,551.798444,32958,1
2999,2993,551.809577,32969,1
3000,2994,551.820715,32980,1
3001,2995,551.831849,32991,1
3002,2996,551.842984,33002,1
3003,2997,551.854121,33013,1
3004,2998,551.865255,33024,1
3005,2999,551.876390,33035,1
3006,3000,551.887528,33046,1
3007,3001,551.898662,33057,1
3008,3002,551.909798,33068,1
3009,3003,551.920933,33079,1
3010,3004,551.932070,33090,1
3011,3005,551.943203,33101,1
3012,3006,551.954338,33112,1
3013,3007,551.965474,33123,1
3014,3008,551.976611,33134,1
3015,3009,551.987747,33145,1
3016,3010,551.998880,33156,1
3017,3011,552.010018,33167,1
3018,3012,552.021152,33178,1
3019,3013,552.032288,33189,1
3020,3014,552.043422,33200,1
3021,3015,552.054560,33211,1
3022,3016,552.065694,33222,1
3023,3017,552.076830,33233,1
3024,3018,552.087965,33244,1
3025,3019,552.099105,33255,1
3026,3020,552.110237,33266,1
3027,3021,552.121371,33277,1
3028,3022,552.132506,33288,1
3029,3023,552.143643,33299,1
3030,3024,552.154778,33310,1
3031,3025,552.165914,33321,1
3032,3026,552.177047,33332,1
3033,3027,552.188183,33343,1
3034,3028,552.199320,33354,1
3035,3029,552.210454,33365,1
3036,3030,552.221589,33376,1
3037,3031,552.232726,33387,1
3038,3032,552.243861,33398,1
3039,3033,552.254997,33409,1
3040,3034,552.266133,33420,1
3041,3035,552.277268,33431,1
3042,3036,552.288404,33442,1
3043,3037,552.299540,33453,1
3044,3038,552.310675,33464,1
3045,3039,552.321810,33475,1
3046,3040,552.332946,33486,1
3047,3041,552.344081,33497,1
3048,3042,552.355215,33508,1
3049,3043,552.366351,33519,1
3050,3044,552.377487,33530,1
3051,3045,552.388622,33541,1
3052,3046,552.399756,33552,1
3053,3047,552.410894,33563,1
3054,3048,552.422027,33574,1
3055,3049,552.433164,33585,1
3056,3050,552.444298,33596,1
3057,3051,552.455435,33607,1
3058,3052,552.466571,33618,1
3059,3053,552.477706,33629,1
3060,3054,552.488841,33640,1
3061,3055,552.499977,33651,1
3062,3056,552.511111,33662,1
3063,3057,552.522248,33673,1
3064,3058,552.533382,33684,1
3065,3059,552.544519,33695,1
3066,3060,552.555655,33706,1
3067,3061,552.566788,33717,1
3068,3062,552.577924,33728,1
3069,3063,552.589061,33739,1
3070,3064,552.600196,33750,1
3071,3065,552.611332,33761,1
3072,3066,552.622468,33772,1
3073,3067,552.633603,33783,1
3074,3068,552.644738,33794,1
3075,3069,552.655875,33805,1
3076,3070,552.667009,33816,1
3077,3071,552.678144,33827,1
3078,3072,552.689278,33838,1
3079,3073,552.700414,33849,1
3080,3074,552.711549,33860,1
3081,3075,552.722685,33871,1
3082,3076,552.733822,33882,1
3083,3077,552.744955,33893,1
3084,3078,552.756102,33904,1
3085,3079,552.767227,33915,1
3086,3080,552.778364,33926,1
3087,3081,552.789500,33937,1
3088,3082,552.800634,33948,1
3089,3083,552.811771,33959,1
3090,3084,552.822906,33970,1
3091,3085,552.834042,33981,1
3092,3086,552.845176,33992,1
3093,3087,552.856311,34003,1
3094,3088,552.867448,34014,1
3095,3089,552.878582,34025,1
3096,3090,552.889718,34036,1
3097,3091,552.900854,34047,1
3098,3092,552.911989,34058,1
3099,3093,552.923124,34069,1
3100,3094,552.934260,34080,1
3101,3095,552.945396,34091,1
3102,3096,552.956532,34102,1
3103,3097,552.967667,34113,1
3104,3098,552.978802,34124,1
3105,3099,552.989936,34135,1
3106,3100,553.001072,34146,1
3107,3101,553.012209,34157,1
3108,3102,553.023343,34168,1
3109,3103,553.034480,34179,1
3110,3104,553.045613,34190,1
3111,3105,553.056749,34201,1
3112,3106,553.067884,34212,1
3113,3107,553.079019,34223,1
3114,3108,553.090157,34234,1
3115,3109,553.101292,34245,1
3116,3110,553.112428,34256,1
3117,3111,553.123562,34267,1
3118,3112,553.134699,34278,1
3119,3113,553.145832,34289,1
3120,3114,553.156969,34300,1
3121,3115,553.168103,34311,1
3122,3116,553.179239,34322,1
3123,3117,553.190376,34333,1
3124,3118,553.201509,34344,1
3125,3119,553.212647,34355,1
3126,3120,553.223783,34366,1
3127,3121,553.233905,34376,1
3128,3122,553.245041,34387,1
3129,3123,553.256176,34398,1
3130,3124,553.267311,34409,1
3131,3125,553.278445,34420,1
3132,3126,553.289583,34431,1
3133,3127,553.300718,34442,1
3134,3128,553.311853,34453,1
3135,3129,553.322988,34464,1
3136,3130,553.334125,34475,1
3137,3131,553.345259,34486,1
3138,3132,553.356394,34497,1
3139,3133,553.367529,34508,1
3140,3134,553.378664,34519,1
3141,3135,553.389800,34530,1
3142,3136,553.400938,34541,1
3143,3137,553.412072,34552,1
3144,3138,553.423208,34563,1
3145,3139,553.434344,34574,1
3146,3140,553.445479,34585,1
3147,3141,553.456613,34596,1
3148,3142,553.467750,34607,1
3149,3143,553.478886,34618,1
3150,3144,553.490019,34629,1
3151,3145,553.501156,34640,1
3152,3146,553.512290,34651,1
3153,3147,553.523428,34662,1
3154,3148,553.534563,34673,1
3155,3149,553.545698,34684,1
3156,3150,553.556832,34695,1
3157,3151,553.567967,34706,1
3158,3152,553.579105,34717,1
3159,3153,553.590240,34728,1
3160,3154,553.601374,34739,1
3161,3155,553.612510,34750,1
3162,3156,553.623646,34761,1
3163,3157,553.634781,34772,1
3164,3158,553.645916,34783,1
3165,3159,553.657052,34794,1
3166,3160,553.668186,34805,1
3167,3161,553.679324,34816,1
3168,3162,553.690459,34827,1
3169,3163,553.701595,34838,1
3170,3164,553.712729,34849,1
3171,3165,553.723865,34860,1
3172,3166,553.734999,34871,1
3173,3167,553.746136,34882,1
3174,3168,553.757271,34893,1
3175,3169,553.768407,34904,1
3176,3170,553.779542,34915,1
3177,3171,553.790676,34926,1
3178,3172,553.801814,34937,1
3179,3173,553.812949,34948,1
3180,3174,553.824085,34959,1
3181,3175,553.835219,34970,1
3182,3176,553.846354,34981,1
3183,3177,553.857489,34992,1
3184,3178,553.868627,35003,1
3185,3179,553.879761,35014,1
3186,3180,553.890897,35025,1
3187,3181,553.902033,35036,1
3188,3182,553.913168,35047,1
3189,3183,553.924304,35058,1
3190,3184,553.935439,35069,1
3191,3185,553.946573,35080,1
3192,3186,553.957708,35091,1
3193,3187,553.968846,35102,1
3194,3188,553.979980,35113,1
3195,3189,553.991114,35124,1
3196,3190,554.002252,35135,1
3197,3191,554.013385,35146,1
3198,3192,554.024521,35157,1
3199,3193,554.035659,35168,1
3200,3194,554.046793,35179,1
3201,3195,554.057930,35190,1
3202,3196,554.069065,35201,1
3203,3197,554.080199,35212,1
3204,3198,554.091336,35223,1
3205,3199,554.102469,35234,1
3206,3200,554.113606,35245,1
3207,3201,554.124740,35256,1
3208,3202,554.135877,35267,1
3209,3203,554.147012,35278,1
3210,3204,554.158149,35289,1
3211,3205,554.169283,35300,1
3212,3206,554.180419,35311,1
3213,3207,554.191555,35322,1
3214,3208,554.202691,35333,1
3215,3209,554.213824,35344,1
3216,3210,554.224960,35355,1
3217,3211,554.236101,35366,1
3218,3212,554.247233,35377,1
3219,3213,554.258367,35388,1
3220,3214,554.269502,35399,1
3221,3215,554.280638,35410,1
3222,3216,554.291773,35421,1
3223,3217,554.302908,35432,1
3224,3218,554.314043,35443,1
3225,3219,554.325180,35454,1
3226,3220,554.336315,35465,1
3227,3221,554.347451,35476,1
3228,3222,554.358585,35487,1
3229,3223,554.369720,35498,1
3230,3224,554.380855,35509,1
3231,3225,554.391993,35520,1
3232,3226,554.403129,35531,1
3233,3227,554.414262,35542,1
3234,3228,554.425397,35553,1
3235,3229,554.436535,35564,1
3236,3230,554.447668,35575,1
3237,3231,554.458806,35586,1
3238,3232,554.469941,35597,1
3239,3233,554.481075,35608,1
3240,3234,554.492212,35619,1
3241,3235,554.503346,35630,1
3242,3236,554.514483,35641,1
3243,3237,554.525619,35652,1
3244,3238,554.536754,35663,1
3245,3239,554.547888,35674,1
3246,3240,554.559025,35685,1
3247,3241,554.570158,35696,1
3248,3242,554.581296,35707,1
3249,3243,554.592431,35718,1
3250,3244,554.603565,35729,1
3251,3245,554.614702,35740,1
3252,3246,554.625836,35751,1
3253,3247,554.636973,35762,1
3254,3248,554.648107,35773,1
3255,3249,554.659244,35784,1
3256,3250,554.670380,35795,1
3257,3251,554.681515,35806,1
3258,3252,554.692650,35817,1
3259,3253,554.702774,35827,1
3260,3254,554.713909,35838,1
3261,3255,554.725044,35849,1
3262,3256,554.736179,35860,1
3263,3257,554.747313,35871,1
3264,3258,554.758451,35882,1
3265,3259,554.769585,35893,1
3266,3260,554.780722,35904,1
3267,3261,554.791855,35915,1
3268,3262,554.802992,35926,1
3269,3263,554.814128,35937,1
3270,3264,554.825263,35948,1
3271,3265,554.836397,35959,1
3272,3266,554.847534,35970,1
3273,3267,554.858668,35981,1
3274,3268,554.869805,35992,1
3275,3269,554.880939,36003,1
3276,3270,554.892074,36014,1
3277,3271,554.903212,36025,1
3278,3272,554.914348,36036,1
3279,3273,554.925483,36047,1
3280,3274,554.936616,36058,1
3281,3275,554.947752,36069,1
3282,3276,554.958887,36080,1
3283,3277,554.970023,36091,1
3284,3278,554.981159,36102,1
3285,3279,554.992296,36113,1
3286,3280,555.003430,36124,1
3287,3281,555.014564,36135,1
3288,3282,555.025701,36146,1
3289,3283,555.036837,36157,1
3290,3284,555.047971,36168,1
3291,3285,555.059108,36179,1
3292,3286,555.070242,36190,1
3293,3287,555.081378,36201,1
3294,3288,555.092514,36212,1
3295,3289,555.103648,36223,1
3296,3290,555.114783,36234,1
3297,3291,555.125921,36245,1
3298,3292,555.137055,36256,1
3299,3293,555.148191,36267,1
3300,3294,555.159327,36278,1
3301,3295,555.170460,36289,1
3302,3296,555.181597,36300,1
3303,3297,555.192733,36311,1
3304,3298,555.203867,36322,1
3305,3299,555.215004,36333,1
3306,3300,555.226140,36344,1
3307,3301,555.237276,36355,1
3308,3302,555.248409,36366,1
3309,3303,555.259546,36377,1
3310,3304,555.270682,36388,1
3311,3305,555.281817,36399,1
3312,3306,555.292953,36410,1
3313,3307,555.304086,36421,1
3314,3308,555.315222,36432,1
3315,3309,555.326359,36443,1
3316,3310,555.337494,36454,1
3317,3311,555.348629,36465,1
3318,3312,555.359766,36476,1
3319,3313,555.370899,36487,1
3320,3314,555.382035,36498,1
3321,3315,555.393171,36509,1
3322,3316,555.404306,36520,1
3323,3317,555.415441,36531,1
3324,3318,555.426576,36542,1
3325,3319,555.437713,36553,1
3326,3320,555.448848,36564,1
3327,3321,555.459984,36575,1
3328,3322,555.471118,36586,1
3329,3323,555.482255,36597,1
3330,3324,555.493390,36608,1
3331,3325,555.504526,36619,1
3332,3326,555.515660,36630,1
3333,3327,555.526797,36641,1
3334,3328,555.537932,36652,1
3335,3329,555.549069,36663,1
3336,3330,555.560204,36674,1
3337,3331,555.571339,36685,1
3338,3332,555.582473,36696,1
3339,3333,555.593610,36707,1
3340,3334,555.604744,36718,1
3341,3335,555.615881,36729,1
3342,3336,555.627014,36740,1
3343,3337,555.638150,36751,1
3344,3338,555.649286,36762,1
3345,3339,555.660421,36773,1
3346,3340,555.671556,36784,1
3347,3341,555.682694,36795,1
3348,3342,555.693827,36806,1
3349,3343,555.704965,36817,1
3350,3344,555.716795,36827,1
3351,3345,555.727235,36838,1
3352,3346,555.738371,36849,1
3353,3347,555.749507,36860,1
3354,3348,555.760640,36871,1
3355,3349,555.771776,36882,1
3356,3350,555.782913,36893,1
3357,3351,555.794046,36904,1
3358,3352,555.805184,36915,1
3359,3353,555.816318,36926,1
3360,3354,555.827455,36937,1
3361,3355,555.838591,36948,1
3362,3356,555.849726,36959,1
3363,3357,555.860859,36970,1
3364,3358,555.871996,36981,1
3365,3359,555.883130,36992,1
3366,3360,555.894267,37003,1
3367,3361,555.905402,37014,1
3368,3362,555.916539,37025,1
3369,3363,555.927672,37036,1
3370,3364,555.938809,37047,1
3371,3365,555.949946,37058,1
3372,3366,555.961080,37069,1
3373,3367,555.972216,37080,1
3374,3368,555.983349,37091,1
3375,3369,555.994485,37102,1
3376,3370,556.005621,37113,1
3377,3371,556.016756,37124,1
3378,3372,556.027891,37135,1
3379,3373,556.039027,37146,1
3380,3374,556.050164,37157,1
3381,3375,556.061298,37168,1
3382,3376,556.072436,37179,1
3383,3377,556.083570,37190,1
3384,3378,556.094704,37201,1
3385,3379,556.105841,37212,1
3386,3380,556.116975,37223,1
3387,3381,556.128111,37234,1
3388,3382,556.139245,37245,1
3389,3383,556.150383,37256,1
3390,3384,556.161518,37267,1
3391,3385,556.171642,37277,1
3392,3386,556.182777,37288,1
3393,3387,556.193913,37299,1
3394,3388,556.205047,37310,1
3395,3389,556.216182,37321,1
3396,3390,556.227317,37332,1
3397,3391,556.238454,37343,1
3398,3392,556.249589,37354,1
3399,3393,556.260725,37365,1
3400,3394,556.271861,37376,1
3401,3395,556.282997,37387,1
3402,3396,556.294131,37398,1
3403,3397,556.305267,37409,1
3404,3398,556.316400,37420,1
3405,3399,556.327538,37431,1
3406,3400,556.338674,37442,1
3407,3401,556.349808,37453,1
3408,3402,556.360944,37464,1
3409,3403,556.372080,37475,1
3410,3404,556.383215,37486,1
3411,3405,556.394350,37497,1
3412,3406,556.405486,37508,1
3413,3407,556.416622,37519,1
3414,3408,556.427757,37530,1
3415,3409,556.438892,37541,1
3416,3410,556.450029,37552,1
3417,3411,556.461161,37563,1
3418,3412,556.472298,37574,1
3419,3413,556.483432,37585,1
3420,3414,556.494568,37596,1
3421,3415,556.505703,37607,1
3422,3416,556.516841,37618,1
3423,3417,556.527974,37629,1
3424,3418,556.539112,37640,1
3425,3419,556.550247,37651,1
3426,3420,556.561381,37662,1
3427,3421,556.572517,37673,1
3428,3422,556.583652,37684,1
3429,3423,556.594787,37695,1
3430,3424,556.605923,37706,1
3431,3425,556.617061,37717,1
3432,3426,556.628196,37728,1
3433,3427,556.639331,37739,1
3434,3428,556.650466,37750,1
3435,3429,556.661602,37761,1
3436,3430,556.672737,37772,1
3437,3431,556.683873,37783,1
3438,3432,556.695006,37794,1
3439,3433,556.706143,37805,1
3440,3434,556.717278,37816,1
3441,3435,556.728414,37827,1
3442,3436,556.739548,37838,1
3443,3437,556.750685,37849,1
3444,3438,556.761820,37860,1
3445,3439,556.772955,37871,1
3446,3440,556.784106,37882,1
3447,3441,556.795227,37893,1
3448,3442,556.806363,37904,1
3449,3443,556.817498,37915,1
3450,3444,556.828634,37926,1
3451,3445,556.839769,37937,1
3452,3446,556.850903,37948,1
3453,3447,556.862040,37959,1
3454,3448,556.873175,37970,1
3455,3449,556.884310,37981,1
3456,3450,556.895446,37992,1
3457,3451,556.906580,38003,1
3458,3452,556.917717,38014,1
3459,3453,556.928851,38025,1
3460,3454,556.939988,38036,1
3461,3455,556.951123,38047,1
3462,3456,556.962257,38058,1
3463,3457,556.973393,38069,1
3464,3458,556.984528,38080,1
3465,3459,556.995664,38091,1
3466,3460,557.006801,38102,1
3467,3461,557.017937,38113,1
3468,3462,557.029073,38124,1
3469,3463,557.040205,38135,1
3470,3464,557.051341,38146,1
3471,3465,557.062478,38157,1
3472,3466,557.073612,38168,1
3473,3467,557.084747,38179,1
3474,3468,557.095882,38190,1
3475,3469,557.107020,38201,1
3476,3470,557.118156,38212,1
3477,3471,557.129290,38223,1
3478,3472,557.140424,38234,1
3479,3473,557.151562,38245,1
3480,3474,557.162698,38256,1
3481,3475,557.173831,38267,1
3482,3476,557.184968,38278,1
3483,3477,557.196103,38289,1
3484,3478,557.207238,38300,1
3485,3479,557.218373,38311,1
3486,3480,557.229509,38322,1
3487,3481,557.240645,38333,1
3488,3482,557.251780,38344,1
3489,3483,557.262916,38355,1
3490,3484,557.274052,38366,1
3491,3485,557.285187,38377,1
3492,3486,557.296322,38388,1
3493,3487,557.307459,38399,1
3494,3488,557.318593,38410,1
3495,3489,557.329730,38421,1
3496,3490,557.340864,38432,1
3497,3491,557.351999,38443,1
3498,3492,557.363133,38454,1
3499,3493,557.374270,38465,1
3500,3494,557.385406,38476,1
3501,3495,557.396542,38487,1
3502,3496,557.407677,38498,1
3503,3497,557.418812,38509,1
3504,3498,557.429948,38520,1
3505,3499,557.441084,38531,1
3506,3500,557.452219,38542,1
3507,3501,557.463355,38553,1
3508,3502,557.474490,38564,1
3509,3503,557.485624,38575,1
3510,3504,557.496761,38586,1
3511,3505,557.507894,38597,1
3512,3506,557.519031,38608,1
3513,3507,557.530166,38619,1
3514,3508,557.541302,38630,1
3515,3509,557.552438,38641,1
3516,3510,557.563572,38652,1
3517,3511,557.574708,38663,1
3518,3512,557.585843,38674,1
3519,3513,557.596978,38685,1
3520,3514,557.608114,38696,1
3521,3515,557.619251,38707,1
3522,3516,557.630385,38718,1
3523,3517,557.640508,38728,1
3524,3518,557.651646,38739,1
3525,3519,557.662781,38750,1
3526,3520,557.673915,38761,1
3527,3521,557.685051,38772,1
3528,3522,557.696186,38783,1
3529,3523,557.707321,38794,1
3530,3524,557.718458,38805,1
3531,3525,557.729593,38816,1
3532,3526,557.740729,38827,1
3533,3527,557.751863,38838,1
3534,3528,557.762999,38849,1
3535,3529,557.774134,38860,1
3536,3530,557.785270,38871,1
3537,3531,557.796406,38882,1
3538,3532,557.807539,38893,1
3539,3533,557.818677,38904,1
3540,3534,557.829813,38915,1
3541,3535,557.840947,38926,1
3542,3536,557.852084,38937,1
3543,3537,557.863217,38948,1
3544,3538,557.874355,38959,1
3545,3539,557.885490,38970,1
3546,3540,557.896624,38981,1
3547,3541,557.907758,38992,1
3548,3542,557.918895,39003,1
3549,3543,557.930030,39014,1
3550,3544,557.941166,39025,1
3551,3545,557.952303,39036,1
3552,3546,557.963436,39047,1
3553,3547,557.974572,39058,1
3554,3548,557.985709,39069,1
3555,3549,557.996842,39080,1
3556,3550,558.007980,39091,1
3557,3551,558.019116,39102,1
3558,3552,558.030248,39113,1
3559,3553,558.041385,39124,1
3560,3554,558.052522,39135,1
3561,3555,558.063657,39146,1
3562,3556,558.074793,39157,1
3563,3557,558.085926,39168,1
3564,3558,558.097063,39179,1
3565,3559,558.108198,39190,1
3566,3560,558.119334,39201,1
3567,3561,558.130469,39212,1
3568,3562,558.141605,39223,1
3569,3563,558.152740,39234,1
3570,3564,558.163876,39245,1
3571,3565,558.175011,39256,1
3572,3566,558.186145,39267,1
3573,3567,558.197280,39278,1
3574,3568,558.208416,39289,1
3575,3569,558.219551,39300,1
3576,3570,558.230687,39311,1
3577,3571,558.241824,39322,1
3578,3572,558.252959,39333,1
3579,3573,558.264103,39344,1
3580,3574,558.275229,39355,1
3581,3575,558.286366,39366,1
3582,3576,558.297502,39377,1
3583,3577,558.308637,39388,1
3584,3578,558.319773,39399,1
3585,3579,558.330907,39410,1
3586,3580,558.342042,39421,1
3587,3581,558.353179,39432,1
3588,3582,558.364314,39443,1
3589,3583,558.375448,39454,1
3590,3584,558.386584,39465,1
3591,3585,558.397721,39476,1
3592,3586,558.408854,39487,1
3593,3587,558.419990,39498,1
3594,3588,558.431126,39509,1
3595,3589,558.442260,39520,1
3596,3590,558.453399,39531,1
3597,3591,558.464531,39542,1
3598,3592,558.475668,39553,1
3599,3593,558.486803,39564,1
3600,3594,558.497938,39575,1
3601,3595,558.509075,39586,1
3602,3596,558.520211,39597,1
3603,3597,558.531347,39608,1
3604,3598,558.542481,39619,1
3605,3599,558.553617,39630,1
3606,3600,558.564750,39641,1
3607,3601,558.575887,39652,1
3608,3602,558.587024,39663,1
3609,3603,558.598158,39674,1
3610,3604,558.609294,39685,1
3611,3605,558.620428,39696,1
3612,3606,558.631566,39707,1
3613,3607,558.642700,39718,1
3614,3608,558.653836,39729,1
3615,3609,558.664970,39740,1
3616,3610,558.676107,39751,1
3617,3611,558.687242,39762,1
3618,3612,558.698376,39773,1
3619,3613,558.709513,39784,1
3620,3614,558.720649,39795,1
3621,3615,558.731785,39806,1
3622,3616,558.742919,39817,1
3623,3617,558.754054,39828,1
3624,3618,558.765189,39839,1
3625,3619,558.776326,39850,1
3626,3620,558.787462,39861,1
3627,3621,558.798595,39872,1
3628,3622,558.809731,39883,1
3629,3623,558.820867,39894,1
3630,3624,558.832003,39905,1
3631,3625,558.843139,39916,1
3632,3626,558.854272,39927,1
3633,3627,558.865410,39938,1
3634,3628,558.876546,39949,1
3635,3629,558.887680,39960,1
3636,3630,558.898815,39971,1
3637,3631,558.909950,39982,1
3638,3632,558.921087,39993,1
3639,3633,558.932222,40004,1
3640,3634,558.943356,40015,1
3641,3635,558.954492,40026,1
3642,3636,558.965629,40037,1
3643,3637,558.976763,40048,1
3644,3638,558.987898,40059,1
3645,3639,558.999036,40070,1
3646,3640,559.010169,40081,1
3647,3641,559.021305,40092,1
3648,3642,559.032440,40103,1
3649,3643,559.043577,40114,1
3650,3644,559.054712,40125,1
3651,3645,559.065848,40136,1
3652,3646,559.076984,40147,1
3653,3647,559.088118,40158,1
3654,3648,559.099254,40169,1
3655,3649,559.109378,40179,1
3656,3650,559.120511,40190,1
3657,3651,559.131648,40201,1
3658,3652,559.142782,40212,1
3659,3653,559.153917,40223,1
3660,3654,559.165055,40234,1
3661,3655,559.176191,40245,1
3662,3656,559.187326,40256,1
3663,3657,559.198462,40267,1
3664,3658,559.209596,40278,1
3665,3659,559.220731,40289,1
3666,3660,559.231868,40300,1
3667,3661,559.243001,40311,1
3668,3662,559.254138,40322,1
3669,3663,559.265272,40333,1
3670,3664,559.276409,40344,1
3671,3665,559.287543,40355,1
3672,3666,559.298679,40366,1
3673,3667,559.309815,40377,1
3674,3668,559.320951,40388,1
3675,3669,559.332086,40399,1
3676,3670,559.343222,40410,1
3677,3671,559.354358,40421,1
3678,3672,559.365494,40432,1
3679,3673,559.376628,40443,1
3680,3674,559.387765,40454,1
3681,3675,559.398900,40465,1
3682,3676,559.410035,40476,1
3683,3677,559.421170,40487,1
3684,3678,559.432306,40498,1
3685,3679,559.443439,40509,1
3686,3680,559.454577,40520,1
3687,3681,559.465711,40531,1
3688,3682,559.476848,40542,1
3689,3683,559.487983,40553,1
3690,3684,559.499118,40564,1
3691,3685,559.510254,40575,1
3692,3686,559.521387,40586,1
3693,3687,559.532525,40597,1
3694,3688,559.543661,40608,1
3695,3689,559.554797,40619,1
3696,3690,559.565932,40630,1
3697,3691,559.577065,40641,1
3698,3692,559.588201,40652,1
3699,3693,559.599336,40663,1
3700,3694,559.610473,40674,1
3701,3695,559.621607,40685,1
3702,3696,559.632743,40696,1
3703,3697,559.643878,40707,1
3704,3698,559.655013,40718,1
3705,3699,559.666150,40729,1
3706,3700,559.677286,40740,1
3707,3701,559.688421,40751,1
3708,3702,559.699557,40762,1
3709,3703,559.710692,40773,1
3710,3704,559.721828,40784,1
3711,3705,559.732962,40795,1
3712,3706,559.744104,40806,1
3713,3707,559.755235,40817,1
3714,3708,559.766369,40828,1
3715,3709,559.777505,40839,1
3716,3710,559.788641,40850,1
3717,3711,559.799775,40861,1
3718,3712,559.810912,40872,1
3719,3713,559.822047,40883,1
3720,3714,559.833181,40894,1
3721,3715,559.844317,40905,1
3722,3716,559.855453,40916,1
3723,3717,559.866589,40927,1
3724,3718,559.877724,40938,1
3725,3719,559.888859,40949,1
3726,3720,559.899995,40960,1
3727,3721,559.911129,40971,1
3728,3722,559.922266,40982,1
3729,3723,559.933401,40993,1
3730,3724,559.944537,41004,1
3731,3725,559.955670,41015,1
3732,3726,559.966806,41026,1
3733,3727,559.977942,41037,1
3734,3728,559.989078,41048,1
3735,3729,560.000214,41059,1
3736,3730,560.011349,41070,1
3737,3731,560.022486,41081,1
3738,3732,560.033621,41092,1
3739,3733,560.044756,41103,1
3740,3734,560.055890,41114,1
3741,3735,560.067026,41125,1
3742,3736,560.078162,41136,1
3743,3737,560.089297,41147,1
3744,3738,560.100433,41158,1
3745,3739,560.111567,41169,1
3746,3740,560.122705,41180,1
3747,3741,560.133838,41191,1
3748,3742,560.144976,41202,1
3749,3743,560.156109,41213,1
3750,3744,560.167244,41224,1
3751,3745,560.178382,41235,1
3752,3746,560.189517,41246,1
3753,3747,560.200653,41257,1
3754,3748,560.211788,41268,1
3755,3749,560.222924,41279,1
3756,3750,560.234058,41290,1
3757,3751,560.245193,41301,1
3758,3752,560.256328,41312,1
3759,3753,560.267466,41323,1
3760,3754,560.278600,41334,1
3761,3755,560.289735,41345,1
3762,3756,560.300872,41356,1
3763,3757,560.312007,41367,1
3764,3758,560.323143,41378,1
3765,3759,560.334276,41389,1
3766,3760,560.345413,41400,1
3767,3761,560.356548,41411,1
3768,3762,560.367684,41422,1
3769,3763,560.378818,41433,1
3770,3764,560.389955,41444,1
3771,3765,560.401100,41455,1
3772,3766,560.412226,41466,1
3773,3767,560.423361,41477,1
3774,3768,560.434496,41488,1
3775,3769,560.445631,41499,1
3776,3770,560.456768,41510,1
3777,3771,560.467902,41521,1
3778,3772,560.479038,41532,1
3779,3773,560.490174,41543,1
3780,3774,560.501310,41554,1
3781,3775,560.512445,41565,1
3782,3776,560.523580,41576,1
3783,3777,560.534716,41587,1
3784,3778,560.545850,41598,1
3785,3779,560.556988,41609,1
3786,3780,560.568123,41620,1
3787,3781,560.578246,41630,1
3788,3782,560.589382,41641,1
3789,3783,560.600516,41652,1
3790,3784,560.611650,41663,1
3791,3785,560.622786,41674,1
3792,3786,560.633921,41685,1
3793,3787,560.645060,41696,1
3794,3788,560.656192,41707,1
3795,3789,560.667327,41718,1
3796,3790,560.678463,41729,1
3797,3791,560.689599,41740,1
3798,3792,560.700735,41751,1
3799,3793,560.711870,41762,1
3800,3794,560.723006,41773,1
3801,3795,560.734140,41784,1
3802,3796,560.745276,41795,1
3803,3797,560.756413,41806,1
3804,3798,560.767549,41817,1
3805,3799,560.778684,41828,1
3806,3800,560.789819,41839,1
3807,3801,560.800955,41850,1
3808,3802,560.812100,41861,1
3809,3803,560.823225,41872,1
3810,3804,560.834362,41883,1
3811,3805,560.845497,41894,1
3812,3806,560.856630,41905,1
3813,3807,560.867767,41916,1
3814,3808,560.878902,41927,1
3815,3809,560.890039,41938,1
3816,3810,560.901174,41949,1
3817,3811,560.912310,41960,1
3818,3812,560.923445,41971,1
3819,3813,560.934581,41982,1
3820,3814,560.945716,41993,1
3821,3815,560.956852,42004,1
3822,3816,560.967987,42015,1
3823,3817,560.979121,42026,1
3824,3818,560.990258,42037,1
3825,3819,561.001392,42048,1
3826,3820,561.012528,42059,1
3827,3821,561.023663,42070,1
3828,3822,561.034799,42081,1
3829,3823,561.045935,42092,1
3830,3824,561.057071,42103,1
3831,3825,561.068204,42114,1
3832,3826,561.079341,42125,1
3833,3827,561.090477,42136,1
3834,3828,561.101613,42147,1
3835,3829,561.112746,42158,1
3836,3830,561.123883,42169,1
3837,3831,561.135016,42180,1
3838,3832,561.146154,42191,1
3839,3833,561.157288,42202,1
3840,3834,561.168425,42213,1
3841,3835,561.179559,42224,1
3842,3836,561.190696,42235,1
3843,3837,561.201831,42246,1
3844,3838,561.212967,42257,1
3845,3839,561.224103,42268,1
3846,3840,561.235238,42279,1
3847,3841,561.246373,42290,1
3848,3842,561.257509,42301,1
3849,3843,561.268643,42312,1
3850,3844,561.279779,42323,1
3851,3845,561.290915,42334,1
3852,3846,561.302051,42345,1
3853,3847,561.313186,42356,1
3854,3848,561.324319,42367,1
3855,3849,561.335455,42378,1
3856,3850,561.346590,42389,1
3857,3851,561.357726,42400,1
3858,3852,561.368864,42411,1
3859,3853,561.379999,42422,1
3860,3854,561.391134,42433,1
3861,3855,561.402269,42444,1
3862,3856,561.413405,42455,1
3863,3857,561.424541,42466,1
3864,3858,561.435674,42477,1
3865,3859,561.446810,42488,1
3866,3860,561.457946,42499,1
3867,3861,561.469083,42510,1
3868,3862,561.480218,42521,1
3869,3863,561.491354,42532,1
3870,3864,561.502489,42543,1
3871,3865,561.513625,42554,1
3872,3866,561.524759,42565,1
3873,3867,561.535895,42576,1
3874,3868,561.547029,42587,1
3875,3869,561.558166,42598,1
3876,3870,561.569302,42609,1
3877,3871,561.580437,42620,1
3878,3872,561.591572,42631,1
3879,3873,561.602708,42642,1
3880,3874,561.613842,42653,1
3881,3875,561.624978,42664,1
3882,3876,561.636114,42675,1
3883,3877,561.647250,42686,1
3884,3878,561.658385,42697,1
3885,3879,561.669521,42708,1
3886,3880,561.680655,42719,1
3887,3881,561.691790,42730,1
3888,3882,561.702927,42741,1
3889,3883,561.714063,42752,1
3890,3884,561.725197,42763,1
3891,3885,561.736333,42774,1
3892,3886,561.747468,42785,1
3893,3887,561.758602,42796,1
3894,3888,561.769738,42807,1
3895,3889,561.780875,42818,1
3896,3890,561.792010,42829,1
3897,3891,561.803147,42840,1
3898,3892,561.814281,42851,1
3899,3893,561.825415,42862,1
3900,3894,561.836551,42873,1
3901,3895,561.847688,42884,1
3902,3896,561.858823,42895,1
3903,3897,561.869957,42906,1
3904,3898,561.881100,42917,1
3905,3899,561.892228,42928,1
3906,3900,561.903363,42939,1
3907,3901,561.914501,42950,1
3908,3902,561.925635,42961,1
3909,3903,561.936770,42972,1
3910,3904,561.947907,42983,1
3911,3905,561.959041,42994,1
3912,3906,561.970177,43005,1
3913,3907,561.981313,43016,1
3914,3908,561.992449,43027,1
3915,3909,562.003582,43038,1
3916,3910,562.014718,43049,1
3917,3911,562.025854,43060,1
3918,3912,562.036990,43071,1
3919,3913,562.047113,43081,1
3920,3914,562.058249,43092,1
3921,3915,562.069384,43103,1
3922,3916,562.080520,43114,1
3923,3917,562.091654,43125,1
3924,3918,562.102791,43136,1
3925,3919,562.113927,43147,1
3926,3920,562.125063,43158,1
3927,3921,562.136196,43169,1
3928,3922,562.147333,43180,1
3929,3923,562.158466,43191,1
3930,3924,562.169603,43202,1
3931,3925,562.180740,43213,1
3932,3926,562.191875,43224,1
3933,3927,562.203008,43235,1
3934,3928,562.214146,43246,1
3935,3929,562.225281,43257,1
3936,3930,562.236415,43268,1
3937,3931,562.247552,43279,1
3938,3932,562.258685,43290,1
3939,3933,562.269823,43301,1
3940,3934,562.280958,43312,1
3941,3935,562.292102,43323,1
3942,3936,562.303227,43334,1
3943,3937,562.314365,43345,1
3944,3938,562.325500,43356,1
3945,3939,562.336636,43367,1
3946,3940,562.347772,43378,1
3947,3941,562.358907,43389,1
3948,3942,562.370043,43400,1
3949,3943,562.381177,43411,1
3950,3944,562.392312,43422,1
3951,3945,562.403446,43433,1
3952,3946,562.414584,43444,1
3953,3947,562.425718,43455,1
3954,3948,562.436855,43466,1
3955,3949,562.447990,43477,1
3956,3950,562.459124,43488,1
3957,3951,562.470260,43499,1
3958,3952,562.481395,43510,1
3959,3953,562.492532,43521,1
3960,3954,562.503666,43532,1
3961,3955,562.514803,43543,1
3962,3956,562.525938,43554,1
3963,3957,562.537072,43565,1
3964,3958,562.548208,43576,1
3965,3959,562.559345,43587,1
3966,3960,562.570479,43598,1
3967,3961,562.581614,43609,1
3968,3962,562.592750,43620,1
3969,3963,562.603885,43631,1
3970,3964,562.615022,43642,1
3971,3965,562.626158,43653,1
3972,3966,562.637293,43664,1
3973,3967,562.648427,43675,1
3974,3968,562.659564,43686,1
3975,3969,562.670699,43697,1
3976,3970,562.681834,43708,1
3977,3971,562.692971,43719,1
3978,3972,562.704106,43730,1
3979,3973,562.715240,43741,1
3980,3974,562.726377,43752,1
3981,3975,562.737511,43763,1
3982,3976,562.748646,43774,1
3983,3977,562.759782,43785,1
3984,3978,562.770917,43796,1
3985,3979,562.782053,43807,1
3986,3980,562.793188,43818,1
3987,3981,562.804325,43829,1
3988,3982,562.815460,43840,1
3989,3983,562.826596,43851,1
3990,3984,562.837731,43862,1
3991,3985,562.848867,43873,1
3992,3986,562.860003,43884,1
3993,3987,562.871136,43895,1
3994,3988,562.882274,43906,1
3995,3989,562.893409,43917,1
3996,3990,562.904543,43928,1
3997,3991,562.915678,43939,1
3998,3992,562.926814,43950,1
3999,3993,562.937951,43961,1
4000,3994,562.949086,43972,1
4001,3995,562.960222,43983,1
4002,3996,562.971356,43994,1
4003,3997,562.982492,44005,1
4004,3998,562.993628,44016,1
4005,3999,563.004764,44027,1
4006,4000,563.015899,44038,1
4007,4001,563.027034,44049,1
4008,4002,563.038170,44060,1
4009,4003,563.049306,44071,1
4010,4004,563.060440,44082,1
4011,4005,563.071576,44093,1
4012,4006,563.082712,44104,1
4013,4007,563.093847,44115,1
4014,4008,563.104982,44126,1
4015,4009,563.116117,44137,1
4016,4010,563.127251,44148,1
4017,4011,563.138388,44159,1
4018,4012,563.149522,44170,1
4019,4013,563.160658,44181,1
4020,4014,563.171795,44192,1
4021,4015,563.182929,44203,1
4022,4016,563.194067,44214,1
4023,4017,563.205199,44225,1
4024,4018,563.216337,44236,1
4025,4019,563.227472,44247,1
4026,4020,563.238606,44258,1
4027,4021,563.249743,44269,1
4028,4022,563.260879,44280,1
4029,4023,563.272014,44291,1
4030,4024,563.283150,44302,1
4031,4025,563.294284,44313,1
4032,4026,563.305421,44324,1
4033,4027,563.316556,44335,1
4034,4028,563.327690,44346,1
4035,4029,563.338826,44357,1
4036,4030,563.349963,44368,1
4037,4031,563.361105,44379,1
4038,4032,563.372232,44390,1
4039,4033,563.383367,44401,1
4040,4034,563.394503,44412,1
4041,4035,563.405640,44423,1
4042,4036,563.416774,44434,1
4043,4037,563.427910,44445,1
4044,4038,563.439047,44456,1
4045,4039,563.450182,44467,1
4046,4040,563.461315,44478,1
4047,4041,563.472453,44489,1
4048,4042,563.483586,44500,1
4049,4043,563.494724,44511,1
4050,4044,563.504847,44521,1
4051,4045,563.515982,44532,1
4052,4046,563.527118,44543,1
4053,4047,563.538253,44554,1
4054,4048,563.549386,44565,1
4055,4049,563.560524,44576,1
4056,4050,563.571657,44587,1
4057,4051,563.582795,44598,1
4058,4052,563.593929,44609,1
4059,4053,563.605066,44620,1
4060,4054,563.616200,44631,1
4061,4055,563.627335,44642,1
4062,4056,563.638471,44653,1
4063,4057,563.649607,44664,1
4064,4058,563.660742,44675,1
4065,4059,563.671879,44686,1
4066,4060,563.683012,44697,1
4067,4061,563.694147,44708,1
4068,4062,563.705285,44719,1
4069,4063,563.716419,44730,1
4070,4064,563.727556,44741,1
4071,4065,563.738691,44752,1
4072,4066,563.749825,44763,1
4073,4067,563.760960,44774,1
4074,4068,563.772104,44785,1
4075,4069,563.783232,44796,1
4076,4070,563.794367,44807,1
4077,4071,563.805505,44818,1
4078,4072,563.816638,44829,1
4079,4073,563.827774,44840,1
4080,4074,563.838910,44851,1
4081,4075,563.850046,44862,1
4082,4076,563.861180,44873,1
4083,4077,563.872315,44884,1
4084,4078,563.883453,44895,1
4085,4079,563.894586,44906,1
4086,4080,563.905723,44917,1
4087,4081,563.916858,44928,1
4088,4082,563.927994,44939,1
4089,4083,563.939130,44950,1
4090,4084,563.950264,44961,1
4091,4085,563.961400,44972,1
4092,4086,563.972536,44983,1
4093,4087,563.983670,44994,1
4094,4088,563.994807,45005,1
4095,4089,564.005941,45016,1
4096,4090,564.017078,45027,1
4097,4091,564.028213,45038,1
4098,4092,564.039348,45049,1
4099,4093,564.050484,45060,1
4100,4094,564.061620,45071,1
4101,4095,564.072755,45082,1
4102,4096,564.083890,45093,1
4103,4097,564.095024,45104,1
4104,4098,564.106160,45115,1
4105,4099,564.117295,45126,1
4106,4100,564.128430,45137,1
4107,4101,564.139568,45148,1
4108,4102,564.150701,45159,1
4109,4103,564.161838,45170,1
4110,4104,564.172973,45181,1
4111,4105,564.184110,45192,1
4112,4106,564.195243,45203,1
4113,4107,564.206381,45214,1
4114,4108,564.217516,45225,1
4115,4109,564.228652,45236,1
4116,4110,564.239787,45247,1
4117,4111,564.250920,45258,1
4118,4112,564.262056,45269,1
4119,4113,564.273193,45280,1
4120,4114,564.284329,45291,1
4121,4115,564.295465,45302,1
4122,4116,564.306598,45313,1
4123,4117,564.317735,45324,1
4124,4118,564.328869,45335,1
4125,4119,564.340006,45346,1
4126,4120,564.351142,45357,1
4127,4121,564.362278,45368,1
4128,4122,564.373410,45379,1
4129,4123,564.384547,45390,1
4130,4124,564.395683,45401,1
4131,4125,564.406817,45412,1
4132,4126,564.417953,45423,1
4133,4127,564.429099,45434,1
4134,4128,564.440225,45445,1
4135,4129,564.451361,45456,1
4136,4130,564.462495,45467,1
4137,4131,564.473632,45478,1
4138,4132,564.484766,45489,1
4139,4133,564.495900,45500,1
4140,4134,564.507036,45511,1
4141,4135,564.518174,45522,1
4142,4136,564.529309,45533,1
4143,4137,564.540442,45544,1
4144,4138,564.551580,45555,1
4145,4139,564.562715,45566,1
4146,4140,564.573851,45577,1
4147,4141,564.584986,45588,1
4148,4142,564.596120,45599,1
4149,4143,564.607255,45610,1
4150,4144,564.618390,45621,1
4151,4145,564.629528,45632,1
4152,4146,564.640662,45643,1
4153,4147,564.651797,45654,1
4154,4148,564.662932,45665,1
4155,4149,564.674070,45676,1
4156,4150,564.685205,45687,1
4157,4151,564.696339,45698,1
4158,4152,564.707477,45709,1
4159,4153,564.718611,45720,1
4160,4154,564.729747,45731,1
4161,4155,564.740881,45742,1
4162,4156,564.752017,45753,1
4163,4157,564.763154,45764,1
4164,4158,564.774289,45775,1
4165,4159,564.785425,45786,1
4166,4160,564.796560,45797,1
4167,4161,564.807694,45808,1
4168,4162,564.818830,45819,1
4169,4163,564.829965,45830,1
4170,4164,564.841105,45841,1
4171,4165,564.852238,45852,1
4172,4166,564.863373,45863,1
4173,4167,564.874508,45874,1
4174,4168,564.885644,45885,1
4175,4169,564.896779,45896,1
4176,4170,564.907915,45907,1
4177,4171,564.919048,45918,1
4178,4172,564.930186,45929,1
4179,4173,564.941320,45940,1
4180,4174,564.952457,45951,1
4181,4175,564.963592,45962,1
4182,4176,564.973715,45972,1
4183,4177,564.984849,45983,1
4184,4178,564.995985,45994,1
4185,4179,565.007121,46005,1
4186,4180,565.018257,46016,1
4187,4181,565.029390,46027,1
4188,4182,565.040526,46038,1
4189,4183,565.051663,46049,1
4190,4184,565.062797,46060,1
4191,4185,565.073934,46071,1
4192,4186,565.085070,46082,1
4193,4187,565.096205,46093,1
4194,4188,565.107341,46104,1
4195,4189,565.118475,46115,1
4196,4190,565.129611,46126,1
4197,4191,565.140746,46137,1
4198,4192,565.151882,46148,1
4199,4193,565.163016,46159,1
4200,4194,565.174153,46170,1
4201,4195,565.185287,46181,1
4202,4196,565.196423,46192,1
4203,4197,565.207559,46203,1
4204,4198,565.218693,46214,1
4205,4199,565.229830,46225,1
4206,4200,565.240964,46236,1
4207,4201,565.252105,46247,1
4208,4202,565.263237,46258,1
4209,4203,565.274371,46269,1
4210,4204,565.285508,46280,1
4211,4205,565.296644,46291,1
4212,4206,565.307777,46302,1
4213,4207,565.318915,46313,1
4214,4208,565.330048,46324,1
4215,4209,565.341185,46335,1
4216,4210,565.352321,46346,1
4217,4211,565.363455,46357,1
4218,4212,565.374592,46368,1
4219,4213,565.385726,46379,1
4220,4214,565.396863,46390,1
4221,4215,565.407997,46401,1
4222,4216,565.419131,46412,1
4223,4217,565.430269,46423,1
4224,4218,565.441405,46434,1
4225,4219,565.452540,46445,1
4226,4220,565.463675,46456,1
4227,4221,565.474811,46467,1
4228,4222,565.485946,46478,1
4229,4223,565.497081,46489,1
4230,4224,565.508215,46500,1
4231,4225,565.519350,46511,1
4232,4226,565.530486,46522,1
4233,4227,565.541623,46533,1
4234,4228,565.552759,46544,1
4235,4229,565.563893,46555,1
4236,4230,565.575029,46566,1
4237,4231,565.586166,46577,1
4238,4232,565.597301,46588,1
4239,4233,565.608435,46599,1
4240,4234,565.619571,46610,1
4241,4235,565.630708,46621,1
4242,4236,565.641842,46632,1
4243,4237,565.652976,46643,1
4244,4238,565.664112,46654,1
4245,4239,565.675247,46665,1
4246,4240,565.686384,46676,1
4247,4241,565.697520,46687,1
4248,4242,565.708656,46698,1
4249,4243,565.719789,46708,1
4250,4244,565.730925,46719,1
4251,4245,565.742061,46730,1
4252,4246,565.753196,46741,1
4253,4247,565.764333,46752,1
4254,4248,565.775468,46763,1
4255,4249,565.786602,46774,1
4256,4250,565.797739,46785,1
4257,4251,565.808873,46796,1
4258,4252,565.820009,46807,1
4259,4253,565.831144,46818,1
4260,4254,565.842281,46829,1
4261,4255,565.853416,46840,1
4262,4256,565.864551,46851,1
4263,4257,565.875687,46862,1
4264,4258,565.886823,46873,1
4265,4259,565.897957,46884,1
4266,4260,565.909102,46895,1
4267,4261,565.920229,46906,1
4268,4262,565.931362,46917,1
4269,4263,565.942499,46928,1
4270,4264,565.953633,46939,1
4271,4265,565.964770,46950,1
4272,4266,565.975906,46961,1
4273,4267,565.987041,46972,1
4274,4268,565.998178,46983,1
4275,4269,566.009311,46994,1
4276,4270,566.020446,47005,1
4277,4271,566.031583,47016,1
4278,4272,566.042719,47027,1
4279,4273,566.053855,47038,1
4280,4274,566.064988,47049,1
4281,4275,566.076125,47060,1
4282,4276,566.087261,47071,1
4283,4277,566.098397,47082,1
4284,4278,566.109532,47093,1
4285,4279,566.120665,47104,1
4286,4280,566.131803,47115,1
4287,4281,566.142937,47126,1
4288,4282,566.154073,47137,1
4289,4283,566.165209,47148,1
4290,4284,566.176343,47159,1
4291,4285,566.187478,47170,1
4292,4286,566.198616,47181,1
4293,4287,566.209749,47192,1
4294,4288,566.220886,47203,1
4295,4289,566.232022,47214,1
4296,4290,566.243155,47225,1
4297,4291,566.254292,47236,1
4298,4292,566.265429,47247,1
4299,4293,566.276562,47258,1
4300,4294,566.287700,47269,1
4301,4295,566.298834,47280,1
4302,4296,566.309971,47291,1
4303,4297,566.321105,47302,1
4304,4298,566.332241,47313,1
4305,4299,566.343377,47324,1
4306,4300,566.354510,47335,1
4307,4301,566.365648,47346,1
4308,4302,566.376783,47357,1
4309,4303,566.387917,47368,1
4310,4304,566.399054,47379,1
4311,4305,566.410188,47390,1
4312,4306,566.421324,47401,1
4313,4307,566.432460,47412,1
4314,4308,566.442582,47422,1
4315,4309,566.453718,47433,1
4316,4310,566.464854,47444,1
4317,4311,566.475990,47455,1
4318,4312,566.487125,47466,1
4319,4313,566.498260,47477,1
4320,4314,566.509397,47488,1
4321,4315,566.520532,47499,1
4322,4316,566.531667,47510,1
4323,4317,566.542802,47521,1
4324,4318,566.553938,47532,1
4325,4319,566.565071,47543,1
4326,4320,566.576209,47554,1
4327,4321,566.587345,47565,1
4328,4322,566.598479,47576,1
4329,4323,566.609615,47587,1
4330,4324,566.620750,47598,1
4331,4325,566.631886,47609,1
4332,4326,566.643022,47620,1
4333,4327,566.654156,47631,1
4334,4328,566.665291,47642,1
4335,4329,566.676428,47653,1
4336,4330,566.687563,47664,1
4337,4331,566.698699,47675,1
4338,4332,566.709834,47686,1
4339,4333,566.720971,47697,1
4340,4334,566.732104,47708,1
4341,4335,566.743240,47719,1
4342,4336,566.754377,47730,1
4343,4337,566.765510,47741,1
4344,4338,566.776647,47752,1
4345,4339,566.787782,47763,1
4346,4340,566.798919,47774,1
4347,4341,566.810053,47785,1
4348,4342,566.821189,47796,1
4349,4343,566.832324,47807,1
4350,4344,566.843459,47818,1
4351,4345,566.854596,47829,1
4352,4346,566.865730,47840,1
4353,4347,566.876867,47851,1
4354,4348,566.888001,47862,1
4355,4349,566.899136,47873,1
4356,4350,566.910271,47884,1
4357,4351,566.921407,47895,1
4358,4352,566.932543,47906,1
4359,4353,566.943680,47917,1
4360,4354,566.954815,47928,1
4361,4355,566.965948,47939,1
4362,4356,566.977085,47950,1
4363,4357,566.988220,47961,1
4364,4358,566.999355,47972,1
4365,4359,567.010491,47983,1
4366,4360,567.021626,47994,1
4367,4361,567.032761,48005,1
4368,4362,567.043899,48016,1
4369,4363,567.055034,48027,1
4370,4364,567.066167,48038,1
4371,4365,567.077303,48049,1
4372,4366,567.088441,48060,1
4373,4367,567.099574,48071,1
4374,4368,567.110711,48082,1
4375,4369,567.121846,48093,1
4376,4370,567.132980,48104,1
4377,4371,567.144116,48115,1
4378,4372,567.155251,48126,1
4379,4373,567.166389,48137,1
4380,4374,567.177522,48148,1
4381,4375,567.188657,48159,1
4382,4376,567.199793,48170,1
4383,4377,567.210929,48181,1
4384,4378,567.222067,48192,1
4385,4379,567.233202,48203,1
4386,4380,567.244337,48214,1
4387,4381,567.255471,48225,1
4388,4382,567.266605,48236,1
4389,4383,567.277744,48247,1
4390,4384,567.288878,48258,1
4391,4385,567.300013,48269,1
4392,4386,567.311148,48280,1
4393,4387,567.322285,48291,1
4394,4388,567.333420,48302,1
4395,4389,567.344556,48313,1
4396,4390,567.355690,48324,1
4397,4391,567.366825,48335,1
4398,4392,567.377962,48346,1
4399,4393,567.389105,48357,1
4400,4394,567.400232,48368,1
4401,4395,567.411368,48379,1
4402,4396,567.422503,48390,1
4403,4397,567.433639,48401,1
4404,4398,567.444773,48412,1
4405,4399,567.455908,48423,1
4406,4400,567.467044,48434,1
4407,4401,567.478181,48445,1
4408,4402,567.489316,48456,1
4409,4403,567.500450,48467,1
4410,4404,567.511587,48478,1
4411,4405,567.522724,48489,1
4412,4406,567.533858,48500,1
4413,4407,567.544994,48511,1
4414,4408,567.556129,48522,1
4415,4409,567.567265,48533,1
4416,4410,567.578398,48544,1
4417,4411,567.589534,48555,1
4418,4412,567.600672,48566,1
4419,4413,567.611805,48577,1
4420,4414,567.622940,48588,1
4421,4415,567.634077,48599,1
4422,4416,567.645211,48610,1
4423,4417,567.656348,48621,1
4424,4418,567.667484,48632,1
4425,4419,567.678620,48643,1
4426,4420,567.689755,48654,1
4427,4421,567.700889,48665,1
4428,4422,567.712026,48676,1
4429,4423,567.723161,48687,1
4430,4424,567.734295,48698,1
4431,4425,567.745430,48709,1
4432,4426,567.756566,48720,1
4433,4427,567.767701,48731,1
4434,4428,567.778837,48742,1
4435,4429,567.789975,48753,1
4436,4430,567.801108,48764,1
4437,4431,567.812245,48775,1
4438,4432,567.823381,48786,1
4439,4433,567.834515,48797,1
4440,4434,567.845652,48808,1
4441,4435,567.856787,48819,1
4442,4436,567.867921,48830,1
4443,4437,567.879057,48841,1
4444,4438,567.890192,48852,1
4445,4439,567.901327,48863,1
4446,4440,567.911452,48873,1
4447,4441,567.922586,48884,1
4448,4442,567.933723,48895,1
4449,4443,567.944857,48906,1
4450,4444,567.955994,48917,1
4451,4445,567.967129,48928,1
4452,4446,567.978265,48939,1
4453,4447,567.989401,48950,1
4454,4448,568.000534,48961,1
4455,4449,568.011670,48972,1
4456,4450,568.022807,48983,1
4457,4451,568.033942,48994,1
4458,4452,568.045078,49005,1
4459,4453,568.056214,49016,1
4460,4454,568.067347,49027,1
4461,4455,568.078484,49038,1
4462,4456,568.089618,49049,1
4463,4457,568.100755,49060,1
4464,4458,568.111890,49071,1
4465,4459,568.123025,49082,1
4466,4460,568.134159,49093,1
4467,4461,568.145297,49104,1
4468,4462,568.156433,49115,1
4469,4463,568.167568,49126,1
4470,4464,568.178702,49137,1
4471,4465,568.189837,49148,1
4472,4466,568.200973,49159,1
4473,4467,568.212110,49170,1
4474,4468,568.223245,49181,1
4475,4469,568.234379,49192,1
4476,4470,568.245515,49203,1
4477,4471,568.256651,49214,1
4478,4472,568.267787,49225,1
4479,4473,568.278922,49236,1
4480,4474,568.290057,49247,1
4481,4475,568.301192,49258,1
4482,4476,568.312329,49269,1
4483,4477,568.323464,49280,1
4484,4478,568.334598,49291,1
4485,4479,568.345735,49302,1
4486,4480,568.356869,49313,1
4487,4481,568.368006,49324,1
4488,4482,568.379141,49335,1
4489,4483,568.390277,49346,1
4490,4484,568.401413,49357,1
4491,4485,568.412547,49368,1
4492,4486,568.423682,49379,1
4493,4487,568.434818,49390,1
4494,4488,568.445952,49401,1
4495,4489,568.457100,49412,1
4496,4490,568.468223,49423,1
4497,4491,568.479360,49434,1
4498,4492,568.490495,49445,1
4499,4493,568.501631,49456,1
4500,4494,568.512767,49467,1
4501,4495,568.523900,49478,1
4502,4496,568.535038,49489,1
4503,4497,568.546174,49500,1
4504,4498,568.557308,49511,1
4505,4499,568.568442,49522,1
4506,4500,568.579579,49533,1
4507,4501,568.590715,49544,1
4508,4502,568.601849,49555,1
4509,4503,568.612985,49566,1
4510,4504,568.624121,49577,1
4511,4505,568.635257,49588,1
4512,4506,568.646391,49599,1
4513,4507,568.657528,49610,1
4514,4508,568.668661,49621,1
4515,4509,568.679797,49632,1
4516,4510,568.690934,49643,1
4517,4511,568.702069,49654,1
4518,4512,568.713205,49665,1
4519,4513,568.724339,49676,1
4520,4514,568.735477,49687,1
4521,4515,568.746613,49698,1
4522,4516,568.757746,49709,1
4523,4517,568.768881,49720,1
4524,4518,568.780016,49731,1
4525,4519,568.791154,49742,1
4526,4520,568.802289,49753,1
4527,4521,568.813424,49764,1
4528,4522,568.824559,49775,1
4529,4523,568.835694,49786,1
4530,4524,568.846831,49797,1
4531,4525,568.857965,49808,1
4532,4526,568.869105,49819,1
4533,4527,568.880238,49830,1
4534,4528,568.891372,49841,1
4535,4529,568.902506,49852,1
4536,4530,568.913642,49863,1
4537,4531,568.924778,49874,1
4538,4532,568.935914,49885,1
4539,4533,568.947050,49896,1
4540,4534,568.958185,49907,1
4541,4535,568.969321,49918,1
4542,4536,568.980456,49929,1
4543,4537,568.991590,49940,1
4544,4538,569.002727,49951,1
4545,4539,569.013862,49962,1
4546,4540,569.024998,49973,1
4547,4541,569.036132,49984,1
4548,4542,569.047270,49995,1
4549,4543,569.058403,50006,1
4550,4544,569.069539,50017,1
4551,4545,569.080675,50028,1
4552,4546,569.091812,50039,1
4553,4547,569.102947,50050,1
4554,4548,569.114082,50061,1
4555,-1,569.125217,50072,1
4556,4549,569.136353,50083,1
4557,4550,569.147488,50094,1
4558,4551,569.158623,50105,1
4559,4552,569.169758,50116,1
4560,4553,569.180894,50127,1
4561,4554,569.192029,50138,1
4562,4555,569.203166,50149,1
4563,4556,569.214301,50160,1
4564,4557,569.225435,50171,1
4565,4558,569.236571,50182,1
4566,4559,569.247707,50193,1
4567,4560,569.258842,50204,1
4568,4561,569.269978,50215,1
4569,4562,569.281112,50226,1
4570,4563,569.292249,50237,1
4571,4564,569.303383,50248,1
4572,4565,569.314518,50259,1
4573,4566,569.325654,50270,1
4574,4567,569.336791,50281,1
4575,4568,569.347926,50292,1
4576,4569,569.359062,50303,1
4577,4570,569.370199,50314,1
4578,4571,569.380321,50324,1
4579,4572,569.391456,50335,1
4580,4573,569.402591,50346,1
4581,4574,569.413728,50357,1
4582,4575,569.424862,50368,1
4583,4576,569.435999,50379,1
4584,4577,569.447132,50390,1
4585,4578,569.458267,50401,1
4586,4579,569.469404,50412,1
4587,4580,569.480540,50423,1
4588,4581,569.491674,50434,1
4589,4582,569.502810,50445,1
4590,4583,569.513946,50456,1
4591,4584,569.525082,50467,1
4592,4585,569.536218,50478,1
4593,4586,569.547351,50489,1
4594,4587,569.558488,50500,1
4595,4588,569.569623,50511,1
4596,4589,569.580760,50522,1
4597,4590,569.591893,50533,1
4598,4591,569.603030,50544,1
4599,-1,569.614164,50555,1
4600,4592,569.625301,50566,1
4601,4593,569.636437,50577,1
4602,4594,569.647570,50588,1
4603,4595,569.658707,50599,1
4604,4596,569.669841,50610,1
4605,4597,569.680978,50621,1
4606,4598,569.692113,50632,1
4607,4599,569.703250,50643,1
4608,4600,569.714383,50654,1
4609,4601,569.725521,50665,1
4610,4602,569.736654,50676,1
4611,4603,569.747792,50687,1
4612,4604,569.758925,50698,1
4613,4605,569.770061,50709,1
4614,4606,569.781197,50720,1
4615,4607,569.792333,50731,1
4616,4608,569.803466,50742,1
4617,4609,569.814603,50753,1
4618,4610,569.825738,50764,1
4619,4611,569.836875,50775,1
4620,4612,569.848010,50786,1
4621,4613,569.859146,50797,1
4622,4614,569.870281,50808,1
4623,4615,569.881417,50819,1
4624,4616,569.892552,50830,1
4625,4617,569.903688,50841,1
4626,4618,569.914823,50852,1
4627,4619,569.925959,50863,1
4628,4620,569.937107,50874,1
4629,4621,569.948227,50885,1
4630,4622,569.959363,50896,1
4631,4623,569.970500,50907,1
4632,4624,569.981636,50918,1
4633,4625,569.992770,50929,1
4634,4626,570.003906,50940,1
4635,4627,570.015040,50951,1
4636,4628,570.026177,50962,1
4637,4629,570.037312,50973,1
4638,4630,570.048449,50984,1
4639,4631,570.059584,50995,1
4640,4632,570.070719,51006,1
4641,4633,570.081853,51017,1
4642,4634,570.092991,51028,1
4643,4635,570.104125,51039,1
4644,4636,570.115262,51050,1
4645,4637,570.126395,51061,1
4646,4638,570.137533,51072,1
4647,4639,570.148668,51083,1
4648,4640,570.159804,51094,1
4649,4641,570.170937,51105,1
4650,4642,570.182074,51116,1
4651,4643,570.193208,51127,1
4652,4644,570.204346,51138,1
4653,4645,570.215479,51149,1
4654,4646,570.226614,51160,1
4655,4647,570.237751,51171,1
4656,4648,570.248887,51182,1
4657,4649,570.260021,51193,1
4658,4650,570.271158,51204,1
4659,4651,570.282292,51215,1
4660,4652,570.293429,51226,1
4661,4653,570.304564,51237,1
4662,4654,570.315699,51248,1
4663,4655,570.326836,51259,1
4664,4656,570.337971,51270,1
4665,4657,570.349105,51281,1
4666,4658,570.360241,51292,1
4667,4659,570.371377,51303,1
4668,4660,570.382513,51314,1
4669,4661,570.393647,51325,1
4670,4662,570.404783,51336,1
4671,4663,570.415917,51347,1
4672,4664,570.427054,51358,1
4673,4665,570.438188,51369,1
4674,4666,570.449325,51380,1
4675,4667,570.460459,51391,1
4676,4668,570.471596,51402,1
4677,4669,570.482730,51413,1
4678,4670,570.493867,51424,1
4679,4671,570.505003,51435,1
4680,4672,570.516138,51446,1
4681,4673,570.527273,51457,1
4682,4674,570.538407,51468,1
4683,4675,570.549544,51479,1
4684,4676,570.560678,51490,1
4685,4677,570.571815,51501,1
4686,4678,570.582949,51512,1
4687,4679,570.594085,51523,1
4688,4680,570.605220,51534,1
4689,4681,570.616357,51545,1
4690,4682,570.627494,51556,1
4691,4683,570.638628,51567,1
4692,4684,570.649764,51578,1
4693,4685,570.660898,51589,1
4694,4686,570.672033,51600,1
4695,4687,570.683168,51611,1
4696,4688,570.694304,51622,1
4697,4689,570.705441,51633,1
4698,4690,570.716793,51643,1
4699,4691,570.727712,51654,1
4700,4692,570.738848,51665,1
4701,4693,570.749983,51676,1
4702,4694,570.761116,51687,1
4703,4695,570.772254,51698,1
4704,4696,570.783390,51709,1
4705,4697,570.794525,51720,1
4706,4698,570.805659,51731,1
4707,4699,570.816794,51742,1
4708,4700,570.827932,51753,1
4709,4701,570.839065,51764,1
4710,4702,570.849188,51774,1
4711,4703,570.860325,51785,1
4712,4704,570.871459,51796,1
4713,4705,570.882594,51807,1
4714,4706,570.893732,51818,1
4715,4707,570.904867,51829,1
4716,4708,570.916003,51840,1
4717,4709,570.927138,51851,1
4718,4710,570.938273,51862,1
4719,4711,570.949409,51873,1
4720,4712,570.960545,51884,1
4721,4713,570.971680,51895,1
4722,4714,570.982814,51906,1
4723,4715,570.993951,51917,1
4724,4716,571.005086,51928,1
4725,4717,571.016222,51939,1
4726,4718,571.027355,51950,1
4727,4719,571.038493,51961,1
4728,4720,571.049629,51972,1
4729,4721,571.060762,51983,1
4730,4722,571.071899,51994,1
4731,4723,571.083035,52005,1
4732,4724,571.094170,52016,1
4733,4725,571.105306,52027,1
4734,4726,571.116440,52038,1
4735,4727,571.127575,52049,1
4736,4728,571.138712,52060,1
4737,4729,571.149848,52071,1
4738,4730,571.160982,52082,1
4739,4731,571.172119,52093,1
4740,4732,571.183252,52104,1
4741,4733,571.194389,52115,1
4742,4734,571.205524,52126,1
4743,4735,571.216661,52137,1
4744,4736,571.227796,52148,1
4745,4737,571.238930,52159,1
4746,4738,571.250067,52170,1
4747,4739,571.261201,52181,1
4748,4740,571.272337,52192,1
4749,4741,571.283472,52203,1
4750,4742,571.294608,52214,1
4751,4743,571.305743,52225,1
4752,4744,571.316879,52236,1
4753,4745,571.328015,52247,1
4754,4746,571.339148,52258,1
4755,4747,571.350286,52269,1
4756,4748,571.361420,52280,1
4757,4749,571.372557,52291,1
4758,4750,571.383693,52302,1
4759,4751,571.394828,52313,1
4760,4752,571.405963,52324,1
4761,4753,571.417105,52335,1
4762,4754,571.428235,52346,1
4763,4755,571.439368,52357,1
4764,4756,571.450506,52368,1
4765,4757,571.461639,52379,1
4766,4758,571.472775,52390,1
4767,4759,571.483911,52401,1
4768,4760,571.495046,52412,1
4769,4761,571.506183,52423,1
4770,4762,571.517319,52434,1
4771,4763,571.528453,52445,1
4772,4764,571.539588,52456,1
4773,4765,571.550722,52467,1
4774,4766,571.561859,52478,1
4775,4767,571.572994,52489,1
4776,4768,571.584130,52500,1
4777,4769,571.595264,52511,1
4778,4770,571.606401,52522,1
4779,4771,571.617537,52533,1
4780,4772,571.628672,52544,1
4781,4773,571.639808,52555,1
4782,4774,571.650944,52566,1
4783,4775,571.662077,52577,1
4784,4776,571.673215,52588,1
4785,4777,571.684349,52599,1
4786,4778,571.695484,52610,1
4787,4779,571.706620,52621,1
4788,4780,571.717757,52632,1
4789,4781,571.728890,52643,1
4790,4782,571.740028,52654,1
4791,4783,571.751162,52665,1
4792,4784,571.762299,52676,1
4793,4785,571.773431,52687,1
4794,4786,571.784567,52698,1
4795,4787,571.795702,52709,1
4796,4788,571.806839,52720,1
4797,4789,571.817974,52731,1
4798,4790,571.829111,52742,1
4799,4791,571.840244,52753,1
4800,4792,571.851381,52764,1
4801,4793,571.862517,52775,1
4802,4794,571.873652,52786,1
4803,4795,571.884788,52797,1
4804,4796,571.895924,52808,1
4805,4797,571.907060,52819,1
4806,4798,571.918194,52830,1
4807,4799,571.929328,52841,1
4808,4800,571.940464,52852,1
4809,4801,571.951599,52863,1
4810,4802,571.962734,52874,1
4811,4803,571.973870,52885,1
4812,4804,571.985005,52896,1
4813,4805,571.996142,52907,1
4814,4806,572.007279,52918,1
4815,4807,572.018412,52929,1
4816,4808,572.029548,52940,1
4817,4809,572.040684,52951,1
4818,4810,572.051820,52962,1
4819,4811,572.062955,52973,1
4820,4812,572.074099,52984,1
4821,4813,572.085226,52995,1
4822,4814,572.096362,53006,1
4823,4815,572.107498,53017,1
4824,4816,572.118633,53028,1
4825,4817,572.129769,53039,1
4826,4818,572.140903,53050,1
4827,4819,572.152039,53061,1
4828,4820,572.163173,53072,1
4829,4821,572.174310,53083,1
4830,4822,572.185444,53094,1
4831,4823,572.196582,53105,1
4832,4824,572.207715,53116,1
4833,4825,572.218853,53127,1
4834,4826,572.229988,53138,1
4835,4827,572.241124,53149,1
4836,4828,572.252259,53160,1
4837,4829,572.263394,53171,1
4838,4830,572.274528,53182,1
4839,4831,572.285665,53193,1
4840,4832,572.296799,53204,1
4841,4833,572.306923,53214,1
4842,4834,572.318058,53225,1
4843,4835,572.329193,53236,1
4844,4836,572.340330,53247,1
4845,4837,572.351464,53258,1
4846,4838,572.362601,53269,1
4847,4839,572.373737,53280,1
4848,4840,572.384870,53291,1
4849,4841,572.396008,53302,1
4850,4842,572.407142,53313,1
4851,4843,572.418279,53324,1
4852,4844,572.429412,53335,1
4853,4845,572.440549,53346,1
4854,4846,572.451685,53357,1
4855,4847,572.462821,53368,1
4856,4848,572.473956,53379,1
4857,4849,572.485098,53390,1
4858,4850,572.496225,53401,1
4859,4851,572.507360,53412,1
4860,4852,572.518497,53423,1
4861,4853,572.529631,53434,1
4862,4854,572.540767,53445,1
4863,4855,572.551904,53456,1
4864,4856,572.563038,53467,1
4865,4857,572.574175,53478,1
4866,4858,572.585309,53489,1
4867,4859,572.596445,53500,1
4868,4860,572.607579,53511,1
4869,4861,572.618717,53522,1
4870,4862,572.629850,53533,1
4871,4863,572.640988,53544,1
4872,4864,572.652122,53555,1
4873,4865,572.663259,53566,1
4874,4866,572.674395,53577,1
4875,4867,572.685529,53588,1
4876,4868,572.696664,53599,1
4877,4869,572.707800,53610,1
4878,4870,572.718936,53621,1
4879,4871,572.730070,53632,1
4880,4872,572.741206,53643,1
4881,4873,572.752341,53654,1
4882,4874,572.763477,53665,1
4883,4875,572.774613,53676,1
4884,4876,572.785747,53687,1
4885,4877,572.796884,53698,1
4886,4878,572.808019,53709,1
4887,4879,572.819154,53720,1
4888,4880,572.830291,53731,1
4889,4881,572.841425,53742,1
4890,4882,572.852560,53753,1
4891,4883,572.863696,53764,1
4892,4884,572.874830,53775,1
4893,4885,572.885967,53786,1
4894,4886,572.897103,53797,1
4895,4887,572.908238,53808,1
4896,4888,572.919374,53819,1
4897,4889,572.930508,53830,1
4898,4890,572.941643,53841,1
4899,4891,572.952780,53852,1
4900,4892,572.963916,53863,1
4901,4893,572.975050,53874,1
4902,4894,572.986187,53885,1
4903,4895,572.997323,53896,1
4904,4896,573.008456,53907,1
4905,4897,573.019593,53918,1
4906,4898,573.030727,53929,1
4907,4899,573.041863,53940,1
4908,4900,573.053000,53951,1
4909,4901,573.064134,53962,1
4910,4902,573.075269,53973,1
4911,4903,573.086406,53984,1
4912,4904,573.097541,53995,1
4913,4905,573.108675,54006,1
4914,4906,573.119811,54017,1
4915,4907,573.130948,54028,1
4916,4908,573.142083,54039,1
4917,4909,573.153217,54050,1
4918,4910,573.164354,54061,1
4919,4911,573.175490,54072,1
4920,4912,573.186626,54083,1
4921,4913,573.197761,54094,1
4922,4914,573.208896,54105,1
4923,4915,573.220030,54116,1
4924,4916,573.231167,54127,1
4925,4917,573.242301,54138,1
4926,4918,573.253436,54149,1
4927,4919,573.264572,54160,1
4928,4920,573.275708,54171,1
4929,4921,573.286845,54182,1
4930,4922,573.297979,54193,1
4931,4923,573.309114,54204,1
4932,4924,573.320251,54215,1
4933,4925,573.331387,54226,1
4934,4926,573.342520,54237,1
4935,4927,573.353658,54248,1
4936,4928,573.364792,54259,1
4937,4929,573.375928,54270,1
4938,4930,573.387062,54281,1
4939,4931,573.398199,54292,1
4940,4932,573.409333,54303,1
4941,4933,573.420469,54314,1
4942,4934,573.431604,54325,1
4943,4935,573.442741,54336,1
4944,4936,573.453876,54347,1
4945,4937,573.465010,54358,1
4946,4938,573.476146,54369,1
4947,4939,573.487282,54380,1
4948,4940,573.498417,54391,1
4949,4941,573.509554,54402,1
4950,4942,573.520688,54413,1
4951,4943,573.531825,54424,1
4952,4944,573.542961,54435,1
4953,4945,573.554103,54446,1
4954,4946,573.565229,54457,1
4955,4947,573.576367,54468,1
4956,4948,573.587503,54479,1
4957,4949,573.598638,54490,1
4958,4950,573.609772,54501,1
4959,4951,573.620908,54512,1
4960,4952,573.632043,54523,1
4961,4953,573.643178,54534,1
4962,4954,573.654315,54545,1
4963,4955,573.665451,54556,1
4964,4956,573.676585,54567,1
4965,4957,573.687722,54578,1
4966,4958,573.698857,54589,1
4967,4959,573.709992,54600,1
4968,4960,573.721127,54611,1
4969,4961,573.732263,54622,1
4970,4962,573.743399,54633,1
4971,4963,573.754535,54644,1
4972,4964,573.765669,54655,1
4973,4965,573.775793,54665,1
4974,4966,573.786929,54676,1
4975,4967,573.798062,54687,1
4976,4968,573.809200,54698,1
4977,4969,573.820333,54709,1
4978,4970,573.831470,54720,1
4979,4971,573.842606,54731,1
4980,4972,573.853740,54742,1
4981,4973,573.864875,54753,1
4982,4974,573.876010,54764,1
4983,4975,573.887148,54775,1
4984,4976,573.898281,54786,1
4985,4977,573.909417,54797,1
4986,4978,573.920554,54808,1
4987,4979,573.931689,54819,1
4988,4980,573.942825,54830,1
4989,4981,573.953961,54841,1
4990,4982,573.965103,54852,1
4991,4983,573.976229,54863,1
4992,4984,573.987367,54874,1
4993,4985,573.998503,54885,1
4994,4986,574.009638,54896,1
4995,4987,574.020773,54907,1
4996,4988,574.031907,54918,1
4997,4989,574.043043,54929,1
4998,4990,574.054179,54940,1
4999,4991,574.065313,54951,1
5000,4992,574.076450,54962,1
5001,4993,574.087584,54973,1
5002,4994,574.098720,54984,1
5003,4995,574.109855,54995,1
5004,4996,574.120992,55006,1
5005,4997,574.132127,55017,1
5006,4998,574.143263,55028,1
5007,4999,574.154400,55039,1
5008,5000,574.165533,55050,1
5009,5001,574.176670,55061,1
5010,5002,574.187803,55072,1
5011,5003,574.198941,55083,1
5012,5004,574.210076,55094,1
5013,5005,574.221210,55105,1
5014,5006,574.232347,55116,1
5015,5007,574.243481,55127,1
5016,5008,574.254618,55138,1
5017,5009,574.265753,55149,1
5018,5010,574.276887,55160,1
5019,5011,574.288024,55171,1
5020,5012,574.299159,55182,1
5021,5013,574.310295,55193,1
5022,5014,574.321431,55204,1
5023,5015,574.332565,55215,1
5024,5016,574.343701,55226,1
5025,5017,574.354838,55237,1
5026,5018,574.365971,55248,1
5027,5019,574.377106,55259,1
5028,5020,574.388242,55270,1
5029,5021,574.399378,55281,1
5030,5022,574.410514,55292,1
5031,5023,574.421648,55303,1
5032,5024,574.432786,55314,1
5033,5025,574.443920,55325,1
5034,5026,574.455057,55336,1
5035,5027,574.466192,55347,1
5036,5028,574.477327,55358,1
5037,5029,574.488461,55369,1
5038,5030,574.499599,55380,1
5039,5031,574.510734,55391,1
5040,5032,574.521869,55402,1
5041,5033,574.533003,55413,1
5042,5034,574.544141,55424,1
5043,5035,574.555275,55435,1
5044,5036,574.566411,55446,1
5045,5037,574.577545,55457,1
5046,5038,574.588682,55468,1
5047,5039,574.599816,55479,1
5048,5040,574.610951,55490,1
5049,5041,574.622099,55501,1
5050,5042,574.633224,55512,1
5051,5043,574.644359,55523,1
5052,5044,574.655495,55534,1
5053,5045,574.666630,55545,1
5054,5046,574.677765,55556,1
5055,5047,574.688901,55567,1
5056,5048,574.700035,55578,1
5057,5049,574.711170,55589,1
5058,5050,574.722306,55600,1
5059,5051,574.733442,55611,1
5060,5052,574.744577,55622,1
5061,5053,574.755714,55633,1
5062,5054,574.766850,55644,1
5063,5055,574.777985,55655,1
5064,5056,574.789120,55666,1
5065,5057,574.800257,55677,1
5066,5058,574.811392,55688,1
5067,5059,574.822527,55699,1
5068,5060,574.833663,55710,1
5069,5061,574.844796,55721,1
5070,5062,574.855932,55732,1
5071,5063,574.867067,55743,1
5072,5064,574.878204,55754,1
5073,5065,574.889338,55765,1
5074,5066,574.900474,55776,1
5075,5067,574.911609,55787,1
5076,5068,574.922746,55798,1
5077,5069,574.933881,55809,1
5078,5070,574.945015,55820,1
5079,5071,574.956153,55831,1
5080,5072,574.967286,55842,1
5081,5073,574.978423,55853,1
5082,5074,574.989558,55864,1
5083,5075,575.000694,55875,1
5084,5076,575.011830,55886,1
5085,5077,575.022964,55897,1
5086,5078,575.034104,55908,1
5087,5079,575.045236,55919,1
5088,5080,575.056372,55930,1
5089,5081,575.067507,55941,1
5090,5082,575.078641,55952,1
5091,5083,575.089779,55963,1
5092,5084,575.100914,55974,1
5093,5085,575.112049,55985,1
5094,5086,575.123183,55996,1
5095,5087,575.134321,56007,1
5096,5088,575.145456,56018,1
5097,5089,575.156592,56029,1
5098,5090,575.167726,56040,1
5099,5091,575.178862,56051,1
5100,5092,575.189996,56062,1
5101,5093,575.201133,56073,1
5102,5094,575.212267,56084,1
5103,5095,575.223404,56095,1
5104,5096,575.234540,56106,1
5105,5097,575.244662,56116,1
5106,5098,575.255798,56127,1
5107,5099,575.266934,56138,1
5108,5100,575.278070,56149,1
5109,5101,575.289204,56160,1
5110,5102,575.300338,56171,1
5111,5103,575.311473,56182,1
5112,5104,575.322611,56193,1
5113,5105,575.333744,56204,1
5114,5106,575.344880,56215,1
5115,5107,575.356016,56226,1
5116,5108,575.367153,56237,1
5117,5109,575.378288,56248,1
5118,5110,575.389423,56259,1
5119,5111,575.400560,56270,1
5120,5112,575.411692,56281,1
5121,5113,575.422828,56292,1
5122,5114,575.433963,56303,1
5123,5115,575.445104,56314,1
5124,5116,575.456236,56325,1
5125,5117,575.467371,56336,1
5126,5118,575.478508,56347,1
5127,5119,575.489642,56358,1
5128,5120,575.500776,56369,1
5129,5121,575.511913,56380,1
5130,5122,575.523049,56391,1
5131,5123,575.534183,56402,1
5132,5124,575.545318,56413,1
5133,5125,575.556456,56424,1
5134,5126,575.567589,56435,1
5135,5127,575.578725,56446,1
5136,5128,575.589861,56457,1
5137,5129,575.600996,56468,1
5138,5130,575.612133,56479,1
5139,5131,575.623268,56490,1
5140,5132,575.634404,56501,1
5141,5133,575.645539,56512,1
5142,5134,575.656674,56523,1
5143,5135,575.667811,56534,1
5144,5136,575.678946,56545,1
5145,5137,575.690082,56556,1
5146,5138,575.701215,56567,1
5147,5139,575.712353,56578,1
5148,5140,575.723488,56588,1
5149,5141,575.734621,56599,1
5150,5142,575.745757,56610,1
5151,5143,575.756893,56621,1
5152,5144,575.768028,56632,1
5153,5145,575.779165,56643,1
5154,5146,575.790300,56654,1
5155,5147,575.801435,56665,1
5156,5148,575.812571,56676,1
5157,5149,575.823705,56687,1
5158,5150,575.834841,56698,1
5159,5151,575.845976,56709,1
5160,5152,575.857113,56720,1
5161,5153,575.868249,56731,1
5162,5154,575.879383,56742,1
5163,5155,575.890518,56753,1
5164,5156,575.901655,56764,1
5165,5157,575.912791,56775,1
5166,5158,575.923926,56786,1
5167,5159,575.935062,56797,1
5168,5160,575.946197,56808,1
5169,5161,575.957331,56819,1
5170,5162,575.968466,56830,1
5171,5163,575.979602,56841,1
5172,5164,575.990738,56852,1
5173,5165,576.001872,56863,1
5174,5166,576.013009,56874,1
5175,5167,576.024145,56885,1
5176,5168,576.035281,56896,1
5177,5169,576.046416,56907,1
5178,5170,576.057550,56918,1
5179,5171,576.068686,56929,1
5180,5172,576.079821,56940,1
5181,5173,576.090957,56951,1
5182,5174,576.102102,56962,1
5183,5175,576.113228,56973,1
5184,5176,576.124363,56984,1
5185,5177,576.135498,56995,1
5186,5178,576.146635,57006,1
5187,5179,576.157769,57017,1
5188,5180,576.168907,57028,1
5189,5181,576.180041,57039,1
5190,5182,576.191178,57050,1
5191,5183,576.202312,57061,1
5192,5184,576.213449,57072,1
5193,5185,576.224582,57083,1
5194,5186,576.235718,57094,1
5195,5187,576.246853,57105,1
5196,5188,576.257989,57116,1
5197,5189,576.269125,57127,1
5198,5190,576.280259,57138,1
5199,5191,576.291394,57149,1
5200,5192,576.302532,57160,1
5201,5193,576.313668,57171,1
5202,5194,576.324801,57182,1
5203,5195,576.335938,57193,1
5204,5196,576.347073,57204,1
5205,5197,576.358209,57215,1
5206,5198,576.369344,57226,1
5207,5199,576.380480,57237,1
5208,5200,576.391614,57248,1
5209,5201,576.402751,57259,1
5210,5202,576.413885,57270,1
5211,5203,576.425021,57281,1
5212,5204,576.436155,57292,1
5213,5205,576.447293,57303,1
5214,5206,576.458428,57314,1
5215,5207,576.469563,57325,1
5216,5208,576.480699,57336,1
5217,5209,576.491835,57347,1
5218,5210,576.502970,57358,1
5219,5211,576.514105,57369,1
5220,5212,576.525241,57380,1
5221,5213,576.536376,57391,1
5222,5214,576.547512,57402,1
5223,5215,576.558647,57413,1
5224,5216,576.569783,57424,1
5225,5217,576.580919,57435,1
5226,5218,576.592054,57446,1
5227,5219,576.603190,57457,1
5228,5220,576.614324,57468,1
5229,5221,576.625459,57479,1
5230,5222,576.636596,57490,1
5231,5223,576.647731,57501,1
5232,5224,576.658867,57512,1
5233,5225,576.670003,57523,1
5234,5226,576.681136,57534,1
5235,5227,576.692274,57545,1
5236,5228,576.702395,57555,1
5237,5229,576.713531,57566,1
5238,5230,576.724667,57577,1
5239,5231,576.735802,57588,1
5240,5232,576.746938,57599,1
5241,5233,576.758074,57610,1
5242,5234,576.769209,57621,1
5243,5235,576.780345,57632,1
5244,5236,576.791480,57643,1
5245,5237,576.802616,57654,1
5246,5238,576.813751,57665,1
5247,5239,576.824885,57676,1
5248,5240,576.836022,57687,1
5249,5241,576.847158,57698,1
5250,5242,576.858293,57709,1
5251,5243,576.869427,57720,1
5252,5244,576.880563,57731,1
5253,5245,576.891700,57742,1
5254,5246,576.902833,57753,1
5255,5247,576.913970,57764,1
5256,5248,576.925104,57775,1
5257,5249,576.936240,57786,1
5258,5250,576.947375,57797,1
5259,5251,576.958512,57808,1
5260,5252,576.969648,57819,1
5261,5253,576.980784,57830,1
5262,5254,576.991918,57841,1
5263,5255,577.003055,57852,1
5264,5256,577.014190,57863,1
5265,5257,577.025325,57874,1
5266,5258,577.036459,57885,1
5267,5259,577.047597,57896,1
5268,5260,577.058729,57907,1
5269,5261,577.069866,57918,1
5270,5262,577.081002,57929,1
5271,5263,577.092138,57940,1
5272,5264,577.103274,57951,1
5273,5265,577.114410,57962,1
5274,5266,577.125543,57973,1
5275,5267,577.136680,57984,1
5276,5268,577.147815,57995,1
5277,5269,577.158951,58006,1
5278,5270,577.170086,58017,1
5279,5271,577.181220,58028,1
5280,5272,577.192355,58039,1
5281,5273,577.203493,58050,1
5282,5274,577.214626,58061,1
5283,5275,577.225762,58072,1
5284,5276,577.236899,58083,1
5285,5277,577.248035,58094,1
5286,5278,577.259170,58105,1
5287,5279,577.270306,58116,1
5288,5280,577.281440,58127,1
5289,5281,577.292577,58138,1
5290,5282,577.303710,58149,1
5291,5283,577.314847,58160,1
5292,5284,577.325983,58171,1
5293,5285,577.337119,58182,1
5294,5286,577.348254,58193,1
5295,5287,577.359388,58204,1
5296,5288,577.370523,58215,1
5297,5289,577.381660,58226,1
5298,5290,577.392796,58237,1
5299,5291,577.403932,58248,1
5300,5292,577.415068,58259,1
5301,5293,577.426201,58270,1
5302,5294,577.437338,58281,1
5303,5295,577.448473,58292,1
5304,5296,577.459609,58303,1
5305,5297,577.470745,58314,1
5306,5298,577.481878,58325,1
5307,5299,577.493013,58336,1
5308,5300,577.504149,58347,1
5309,5301,577.515286,58358,1
5310,5302,577.526421,58369,1
5311,5303,577.537557,58380,1
5312,5304,577.548693,58391,1
5313,5305,577.559826,58402,1
5314,5306,577.570963,58413,1
5315,5307,577.582105,58424,1
5316,5308,577.593233,58435,1
5317,5309,577.604368,58446,1
5318,5310,577.615504,58457,1
5319,5311,577.626639,58468,1
5320,5312,577.637775,58479,1
5321,5313,577.648909,58490,1
5322,5314,577.660047,58501,1
5323,5315,577.671182,58512,1
5324,5316,577.682317,58523,1
5325,5317,577.693453,58534,1
5326,5318,577.704589,58545,1
5327,5319,577.715724,58556,1
5328,5320,577.726858,58567,1
5329,5321,577.737994,58578,1
5330,5322,577.749131,58589,1
5331,5323,577.760266,58600,1
5332,5324,577.771400,58611,1
5333,5325,577.782537,58622,1
5334,5326,577.793671,58633,1
5335,5327,577.804807,58644,1
5336,5328,577.815944,58655,1
5337,5329,577.827080,58666,1
5338,5330,577.838215,58677,1
5339,5331,577.849349,58688,1
5340,5332,577.860485,58699,1
5341,5333,577.871619,58710,1
5342,5334,577.882754,58721,1
5343,5335,577.893892,58732,1
5344,5336,577.905027,58743,1
5345,5337,577.916162,58754,1
5346,5338,577.927299,58765,1
5347,5339,577.938432,58776,1
5348,5340,577.949567,58787,1
5349,5341,577.960703,58798,1
5350,5342,577.971838,58809,1
5351,5343,577.982975,58820,1
5352,5344,577.994109,58831,1
5353,5345,578.005246,58842,1
5354,5346,578.016382,58853,1
5355,5347,578.027516,58864,1
5356,5348,578.038653,58875,1
5357,5349,578.049788,58886,1
5358,5350,578.060922,58897,1
5359,5351,578.072060,58908,1
5360,5352,578.083194,58919,1
5361,5353,578.094329,58930,1
5362,5354,578.105465,58941,1
5363,5355,578.116601,58952,1
5364,5356,578.127735,58963,1
5365,5357,578.138871,58974,1
5366,5358,578.150005,58985,1
5367,5359,578.161143,58996,1
5368,5360,578.171267,59006,1
5369,5361,578.182400,59017,1
5370,5362,578.193536,59028,1
5371,5363,578.204673,59039,1
5372,5364,578.215808,59050,1
5373,5365,578.226943,59061,1
5374,5366,578.238079,59072,1
5375,5367,578.249213,59083,1
5376,5368,578.260348,59094,1
5377,5369,578.271484,59105,1
5378,5370,578.282620,59116,1
5379,5371,578.293756,59127,1
5380,5372,578.304892,59138,1
5381,5373,578.316027,59149,1
5382,5374,578.327163,59160,1
5383,5375,578.338296,59171,1
5384,5376,578.349433,59182,1
5385,5377,578.360569,59193,1
5386,5378,578.371703,59204,1
5387,5379,578.382840,59215,1
5388,5380,578.393973,59226,1
5389,5381,578.405111,59237,1
5390,5382,578.416245,59248,1
5391,5383,578.427381,59259,1
5392,5384,578.438516,59270,1
5393,5385,578.449653,59281,1
5394,5386,578.460789,59292,1
5395,5387,578.471922,59303,1
5396,5388,578.483059,59314,1
5397,5389,578.494193,59325,1
5398,5390,578.505330,59336,1
5399,5391,578.516464,59347,1
5400,5392,578.527599,59358,1
5401,5393,578.538735,59369,1
5402,5394,578.549871,59380,1
5403,5395,578.561007,59391,1
5404,5396,578.572143,59402,1
5405,5397,578.583277,59413,1
5406,5398,578.594414,59424,1
5407,5399,578.605549,59435,1
5408,5400,578.616685,59446,1
5409,5401,578.627820,59457,1
5410,5402,578.638954,59468,1
5411,5403,578.650101,59479,1
5412,5404,578.661227,59490,1
5413,5405,578.672363,59501,1
5414,5406,578.683497,59512,1
5415,5407,578.694633,59523,1
5416,5408,578.705768,59534,1
5417,5409,578.716904,59545,1
5418,5410,578.728040,59556,1
5419,5411,578.739175,59567,1
5420,5412,578.750310,59578,1
5421,5413,578.761446,59589,1
5422,5414,578.772579,59600,1
5423,5415,578.783715,59611,1
5424,5416,578.794851,59622,1
5425,5417,578.805987,59633,1
5426,5418,578.817123,59644,1
5427,5419,578.828257,59655,1
5428,5420,578.839392,59666,1
5429,5421,578.850530,59677,1
5430,5422,578.861666,59688,1
5431,5423,578.872801,59699,1
5432,5424,578.883937,59710,1
5433,5425,578.895072,59721,1
5434,5426,578.906207,59732,1
5435,5427,578.917341,59743,1
5436,5428,578.928479,59754,1
5437,5429,578.939614,59765,1
