frame_idx,host_timestamp_s,hw_timestamp_s,unified_time_s,frame_number
0,24266.084851,1777903097.681255,1777903097.681255,7604
1,24266.096253,1777903097.692383,1777903097.692383,7605
2,24266.107173,1777903097.703511,1777903097.703511,7606
3,24266.118472,1777903097.714638,1777903097.714638,7607
4,24266.129579,1777903097.725766,1777903097.725766,7608
5,24266.140498,1777903097.736893,1777903097.736893,7609
6,24266.151776,1777903097.748020,1777903097.748020,7610
7,24266.162807,1777903097.759148,1777903097.759148,7611
8,24266.173890,1777903097.770275,1777903097.770275,7612
9,24266.185026,1777903097.781403,1777903097.781403,7613
10,24266.196367,1777903097.792531,1777903097.792531,7614
11,24266.207286,1777903097.803658,1777903097.803658,7615
12,24266.218442,1777903097.814785,1777903097.814785,7616
13,24266.229526,1777903097.825913,1777903097.825913,7617
14,24266.240667,1777903097.837040,1777903097.837040,7618
15,24266.251756,1777903097.848167,1777903097.848167,7619
16,24266.262900,1777903097.859295,1777903097.859295,7620
17,24266.274063,1777903097.870423,1777903097.870423,7621
18,24266.285130,1777903097.881550,1777903097.881550,7622
19,24266.296265,1777903097.892677,1777903097.892677,7623
20,24266.307383,1777903097.903805,1777903097.903805,7624
21,24266.318674,1777903097.914932,1777903097.914932,7625
22,24266.329658,1777903097.926059,1777903097.926059,7626
23,24266.340773,1777903097.937188,1777903097.937188,7627
24,24266.352172,1777903097.948315,1777903097.948315,7628
25,24266.363017,1777903097.959442,1777903097.959442,7629
26,24266.374134,1777903097.970570,1777903097.970570,7630
27,24266.385289,1777903097.981698,1777903097.981698,7631
28,24266.396420,1777903097.992825,1777903097.992825,7632
29,24266.407557,1777903098.003953,1777903098.003953,7633
30,24266.418665,1777903098.015080,1777903098.015080,7634
31,24266.429768,1777903098.026207,1777903098.026207,7635
32,24266.440899,1777903098.037335,1777903098.037335,7636
33,24266.452292,1777903098.048462,1777903098.048462,7637
34,24266.463171,1777903098.059590,1777903098.059590,7638
35,24266.474279,1777903098.070718,1777903098.070718,7639
36,24266.485587,1777903098.081845,1777903098.081845,7640
37,24266.496545,1777903098.092972,1777903098.092972,7641
38,24266.507690,1777903098.104100,1777903098.104100,7642
39,24266.518997,1777903098.115227,1777903098.115227,7643
40,24266.529924,1777903098.126354,1777903098.126354,7644
41,24266.541047,1777903098.137483,1777903098.137483,7645
42,24266.552336,1777903098.148610,1777903098.148610,7646
43,24266.563315,1777903098.159737,1777903098.159737,7647
44,24266.574483,1777903098.170865,1777903098.170865,7648
45,24266.585686,1777903098.181992,1777903098.181992,7649
46,24266.596783,1777903098.193119,1777903098.193119,7650
47,24266.607889,1777903098.204247,1777903098.204247,7651
48,24266.619265,1777903098.215375,1777903098.215375,7652
49,24266.630114,1777903098.226502,1777903098.226502,7653
50,24266.641240,1777903098.237630,1777903098.237630,7654
51,24266.652620,1777903098.248757,1777903098.248757,7655
52,24266.663504,1777903098.259884,1777903098.259884,7656
53,24266.674601,1777903098.271013,1777903098.271013,7657
54,24266.686105,1777903098.282140,1777903098.282140,7658
55,24266.696852,1777903098.293267,1777903098.293267,7659
56,24266.708008,1777903098.304394,1777903098.304394,7660
57,24266.719309,1777903098.315522,1777903098.315522,7661
58,24266.730235,1777903098.326649,1777903098.326649,7662
59,24266.741444,1777903098.337776,1777903098.337776,7663
60,24266.752729,1777903098.348905,1777903098.348905,7664
61,24266.763594,1777903098.360032,1777903098.360032,7665
62,24266.774730,1777903098.371159,1777903098.371159,7666
63,24266.786140,1777903098.382287,1777903098.382287,7667
64,24266.797067,1777903098.393414,1777903098.393414,7668
65,24266.808205,1777903098.404541,1777903098.404541,7669
66,24266.819423,1777903098.415670,1777903098.415670,7670
67,24266.830392,1777903098.426797,1777903098.426797,7671
68,24266.841564,1777903098.437924,1777903098.437924,7672
69,24266.852722,1777903098.449052,1777903098.449052,7673
70,24266.863873,1777903098.460179,1777903098.460179,7674
71,24266.875116,1777903098.471306,1777903098.471306,7675
72,24266.886171,1777903098.482435,1777903098.482435,7676
73,24266.897172,1777903098.493562,1777903098.493562,7677
74,24266.908302,1777903098.504689,1777903098.504689,7678
75,24266.919455,1777903098.515817,1777903098.515817,7679
76,24266.930698,1777903098.526944,1777903098.526944,7680
77,24266.941811,1777903098.538072,1777903098.538072,7681
78,24266.952835,1777903098.549200,1777903098.549200,7682
79,24266.963891,1777903098.560327,1777903098.560327,7683
80,24266.974998,1777903098.571454,1777903098.571454,7684
81,24266.986174,1777903098.582582,1777903098.582582,7685
82,24266.997294,1777903098.593709,1777903098.593709,7686
83,24267.008591,1777903098.604836,1777903098.604836,7687
84,24267.019556,1777903098.615965,1777903098.615965,7688
85,24267.030676,1777903098.627092,1777903098.627092,7689
86,24267.041965,1777903098.638219,1777903098.638219,7690
87,24267.052944,1777903098.649347,1777903098.649347,7691
88,24267.064087,1777903098.660474,1777903098.660474,7692
89,24267.075331,1777903098.671601,1777903098.671601,7693
90,24267.086423,1777903098.682729,1777903098.682729,7694
91,24267.097484,1777903098.693857,1777903098.693857,7695
92,24267.108648,1777903098.704984,1777903098.704984,7696
93,24267.119795,1777903098.716112,1777903098.716112,7697
94,24267.130869,1777903098.727239,1777903098.727239,7698
95,24267.142376,1777903098.738366,1777903098.738366,7699
96,24267.153103,1777903098.749494,1777903098.749494,7700
97,24267.164218,1777903098.760622,1777903098.760622,7701
98,24267.175605,1777903098.771749,1777903098.771749,7702
99,24267.186488,1777903098.782876,1777903098.782876,7703
100,24267.197579,1777903098.794004,1777903098.794004,7704
101,24267.208792,1777903098.805131,1777903098.805131,7705
102,24267.219868,1777903098.816258,1777903098.816258,7706
103,24267.230979,1777903098.827387,1777903098.827387,7707
104,24267.242210,1777903098.838514,1777903098.838514,7708
105,24267.254110,1777903098.849641,1777903098.849641,7709
106,24267.264393,1777903098.860769,1777903098.860769,7710
107,24267.275558,1777903098.871897,1777903098.871897,7711
108,24267.286611,1777903098.883024,1777903098.883024,7712
109,24267.297770,1777903098.894152,1777903098.894152,7713
110,24267.309186,1777903098.905279,1777903098.905279,7714
111,24267.320134,1777903098.916406,1777903098.916406,7715
112,24267.331156,1777903098.927534,1777903098.927534,7716
113,24267.342564,1777903098.938661,1777903098.938661,7717
114,24267.353363,1777903098.949789,1777903098.949789,7718
115,24267.364525,1777903098.960917,1777903098.960917,7719
116,24267.375932,1777903098.972044,1777903098.972044,7720
117,24267.386841,1777903098.983171,1777903098.983171,7721
118,24267.397907,1777903098.994299,1777903098.994299,7722
119,24267.409129,1777903099.005426,1777903099.005426,7723
120,24267.420155,1777903099.016553,1777903099.016553,7724
121,24267.431274,1777903099.027682,1777903099.027682,7725
122,24267.442472,1777903099.038809,1777903099.038809,7726
123,24267.453482,1777903099.049936,1777903099.049936,7727
124,24267.464619,1777903099.061064,1777903099.061064,7728
125,24267.475763,1777903099.072191,1777903099.072191,7729
126,24267.486847,1777903099.083319,1777903099.083319,7730
127,24267.498084,1777903099.094447,1777903099.094447,7731
128,24267.509113,1777903099.105574,1777903099.105574,7732
129,24267.520266,1777903099.116701,1777903099.116701,7733
130,24267.531421,1777903099.127829,1777903099.127829,7734
131,24267.542583,1777903099.138956,1777903099.138956,7735
132,24267.553637,1777903099.150084,1777903099.150084,7736
133,24267.564842,1777903099.161212,1777903099.161212,7737
134,24267.575941,1777903099.172339,1777903099.172339,7738
135,24267.587026,1777903099.183466,1777903099.183466,7739
136,24267.598250,1777903099.194593,1777903099.194593,7740
137,24267.609450,1777903099.205721,1777903099.205721,7741
138,24267.620459,1777903099.216849,1777903099.216849,7742
139,24267.631620,1777903099.227976,1777903099.227976,7743
140,24267.642684,1777903099.239104,1777903099.239104,7744
141,24267.653784,1777903099.250231,1777903099.250231,7745
142,24267.664933,1777903099.261358,1777903099.261358,7746
143,24267.676068,1777903099.272486,1777903099.272486,7747
144,24267.687205,1777903099.283613,1777903099.283613,7748
145,24267.698475,1777903099.294741,1777903099.294741,7749
146,24267.709419,1777903099.305869,1777903099.305869,7750
147,24267.720555,1777903099.316996,1777903099.316996,7751
148,24267.731780,1777903099.328123,1777903099.328123,7752
149,24267.742815,1777903099.339252,1777903099.339252,7753
150,24267.753899,1777903099.350379,1777903099.350379,7754
151,24267.765211,1777903099.361506,1777903099.361506,7755
152,24267.776189,1777903099.372634,1777903099.372634,7756
153,24267.787366,1777903099.383761,1777903099.383761,7757
154,24267.798578,1777903099.394888,1777903099.394888,7758
155,24267.809540,1777903099.406016,1777903099.406016,7759
156,24267.820688,1777903099.417143,1777903099.417143,7760
157,24267.831869,1777903099.428271,1777903099.428271,7761
158,24267.842929,1777903099.439399,1777903099.439399,7762
159,24267.854081,1777903099.450526,1777903099.450526,7763
160,24267.865262,1777903099.461653,1777903099.461653,7764
161,24267.876353,1777903099.472781,1777903099.472781,7765
162,24267.887511,1777903099.483908,1777903099.483908,7766
163,24267.898598,1777903099.495035,1777903099.495035,7767
164,24267.909695,1777903099.506163,1777903099.506163,7768
165,24267.920840,1777903099.517291,1777903099.517291,7769
166,24267.932277,1777903099.528418,1777903099.528418,7770
167,24267.943131,1777903099.539546,1777903099.539546,7771
168,24267.954246,1777903099.550673,1777903099.550673,7772
169,24267.965590,1777903099.561800,1777903099.561800,7773
170,24267.976492,1777903099.572928,1777903099.572928,7774
171,24267.987615,1777903099.584055,1777903099.584055,7775
172,24267.998923,1777903099.595182,1777903099.595182,7776
173,24268.009875,1777903099.606311,1777903099.606311,7777
174,24268.020991,1777903099.617438,1777903099.617438,7778
175,24268.032452,1777903099.628565,1777903099.628565,7779
176,24268.043264,1777903099.639692,1777903099.639692,7780
177,24268.054463,1777903099.650820,1777903099.650820,7781
178,24268.065673,1777903099.661947,1777903099.661947,7782
179,24268.076628,1777903099.673074,1777903099.673074,7783
180,24268.087803,1777903099.684202,1777903099.684202,7784
181,24268.099093,1777903099.695329,1777903099.695329,7785
182,24268.110022,1777903099.706457,1777903099.706457,7786
183,24268.121183,1777903099.717585,1777903099.717585,7787
184,24268.132571,1777903099.728712,1777903099.728712,7788
185,24268.143472,1777903099.739839,1777903099.739839,7789
186,24268.154589,1777903099.750967,1777903099.750967,7790
187,24268.165716,1777903099.762094,1777903099.762094,7791
188,24268.176777,1777903099.773221,1777903099.773221,7792
189,24268.187940,1777903099.784349,1777903099.784349,7793
190,24268.199075,1777903099.795477,1777903099.795477,7794
191,24268.210215,1777903099.806604,1777903099.806604,7795
192,24268.221380,1777903099.817732,1777903099.817732,7796
193,24268.232527,1777903099.828859,1777903099.828859,7797
194,24268.243595,1777903099.839986,1777903099.839986,7798
195,24268.254808,1777903099.851114,1777903099.851114,7799
196,24268.265932,1777903099.862242,1777903099.862242,7800
197,24268.276965,1777903099.873369,1777903099.873369,7801
198,24268.288098,1777903099.884497,1777903099.884497,7802
199,24268.299233,1777903099.895624,1777903099.895624,7803
200,24268.310336,1777903099.906751,1777903099.906751,7804
201,24268.321555,1777903099.917879,1777903099.917879,7805
202,24268.332539,1777903099.929006,1777903099.929006,7806
203,24268.343688,1777903099.940133,1777903099.940133,7807
204,24268.354915,1777903099.951261,1777903099.951261,7808
205,24268.365965,1777903099.962389,1777903099.962389,7809
206,24268.377071,1777903099.973516,1777903099.973516,7810
207,24268.388213,1777903099.984644,1777903099.984644,7811
208,24268.399317,1777903099.995771,1777903099.995771,7812
209,24268.410489,1777903100.006898,1777903100.006898,7813
210,24268.421673,1777903100.018026,1777903100.018026,7814
211,24268.432693,1777903100.029153,1777903100.029153,7815
212,24268.443835,1777903100.040280,1777903100.040280,7816
213,24268.454970,1777903100.051409,1777903100.051409,7817
214,24268.466081,1777903100.062536,1777903100.062536,7818
215,24268.477231,1777903100.073663,1777903100.073663,7819
216,24268.488494,1777903100.084790,1777903100.084790,7820
217,24268.499488,1777903100.095918,1777903100.095918,7821
218,24268.510576,1777903100.107045,1777903100.107045,7822
219,24268.521875,1777903100.118172,1777903100.118172,7823
220,24268.532816,1777903100.129300,1777903100.129300,7824
221,24268.543970,1777903100.140428,1777903100.140428,7825
222,24268.555293,1777903100.151555,1777903100.151555,7826
223,24268.566234,1777903100.162683,1777903100.162683,7827
224,24268.577361,1777903100.173810,1777903100.173810,7828
225,24268.588487,1777903100.184937,1777903100.184937,7829
226,24268.599638,1777903100.196065,1777903100.196065,7830
227,24268.610764,1777903100.207192,1777903100.207192,7831
228,24268.622016,1777903100.218319,1777903100.218319,7832
229,24268.633022,1777903100.229448,1777903100.229448,7833
230,24268.644105,1777903100.240575,1777903100.240575,7834
231,24268.655598,1777903100.251702,1777903100.251702,7835
232,24268.666394,1777903100.262830,1777903100.262830,7836
233,24268.677585,1777903100.273957,1777903100.273957,7837
234,24268.688749,1777903100.285084,1777903100.285084,7838
235,24268.699728,1777903100.296212,1777903100.296212,7839
236,24268.710889,1777903100.307339,1777903100.307339,7840
237,24268.722168,1777903100.318467,1777903100.318467,7841
238,24268.733181,1777903100.329594,1777903100.329594,7842
239,24268.744298,1777903100.340722,1777903100.340722,7843
240,24268.755667,1777903100.351849,1777903100.351849,7844
241,24268.766568,1777903100.362977,1777903100.362977,7845
242,24268.777824,1777903100.374104,1777903100.374104,7846
243,24268.788801,1777903100.385231,1777903100.385231,7847
244,24268.799912,1777903100.396359,1777903100.396359,7848
245,24268.811058,1777903100.407486,1777903100.407486,7849
246,24268.822301,1777903100.418613,1777903100.418613,7850
247,24268.833289,1777903100.429741,1777903100.429741,7851
248,24268.844396,1777903100.440868,1777903100.440868,7852
249,24268.855722,1777903100.451995,1777903100.451995,7853
250,24268.866685,1777903100.463123,1777903100.463123,7854
251,24268.877786,1777903100.474250,1777903100.474250,7855
252,24268.889098,1777903100.485377,1777903100.485377,7856
253,24268.900069,1777903100.496505,1777903100.496505,7857
254,24268.911172,1777903100.507632,1777903100.507632,7858
255,24268.922385,1777903100.518759,1777903100.518759,7859
256,24268.933438,1777903100.529886,1777903100.529886,7860
257,24268.944562,1777903100.541014,1777903100.541014,7861
258,24268.955878,1777903100.552142,1777903100.552142,7862
259,24268.966938,1777903100.563269,1777903100.563269,7863
260,24268.978102,1777903100.574397,1777903100.574397,7864
261,24268.989202,1777903100.585524,1777903100.585524,7865
262,24269.000251,1777903100.596651,1777903100.596651,7866
263,24269.011458,1777903100.607779,1777903100.607779,7867
264,24269.022496,1777903100.618906,1777903100.618906,7868
265,24269.033573,1777903100.630033,1777903100.630033,7869
266,24269.044806,1777903100.641161,1777903100.641161,7870
267,24269.067026,1777903100.663415,1777903100.663415,7872
268,24269.078120,1777903100.674543,1777903100.674543,7873
269,24269.089234,1777903100.685670,1777903100.685670,7874
270,24269.100341,1777903100.696797,1777903100.696797,7875
271,24269.111523,1777903100.707925,1777903100.707925,7876
272,24269.122626,1777903100.719052,1777903100.719052,7877
273,24269.133766,1777903100.730179,1777903100.730179,7878
274,24269.144911,1777903100.741307,1777903100.741307,7879
275,24269.156037,1777903100.752434,1777903100.752434,7880
276,24269.167152,1777903100.763561,1777903100.763561,7881
277,24269.178477,1777903100.774689,1777903100.774689,7882
278,24269.189405,1777903100.785816,1777903100.785816,7883
279,24269.200502,1777903100.796943,1777903100.796943,7884
280,24269.211702,1777903100.808072,1777903100.808072,7885
281,24269.222757,1777903100.819198,1777903100.819198,7886
282,24269.233927,1777903100.830325,1777903100.830325,7887
283,24269.245252,1777903100.841454,1777903100.841454,7888
284,24269.256190,1777903100.852581,1777903100.852581,7889
285,24269.267284,1777903100.863708,1777903100.863708,7890
286,24269.278616,1777903100.874836,1777903100.874836,7891
287,24269.289517,1777903100.885963,1777903100.885963,7892
288,24269.300677,1777903100.897089,1777903100.897089,7893
289,24269.311843,1777903100.908218,1777903100.908218,7894
290,24269.322961,1777903100.919345,1777903100.919345,7895
291,24269.334043,1777903100.930472,1777903100.930472,7896
292,24269.345265,1777903100.941600,1777903100.941600,7897
293,24269.356299,1777903100.952727,1777903100.952727,7898
294,24269.367416,1777903100.963854,1777903100.963854,7899
295,24269.378599,1777903100.974981,1777903100.974981,7900
296,24269.389691,1777903100.986109,1777903100.986109,7901
297,24269.400821,1777903100.997236,1777903100.997236,7902
298,24269.411939,1777903101.008363,1777903101.008363,7903
299,24269.423021,1777903101.019491,1777903101.019491,7904
300,24269.434200,1777903101.030618,1777903101.030618,7905
301,24269.445348,1777903101.041745,1777903101.041745,7906
302,24269.456406,1777903101.052873,1777903101.052873,7907
303,24269.467534,1777903101.064000,1777903101.064000,7908
304,24269.478729,1777903101.075127,1777903101.075127,7909
305,24269.489789,1777903101.086255,1777903101.086255,7910
306,24269.500933,1777903101.097382,1777903101.097382,7911
307,24269.512322,1777903101.108509,1777903101.108509,7912
308,24269.523205,1777903101.119637,1777903101.119637,7913
309,24269.534332,1777903101.130764,1777903101.130764,7914
310,24269.545649,1777903101.141891,1777903101.141891,7915
311,24269.556580,1777903101.153019,1777903101.153019,7916
312,24269.567861,1777903101.164146,1777903101.164146,7917
313,24269.578949,1777903101.175273,1777903101.175273,7918
314,24269.589967,1777903101.186402,1777903101.186402,7919
315,24269.601161,1777903101.197529,1777903101.197529,7920
316,24269.612367,1777903101.208656,1777903101.208656,7921
317,24269.623354,1777903101.219784,1777903101.219784,7922
318,24269.634484,1777903101.230911,1777903101.230911,7923
319,24269.645626,1777903101.242038,1777903101.242038,7924
320,24269.656744,1777903101.253166,1777903101.253166,7925
321,24269.667922,1777903101.264293,1777903101.264293,7926
322,24269.679028,1777903101.275420,1777903101.275420,7927
323,24269.690164,1777903101.286548,1777903101.286548,7928
324,24269.701340,1777903101.297675,1777903101.297675,7929
325,24269.712512,1777903101.308802,1777903101.308802,7930
326,24269.723525,1777903101.319930,1777903101.319930,7931
327,24269.734640,1777903101.331057,1777903101.331057,7932
328,24269.745957,1777903101.342184,1777903101.342184,7933
329,24269.756885,1777903101.353312,1777903101.353312,7934
330,24269.768066,1777903101.364439,1777903101.364439,7935
331,24269.779150,1777903101.375566,1777903101.375566,7936
332,24269.790250,1777903101.386694,1777903101.386694,7937
333,24269.801394,1777903101.397821,1777903101.397821,7938
334,24269.812531,1777903101.408948,1777903101.408948,7939
335,24269.823649,1777903101.420075,1777903101.420075,7940
336,24269.834885,1777903101.431204,1777903101.431204,7941
337,24269.845877,1777903101.442331,1777903101.442331,7942
338,24269.857043,1777903101.453458,1777903101.453458,7943
339,24269.868196,1777903101.464586,1777903101.464586,7944
340,24269.879272,1777903101.475713,1777903101.475713,7945
341,24269.890407,1777903101.486840,1777903101.486840,7946
342,24269.901604,1777903101.497968,1777903101.497968,7947
343,24269.912808,1777903101.509095,1777903101.509095,7948
344,24269.923874,1777903101.520222,1777903101.520222,7949
345,24269.935088,1777903101.531350,1777903101.531350,7950
346,24269.946099,1777903101.542477,1777903101.542477,7951
347,24269.957289,1777903101.553604,1777903101.553604,7952
348,24269.968488,1777903101.564732,1777903101.564732,7953
349,24269.979491,1777903101.575859,1777903101.575859,7954
350,24269.990559,1777903101.586986,1777903101.586986,7955
351,24270.001915,1777903101.598114,1777903101.598114,7956
352,24270.012814,1777903101.609242,1777903101.609242,7957
353,24270.023985,1777903101.620369,1777903101.620369,7958
354,24270.035317,1777903101.631497,1777903101.631497,7959
355,24270.046225,1777903101.642624,1777903101.642624,7960
356,24270.057321,1777903101.653751,1777903101.653751,7961
357,24270.068574,1777903101.664879,1777903101.664879,7962
358,24270.079559,1777903101.676006,1777903101.676006,7963
359,24270.090729,1777903101.687133,1777903101.687133,7964
360,24270.102068,1777903101.698261,1777903101.698261,7965
361,24270.112989,1777903101.709388,1777903101.709388,7966
362,24270.124078,1777903101.720515,1777903101.720515,7967
363,24270.135489,1777903101.731643,1777903101.731643,7968
364,24270.146333,1777903101.742770,1777903101.742770,7969
365,24270.157451,1777903101.753897,1777903101.753897,7970
366,24270.168679,1777903101.765025,1777903101.765025,7971
367,24270.179698,1777903101.776153,1777903101.776153,7972
368,24270.190858,1777903101.787280,1777903101.787280,7973
369,24270.202096,1777903101.798408,1777903101.798408,7974
370,24270.213137,1777903101.809535,1777903101.809535,7975
371,24270.224276,1777903101.820662,1777903101.820662,7976
372,24270.235598,1777903101.831790,1777903101.831790,7977
373,24270.246523,1777903101.842917,1777903101.842917,7978
374,24270.257609,1777903101.854044,1777903101.854044,7979
375,24270.268939,1777903101.865171,1777903101.865171,7980
376,24270.279944,1777903101.876299,1777903101.876299,7981
377,24270.290992,1777903101.887426,1777903101.887426,7982
378,24270.302289,1777903101.898553,1777903101.898553,7983
379,24270.313273,1777903101.909681,1777903101.909681,7984
380,24270.324367,1777903101.920808,1777903101.920808,7985
381,24270.335738,1777903101.931936,1777903101.931936,7986
382,24270.346629,1777903101.943063,1777903101.943063,7987
383,24270.357795,1777903101.954191,1777903101.954191,7988
384,24270.368978,1777903101.965318,1777903101.965318,7989
385,24270.380034,1777903101.976446,1777903101.976446,7990
386,24270.391151,1777903101.987573,1777903101.987573,7991
387,24270.402344,1777903101.998700,1777903101.998700,7992
388,24270.413377,1777903102.009828,1777903102.009828,7993
389,24270.424552,1777903102.020955,1777903102.020955,7994
390,24270.435757,1777903102.032082,1777903102.032082,7995
391,24270.446796,1777903102.043210,1777903102.043210,7996
392,24270.457929,1777903102.054337,1777903102.054337,7997
393,24270.469090,1777903102.065464,1777903102.065464,7998
394,24270.480164,1777903102.076592,1777903102.076592,7999
395,24270.491403,1777903102.087719,1777903102.087719,8000
396,24270.502415,1777903102.098846,1777903102.098846,8001
397,24270.513556,1777903102.109974,1777903102.109974,8002
398,24270.524702,1777903102.121102,1777903102.121102,8003
399,24270.535809,1777903102.132229,1777903102.132229,8004
400,24270.546935,1777903102.143357,1777903102.143357,8005
401,24270.558219,1777903102.154484,1777903102.154484,8006
402,24270.569209,1777903102.165611,1777903102.165611,8007
403,24270.580311,1777903102.176739,1777903102.176739,8008
404,24270.591527,1777903102.187866,1777903102.187866,8009
405,24270.602560,1777903102.198993,1777903102.198993,8010
406,24270.613659,1777903102.210121,1777903102.210121,8011
407,24270.635984,1777903102.232375,1777903102.232375,8013
408,24270.647069,1777903102.243503,1777903102.243503,8014
409,24270.658231,1777903102.254630,1777903102.254630,8015
410,24270.669343,1777903102.265757,1777903102.265757,8016
411,24270.680439,1777903102.276885,1777903102.276885,8017
412,24270.691575,1777903102.288013,1777903102.288013,8018
413,24270.702695,1777903102.299139,1777903102.299139,8019
414,24270.713837,1777903102.310266,1777903102.310266,8020
415,24270.725148,1777903102.321394,1777903102.321394,8021
416,24270.736117,1777903102.332522,1777903102.332522,8022
417,24270.747251,1777903102.343649,1777903102.343649,8023
418,24270.758529,1777903102.354777,1777903102.354777,8024
419,24270.769492,1777903102.365904,1777903102.365904,8025
420,24270.780627,1777903102.377031,1777903102.377031,8026
421,24270.791793,1777903102.388159,1777903102.388159,8027
422,24270.802864,1777903102.399286,1777903102.399286,8028
423,24270.813998,1777903102.410413,1777903102.410413,8029
424,24270.825270,1777903102.421541,1777903102.421541,8030
425,24270.836249,1777903102.432668,1777903102.432668,8031
426,24270.847397,1777903102.443795,1777903102.443795,8032
427,24270.858620,1777903102.454923,1777903102.454923,8033
428,24270.869650,1777903102.466051,1777903102.466051,8034
429,24270.880745,1777903102.477177,1777903102.477177,8035
430,24270.891878,1777903102.488306,1777903102.488306,8036
431,24270.903029,1777903102.499433,1777903102.499433,8037
432,24270.914187,1777903102.510560,1777903102.510560,8038
433,24270.925364,1777903102.521688,1777903102.521688,8039
434,24270.936542,1777903102.532815,1777903102.532815,8040
435,24270.947550,1777903102.543942,1777903102.543942,8041
436,24270.958869,1777903102.555070,1777903102.555070,8042
437,24270.969784,1777903102.566197,1777903102.566197,8043
438,24270.980928,1777903102.577324,1777903102.577324,8044
439,24270.992221,1777903102.588452,1777903102.588452,8045
440,24271.003214,1777903102.599579,1777903102.599579,8046
441,24271.014477,1777903102.610707,1777903102.610707,8047
442,24271.025620,1777903102.621835,1777903102.621835,8048
443,24271.036550,1777903102.632962,1777903102.632962,8049
444,24271.047694,1777903102.644089,1777903102.644089,8050
445,24271.058987,1777903102.655217,1777903102.655217,8051
446,24271.069933,1777903102.666344,1777903102.666344,8052
447,24271.081024,1777903102.677471,1777903102.677471,8053
448,24271.092296,1777903102.688599,1777903102.688599,8054
449,24271.103259,1777903102.699726,1777903102.699726,8055
450,24271.114399,1777903102.710853,1777903102.710853,8056
451,24271.125645,1777903102.721981,1777903102.721981,8057
452,24271.136667,1777903102.733108,1777903102.733108,8058
453,24271.147811,1777903102.744235,1777903102.744235,8059
454,24271.158977,1777903102.755363,1777903102.755363,8060
455,24271.170045,1777903102.766490,1777903102.766490,8061
456,24271.181199,1777903102.777618,1777903102.777618,8062
457,24271.192359,1777903102.788745,1777903102.788745,8063
458,24271.203428,1777903102.799873,1777903102.799873,8064
459,24271.214661,1777903102.811000,1777903102.811000,8065
460,24271.225721,1777903102.822127,1777903102.822127,8066
461,24271.236875,1777903102.833255,1777903102.833255,8067
462,24271.248088,1777903102.844382,1777903102.844382,8068
463,24271.259362,1777903102.855509,1777903102.855509,8069
464,24271.270200,1777903102.866637,1777903102.866637,8070
465,24271.281357,1777903102.877764,1777903102.877764,8071
466,24271.303600,1777903102.900020,1777903102.900020,8073
467,24271.314805,1777903102.911146,1777903102.911146,8074
468,24271.325891,1777903102.922274,1777903102.922274,8075
469,24271.337017,1777903102.933402,1777903102.933402,8076
470,24271.348228,1777903102.944529,1777903102.944529,8077
471,24271.359206,1777903102.955656,1777903102.955656,8078
472,24271.370359,1777903102.966784,1777903102.966784,8079
473,24271.381492,1777903102.977911,1777903102.977911,8080
474,24271.392618,1777903102.989038,1777903102.989038,8081
475,24271.403765,1777903103.000166,1777903103.000166,8082
476,24271.414882,1777903103.011293,1777903103.011293,8083
477,24271.426013,1777903103.022420,1777903103.022420,8084
478,24271.437133,1777903103.033548,1777903103.033548,8085
479,24271.448349,1777903103.044676,1777903103.044676,8086
480,24271.459398,1777903103.055803,1777903103.055803,8087
481,24271.470533,1777903103.066931,1777903103.066931,8088
482,24271.481805,1777903103.078058,1777903103.078058,8089
483,24271.492772,1777903103.089185,1777903103.089185,8090
484,24271.503909,1777903103.100313,1777903103.100313,8091
485,24271.515095,1777903103.111440,1777903103.111440,8092
486,24271.526160,1777903103.122567,1777903103.122567,8093
487,24271.537261,1777903103.133695,1777903103.133695,8094
488,24271.548616,1777903103.144822,1777903103.144822,8095
489,24271.559535,1777903103.155949,1777903103.155949,8096
490,24271.570652,1777903103.167077,1777903103.167077,8097
491,24271.581877,1777903103.178204,1777903103.178204,8098
492,24271.592872,1777903103.189332,1777903103.189332,8099
493,24271.604038,1777903103.200459,1777903103.200459,8100
494,24271.615182,1777903103.211587,1777903103.211587,8101
495,24271.626297,1777903103.222714,1777903103.222714,8102
496,24271.637440,1777903103.233841,1777903103.233841,8103
497,24271.648538,1777903103.244969,1777903103.244969,8104
498,24271.659662,1777903103.256096,1777903103.256096,8105
499,24271.670828,1777903103.267223,1777903103.267223,8106
500,24271.682111,1777903103.278351,1777903103.278351,8107
501,24271.693094,1777903103.289478,1777903103.289478,8108
502,24271.704179,1777903103.300605,1777903103.300605,8109
503,24271.715527,1777903103.311733,1777903103.311733,8110
504,24271.726443,1777903103.322860,1777903103.322860,8111
505,24271.737559,1777903103.333987,1777903103.333987,8112
506,24271.748864,1777903103.345115,1777903103.345115,8113
507,24271.759793,1777903103.356243,1777903103.356243,8114
508,24271.770919,1777903103.367370,1777903103.367370,8115
509,24271.782228,1777903103.378498,1777903103.378498,8116
510,24271.793186,1777903103.389625,1777903103.389625,8117
511,24271.804309,1777903103.400753,1777903103.400753,8118
512,24271.815605,1777903103.411881,1777903103.411881,8119
513,24271.826528,1777903103.423008,1777903103.423008,8120
514,24271.837701,1777903103.434135,1777903103.434135,8121
515,24271.849072,1777903103.445263,1777903103.445263,8122
516,24271.860017,1777903103.456391,1777903103.456391,8123
517,24271.871192,1777903103.467518,1777903103.467518,8124
518,24271.882443,1777903103.478646,1777903103.478646,8125
519,24271.893374,1777903103.489773,1777903103.489773,8126
520,24271.904590,1777903103.500901,1777903103.500901,8127
521,24271.915756,1777903103.512028,1777903103.512028,8128
522,24271.926760,1777903103.523156,1777903103.523156,8129
523,24271.937920,1777903103.534283,1777903103.534283,8130
524,24271.949032,1777903103.545411,1777903103.545411,8131
525,24271.960131,1777903103.556538,1777903103.556538,8132
526,24271.971383,1777903103.567666,1777903103.567666,8133
527,24271.982372,1777903103.578794,1777903103.578794,8134
528,24271.993500,1777903103.589921,1777903103.589921,8135
529,24272.004698,1777903103.601048,1777903103.601048,8136
530,24272.015811,1777903103.612176,1777903103.612176,8137
531,24272.026845,1777903103.623304,1777903103.623304,8138
532,24272.038086,1777903103.634431,1777903103.634431,8139
533,24272.049151,1777903103.645558,1777903103.645558,8140
534,24272.060271,1777903103.656686,1777903103.656686,8141
535,24272.071533,1777903103.667814,1777903103.667814,8142
536,24272.082504,1777903103.678941,1777903103.678941,8143
537,24272.093706,1777903103.690069,1777903103.690069,8144
538,24272.104840,1777903103.701196,1777903103.701196,8145
539,24272.115890,1777903103.712323,1777903103.712323,8146
540,24272.127101,1777903103.723451,1777903103.723451,8147
541,24272.138233,1777903103.734579,1777903103.734579,8148
542,24272.149292,1777903103.745706,1777903103.745706,8149
543,24272.160428,1777903103.756834,1777903103.756834,8150
544,24272.171619,1777903103.767962,1777903103.767962,8151
545,24272.182657,1777903103.779089,1777903103.779089,8152
546,24272.193774,1777903103.790217,1777903103.790217,8153
547,24272.205070,1777903103.801344,1777903103.801344,8154
548,24272.217012,1777903103.812471,1777903103.812471,8155
549,24272.227200,1777903103.823599,1777903103.823599,8156
550,24272.238317,1777903103.834727,1777903103.834727,8157
551,24272.249535,1777903103.845854,1777903103.845854,8158
552,24272.260539,1777903103.856982,1777903103.856982,8159
553,24272.271840,1777903103.868109,1777903103.868109,8160
554,24272.282846,1777903103.879236,1777903103.879236,8161
555,24272.293920,1777903103.890365,1777903103.890365,8162
556,24272.305269,1777903103.901492,1777903103.901492,8163
557,24272.316194,1777903103.912619,1777903103.912619,8164
558,24272.327321,1777903103.923747,1777903103.923747,8165
559,24272.338596,1777903103.934875,1777903103.934875,8166
560,24272.349567,1777903103.946002,1777903103.946002,8167
561,24272.360688,1777903103.957130,1777903103.957130,8168
562,24272.371848,1777903103.968257,1777903103.968257,8169
563,24272.382957,1777903103.979384,1777903103.979384,8170
564,24272.394108,1777903103.990513,1777903103.990513,8171
565,24272.405390,1777903104.001640,1777903104.001640,8172
566,24272.416470,1777903104.012767,1777903104.012767,8173
567,24272.427492,1777903104.023895,1777903104.023895,8174
568,24272.438898,1777903104.035022,1777903104.035022,8175
569,24272.449758,1777903104.046150,1777903104.046150,8176
570,24272.460874,1777903104.057278,1777903104.057278,8177
571,24272.472192,1777903104.068405,1777903104.068405,8178
572,24272.483120,1777903104.079532,1777903104.079532,8179
573,24272.494241,1777903104.090660,1777903104.090660,8180
574,24272.505570,1777903104.101788,1777903104.101788,8181
575,24272.516494,1777903104.112915,1777903104.112915,8182
576,24272.527633,1777903104.124042,1777903104.124042,8183
577,24272.539051,1777903104.135170,1777903104.135170,8184
578,24272.549865,1777903104.146298,1777903104.146298,8185
579,24272.561059,1777903104.157425,1777903104.157425,8186
580,24272.572156,1777903104.168553,1777903104.168553,8187
581,24272.583283,1777903104.179680,1777903104.179680,8188
582,24272.594403,1777903104.190808,1777903104.190808,8189
583,24272.605809,1777903104.201936,1777903104.201936,8190
584,24272.616683,1777903104.213063,1777903104.213063,8191
585,24272.627867,1777903104.224190,1777903104.224190,8192
586,24272.639077,1777903104.235318,1777903104.235318,8193
587,24272.650042,1777903104.246446,1777903104.246446,8194
588,24272.661355,1777903104.257573,1777903104.257573,8195
589,24272.672412,1777903104.268701,1777903104.268701,8196
590,24272.683382,1777903104.279828,1777903104.279828,8197
591,24272.694547,1777903104.290956,1777903104.290956,8198
592,24272.705689,1777903104.302084,1777903104.302084,8199
593,24272.716822,1777903104.313211,1777903104.313211,8200
594,24272.727999,1777903104.324338,1777903104.324338,8201
595,24272.739106,1777903104.335466,1777903104.335466,8202
596,24272.750136,1777903104.346594,1777903104.346594,8203
597,24272.761293,1777903104.357721,1777903104.357721,8204
598,24272.772414,1777903104.368849,1777903104.368849,8205
599,24272.783526,1777903104.379977,1777903104.379977,8206
600,24272.794808,1777903104.391104,1777903104.391104,8207
601,24272.805801,1777903104.402232,1777903104.402232,8208
602,24272.816894,1777903104.413360,1777903104.413360,8209
603,24272.828211,1777903104.424487,1777903104.424487,8210
604,24272.839202,1777903104.435615,1777903104.435615,8211
605,24272.850320,1777903104.446743,1777903104.446743,8212
606,24272.861481,1777903104.457870,1777903104.457870,8213
607,24272.872554,1777903104.468998,1777903104.468998,8214
608,24272.883686,1777903104.480125,1777903104.480125,8215
609,24272.894961,1777903104.491253,1777903104.491253,8216
610,24272.905976,1777903104.502381,1777903104.502381,8217
611,24272.917114,1777903104.513508,1777903104.513508,8218
612,24272.928354,1777903104.524636,1777903104.524636,8219
613,24272.939325,1777903104.535763,1777903104.535763,8220
614,24272.950473,1777903104.546891,1777903104.546891,8221
615,24272.961610,1777903104.558018,1777903104.558018,8222
616,24272.972845,1777903104.569146,1777903104.569146,8223
617,24272.983835,1777903104.580274,1777903104.580274,8224
618,24272.995067,1777903104.591401,1777903104.591401,8225
619,24273.006130,1777903104.602529,1777903104.602529,8226
620,24273.017261,1777903104.613657,1777903104.613657,8227
621,24273.028526,1777903104.624784,1777903104.624784,8228
622,24273.039542,1777903104.635912,1777903104.635912,8229
623,24273.050684,1777903104.647040,1777903104.647040,8230
624,24273.062096,1777903104.658167,1777903104.658167,8231
625,24273.072861,1777903104.669295,1777903104.669295,8232
626,24273.084028,1777903104.680423,1777903104.680423,8233
627,24273.095174,1777903104.691550,1777903104.691550,8234
628,24273.106296,1777903104.702678,1777903104.702678,8235
629,24273.117373,1777903104.713806,1777903104.713806,8236
630,24273.128751,1777903104.724933,1777903104.724933,8237
631,24273.139623,1777903104.736061,1777903104.736061,8238
632,24273.150752,1777903104.747189,1777903104.747189,8239
633,24273.161888,1777903104.758316,1777903104.758316,8240
634,24273.172988,1777903104.769444,1777903104.769444,8241
635,24273.184106,1777903104.780572,1777903104.780572,8242
636,24273.195412,1777903104.791699,1777903104.791699,8243
637,24273.206455,1777903104.802826,1777903104.802826,8244
638,24273.217524,1777903104.813955,1777903104.813955,8245
639,24273.229055,1777903104.825082,1777903104.825082,8246
640,24273.239862,1777903104.836210,1777903104.836210,8247
641,24273.250952,1777903104.847338,1777903104.847338,8248
642,24273.262098,1777903104.858465,1777903104.858465,8249
643,24273.273193,1777903104.869592,1777903104.869592,8250
644,24273.284382,1777903104.880721,1777903104.880721,8251
645,24273.295621,1777903104.891848,1777903104.891848,8252
646,24273.306629,1777903104.902975,1777903104.902975,8253
647,24273.317690,1777903104.914104,1777903104.914104,8254
648,24273.328975,1777903104.925231,1777903104.925231,8255
649,24273.339961,1777903104.936358,1777903104.936358,8256
650,24273.351088,1777903104.947487,1777903104.947487,8257
651,24273.362406,1777903104.958614,1777903104.958614,8258
652,24273.373339,1777903104.969741,1777903104.969741,8259
653,24273.384429,1777903104.980869,1777903104.980869,8260
654,24273.395809,1777903104.991997,1777903104.991997,8261
655,24273.406746,1777903105.003124,1777903105.003124,8262
656,24273.417858,1777903105.014252,1777903105.014252,8263
657,24273.429259,1777903105.025380,1777903105.025380,8264
658,24273.440170,1777903105.036507,1777903105.036507,8265
659,24273.451243,1777903105.047635,1777903105.047635,8266
660,24273.462457,1777903105.058763,1777903105.058763,8267
661,24273.473486,1777903105.069890,1777903105.069890,8268
662,24273.484638,1777903105.081017,1777903105.081017,8269
663,24273.495842,1777903105.092146,1777903105.092146,8270
664,24273.506862,1777903105.103273,1777903105.103273,8271
665,24273.517991,1777903105.114401,1777903105.114401,8272
666,24273.529177,1777903105.125529,1777903105.125529,8273
667,24273.540244,1777903105.136656,1777903105.136656,8274
668,24273.551392,1777903105.147784,1777903105.147784,8275
669,24273.562760,1777903105.158912,1777903105.158912,8276
670,24273.573612,1777903105.170039,1777903105.170039,8277
671,24273.584769,1777903105.181167,1777903105.181167,8278
672,24273.596083,1777903105.192295,1777903105.192295,8279
673,24273.606997,1777903105.203422,1777903105.203422,8280
674,24273.618295,1777903105.214550,1777903105.214550,8281
675,24273.629318,1777903105.225678,1777903105.225678,8282
676,24273.640371,1777903105.236805,1777903105.236805,8283
677,24273.651761,1777903105.247933,1777903105.247933,8284
678,24273.662707,1777903105.259061,1777903105.259061,8285
679,24273.673854,1777903105.270189,1777903105.270189,8286
680,24273.684895,1777903105.281316,1777903105.281316,8287
681,24273.696058,1777903105.292444,1777903105.292444,8288
682,24273.707216,1777903105.303571,1777903105.303571,8289
683,24273.718420,1777903105.314699,1777903105.314699,8290
684,24273.729478,1777903105.325827,1777903105.325827,8291
685,24273.740531,1777903105.336954,1777903105.336954,8292
686,24273.751704,1777903105.348082,1777903105.348082,8293
687,24273.762857,1777903105.359210,1777903105.359210,8294
688,24273.773918,1777903105.370337,1777903105.370337,8295
689,24273.785115,1777903105.381464,1777903105.381464,8296
690,24273.796222,1777903105.392592,1777903105.392592,8297
691,24273.807300,1777903105.403719,1777903105.403719,8298
692,24273.818615,1777903105.414846,1777903105.414846,8299
693,24273.829599,1777903105.425974,1777903105.425974,8300
694,24273.840671,1777903105.437102,1777903105.437102,8301
695,24273.851991,1777903105.448229,1777903105.448229,8302
696,24273.862918,1777903105.459356,1777903105.459356,8303
697,24273.874047,1777903105.470484,1777903105.470484,8304
698,24273.885370,1777903105.481611,1777903105.481611,8305
699,24273.896314,1777903105.492738,1777903105.492738,8306
700,24273.907436,1777903105.503866,1777903105.503866,8307
701,24273.918738,1777903105.514994,1777903105.514994,8308
702,24273.929684,1777903105.526121,1777903105.526121,8309
703,24273.940823,1777903105.537249,1777903105.537249,8310
704,24273.951951,1777903105.548376,1777903105.548376,8311
705,24273.963041,1777903105.559503,1777903105.559503,8312
706,24273.974207,1777903105.570631,1777903105.570631,8313
707,24273.985446,1777903105.581758,1777903105.581758,8314
708,24273.996466,1777903105.592885,1777903105.592885,8315
709,24274.007544,1777903105.604014,1777903105.604014,8316
710,24274.018894,1777903105.615141,1777903105.615141,8317
711,24274.029802,1777903105.626268,1777903105.626268,8318
712,24274.041013,1777903105.637396,1777903105.637396,8319
713,24274.052262,1777903105.648523,1777903105.648523,8320
714,24274.063199,1777903105.659650,1777903105.659650,8321
715,24274.074359,1777903105.670779,1777903105.670779,8322
716,24274.085550,1777903105.681906,1777903105.681906,8323
717,24274.096567,1777903105.693033,1777903105.693033,8324
718,24274.107693,1777903105.704161,1777903105.704161,8325
719,24274.118978,1777903105.715288,1777903105.715288,8326
720,24274.129942,1777903105.726415,1777903105.726415,8327
721,24274.141116,1777903105.737543,1777903105.737543,8328
722,24274.152264,1777903105.748671,1777903105.748671,8329
723,24274.163370,1777903105.759798,1777903105.759798,8330
724,24274.174601,1777903105.770926,1777903105.770926,8331
725,24274.185633,1777903105.782053,1777903105.782053,8332
726,24274.196811,1777903105.793180,1777903105.793180,8333
727,24274.207852,1777903105.804308,1777903105.804308,8334
728,24274.219009,1777903105.815435,1777903105.815435,8335
729,24274.230130,1777903105.826562,1777903105.826562,8336
730,24274.241299,1777903105.837691,1777903105.837691,8337
731,24274.252357,1777903105.848818,1777903105.848818,8338
732,24274.263482,1777903105.859945,1777903105.859945,8339
733,24274.274571,1777903105.871072,1777903105.871072,8340
734,24274.285735,1777903105.882200,1777903105.882200,8341
735,24274.296885,1777903105.893327,1777903105.893327,8342
736,24274.308104,1777903105.904455,1777903105.904455,8343
737,24274.319169,1777903105.915582,1777903105.915582,8344
738,24274.330282,1777903105.926710,1777903105.926710,8345
739,24274.341598,1777903105.937837,1777903105.937837,8346
740,24274.352554,1777903105.948965,1777903105.948965,8347
741,24274.363671,1777903105.960092,1777903105.960092,8348
742,24274.374887,1777903105.971219,1777903105.971219,8349
743,24274.385946,1777903105.982347,1777903105.982347,8350
744,24274.396993,1777903105.993475,1777903105.993475,8351
745,24274.408326,1777903106.004602,1777903106.004602,8352
746,24274.419286,1777903106.015730,1777903106.015730,8353
747,24274.430375,1777903106.026857,1777903106.026857,8354
748,24274.441645,1777903106.037984,1777903106.037984,8355
749,24274.452649,1777903106.049112,1777903106.049112,8356
750,24274.463803,1777903106.060240,1777903106.060240,8357
751,24274.475052,1777903106.071367,1777903106.071367,8358
752,24274.486172,1777903106.082495,1777903106.082495,8359
753,24274.497297,1777903106.093622,1777903106.093622,8360
754,24274.508454,1777903106.104749,1777903106.104749,8361
755,24274.519538,1777903106.115877,1777903106.115877,8362
756,24274.530554,1777903106.127004,1777903106.127004,8363
757,24274.541858,1777903106.138131,1777903106.138131,8364
758,24274.552899,1777903106.149260,1777903106.149260,8365
759,24274.563944,1777903106.160387,1777903106.160387,8366
760,24274.575320,1777903106.171514,1777903106.171514,8367
761,24274.586316,1777903106.182642,1777903106.182642,8368
762,24274.597407,1777903106.193769,1777903106.193769,8369
763,24274.608727,1777903106.204896,1777903106.204896,8370
764,24274.619575,1777903106.216024,1777903106.216024,8371
765,24274.630735,1777903106.227151,1777903106.227151,8372
766,24274.642186,1777903106.238279,1777903106.238279,8373
767,24274.653013,1777903106.249407,1777903106.249407,8374
768,24274.664133,1777903106.260534,1777903106.260534,8375
769,24274.675351,1777903106.271661,1777903106.271661,8376
770,24274.686373,1777903106.282789,1777903106.282789,8377
771,24274.697464,1777903106.293916,1777903106.293916,8378
772,24274.708832,1777903106.305043,1777903106.305043,8379
773,24274.719724,1777903106.316171,1777903106.316171,8380
774,24274.730880,1777903106.327299,1777903106.327299,8381
775,24274.742301,1777903106.338426,1777903106.338426,8382
776,24274.753098,1777903106.349553,1777903106.349553,8383
777,24274.764226,1777903106.360681,1777903106.360681,8384
778,24274.775574,1777903106.371808,1777903106.371808,8385
779,24274.786507,1777903106.382935,1777903106.382935,8386
780,24274.797609,1777903106.394063,1777903106.394063,8387
781,24274.808923,1777903106.405190,1777903106.405190,8388
782,24274.819868,1777903106.416318,1777903106.416318,8389
783,24274.831051,1777903106.427446,1777903106.427446,8390
784,24274.842484,1777903106.438573,1777903106.438573,8391
785,24274.853361,1777903106.449700,1777903106.449700,8392
786,24274.864407,1777903106.460828,1777903106.460828,8393
787,24274.875685,1777903106.471955,1777903106.471955,8394
788,24274.886661,1777903106.483082,1777903106.483082,8395
789,24274.897829,1777903106.494210,1777903106.494210,8396
790,24274.908993,1777903106.505337,1777903106.505337,8397
791,24274.920011,1777903106.516465,1777903106.516465,8398
792,24274.931134,1777903106.527593,1777903106.527593,8399
793,24274.942480,1777903106.538720,1777903106.538720,8400
794,24274.953409,1777903106.549847,1777903106.549847,8401
795,24274.964538,1777903106.560975,1777903106.560975,8402
796,24274.975755,1777903106.572102,1777903106.572102,8403
797,24274.987525,1777903106.583229,1777903106.583229,8404
798,24274.997954,1777903106.594357,1777903106.594357,8405
799,24275.009508,1777903106.605484,1777903106.605484,8406
800,24275.020203,1777903106.616611,1777903106.616611,8407
801,24275.031295,1777903106.627740,1777903106.627740,8408
802,24275.042778,1777903106.638867,1777903106.638867,8409
803,24275.053542,1777903106.649994,1777903106.649994,8410
804,24275.064696,1777903106.661122,1777903106.661122,8411
805,24275.075931,1777903106.672249,1777903106.672249,8412
806,24275.086966,1777903106.683376,1777903106.683376,8413
807,24275.098104,1777903106.694504,1777903106.694504,8414
808,24275.109307,1777903106.705631,1777903106.705631,8415
809,24275.120805,1777903106.716758,1777903106.716758,8416
810,24275.131576,1777903106.727886,1777903106.727886,8417
811,24275.142900,1777903106.739014,1777903106.739014,8418
812,24275.153745,1777903106.750141,1777903106.750141,8419
813,24275.165000,1777903106.761268,1777903106.761268,8420
814,24275.176031,1777903106.772396,1777903106.772396,8421
815,24275.187110,1777903106.783523,1777903106.783523,8422
816,24275.198420,1777903106.794650,1777903106.794650,8423
817,24275.209594,1777903106.805778,1777903106.805778,8424
818,24275.220533,1777903106.816905,1777903106.816905,8425
819,24275.231706,1777903106.828032,1777903106.828032,8426
820,24275.242827,1777903106.839161,1777903106.839161,8427
821,24275.253894,1777903106.850288,1777903106.850288,8428
822,24275.265102,1777903106.861415,1777903106.861415,8429
823,24275.276142,1777903106.872543,1777903106.872543,8430
824,24275.287246,1777903106.883670,1777903106.883670,8431
825,24275.298687,1777903106.894797,1777903106.894797,8432
826,24275.309518,1777903106.905925,1777903106.905925,8433
827,24275.320614,1777903106.917053,1777903106.917053,8434
828,24275.332054,1777903106.928180,1777903106.928180,8435
829,24275.342879,1777903106.939308,1777903106.939308,8436
830,24275.353977,1777903106.950435,1777903106.950435,8437
831,24275.365274,1777903106.961562,1777903106.961562,8438
832,24275.376267,1777903106.972690,1777903106.972690,8439
833,24275.387373,1777903106.983817,1777903106.983817,8440
834,24275.398726,1777903106.994944,1777903106.994944,8441
835,24275.409637,1777903107.006072,1777903107.006072,8442
836,24275.420744,1777903107.017199,1777903107.017199,8443
837,24275.432242,1777903107.028327,1777903107.028327,8444
838,24275.443109,1777903107.039455,1777903107.039455,8445
839,24275.454143,1777903107.050581,1777903107.050581,8446
840,24275.465608,1777903107.061709,1777903107.061709,8447
841,24275.476375,1777903107.072837,1777903107.072837,8448
842,24275.487518,1777903107.083964,1777903107.083964,8449
843,24275.498869,1777903107.095091,1777903107.095091,8450
844,24275.509810,1777903107.106219,1777903107.106219,8451
845,24275.520910,1777903107.117346,1777903107.117346,8452
846,24275.532259,1777903107.128473,1777903107.128473,8453
847,24275.543186,1777903107.139601,1777903107.139601,8454
848,24275.554304,1777903107.150728,1777903107.150728,8455
849,24275.565819,1777903107.161856,1777903107.161856,8456
850,24275.576580,1777903107.172984,1777903107.172984,8457
851,24275.587723,1777903107.184111,1777903107.184111,8458
852,24275.599094,1777903107.195238,1777903107.195238,8459
853,24275.609939,1777903107.206365,1777903107.206365,8460
854,24275.621310,1777903107.217493,1777903107.217493,8461
855,24275.632434,1777903107.228620,1777903107.228620,8462
856,24275.643318,1777903107.239747,1777903107.239747,8463
857,24275.654525,1777903107.250875,1777903107.250875,8464
858,24275.665829,1777903107.262003,1777903107.262003,8465
859,24275.676668,1777903107.273130,1777903107.273130,8466
860,24275.687849,1777903107.284258,1777903107.284258,8467
861,24275.699187,1777903107.295385,1777903107.295385,8468
862,24275.710087,1777903107.306512,1777903107.306512,8469
863,24275.721399,1777903107.317640,1777903107.317640,8470
864,24275.732475,1777903107.328767,1777903107.328767,8471
865,24275.743457,1777903107.339894,1777903107.339894,8472
866,24275.754734,1777903107.351022,1777903107.351022,8473
867,24275.765942,1777903107.362149,1777903107.362149,8474
868,24275.776872,1777903107.373277,1777903107.373277,8475
869,24275.787989,1777903107.384405,1777903107.384405,8476
870,24275.799095,1777903107.395532,1777903107.395532,8477
871,24275.810212,1777903107.406659,1777903107.406659,8478
872,24275.821443,1777903107.417787,1777903107.417787,8479
873,24275.832467,1777903107.428914,1777903107.428914,8480
874,24275.843577,1777903107.440041,1777903107.440041,8481
875,24275.854880,1777903107.451169,1777903107.451169,8482
876,24275.865856,1777903107.462296,1777903107.462296,8483
877,24275.877039,1777903107.473423,1777903107.473423,8484
878,24275.888110,1777903107.484551,1777903107.484551,8485
879,24275.899205,1777903107.495678,1777903107.495678,8486
880,24275.910345,1777903107.506805,1777903107.506805,8487
881,24275.921490,1777903107.517933,1777903107.517933,8488
882,24275.932592,1777903107.529061,1777903107.529061,8489
883,24275.943707,1777903107.540188,1777903107.540188,8490
884,24275.955031,1777903107.551316,1777903107.551316,8491
885,24275.965978,1777903107.562443,1777903107.562443,8492
886,24275.977102,1777903107.573570,1777903107.573570,8493
887,24275.988385,1777903107.584698,1777903107.584698,8494
888,24275.999383,1777903107.595825,1777903107.595825,8495
889,24276.010835,1777903107.606952,1777903107.606952,8496
890,24276.021636,1777903107.618080,1777903107.618080,8497
891,24276.032734,1777903107.629207,1777903107.629207,8498
892,24276.043846,1777903107.640334,1777903107.640334,8499
893,24276.055237,1777903107.651461,1777903107.651461,8500
894,24276.066146,1777903107.662589,1777903107.662589,8501
895,24276.077285,1777903107.673716,1777903107.673716,8502
896,24276.088569,1777903107.684844,1777903107.684844,8503
897,24276.099562,1777903107.695971,1777903107.695971,8504
898,24276.110650,1777903107.707099,1777903107.707099,8505
899,24276.121959,1777903107.718225,1777903107.718225,8506
900,24276.132897,1777903107.729354,1777903107.729354,8507
901,24276.144108,1777903107.740481,1777903107.740481,8508
902,24276.155316,1777903107.751608,1777903107.751608,8509
903,24276.166297,1777903107.762736,1777903107.762736,8510
904,24276.177389,1777903107.773863,1777903107.773863,8511
905,24276.188822,1777903107.784990,1777903107.784990,8512
906,24276.199708,1777903107.796118,1777903107.796118,8513
907,24276.210799,1777903107.807245,1777903107.807245,8514
908,24276.222192,1777903107.818372,1777903107.818372,8515
909,24276.233050,1777903107.829500,1777903107.829500,8516
910,24276.244179,1777903107.840627,1777903107.840627,8517
911,24276.255463,1777903107.851754,1777903107.851754,8518
912,24276.266426,1777903107.862883,1777903107.862883,8519
913,24276.277558,1777903107.874010,1777903107.874010,8520
914,24276.288956,1777903107.885137,1777903107.885137,8521
915,24276.299855,1777903107.896265,1777903107.896265,8522
916,24276.311118,1777903107.907392,1777903107.907392,8523
917,24276.322236,1777903107.918519,1777903107.918519,8524
918,24276.333196,1777903107.929647,1777903107.929647,8525
919,24276.344325,1777903107.940774,1777903107.940774,8526
920,24276.355497,1777903107.951901,1777903107.951901,8527
921,24276.366579,1777903107.963029,1777903107.963029,8528
922,24276.377863,1777903107.974156,1777903107.974156,8529
923,24276.388951,1777903107.985283,1777903107.985283,8530
924,24276.400016,1777903107.996411,1777903107.996411,8531
925,24276.411071,1777903108.007538,1777903108.007538,8532
926,24276.422419,1777903108.018666,1777903108.018666,8533
927,24276.433353,1777903108.029794,1777903108.029794,8534
928,24276.444474,1777903108.040921,1777903108.040921,8535
929,24276.455633,1777903108.052047,1777903108.052047,8536
930,24276.466738,1777903108.063175,1777903108.063175,8537
931,24276.477867,1777903108.074303,1777903108.074303,8538
932,24276.489087,1777903108.085430,1777903108.085430,8539
933,24276.500104,1777903108.096557,1777903108.096557,8540
934,24276.511260,1777903108.107685,1777903108.107685,8541
935,24276.522383,1777903108.118812,1777903108.118812,8542
936,24276.533491,1777903108.129939,1777903108.129939,8543
937,24276.544666,1777903108.141067,1777903108.141067,8544
938,24276.555798,1777903108.152194,1777903108.152194,8545
939,24276.566860,1777903108.163321,1777903108.163321,8546
940,24276.577995,1777903108.174449,1777903108.174449,8547
941,24276.589138,1777903108.185576,1777903108.185576,8548
942,24276.600250,1777903108.196703,1777903108.196703,8549
943,24276.611389,1777903108.207832,1777903108.207832,8550
944,24276.622498,1777903108.218958,1777903108.218958,8551
945,24276.633623,1777903108.230085,1777903108.230085,8552
946,24276.644821,1777903108.241214,1777903108.241214,8553
947,24276.655912,1777903108.252341,1777903108.252341,8554
948,24276.667027,1777903108.263468,1777903108.263468,8555
949,24276.678203,1777903108.274596,1777903108.274596,8556
950,24276.689238,1777903108.285723,1777903108.285723,8557
951,24276.700452,1777903108.296850,1777903108.296850,8558
952,24276.711636,1777903108.307978,1777903108.307978,8559
953,24276.722674,1777903108.319105,1777903108.319105,8560
954,24276.733798,1777903108.330232,1777903108.330232,8561
955,24276.744894,1777903108.341360,1777903108.341360,8562
956,24276.756083,1777903108.352487,1777903108.352487,8563
957,24276.767164,1777903108.363614,1777903108.363614,8564
958,24276.778479,1777903108.374742,1777903108.374742,8565
959,24276.789434,1777903108.385869,1777903108.385869,8566
960,24276.800562,1777903108.396996,1777903108.396996,8567
961,24276.811791,1777903108.408124,1777903108.408124,8568
962,24276.822775,1777903108.419251,1777903108.419251,8569
963,24276.833926,1777903108.430378,1777903108.430378,8570
964,24276.845106,1777903108.441506,1777903108.441506,8571
965,24276.856226,1777903108.452633,1777903108.452633,8572
966,24276.867329,1777903108.463760,1777903108.463760,8573
967,24276.878601,1777903108.474888,1777903108.474888,8574
968,24276.889674,1777903108.486015,1777903108.486015,8575
969,24276.900678,1777903108.497142,1777903108.497142,8576
970,24276.912227,1777903108.508270,1777903108.508270,8577
971,24276.922964,1777903108.519397,1777903108.519397,8578
972,24276.934129,1777903108.530524,1777903108.530524,8579
973,24276.945412,1777903108.541651,1777903108.541651,8580
974,24276.956412,1777903108.552779,1777903108.552779,8581
975,24276.967543,1777903108.563906,1777903108.563906,8582
976,24276.978923,1777903108.575033,1777903108.575033,8583
977,24276.989795,1777903108.586161,1777903108.586161,8584
978,24277.000895,1777903108.597288,1777903108.597288,8585
979,24277.012182,1777903108.608415,1777903108.608415,8586
980,24277.023109,1777903108.619544,1777903108.619544,8587
981,24277.034282,1777903108.630670,1777903108.630670,8588
982,24277.045534,1777903108.641797,1777903108.641797,8589
983,24277.056491,1777903108.652925,1777903108.652925,8590
984,24277.067607,1777903108.664052,1777903108.664052,8591
985,24277.078877,1777903108.675179,1777903108.675179,8592
986,24277.089976,1777903108.686307,1777903108.686307,8593
987,24277.101146,1777903108.697434,1777903108.697434,8594
988,24277.112317,1777903108.708561,1777903108.708561,8595
989,24277.123299,1777903108.719689,1777903108.719689,8596
990,24277.134398,1777903108.730816,1777903108.730816,8597
991,24277.145701,1777903108.741943,1777903108.741943,8598
992,24277.156607,1777903108.753072,1777903108.753072,8599
993,24277.167752,1777903108.764199,1777903108.764199,8600
994,24277.178934,1777903108.775326,1777903108.775326,8601
995,24277.190016,1777903108.786453,1777903108.786453,8602
996,24277.201234,1777903108.797580,1777903108.797580,8603
997,24277.212533,1777903108.808707,1777903108.808707,8604
998,24277.223383,1777903108.819835,1777903108.819835,8605
999,24277.234517,1777903108.830962,1777903108.830962,8606
1000,24277.245718,1777903108.842089,1777903108.842089,8607
1001,24277.256772,1777903108.853218,1777903108.853218,8608
1002,24277.268081,1777903108.864345,1777903108.864345,8609
1003,24277.279089,1777903108.875471,1777903108.875471,8610
1004,24277.290139,1777903108.886599,1777903108.886599,8611
1005,24277.301287,1777903108.897727,1777903108.897727,8612
1006,24277.312414,1777903108.908854,1777903108.908854,8613
1007,24277.323519,1777903108.919981,1777903108.919981,8614
1008,24277.334797,1777903108.931108,1777903108.931108,8615
1009,24277.345852,1777903108.942235,1777903108.942235,8616
1010,24277.356935,1777903108.953363,1777903108.953363,8617
1011,24277.368098,1777903108.964490,1777903108.964490,8618
1012,24277.379172,1777903108.975617,1777903108.975617,8619
1013,24277.390378,1777903108.986744,1777903108.986744,8620
1014,24277.401468,1777903108.997873,1777903108.997873,8621
1015,24277.412652,1777903109.009000,1777903109.009000,8622
1016,24277.423732,1777903109.020127,1777903109.020127,8623
1017,24277.435067,1777903109.031254,1777903109.031254,8624
1018,24277.445982,1777903109.042381,1777903109.042381,8625
1019,24277.457131,1777903109.053509,1777903109.053509,8626
1020,24277.468300,1777903109.064636,1777903109.064636,8627
1021,24277.479331,1777903109.075763,1777903109.075763,8628
1022,24277.490477,1777903109.086890,1777903109.086890,8629
1023,24277.501776,1777903109.098018,1777903109.098018,8630
1024,24277.512744,1777903109.109145,1777903109.109145,8631
1025,24277.523843,1777903109.120272,1777903109.120272,8632
1026,24277.534982,1777903109.131400,1777903109.131400,8633
1027,24277.546150,1777903109.142527,1777903109.142527,8634
1028,24277.557211,1777903109.153654,1777903109.153654,8635
1029,24277.568388,1777903109.164783,1777903109.164783,8636
1030,24277.579465,1777903109.175910,1777903109.175910,8637
1031,24277.590602,1777903109.187036,1777903109.187036,8638
1032,24277.601781,1777903109.198164,1777903109.198164,8639
1033,24277.612841,1777903109.209291,1777903109.209291,8640
1034,24277.623957,1777903109.220418,1777903109.220418,8641
1035,24277.635436,1777903109.231546,1777903109.231546,8642
1036,24277.646242,1777903109.242673,1777903109.242673,8643
1037,24277.657366,1777903109.253800,1777903109.253800,8644
1038,24277.668557,1777903109.264928,1777903109.264928,8645
1039,24277.679661,1777903109.276055,1777903109.276055,8646
1040,24277.690748,1777903109.287182,1777903109.287182,8647
1041,24277.701958,1777903109.298310,1777903109.298310,8648
1042,24277.713026,1777903109.309437,1777903109.309437,8649
1043,24277.724117,1777903109.320564,1777903109.320564,8650
1044,24277.735394,1777903109.331692,1777903109.331692,8651
1045,24277.746390,1777903109.342819,1777903109.342819,8652
1046,24277.757498,1777903109.353946,1777903109.353946,8653
1047,24277.768967,1777903109.365074,1777903109.365074,8654
1048,24277.779793,1777903109.376201,1777903109.376201,8655
1049,24277.790866,1777903109.387328,1777903109.387328,8656
1050,24277.802264,1777903109.398456,1777903109.398456,8657
1051,24277.813195,1777903109.409583,1777903109.409583,8658
1052,24277.824277,1777903109.420711,1777903109.420711,8659
1053,24277.835578,1777903109.431837,1777903109.431837,8660
1054,24277.846582,1777903109.442965,1777903109.442965,8661
1055,24277.857654,1777903109.454093,1777903109.454093,8662
1056,24277.869072,1777903109.465219,1777903109.465219,8663
1057,24277.879948,1777903109.476347,1777903109.476347,8664
1058,24277.891086,1777903109.487475,1777903109.487475,8665
1059,24277.902384,1777903109.498602,1777903109.498602,8666
1060,24277.913340,1777903109.509729,1777903109.509729,8667
1061,24277.924601,1777903109.520857,1777903109.520857,8668
1062,24277.935746,1777903109.531984,1777903109.531984,8669
1063,24277.946697,1777903109.543112,1777903109.543112,8670
1064,24277.957814,1777903109.554239,1777903109.554239,8671
1065,24277.969127,1777903109.565366,1777903109.565366,8672
1066,24277.980069,1777903109.576494,1777903109.576494,8673
1067,24277.991222,1777903109.587621,1777903109.587621,8674
1068,24278.002567,1777903109.598748,1777903109.598748,8675
1069,24278.013446,1777903109.609876,1777903109.609876,8676
1070,24278.024874,1777903109.621003,1777903109.621003,8677
1071,24278.035813,1777903109.632130,1777903109.632130,8678
1072,24278.046832,1777903109.643258,1777903109.643258,8679
1073,24278.057980,1777903109.654385,1777903109.654385,8680
1074,24278.069272,1777903109.665512,1777903109.665512,8681
1075,24278.080220,1777903109.676640,1777903109.676640,8682
1076,24278.091345,1777903109.687767,1777903109.687767,8683
1077,24278.102679,1777903109.698894,1777903109.698894,8684
1078,24278.113611,1777903109.710022,1777903109.710022,8685
1079,24278.124749,1777903109.721149,1777903109.721149,8686
1080,24278.135986,1777903109.732276,1777903109.732276,8687
1081,24278.147172,1777903109.743404,1777903109.743404,8688
1082,24278.158428,1777903109.754531,1777903109.754531,8689
1083,24278.169430,1777903109.765658,1777903109.765658,8690
1084,24278.180408,1777903109.776786,1777903109.776786,8691
1085,24278.191657,1777903109.787913,1777903109.787913,8692
1086,24278.202890,1777903109.799040,1777903109.799040,8693
1087,24278.213756,1777903109.810168,1777903109.810168,8694
1088,24278.224973,1777903109.821295,1777903109.821295,8695
1089,24278.235974,1777903109.832422,1777903109.832422,8696
1090,24278.247138,1777903109.843550,1777903109.843550,8697
1091,24278.258456,1777903109.854677,1777903109.854677,8698
1092,24278.269383,1777903109.865804,1777903109.865804,8699
1093,24278.280516,1777903109.876931,1777903109.876931,8700
1094,24278.291785,1777903109.888059,1777903109.888059,8701
1095,24278.302745,1777903109.899186,1777903109.899186,8702
1096,24278.313937,1777903109.910313,1777903109.910313,8703
1097,24278.325097,1777903109.921441,1777903109.921441,8704
1098,24278.336188,1777903109.932568,1777903109.932568,8705
1099,24278.347282,1777903109.943695,1777903109.943695,8706
1100,24278.358571,1777903109.954823,1777903109.954823,8707
1101,24278.369521,1777903109.965950,1777903109.965950,8708
1102,24278.380662,1777903109.977077,1777903109.977077,8709
1103,24278.392093,1777903109.988205,1777903109.988205,8710
1104,24278.402930,1777903109.999332,1777903109.999332,8711
1105,24278.414041,1777903110.010459,1777903110.010459,8712
1106,24278.425366,1777903110.021587,1777903110.021587,8713
1107,24278.436262,1777903110.032714,1777903110.032714,8714
1108,24278.447504,1777903110.043841,1777903110.043841,8715
1109,24278.458628,1777903110.054970,1777903110.054970,8716
1110,24278.469684,1777903110.066097,1777903110.066097,8717
1111,24278.480773,1777903110.077223,1777903110.077223,8718
1112,24278.492214,1777903110.088351,1777903110.088351,8719
1113,24278.503052,1777903110.099478,1777903110.099478,8720
1114,24278.514213,1777903110.110605,1777903110.110605,8721
1115,24278.525581,1777903110.121733,1777903110.121733,8722
1116,24278.536418,1777903110.132860,1777903110.132860,8723
1117,24278.547550,1777903110.143988,1777903110.143988,8724
1118,24278.558836,1777903110.155115,1777903110.155115,8725
1119,24278.569800,1777903110.166242,1777903110.166242,8726
1120,24278.580972,1777903110.177369,1777903110.177369,8727
1121,24278.592225,1777903110.188498,1777903110.188498,8728
1122,24278.603215,1777903110.199625,1777903110.199625,8729
1123,24278.614321,1777903110.210752,1777903110.210752,8730
1124,24278.625439,1777903110.221879,1777903110.221879,8731
1125,24278.636555,1777903110.233006,1777903110.233006,8732
1126,24278.647710,1777903110.244133,1777903110.244133,8733
1127,24278.658850,1777903110.255261,1777903110.255261,8734
1128,24278.669929,1777903110.266388,1777903110.266388,8735
1129,24278.681287,1777903110.277516,1777903110.277516,8736
1130,24278.692262,1777903110.288644,1777903110.288644,8737
1131,24278.703328,1777903110.299771,1777903110.299771,8738
1132,24278.714617,1777903110.310897,1777903110.310897,8739
1133,24278.725675,1777903110.322024,1777903110.322024,8740
1134,24278.736734,1777903110.333153,1777903110.333153,8741
1135,24278.747897,1777903110.344280,1777903110.344280,8742
1136,24278.758993,1777903110.355407,1777903110.355407,8743
1137,24278.770115,1777903110.366535,1777903110.366535,8744
1138,24278.781314,1777903110.377662,1777903110.377662,8745
1139,24278.792389,1777903110.388789,1777903110.388789,8746
1140,24278.803488,1777903110.399917,1777903110.399917,8747
1141,24278.814681,1777903110.411044,1777903110.411044,8748
1142,24278.825755,1777903110.422171,1777903110.422171,8749
1143,24278.836860,1777903110.433300,1777903110.433300,8750
1144,24278.848026,1777903110.444427,1777903110.444427,8751
1145,24278.859126,1777903110.455554,1777903110.455554,8752
1146,24278.870242,1777903110.466682,1777903110.466682,8753
1147,24278.881385,1777903110.477809,1777903110.477809,8754
1148,24278.892517,1777903110.488936,1777903110.488936,8755
1149,24278.903679,1777903110.500064,1777903110.500064,8756
1150,24278.914996,1777903110.511191,1777903110.511191,8757
1151,24278.926027,1777903110.522318,1777903110.522318,8758
1152,24278.937036,1777903110.533447,1777903110.533447,8759
1153,24278.948334,1777903110.544574,1777903110.544574,8760
1154,24278.959297,1777903110.555701,1777903110.555701,8761
1155,24278.970416,1777903110.566829,1777903110.566829,8762
1156,24278.981630,1777903110.577956,1777903110.577956,8763
1157,24278.992676,1777903110.589083,1777903110.589083,8764
1158,24279.003815,1777903110.600211,1777903110.600211,8765
1159,24279.015150,1777903110.611338,1777903110.611338,8766
1160,24279.026033,1777903110.622465,1777903110.622465,8767
1161,24279.037168,1777903110.633594,1777903110.633594,8768
1162,24279.048411,1777903110.644721,1777903110.644721,8769
1163,24279.059464,1777903110.655848,1777903110.655848,8770
1164,24279.070535,1777903110.666976,1777903110.666976,8771
1165,24279.081770,1777903110.678103,1777903110.678103,8772
1166,24279.092806,1777903110.689230,1777903110.689230,8773
1167,24279.103947,1777903110.700358,1777903110.700358,8774
1168,24279.115219,1777903110.711485,1777903110.711485,8775
1169,24279.126171,1777903110.722613,1777903110.722613,8776
1170,24279.137294,1777903110.733741,1777903110.733741,8777
1171,24279.148730,1777903110.744868,1777903110.744868,8778
1172,24279.159571,1777903110.755995,1777903110.755995,8779
1173,24279.170722,1777903110.767122,1777903110.767122,8780
1174,24279.181865,1777903110.778250,1777903110.778250,8781
1175,24279.192918,1777903110.789377,1777903110.789377,8782
1176,24279.204081,1777903110.800504,1777903110.800504,8783
1177,24279.215367,1777903110.811633,1777903110.811633,8784
1178,24279.226382,1777903110.822760,1777903110.822760,8785
1179,24279.237470,1777903110.833887,1777903110.833887,8786
1180,24279.249168,1777903110.845015,1777903110.845015,8787
1181,24279.260127,1777903110.856142,1777903110.856142,8788
1182,24279.270879,1777903110.867269,1777903110.867269,8789
1183,24279.282252,1777903110.878397,1777903110.878397,8790
1184,24279.293142,1777903110.889524,1777903110.889524,8791
1185,24279.304274,1777903110.900651,1777903110.900651,8792
1186,24279.315674,1777903110.911780,1777903110.911780,8793
1187,24279.326502,1777903110.922907,1777903110.922907,8794
1188,24279.337622,1777903110.934034,1777903110.934034,8795
1189,24279.349076,1777903110.945162,1777903110.945162,8796
1190,24279.359881,1777903110.956289,1777903110.956289,8797
1191,24279.370999,1777903110.967416,1777903110.967416,8798
1192,24279.382225,1777903110.978544,1777903110.978544,8799
1193,24279.393313,1777903110.989671,1777903110.989671,8800
1194,24279.404563,1777903111.000799,1777903111.000799,8801
1195,24279.415582,1777903111.011927,1777903111.011927,8802
1196,24279.426642,1777903111.023054,1777903111.023054,8803
1197,24279.437768,1777903111.034181,1777903111.034181,8804
1198,24279.448925,1777903111.045309,1777903111.045309,8805
1199,24279.460047,1777903111.056436,1777903111.056436,8806
1200,24279.482303,1777903111.078691,1777903111.078691,8808
1201,24279.493440,1777903111.089819,1777903111.089819,8809
1202,24279.504588,1777903111.100946,1777903111.100946,8810
1203,24279.515694,1777903111.112074,1777903111.112074,8811
1204,24279.526790,1777903111.123201,1777903111.123201,8812
1205,24279.537953,1777903111.134328,1777903111.134328,8813
1206,24279.549050,1777903111.145456,1777903111.145456,8814
1207,24279.560232,1777903111.156583,1777903111.156583,8815
1208,24279.571326,1777903111.167711,1777903111.167711,8816
1209,24279.582482,1777903111.178839,1777903111.178839,8817
1210,24279.593570,1777903111.189966,1777903111.189966,8818
1211,24279.604855,1777903111.201093,1777903111.201093,8819
1212,24279.615912,1777903111.212220,1777903111.212220,8820
1213,24279.626990,1777903111.223348,1777903111.223348,8821
1214,24279.638265,1777903111.234475,1777903111.234475,8822
1215,24279.649193,1777903111.245602,1777903111.245602,8823
1216,24279.660346,1777903111.256731,1777903111.256731,8824
1217,24279.671589,1777903111.267858,1777903111.267858,8825
1218,24279.682612,1777903111.278985,1777903111.278985,8826
1219,24279.693659,1777903111.290113,1777903111.290113,8827
1220,24279.704911,1777903111.301240,1777903111.301240,8828
1221,24279.715980,1777903111.312367,1777903111.312367,8829
1222,24279.727040,1777903111.323495,1777903111.323495,8830
1223,24279.738371,1777903111.334622,1777903111.334622,8831
1224,24279.749314,1777903111.345750,1777903111.345750,8832
1225,24279.760438,1777903111.356877,1777903111.356877,8833
1226,24279.771642,1777903111.368005,1777903111.368005,8834
1227,24279.782659,1777903111.379132,1777903111.379132,8835
1228,24279.793817,1777903111.390260,1777903111.390260,8836
1229,24279.805106,1777903111.401387,1777903111.401387,8837
1230,24279.816094,1777903111.412514,1777903111.412514,8838
1231,24279.827255,1777903111.423642,1777903111.423642,8839
1232,24279.838345,1777903111.434769,1777903111.434769,8840
1233,24279.849562,1777903111.445896,1777903111.445896,8841
1234,24279.860625,1777903111.457024,1777903111.457024,8842
1235,24279.871772,1777903111.468151,1777903111.468151,8843
1236,24279.882870,1777903111.479278,1777903111.479278,8844
1237,24279.894016,1777903111.490406,1777903111.490406,8845
1238,24279.905243,1777903111.501533,1777903111.501533,8846
1239,24279.916320,1777903111.512660,1777903111.512660,8847
1240,24279.927421,1777903111.523788,1777903111.523788,8848
1241,24279.938692,1777903111.534915,1777903111.534915,8849
1242,24279.949647,1777903111.546042,1777903111.546042,8850
1243,24279.960762,1777903111.557170,1777903111.557170,8851
1244,24279.972041,1777903111.568297,1777903111.568297,8852
1245,24279.983037,1777903111.579424,1777903111.579424,8853
1246,24279.994200,1777903111.590552,1777903111.590552,8854
1247,24280.005607,1777903111.601679,1777903111.601679,8855
1248,24280.016408,1777903111.612806,1777903111.612806,8856
1249,24280.027561,1777903111.623934,1777903111.623934,8857
1250,24280.038782,1777903111.635061,1777903111.635061,8858
1251,24280.049795,1777903111.646188,1777903111.646188,8859
1252,24280.060893,1777903111.657315,1777903111.657315,8860
1253,24280.072464,1777903111.668443,1777903111.668443,8861
1254,24280.083204,1777903111.679570,1777903111.679570,8862
1255,24280.094332,1777903111.690697,1777903111.690697,8863
1256,24280.105863,1777903111.701825,1777903111.701825,8864
1257,24280.116550,1777903111.712952,1777903111.712952,8865
1258,24280.127705,1777903111.724079,1777903111.724079,8866
1259,24280.139031,1777903111.735207,1777903111.735207,8867
1260,24280.149927,1777903111.746335,1777903111.746335,8868
1261,24280.161168,1777903111.757461,1777903111.757461,8869
1262,24280.172519,1777903111.768589,1777903111.768589,8870
1263,24280.183712,1777903111.779716,1777903111.779716,8871
1264,24280.194429,1777903111.790843,1777903111.790843,8872
1265,24280.205712,1777903111.801971,1777903111.801971,8873
1266,24280.216656,1777903111.813099,1777903111.813099,8874
1267,24280.227788,1777903111.824226,1777903111.824226,8875
1268,24280.239037,1777903111.835354,1777903111.835354,8876
1269,24280.250093,1777903111.846480,1777903111.846480,8877
1270,24280.261208,1777903111.857608,1777903111.857608,8878
1271,24280.272583,1777903111.868736,1777903111.868736,8879
1272,24280.283440,1777903111.879863,1777903111.879863,8880
1273,24280.294697,1777903111.890990,1777903111.890990,8881
1274,24280.305873,1777903111.902118,1777903111.902118,8882
1275,24280.316799,1777903111.913245,1777903111.913245,8883
1276,24280.327968,1777903111.924372,1777903111.924372,8884
1277,24280.339151,1777903111.935500,1777903111.935500,8885
1278,24280.350222,1777903111.946627,1777903111.946627,8886
1279,24280.361375,1777903111.957754,1777903111.957754,8887
1280,24280.372570,1777903111.968882,1777903111.968882,8888
1281,24280.383579,1777903111.980009,1777903111.980009,8889
1282,24280.394791,1777903111.991136,1777903111.991136,8890
1283,24280.405973,1777903112.002264,1777903112.002264,8891
1284,24280.416967,1777903112.013391,1777903112.013391,8892
1285,24280.428190,1777903112.024518,1777903112.024518,8893
1286,24280.439270,1777903112.035646,1777903112.035646,8894
1287,24280.450351,1777903112.046773,1777903112.046773,8895
1288,24280.461823,1777903112.057900,1777903112.057900,8896
1289,24280.472639,1777903112.069028,1777903112.069028,8897
1290,24280.483751,1777903112.080155,1777903112.080155,8898
1291,24280.494861,1777903112.091282,1777903112.091282,8899
1292,24280.506025,1777903112.102409,1777903112.102409,8900
1293,24280.517188,1777903112.113537,1777903112.113537,8901
1294,24280.528489,1777903112.124664,1777903112.124664,8902
1295,24280.539407,1777903112.135791,1777903112.135791,8903
1296,24280.550497,1777903112.146919,1777903112.146919,8904
1297,24280.561829,1777903112.158046,1777903112.158046,8905
1298,24280.572735,1777903112.169173,1777903112.169173,8906
1299,24280.583854,1777903112.180301,1777903112.180301,8907
1300,24280.595264,1777903112.191428,1777903112.191428,8908
1301,24280.606149,1777903112.202555,1777903112.202555,8909
1302,24280.617263,1777903112.213683,1777903112.213683,8910
1303,24280.628504,1777903112.224810,1777903112.224810,8911
1304,24280.639470,1777903112.235937,1777903112.235937,8912
1305,24280.650654,1777903112.247065,1777903112.247065,8913
1306,24280.661802,1777903112.258192,1777903112.258192,8914
1307,24280.672890,1777903112.269319,1777903112.269319,8915
1308,24280.684020,1777903112.280447,1777903112.280447,8916
1309,24280.695388,1777903112.291574,1777903112.291574,8917
1310,24280.706351,1777903112.302701,1777903112.302701,8918
1311,24280.717518,1777903112.313829,1777903112.313829,8919
1312,24280.728788,1777903112.324956,1777903112.324956,8920
1313,24280.739683,1777903112.336083,1777903112.336083,8921
1314,24280.750799,1777903112.347211,1777903112.347211,8922
1315,24280.762133,1777903112.358338,1777903112.358338,8923
1316,24280.773090,1777903112.369465,1777903112.369465,8924
1317,24280.784190,1777903112.380594,1777903112.380594,8925
1318,24280.795551,1777903112.391721,1777903112.391721,8926
1319,24280.806435,1777903112.402848,1777903112.402848,8927
1320,24280.817558,1777903112.413975,1777903112.413975,8928
1321,24280.828840,1777903112.425102,1777903112.425102,8929
1322,24280.839800,1777903112.436229,1777903112.436229,8930
1323,24280.850938,1777903112.447358,1777903112.447358,8931
1324,24280.862175,1777903112.458485,1777903112.458485,8932
1325,24280.873245,1777903112.469612,1777903112.469612,8933
1326,24280.884422,1777903112.480740,1777903112.480740,8934
1327,24280.895642,1777903112.491867,1777903112.491867,8935
1328,24280.906560,1777903112.502994,1777903112.502994,8936
1329,24280.917708,1777903112.514122,1777903112.514122,8937
1330,24280.928941,1777903112.525249,1777903112.525249,8938
1331,24280.939924,1777903112.536376,1777903112.536376,8939
1332,24280.951099,1777903112.547503,1777903112.547503,8940
1333,24280.962258,1777903112.558631,1777903112.558631,8941
1334,24280.973354,1777903112.569758,1777903112.569758,8942
1335,24280.984537,1777903112.580885,1777903112.580885,8943
1336,24280.995597,1777903112.592013,1777903112.592013,8944
1337,24281.006758,1777903112.603140,1777903112.603140,8945
1338,24281.017940,1777903112.614267,1777903112.614267,8946
1339,24281.029018,1777903112.625395,1777903112.625395,8947
1340,24281.040099,1777903112.636522,1777903112.636522,8948
1341,24281.051320,1777903112.647649,1777903112.647649,8949
1342,24281.062385,1777903112.658777,1777903112.658777,8950
1343,24281.073481,1777903112.669904,1777903112.669904,8951
1344,24281.084744,1777903112.681031,1777903112.681031,8952
1345,24281.095758,1777903112.692159,1777903112.692159,8953
1346,24281.106860,1777903112.703286,1777903112.703286,8954
1347,24281.117995,1777903112.714413,1777903112.714413,8955
1348,24281.129151,1777903112.725542,1777903112.725542,8956
1349,24281.140277,1777903112.736668,1777903112.736668,8957
1350,24281.151512,1777903112.747795,1777903112.747795,8958
1351,24281.162498,1777903112.758924,1777903112.758924,8959
1352,24281.173620,1777903112.770051,1777903112.770051,8960
1353,24281.184889,1777903112.781178,1777903112.781178,8961
1354,24281.196256,1777903112.792306,1777903112.792306,8962
1355,24281.207034,1777903112.803433,1777903112.803433,8963
1356,24281.218273,1777903112.814559,1777903112.814559,8964
1357,24281.229294,1777903112.825688,1777903112.825688,8965
1358,24281.240416,1777903112.836815,1777903112.836815,8966
1359,24281.251508,1777903112.847942,1777903112.847942,8967
1360,24281.262911,1777903112.859070,1777903112.859070,8968
1361,24281.273771,1777903112.870197,1777903112.870197,8969
1362,24281.285111,1777903112.881324,1777903112.881324,8970
1363,24281.296063,1777903112.892452,1777903112.892452,8971
1364,24281.307161,1777903112.903579,1777903112.903579,8972
1365,24281.318709,1777903112.914706,1777903112.914706,8973
1366,24281.329408,1777903112.925834,1777903112.925834,8974
1367,24281.340526,1777903112.936961,1777903112.936961,8975
1368,24281.351847,1777903112.948088,1777903112.948088,8976
1369,24281.362782,1777903112.959216,1777903112.959216,8977
1370,24281.373911,1777903112.970343,1777903112.970343,8978
1371,24281.385179,1777903112.981470,1777903112.981470,8979
1372,24281.396204,1777903112.992597,1777903112.992597,8980
1373,24281.407325,1777903113.003725,1777903113.003725,8981
1374,24281.418650,1777903113.014852,1777903113.014852,8982
1375,24281.429580,1777903113.025979,1777903113.025979,8983
1376,24281.440724,1777903113.037107,1777903113.037107,8984
1377,24281.452051,1777903113.048234,1777903113.048234,8985
1378,24281.462948,1777903113.059361,1777903113.059361,8986
1379,24281.474085,1777903113.070489,1777903113.070489,8987
1380,24281.485374,1777903113.081616,1777903113.081616,8988
1381,24281.496350,1777903113.092743,1777903113.092743,8989
1382,24281.507478,1777903113.103871,1777903113.103871,8990
1383,24281.518832,1777903113.114998,1777903113.114998,8991
1384,24281.529768,1777903113.126125,1777903113.126125,8992
1385,24281.540975,1777903113.137254,1777903113.137254,8993
1386,24281.552270,1777903113.148380,1777903113.148380,8994
1387,24281.563094,1777903113.159507,1777903113.159507,8995
1388,24281.574225,1777903113.170635,1777903113.170635,8996
1389,24281.585473,1777903113.181762,1777903113.181762,8997
1390,24281.596456,1777903113.192889,1777903113.192889,8998
1391,24281.607630,1777903113.204017,1777903113.204017,8999
1392,24281.618902,1777903113.215145,1777903113.215145,9000
1393,24281.629883,1777903113.226271,1777903113.226271,9001
1394,24281.640993,1777903113.237399,1777903113.237399,9002
1395,24281.652335,1777903113.248527,1777903113.248527,9003
1396,24281.663248,1777903113.259654,1777903113.259654,9004
1397,24281.674372,1777903113.270782,1777903113.270782,9005
1398,24281.685529,1777903113.281909,1777903113.281909,9006
1399,24281.696611,1777903113.293036,1777903113.293036,9007
1400,24281.707864,1777903113.304163,1777903113.304163,9008
1401,24281.718891,1777903113.315290,1777903113.315290,9009
1402,24281.730109,1777903113.326418,1777903113.326418,9010
1403,24281.741129,1777903113.337546,1777903113.337546,9011
1404,24281.752438,1777903113.348673,1777903113.348673,9012
1405,24281.763406,1777903113.359800,1777903113.359800,9013
1406,24281.774545,1777903113.370928,1777903113.370928,9014
1407,24281.785757,1777903113.382055,1777903113.382055,9015
1408,24281.796891,1777903113.393182,1777903113.393182,9016
1409,24281.808188,1777903113.404310,1777903113.404310,9017
1410,24281.819232,1777903113.415438,1777903113.415438,9018
1411,24281.830233,1777903113.426565,1777903113.426565,9019
1412,24281.841318,1777903113.437692,1777903113.437692,9020
1413,24281.852447,1777903113.448820,1777903113.448820,9021
1414,24281.863546,1777903113.459947,1777903113.459947,9022
1415,24281.874701,1777903113.471075,1777903113.471075,9023
1416,24281.896931,1777903113.493330,1777903113.493330,9025
1417,24281.908152,1777903113.504457,1777903113.504457,9026
1418,24281.919210,1777903113.515585,1777903113.515585,9027
1419,24281.930307,1777903113.526712,1777903113.526712,9028
1420,24281.941604,1777903113.537839,1777903113.537839,9029
1421,24281.952577,1777903113.548968,1777903113.548968,9030
1422,24281.963677,1777903113.560095,1777903113.560095,9031
1423,24281.974960,1777903113.571222,1777903113.571222,9032
1424,24281.985933,1777903113.582350,1777903113.582350,9033
1425,24281.997056,1777903113.593477,1777903113.593477,9034
1426,24282.008270,1777903113.604604,1777903113.604604,9035
1427,24282.019369,1777903113.615732,1777903113.615732,9036
1428,24282.030447,1777903113.626860,1777903113.626860,9037
1429,24282.041735,1777903113.637987,1777903113.637987,9038
1430,24282.052978,1777903113.649115,1777903113.649115,9039
1431,24282.063871,1777903113.660242,1777903113.660242,9040
1432,24282.075187,1777903113.671369,1777903113.671369,9041
1433,24282.086113,1777903113.682497,1777903113.682497,9042
1434,24282.097290,1777903113.693624,1777903113.693624,9043
1435,24282.108406,1777903113.704752,1777903113.704752,9044
1436,24282.119502,1777903113.715880,1777903113.715880,9045
1437,24282.130673,1777903113.727007,1777903113.727007,9046
1438,24282.142095,1777903113.738134,1777903113.738134,9047
1439,24282.152889,1777903113.749262,1777903113.749262,9048
1440,24282.164022,1777903113.760389,1777903113.760389,9049
1441,24282.175428,1777903113.771517,1777903113.771517,9050
1442,24282.186249,1777903113.782645,1777903113.782645,9051
1443,24282.197386,1777903113.793772,1777903113.793772,9052
1444,24282.208766,1777903113.804899,1777903113.804899,9053
1445,24282.219637,1777903113.816027,1777903113.816027,9054
1446,24282.230812,1777903113.827155,1777903113.827155,9055
1447,24282.242140,1777903113.838281,1777903113.838281,9056
1448,24282.253025,1777903113.849410,1777903113.849410,9057
1449,24282.264329,1777903113.860537,1777903113.860537,9058
1450,24282.275775,1777903113.871664,1777903113.871664,9059
1451,24282.286415,1777903113.882791,1777903113.882791,9060
1452,24282.297772,1777903113.893919,1777903113.893919,9061
1453,24282.308857,1777903113.905047,1777903113.905047,9062
1454,24282.319875,1777903113.916174,1777903113.916174,9063
1455,24282.331510,1777903113.927302,1777903113.927302,9064
1456,24282.342165,1777903113.938429,1777903113.938429,9065
1457,24282.353214,1777903113.949556,1777903113.949556,9066
1458,24282.364326,1777903113.960684,1777903113.960684,9067
1459,24282.375787,1777903113.971812,1777903113.971812,9068
1460,24282.386566,1777903113.982939,1777903113.982939,9069
1461,24282.397748,1777903113.994067,1777903113.994067,9070
1462,24282.408923,1777903114.005194,1777903114.005194,9071
1463,24282.419900,1777903114.016321,1777903114.016321,9072
1464,24282.431243,1777903114.027449,1777903114.027449,9073
1465,24282.442255,1777903114.038576,1777903114.038576,9074
1466,24282.453326,1777903114.049704,1777903114.049704,9075
1467,24282.464418,1777903114.060832,1777903114.060832,9076
1468,24282.475577,1777903114.071959,1777903114.071959,9077
1469,24282.486644,1777903114.083086,1777903114.083086,9078
1470,24282.497777,1777903114.094214,1777903114.094214,9079
1471,24282.509172,1777903114.105341,1777903114.105341,9080
1472,24282.520057,1777903114.116468,1777903114.116468,9081
1473,24282.531291,1777903114.127597,1777903114.127597,9082
1474,24282.553460,1777903114.149851,1777903114.149851,9084
1475,24282.564579,1777903114.160979,1777903114.160979,9085
1476,24282.575741,1777903114.172107,1777903114.172107,9086
1477,24282.586804,1777903114.183234,1777903114.183234,9087
1478,24282.598064,1777903114.194362,1777903114.194362,9088
1479,24282.609089,1777903114.205489,1777903114.205489,9089
1480,24282.620210,1777903114.216616,1777903114.216616,9090
1481,24282.631381,1777903114.227744,1777903114.227744,9091
1482,24282.642446,1777903114.238871,1777903114.238871,9092
1483,24282.653577,1777903114.249999,1777903114.249999,9093
1484,24282.664875,1777903114.261127,1777903114.261127,9094
1485,24282.675866,1777903114.272254,1777903114.272254,9095
1486,24282.686974,1777903114.283381,1777903114.283381,9096
1487,24282.698261,1777903114.294509,1777903114.294509,9097
1488,24282.709256,1777903114.305636,1777903114.305636,9098
1489,24282.720386,1777903114.316763,1777903114.316763,9099
1490,24282.731652,1777903114.327891,1777903114.327891,9100
1491,24282.742653,1777903114.339019,1777903114.339019,9101
1492,24282.753750,1777903114.350146,1777903114.350146,9102
1493,24282.764997,1777903114.361273,1777903114.361273,9103
1494,24282.776017,1777903114.372401,1777903114.372401,9104
1495,24282.787225,1777903114.383528,1777903114.383528,9105
1496,24282.798416,1777903114.394655,1777903114.394655,9106
1497,24282.809413,1777903114.405783,1777903114.405783,9107
1498,24282.820504,1777903114.416910,1777903114.416910,9108
1499,24282.831765,1777903114.428037,1777903114.428037,9109
1500,24282.842803,1777903114.439166,1777903114.439166,9110
1501,24282.853882,1777903114.450293,1777903114.450293,9111
1502,24282.865221,1777903114.461420,1777903114.461420,9112
1503,24282.876185,1777903114.472548,1777903114.472548,9113
1504,24282.887314,1777903114.483675,1777903114.483675,9114
1505,24282.898466,1777903114.494802,1777903114.494802,9115
1506,24282.909555,1777903114.505930,1777903114.505930,9116
1507,24282.920689,1777903114.517057,1777903114.517057,9117
1508,24282.931854,1777903114.528184,1777903114.528184,9118
1509,24282.942945,1777903114.539312,1777903114.539312,9119
1510,24282.954047,1777903114.550439,1777903114.550439,9120
1511,24282.965245,1777903114.561566,1777903114.561566,9121
1512,24282.976323,1777903114.572694,1777903114.572694,9122
1513,24282.987470,1777903114.583821,1777903114.583821,9123
1514,24282.998883,1777903114.594949,1777903114.594949,9124
1515,24283.009685,1777903114.606076,1777903114.606076,9125
1516,24283.020828,1777903114.617204,1777903114.617204,9126
1517,24283.032255,1777903114.628330,1777903114.628330,9127
1518,24283.043073,1777903114.639459,1777903114.639459,9128
1519,24283.054233,1777903114.650586,1777903114.650586,9129
1520,24283.065606,1777903114.661713,1777903114.661713,9130
1521,24283.076477,1777903114.672841,1777903114.672841,9131
1522,24283.087772,1777903114.683968,1777903114.683968,9132
1523,24283.098787,1777903114.695095,1777903114.695095,9133
1524,24283.109828,1777903114.706223,1777903114.706223,9134
1525,24283.120921,1777903114.717350,1777903114.717350,9135
1526,24283.132289,1777903114.728477,1777903114.728477,9136
1527,24283.143187,1777903114.739605,1777903114.739605,9137
1528,24283.154355,1777903114.750732,1777903114.750732,9138
1529,24283.165587,1777903114.761859,1777903114.761859,9139
1530,24283.176634,1777903114.772987,1777903114.772987,9140
1531,24283.187709,1777903114.784115,1777903114.784115,9141
1532,24283.199010,1777903114.795242,1777903114.795242,9142
1533,24283.209938,1777903114.806369,1777903114.806369,9143
1534,24283.221152,1777903114.817497,1777903114.817497,9144
1535,24283.232386,1777903114.828624,1777903114.828624,9145
1536,24283.243322,1777903114.839751,1777903114.839751,9146
1537,24283.254566,1777903114.850879,1777903114.850879,9147
1538,24283.265652,1777903114.862006,1777903114.862006,9148
1539,24283.276804,1777903114.873133,1777903114.873133,9149
1540,24283.287965,1777903114.884261,1777903114.884261,9150
1541,24283.299117,1777903114.895388,1777903114.895388,9151
1542,24283.310134,1777903114.906515,1777903114.906515,9152
1543,24283.321388,1777903114.917644,1777903114.917644,9153
1544,24283.332456,1777903114.928771,1777903114.928771,9154
1545,24283.343543,1777903114.939898,1777903114.939898,9155
1546,24283.354793,1777903114.951026,1777903114.951026,9156
1547,24283.365955,1777903114.962153,1777903114.962153,9157
1548,24283.376891,1777903114.973280,1777903114.973280,9158
1549,24283.388099,1777903114.984408,1777903114.984408,9159
1550,24283.399191,1777903114.995535,1777903114.995535,9160
1551,24283.410305,1777903115.006662,1777903115.006662,9161
1552,24283.421425,1777903115.017790,1777903115.017790,9162
1553,24283.432591,1777903115.028917,1777903115.028917,9163
1554,24283.443710,1777903115.040044,1777903115.040044,9164
1555,24283.454934,1777903115.051172,1777903115.051172,9165
1556,24283.465955,1777903115.062299,1777903115.062299,9166
1557,24283.477057,1777903115.073426,1777903115.073426,9167
1558,24283.488406,1777903115.084554,1777903115.084554,9168
1559,24283.499324,1777903115.095682,1777903115.095682,9169
1560,24283.510378,1777903115.106809,1777903115.106809,9170
1561,24283.521659,1777903115.117937,1777903115.117937,9171
1562,24283.532676,1777903115.129064,1777903115.129064,9172
1563,24283.543787,1777903115.140191,1777903115.140191,9173
1564,24283.554960,1777903115.151319,1777903115.151319,9174
1565,24283.566048,1777903115.162446,1777903115.162446,9175
1566,24283.577176,1777903115.173573,1777903115.173573,9176
1567,24283.588318,1777903115.184701,1777903115.184701,9177
1568,24283.599401,1777903115.195828,1777903115.195828,9178
1569,24283.610552,1777903115.206955,1777903115.206955,9179
1570,24283.622038,1777903115.218082,1777903115.218082,9180
1571,24283.632799,1777903115.229210,1777903115.229210,9181
1572,24283.643960,1777903115.240337,1777903115.240337,9182
1573,24283.655265,1777903115.251465,1777903115.251465,9183
1574,24283.666218,1777903115.262593,1777903115.262593,9184
1575,24283.677403,1777903115.273720,1777903115.273720,9185
1576,24283.688555,1777903115.284847,1777903115.284847,9186
1577,24283.699552,1777903115.295975,1777903115.295975,9187
1578,24283.710673,1777903115.307102,1777903115.307102,9188
1579,24283.721979,1777903115.318229,1777903115.318229,9189
1580,24283.732943,1777903115.329357,1777903115.329357,9190
1581,24283.744115,1777903115.340484,1777903115.340484,9191
1582,24283.755457,1777903115.351611,1777903115.351611,9192
1583,24283.766380,1777903115.362740,1777903115.362740,9193
1584,24283.777479,1777903115.373867,1777903115.373867,9194
1585,24283.788772,1777903115.384994,1777903115.384994,9195
1586,24283.799737,1777903115.396122,1777903115.396122,9196
1587,24283.810880,1777903115.407249,1777903115.407249,9197
1588,24283.822139,1777903115.418376,1777903115.418376,9198
1589,24283.833189,1777903115.429504,1777903115.429504,9199
1590,24283.844279,1777903115.440632,1777903115.440632,9200
1591,24283.855563,1777903115.451759,1777903115.451759,9201
1592,24283.866499,1777903115.462887,1777903115.462887,9202
1593,24283.877627,1777903115.474014,1777903115.474014,9203
1594,24283.888779,1777903115.485141,1777903115.485141,9204
1595,24283.899875,1777903115.496269,1777903115.496269,9205
1596,24283.911078,1777903115.507397,1777903115.507397,9206
1597,24283.922249,1777903115.518524,1777903115.518524,9207
1598,24283.933287,1777903115.529652,1777903115.529652,9208
1599,24283.944364,1777903115.540779,1777903115.540779,9209
1600,24283.955670,1777903115.551907,1777903115.551907,9210
1601,24283.966612,1777903115.563035,1777903115.563035,9211
1602,24283.977750,1777903115.574162,1777903115.574162,9212
1603,24283.988915,1777903115.585289,1777903115.585289,9213
1604,24284.000008,1777903115.596417,1777903115.596417,9214
1605,24284.011120,1777903115.607544,1777903115.607544,9215
1606,24284.022234,1777903115.618672,1777903115.618672,9216
1607,24284.033375,1777903115.629800,1777903115.629800,9217
1608,24284.044565,1777903115.640927,1777903115.640927,9218
1609,24284.055640,1777903115.652054,1777903115.652054,9219
1610,24284.066770,1777903115.663181,1777903115.663181,9220
1611,24284.077957,1777903115.674309,1777903115.674309,9221
1612,24284.089058,1777903115.685437,1777903115.685437,9222
1613,24284.100137,1777903115.696564,1777903115.696564,9223
1614,24284.111258,1777903115.707692,1777903115.707692,9224
1615,24284.122419,1777903115.718819,1777903115.718819,9225
1616,24284.133501,1777903115.729947,1777903115.729947,9226
1617,24284.144655,1777903115.741075,1777903115.741075,9227
1618,24284.155972,1777903115.752202,1777903115.752202,9228
1619,24284.166903,1777903115.763329,1777903115.763329,9229
1620,24284.178160,1777903115.774457,1777903115.774457,9230
1621,24284.189171,1777903115.785584,1777903115.785584,9231
1622,24284.200294,1777903115.796712,1777903115.796712,9232
1623,24284.211608,1777903115.807840,1777903115.807840,9233
1624,24284.222545,1777903115.818967,1777903115.818967,9234
1625,24284.233683,1777903115.830094,1777903115.830094,9235
1626,24284.244960,1777903115.841223,1777903115.841223,9236
1627,24284.255935,1777903115.852350,1777903115.852350,9237
1628,24284.267075,1777903115.863477,1777903115.863477,9238
1629,24284.278390,1777903115.874605,1777903115.874605,9239
1630,24284.289310,1777903115.885732,1777903115.885732,9240
1631,24284.300438,1777903115.896859,1777903115.896859,9241
1632,24284.311617,1777903115.907988,1777903115.907988,9242
1633,24284.322683,1777903115.919115,1777903115.919115,9243
1634,24284.333835,1777903115.930242,1777903115.930242,9244
1635,24284.345112,1777903115.941370,1777903115.941370,9245
1636,24284.356096,1777903115.952497,1777903115.952497,9246
1637,24284.367249,1777903115.963624,1777903115.963624,9247
1638,24284.378674,1777903115.974753,1777903115.974753,9248
1639,24284.389496,1777903115.985880,1777903115.985880,9249
1640,24284.400578,1777903115.997007,1777903115.997007,9250
1641,24284.411746,1777903116.008135,1777903116.008135,9251
1642,24284.422858,1777903116.019263,1777903116.019263,9252
1643,24284.433985,1777903116.030390,1777903116.030390,9253
1644,24284.445146,1777903116.041518,1777903116.041518,9254
1645,24284.456213,1777903116.052645,1777903116.052645,9255
1646,24284.467335,1777903116.063772,1777903116.063772,9256
1647,24284.478700,1777903116.074901,1777903116.074901,9257
1648,24284.489600,1777903116.086028,1777903116.086028,9258
1649,24284.500698,1777903116.097155,1777903116.097155,9259
1650,24284.512014,1777903116.108282,1777903116.108282,9260
1651,24284.522974,1777903116.119411,1777903116.119411,9261
1652,24284.534135,1777903116.130538,1777903116.130538,9262
1653,24284.545398,1777903116.141665,1777903116.141665,9263
1654,24284.556488,1777903116.152793,1777903116.152793,9264
1655,24284.567484,1777903116.163920,1777903116.163920,9265
1656,24284.578842,1777903116.175047,1777903116.175047,9266
1657,24284.589799,1777903116.186176,1777903116.186176,9267
1658,24284.600874,1777903116.197303,1777903116.197303,9268
1659,24284.612213,1777903116.208430,1777903116.208430,9269
1660,24284.623175,1777903116.219558,1777903116.219558,9270
1661,24284.634297,1777903116.230685,1777903116.230685,9271
1662,24284.645513,1777903116.241812,1777903116.241812,9272
1663,24284.656557,1777903116.252941,1777903116.252941,9273
1664,24284.667651,1777903116.264068,1777903116.264068,9274
1665,24284.679012,1777903116.275195,1777903116.275195,9275
1666,24284.689920,1777903116.286323,1777903116.286323,9276
1667,24284.701074,1777903116.297451,1777903116.297451,9277
1668,24284.712260,1777903116.308578,1777903116.308578,9278
1669,24284.723289,1777903116.319706,1777903116.319706,9279
1670,24284.734448,1777903116.330833,1777903116.330833,9280
1671,24284.745557,1777903116.341960,1777903116.341960,9281
1672,24284.756751,1777903116.353089,1777903116.353089,9282
1673,24284.767809,1777903116.364216,1777903116.364216,9283
1674,24284.779042,1777903116.375343,1777903116.375343,9284
1675,24284.790076,1777903116.386472,1777903116.386472,9285
1676,24284.801289,1777903116.397599,1777903116.397599,9286
1677,24284.823455,1777903116.419855,1777903116.419855,9288
1678,24284.834652,1777903116.430982,1777903116.430982,9289
1679,24284.845699,1777903116.442109,1777903116.442109,9290
1680,24284.856835,1777903116.453238,1777903116.453238,9291
1681,24284.868153,1777903116.464365,1777903116.464365,9292
1682,24284.879112,1777903116.475492,1777903116.475492,9293
1683,24284.890252,1777903116.486621,1777903116.486621,9294
1684,24284.901385,1777903116.497748,1777903116.497748,9295
1685,24284.912442,1777903116.508875,1777903116.508875,9296
1686,24284.923601,1777903116.520004,1777903116.520004,9297
1687,24284.934831,1777903116.531131,1777903116.531131,9298
1688,24284.945864,1777903116.542258,1777903116.542258,9299
1689,24284.956986,1777903116.553386,1777903116.553386,9300
1690,24284.968277,1777903116.564514,1777903116.564514,9301
1691,24284.979249,1777903116.575641,1777903116.575641,9302
1692,24284.990393,1777903116.586769,1777903116.586769,9303
1693,24285.001486,1777903116.597897,1777903116.597897,9304
1694,24285.012638,1777903116.609025,1777903116.609025,9305
1695,24285.023743,1777903116.620152,1777903116.620152,9306
1696,24285.034992,1777903116.631280,1777903116.631280,9307
1697,24285.046028,1777903116.642407,1777903116.642407,9308
1698,24285.057091,1777903116.653535,1777903116.653535,9309
1699,24285.068478,1777903116.664663,1777903116.664663,9310
1700,24285.079345,1777903116.675791,1777903116.675791,9311
1701,24285.090492,1777903116.686918,1777903116.686918,9312
1702,24285.101657,1777903116.698046,1777903116.698046,9313
1703,24285.112725,1777903116.709174,1777903116.709174,9314
1704,24285.123886,1777903116.720301,1777903116.720301,9315
1705,24285.135079,1777903116.731429,1777903116.731429,9316
1706,24285.146161,1777903116.742557,1777903116.742557,9317
1707,24285.157266,1777903116.753684,1777903116.753684,9318
1708,24285.168462,1777903116.764812,1777903116.764812,9319
1709,24285.179538,1777903116.775940,1777903116.775940,9320
1710,24285.190648,1777903116.787067,1777903116.787067,9321
1711,24285.201945,1777903116.798195,1777903116.798195,9322
1712,24285.212913,1777903116.809323,1777903116.809323,9323
1713,24285.224029,1777903116.820450,1777903116.820450,9324
1714,24285.235329,1777903116.831578,1777903116.831578,9325
1715,24285.246316,1777903116.842706,1777903116.842706,9326
1716,24285.257397,1777903116.853833,1777903116.853833,9327
1717,24285.268822,1777903116.864961,1777903116.864961,9328
1718,24285.279650,1777903116.876089,1777903116.876089,9329
1719,24285.290794,1777903116.887216,1777903116.887216,9330
1720,24285.302254,1777903116.898345,1777903116.898345,9331
1721,24285.313045,1777903116.909472,1777903116.909472,9332
1722,24285.324226,1777903116.920599,1777903116.920599,9333
1723,24285.335568,1777903116.931728,1777903116.931728,9334
1724,24285.346441,1777903116.942855,1777903116.942855,9335
1725,24285.357631,1777903116.953982,1777903116.953982,9336
1726,24285.368954,1777903116.965111,1777903116.965111,9337
1727,24285.379850,1777903116.976238,1777903116.976238,9338
1728,24285.390966,1777903116.987365,1777903116.987365,9339
1729,24285.402373,1777903116.998493,1777903116.998493,9340
1730,24285.413240,1777903117.009621,1777903117.009621,9341
1731,24285.424336,1777903117.020749,1777903117.020749,9342
1732,24285.435766,1777903117.031876,1777903117.031876,9343
1733,24285.446605,1777903117.043004,1777903117.043004,9344
1734,24285.457745,1777903117.054132,1777903117.054132,9345
1735,24285.469178,1777903117.065259,1777903117.065259,9346
1736,24285.479982,1777903117.076387,1777903117.076387,9347
1737,24285.491151,1777903117.087515,1777903117.087515,9348
1738,24285.502592,1777903117.098642,1777903117.098642,9349
1739,24285.513362,1777903117.109771,1777903117.109771,9350
1740,24285.524513,1777903117.120898,1777903117.120898,9351
1741,24285.535799,1777903117.132025,1777903117.132025,9352
1742,24285.546746,1777903117.143154,1777903117.143154,9353
1743,24285.557876,1777903117.154281,1777903117.154281,9354
1744,24285.569168,1777903117.165408,1777903117.165408,9355
1745,24285.580118,1777903117.176537,1777903117.176537,9356
1746,24285.591257,1777903117.187664,1777903117.187664,9357
1747,24285.602692,1777903117.198791,1777903117.198791,9358
1748,24285.613494,1777903117.209920,1777903117.209920,9359
1749,24285.624647,1777903117.221047,1777903117.221047,9360
1750,24285.635928,1777903117.232175,1777903117.232175,9361
1751,24285.646887,1777903117.243303,1777903117.243303,9362
1752,24285.658049,1777903117.254430,1777903117.254430,9363
1753,24285.669357,1777903117.265558,1777903117.265558,9364
1754,24285.680289,1777903117.276686,1777903117.276686,9365
1755,24285.691429,1777903117.287813,1777903117.287813,9366
1756,24285.702559,1777903117.298941,1777903117.298941,9367
1757,24285.713674,1777903117.310069,1777903117.310069,9368
1758,24285.724973,1777903117.321197,1777903117.321197,9369
1759,24285.735963,1777903117.332324,1777903117.332324,9370
1760,24285.747056,1777903117.343452,1777903117.343452,9371
1761,24285.758367,1777903117.354579,1777903117.354579,9372
1762,24285.769379,1777903117.365707,1777903117.365707,9373
1763,24285.780424,1777903117.376835,1777903117.376835,9374
1764,24285.791628,1777903117.387962,1777903117.387962,9375
1765,24285.802691,1777903117.399090,1777903117.399090,9376
1766,24285.813871,1777903117.410218,1777903117.410218,9377
1767,24285.825011,1777903117.421345,1777903117.421345,9378
1768,24285.836188,1777903117.432472,1777903117.432472,9379
1769,24285.847328,1777903117.443600,1777903117.443600,9380
1770,24285.858379,1777903117.454728,1777903117.454728,9381
1771,24285.869437,1777903117.465855,1777903117.465855,9382
1772,24285.880560,1777903117.476982,1777903117.476982,9383
1773,24285.891705,1777903117.488111,1777903117.488111,9384
1774,24285.902969,1777903117.499238,1777903117.499238,9385
1775,24285.913972,1777903117.510365,1777903117.510365,9386
1776,24285.925413,1777903117.521494,1777903117.521494,9387
1777,24285.936206,1777903117.532621,1777903117.532621,9388
1778,24285.947311,1777903117.543748,1777903117.543748,9389
1779,24285.958640,1777903117.554877,1777903117.554877,9390
1780,24285.969573,1777903117.566004,1777903117.566004,9391
1781,24285.980713,1777903117.577131,1777903117.577131,9392
1782,24285.991964,1777903117.588259,1777903117.588259,9393
1783,24286.003007,1777903117.599386,1777903117.599386,9394
1784,24286.014093,1777903117.610514,1777903117.610514,9395
1785,24286.025458,1777903117.621642,1777903117.621642,9396
1786,24286.036392,1777903117.632769,1777903117.632769,9397
1787,24286.047479,1777903117.643897,1777903117.643897,9398
1788,24286.058757,1777903117.655025,1777903117.655025,9399
1789,24286.069732,1777903117.666152,1777903117.666152,9400
1790,24286.080876,1777903117.677279,1777903117.677279,9401
1791,24286.092168,1777903117.688408,1777903117.688408,9402
1792,24286.103071,1777903117.699535,1777903117.699535,9403
1793,24286.114223,1777903117.710662,1777903117.710662,9404
1794,24286.125453,1777903117.721791,1777903117.721791,9405
1795,24286.136474,1777903117.732918,1777903117.732918,9406
1796,24286.147566,1777903117.744045,1777903117.744045,9407
1797,24286.158868,1777903117.755174,1777903117.755174,9408
1798,24286.169819,1777903117.766301,1777903117.766301,9409
1799,24286.181013,1777903117.777428,1777903117.777428,9410
1800,24286.192183,1777903117.788556,1777903117.788556,9411
1801,24286.203273,1777903117.799684,1777903117.799684,9412
1802,24286.214503,1777903117.810811,1777903117.810811,9413
1803,24286.225571,1777903117.821939,1777903117.821939,9414
1804,24286.236623,1777903117.833067,1777903117.833067,9415
1805,24286.247756,1777903117.844194,1777903117.844194,9416
1806,24286.259040,1777903117.855322,1777903117.855322,9417
1807,24286.270069,1777903117.866449,1777903117.866449,9418
1808,24286.281136,1777903117.877577,1777903117.877577,9419
1809,24286.292299,1777903117.888704,1777903117.888704,9420
1810,24286.303413,1777903117.899832,1777903117.899832,9421
1811,24286.314694,1777903117.910959,1777903117.910959,9422
1812,24286.325669,1777903117.922087,1777903117.922087,9423
1813,24286.336785,1777903117.933215,1777903117.933215,9424
1814,24286.347919,1777903117.944343,1777903117.944343,9425
1815,24286.359282,1777903117.955470,1777903117.955470,9426
1816,24286.370195,1777903117.966598,1777903117.966598,9427
1817,24286.381381,1777903117.977725,1777903117.977725,9428
1818,24286.392411,1777903117.988853,1777903117.988853,9429
1819,24286.403505,1777903117.999981,1777903117.999981,9430
1820,24286.414738,1777903118.011108,1777903118.011108,9431
1821,24286.425801,1777903118.022236,1777903118.022236,9432
1822,24286.436988,1777903118.033364,1777903118.033364,9433
1823,24286.448161,1777903118.044491,1777903118.044491,9434
1824,24286.459158,1777903118.055619,1777903118.055619,9435
1825,24286.470334,1777903118.066746,1777903118.066746,9436
1826,24286.481509,1777903118.077874,1777903118.077874,9437
1827,24286.492563,1777903118.089001,1777903118.089001,9438
1828,24286.503689,1777903118.100130,1777903118.100130,9439
1829,24286.514863,1777903118.111257,1777903118.111257,9440
1830,24286.525942,1777903118.122384,1777903118.122384,9441
1831,24286.537067,1777903118.133512,1777903118.133512,9442
1832,24286.548392,1777903118.144640,1777903118.144640,9443
1833,24286.559328,1777903118.155767,1777903118.155767,9444
1834,24286.570477,1777903118.166895,1777903118.166895,9445
1835,24286.581621,1777903118.178023,1777903118.178023,9446
1836,24286.592705,1777903118.189150,1777903118.189150,9447
1837,24286.603853,1777903118.200278,1777903118.200278,9448
1838,24286.615051,1777903118.211406,1777903118.211406,9449
1839,24286.626112,1777903118.222533,1777903118.222533,9450
1840,24286.637227,1777903118.233661,1777903118.233661,9451
1841,24286.648475,1777903118.244788,1777903118.244788,9452
1842,24286.659459,1777903118.255916,1777903118.255916,9453
1843,24286.670599,1777903118.267044,1777903118.267044,9454
1844,24286.681993,1777903118.278171,1777903118.278171,9455
1845,24286.692815,1777903118.289299,1777903118.289299,9456
1846,24286.703984,1777903118.300427,1777903118.300427,9457
1847,24286.715324,1777903118.311554,1777903118.311554,9458
1848,24286.726255,1777903118.322682,1777903118.322682,9459
1849,24286.737413,1777903118.333809,1777903118.333809,9460
1850,24286.748576,1777903118.344937,1777903118.344937,9461
1851,24286.759584,1777903118.356064,1777903118.356064,9462
1852,24286.770708,1777903118.367191,1777903118.367191,9463
1853,24286.782090,1777903118.378319,1777903118.378319,9464
1854,24286.793017,1777903118.389446,1777903118.389446,9465
1855,24286.804116,1777903118.400573,1777903118.400573,9466
1856,24286.815446,1777903118.411701,1777903118.411701,9467
1857,24286.826389,1777903118.422829,1777903118.422829,9468
1858,24286.837546,1777903118.433956,1777903118.433956,9469
1859,24286.848805,1777903118.445084,1777903118.445084,9470
1860,24286.859764,1777903118.456211,1777903118.456211,9471
1861,24286.870864,1777903118.467338,1777903118.467338,9472
1862,24286.882240,1777903118.478466,1777903118.478466,9473
1863,24286.893188,1777903118.489593,1777903118.489593,9474
1864,24286.904322,1777903118.500720,1777903118.500720,9475
1865,24286.915484,1777903118.511848,1777903118.511848,9476
1866,24286.926531,1777903118.522975,1777903118.522975,9477
1867,24286.937676,1777903118.534102,1777903118.534102,9478
1868,24286.948867,1777903118.545230,1777903118.545230,9479
1869,24286.959956,1777903118.556357,1777903118.556357,9480
1870,24286.971082,1777903118.567484,1777903118.567484,9481
1871,24286.982200,1777903118.578612,1777903118.578612,9482
1872,24286.993314,1777903118.589740,1777903118.589740,9483
1873,24287.004529,1777903118.600867,1777903118.600867,9484
1874,24287.015554,1777903118.611995,1777903118.611995,9485
1875,24287.026667,1777903118.623122,1777903118.623122,9486
1876,24287.037795,1777903118.634249,1777903118.634249,9487
1877,24287.048932,1777903118.645377,1777903118.645377,9488
1878,24287.060054,1777903118.656504,1777903118.656504,9489
1879,24287.071184,1777903118.667631,1777903118.667631,9490
1880,24287.082424,1777903118.678759,1777903118.678759,9491
1881,24287.093433,1777903118.689886,1777903118.689886,9492
1882,24287.104603,1777903118.701013,1777903118.701013,9493
1883,24287.115693,1777903118.712141,1777903118.712141,9494
1884,24287.126810,1777903118.723268,1777903118.723268,9495
1885,24287.138029,1777903118.734395,1777903118.734395,9496
1886,24287.149080,1777903118.745523,1777903118.745523,9497
1887,24287.160169,1777903118.756650,1777903118.756650,9498
1888,24287.171469,1777903118.767777,1777903118.767777,9499
1889,24287.182438,1777903118.778904,1777903118.778904,9500
1890,24287.193567,1777903118.790032,1777903118.790032,9501
1891,24287.204816,1777903118.801159,1777903118.801159,9502
1892,24287.215838,1777903118.812287,1777903118.812287,9503
1893,24287.227258,1777903118.823415,1777903118.823415,9504
1894,24287.238418,1777903118.834542,1777903118.834542,9505
1895,24287.249280,1777903118.845669,1777903118.845669,9506
1896,24287.260381,1777903118.856797,1777903118.856797,9507
1897,24287.271737,1777903118.867924,1777903118.867924,9508
1898,24287.282633,1777903118.879051,1777903118.879051,9509
1899,24287.293756,1777903118.890179,1777903118.890179,9510
1900,24287.304937,1777903118.901306,1777903118.901306,9511
1901,24287.316038,1777903118.912433,1777903118.912433,9512
1902,24287.327116,1777903118.923561,1777903118.923561,9513
1903,24287.338324,1777903118.934688,1777903118.934688,9514
1904,24287.349343,1777903118.945815,1777903118.945815,9515
1905,24287.360483,1777903118.956943,1777903118.956943,9516
1906,24287.371654,1777903118.968070,1777903118.968070,9517
1907,24287.382733,1777903118.979197,1777903118.979197,9518
1908,24287.393893,1777903118.990325,1777903118.990325,9519
1909,24287.416119,1777903119.001452,1777903119.001452,9520
1910,24287.416387,1777903119.012579,1777903119.012579,9521
1911,24287.427263,1777903119.023708,1777903119.023708,9522
1912,24287.438487,1777903119.034834,1777903119.034834,9523
1913,24287.449516,1777903119.045962,1777903119.045962,9524
1914,24287.460656,1777903119.057090,1777903119.057090,9525
1915,24287.471910,1777903119.068217,1777903119.068217,9526
1916,24287.482966,1777903119.079344,1777903119.079344,9527
1917,24287.494089,1777903119.090472,1777903119.090472,9528
1918,24287.505401,1777903119.101599,1777903119.101599,9529
1919,24287.516373,1777903119.112726,1777903119.112726,9530
1920,24287.527412,1777903119.123854,1777903119.123854,9531
1921,24287.538780,1777903119.134981,1777903119.134981,9532
1922,24287.549679,1777903119.146108,1777903119.146108,9533
1923,24287.560802,1777903119.157236,1777903119.157236,9534
1924,24287.572104,1777903119.168363,1777903119.168363,9535
1925,24287.583043,1777903119.179490,1777903119.179490,9536
1926,24287.594182,1777903119.190618,1777903119.190618,9537
1927,24287.605488,1777903119.201745,1777903119.201745,9538
1928,24287.616417,1777903119.212872,1777903119.212872,9539
1929,24287.627579,1777903119.223999,1777903119.223999,9540
1930,24287.638778,1777903119.235127,1777903119.235127,9541
1931,24287.649819,1777903119.246254,1777903119.246254,9542
1932,24287.660954,1777903119.257381,1777903119.257381,9543
1933,24287.672133,1777903119.268510,1777903119.268510,9544
1934,24287.683223,1777903119.279636,1777903119.279636,9545
1935,24287.694444,1777903119.290763,1777903119.290763,9546
1936,24287.705603,1777903119.301892,1777903119.301892,9547
1937,24287.716605,1777903119.313019,1777903119.313019,9548
1938,24287.727824,1777903119.324146,1777903119.324146,9549
1939,24287.739070,1777903119.335274,1777903119.335274,9550
1940,24287.750019,1777903119.346401,1777903119.346401,9551
1941,24287.761253,1777903119.357528,1777903119.357528,9552
1942,24287.772327,1777903119.368656,1777903119.368656,9553
1943,24287.783387,1777903119.379783,1777903119.379783,9554
1944,24287.794585,1777903119.390910,1777903119.390910,9555
1945,24287.805789,1777903119.402038,1777903119.402038,9556
1946,24287.816757,1777903119.413165,1777903119.413165,9557
1947,24287.827904,1777903119.424292,1777903119.424292,9558
1948,24287.839318,1777903119.435421,1777903119.435421,9559
1949,24287.850115,1777903119.446547,1777903119.446547,9560
1950,24287.861330,1777903119.457675,1777903119.457675,9561
1951,24287.872407,1777903119.468802,1777903119.468802,9562
1952,24287.883512,1777903119.479930,1777903119.479930,9563
1953,24287.894800,1777903119.491057,1777903119.491057,9564
1954,24287.905808,1777903119.502185,1777903119.502185,9565
1955,24287.916890,1777903119.513312,1777903119.513312,9566
1956,24287.928091,1777903119.524439,1777903119.524439,9567
1957,24287.939305,1777903119.535567,1777903119.535567,9568
1958,24287.950264,1777903119.546694,1777903119.546694,9569
1959,24287.961588,1777903119.557821,1777903119.557821,9570
1960,24287.972583,1777903119.568949,1777903119.568949,9571
1961,24287.983700,1777903119.580076,1777903119.580076,9572
1962,24287.994872,1777903119.591203,1777903119.591203,9573
1963,24288.005997,1777903119.602331,1777903119.602331,9574
1964,24288.017070,1777903119.613458,1777903119.613458,9575
1965,24288.028410,1777903119.624585,1777903119.624585,9576
1966,24288.039404,1777903119.635714,1777903119.635714,9577
1967,24288.050436,1777903119.646841,1777903119.646841,9578
1968,24288.061746,1777903119.657968,1777903119.657968,9579
1969,24288.072694,1777903119.669095,1777903119.669095,9580
1970,24288.083752,1777903119.680223,1777903119.680223,9581
1971,24288.095099,1777903119.691350,1777903119.691350,9582
1972,24288.106085,1777903119.702477,1777903119.702477,9583
1973,24288.117192,1777903119.713605,1777903119.713605,9584
1974,24288.128463,1777903119.724732,1777903119.724732,9585
1975,24288.139486,1777903119.735859,1777903119.735859,9586
1976,24288.150545,1777903119.746987,1777903119.746987,9587
1977,24288.161873,1777903119.758115,1777903119.758115,9588
1978,24288.172842,1777903119.769242,1777903119.769242,9589
1979,24288.183948,1777903119.780370,1777903119.780370,9590
1980,24288.195562,1777903119.791497,1777903119.791497,9591
1981,24288.206219,1777903119.802624,1777903119.802624,9592
1982,24288.217340,1777903119.813752,1777903119.813752,9593
1983,24288.228944,1777903119.824879,1777903119.824879,9594
1984,24288.239721,1777903119.836006,1777903119.836006,9595
1985,24288.251298,1777903119.847134,1777903119.847134,9596
1986,24288.262233,1777903119.858261,1777903119.858261,9597
1987,24288.272952,1777903119.869388,1777903119.869388,9598
1988,24288.284079,1777903119.880516,1777903119.880516,9599
1989,24288.295414,1777903119.891643,1777903119.891643,9600
1990,24288.306313,1777903119.902770,1777903119.902770,9601
1991,24288.317475,1777903119.913898,1777903119.913898,9602
1992,24288.328892,1777903119.925025,1777903119.925025,9603
1993,24288.339713,1777903119.936153,1777903119.936153,9604
1994,24288.350843,1777903119.947280,1777903119.947280,9605
1995,24288.362181,1777903119.958408,1777903119.958408,9606
1996,24288.373125,1777903119.969535,1777903119.969535,9607
1997,24288.384252,1777903119.980663,1777903119.980663,9608
1998,24288.395512,1777903119.991790,1777903119.991790,9609
1999,24288.406516,1777903120.002917,1777903120.002917,9610
2000,24288.417648,1777903120.014045,1777903120.014045,9611
2001,24288.429058,1777903120.025172,1777903120.025172,9612
2002,24288.439937,1777903120.036299,1777903120.036299,9613
2003,24288.451106,1777903120.047427,1777903120.047427,9614
2004,24288.462481,1777903120.058554,1777903120.058554,9615
2005,24288.473272,1777903120.069681,1777903120.069681,9616
2006,24288.484405,1777903120.080809,1777903120.080809,9617
2007,24288.495700,1777903120.091937,1777903120.091937,9618
2008,24288.506682,1777903120.103064,1777903120.103064,9619
2009,24288.517819,1777903120.114191,1777903120.114191,9620
2010,24288.529350,1777903120.125319,1777903120.125319,9621
2011,24288.540052,1777903120.136446,1777903120.136446,9622
2012,24288.551183,1777903120.147573,1777903120.147573,9623
2013,24288.562321,1777903120.158701,1777903120.158701,9624
2014,24288.573398,1777903120.169828,1777903120.169828,9625
2015,24288.584585,1777903120.180955,1777903120.180955,9626
2016,24288.595676,1777903120.192083,1777903120.192083,9627
2017,24288.606780,1777903120.203210,1777903120.203210,9628
2018,24288.617963,1777903120.214337,1777903120.214337,9629
2019,24288.630020,1777903120.225465,1777903120.225465,9630
2020,24288.640197,1777903120.236592,1777903120.236592,9631
2021,24288.651515,1777903120.247720,1777903120.247720,9632
2022,24288.662423,1777903120.258847,1777903120.258847,9633
2023,24288.673634,1777903120.269975,1777903120.269975,9634
2024,24288.684833,1777903120.281101,1777903120.281101,9635
2025,24288.695829,1777903120.292230,1777903120.292230,9636
2026,24288.706905,1777903120.303357,1777903120.303357,9637
2027,24288.718203,1777903120.314484,1777903120.314484,9638
2028,24288.729182,1777903120.325612,1777903120.325612,9639
2029,24288.740321,1777903120.336739,1777903120.336739,9640
2030,24288.751623,1777903120.347866,1777903120.347866,9641
2031,24288.762545,1777903120.358994,1777903120.358994,9642
2032,24288.773675,1777903120.370121,1777903120.370121,9643
2033,24288.784875,1777903120.381248,1777903120.381248,9644
2034,24288.795954,1777903120.392376,1777903120.392376,9645
2035,24288.807084,1777903120.403504,1777903120.403504,9646
2036,24288.818341,1777903120.414631,1777903120.414631,9647
2037,24288.829320,1777903120.425759,1777903120.425759,9648
2038,24288.840464,1777903120.436886,1777903120.436886,9649
2039,24288.851799,1777903120.448013,1777903120.448013,9650
2040,24288.862711,1777903120.459141,1777903120.459141,9651
2041,24288.873821,1777903120.470268,1777903120.470268,9652
2042,24288.885184,1777903120.481395,1777903120.481395,9653
2043,24288.896069,1777903120.492524,1777903120.492524,9654
2044,24288.907166,1777903120.503651,1777903120.503651,9655
2045,24288.918404,1777903120.514778,1777903120.514778,9656
2046,24288.929479,1777903120.525906,1777903120.525906,9657
2047,24288.940585,1777903120.537033,1777903120.537033,9658
2048,24288.951891,1777903120.548160,1777903120.548160,9659
2049,24288.962839,1777903120.559287,1777903120.559287,9660
2050,24288.973982,1777903120.570415,1777903120.570415,9661
2051,24288.985381,1777903120.581543,1777903120.581543,9662
2052,24288.996265,1777903120.592670,1777903120.592670,9663
2053,24289.007386,1777903120.603798,1777903120.603798,9664
2054,24289.018744,1777903120.614925,1777903120.614925,9665
2055,24289.029639,1777903120.626052,1777903120.626052,9666
2056,24289.040765,1777903120.637180,1777903120.637180,9667
2057,24289.052056,1777903120.648307,1777903120.648307,9668
2058,24289.062999,1777903120.659435,1777903120.659435,9669
2059,24289.074137,1777903120.670563,1777903120.670563,9670
2060,24289.085249,1777903120.681690,1777903120.681690,9671
2061,24289.096378,1777903120.692817,1777903120.692817,9672
2062,24289.107534,1777903120.703945,1777903120.703945,9673
2063,24289.118786,1777903120.715072,1777903120.715072,9674
2064,24289.129748,1777903120.726199,1777903120.726199,9675
2065,24289.140920,1777903120.737328,1777903120.737328,9676
2066,24289.152073,1777903120.748455,1777903120.748455,9677
2067,24289.163145,1777903120.759582,1777903120.759582,9678
2068,24289.174256,1777903120.770710,1777903120.770710,9679
2069,24289.185529,1777903120.781837,1777903120.781837,9680
2070,24289.196496,1777903120.792964,1777903120.792964,9681
2071,24289.207660,1777903120.804092,1777903120.804092,9682
2072,24289.218780,1777903120.815219,1777903120.815219,9683
2073,24289.229898,1777903120.826347,1777903120.826347,9684
2074,24289.241280,1777903120.837475,1777903120.837475,9685
2075,24289.252192,1777903120.848602,1777903120.848602,9686
2076,24289.263275,1777903120.859729,1777903120.859729,9687
2077,24289.274541,1777903120.870857,1777903120.870857,9688
2078,24289.285540,1777903120.881984,1777903120.881984,9689
2079,24289.296669,1777903120.893111,1777903120.893111,9690
2080,24289.307819,1777903120.904239,1777903120.904239,9691
2081,24289.318907,1777903120.915367,1777903120.915367,9692
2082,24289.330043,1777903120.926494,1777903120.926494,9693
2083,24289.341190,1777903120.937622,1777903120.937622,9694
2084,24289.352301,1777903120.948749,1777903120.948749,9695
2085,24289.363436,1777903120.959876,1777903120.959876,9696
2086,24289.374586,1777903120.971004,1777903120.971004,9697
2087,24289.385705,1777903120.982131,1777903120.982131,9698
2088,24289.396820,1777903120.993258,1777903120.993258,9699
2089,24289.408064,1777903121.004386,1777903121.004386,9700
2090,24289.419130,1777903121.015514,1777903121.015514,9701
2091,24289.430197,1777903121.026641,1777903121.026641,9702
2092,24289.441436,1777903121.037768,1777903121.037768,9703
2093,24289.452440,1777903121.048896,1777903121.048896,9704
2094,24289.463559,1777903121.060024,1777903121.060024,9705
2095,24289.474849,1777903121.071151,1777903121.071151,9706
2096,24289.485821,1777903121.082279,1777903121.082279,9707
2097,24289.496970,1777903121.093406,1777903121.093406,9708
2098,24289.508198,1777903121.104533,1777903121.104533,9709
2099,24289.519207,1777903121.115661,1777903121.115661,9710
2100,24289.530449,1777903121.126788,1777903121.126788,9711
2101,24289.541562,1777903121.137916,1777903121.137916,9712
2102,24289.552600,1777903121.149044,1777903121.149044,9713
2103,24289.563737,1777903121.160171,1777903121.160171,9714
2104,24289.575053,1777903121.171298,1777903121.171298,9715
2105,24289.585987,1777903121.182426,1777903121.182426,9716
2106,24289.597114,1777903121.193553,1777903121.193553,9717
2107,24289.608391,1777903121.204680,1777903121.204680,9718
2108,24289.619392,1777903121.215808,1777903121.215808,9719
2109,24289.630509,1777903121.226936,1777903121.226936,9720
2110,24289.641621,1777903121.238063,1777903121.238063,9721
2111,24289.652727,1777903121.249191,1777903121.249191,9722
2112,24289.663929,1777903121.260318,1777903121.260318,9723
2113,24289.675130,1777903121.271445,1777903121.271445,9724
2114,24289.686098,1777903121.282573,1777903121.282573,9725
2115,24289.697243,1777903121.293700,1777903121.293700,9726
2116,24289.708563,1777903121.304828,1777903121.304828,9727
2117,24289.719503,1777903121.315956,1777903121.315956,9728
2118,24289.730654,1777903121.327083,1777903121.327083,9729
2119,24289.741962,1777903121.338210,1777903121.338210,9730
2120,24289.752912,1777903121.349338,1777903121.349338,9731
2121,24289.764048,1777903121.360465,1777903121.360465,9732
2122,24289.775376,1777903121.371592,1777903121.371592,9733
2123,24289.786317,1777903121.382720,1777903121.382720,9734
2124,24289.797505,1777903121.393847,1777903121.393847,9735
2125,24289.808807,1777903121.404975,1777903121.404975,9736
2126,24289.819681,1777903121.416103,1777903121.416103,9737
2127,24289.830822,1777903121.427230,1777903121.427230,9738
2128,24289.842687,1777903121.438357,1777903121.438357,9739
2129,24289.853051,1777903121.449484,1777903121.449484,9740
2130,24289.864154,1777903121.460612,1777903121.460612,9741
2131,24289.875421,1777903121.471739,1777903121.471739,9742
2132,24289.886425,1777903121.482866,1777903121.482866,9743
2133,24289.897647,1777903121.493994,1777903121.493994,9744
2134,24289.908892,1777903121.505121,1777903121.505121,9745
2135,24289.919811,1777903121.516248,1777903121.516248,9746
2136,24289.930925,1777903121.527376,1777903121.527376,9747
2137,24289.942074,1777903121.538504,1777903121.538504,9748
2138,24289.953186,1777903121.549631,1777903121.549631,9749
2139,24289.964406,1777903121.560759,1777903121.560759,9750
2140,24289.975482,1777903121.571886,1777903121.571886,9751
2141,24289.986593,1777903121.583013,1777903121.583013,9752
2142,24289.997714,1777903121.594141,1777903121.594141,9753
2143,24290.008867,1777903121.605268,1777903121.605268,9754
2144,24290.019975,1777903121.616395,1777903121.616395,9755
2145,24290.031258,1777903121.627523,1777903121.627523,9756
2146,24290.042317,1777903121.638650,1777903121.638650,9757
2147,24290.053348,1777903121.649777,1777903121.649777,9758
2148,24290.064538,1777903121.660906,1777903121.660906,9759
2149,24290.075626,1777903121.672032,1777903121.672032,9760
2150,24290.086749,1777903121.683160,1777903121.683160,9761
2151,24290.097989,1777903121.694288,1777903121.694288,9762
2152,24290.108974,1777903121.705415,1777903121.705415,9763
2153,24290.131244,1777903121.727670,1777903121.727670,9765
2154,24290.142454,1777903121.738797,1777903121.738797,9766
2155,24290.153521,1777903121.749924,1777903121.749924,9767
2156,24290.164690,1777903121.761052,1777903121.761052,9768
2157,24290.177243,1777903121.772179,1777903121.772179,9769
2158,24290.186853,1777903121.783306,1777903121.783306,9770
2159,24290.198073,1777903121.794434,1777903121.794434,9771
2160,24290.209142,1777903121.805562,1777903121.805562,9772
2161,24290.220247,1777903121.816689,1777903121.816689,9773
2162,24290.231637,1777903121.827817,1777903121.827817,9774
2163,24290.242585,1777903121.838944,1777903121.838944,9775
2164,24290.253637,1777903121.850071,1777903121.850071,9776
2165,24290.264865,1777903121.861199,1777903121.861199,9777
2166,24290.275916,1777903121.872326,1777903121.872326,9778
2167,24290.287057,1777903121.883453,1777903121.883453,9779
2168,24290.298398,1777903121.894580,1777903121.894580,9780
2169,24290.309320,1777903121.905708,1777903121.905708,9781
2170,24290.320427,1777903121.916836,1777903121.916836,9782
2171,24290.331690,1777903121.927962,1777903121.927962,9783
2172,24290.342688,1777903121.939090,1777903121.939090,9784
2173,24290.353803,1777903121.950217,1777903121.950217,9785
2174,24290.365125,1777903121.961345,1777903121.961345,9786
2175,24290.376078,1777903121.972473,1777903121.972473,9787
2176,24290.387252,1777903121.983600,1777903121.983600,9788
2177,24290.398404,1777903121.994727,1777903121.994727,9789
2178,24290.409407,1777903122.005855,1777903122.005855,9790
2179,24290.420533,1777903122.016982,1777903122.016982,9791
2180,24290.431979,1777903122.028109,1777903122.028109,9792
2181,24290.442796,1777903122.039237,1777903122.039237,9793
2182,24290.453933,1777903122.050364,1777903122.050364,9794
2183,24290.465213,1777903122.061491,1777903122.061491,9795
2184,24290.476165,1777903122.072619,1777903122.072619,9796
2185,24290.487305,1777903122.083747,1777903122.083747,9797
2186,24290.498567,1777903122.094874,1777903122.094874,9798
2187,24290.509640,1777903122.106002,1777903122.106002,9799
2188,24290.520746,1777903122.117129,1777903122.117129,9800
2189,24290.532307,1777903122.128256,1777903122.128256,9801
2190,24290.542960,1777903122.139384,1777903122.139384,9802
2191,24290.554101,1777903122.150511,1777903122.150511,9803
2192,24290.565481,1777903122.161638,1777903122.161638,9804
2193,24290.576366,1777903122.172766,1777903122.172766,9805
2194,24290.587521,1777903122.183893,1777903122.183893,9806
2195,24290.598829,1777903122.195020,1777903122.195020,9807
2196,24290.609750,1777903122.206148,1777903122.206148,9808
2197,24290.620869,1777903122.217276,1777903122.217276,9809
2198,24290.632208,1777903122.228403,1777903122.228403,9810
2199,24290.643132,1777903122.239531,1777903122.239531,9811
2200,24290.654269,1777903122.250658,1777903122.250658,9812
2201,24290.665553,1777903122.261785,1777903122.261785,9813
2202,24290.676481,1777903122.272913,1777903122.272913,9814
2203,24290.687631,1777903122.284040,1777903122.284040,9815
2204,24290.698829,1777903122.295167,1777903122.295167,9816
2205,24290.709900,1777903122.306295,1777903122.306295,9817
2206,24290.721020,1777903122.317422,1777903122.317422,9818
2207,24290.732303,1777903122.328549,1777903122.328549,9819
2208,24290.743262,1777903122.339677,1777903122.339677,9820
2209,24290.754530,1777903122.350805,1777903122.350805,9821
2210,24290.765763,1777903122.361932,1777903122.361932,9822
2211,24290.776679,1777903122.373059,1777903122.373059,9823
2212,24290.787776,1777903122.384187,1777903122.384187,9824
2213,24290.798984,1777903122.395314,1777903122.395314,9825
2214,24290.810023,1777903122.406441,1777903122.406441,9826
2215,24290.821357,1777903122.417570,1777903122.417570,9827
2216,24290.832573,1777903122.428697,1777903122.428697,9828
2217,24290.843413,1777903122.439824,1777903122.439824,9829
2218,24290.854567,1777903122.450952,1777903122.450952,9830
2219,24290.865885,1777903122.462079,1777903122.462079,9831
2220,24290.876811,1777903122.473206,1777903122.473206,9832
2221,24290.888032,1777903122.484334,1777903122.484334,9833
2222,24290.899178,1777903122.495462,1777903122.495462,9834
2223,24290.910150,1777903122.506589,1777903122.506589,9835
2224,24290.921480,1777903122.517717,1777903122.517717,9836
2225,24290.932444,1777903122.528844,1777903122.528844,9837
2226,24290.943540,1777903122.539971,1777903122.539971,9838
2227,24290.954853,1777903122.551099,1777903122.551099,9839
2228,24290.966007,1777903122.562227,1777903122.562227,9840
2229,24290.976905,1777903122.573354,1777903122.573354,9841
2230,24290.988276,1777903122.584482,1777903122.584482,9842
2231,24290.999225,1777903122.595609,1777903122.595609,9843
2232,24291.010416,1777903122.606736,1777903122.606736,9844
2233,24291.022036,1777903122.617865,1777903122.617865,9845
2234,24291.032686,1777903122.628992,1777903122.628992,9846
2235,24291.043690,1777903122.640119,1777903122.640119,9847
2236,24291.054887,1777903122.651247,1777903122.651247,9848
2237,24291.066028,1777903122.662374,1777903122.662374,9849
2238,24291.077147,1777903122.673501,1777903122.673501,9850
2239,24291.088386,1777903122.684629,1777903122.684629,9851
2240,24291.099396,1777903122.695757,1777903122.695757,9852
2241,24291.110458,1777903122.706884,1777903122.706884,9853
2242,24291.121687,1777903122.718012,1777903122.718012,9854
2243,24291.132717,1777903122.729139,1777903122.729139,9855
2244,24291.143843,1777903122.740266,1777903122.740266,9856
2245,24291.155215,1777903122.751394,1777903122.751394,9857
2246,24291.166098,1777903122.762522,1777903122.762522,9858
2247,24291.177213,1777903122.773649,1777903122.773649,9859
2248,24291.188631,1777903122.784776,1777903122.784776,9860
2249,24291.199491,1777903122.795904,1777903122.795904,9861
2250,24291.210588,1777903122.807031,1777903122.807031,9862
2251,24291.221800,1777903122.818158,1777903122.818158,9863
2252,24291.232875,1777903122.829286,1777903122.829286,9864
2253,24291.244015,1777903122.840414,1777903122.840414,9865
2254,24291.255426,1777903122.851541,1777903122.851541,9866
2255,24291.266333,1777903122.862669,1777903122.862669,9867
2256,24291.277376,1777903122.873796,1777903122.873796,9868
2257,24291.288729,1777903122.884923,1777903122.884923,9869
2258,24291.299592,1777903122.896051,1777903122.896051,9870
2259,24291.310720,1777903122.907179,1777903122.907179,9871
2260,24291.321980,1777903122.918306,1777903122.918306,9872
2261,24291.333035,1777903122.929434,1777903122.929434,9873
2262,24291.344127,1777903122.940561,1777903122.940561,9874
2263,24291.355449,1777903122.951688,1777903122.951688,9875
2264,24291.366399,1777903122.962816,1777903122.962816,9876
2265,24291.377493,1777903122.973944,1777903122.973944,9877
2266,24291.388786,1777903122.985071,1777903122.985071,9878
2267,24291.399736,1777903122.996199,1777903122.996199,9879
2268,24291.410896,1777903123.007326,1777903123.007326,9880
2269,24291.422115,1777903123.018453,1777903123.018453,9881
2270,24291.433143,1777903123.029582,1777903123.029582,9882
2271,24291.444262,1777903123.040709,1777903123.040709,9883
2272,24291.455375,1777903123.051836,1777903123.051836,9884
2273,24291.466497,1777903123.062964,1777903123.062964,9885
2274,24291.477629,1777903123.074091,1777903123.074091,9886
2275,24291.488756,1777903123.085218,1777903123.085218,9887
2276,24291.499883,1777903123.096346,1777903123.096346,9888
2277,24291.511069,1777903123.107474,1777903123.107474,9889
2278,24291.522205,1777903123.118601,1777903123.118601,9890
2279,24291.533289,1777903123.129729,1777903123.129729,9891
2280,24291.544511,1777903123.140856,1777903123.140856,9892
2281,24291.555544,1777903123.151983,1777903123.151983,9893
2282,24291.566685,1777903123.163111,1777903123.163111,9894
2283,24291.577798,1777903123.174238,1777903123.174238,9895
2284,24291.589096,1777903123.185366,1777903123.185366,9896
2285,24291.600093,1777903123.196494,1777903123.196494,9897
2286,24291.611345,1777903123.207621,1777903123.207621,9898
2287,24291.622319,1777903123.218748,1777903123.218748,9899
2288,24291.633445,1777903123.229876,1777903123.229876,9900
2289,24291.644719,1777903123.241004,1777903123.241004,9901
2290,24291.655719,1777903123.252131,1777903123.252131,9902
2291,24291.666850,1777903123.263258,1777903123.263258,9903
2292,24291.678157,1777903123.274386,1777903123.274386,9904
2293,24291.689073,1777903123.285513,1777903123.285513,9905
2294,24291.700207,1777903123.296640,1777903123.296640,9906
2295,24291.711385,1777903123.307769,1777903123.307769,9907
2296,24291.722421,1777903123.318896,1777903123.318896,9908
2297,24291.733565,1777903123.330023,1777903123.330023,9909
2298,24291.744850,1777903123.341151,1777903123.341151,9910
2299,24291.755828,1777903123.352278,1777903123.352278,9911
2300,24291.766969,1777903123.363405,1777903123.363405,9912
2301,24291.778511,1777903123.374533,1777903123.374533,9913
2302,24291.789217,1777903123.385661,1777903123.385661,9914
2303,24291.800408,1777903123.396788,1777903123.396788,9915
2304,24291.811543,1777903123.407916,1777903123.407916,9916
2305,24291.822587,1777903123.419043,1777903123.419043,9917
2306,24291.833738,1777903123.430170,1777903123.430170,9918
2307,24291.844934,1777903123.441298,1777903123.441298,9919
2308,24291.855977,1777903123.452425,1777903123.452425,9920
2309,24291.867117,1777903123.463552,1777903123.463552,9921
2310,24291.878547,1777903123.474681,1777903123.474681,9922
2311,24291.889395,1777903123.485808,1777903123.485808,9923
2312,24291.900507,1777903123.496935,1777903123.496935,9924
2313,24291.911784,1777903123.508063,1777903123.508063,9925
2314,24291.922736,1777903123.519190,1777903123.519190,9926
2315,24291.933892,1777903123.530317,1777903123.530317,9927
2316,24291.945075,1777903123.541445,1777903123.541445,9928
2317,24291.956131,1777903123.552572,1777903123.552572,9929
2318,24291.967251,1777903123.563700,1777903123.563700,9930
2319,24291.978560,1777903123.574828,1777903123.574828,9931
2320,24291.989489,1777903123.585955,1777903123.585955,9932
2321,24292.000698,1777903123.597082,1777903123.597082,9933
2322,24292.011940,1777903123.608210,1777903123.608210,9934
2323,24292.022875,1777903123.619337,1777903123.619337,9935
2324,24292.034066,1777903123.630465,1777903123.630465,9936
2325,24292.045289,1777903123.641593,1777903123.641593,9937
2326,24292.056316,1777903123.652720,1777903123.652720,9938
2327,24292.067431,1777903123.663847,1777903123.663847,9939
2328,24292.078726,1777903123.674974,1777903123.674974,9940
2329,24292.089736,1777903123.686102,1777903123.686102,9941
2330,24292.100911,1777903123.697229,1777903123.697229,9942
2331,24292.112167,1777903123.708356,1777903123.708356,9943
2332,24292.123102,1777903123.719485,1777903123.719485,9944
2333,24292.134253,1777903123.730612,1777903123.730612,9945
2334,24292.145402,1777903123.741739,1777903123.741739,9946
2335,24292.156452,1777903123.752867,1777903123.752867,9947
2336,24292.167564,1777903123.763994,1777903123.763994,9948
2337,24292.178725,1777903123.775121,1777903123.775121,9949
2338,24292.189815,1777903123.786249,1777903123.786249,9950
2339,24292.200968,1777903123.797376,1777903123.797376,9951
2340,24292.212094,1777903123.808504,1777903123.808504,9952
2341,24292.223229,1777903123.819632,1777903123.819632,9953
2342,24292.234383,1777903123.830759,1777903123.830759,9954
2343,24292.245719,1777903123.841886,1777903123.841886,9955
2344,24292.256578,1777903123.853014,1777903123.853014,9956
2345,24292.267751,1777903123.864141,1777903123.864141,9957
2346,24292.278864,1777903123.875268,1777903123.875268,9958
2347,24292.290091,1777903123.886397,1777903123.886397,9959
2348,24292.301226,1777903123.897524,1777903123.897524,9960
2349,24292.312235,1777903123.908651,1777903123.908651,9961
2350,24292.323371,1777903123.919779,1777903123.919779,9962
2351,24292.334611,1777903123.930906,1777903123.930906,9963
2352,24292.345606,1777903123.942034,1777903123.942034,9964
2353,24292.356766,1777903123.953161,1777903123.953161,9965
2354,24292.368174,1777903123.964288,1777903123.964288,9966
2355,24292.378982,1777903123.975416,1777903123.975416,9967
2356,24292.390115,1777903123.986544,1777903123.986544,9968
2357,24292.401441,1777903123.997671,1777903123.997671,9969
2358,24292.412379,1777903124.008798,1777903124.008798,9970
2359,24292.423558,1777903124.019926,1777903124.019926,9971
2360,24292.434620,1777903124.031054,1777903124.031054,9972
2361,24292.445747,1777903124.042181,1777903124.042181,9973
2362,24292.456857,1777903124.053308,1777903124.053308,9974
2363,24292.468087,1777903124.064436,1777903124.064436,9975
2364,24292.479111,1777903124.075563,1777903124.075563,9976
2365,24292.490236,1777903124.086691,1777903124.086691,9977
2366,24292.501542,1777903124.097818,1777903124.097818,9978
2367,24292.512467,1777903124.108945,1777903124.108945,9979
2368,24292.523602,1777903124.120073,1777903124.120073,9980
2369,24292.534964,1777903124.131201,1777903124.131201,9981
2370,24292.545840,1777903124.142328,1777903124.142328,9982
2371,24292.556977,1777903124.153455,1777903124.153455,9983
2372,24292.568281,1777903124.164583,1777903124.164583,9984
2373,24292.579234,1777903124.175710,1777903124.175710,9985
2374,24292.590392,1777903124.186837,1777903124.186837,9986
2375,24292.601697,1777903124.197966,1777903124.197966,9987
2376,24292.612608,1777903124.209093,1777903124.209093,9988
2377,24292.623751,1777903124.220220,1777903124.220220,9989
2378,24292.635277,1777903124.231348,1777903124.231348,9990
2379,24292.646039,1777903124.242475,1777903124.242475,9991
2380,24292.657164,1777903124.253602,1777903124.253602,9992
2381,24292.668418,1777903124.264730,1777903124.264730,9993
2382,24292.679437,1777903124.275857,1777903124.275857,9994
2383,24292.690581,1777903124.286985,1777903124.286985,9995
2384,24292.701767,1777903124.298113,1777903124.298113,9996
2385,24292.712815,1777903124.309240,1777903124.309240,9997
2386,24292.723944,1777903124.320367,1777903124.320367,9998
2387,24292.735305,1777903124.331495,1777903124.331495,9999
2388,24292.746191,1777903124.342622,1777903124.342622,10000
2389,24292.757300,1777903124.353749,1777903124.353749,10001
2390,24292.768622,1777903124.364877,1777903124.364877,10002
2391,24292.779546,1777903124.376005,1777903124.376005,10003
2392,24292.790823,1777903124.387132,1777903124.387132,10004
2393,24292.801994,1777903124.398260,1777903124.398260,10005
2394,24292.812934,1777903124.409387,1777903124.409387,10006
2395,24292.824077,1777903124.420514,1777903124.420514,10007
2396,24292.835467,1777903124.431642,1777903124.431642,10008
2397,24292.846353,1777903124.442769,1777903124.442769,10009
2398,24292.857438,1777903124.453896,1777903124.453896,10010
2399,24292.868657,1777903124.465024,1777903124.465024,10011
2400,24292.879715,1777903124.476152,1777903124.476152,10012
2401,24292.890814,1777903124.487278,1777903124.487278,10013
2402,24292.902033,1777903124.498407,1777903124.498407,10014
2403,24292.913094,1777903124.509534,1777903124.509534,10015
2404,24292.924276,1777903124.520661,1777903124.520661,10016
2405,24292.935379,1777903124.531789,1777903124.531789,10017
2406,24292.946487,1777903124.542916,1777903124.542916,10018
2407,24292.957631,1777903124.554043,1777903124.554043,10019
2408,24292.968779,1777903124.565171,1777903124.565171,10020
2409,24292.979862,1777903124.576298,1777903124.576298,10021
2410,24292.990976,1777903124.587425,1777903124.587425,10022
2411,24293.002151,1777903124.598553,1777903124.598553,10023
2412,24293.013249,1777903124.609681,1777903124.609681,10024
2413,24293.024412,1777903124.620808,1777903124.620808,10025
2414,24293.035640,1777903124.631935,1777903124.631935,10026
2415,24293.046611,1777903124.643063,1777903124.643063,10027
2416,24293.057872,1777903124.654190,1777903124.654190,10028
2417,24293.068912,1777903124.665317,1777903124.665317,10029
2418,24293.079978,1777903124.676445,1777903124.676445,10030
2419,24293.091198,1777903124.687572,1777903124.687572,10031
2420,24293.102274,1777903124.698700,1777903124.698700,10032
2421,24293.113348,1777903124.709828,1777903124.709828,10033
2422,24293.124581,1777903124.720955,1777903124.720955,10034
2423,24293.135726,1777903124.732082,1777903124.732082,10035
2424,24293.146777,1777903124.743210,1777903124.743210,10036
2425,24293.158058,1777903124.754337,1777903124.754337,10037
2426,24293.169035,1777903124.765464,1777903124.765464,10038
2427,24293.180169,1777903124.776592,1777903124.776592,10039
2428,24293.191308,1777903124.787719,1777903124.787719,10040
2429,24293.202401,1777903124.798847,1777903124.798847,10041
2430,24293.213530,1777903124.809975,1777903124.809975,10042
2431,24293.224828,1777903124.821102,1777903124.821102,10043
2432,24293.235792,1777903124.832229,1777903124.832229,10044
2433,24293.258154,1777903124.854484,1777903124.854484,10046
2434,24293.269356,1777903124.865611,1777903124.865611,10047
2435,24293.280321,1777903124.876739,1777903124.876739,10048
2436,24293.291474,1777903124.887866,1777903124.887866,10049
2437,24293.302541,1777903124.898993,1777903124.898993,10050
2438,24293.313679,1777903124.910122,1777903124.910122,10051
2439,24293.324881,1777903124.921249,1777903124.921249,10052
2440,24293.335901,1777903124.932376,1777903124.932376,10053
2441,24293.347082,1777903124.943504,1777903124.943504,10054
2442,24293.358483,1777903124.954631,1777903124.954631,10055
2443,24293.369325,1777903124.965758,1777903124.965758,10056
2444,24293.380448,1777903124.976886,1777903124.976886,10057
2445,24293.391653,1777903124.988014,1777903124.988014,10058
2446,24293.402710,1777903124.999140,1777903124.999140,10059
2447,24293.413837,1777903125.010267,1777903125.010267,10060
2448,24293.425013,1777903125.021396,1777903125.021396,10061
2449,24293.436087,1777903125.032523,1777903125.032523,10062
2450,24293.447190,1777903125.043650,1777903125.043650,10063
2451,24293.458536,1777903125.054778,1777903125.054778,10064
2452,24293.469448,1777903125.065905,1777903125.065905,10065
2453,24293.480585,1777903125.077032,1777903125.077032,10066
2454,24293.491921,1777903125.088160,1777903125.088160,10067
2455,24293.502806,1777903125.099287,1777903125.099287,10068
2456,24293.513989,1777903125.110415,1777903125.110415,10069
2457,24293.525198,1777903125.121542,1777903125.121542,10070
2458,24293.536215,1777903125.132670,1777903125.132670,10071
2459,24293.547348,1777903125.143797,1777903125.143797,10072
2460,24293.558664,1777903125.154925,1777903125.154925,10073
2461,24293.569616,1777903125.166052,1777903125.166052,10074
2462,24293.580729,1777903125.177179,1777903125.177179,10075
2463,24293.591959,1777903125.188307,1777903125.188307,10076
2464,24293.602944,1777903125.199434,1777903125.199434,10077
2465,24293.614104,1777903125.210561,1777903125.210561,10078
2466,24293.625364,1777903125.221689,1777903125.221689,10079
2467,24293.636388,1777903125.232817,1777903125.232817,10080
2468,24293.647694,1777903125.243944,1777903125.243944,10081
2469,24293.658800,1777903125.255072,1777903125.255072,10082
2470,24293.669780,1777903125.266199,1777903125.266199,10083
2471,24293.680916,1777903125.277326,1777903125.277326,10084
2472,24293.692175,1777903125.288454,1777903125.288454,10085
2473,24293.703159,1777903125.299581,1777903125.299581,10086
2474,24293.714267,1777903125.310708,1777903125.310708,10087
2475,24293.725441,1777903125.321836,1777903125.321836,10088
2476,24293.736552,1777903125.332963,1777903125.332963,10089
2477,24293.747639,1777903125.344090,1777903125.344090,10090
2478,24293.758762,1777903125.355219,1777903125.355219,10091
2479,24293.770024,1777903125.366346,1777903125.366346,10092
2480,24293.781088,1777903125.377473,1777903125.377473,10093
2481,24293.792884,1777903125.388601,1777903125.388601,10094
2482,24293.803299,1777903125.399728,1777903125.399728,10095
2483,24293.814423,1777903125.410855,1777903125.410855,10096
2484,24293.825559,1777903125.421983,1777903125.421983,10097
2485,24293.836632,1777903125.433110,1777903125.433110,10098
2486,24293.847752,1777903125.444237,1777903125.444237,10099
2487,24293.858886,1777903125.455364,1777903125.455364,10100
2488,24293.870020,1777903125.466493,1777903125.466493,10101
2489,24293.881156,1777903125.477620,1777903125.477620,10102
2490,24293.892275,1777903125.488747,1777903125.488747,10103
2491,24293.903406,1777903125.499875,1777903125.499875,10104
2492,24293.914706,1777903125.511002,1777903125.511002,10105
2493,24293.925659,1777903125.522129,1777903125.522129,10106
2494,24293.936828,1777903125.533257,1777903125.533257,10107
2495,24293.948028,1777903125.544384,1777903125.544384,10108
2496,24293.959048,1777903125.555511,1777903125.555511,10109
2497,24293.970202,1777903125.566639,1777903125.566639,10110
2498,24293.981474,1777903125.577767,1777903125.577767,10111
2499,24293.992431,1777903125.588894,1777903125.588894,10112
2500,24294.003590,1777903125.600022,1777903125.600022,10113
2501,24294.014725,1777903125.611149,1777903125.611149,10114
2502,24294.025802,1777903125.622276,1777903125.622276,10115
2503,24294.036935,1777903125.633404,1777903125.633404,10116
2504,24294.048266,1777903125.644531,1777903125.644531,10117
2505,24294.059226,1777903125.655658,1777903125.655658,10118
2506,24294.070353,1777903125.666786,1777903125.666786,10119
2507,24294.081707,1777903125.677914,1777903125.677914,10120
2508,24294.092831,1777903125.689040,1777903125.689040,10121
2509,24294.103715,1777903125.700169,1777903125.700169,10122
2510,24294.115168,1777903125.711296,1777903125.711296,10123
2511,24294.125967,1777903125.722423,1777903125.722423,10124
2512,24294.137114,1777903125.733551,1777903125.733551,10125
2513,24294.148277,1777903125.744678,1777903125.744678,10126
2514,24294.159328,1777903125.755805,1777903125.755805,10127
2515,24294.170483,1777903125.766933,1777903125.766933,10128
2516,24294.181857,1777903125.778060,1777903125.778060,10129
2517,24294.192742,1777903125.789187,1777903125.789187,10130
2518,24294.203864,1777903125.800315,1777903125.800315,10131
2519,24294.215219,1777903125.811443,1777903125.811443,10132
2520,24294.226182,1777903125.822570,1777903125.822570,10133
2521,24294.237268,1777903125.833698,1777903125.833698,10134
2522,24294.248631,1777903125.844825,1777903125.844825,10135
2523,24294.259562,1777903125.855952,1777903125.855952,10136
2524,24294.270822,1777903125.867080,1777903125.867080,10137
2525,24294.282011,1777903125.878207,1777903125.878207,10138
2526,24294.292895,1777903125.889334,1777903125.889334,10139
2527,24294.304154,1777903125.900461,1777903125.900461,10140
2528,24294.315272,1777903125.911589,1777903125.911589,10141
2529,24294.326275,1777903125.922717,1777903125.922717,10142
2530,24294.337455,1777903125.933844,1777903125.933844,10143
2531,24294.348568,1777903125.944972,1777903125.944972,10144
2532,24294.359627,1777903125.956099,1777903125.956099,10145
2533,24294.370811,1777903125.967226,1777903125.967226,10146
2534,24294.382042,1777903125.978354,1777903125.978354,10147
2535,24294.393067,1777903125.989481,1777903125.989481,10148
2536,24294.404183,1777903126.000608,1777903126.000608,10149
2537,24294.415368,1777903126.011736,1777903126.011736,10150
2538,24294.426407,1777903126.022863,1777903126.022863,10151
2539,24294.437550,1777903126.033990,1777903126.033990,10152
2540,24294.448761,1777903126.045119,1777903126.045119,10153
2541,24294.459806,1777903126.056246,1777903126.056246,10154
2542,24294.470922,1777903126.067373,1777903126.067373,10155
2543,24294.482044,1777903126.078501,1777903126.078501,10156
2544,24294.493129,1777903126.089628,1777903126.089628,10157
2545,24294.504476,1777903126.100755,1777903126.100755,10158
2546,24294.515535,1777903126.111883,1777903126.111883,10159
2547,24294.526564,1777903126.123010,1777903126.123010,10160
2548,24294.537702,1777903126.134137,1777903126.134137,10161
2549,24294.548809,1777903126.145265,1777903126.145265,10162
2550,24294.559929,1777903126.156393,1777903126.156393,10163
2551,24294.571070,1777903126.167520,1777903126.167520,10164
2552,24294.582226,1777903126.178648,1777903126.178648,10165
2553,24294.593352,1777903126.189775,1777903126.189775,10166
2554,24294.604625,1777903126.200902,1777903126.200902,10167
2555,24294.615559,1777903126.212030,1777903126.212030,10168
2556,24294.626705,1777903126.223157,1777903126.223157,10169
2557,24294.637878,1777903126.234284,1777903126.234284,10170
2558,24294.648958,1777903126.245412,1777903126.245412,10171
2559,24294.660162,1777903126.256539,1777903126.256539,10172
2560,24294.671368,1777903126.267667,1777903126.267667,10173
2561,24294.682344,1777903126.278795,1777903126.278795,10174
2562,24294.693471,1777903126.289922,1777903126.289922,10175
2563,24294.704740,1777903126.301049,1777903126.301049,10176
2564,24294.715713,1777903126.312177,1777903126.312177,10177
2565,24294.726866,1777903126.323304,1777903126.323304,10178
2566,24294.738080,1777903126.334431,1777903126.334431,10179
2567,24294.749102,1777903126.345558,1777903126.345558,10180
2568,24294.760230,1777903126.356686,1777903126.356686,10181
2569,24294.771425,1777903126.367813,1777903126.367813,10182
2570,24294.782498,1777903126.378940,1777903126.378940,10183
2571,24294.793628,1777903126.390068,1777903126.390068,10184
2572,24294.804921,1777903126.401195,1777903126.401195,10185
2573,24294.815900,1777903126.412322,1777903126.412322,10186
2574,24294.827027,1777903126.423450,1777903126.423450,10187
2575,24294.838223,1777903126.434577,1777903126.434577,10188
2576,24294.849390,1777903126.445704,1777903126.445704,10189
2577,24294.860396,1777903126.456832,1777903126.456832,10190
2578,24294.871514,1777903126.467959,1777903126.467959,10191
2579,24294.882639,1777903126.479086,1777903126.479086,10192
2580,24294.905043,1777903126.501341,1777903126.501341,10194
2581,24294.916056,1777903126.512468,1777903126.512468,10195
2582,24294.927143,1777903126.523596,1777903126.523596,10196
2583,24294.938559,1777903126.534723,1777903126.534723,10197
2584,24294.949423,1777903126.545850,1777903126.545850,10198
2585,24294.960527,1777903126.556978,1777903126.556978,10199
2586,24294.971914,1777903126.568105,1777903126.568105,10200
2587,24294.982782,1777903126.579232,1777903126.579232,10201
2588,24294.993930,1777903126.590359,1777903126.590359,10202
2589,24295.005104,1777903126.601486,1777903126.601486,10203
2590,24295.016178,1777903126.612613,1777903126.612613,10204
2591,24295.027290,1777903126.623741,1777903126.623741,10205
2592,24295.038680,1777903126.634868,1777903126.634868,10206
2593,24295.060572,1777903126.634868,1777903126.634868,10206
2594,24295.060871,1777903126.657123,1777903126.657123,10208
2595,24295.071939,1777903126.668250,1777903126.668250,10209
2596,24295.082960,1777903126.679377,1777903126.679377,10210
2597,24295.094137,1777903126.690505,1777903126.690505,10211
2598,24295.105429,1777903126.701632,1777903126.701632,10212
2599,24295.116354,1777903126.712759,1777903126.712759,10213
2600,24295.127506,1777903126.723887,1777903126.723887,10214
2601,24295.138622,1777903126.735014,1777903126.735014,10215
2602,24295.149764,1777903126.746141,1777903126.746141,10216
2603,24295.160970,1777903126.757269,1777903126.757269,10217
2604,24295.171962,1777903126.768396,1777903126.768396,10218
2605,24295.183056,1777903126.779523,1777903126.779523,10219
2606,24295.194230,1777903126.790650,1777903126.790650,10220
2607,24295.205358,1777903126.801778,1777903126.801778,10221
2608,24295.216417,1777903126.812905,1777903126.812905,10222
2609,24295.227701,1777903126.824032,1777903126.824032,10223
2610,24295.238683,1777903126.835160,1777903126.835160,10224
2611,24295.249859,1777903126.846287,1777903126.846287,10225
2612,24295.260968,1777903126.857414,1777903126.857414,10226
2613,24295.272194,1777903126.868541,1777903126.868541,10227
2614,24295.283212,1777903126.879668,1777903126.879668,10228
2615,24295.294411,1777903126.890795,1777903126.890795,10229
2616,24295.305465,1777903126.901923,1777903126.901923,10230
2617,24295.316574,1777903126.913050,1777903126.913050,10231
2618,24295.327805,1777903126.924177,1777903126.924177,10232
2619,24295.338847,1777903126.935305,1777903126.935305,10233
2620,24295.349997,1777903126.946432,1777903126.946432,10234
2621,24295.361246,1777903126.957559,1777903126.957559,10235
2622,24295.372285,1777903126.968687,1777903126.968687,10236
2623,24295.383385,1777903126.979814,1777903126.979814,10237
2624,24295.394561,1777903126.990941,1777903126.990941,10238
2625,24295.405644,1777903127.002069,1777903127.002069,10239
2626,24295.416754,1777903127.013196,1777903127.013196,10240
2627,24295.427965,1777903127.024323,1777903127.024323,10241
2628,24295.439026,1777903127.035451,1777903127.035451,10242
2629,24295.450228,1777903127.046578,1777903127.046578,10243
2630,24295.461693,1777903127.057705,1777903127.057705,10244
2631,24295.472745,1777903127.068833,1777903127.068833,10245
2632,24295.483567,1777903127.079960,1777903127.079960,10246
2633,24295.494728,1777903127.091087,1777903127.091087,10247
2634,24295.505824,1777903127.102215,1777903127.102215,10248
2635,24295.516902,1777903127.113342,1777903127.113342,10249
2636,24295.528078,1777903127.124469,1777903127.124469,10250
2637,24295.539329,1777903127.135597,1777903127.135597,10251
2638,24295.550366,1777903127.146723,1777903127.146723,10252
2639,24295.561616,1777903127.157850,1777903127.157850,10253
2640,24295.572711,1777903127.168978,1777903127.168978,10254
2641,24295.583666,1777903127.180105,1777903127.180105,10255
2642,24295.594893,1777903127.191232,1777903127.191232,10256
2643,24295.605936,1777903127.202360,1777903127.202360,10257
2644,24295.617062,1777903127.213487,1777903127.213487,10258
2645,24295.628343,1777903127.224614,1777903127.224614,10259
2646,24295.639363,1777903127.235741,1777903127.235741,10260
2647,24295.650414,1777903127.246869,1777903127.246869,10261
2648,24295.661799,1777903127.257996,1777903127.257996,10262
2649,24295.672663,1777903127.269123,1777903127.269123,10263
2650,24295.683784,1777903127.280251,1777903127.280251,10264
2651,24295.695081,1777903127.291378,1777903127.291378,10265
2652,24295.706077,1777903127.302505,1777903127.302505,10266
2653,24295.717209,1777903127.313632,1777903127.313632,10267
2654,24295.728429,1777903127.324759,1777903127.324759,10268
2655,24295.739426,1777903127.335886,1777903127.335886,10269
2656,24295.750565,1777903127.347014,1777903127.347014,10270
2657,24295.761801,1777903127.358141,1777903127.358141,10271
2658,24295.772798,1777903127.369269,1777903127.369269,10272
2659,24295.783954,1777903127.380396,1777903127.380396,10273
2660,24295.795354,1777903127.391524,1777903127.391524,10274
2661,24295.806260,1777903127.402651,1777903127.402651,10275
2662,24295.817356,1777903127.413779,1777903127.413779,10276
2663,24295.828623,1777903127.424906,1777903127.424906,10277
2664,24295.839636,1777903127.436033,1777903127.436033,10278
2665,24295.850713,1777903127.447161,1777903127.447161,10279
2666,24295.861945,1777903127.458288,1777903127.458288,10280
2667,24295.872985,1777903127.469415,1777903127.469415,10281
2668,24295.884079,1777903127.480543,1777903127.480543,10282
2669,24295.895344,1777903127.491670,1777903127.491670,10283
2670,24295.906363,1777903127.502797,1777903127.502797,10284
2671,24295.917483,1777903127.513925,1777903127.513925,10285
2672,24295.928652,1777903127.525053,1777903127.525053,10286
2673,24295.939748,1777903127.536180,1777903127.536180,10287
2674,24295.950871,1777903127.547308,1777903127.547308,10288
2675,24295.962247,1777903127.558434,1777903127.558434,10289
2676,24295.973258,1777903127.569562,1777903127.569562,10290
2677,24295.984389,1777903127.580690,1777903127.580690,10291
2678,24295.995604,1777903127.591817,1777903127.591817,10292
2679,24296.006553,1777903127.602944,1777903127.602944,10293
2680,24296.017673,1777903127.614072,1777903127.614072,10294
2681,24296.028973,1777903127.625199,1777903127.625199,10295
2682,24296.039999,1777903127.636326,1777903127.636326,10296
2683,24296.051048,1777903127.647454,1777903127.647454,10297
2684,24296.062457,1777903127.658581,1777903127.658581,10298
2685,24296.073282,1777903127.669708,1777903127.669708,10299
2686,24296.084545,1777903127.680835,1777903127.680835,10300
2687,24296.095755,1777903127.691964,1777903127.691964,10301
2688,24296.106701,1777903127.703091,1777903127.703091,10302
2689,24296.118009,1777903127.714217,1777903127.714217,10303
2690,24296.129033,1777903127.725346,1777903127.725346,10304
2691,24296.140042,1777903127.736473,1777903127.736473,10305
2692,24296.151407,1777903127.747600,1777903127.747600,10306
2693,24296.162376,1777903127.758728,1777903127.758728,10307
2694,24296.173448,1777903127.769855,1777903127.769855,10308
2695,24296.184584,1777903127.780982,1777903127.780982,10309
2696,24296.195708,1777903127.792110,1777903127.792110,10310
2697,24296.206834,1777903127.803237,1777903127.803237,10311
2698,24296.218178,1777903127.814364,1777903127.814364,10312
2699,24296.229203,1777903127.825492,1777903127.825492,10313
2700,24296.240254,1777903127.836619,1777903127.836619,10314
2701,24296.251405,1777903127.847746,1777903127.847746,10315
2702,24296.262495,1777903127.858875,1777903127.858875,10316
2703,24296.273638,1777903127.870002,1777903127.870002,10317
2704,24296.284800,1777903127.881129,1777903127.881129,10318
2705,24296.295838,1777903127.892256,1777903127.892256,10319
2706,24296.306982,1777903127.903384,1777903127.903384,10320
2707,24296.318202,1777903127.914511,1777903127.914511,10321
2708,24296.329243,1777903127.925639,1777903127.925639,10322
2709,24296.340382,1777903127.936766,1777903127.936766,10323
2710,24296.351657,1777903127.947893,1777903127.947893,10324
2711,24296.362638,1777903127.959021,1777903127.959021,10325
2712,24296.373744,1777903127.970148,1777903127.970148,10326
2713,24296.385228,1777903127.981275,1777903127.981275,10327
2714,24296.396027,1777903127.992403,1777903127.992403,10328
2715,24296.407150,1777903128.003530,1777903128.003530,10329
2716,24296.418308,1777903128.014657,1777903128.014657,10330
2717,24296.429361,1777903128.025785,1777903128.025785,10331
2718,24296.440483,1777903128.036913,1777903128.036913,10332
2719,24296.451799,1777903128.048039,1777903128.048039,10333
2720,24296.462777,1777903128.059168,1777903128.059168,10334
2721,24296.473871,1777903128.070295,1777903128.070295,10335
2722,24296.485150,1777903128.081422,1777903128.081422,10336
2723,24296.496155,1777903128.092550,1777903128.092550,10337
2724,24296.507261,1777903128.103677,1777903128.103677,10338
2725,24296.518881,1777903128.114804,1777903128.114804,10339
2726,24296.529529,1777903128.125931,1777903128.125931,10340
2727,24296.540660,1777903128.137059,1777903128.137059,10341
2728,24296.552086,1777903128.148186,1777903128.148186,10342
2729,24296.563056,1777903128.159313,1777903128.159313,10343
2730,24296.574038,1777903128.170441,1777903128.170441,10344
2731,24296.585395,1777903128.181568,1777903128.181568,10345
2732,24296.596281,1777903128.192695,1777903128.192695,10346
2733,24296.607405,1777903128.203824,1777903128.203824,10347
2734,24296.618866,1777903128.214950,1777903128.214950,10348
2735,24296.629682,1777903128.226077,1777903128.226077,10349
2736,24296.640882,1777903128.237206,1777903128.237206,10350
2737,24296.652197,1777903128.248333,1777903128.248333,10351
2738,24296.663064,1777903128.259460,1777903128.259460,10352
2739,24296.674176,1777903128.270588,1777903128.270588,10353
2740,24296.685464,1777903128.281715,1777903128.281715,10354
2741,24296.696438,1777903128.292842,1777903128.292842,10355
2742,24296.707598,1777903128.303970,1777903128.303970,10356
2743,24296.719021,1777903128.315097,1777903128.315097,10357
2744,24296.729830,1777903128.326224,1777903128.326224,10358
2745,24296.741015,1777903128.337352,1777903128.337352,10359
2746,24296.752336,1777903128.348479,1777903128.348479,10360
2747,24296.763233,1777903128.359606,1777903128.359606,10361
2748,24296.774331,1777903128.370734,1777903128.370734,10362
2749,24296.785434,1777903128.381861,1777903128.381861,10363
2750,24296.796574,1777903128.392988,1777903128.392988,10364
2751,24296.807779,1777903128.404116,1777903128.404116,10365
2752,24296.818799,1777903128.415243,1777903128.415243,10366
2753,24296.829904,1777903128.426370,1777903128.426370,10367
2754,24296.841137,1777903128.437499,1777903128.437499,10368
2755,24296.852199,1777903128.448626,1777903128.448626,10369
2756,24296.863373,1777903128.459753,1777903128.459753,10370
2757,24296.874534,1777903128.470881,1777903128.470881,10371
2758,24296.885553,1777903128.482008,1777903128.482008,10372
2759,24296.896698,1777903128.493135,1777903128.493135,10373
2760,24296.907969,1777903128.504263,1777903128.504263,10374
2761,24296.918938,1777903128.515390,1777903128.515390,10375
2762,24296.930080,1777903128.526517,1777903128.526517,10376
2763,24296.941250,1777903128.537645,1777903128.537645,10377
2764,24296.952815,1777903128.548772,1777903128.548772,10378
2765,24296.963505,1777903128.559899,1777903128.559899,10379
2766,24296.974604,1777903128.571026,1777903128.571026,10380
2767,24296.985799,1777903128.582154,1777903128.582154,10381
2768,24296.996944,1777903128.593281,1777903128.593281,10382
2769,24297.008154,1777903128.604408,1777903128.604408,10383
2770,24297.019173,1777903128.615536,1777903128.615536,10384
2771,24297.030292,1777903128.626663,1777903128.626663,10385
2772,24297.041521,1777903128.637790,1777903128.637790,10386
2773,24297.052524,1777903128.648918,1777903128.648918,10387
2774,24297.063635,1777903128.660045,1777903128.660045,10388
2775,24297.074873,1777903128.671173,1777903128.671173,10389
2776,24297.085923,1777903128.682301,1777903128.682301,10390
2777,24297.097078,1777903128.693428,1777903128.693428,10391
2778,24297.108431,1777903128.704555,1777903128.704555,10392
2779,24297.119469,1777903128.715683,1777903128.715683,10393
2780,24297.130490,1777903128.726810,1777903128.726810,10394
2781,24297.141585,1777903128.737937,1777903128.737937,10395
2782,24297.152637,1777903128.749065,1777903128.749065,10396
2783,24297.163804,1777903128.760192,1777903128.760192,10397
2784,24297.175118,1777903128.771319,1777903128.771319,10398
2785,24297.186101,1777903128.782447,1777903128.782447,10399
2786,24297.197206,1777903128.793574,1777903128.793574,10400
2787,24297.208303,1777903128.804701,1777903128.804701,10401
2788,24297.219456,1777903128.815829,1777903128.815829,10402
2789,24297.230579,1777903128.826956,1777903128.826956,10403
2790,24297.241938,1777903128.838083,1777903128.838083,10404
2791,24297.252852,1777903128.849211,1777903128.849211,10405
2792,24297.263936,1777903128.860338,1777903128.860338,10406
2793,24297.275265,1777903128.871465,1777903128.871465,10407
2794,24297.286202,1777903128.882593,1777903128.882593,10408
2795,24297.297375,1777903128.893720,1777903128.893720,10409
2796,24297.308618,1777903128.904847,1777903128.904847,10410
2797,24297.319565,1777903128.915975,1777903128.915975,10411
2798,24297.330726,1777903128.927103,1777903128.927103,10412
2799,24297.342080,1777903128.938230,1777903128.938230,10413
2800,24297.352943,1777903128.949358,1777903128.949358,10414
2801,24297.364079,1777903128.960485,1777903128.960485,10415
2802,24297.375260,1777903128.971611,1777903128.971611,10416
2803,24297.386354,1777903128.982740,1777903128.982740,10417
2804,24297.397542,1777903128.993867,1777903128.993867,10418
2805,24297.408622,1777903129.004994,1777903129.004994,10419
2806,24297.419726,1777903129.016121,1777903129.016121,10420
2807,24297.430896,1777903129.027249,1777903129.027249,10421
2808,24297.442070,1777903129.038376,1777903129.038376,10422
2809,24297.453137,1777903129.049503,1777903129.049503,10423
2810,24297.464281,1777903129.060631,1777903129.060631,10424
2811,24297.475358,1777903129.071758,1777903129.071758,10425
2812,24297.486469,1777903129.082885,1777903129.082885,10426
2813,24297.497593,1777903129.094013,1777903129.094013,10427
2814,24297.508786,1777903129.105140,1777903129.105140,10428
2815,24297.519835,1777903129.116267,1777903129.116267,10429
2816,24297.531145,1777903129.127395,1777903129.127395,10430
2817,24297.542105,1777903129.138522,1777903129.138522,10431
2818,24297.553242,1777903129.149649,1777903129.149649,10432
2819,24297.564480,1777903129.160777,1777903129.160777,10433
2820,24297.575507,1777903129.171904,1777903129.171904,10434
2821,24297.586650,1777903129.183031,1777903129.183031,10435
2822,24297.597830,1777903129.194160,1777903129.194160,10436
2823,24297.608888,1777903129.205286,1777903129.205286,10437
2824,24297.619987,1777903129.216413,1777903129.216413,10438
2825,24297.631284,1777903129.227541,1777903129.227541,10439
2826,24297.642311,1777903129.238668,1777903129.238668,10440
2827,24297.653423,1777903129.249796,1777903129.249796,10441
2828,24297.664541,1777903129.260924,1777903129.260924,10442
2829,24297.675664,1777903129.272051,1777903129.272051,10443
2830,24297.686767,1777903129.283178,1777903129.283178,10444
2831,24297.697899,1777903129.294306,1777903129.294306,10445
2832,24297.720208,1777903129.316560,1777903129.316560,10447
2833,24297.731440,1777903129.327688,1777903129.327688,10448
2834,24297.742401,1777903129.338815,1777903129.338815,10449
2835,24297.753580,1777903129.349942,1777903129.349942,10450
2836,24297.764950,1777903129.361070,1777903129.361070,10451
2837,24297.775814,1777903129.372197,1777903129.372197,10452
2838,24297.786947,1777903129.383324,1777903129.383324,10453
2839,24297.798085,1777903129.394452,1777903129.394452,10454
2840,24297.809220,1777903129.405579,1777903129.405579,10455
2841,24297.820313,1777903129.416706,1777903129.416706,10456
2842,24297.831591,1777903129.427834,1777903129.427834,10457
2843,24297.842599,1777903129.438961,1777903129.438961,10458
2844,24297.853674,1777903129.450088,1777903129.450088,10459
2845,24297.864875,1777903129.461215,1777903129.461215,10460
2846,24297.875936,1777903129.472343,1777903129.472343,10461
2847,24297.887080,1777903129.483470,1777903129.483470,10462
2848,24297.898191,1777903129.494597,1777903129.494597,10463
2849,24297.909290,1777903129.505726,1777903129.505726,10464
2850,24297.920429,1777903129.516853,1777903129.516853,10465
2851,24297.931646,1777903129.527980,1777903129.527980,10466
2852,24297.942676,1777903129.539108,1777903129.539108,10467
2853,24297.953785,1777903129.550235,1777903129.550235,10468
2854,24297.965176,1777903129.561362,1777903129.561362,10469
2855,24297.976139,1777903129.572490,1777903129.572490,10470
2856,24297.987210,1777903129.583617,1777903129.583617,10471
2857,24297.998519,1777903129.594744,1777903129.594744,10472
2858,24298.009451,1777903129.605872,1777903129.605872,10473
2859,24298.020605,1777903129.616999,1777903129.616999,10474
2860,24298.031911,1777903129.628126,1777903129.628126,10475
2861,24298.042825,1777903129.639254,1777903129.639254,10476
2862,24298.053944,1777903129.650381,1777903129.650381,10477
2863,24298.065352,1777903129.661508,1777903129.661508,10478
2864,24298.076206,1777903129.672636,1777903129.672636,10479
2865,24298.087373,1777903129.683764,1777903129.683764,10480
2866,24298.098656,1777903129.694890,1777903129.694890,10481
2867,24298.109630,1777903129.706018,1777903129.706018,10482
2868,24298.120756,1777903129.717145,1777903129.717145,10483
2869,24298.131958,1777903129.728272,1777903129.728272,10484
2870,24298.143017,1777903129.739401,1777903129.739401,10485
2871,24298.154152,1777903129.750528,1777903129.750528,10486
2872,24298.165369,1777903129.761655,1777903129.761655,10487
2873,24298.176361,1777903129.772783,1777903129.772783,10488
2874,24298.187504,1777903129.783910,1777903129.783910,10489
2875,24298.198783,1777903129.795037,1777903129.795037,10490
2876,24298.209735,1777903129.806165,1777903129.806165,10491
2877,24298.220957,1777903129.817292,1777903129.817292,10492
2878,24298.232023,1777903129.828419,1777903129.828419,10493
2879,24298.243194,1777903129.839547,1777903129.839547,10494
2880,24298.254337,1777903129.850674,1777903129.850674,10495
2881,24298.265389,1777903129.861801,1777903129.861801,10496
2882,24298.276524,1777903129.872929,1777903129.872929,10497
2883,24298.287740,1777903129.884056,1777903129.884056,10498
2884,24298.298793,1777903129.895183,1777903129.895183,10499
2885,24298.309886,1777903129.906310,1777903129.906310,10500
2886,24298.321077,1777903129.917438,1777903129.917438,10501
2887,24298.332159,1777903129.928566,1777903129.928566,10502
2888,24298.343258,1777903129.939692,1777903129.939692,10503
2889,24298.354457,1777903129.950820,1777903129.950820,10504
2890,24298.365620,1777903129.961947,1777903129.961947,10505
2891,24298.376645,1777903129.973074,1777903129.973074,10506
2892,24298.387963,1777903129.984203,1777903129.984203,10507
2893,24298.398902,1777903129.995330,1777903129.995330,10508
2894,24298.410038,1777903130.006457,1777903130.006457,10509
2895,24298.421172,1777903130.017585,1777903130.017585,10510
2896,24298.432298,1777903130.028712,1777903130.028712,10511
2897,24298.443393,1777903130.039839,1777903130.039839,10512
2898,24298.454611,1777903130.050967,1777903130.050967,10513
2899,24298.465682,1777903130.062094,1777903130.062094,10514
2900,24298.476791,1777903130.073221,1777903130.073221,10515
2901,24298.488011,1777903130.084349,1777903130.084349,10516
2902,24298.499051,1777903130.095476,1777903130.095476,10517
2903,24298.510174,1777903130.106603,1777903130.106603,10518
2904,24298.521313,1777903130.117731,1777903130.117731,10519
2905,24298.532469,1777903130.128858,1777903130.128858,10520
2906,24298.543619,1777903130.139985,1777903130.139985,10521
2907,24298.554840,1777903130.151113,1777903130.151113,10522
2908,24298.565797,1777903130.162240,1777903130.162240,10523
2909,24298.576978,1777903130.173368,1777903130.173368,10524
2910,24298.588262,1777903130.184495,1777903130.184495,10525
2911,24298.599193,1777903130.195622,1777903130.195622,10526
2912,24298.610366,1777903130.206749,1777903130.206749,10527
2913,24298.621560,1777903130.217877,1777903130.217877,10528
2914,24298.632583,1777903130.229005,1777903130.229005,10529
2915,24298.643735,1777903130.240132,1777903130.240132,10530
2916,24298.654868,1777903130.251260,1777903130.251260,10531
2917,24298.665959,1777903130.262387,1777903130.262387,10532
2918,24298.677132,1777903130.273514,1777903130.273514,10533
2919,24298.688547,1777903130.284642,1777903130.284642,10534
2920,24298.699373,1777903130.295769,1777903130.295769,10535
2921,24298.710527,1777903130.306896,1777903130.306896,10536
2922,24298.721822,1777903130.318024,1777903130.318024,10537
2923,24298.732767,1777903130.329151,1777903130.329151,10538
2924,24298.743888,1777903130.340278,1777903130.340278,10539
2925,24298.755224,1777903130.351405,1777903130.351405,10540
2926,24298.766198,1777903130.362533,1777903130.362533,10541
2927,24298.777314,1777903130.373660,1777903130.373660,10542
2928,24298.788679,1777903130.384787,1777903130.384787,10543
2929,24298.799576,1777903130.395915,1777903130.395915,10544
2930,24298.810643,1777903130.407042,1777903130.407042,10545
2931,24298.821872,1777903130.418169,1777903130.418169,10546
2932,24298.832882,1777903130.429297,1777903130.429297,10547
2933,24298.843998,1777903130.440424,1777903130.440424,10548
2934,24298.855232,1777903130.451551,1777903130.451551,10549
2935,24298.866253,1777903130.462679,1777903130.462679,10550
2936,24298.877544,1777903130.473806,1777903130.473806,10551
2937,24298.888597,1777903130.484933,1777903130.484933,10552
2938,24298.899623,1777903130.496061,1777903130.496061,10553
2939,24298.910823,1777903130.507188,1777903130.507188,10554
2940,24298.921906,1777903130.518315,1777903130.518315,10555
2941,24298.933013,1777903130.529443,1777903130.529443,10556
2942,24298.944207,1777903130.540570,1777903130.540570,10557
2943,24298.955312,1777903130.551697,1777903130.551697,10558
2944,24298.966390,1777903130.562825,1777903130.562825,10559
2945,24298.977561,1777903130.573952,1777903130.573952,10560
2946,24298.988710,1777903130.585079,1777903130.585079,10561
2947,24298.999798,1777903130.596207,1777903130.596207,10562
2948,24299.011046,1777903130.607334,1777903130.607334,10563
2949,24299.022148,1777903130.618461,1777903130.618461,10564
2950,24299.033238,1777903130.629589,1777903130.629589,10565
2951,24299.044373,1777903130.640716,1777903130.640716,10566
2952,24299.055804,1777903130.651843,1777903130.651843,10567
2953,24299.066602,1777903130.662971,1777903130.662971,10568
2954,24299.077909,1777903130.674098,1777903130.674098,10569
2955,24299.088829,1777903130.685225,1777903130.685225,10570
2956,24299.100013,1777903130.696352,1777903130.696352,10571
2957,24299.111254,1777903130.707479,1777903130.707479,10572
2958,24299.122191,1777903130.718606,1777903130.718606,10573
2959,24299.133346,1777903130.729735,1777903130.729735,10574
2960,24299.144619,1777903130.740862,1777903130.740862,10575
2961,24299.155589,1777903130.751988,1777903130.751988,10576
2962,24299.166712,1777903130.763116,1777903130.763116,10577
2963,24299.178036,1777903130.774243,1777903130.774243,10578
2964,24299.188953,1777903130.785370,1777903130.785370,10579
2965,24299.200118,1777903130.796497,1777903130.796497,10580
2966,24299.211421,1777903130.807625,1777903130.807625,10581
2967,24299.222379,1777903130.818753,1777903130.818753,10582
2968,24299.233476,1777903130.829879,1777903130.829879,10583
2969,24299.244755,1777903130.841007,1777903130.841007,10584
2970,24299.255792,1777903130.852134,1777903130.852134,10585
2971,24299.266914,1777903130.863261,1777903130.863261,10586
2972,24299.278214,1777903130.874389,1777903130.874389,10587
2973,24299.289108,1777903130.885516,1777903130.885516,10588
2974,24299.300268,1777903130.896643,1777903130.896643,10589
2975,24299.311721,1777903130.907771,1777903130.907771,10590
2976,24299.322500,1777903130.918898,1777903130.918898,10591
2977,24299.333635,1777903130.930025,1777903130.930025,10592
2978,24299.344923,1777903130.941153,1777903130.941153,10593
2979,24299.355884,1777903130.952280,1777903130.952280,10594
2980,24299.366986,1777903130.963407,1777903130.963407,10595
2981,24299.378275,1777903130.974535,1777903130.974535,10596
2982,24299.389258,1777903130.985662,1777903130.985662,10597
2983,24299.400423,1777903130.996789,1777903130.996789,10598
2984,24299.411765,1777903131.007917,1777903131.007917,10599
2985,24299.422662,1777903131.019044,1777903131.019044,10600
2986,24299.433818,1777903131.030171,1777903131.030171,10601
2987,24299.445285,1777903131.041299,1777903131.041299,10602
2988,24299.456044,1777903131.052426,1777903131.052426,10603
2989,24299.467163,1777903131.063553,1777903131.063553,10604
2990,24299.478448,1777903131.074681,1777903131.074681,10605
2991,24299.489411,1777903131.085808,1777903131.085808,10606
2992,24299.500501,1777903131.096935,1777903131.096935,10607
2993,24299.511711,1777903131.108063,1777903131.108063,10608
2994,24299.522780,1777903131.119190,1777903131.119190,10609
2995,24299.533920,1777903131.130317,1777903131.130317,10610
2996,24299.545290,1777903131.141445,1777903131.141445,10611
2997,24299.556168,1777903131.152571,1777903131.152571,10612
2998,24299.567322,1777903131.163698,1777903131.163698,10613
2999,24299.578604,1777903131.174826,1777903131.174826,10614
3000,24299.589532,1777903131.185953,1777903131.185953,10615
3001,24299.600673,1777903131.197080,1777903131.197080,10616
3002,24299.611960,1777903131.208208,1777903131.208208,10617
3003,24299.622928,1777903131.219335,1777903131.219335,10618
3004,24299.634090,1777903131.230462,1777903131.230462,10619
3005,24299.645428,1777903131.241589,1777903131.241589,10620
3006,24299.656358,1777903131.252717,1777903131.252717,10621
3007,24299.667447,1777903131.263844,1777903131.263844,10622
3008,24299.678645,1777903131.274971,1777903131.274971,10623
3009,24299.689683,1777903131.286099,1777903131.286099,10624
3010,24299.700815,1777903131.297226,1777903131.297226,10625
3011,24299.711987,1777903131.308353,1777903131.308353,10626
3012,24299.723116,1777903131.319481,1777903131.319481,10627
3013,24299.734351,1777903131.330608,1777903131.330608,10628
3014,24299.745377,1777903131.341735,1777903131.341735,10629
3015,24299.756490,1777903131.352863,1777903131.352863,10630
3016,24299.767595,1777903131.363990,1777903131.363990,10631
3017,24299.778828,1777903131.375117,1777903131.375117,10632
3018,24299.789830,1777903131.386245,1777903131.386245,10633
3019,24299.801030,1777903131.397372,1777903131.397372,10634
3020,24299.812107,1777903131.408499,1777903131.408499,10635
3021,24299.823265,1777903131.419627,1777903131.419627,10636
3022,24299.834572,1777903131.430754,1777903131.430754,10637
3023,24299.845485,1777903131.441881,1777903131.441881,10638
3024,24299.856591,1777903131.453009,1777903131.453009,10639
3025,24299.867833,1777903131.464136,1777903131.464136,10640
3026,24299.878871,1777903131.475263,1777903131.475263,10641
3027,24299.889974,1777903131.486391,1777903131.486391,10642
3028,24299.901178,1777903131.497518,1777903131.497518,10643
3029,24299.912235,1777903131.508645,1777903131.508645,10644
3030,24299.923368,1777903131.519773,1777903131.519773,10645
3031,24299.934646,1777903131.530900,1777903131.530900,10646
3032,24299.945635,1777903131.542027,1777903131.542027,10647
3033,24299.956783,1777903131.553155,1777903131.553155,10648
3034,24299.968036,1777903131.564282,1777903131.564282,10649
3035,24299.979045,1777903131.575409,1777903131.575409,10650
3036,24299.990128,1777903131.586538,1777903131.586538,10651
3037,24300.001436,1777903131.597665,1777903131.597665,10652
3038,24300.012412,1777903131.608792,1777903131.608792,10653
3039,24300.023490,1777903131.619920,1777903131.619920,10654
3040,24300.034805,1777903131.631047,1777903131.631047,10655
3041,24300.045782,1777903131.642174,1777903131.642174,10656
3042,24300.056911,1777903131.653302,1777903131.653302,10657
3043,24300.068234,1777903131.664429,1777903131.664429,10658
3044,24300.079210,1777903131.675556,1777903131.675556,10659
3045,24300.090338,1777903131.686683,1777903131.686683,10660
3046,24300.101429,1777903131.697811,1777903131.697811,10661
3047,24300.112579,1777903131.708938,1777903131.708938,10662
3048,24300.123653,1777903131.720065,1777903131.720065,10663
3049,24300.134979,1777903131.731193,1777903131.731193,10664
3050,24300.145992,1777903131.742320,1777903131.742320,10665
3051,24300.157068,1777903131.753447,1777903131.753447,10666
3052,24300.168382,1777903131.764575,1777903131.764575,10667
3053,24300.179365,1777903131.775702,1777903131.775702,10668
3054,24300.190459,1777903131.786829,1777903131.786829,10669
3055,24300.201769,1777903131.797957,1777903131.797957,10670
3056,24300.212803,1777903131.809084,1777903131.809084,10671
3057,24300.223820,1777903131.820211,1777903131.820211,10672
3058,24300.235245,1777903131.831339,1777903131.831339,10673
3059,24300.246183,1777903131.842466,1777903131.842466,10674
3060,24300.257225,1777903131.853593,1777903131.853593,10675
3061,24300.268712,1777903131.864721,1777903131.864721,10676
3062,24300.279589,1777903131.875848,1777903131.875848,10677
3063,24300.290612,1777903131.886975,1777903131.886975,10678
3064,24300.302119,1777903131.898103,1777903131.898103,10679
3065,24300.312928,1777903131.909230,1777903131.909230,10680
3066,24300.324016,1777903131.920357,1777903131.920357,10681
3067,24300.335289,1777903131.931485,1777903131.931485,10682
3068,24300.346295,1777903131.942613,1777903131.942613,10683
3069,24300.357396,1777903131.953739,1777903131.953739,10684
3070,24300.368589,1777903131.964867,1777903131.964867,10685
3071,24300.379963,1777903131.975995,1777903131.975995,10686
3072,24300.390755,1777903131.987122,1777903131.987122,10687
3073,24300.401927,1777903131.998250,1777903131.998250,10688
3074,24300.413028,1777903132.009377,1777903132.009377,10689
3075,24300.424094,1777903132.020504,1777903132.020504,10690
3076,24300.435233,1777903132.031632,1777903132.031632,10691
3077,24300.446342,1777903132.042758,1777903132.042758,10692
3078,24300.457649,1777903132.053886,1777903132.053886,10693
3079,24300.468621,1777903132.065014,1777903132.065014,10694
3080,24300.479751,1777903132.076141,1777903132.076141,10695
3081,24300.490916,1777903132.087268,1777903132.087268,10696
3082,24300.502050,1777903132.098396,1777903132.098396,10697
3083,24300.513182,1777903132.109523,1777903132.109523,10698
3084,24300.524242,1777903132.120650,1777903132.120650,10699
3085,24300.535401,1777903132.131777,1777903132.131777,10700
3086,24300.546518,1777903132.142905,1777903132.142905,10701
3087,24300.557603,1777903132.154032,1777903132.154032,10702
3088,24300.568769,1777903132.165159,1777903132.165159,10703
3089,24300.579918,1777903132.176287,1777903132.176287,10704
3090,24300.591135,1777903132.187414,1777903132.187414,10705
3091,24300.602175,1777903132.198541,1777903132.198541,10706
3092,24300.613292,1777903132.209669,1777903132.209669,10707
3093,24300.624546,1777903132.220796,1777903132.220796,10708
3094,24300.635545,1777903132.231923,1777903132.231923,10709
3095,24300.646631,1777903132.243051,1777903132.243051,10710
3096,24300.658013,1777903132.254178,1777903132.254178,10711
3097,24300.668885,1777903132.265305,1777903132.265305,10712
3098,24300.680038,1777903132.276433,1777903132.276433,10713
3099,24300.691352,1777903132.287560,1777903132.287560,10714
3100,24300.702300,1777903132.298687,1777903132.298687,10715
3101,24300.713436,1777903132.309815,1777903132.309815,10716
3102,24300.724796,1777903132.320942,1777903132.320942,10717
3103,24300.735752,1777903132.332069,1777903132.332069,10718
3104,24300.746837,1777903132.343197,1777903132.343197,10719
3105,24300.758199,1777903132.354325,1777903132.354325,10720
3106,24300.769142,1777903132.365452,1777903132.365452,10721
3107,24300.780230,1777903132.376580,1777903132.376580,10722
3108,24300.791471,1777903132.387707,1777903132.387707,10723
3109,24300.802482,1777903132.398834,1777903132.398834,10724
3110,24300.813633,1777903132.409963,1777903132.409963,10725
3111,24300.824891,1777903132.421090,1777903132.421090,10726
3112,24300.835845,1777903132.432217,1777903132.432217,10727
3113,24300.847007,1777903132.443346,1777903132.443346,10728
3114,24300.858581,1777903132.454473,1777903132.454473,10729
3115,24300.869290,1777903132.465600,1777903132.465600,10730
3116,24300.880346,1777903132.476728,1777903132.476728,10731
3117,24300.891781,1777903132.487856,1777903132.487856,10732
3118,24300.902645,1777903132.498983,1777903132.498983,10733
3119,24300.913819,1777903132.510111,1777903132.510111,10734
3120,24300.924986,1777903132.521239,1777903132.521239,10735
3121,24300.936018,1777903132.532366,1777903132.532366,10736
3122,24300.947154,1777903132.543494,1777903132.543494,10737
3123,24300.958391,1777903132.554621,1777903132.554621,10738
3124,24300.969401,1777903132.565748,1777903132.565748,10739
3125,24300.980508,1777903132.576876,1777903132.576876,10740
3126,24300.992069,1777903132.588004,1777903132.588004,10741
3127,24301.002750,1777903132.599131,1777903132.599131,10742
3128,24301.013906,1777903132.610259,1777903132.610259,10743
3129,24301.025287,1777903132.621387,1777903132.621387,10744
3130,24301.036163,1777903132.632514,1777903132.632514,10745
3131,24301.047282,1777903132.643641,1777903132.643641,10746
3132,24301.058653,1777903132.654770,1777903132.654770,10747
3133,24301.069519,1777903132.665897,1777903132.665897,10748
3134,24301.080666,1777903132.677024,1777903132.677024,10749
3135,24301.091943,1777903132.688153,1777903132.688153,10750
3136,24301.102940,1777903132.699280,1777903132.699280,10751
3137,24301.114070,1777903132.710407,1777903132.710407,10752
3138,24301.125517,1777903132.721535,1777903132.721535,10753
3139,24301.136285,1777903132.732663,1777903132.732663,10754
3140,24301.147510,1777903132.743790,1777903132.743790,10755
3141,24301.158728,1777903132.754918,1777903132.754918,10756
3142,24301.169700,1777903132.766045,1777903132.766045,10757
3143,24301.180882,1777903132.777173,1777903132.777173,10758
3144,24301.192289,1777903132.788301,1777903132.788301,10759
3145,24301.203088,1777903132.799428,1777903132.799428,10760
3146,24301.214193,1777903132.810556,1777903132.810556,10761
3147,24301.225386,1777903132.821684,1777903132.821684,10762
3148,24301.236409,1777903132.832811,1777903132.832811,10763
3149,24301.247557,1777903132.843939,1777903132.843939,10764
3150,24301.258919,1777903132.855067,1777903132.855067,10765
3151,24301.270053,1777903132.866194,1777903132.866194,10766
3152,24301.281099,1777903132.877321,1777903132.877321,10767
3153,24301.292206,1777903132.888450,1777903132.888450,10768
3154,24301.303194,1777903132.899577,1777903132.899577,10769
3155,24301.314421,1777903132.910704,1777903132.910704,10770
3156,24301.325520,1777903132.921833,1777903132.921833,10771
3157,24301.336560,1777903132.932960,1777903132.932960,10772
3158,24301.347679,1777903132.944087,1777903132.944087,10773
3159,24301.358929,1777903132.955215,1777903132.955215,10774
3160,24301.369991,1777903132.966342,1777903132.966342,10775
3161,24301.381168,1777903132.977470,1777903132.977470,10776
3162,24301.392223,1777903132.988598,1777903132.988598,10777
3163,24301.403330,1777903132.999726,1777903132.999726,10778
3164,24301.414485,1777903133.010853,1777903133.010853,10779
3165,24301.425602,1777903133.021980,1777903133.021980,10780
3166,24301.436757,1777903133.033108,1777903133.033108,10781
3167,24301.448062,1777903133.044236,1777903133.044236,10782
3168,24301.458996,1777903133.055363,1777903133.055363,10783
3169,24301.470130,1777903133.066491,1777903133.066491,10784
3170,24301.481511,1777903133.077619,1777903133.077619,10785
3171,24301.492501,1777903133.088746,1777903133.088746,10786
3172,24301.503600,1777903133.099874,1777903133.099874,10787
3173,24301.514889,1777903133.111001,1777903133.111001,10788
3174,24301.526030,1777903133.122129,1777903133.122129,10789
3175,24301.536907,1777903133.133257,1777903133.133257,10790
3176,24301.548181,1777903133.144384,1777903133.144384,10791
3177,24301.559223,1777903133.155512,1777903133.155512,10792
3178,24301.570276,1777903133.166640,1777903133.166640,10793
3179,24301.581472,1777903133.177767,1777903133.177767,10794
3180,24301.592530,1777903133.188895,1777903133.188895,10795
3181,24301.603619,1777903133.200023,1777903133.200023,10796
3182,24301.615011,1777903133.211150,1777903133.211150,10797
3183,24301.625880,1777903133.222278,1777903133.222278,10798
3184,24301.636999,1777903133.233406,1777903133.233406,10799
3185,24301.659278,1777903133.255660,1777903133.255660,10801
3186,24301.670419,1777903133.266789,1777903133.266789,10802
3187,24301.681563,1777903133.277916,1777903133.277916,10803
3188,24301.692655,1777903133.289043,1777903133.289043,10804
3189,24301.703777,1777903133.300172,1777903133.300172,10805
3190,24301.715129,1777903133.311299,1777903133.311299,10806
3191,24301.726044,1777903133.322426,1777903133.322426,10807
3192,24301.737155,1777903133.333555,1777903133.333555,10808
3193,24301.748579,1777903133.344682,1777903133.344682,10809
3194,24301.759442,1777903133.355809,1777903133.355809,10810
3195,24301.770549,1777903133.366937,1777903133.366937,10811
3196,24301.781801,1777903133.378065,1777903133.378065,10812
3197,24301.792829,1777903133.389192,1777903133.389192,10813
3198,24301.803955,1777903133.400320,1777903133.400320,10814
3199,24301.815181,1777903133.411448,1777903133.411448,10815
3200,24301.826176,1777903133.422575,1777903133.422575,10816
3201,24301.837358,1777903133.433703,1777903133.433703,10817
3202,24301.848537,1777903133.444831,1777903133.444831,10818
3203,24301.859529,1777903133.455958,1777903133.455958,10819
3204,24301.870742,1777903133.467085,1777903133.467085,10820
3205,24301.881908,1777903133.478213,1777903133.478213,10821
3206,24301.892938,1777903133.489341,1777903133.489341,10822
3207,24301.904084,1777903133.500468,1777903133.500468,10823
3208,24301.915203,1777903133.511596,1777903133.511596,10824
3209,24301.926376,1777903133.522724,1777903133.522724,10825
3210,24301.937452,1777903133.533851,1777903133.533851,10826
3211,24301.948796,1777903133.544979,1777903133.544979,10827
3212,24301.959666,1777903133.556106,1777903133.556106,10828
3213,24301.970811,1777903133.567234,1777903133.567234,10829
3214,24301.981936,1777903133.578362,1777903133.578362,10830
3215,24301.993114,1777903133.589489,1777903133.589489,10831
3216,24302.004338,1777903133.600617,1777903133.600617,10832
3217,24302.015348,1777903133.611745,1777903133.611745,10833
3218,24302.026457,1777903133.622872,1777903133.622872,10834
3219,24302.037763,1777903133.634000,1777903133.634000,10835
3220,24302.048702,1777903133.645128,1777903133.645128,10836
3221,24302.059835,1777903133.656255,1777903133.656255,10837
3222,24302.070982,1777903133.667382,1777903133.667382,10838
3223,24302.082158,1777903133.678511,1777903133.678511,10839
3224,24302.093285,1777903133.689638,1777903133.689638,10840
3225,24302.104564,1777903133.700765,1777903133.700765,10841
3226,24302.115520,1777903133.711894,1777903133.711894,10842
3227,24302.126939,1777903133.723021,1777903133.723021,10843
3228,24302.137943,1777903133.734149,1777903133.734149,10844
3229,24302.148889,1777903133.745277,1777903133.745277,10845
3230,24302.159982,1777903133.756404,1777903133.756404,10846
3231,24302.171102,1777903133.767531,1777903133.767531,10847
3232,24302.182281,1777903133.778660,1777903133.778660,10848
3233,24302.193376,1777903133.789787,1777903133.789787,10849
3234,24302.204615,1777903133.800914,1777903133.800914,10850
3235,24302.215628,1777903133.812043,1777903133.812043,10851
3236,24302.226719,1777903133.823170,1777903133.823170,10852
3237,24302.237917,1777903133.834297,1777903133.834297,10853
3238,24302.248991,1777903133.845426,1777903133.845426,10854
3239,24302.260122,1777903133.856553,1777903133.856553,10855
3240,24302.271441,1777903133.867680,1777903133.867680,10856
3241,24302.282413,1777903133.878808,1777903133.878808,10857
3242,24302.293516,1777903133.889936,1777903133.889936,10858
3243,24302.304774,1777903133.901063,1777903133.901063,10859
3244,24302.315777,1777903133.912190,1777903133.912190,10860
3245,24302.326885,1777903133.923319,1777903133.923319,10861
3246,24302.338172,1777903133.934446,1777903133.934446,10862
3247,24302.349175,1777903133.945574,1777903133.945574,10863
3248,24302.360267,1777903133.956702,1777903133.956702,10864
3249,24302.371556,1777903133.967829,1777903133.967829,10865
3250,24302.382504,1777903133.978956,1777903133.978956,10866
3251,24302.393642,1777903133.990085,1777903133.990085,10867
3252,24302.404967,1777903134.001212,1777903134.001212,10868
3253,24302.415912,1777903134.012339,1777903134.012339,10869
3254,24302.427077,1777903134.023468,1777903134.023468,10870
3255,24302.438233,1777903134.034595,1777903134.034595,10871
3256,24302.449323,1777903134.045722,1777903134.045722,10872
3257,24302.460421,1777903134.056851,1777903134.056851,10873
3258,24302.471863,1777903134.067978,1777903134.067978,10874
3259,24302.482671,1777903134.079105,1777903134.079105,10875
3260,24302.493803,1777903134.090234,1777903134.090234,10876
3261,24302.505238,1777903134.101361,1777903134.101361,10877
3262,24302.516097,1777903134.112489,1777903134.112489,10878
3263,24302.527227,1777903134.123617,1777903134.123617,10879
3264,24302.538456,1777903134.134744,1777903134.134744,10880
3265,24302.549565,1777903134.145871,1777903134.145871,10881
3266,24302.560602,1777903134.157000,1777903134.157000,10882
3267,24302.571961,1777903134.168127,1777903134.168127,10883
3268,24302.582830,1777903134.179254,1777903134.179254,10884
3269,24302.593995,1777903134.190383,1777903134.190383,10885
3270,24302.605257,1777903134.201510,1777903134.201510,10886
3271,24302.616204,1777903134.212637,1777903134.212637,10887
3272,24302.627369,1777903134.223766,1777903134.223766,10888
3273,24302.638509,1777903134.234893,1777903134.234893,10889
3274,24302.649578,1777903134.246021,1777903134.246021,10890
3275,24302.660792,1777903134.257149,1777903134.257149,10891
3276,24302.672047,1777903134.268276,1777903134.268276,10892
3277,24302.682954,1777903134.279403,1777903134.279403,10893
3278,24302.694098,1777903134.290532,1777903134.290532,10894
3279,24302.705350,1777903134.301659,1777903134.301659,10895
3280,24302.716370,1777903134.312787,1777903134.312787,10896
3281,24302.727482,1777903134.323915,1777903134.323915,10897
3282,24302.738633,1777903134.335042,1777903134.335042,10898
3283,24302.749732,1777903134.346170,1777903134.346170,10899
3284,24302.760908,1777903134.357297,1777903134.357297,10900
3285,24302.772203,1777903134.368425,1777903134.368425,10901
3286,24302.783143,1777903134.379552,1777903134.379552,10902
3287,24302.794350,1777903134.390679,1777903134.390679,10903
3288,24302.805449,1777903134.401807,1777903134.401807,10904
3289,24302.816496,1777903134.412935,1777903134.412935,10905
3290,24302.827637,1777903134.424062,1777903134.424062,10906
3291,24302.838756,1777903134.435190,1777903134.435190,10907
3292,24302.849869,1777903134.446317,1777903134.446317,10908
3293,24302.861036,1777903134.457444,1777903134.457444,10909
3294,24302.872158,1777903134.468572,1777903134.468572,10910
3295,24302.883281,1777903134.479699,1777903134.479699,10911
3296,24302.894522,1777903134.490827,1777903134.490827,10912
3297,24302.905507,1777903134.501955,1777903134.501955,10913
3298,24302.916649,1777903134.513082,1777903134.513082,10914
3299,24302.927871,1777903134.524209,1777903134.524209,10915
3300,24302.938898,1777903134.535337,1777903134.535337,10916
3301,24302.950033,1777903134.546464,1777903134.546464,10917
3302,24302.961278,1777903134.557591,1777903134.557591,10918
3303,24302.972273,1777903134.568720,1777903134.568720,10919
3304,24302.983405,1777903134.579847,1777903134.579847,10920
3305,24302.994659,1777903134.590974,1777903134.590974,10921
3306,24303.005663,1777903134.602102,1777903134.602102,10922
3307,24303.016782,1777903134.613230,1777903134.613230,10923
3308,24303.028065,1777903134.624357,1777903134.624357,10924
3309,24303.039081,1777903134.635485,1777903134.635485,10925
3310,24303.050193,1777903134.646612,1777903134.646612,10926
3311,24303.061768,1777903134.657739,1777903134.657739,10927
3312,24303.072417,1777903134.668867,1777903134.668867,10928
3313,24303.083548,1777903134.679994,1777903134.679994,10929
3314,24303.094839,1777903134.691122,1777903134.691122,10930
3315,24303.105809,1777903134.702250,1777903134.702250,10931
3316,24303.116934,1777903134.713377,1777903134.713377,10932
3317,24303.128103,1777903134.724504,1777903134.724504,10933
3318,24303.139201,1777903134.735632,1777903134.735632,10934
3319,24303.150308,1777903134.746759,1777903134.746759,10935
3320,24303.161487,1777903134.757886,1777903134.757886,10936
3321,24303.172581,1777903134.769015,1777903134.769015,10937
3322,24303.183691,1777903134.780142,1777903134.780142,10938
3323,24303.194914,1777903134.791269,1777903134.791269,10939
3324,24303.205950,1777903134.802396,1777903134.802396,10940
3325,24303.217089,1777903134.813524,1777903134.813524,10941
3326,24303.239317,1777903134.835778,1777903134.835778,10943
3327,24303.250449,1777903134.846907,1777903134.846907,10944
3328,24303.261814,1777903134.858034,1777903134.858034,10945
3329,24303.272760,1777903134.869161,1777903134.869161,10946
3330,24303.283965,1777903134.880289,1777903134.880289,10947
3331,24303.295174,1777903134.891417,1777903134.891417,10948
3332,24303.306159,1777903134.902544,1777903134.902544,10949
3333,24303.317244,1777903134.913672,1777903134.913672,10950
3334,24303.328568,1777903134.924799,1777903134.924799,10951
3335,24303.339579,1777903134.935926,1777903134.935926,10952
3336,24303.350623,1777903134.947054,1777903134.947054,10953
3337,24303.361804,1777903134.958181,1777903134.958181,10954
3338,24303.372839,1777903134.969309,1777903134.969309,10955
3339,24303.384167,1777903134.980437,1777903134.980437,10956
3340,24303.395183,1777903134.991564,1777903134.991564,10957
3341,24303.406264,1777903135.002691,1777903135.002691,10958
3342,24303.417514,1777903135.013819,1777903135.013819,10959
3343,24303.428685,1777903135.024946,1777903135.024946,10960
3344,24303.439758,1777903135.036073,1777903135.036073,10961
3345,24303.450908,1777903135.047202,1777903135.047202,10962
3346,24303.461908,1777903135.058329,1777903135.058329,10963
3347,24303.473052,1777903135.069456,1777903135.069456,10964
3348,24303.484233,1777903135.080584,1777903135.080584,10965
3349,24303.495332,1777903135.091712,1777903135.091712,10966
3350,24303.506439,1777903135.102839,1777903135.102839,10967
3351,24303.517595,1777903135.113967,1777903135.113967,10968
3352,24303.528709,1777903135.125094,1777903135.125094,10969
3353,24303.539811,1777903135.136221,1777903135.136221,10970
3354,24303.550991,1777903135.147349,1777903135.147349,10971
3355,24303.562051,1777903135.158476,1777903135.158476,10972
3356,24303.573186,1777903135.169604,1777903135.169604,10973
3357,24303.584429,1777903135.180732,1777903135.180732,10974
3358,24303.595451,1777903135.191859,1777903135.191859,10975
3359,24303.606577,1777903135.202986,1777903135.202986,10976
3360,24303.617885,1777903135.214114,1777903135.214114,10977
3361,24303.628796,1777903135.225241,1777903135.225241,10978
3362,24303.639937,1777903135.236369,1777903135.236369,10979
3363,24303.651280,1777903135.247496,1777903135.247496,10980
3364,24303.662225,1777903135.258624,1777903135.258624,10981
3365,24303.673401,1777903135.269751,1777903135.269751,10982
3366,24303.684684,1777903135.280878,1777903135.280878,10983
3367,24303.695581,1777903135.292006,1777903135.292006,10984
3368,24303.706726,1777903135.303133,1777903135.303133,10985
3369,24303.717989,1777903135.314261,1777903135.314261,10986
3370,24303.728959,1777903135.325389,1777903135.325389,10987
3371,24303.740094,1777903135.336516,1777903135.336516,10988
3372,24303.751376,1777903135.347643,1777903135.347643,10989
3373,24303.762305,1777903135.358771,1777903135.358771,10990
3374,24303.773440,1777903135.369898,1777903135.369898,10991
3375,24303.784731,1777903135.381025,1777903135.381025,10992
3376,24303.795733,1777903135.392153,1777903135.392153,10993
3377,24303.806814,1777903135.403280,1777903135.403280,10994
3378,24303.818247,1777903135.414407,1777903135.414407,10995
3379,24303.829099,1777903135.425536,1777903135.425536,10996
3380,24303.840233,1777903135.436663,1777903135.436663,10997
3381,24303.851597,1777903135.447790,1777903135.447790,10998
3382,24303.862440,1777903135.458918,1777903135.458918,10999
3383,24303.873584,1777903135.470045,1777903135.470045,11000
3384,24303.884786,1777903135.481172,1777903135.481172,11001
3385,24303.895857,1777903135.492300,1777903135.492300,11002
3386,24303.907038,1777903135.503427,1777903135.503427,11003
3387,24303.918301,1777903135.514554,1777903135.514554,11004
3388,24303.929248,1777903135.525682,1777903135.525682,11005
3389,24303.940375,1777903135.536809,1777903135.536809,11006
3390,24303.951757,1777903135.547936,1777903135.547936,11007
3391,24303.962608,1777903135.559064,1777903135.559064,11008
3392,24303.973751,1777903135.570191,1777903135.570191,11009
3393,24303.984967,1777903135.581318,1777903135.581318,11010
3394,24303.996030,1777903135.592446,1777903135.592446,11011
3395,24304.007126,1777903135.603573,1777903135.603573,11012
3396,24304.018406,1777903135.614701,1777903135.614701,11013
3397,24304.029408,1777903135.625828,1777903135.625828,11014
3398,24304.040522,1777903135.636955,1777903135.636955,11015
3399,24304.052191,1777903135.648082,1777903135.648082,11016
3400,24304.062771,1777903135.659211,1777903135.659211,11017
3401,24304.073891,1777903135.670338,1777903135.670338,11018
3402,24304.085164,1777903135.681465,1777903135.681465,11019
3403,24304.096211,1777903135.692592,1777903135.692592,11020
3404,24304.107359,1777903135.703720,1777903135.703720,11021
3405,24304.118587,1777903135.714847,1777903135.714847,11022
3406,24304.129586,1777903135.725974,1777903135.725974,11023
3407,24304.140692,1777903135.737102,1777903135.737102,11024
3408,24304.152041,1777903135.748229,1777903135.748229,11025
3409,24304.162937,1777903135.759356,1777903135.759356,11026
3410,24304.174070,1777903135.770484,1777903135.770484,11027
3411,24304.185253,1777903135.781611,1777903135.781611,11028
3412,24304.196305,1777903135.792738,1777903135.792738,11029
3413,24304.207531,1777903135.803866,1777903135.803866,11030
3414,24304.218611,1777903135.814993,1777903135.814993,11031
3415,24304.229682,1777903135.826120,1777903135.826120,11032
3416,24304.241040,1777903135.837248,1777903135.837248,11033
3417,24304.252258,1777903135.848376,1777903135.848376,11034
3418,24304.263103,1777903135.859503,1777903135.859503,11035
3419,24304.274222,1777903135.870630,1777903135.870630,11036
3420,24304.285343,1777903135.881757,1777903135.881757,11037
3421,24304.296418,1777903135.892884,1777903135.892884,11038
3422,24304.307653,1777903135.904013,1777903135.904013,11039
3423,24304.318698,1777903135.915140,1777903135.915140,11040
3424,24304.329842,1777903135.926267,1777903135.926267,11041
3425,24304.341225,1777903135.937395,1777903135.937395,11042
3426,24304.352102,1777903135.948522,1777903135.948522,11043
3427,24304.363227,1777903135.959649,1777903135.959649,11044
3428,24304.374398,1777903135.970777,1777903135.970777,11045
3429,24304.385440,1777903135.981904,1777903135.981904,11046
3430,24304.396587,1777903135.993031,1777903135.993031,11047
3431,24304.407879,1777903136.004159,1777903136.004159,11048
3432,24304.418868,1777903136.015286,1777903136.015286,11049
3433,24304.430047,1777903136.026413,1777903136.026413,11050
3434,24304.441312,1777903136.037541,1777903136.037541,11051
3435,24304.452265,1777903136.048668,1777903136.048668,11052
3436,24304.463426,1777903136.059795,1777903136.059795,11053
3437,24304.474544,1777903136.070923,1777903136.070923,11054
3438,24304.485660,1777903136.082050,1777903136.082050,11055
3439,24304.496792,1777903136.093177,1777903136.093177,11056
3440,24304.508041,1777903136.104306,1777903136.104306,11057
3441,24304.519054,1777903136.115432,1777903136.115432,11058
3442,24304.530274,1777903136.126559,1777903136.126559,11059
3443,24304.541434,1777903136.137686,1777903136.137686,11060
3444,24304.552450,1777903136.148814,1777903136.148814,11061
3445,24304.563515,1777903136.159942,1777903136.159942,11062
3446,24304.574684,1777903136.171069,1777903136.171069,11063
3447,24304.585782,1777903136.182197,1777903136.182197,11064
3448,24304.596925,1777903136.193324,1777903136.193324,11065
3449,24304.608087,1777903136.204451,1777903136.204451,11066
3450,24304.619170,1777903136.215579,1777903136.215579,11067
3451,24304.630310,1777903136.226706,1777903136.226706,11068
3452,24304.641474,1777903136.237833,1777903136.237833,11069
3453,24304.652545,1777903136.248961,1777903136.248961,11070
3454,24304.663645,1777903136.260088,1777903136.260088,11071
3455,24304.674966,1777903136.271215,1777903136.271215,11072
3456,24304.685914,1777903136.282343,1777903136.282343,11073
3457,24304.697035,1777903136.293470,1777903136.293470,11074
3458,24304.708343,1777903136.304597,1777903136.304597,11075
3459,24304.719313,1777903136.315725,1777903136.315725,11076
3460,24304.730445,1777903136.326852,1777903136.326852,11077
3461,24304.741607,1777903136.337979,1777903136.337979,11078
3462,24304.752691,1777903136.349107,1777903136.349107,11079
3463,24304.763838,1777903136.360234,1777903136.360234,11080
3464,24304.775166,1777903136.371361,1777903136.371361,11081
3465,24304.786038,1777903136.382489,1777903136.382489,11082
3466,24304.797185,1777903136.393616,1777903136.393616,11083
3467,24304.808441,1777903136.404743,1777903136.404743,11084
3468,24304.819423,1777903136.415871,1777903136.415871,11085
3469,24304.830581,1777903136.426999,1777903136.426999,11086
3470,24304.841770,1777903136.438125,1777903136.438125,11087
3471,24304.852852,1777903136.449253,1777903136.449253,11088
3472,24304.864008,1777903136.460381,1777903136.460381,11089
3473,24304.875351,1777903136.471508,1777903136.471508,11090
3474,24304.886229,1777903136.482635,1777903136.482635,11091
3475,24304.897428,1777903136.493763,1777903136.493763,11092
3476,24304.908516,1777903136.504890,1777903136.504890,11093
3477,24304.919587,1777903136.516018,1777903136.516018,11094
3478,24304.930748,1777903136.527145,1777903136.527145,11095
3479,24304.941851,1777903136.538272,1777903136.538272,11096
3480,24304.952951,1777903136.549400,1777903136.549400,11097
3481,24304.964114,1777903136.560527,1777903136.560527,11098
3482,24304.975267,1777903136.571654,1777903136.571654,11099
3483,24304.986362,1777903136.582781,1777903136.582781,11100
3484,24304.997492,1777903136.593909,1777903136.593909,11101
3485,24305.008641,1777903136.605036,1777903136.605036,11102
3486,24305.019743,1777903136.616163,1777903136.616163,11103
3487,24305.030979,1777903136.627291,1777903136.627291,11104
3488,24305.042021,1777903136.638418,1777903136.638418,11105
3489,24305.053155,1777903136.649545,1777903136.649545,11106
3490,24305.064408,1777903136.660673,1777903136.660673,11107
3491,24305.075381,1777903136.671800,1777903136.671800,11108
3492,24305.086492,1777903136.682927,1777903136.682927,11109
3493,24305.097739,1777903136.694055,1777903136.694055,11110
3494,24305.108825,1777903136.705182,1777903136.705182,11111
3495,24305.119895,1777903136.716309,1777903136.716309,11112
3496,24305.131101,1777903136.727437,1777903136.727437,11113
3497,24305.142161,1777903136.738564,1777903136.738564,11114
3498,24305.153285,1777903136.749691,1777903136.749691,11115
3499,24305.164505,1777903136.760819,1777903136.760819,11116
3500,24305.175524,1777903136.771946,1777903136.771946,11117
3501,24305.186657,1777903136.783073,1777903136.783073,11118
3502,24305.197906,1777903136.794201,1777903136.794201,11119
3503,24305.208910,1777903136.805328,1777903136.805328,11120
3504,24305.220055,1777903136.816455,1777903136.816455,11121
3505,24305.231226,1777903136.827584,1777903136.827584,11122
3506,24305.242265,1777903136.838711,1777903136.838711,11123
3507,24305.253499,1777903136.849837,1777903136.849837,11124
3508,24305.264700,1777903136.860965,1777903136.860965,11125
3509,24305.275656,1777903136.872092,1777903136.872092,11126
3510,24305.286775,1777903136.883219,1777903136.883219,11127
3511,24305.298108,1777903136.894348,1777903136.894348,11128
3512,24305.309051,1777903136.905475,1777903136.905475,11129
3513,24305.320180,1777903136.916602,1777903136.916602,11130
3514,24305.331354,1777903136.927730,1777903136.927730,11131
3515,24305.342435,1777903136.938857,1777903136.938857,11132
3516,24305.353641,1777903136.949984,1777903136.949984,11133
3517,24305.364796,1777903136.961112,1777903136.961112,11134
3518,24305.375835,1777903136.972239,1777903136.972239,11135
3519,24305.386998,1777903136.983366,1777903136.983366,11136
3520,24305.398354,1777903136.994494,1777903136.994494,11137
3521,24305.409249,1777903137.005621,1777903137.005621,11138
3522,24305.420353,1777903137.016748,1777903137.016748,11139
3523,24305.431677,1777903137.027875,1777903137.027875,11140
3524,24305.442649,1777903137.039003,1777903137.039003,11141
3525,24305.453746,1777903137.050130,1777903137.050130,11142
3526,24305.464949,1777903137.061257,1777903137.061257,11143
3527,24305.475949,1777903137.072385,1777903137.072385,11144
3528,24305.487084,1777903137.083512,1777903137.083512,11145
3529,24305.498534,1777903137.094639,1777903137.094639,11146
3530,24305.509369,1777903137.105767,1777903137.105767,11147
3531,24305.520480,1777903137.116894,1777903137.116894,11148
3532,24305.531936,1777903137.128021,1777903137.128021,11149
3533,24305.542753,1777903137.139149,1777903137.139149,11150
3534,24305.553872,1777903137.150276,1777903137.150276,11151
3535,24305.565116,1777903137.161403,1777903137.161403,11152
3536,24305.576190,1777903137.172531,1777903137.172531,11153
3537,24305.587358,1777903137.183658,1777903137.183658,11154
3538,24305.598555,1777903137.194785,1777903137.194785,11155
3539,24305.609513,1777903137.205913,1777903137.205913,11156
3540,24305.620699,1777903137.217040,1777903137.217040,11157
3541,24305.631836,1777903137.228167,1777903137.228167,11158
3542,24305.642916,1777903137.239295,1777903137.239295,11159
3543,24305.654055,1777903137.250422,1777903137.250422,11160
3544,24305.665203,1777903137.261549,1777903137.261549,11161
3545,24305.676286,1777903137.272677,1777903137.272677,11162
3546,24305.687433,1777903137.283804,1777903137.283804,11163
3547,24305.698520,1777903137.294931,1777903137.294931,11164
3548,24305.709677,1777903137.306059,1777903137.306059,11165
3549,24305.720753,1777903137.317186,1777903137.317186,11166
3550,24305.732185,1777903137.328313,1777903137.328313,11167
3551,24305.743047,1777903137.339441,1777903137.339441,11168
3552,24305.754287,1777903137.350568,1777903137.350568,11169
3553,24305.765429,1777903137.361696,1777903137.361696,11170
3554,24305.776424,1777903137.372823,1777903137.372823,11171
3555,24305.787622,1777903137.383951,1777903137.383951,11172
3556,24305.798672,1777903137.395078,1777903137.395078,11173
3557,24305.809809,1777903137.406206,1777903137.406206,11174
3558,24305.821275,1777903137.417333,1777903137.417333,11175
3559,24305.832169,1777903137.428460,1777903137.428460,11176
3560,24305.843168,1777903137.439588,1777903137.439588,11177
3561,24305.854519,1777903137.450715,1777903137.450715,11178
3562,24305.865425,1777903137.461843,1777903137.461843,11179
3563,24305.876573,1777903137.472970,1777903137.472970,11180
3564,24305.887815,1777903137.484098,1777903137.484098,11181
3565,24305.898811,1777903137.495225,1777903137.495225,11182
3566,24305.909986,1777903137.506352,1777903137.506352,11183
3567,24305.921256,1777903137.517480,1777903137.517480,11184
3568,24305.932215,1777903137.528607,1777903137.528607,11185
3569,24305.943343,1777903137.539734,1777903137.539734,11186
3570,24305.954456,1777903137.550862,1777903137.550862,11187
3571,24305.965566,1777903137.561989,1777903137.561989,11188
3572,24305.976709,1777903137.573117,1777903137.573117,11189
3573,24305.987936,1777903137.584245,1777903137.584245,11190
3574,24305.999040,1777903137.595371,1777903137.595371,11191
3575,24306.010170,1777903137.606499,1777903137.606499,11192
3576,24306.021397,1777903137.617627,1777903137.617627,11193
3577,24306.032366,1777903137.628754,1777903137.628754,11194
3578,24306.043474,1777903137.639881,1777903137.639881,11195
3579,24306.054646,1777903137.651009,1777903137.651009,11196
3580,24306.065723,1777903137.662136,1777903137.662136,11197
3581,24306.076876,1777903137.673263,1777903137.673263,11198
3582,24306.088023,1777903137.684391,1777903137.684391,11199
3583,24306.099115,1777903137.695518,1777903137.695518,11200
3584,24306.110323,1777903137.706646,1777903137.706646,11201
3585,24306.121506,1777903137.717774,1777903137.717774,11202
3586,24306.132470,1777903137.728901,1777903137.728901,11203
3587,24306.143607,1777903137.740028,1777903137.740028,11204
3588,24306.154786,1777903137.751156,1777903137.751156,11205
3589,24306.165892,1777903137.762283,1777903137.762283,11206
3590,24306.176996,1777903137.773410,1777903137.773410,11207
3591,24306.188115,1777903137.784539,1777903137.784539,11208
3592,24306.199252,1777903137.795666,1777903137.795666,11209
3593,24306.210414,1777903137.806793,1777903137.806793,11210
3594,24306.221729,1777903137.817921,1777903137.817921,11211
3595,24306.232681,1777903137.829048,1777903137.829048,11212
3596,24306.243780,1777903137.840175,1777903137.840175,11213
3597,24306.255196,1777903137.851303,1777903137.851303,11214
3598,24306.266026,1777903137.862430,1777903137.862430,11215
3599,24306.277159,1777903137.873557,1777903137.873557,11216
3600,24306.288450,1777903137.884686,1777903137.884686,11217
3601,24306.299382,1777903137.895813,1777903137.895813,11218
3602,24306.310565,1777903137.906940,1777903137.906940,11219
3603,24306.321817,1777903137.918067,1777903137.918067,11220
3604,24306.332783,1777903137.929195,1777903137.929195,11221
3605,24306.343963,1777903137.940322,1777903137.940322,11222
3606,24306.355537,1777903137.951449,1777903137.951449,11223
3607,24306.366174,1777903137.962577,1777903137.962577,11224
3608,24306.377395,1777903137.973704,1777903137.973704,11225
3609,24306.388468,1777903137.984831,1777903137.984831,11226
3610,24306.399520,1777903137.995960,1777903137.995960,11227
3611,24306.410753,1777903138.007087,1777903138.007087,11228
3612,24306.421837,1777903138.018214,1777903138.018214,11229
3613,24306.432914,1777903138.029342,1777903138.029342,11230
3614,24306.444162,1777903138.040469,1777903138.040469,11231
3615,24306.455428,1777903138.051596,1777903138.051596,11232
3616,24306.466430,1777903138.062724,1777903138.062724,11233
3617,24306.477482,1777903138.073851,1777903138.073851,11234
3618,24306.488624,1777903138.084978,1777903138.084978,11235
3619,24306.499704,1777903138.096107,1777903138.096107,11236
3620,24306.510826,1777903138.107233,1777903138.107233,11237
3621,24306.521997,1777903138.118361,1777903138.118361,11238
3622,24306.533098,1777903138.129489,1777903138.129489,11239
3623,24306.544338,1777903138.140616,1777903138.140616,11240
3624,24306.555347,1777903138.151743,1777903138.151743,11241
3625,24306.566438,1777903138.162871,1777903138.162871,11242
3626,24306.577679,1777903138.173998,1777903138.173998,11243
3627,24306.588734,1777903138.185125,1777903138.185125,11244
3628,24306.600361,1777903138.196253,1777903138.196253,11245
3629,24306.611097,1777903138.207380,1777903138.207380,11246
3630,24306.622185,1777903138.218508,1777903138.218508,11247
3631,24306.633206,1777903138.229636,1777903138.229636,11248
3632,24306.644521,1777903138.240763,1777903138.240763,11249
3633,24306.655505,1777903138.251890,1777903138.251890,11250
3634,24306.666628,1777903138.263018,1777903138.263018,11251
3635,24306.677839,1777903138.274145,1777903138.274145,11252
3636,24306.688875,1777903138.285272,1777903138.285272,11253
3637,24306.699965,1777903138.296400,1777903138.296400,11254
3638,24306.711150,1777903138.307527,1777903138.307527,11255
3639,24306.722236,1777903138.318655,1777903138.318655,11256
3640,24306.733347,1777903138.329782,1777903138.329782,11257
3641,24306.744599,1777903138.340910,1777903138.340910,11258
3642,24306.755660,1777903138.352037,1777903138.352037,11259
3643,24306.766744,1777903138.363164,1777903138.363164,11260
3644,24306.777929,1777903138.374292,1777903138.374292,11261
3645,24306.789036,1777903138.385419,1777903138.385419,11262
3646,24306.800187,1777903138.396546,1777903138.396546,11263
3647,24306.811428,1777903138.407674,1777903138.407674,11264
3648,24306.822409,1777903138.418801,1777903138.418801,11265
3649,24306.833520,1777903138.429928,1777903138.429928,11266
3650,24306.844740,1777903138.441056,1777903138.441056,11267
3651,24306.855753,1777903138.452183,1777903138.452183,11268
3652,24306.866892,1777903138.463310,1777903138.463310,11269
3653,24306.878171,1777903138.474439,1777903138.474439,11270
3654,24306.889160,1777903138.485566,1777903138.485566,11271
3655,24306.900299,1777903138.496693,1777903138.496693,11272
3656,24306.911416,1777903138.507821,1777903138.507821,11273
3657,24306.922515,1777903138.518948,1777903138.518948,11274
3658,24306.933638,1777903138.530075,1777903138.530075,11275
3659,24306.944858,1777903138.541203,1777903138.541203,11276
3660,24306.955931,1777903138.552330,1777903138.552330,11277
3661,24306.967111,1777903138.563457,1777903138.563457,11278
3662,24306.978168,1777903138.574585,1777903138.574585,11279
3663,24306.989306,1777903138.585712,1777903138.585712,11280
3664,24307.000512,1777903138.596840,1777903138.596840,11281
3665,24307.011688,1777903138.607968,1777903138.607968,11282
3666,24307.022716,1777903138.619095,1777903138.619095,11283
3667,24307.033891,1777903138.630222,1777903138.630222,11284
3668,24307.045173,1777903138.641350,1777903138.641350,11285
3669,24307.056087,1777903138.652477,1777903138.652477,11286
3670,24307.067225,1777903138.663604,1777903138.663604,11287
3671,24307.078499,1777903138.674732,1777903138.674732,11288
3672,24307.089420,1777903138.685859,1777903138.685859,11289
3673,24307.100553,1777903138.696986,1777903138.696986,11290
3674,24307.111796,1777903138.708114,1777903138.708114,11291
3675,24307.122831,1777903138.719241,1777903138.719241,11292
3676,24307.133975,1777903138.730368,1777903138.730368,11293
3677,24307.145216,1777903138.741497,1777903138.741497,11294
3678,24307.156249,1777903138.752624,1777903138.752624,11295
3679,24307.167518,1777903138.763751,1777903138.763751,11296
3680,24307.178559,1777903138.774879,1777903138.774879,11297
3681,24307.189600,1777903138.786006,1777903138.786006,11298
3682,24307.200784,1777903138.797133,1777903138.797133,11299
3683,24307.211909,1777903138.808260,1777903138.808260,11300
3684,24307.222955,1777903138.819388,1777903138.819388,11301
3685,24307.234148,1777903138.830515,1777903138.830515,11302
3686,24307.245238,1777903138.841642,1777903138.841642,11303
3687,24307.256375,1777903138.852771,1777903138.852771,11304
3688,24307.267636,1777903138.863898,1777903138.863898,11305
3689,24307.278824,1777903138.875025,1777903138.875025,11306
3690,24307.289729,1777903138.886153,1777903138.886153,11307
3691,24307.300950,1777903138.897280,1777903138.897280,11308
3692,24307.312089,1777903138.908407,1777903138.908407,11309
3693,24307.323126,1777903138.919535,1777903138.919535,11310
3694,24307.334280,1777903138.930662,1777903138.930662,11311
3695,24307.345396,1777903138.941789,1777903138.941789,11312
3696,24307.356521,1777903138.952917,1777903138.952917,11313
3697,24307.367777,1777903138.964044,1777903138.964044,11314
3698,24307.378795,1777903138.975171,1777903138.975171,11315
3699,24307.389891,1777903138.986299,1777903138.986299,11316
3700,24307.401123,1777903138.997427,1777903138.997427,11317
3701,24307.412148,1777903139.008554,1777903139.008554,11318
3702,24307.423310,1777903139.019682,1777903139.019682,11319
3703,24307.434490,1777903139.030809,1777903139.030809,11320
3704,24307.445497,1777903139.041936,1777903139.041936,11321
3705,24307.457100,1777903139.053064,1777903139.053064,11322
3706,24307.467909,1777903139.064191,1777903139.064191,11323
3707,24307.478920,1777903139.075318,1777903139.075318,11324
3708,24307.490026,1777903139.086446,1777903139.086446,11325
3709,24307.501254,1777903139.097573,1777903139.097573,11326
3710,24307.512310,1777903139.108700,1777903139.108700,11327
3711,24307.523447,1777903139.119828,1777903139.119828,11328
3712,24307.534663,1777903139.130955,1777903139.130955,11329
3713,24307.545664,1777903139.142082,1777903139.142082,11330
3714,24307.556808,1777903139.153210,1777903139.153210,11331
3715,24307.568099,1777903139.164338,1777903139.164338,11332
3716,24307.579089,1777903139.175465,1777903139.175465,11333
3717,24307.590195,1777903139.186593,1777903139.186593,11334
3718,24307.601528,1777903139.197720,1777903139.197720,11335
3719,24307.612446,1777903139.208847,1777903139.208847,11336
3720,24307.623592,1777903139.219975,1777903139.219975,11337
3721,24307.635034,1777903139.231102,1777903139.231102,11338
3722,24307.645815,1777903139.242229,1777903139.242229,11339
3723,24307.656911,1777903139.253356,1777903139.253356,11340
3724,24307.668176,1777903139.264484,1777903139.264484,11341
3725,24307.679207,1777903139.275611,1777903139.275611,11342
3726,24307.690364,1777903139.286739,1777903139.286739,11343
3727,24307.701642,1777903139.297866,1777903139.297866,11344
3728,24307.712575,1777903139.308994,1777903139.308994,11345
3729,24307.723741,1777903139.320121,1777903139.320121,11346
3730,24307.735088,1777903139.331249,1777903139.331249,11347
3731,24307.745965,1777903139.342376,1777903139.342376,11348
3732,24307.757134,1777903139.353503,1777903139.353503,11349
3733,24307.768419,1777903139.364631,1777903139.364631,11350
3734,24307.779373,1777903139.375758,1777903139.375758,11351
3735,24307.790462,1777903139.386885,1777903139.386885,11352
3736,24307.801822,1777903139.398013,1777903139.398013,11353
3737,24307.812754,1777903139.409141,1777903139.409141,11354
3738,24307.823984,1777903139.420268,1777903139.420268,11355
3739,24307.835217,1777903139.431396,1777903139.431396,11356
3740,24307.846136,1777903139.442523,1777903139.442523,11357
3741,24307.857234,1777903139.453650,1777903139.453650,11358
3742,24307.868481,1777903139.464778,1777903139.464778,11359
3743,24307.879560,1777903139.475905,1777903139.475905,11360
3744,24307.890635,1777903139.487033,1777903139.487033,11361
3745,24307.901968,1777903139.498161,1777903139.498161,11362
3746,24307.912887,1777903139.509288,1777903139.509288,11363
3747,24307.924051,1777903139.520415,1777903139.520415,11364
3748,24307.935291,1777903139.531543,1777903139.531543,11365
3749,24307.946247,1777903139.542670,1777903139.542670,11366
3750,24307.957454,1777903139.553797,1777903139.553797,11367
3751,24307.968550,1777903139.564925,1777903139.564925,11368
3752,24307.979612,1777903139.576053,1777903139.576053,11369
3753,24307.990793,1777903139.587180,1777903139.587180,11370
3754,24308.001953,1777903139.598308,1777903139.598308,11371
3755,24308.013018,1777903139.609435,1777903139.609435,11372
3756,24308.024254,1777903139.620562,1777903139.620562,11373
3757,24308.035417,1777903139.631691,1777903139.631691,11374
3758,24308.046487,1777903139.642818,1777903139.642818,11375
3759,24308.057622,1777903139.653944,1777903139.653944,11376
3760,24308.068683,1777903139.665073,1777903139.665073,11377
3761,24308.079786,1777903139.676200,1777903139.676200,11378
3762,24308.091078,1777903139.687327,1777903139.687327,11379
3763,24308.102087,1777903139.698454,1777903139.698454,11380
3764,24308.113193,1777903139.709582,1777903139.709582,11381
3765,24308.124416,1777903139.720710,1777903139.720710,11382
3766,24308.135401,1777903139.731837,1777903139.731837,11383
3767,24308.146588,1777903139.742965,1777903139.742965,11384
3768,24308.157761,1777903139.754092,1777903139.754092,11385
3769,24308.168799,1777903139.765219,1777903139.765219,11386
3770,24308.179950,1777903139.776347,1777903139.776347,11387
3771,24308.191198,1777903139.787474,1777903139.787474,11388
3772,24308.202201,1777903139.798602,1777903139.798602,11389
3773,24308.213345,1777903139.809730,1777903139.809730,11390
3774,24308.224588,1777903139.820857,1777903139.820857,11391
3775,24308.235567,1777903139.831984,1777903139.831984,11392
3776,24308.246716,1777903139.843112,1777903139.843112,11393
3777,24308.258018,1777903139.854239,1777903139.854239,11394
3778,24308.268955,1777903139.865366,1777903139.865366,11395
3779,24308.280100,1777903139.876494,1777903139.876494,11396
3780,24308.291364,1777903139.887622,1777903139.887622,11397
3781,24308.302349,1777903139.898749,1777903139.898749,11398
3782,24308.313556,1777903139.909877,1777903139.909877,11399
3783,24308.324993,1777903139.921004,1777903139.921004,11400
3784,24308.335727,1777903139.932131,1777903139.932131,11401
3785,24308.346857,1777903139.943259,1777903139.943259,11402
3786,24308.358351,1777903139.954386,1777903139.954386,11403
3787,24308.369108,1777903139.965514,1777903139.965514,11404
3788,24308.380283,1777903139.976642,1777903139.976642,11405
3789,24308.391483,1777903139.987769,1777903139.987769,11406
3790,24308.402502,1777903139.998896,1777903139.998896,11407
3791,24308.413654,1777903140.010024,1777903140.010024,11408
3792,24308.424927,1777903140.021151,1777903140.021151,11409
3793,24308.435898,1777903140.032279,1777903140.032279,11410
3794,24308.446999,1777903140.043406,1777903140.043406,11411
3795,24308.458428,1777903140.054534,1777903140.054534,11412
3796,24308.469268,1777903140.065661,1777903140.065661,11413
3797,24308.480406,1777903140.076789,1777903140.076789,11414
3798,24308.491747,1777903140.087916,1777903140.087916,11415
3799,24308.502671,1777903140.099043,1777903140.099043,11416
3800,24308.513822,1777903140.110171,1777903140.110171,11417
3801,24308.525055,1777903140.121299,1777903140.121299,11418
3802,24308.535994,1777903140.132426,1777903140.132426,11419
3803,24308.547135,1777903140.143553,1777903140.143553,11420
3804,24308.558546,1777903140.154681,1777903140.154681,11421
3805,24308.569415,1777903140.165808,1777903140.165808,11422
3806,24308.580652,1777903140.176935,1777903140.176935,11423
3807,24308.591800,1777903140.188063,1777903140.188063,11424
3808,24308.602765,1777903140.199191,1777903140.199191,11425
3809,24308.614133,1777903140.210318,1777903140.210318,11426
3810,24308.625128,1777903140.221446,1777903140.221446,11427
3811,24308.636177,1777903140.232573,1777903140.232573,11428
3812,24308.647394,1777903140.243700,1777903140.243700,11429
3813,24308.658716,1777903140.254828,1777903140.254828,11430
3814,24308.670020,1777903140.265955,1777903140.265955,11431
3815,24308.680668,1777903140.277082,1777903140.277082,11432
3816,24308.691809,1777903140.288211,1777903140.288211,11433
3817,24308.702893,1777903140.299338,1777903140.299338,11434
3818,24308.714063,1777903140.310465,1777903140.310465,11435
3819,24308.725262,1777903140.321593,1777903140.321593,11436
3820,24308.736299,1777903140.332720,1777903140.332720,11437
3821,24308.747396,1777903140.343848,1777903140.343848,11438
3822,24308.758651,1777903140.354976,1777903140.354976,11439
3823,24308.769768,1777903140.366103,1777903140.366103,11440
3824,24308.780818,1777903140.377230,1777903140.377230,11441
3825,24308.791925,1777903140.388358,1777903140.388358,11442
3826,24308.803091,1777903140.399485,1777903140.399485,11443
3827,24308.814346,1777903140.410612,1777903140.410612,11444
3828,24308.836351,1777903140.410612,1777903140.410612,11444
3829,24308.836892,1777903140.432867,1777903140.432867,11446
3830,24308.847558,1777903140.443994,1777903140.443994,11447
3831,24308.858693,1777903140.455122,1777903140.455122,11448
3832,24308.869808,1777903140.466249,1777903140.466249,11449
3833,24308.881016,1777903140.477377,1777903140.477377,11450
3834,24308.892115,1777903140.488505,1777903140.488505,11451
3835,24308.903200,1777903140.499632,1777903140.499632,11452
3836,24308.914451,1777903140.510759,1777903140.510759,11453
3837,24308.925443,1777903140.521887,1777903140.521887,11454
3838,24308.936610,1777903140.533014,1777903140.533014,11455
3839,24308.947832,1777903140.544141,1777903140.544141,11456
3840,24308.958854,1777903140.555269,1777903140.555269,11457
3841,24308.969964,1777903140.566396,1777903140.566396,11458
3842,24308.981118,1777903140.577524,1777903140.577524,11459
3843,24308.992254,1777903140.588651,1777903140.588651,11460
3844,24309.003412,1777903140.599779,1777903140.599779,11461
3845,24309.014569,1777903140.610906,1777903140.610906,11462
3846,24309.025617,1777903140.622033,1777903140.622033,11463
3847,24309.036753,1777903140.633161,1777903140.633161,11464
3848,24309.048063,1777903140.644288,1777903140.644288,11465
3849,24309.059013,1777903140.655415,1777903140.655415,11466
3850,24309.070141,1777903140.666543,1777903140.666543,11467
3851,24309.081288,1777903140.677670,1777903140.677670,11468
3852,24309.092414,1777903140.688798,1777903140.688798,11469
3853,24309.103528,1777903140.699926,1777903140.699926,11470
3854,24309.114714,1777903140.711053,1777903140.711053,11471
3855,24309.125871,1777903140.722180,1777903140.722180,11472
3856,24309.136944,1777903140.733308,1777903140.733308,11473
3857,24309.148096,1777903140.744435,1777903140.744435,11474
3858,24309.159186,1777903140.755562,1777903140.755562,11475
3859,24309.170302,1777903140.766690,1777903140.766690,11476
3860,24309.181638,1777903140.777817,1777903140.777817,11477
3861,24309.192528,1777903140.788944,1777903140.788944,11478
3862,24309.203657,1777903140.800072,1777903140.800072,11479
3863,24309.215040,1777903140.811200,1777903140.811200,11480
3864,24309.226023,1777903140.822327,1777903140.822327,11481
3865,24309.237280,1777903140.833455,1777903140.833455,11482
3866,24309.248256,1777903140.844582,1777903140.844582,11483
3867,24309.259364,1777903140.855709,1777903140.855709,11484
3868,24309.270454,1777903140.866837,1777903140.866837,11485
3869,24309.281888,1777903140.877964,1777903140.877964,11486
3870,24309.292765,1777903140.889091,1777903140.889091,11487
3871,24309.303864,1777903140.900219,1777903140.900219,11488
3872,24309.315114,1777903140.911347,1777903140.911347,11489
3873,24309.326082,1777903140.922474,1777903140.922474,11490
3874,24309.337195,1777903140.933602,1777903140.933602,11491
3875,24309.348410,1777903140.944729,1777903140.944729,11492
3876,24309.359470,1777903140.955856,1777903140.955856,11493
3877,24309.370600,1777903140.966984,1777903140.966984,11494
3878,24309.381955,1777903140.978111,1777903140.978111,11495
3879,24309.392827,1777903140.989238,1777903140.989238,11496
3880,24309.404015,1777903141.000366,1777903141.000366,11497
3881,24309.415201,1777903141.011493,1777903141.011493,11498
3882,24309.426210,1777903141.022621,1777903141.022621,11499
3883,24309.437371,1777903141.033748,1777903141.033748,11500
3884,24309.448496,1777903141.044876,1777903141.044876,11501
3885,24309.459624,1777903141.056003,1777903141.056003,11502
3886,24309.470800,1777903141.067130,1777903141.067130,11503
3887,24309.481983,1777903141.078258,1777903141.078258,11504
3888,24309.493013,1777903141.089385,1777903141.089385,11505
3889,24309.504216,1777903141.100512,1777903141.100512,11506
3890,24309.515312,1777903141.111640,1777903141.111640,11507
3891,24309.526373,1777903141.122768,1777903141.122768,11508
3892,24309.537499,1777903141.133894,1777903141.133894,11509
3893,24309.548642,1777903141.145023,1777903141.145023,11510
3894,24309.559748,1777903141.156150,1777903141.156150,11511
3895,24309.571060,1777903141.167277,1777903141.167277,11512
3896,24309.581997,1777903141.178405,1777903141.178405,11513
3897,24309.593137,1777903141.189532,1777903141.189532,11514
3898,24309.604341,1777903141.200659,1777903141.200659,11515
3899,24309.615507,1777903141.211787,1777903141.211787,11516
3900,24309.626507,1777903141.222914,1777903141.222914,11517
3901,24309.637677,1777903141.234041,1777903141.234041,11518
3902,24309.648789,1777903141.245170,1777903141.245170,11519
3903,24309.659909,1777903141.256297,1777903141.256297,11520
3904,24309.671170,1777903141.267424,1777903141.267424,11521
3905,24309.682158,1777903141.278552,1777903141.278552,11522
3906,24309.693275,1777903141.289679,1777903141.289679,11523
3907,24309.704521,1777903141.300806,1777903141.300806,11524
3908,24309.715564,1777903141.311934,1777903141.311934,11525
3909,24309.726683,1777903141.323061,1777903141.323061,11526
3910,24309.737901,1777903141.334188,1777903141.334188,11527
3911,24309.748946,1777903141.345317,1777903141.345317,11528
3912,24309.760047,1777903141.356444,1777903141.356444,11529
3913,24309.771332,1777903141.367571,1777903141.367571,11530
3914,24309.782466,1777903141.378699,1777903141.378699,11531
3915,24309.793427,1777903141.389826,1777903141.389826,11532
3916,24309.804668,1777903141.400953,1777903141.400953,11533
3917,24309.815636,1777903141.412081,1777903141.412081,11534
3918,24309.826840,1777903141.423208,1777903141.423208,11535
3919,24309.838047,1777903141.434336,1777903141.434336,11536
3920,24309.849066,1777903141.445464,1777903141.445464,11537
3921,24309.860217,1777903141.456591,1777903141.456591,11538
3922,24309.871582,1777903141.467718,1777903141.467718,11539
3923,24309.882439,1777903141.478845,1777903141.478845,11540
3924,24309.893607,1777903141.489973,1777903141.489973,11541
3925,24309.904885,1777903141.501101,1777903141.501101,11542
3926,24309.915842,1777903141.512228,1777903141.512228,11543
3927,24309.926981,1777903141.523356,1777903141.523356,11544
3928,24309.938285,1777903141.534483,1777903141.534483,11545
3929,24309.949208,1777903141.545610,1777903141.545610,11546
3930,24309.960523,1777903141.556738,1777903141.556738,11547
3931,24309.971596,1777903141.567865,1777903141.567865,11548
3932,24309.982582,1777903141.578992,1777903141.578992,11549
3933,24309.993696,1777903141.590121,1777903141.590121,11550
3934,24310.005052,1777903141.601248,1777903141.601248,11551
3935,24310.015949,1777903141.612375,1777903141.612375,11552
3936,24310.027124,1777903141.623503,1777903141.623503,11553
3937,24310.038320,1777903141.634630,1777903141.634630,11554
3938,24310.049336,1777903141.645757,1777903141.645757,11555
3939,24310.060499,1777903141.656885,1777903141.656885,11556
3940,24310.071711,1777903141.668013,1777903141.668013,11557
3941,24310.082718,1777903141.679140,1777903141.679140,11558
3942,24310.093940,1777903141.690268,1777903141.690268,11559
3943,24310.105071,1777903141.701395,1777903141.701395,11560
3944,24310.116124,1777903141.712522,1777903141.712522,11561
3945,24310.127279,1777903141.723650,1777903141.723650,11562
3946,24310.138388,1777903141.734777,1777903141.734777,11563
3947,24310.149447,1777903141.745904,1777903141.745904,11564
3948,24310.160657,1777903141.757033,1777903141.757033,11565
3949,24310.171786,1777903141.768160,1777903141.768160,11566
3950,24310.182856,1777903141.779287,1777903141.779287,11567
3951,24310.194175,1777903141.790415,1777903141.790415,11568
3952,24310.205157,1777903141.801542,1777903141.801542,11569
3953,24310.216236,1777903141.812670,1777903141.812670,11570
3954,24310.227399,1777903141.823798,1777903141.823798,11571
3955,24310.238518,1777903141.834925,1777903141.834925,11572
3956,24310.249650,1777903141.846052,1777903141.846052,11573
3957,24310.260814,1777903141.857180,1777903141.857180,11574
3958,24310.271887,1777903141.868307,1777903141.868307,11575
3959,24310.283013,1777903141.879434,1777903141.879434,11576
3960,24310.294300,1777903141.890563,1777903141.890563,11577
3961,24310.305288,1777903141.901690,1777903141.901690,11578
3962,24310.316384,1777903141.912817,1777903141.912817,11579
3963,24310.327545,1777903141.923944,1777903141.923944,11580
3964,24310.338628,1777903141.935072,1777903141.935072,11581
3965,24310.349770,1777903141.946199,1777903141.946199,11582
3966,24310.361036,1777903141.957326,1777903141.957326,11583
3967,24310.372030,1777903141.968454,1777903141.968454,11584
3968,24310.383166,1777903141.979582,1777903141.979582,11585
3969,24310.394469,1777903141.990709,1777903141.990709,11586
3970,24310.405425,1777903142.001837,1777903142.001837,11587
3971,24310.416537,1777903142.012964,1777903142.012964,11588
3972,24310.427833,1777903142.024091,1777903142.024091,11589
3973,24310.438824,1777903142.035219,1777903142.035219,11590
3974,24310.449937,1777903142.046346,1777903142.046346,11591
3975,24310.461178,1777903142.057474,1777903142.057474,11592
3976,24310.472178,1777903142.068602,1777903142.068602,11593
3977,24310.483300,1777903142.079729,1777903142.079729,11594
3978,24310.494533,1777903142.090856,1777903142.090856,11595
3979,24310.505620,1777903142.101984,1777903142.101984,11596
3980,24310.516713,1777903142.113111,1777903142.113111,11597
3981,24310.527972,1777903142.124238,1777903142.124238,11598
3982,24310.538980,1777903142.135366,1777903142.135366,11599
3983,24310.550062,1777903142.146494,1777903142.146494,11600
3984,24310.561237,1777903142.157621,1777903142.157621,11601
3985,24310.572335,1777903142.168749,1777903142.168749,11602
3986,24310.583505,1777903142.179876,1777903142.179876,11603
3987,24310.594607,1777903142.191003,1777903142.191003,11604
3988,24310.605690,1777903142.202131,1777903142.202131,11605
3989,24310.616882,1777903142.213259,1777903142.213259,11606
3990,24310.628174,1777903142.224386,1777903142.224386,11607
3991,24310.639178,1777903142.235514,1777903142.235514,11608
3992,24310.650239,1777903142.246641,1777903142.246641,11609
3993,24310.661397,1777903142.257768,1777903142.257768,11610
3994,24310.672483,1777903142.268896,1777903142.268896,11611
3995,24310.683614,1777903142.280023,1777903142.280023,11612
3996,24310.694881,1777903142.291151,1777903142.291151,11613
3997,24310.705841,1777903142.302279,1777903142.302279,11614
3998,24310.717042,1777903142.313406,1777903142.313406,11615
3999,24310.728330,1777903142.324533,1777903142.324533,11616
4000,24310.739239,1777903142.335661,1777903142.335661,11617
4001,24310.750396,1777903142.346788,1777903142.346788,11618
4002,24310.761758,1777903142.357916,1777903142.357916,11619
4003,24310.772661,1777903142.369043,1777903142.369043,11620
4004,24310.783758,1777903142.380171,1777903142.380171,11621
4005,24310.795054,1777903142.391298,1777903142.391298,11622
4006,24310.806031,1777903142.402425,1777903142.402425,11623
4007,24310.817314,1777903142.413553,1777903142.413553,11624
4008,24310.828736,1777903142.424680,1777903142.424680,11625
4009,24310.839474,1777903142.435808,1777903142.435808,11626
4010,24310.850590,1777903142.446936,1777903142.446936,11627
4011,24310.861861,1777903142.458063,1777903142.458063,11628
4012,24310.872790,1777903142.469190,1777903142.469190,11629
4013,24310.883941,1777903142.480318,1777903142.480318,11630
4014,24310.895116,1777903142.491445,1777903142.491445,11631
4015,24310.906193,1777903142.502573,1777903142.502573,11632
4016,24310.917409,1777903142.513701,1777903142.513701,11633
4017,24310.928493,1777903142.524828,1777903142.524828,11634
4018,24310.939527,1777903142.535955,1777903142.535955,11635
4019,24310.950667,1777903142.547083,1777903142.547083,11636
4020,24310.961952,1777903142.558210,1777903142.558210,11637
4021,24310.972963,1777903142.569337,1777903142.569337,11638
4022,24310.984152,1777903142.580466,1777903142.580466,11639
4023,24310.995214,1777903142.591593,1777903142.591593,11640
4024,24311.006341,1777903142.602720,1777903142.602720,11641
4025,24311.017469,1777903142.613848,1777903142.613848,11642
4026,24311.028621,1777903142.624975,1777903142.624975,11643
4027,24311.050812,1777903142.647230,1777903142.647230,11645
4028,24311.061994,1777903142.658358,1777903142.658358,11646
4029,24311.073094,1777903142.669485,1777903142.669485,11647
4030,24311.084248,1777903142.680613,1777903142.680613,11648
4031,24311.095454,1777903142.691740,1777903142.691740,11649
4032,24311.106450,1777903142.702868,1777903142.702868,11650
4033,24311.117631,1777903142.713996,1777903142.713996,11651
4034,24311.128702,1777903142.725123,1777903142.725123,11652
4035,24311.139816,1777903142.736250,1777903142.736250,11653
4036,24311.151100,1777903142.747378,1777903142.747378,11654
4037,24311.162119,1777903142.758505,1777903142.758505,11655
4038,24311.173218,1777903142.769632,1777903142.769632,11656
4039,24311.184426,1777903142.780761,1777903142.780761,11657
4040,24311.195460,1777903142.791888,1777903142.791888,11658
4041,24311.206599,1777903142.803015,1777903142.803015,11659
4042,24311.217806,1777903142.814142,1777903142.814142,11660
4043,24311.228845,1777903142.825270,1777903142.825270,11661
4044,24311.240017,1777903142.836397,1777903142.836397,11662
4045,24311.251208,1777903142.847524,1777903142.847524,11663
4046,24311.262279,1777903142.858653,1777903142.858653,11664
4047,24311.273373,1777903142.869780,1777903142.869780,11665
4048,24311.284602,1777903142.880907,1777903142.880907,11666
4049,24311.295639,1777903142.892035,1777903142.892035,11667
4050,24311.306768,1777903142.903162,1777903142.903162,11668
4051,24311.317955,1777903142.914289,1777903142.914289,11669
4052,24311.328986,1777903142.925417,1777903142.925417,11670
4053,24311.340130,1777903142.936545,1777903142.936545,11671
4054,24311.351493,1777903142.947672,1777903142.947672,11672
4055,24311.362399,1777903142.958800,1777903142.958800,11673
4056,24311.373547,1777903142.969927,1777903142.969927,11674
4057,24311.384855,1777903142.981055,1777903142.981055,11675
4058,24311.395763,1777903142.992183,1777903142.992183,11676
4059,24311.406937,1777903143.003309,1777903143.003309,11677
4060,24311.418155,1777903143.014437,1777903143.014437,11678
4061,24311.429160,1777903143.025565,1777903143.025565,11679
4062,24311.440299,1777903143.036692,1777903143.036692,11680
4063,24311.451601,1777903143.047819,1777903143.047819,11681
4064,24311.462535,1777903143.058948,1777903143.058948,11682
4065,24311.473670,1777903143.070075,1777903143.070075,11683
4066,24311.485022,1777903143.081202,1777903143.081202,11684
4067,24311.495936,1777903143.092330,1777903143.092330,11685
4068,24311.507057,1777903143.103457,1777903143.103457,11686
4069,24311.518320,1777903143.114584,1777903143.114584,11687
4070,24311.529329,1777903143.125712,1777903143.125712,11688
4071,24311.540529,1777903143.136840,1777903143.136840,11689
4072,24311.551755,1777903143.147967,1777903143.147967,11690
4073,24311.562680,1777903143.159095,1777903143.159095,11691
4074,24311.573828,1777903143.170222,1777903143.170222,11692
4075,24311.585060,1777903143.181349,1777903143.181349,11693
4076,24311.596040,1777903143.192477,1777903143.192477,11694
4077,24311.607596,1777903143.203604,1777903143.203604,11695
4078,24311.618510,1777903143.214732,1777903143.214732,11696
4079,24311.629428,1777903143.225860,1777903143.225860,11697
4080,24311.640600,1777903143.236987,1777903143.236987,11698
4081,24311.651739,1777903143.248114,1777903143.248114,11699
4082,24311.662824,1777903143.259241,1777903143.259241,11700
4083,24311.674126,1777903143.270370,1777903143.270370,11701
4084,24311.685237,1777903143.281497,1777903143.281497,11702
4085,24311.696221,1777903143.292624,1777903143.292624,11703
4086,24311.707357,1777903143.303752,1777903143.303752,11704
4087,24311.718483,1777903143.314879,1777903143.314879,11705
4088,24311.729595,1777903143.326006,1777903143.326006,11706
4089,24311.740718,1777903143.337135,1777903143.337135,11707
4090,24311.751835,1777903143.348262,1777903143.348262,11708
4091,24311.762996,1777903143.359389,1777903143.359389,11709
4092,24311.774140,1777903143.370517,1777903143.370517,11710
4093,24311.785259,1777903143.381644,1777903143.381644,11711
4094,24311.796374,1777903143.392771,1777903143.392771,11712
4095,24311.807580,1777903143.403900,1777903143.403900,11713
4096,24311.818613,1777903143.415027,1777903143.415027,11714
4097,24311.829776,1777903143.426154,1777903143.426154,11715
4098,24311.841048,1777903143.437283,1777903143.437283,11716
4099,24311.852010,1777903143.448410,1777903143.448410,11717
4100,24311.863190,1777903143.459537,1777903143.459537,11718
