# which inertial sample is which camera frame, from the hardware trigger
# frame_period_s=0.011127783  (89.865156559 Hz, measured from this session's own trigger pulses -- the camera does not run at 90.000)
# trigger_pulses=6096  pulses_the_imu_missed=0
# t_bar_s is the exposure time in the BAR's clock, the same clock as esp_timestamp_us in imu/raw_imu.csv
# imu_sample is a row index into imu/raw_imu.csv; tagged=0 means the inertial stream missed that pulse and the time is interpolated
frame,video_row,t_bar_s,imu_sample,tagged
0,0,1188.153982,2,1
1,1,1188.165117,13,1
2,2,1188.176254,24,1
3,3,1188.187388,35,1
4,4,1188.198524,46,1
5,5,1188.209659,57,1
6,6,1188.220795,68,1
7,7,1188.231932,79,1
8,8,1188.243068,90,1
9,9,1188.254202,101,1
10,10,1188.265337,112,1
11,11,1188.276473,123,1
12,12,1188.287610,134,1
13,13,1188.298744,145,1
14,14,1188.309879,156,1
15,15,1188.321014,167,1
16,16,1188.332153,178,1
17,17,1188.343286,189,1
18,18,1188.354423,200,1
19,19,1188.365558,211,1
20,20,1188.376694,222,1
21,21,1188.387830,233,1
22,22,1188.398966,244,1
23,23,1188.410104,255,1
24,24,1188.421236,266,1
25,25,1188.432372,277,1
26,26,1188.443506,288,1
27,27,1188.454644,299,1
28,28,1188.465778,310,1
29,29,1188.476914,321,1
30,30,1188.488050,332,1
31,31,1188.499185,343,1
32,32,1188.510322,354,1
33,33,1188.521456,365,1
34,34,1188.532592,376,1
35,35,1188.543729,387,1
36,36,1188.554862,398,1
37,37,1188.565999,409,1
38,38,1188.577133,420,1
39,39,1188.588269,431,1
40,40,1188.599406,442,1
41,41,1188.610540,453,1
42,42,1188.621677,464,1
43,43,1188.632813,475,1
44,44,1188.643947,486,1
45,45,1188.655085,497,1
46,46,1188.666218,508,1
47,47,1188.677354,519,1
48,48,1188.688491,530,1
49,49,1188.699625,541,1
50,50,1188.710760,552,1
51,51,1188.721897,563,1
52,52,1188.733033,574,1
53,53,1188.744169,585,1
54,54,1188.755304,596,1
55,55,1188.766441,607,1
56,56,1188.777575,618,1
57,57,1188.788712,629,1
58,58,1188.799846,640,1
59,59,1188.810981,651,1
60,60,1188.822119,662,1
61,61,1188.833252,673,1
62,62,1188.844387,684,1
63,63,1188.855524,695,1
64,64,1188.866660,706,1
65,65,1188.877796,717,1
66,66,1188.888930,728,1
67,67,1188.900068,739,1
68,68,1188.911203,750,1
69,69,1188.922339,761,1
70,70,1188.933474,772,1
71,71,1188.944608,783,1
72,72,1188.955746,794,1
73,73,1188.966881,805,1
74,74,1188.978016,816,1
75,75,1188.989153,827,1
76,76,1189.000288,838,1
77,77,1189.011424,849,1
78,78,1189.022559,860,1
79,79,1189.033694,871,1
80,80,1189.044829,882,1
81,81,1189.055964,893,1
82,82,1189.067105,904,1
83,83,1189.078236,915,1
84,84,1189.089372,926,1
85,85,1189.100508,937,1
86,86,1189.110630,947,1
87,87,1189.121766,958,1
88,88,1189.132901,969,1
89,89,1189.144038,980,1
90,90,1189.155174,991,1
91,91,1189.166308,1002,1
92,92,1189.177445,1013,1
93,93,1189.188580,1024,1
94,94,1189.199714,1035,1
95,95,1189.210851,1046,1
96,96,1189.221986,1057,1
97,97,1189.233122,1068,1
98,98,1189.244258,1079,1
99,99,1189.255394,1090,1
100,100,1189.266529,1101,1
101,101,1189.277664,1112,1
102,102,1189.288801,1123,1
103,103,1189.299936,1134,1
104,104,1189.311072,1145,1
105,105,1189.322208,1156,1
106,106,1189.333343,1167,1
107,107,1189.344480,1178,1
108,108,1189.355613,1189,1
109,109,1189.366751,1200,1
110,110,1189.377885,1211,1
111,111,1189.389020,1222,1
112,112,1189.400158,1233,1
113,113,1189.411292,1244,1
114,114,1189.422429,1255,1
115,115,1189.433562,1266,1
116,116,1189.444700,1277,1
117,117,1189.455836,1288,1
118,118,1189.466971,1299,1
119,119,1189.478105,1310,1
120,120,1189.489242,1321,1
121,121,1189.500377,1332,1
122,122,1189.511512,1343,1
123,123,1189.522649,1354,1
124,124,1189.533783,1365,1
125,125,1189.544918,1376,1
126,126,1189.556057,1387,1
127,127,1189.567192,1398,1
128,128,1189.578325,1409,1
129,129,1189.589462,1420,1
130,130,1189.600597,1431,1
131,131,1189.611732,1442,1
132,132,1189.622869,1453,1
133,133,1189.634005,1464,1
134,134,1189.645141,1475,1
135,135,1189.656275,1486,1
136,136,1189.667411,1497,1
137,137,1189.678548,1508,1
138,138,1189.689681,1519,1
139,139,1189.700818,1530,1
140,140,1189.711954,1541,1
141,141,1189.723099,1552,1
142,142,1189.734224,1563,1
143,143,1189.745360,1574,1
144,144,1189.756495,1585,1
145,145,1189.767632,1596,1
146,146,1189.778767,1607,1
147,147,1189.789903,1618,1
148,148,1189.801039,1629,1
149,149,1189.812174,1640,1
150,150,1189.823310,1651,1
151,151,1189.834445,1662,1
152,152,1189.845581,1673,1
153,153,1189.856718,1684,1
154,154,1189.867852,1695,1
155,155,1189.878986,1706,1
156,156,1189.890123,1717,1
157,157,1189.901259,1728,1
158,158,1189.912393,1739,1
159,159,1189.923529,1750,1
160,160,1189.934665,1761,1
161,161,1189.945802,1772,1
162,162,1189.956938,1783,1
163,163,1189.968073,1794,1
164,164,1189.979209,1805,1
165,165,1189.990342,1816,1
166,166,1190.001479,1827,1
167,167,1190.012615,1838,1
168,168,1190.023751,1849,1
169,169,1190.034886,1860,1
170,170,1190.046022,1871,1
171,171,1190.057158,1882,1
172,172,1190.068291,1893,1
173,173,1190.079429,1904,1
174,174,1190.090565,1915,1
175,175,1190.101701,1926,1
176,176,1190.112836,1937,1
177,177,1190.123972,1948,1
178,178,1190.135106,1959,1
179,179,1190.146242,1970,1
180,180,1190.157376,1981,1
181,181,1190.168513,1992,1
182,182,1190.179650,2003,1
183,183,1190.190784,2014,1
184,184,1190.201920,2025,1
185,185,1190.213057,2036,1
186,186,1190.224190,2047,1
187,187,1190.235326,2058,1
188,188,1190.246461,2069,1
189,189,1190.257598,2080,1
190,190,1190.268734,2091,1
191,191,1190.279870,2102,1
192,192,1190.291003,2113,1
193,193,1190.302141,2124,1
194,194,1190.313275,2135,1
195,195,1190.324413,2146,1
196,196,1190.335546,2157,1
197,197,1190.346682,2168,1
198,198,1190.357819,2179,1
199,199,1190.368955,2190,1
200,200,1190.380098,2201,1
201,201,1190.391225,2212,1
202,202,1190.402359,2223,1
203,203,1190.413495,2234,1
204,204,1190.424632,2245,1
205,205,1190.435767,2256,1
206,206,1190.446902,2267,1
207,207,1190.458039,2278,1
208,208,1190.469173,2289,1
209,209,1190.480310,2300,1
210,210,1190.491444,2311,1
211,211,1190.502580,2322,1
212,212,1190.513717,2333,1
213,213,1190.524853,2344,1
214,214,1190.535988,2355,1
215,215,1190.547122,2366,1
216,216,1190.557247,2376,1
217,217,1190.568384,2387,1
218,218,1190.579518,2398,1
219,219,1190.590654,2409,1
220,220,1190.601790,2420,1
221,221,1190.612925,2431,1
222,222,1190.624061,2442,1
223,223,1190.635196,2453,1
224,224,1190.646330,2464,1
225,225,1190.657466,2475,1
226,226,1190.668603,2486,1
227,227,1190.679737,2497,1
228,228,1190.690873,2508,1
229,229,1190.702009,2519,1
230,230,1190.713144,2530,1
231,231,1190.724281,2540,1
232,232,1190.735415,2551,1
233,233,1190.746553,2562,1
234,234,1190.757687,2573,1
235,235,1190.768822,2584,1
236,236,1190.779960,2595,1
237,237,1190.791102,2606,1
238,238,1190.802231,2617,1
239,239,1190.813367,2628,1
240,240,1190.824502,2639,1
241,241,1190.835638,2650,1
242,242,1190.846771,2661,1
243,243,1190.857907,2672,1
244,244,1190.869045,2683,1
245,245,1190.880178,2694,1
246,246,1190.891314,2705,1
247,247,1190.902451,2716,1
248,248,1190.913587,2727,1
249,249,1190.924722,2738,1
250,250,1190.935858,2749,1
251,251,1190.946991,2760,1
252,252,1190.958129,2771,1
253,253,1190.969263,2782,1
254,254,1190.980399,2793,1
255,255,1190.991534,2804,1
256,256,1191.002670,2815,1
257,257,1191.013805,2826,1
258,258,1191.024943,2837,1
259,259,1191.036077,2848,1
260,260,1191.047214,2859,1
261,261,1191.058348,2870,1
262,262,1191.069486,2881,1
263,263,1191.080619,2892,1
264,264,1191.091756,2903,1
265,265,1191.102891,2914,1
266,266,1191.114028,2925,1
267,267,1191.125162,2936,1
268,268,1191.136297,2947,1
269,269,1191.147435,2958,1
270,270,1191.158569,2969,1
271,271,1191.169705,2980,1
272,272,1191.180840,2991,1
273,273,1191.191977,3002,1
274,274,1191.203111,3013,1
275,275,1191.214248,3024,1
276,276,1191.225384,3035,1
277,277,1191.236517,3046,1
278,278,1191.247655,3057,1
279,279,1191.258789,3068,1
280,280,1191.269927,3079,1
281,281,1191.281063,3090,1
282,282,1191.292197,3101,1
283,283,1191.303331,3112,1
284,284,1191.314468,3123,1
285,285,1191.325602,3134,1
286,286,1191.336740,3145,1
287,287,1191.347875,3156,1
288,288,1191.359010,3167,1
289,289,1191.370147,3178,1
290,290,1191.381280,3189,1
291,291,1191.392417,3200,1
292,292,1191.403554,3211,1
293,293,1191.414688,3222,1
294,294,1191.425825,3233,1
295,295,1191.436960,3244,1
296,296,1191.448100,3255,1
297,297,1191.459232,3266,1
298,298,1191.470367,3277,1
299,299,1191.481503,3288,1
300,300,1191.492636,3299,1
301,301,1191.503773,3310,1
302,302,1191.514910,3321,1
303,303,1191.526044,3332,1
304,304,1191.537180,3343,1
305,305,1191.548316,3354,1
306,306,1191.559450,3365,1
307,307,1191.570587,3376,1
308,308,1191.581722,3387,1
309,309,1191.592857,3398,1
310,310,1191.603993,3409,1
311,311,1191.615130,3420,1
312,312,1191.626265,3431,1
313,313,1191.637401,3442,1
314,314,1191.648537,3453,1
315,315,1191.659672,3464,1
316,316,1191.670806,3475,1
317,317,1191.681944,3486,1
318,318,1191.693078,3497,1
319,319,1191.704214,3508,1
320,320,1191.715348,3519,1
321,321,1191.726485,3530,1
322,322,1191.737622,3541,1
323,323,1191.748755,3552,1
324,324,1191.759892,3563,1
325,325,1191.771028,3574,1
326,326,1191.782163,3585,1
327,327,1191.793299,3596,1
328,328,1191.804435,3607,1
329,329,1191.815570,3618,1
330,330,1191.826706,3629,1
331,331,1191.837842,3640,1
332,332,1191.848977,3651,1
333,333,1191.860112,3662,1
334,334,1191.871248,3673,1
335,335,1191.882385,3684,1
336,336,1191.893520,3695,1
337,337,1191.904655,3706,1
338,338,1191.915790,3717,1
339,339,1191.926927,3728,1
340,340,1191.938061,3739,1
341,341,1191.949197,3750,1
342,342,1191.960333,3761,1
343,343,1191.971469,3772,1
344,344,1191.982605,3783,1
345,345,1191.992728,3793,1
346,346,1192.003862,3804,1
347,347,1192.014999,3815,1
348,348,1192.026134,3826,1
349,349,1192.037269,3837,1
350,350,1192.048406,3848,1
351,351,1192.059540,3859,1
352,352,1192.070675,3870,1
353,353,1192.081813,3881,1
354,354,1192.092946,3892,1
355,355,1192.104084,3903,1
356,356,1192.115219,3914,1
357,357,1192.126355,3925,1
358,358,1192.137488,3936,1
359,359,1192.148624,3947,1
360,360,1192.159760,3958,1
361,361,1192.170896,3969,1
362,362,1192.182031,3980,1
363,363,1192.193168,3991,1
364,364,1192.204302,4002,1
365,365,1192.215440,4013,1
366,366,1192.226575,4024,1
367,367,1192.237711,4035,1
368,368,1192.248847,4046,1
369,369,1192.259982,4057,1
370,370,1192.271116,4068,1
371,371,1192.282251,4079,1
372,372,1192.293389,4090,1
373,373,1192.304525,4101,1
374,374,1192.315660,4112,1
375,375,1192.326795,4123,1
376,376,1192.337932,4134,1
377,377,1192.349065,4145,1
378,378,1192.360202,4156,1
379,379,1192.371338,4167,1
380,380,1192.382474,4178,1
381,381,1192.393607,4189,1
382,382,1192.404744,4200,1
383,383,1192.415881,4211,1
384,384,1192.427014,4222,1
385,385,1192.438151,4233,1
386,386,1192.449286,4244,1
387,387,1192.460422,4255,1
388,388,1192.471559,4266,1
389,389,1192.482695,4277,1
390,390,1192.493830,4288,1
391,391,1192.504966,4299,1
392,392,1192.516105,4310,1
393,393,1192.527236,4321,1
394,394,1192.538372,4332,1
395,395,1192.549507,4343,1
396,396,1192.560643,4354,1
397,397,1192.571779,4365,1
398,398,1192.582915,4376,1
399,399,1192.594050,4387,1
400,400,1192.605184,4398,1
401,401,1192.616319,4409,1
402,402,1192.627456,4420,1
403,403,1192.638592,4431,1
404,404,1192.649727,4442,1
405,405,1192.660864,4453,1
406,406,1192.672000,4464,1
407,407,1192.683134,4475,1
408,408,1192.694269,4486,1
409,409,1192.705406,4497,1
410,410,1192.716541,4508,1
411,411,1192.727677,4519,1
412,412,1192.738812,4530,1
413,413,1192.749949,4541,1
414,414,1192.761083,4552,1
415,415,1192.772220,4563,1
416,416,1192.783356,4574,1
417,417,1192.794491,4585,1
418,418,1192.805626,4596,1
419,419,1192.816762,4607,1
420,420,1192.827897,4618,1
421,421,1192.839033,4629,1
422,422,1192.850167,4640,1
423,423,1192.861305,4651,1
424,424,1192.872440,4662,1
425,425,1192.883576,4673,1
426,426,1192.894712,4684,1
427,427,1192.905847,4695,1
428,428,1192.916981,4706,1
429,429,1192.928118,4717,1
430,430,1192.939254,4728,1
431,431,1192.950389,4739,1
432,432,1192.961525,4750,1
433,433,1192.972661,4761,1
434,434,1192.983796,4772,1
435,435,1192.994932,4783,1
436,436,1193.006067,4794,1
437,437,1193.017203,4805,1
438,438,1193.028338,4816,1
439,439,1193.039475,4827,1
440,440,1193.050610,4838,1
441,441,1193.061745,4849,1
442,442,1193.072881,4860,1
443,443,1193.084017,4871,1
444,444,1193.095152,4882,1
445,445,1193.106287,4893,1
446,446,1193.117422,4904,1
447,447,1193.128558,4915,1
448,448,1193.139693,4926,1
449,449,1193.150830,4937,1
450,450,1193.161964,4948,1
451,451,1193.173103,4959,1
452,452,1193.184235,4970,1
453,453,1193.195372,4981,1
454,454,1193.206507,4992,1
455,455,1193.217644,5003,1
456,456,1193.228778,5014,1
457,457,1193.239915,5025,1
458,458,1193.251049,5036,1
459,459,1193.262186,5047,1
460,460,1193.273320,5058,1
461,461,1193.284456,5069,1
462,462,1193.295591,5080,1
463,463,1193.306726,5091,1
464,464,1193.317864,5102,1
465,465,1193.328998,5113,1
466,466,1193.340133,5124,1
467,467,1193.351271,5135,1
468,468,1193.362407,5146,1
469,469,1193.373542,5157,1
470,470,1193.384676,5168,1
471,471,1193.395814,5179,1
472,472,1193.406949,5190,1
473,473,1193.418083,5201,1
474,474,1193.429218,5212,1
475,475,1193.439343,5222,1
476,476,1193.450477,5233,1
477,477,1193.461613,5244,1
478,478,1193.472750,5255,1
479,479,1193.483884,5266,1
480,480,1193.495022,5277,1
481,481,1193.506157,5288,1
482,482,1193.517293,5299,1
483,483,1193.528428,5310,1
484,484,1193.539562,5321,1
485,485,1193.550698,5332,1
486,486,1193.561835,5343,1
487,487,1193.572971,5354,1
488,488,1193.584105,5365,1
489,489,1193.595242,5376,1
490,490,1193.606376,5387,1
491,491,1193.617513,5398,1
492,492,1193.628649,5409,1
493,493,1193.639785,5420,1
494,494,1193.650920,5431,1
495,495,1193.662055,5442,1
496,496,1193.673190,5453,1
497,497,1193.684327,5464,1
498,498,1193.695460,5475,1
499,499,1193.706598,5486,1
500,500,1193.717733,5497,1
501,501,1193.728869,5508,1
502,502,1193.740005,5519,1
503,503,1193.751140,5530,1
504,504,1193.762274,5541,1
505,505,1193.773411,5552,1
506,506,1193.784547,5563,1
507,507,1193.795682,5574,1
508,508,1193.806818,5585,1
509,509,1193.817953,5596,1
510,510,1193.829101,5607,1
511,511,1193.840224,5618,1
512,512,1193.851360,5629,1
513,513,1193.862497,5640,1
514,514,1193.873632,5651,1
515,515,1193.884768,5662,1
516,516,1193.895902,5673,1
517,517,1193.907038,5684,1
518,518,1193.918172,5695,1
519,519,1193.929308,5706,1
520,520,1193.940444,5717,1
521,521,1193.951580,5728,1
522,522,1193.962717,5739,1
523,523,1193.973851,5750,1
524,524,1193.984987,5761,1
525,525,1193.996122,5772,1
526,526,1194.007259,5783,1
527,527,1194.018393,5794,1
528,528,1194.029531,5805,1
529,529,1194.040666,5816,1
530,530,1194.051802,5827,1
531,531,1194.062935,5838,1
532,532,1194.074072,5849,1
533,533,1194.085208,5860,1
534,534,1194.096342,5871,1
535,535,1194.107478,5882,1
536,536,1194.118615,5893,1
537,537,1194.129749,5904,1
538,538,1194.140885,5915,1
539,539,1194.152021,5926,1
540,540,1194.163156,5937,1
541,541,1194.174292,5948,1
542,542,1194.185427,5959,1
543,543,1194.196564,5970,1
544,544,1194.207700,5981,1
545,545,1194.218835,5992,1
546,546,1194.229970,6003,1
547,547,1194.241105,6014,1
548,548,1194.252243,6025,1
549,549,1194.263378,6036,1
550,550,1194.274513,6047,1
551,551,1194.285649,6058,1
552,552,1194.296784,6069,1
553,553,1194.307918,6080,1
554,554,1194.319054,6091,1
555,555,1194.330191,6102,1
556,556,1194.341327,6113,1
557,557,1194.352463,6124,1
558,558,1194.363596,6135,1
559,559,1194.374732,6146,1
560,560,1194.385869,6157,1
561,561,1194.397003,6168,1
562,562,1194.408140,6179,1
563,563,1194.419274,6190,1
564,564,1194.430410,6201,1
565,565,1194.441548,6212,1
566,566,1194.452683,6223,1
567,567,1194.463819,6234,1
568,568,1194.474953,6245,1
569,569,1194.486101,6256,1
570,570,1194.497226,6267,1
571,571,1194.508360,6278,1
572,572,1194.519496,6289,1
573,573,1194.530632,6300,1
574,574,1194.541768,6311,1
575,575,1194.552903,6322,1
576,576,1194.564037,6333,1
577,577,1194.575173,6344,1
578,578,1194.586310,6355,1
579,579,1194.597445,6366,1
580,580,1194.608582,6377,1
581,581,1194.619715,6388,1
582,582,1194.630851,6399,1
583,583,1194.641987,6410,1
584,584,1194.653123,6421,1
585,585,1194.664259,6432,1
586,586,1194.675393,6443,1
587,587,1194.686531,6454,1
588,588,1194.697667,6465,1
589,589,1194.708802,6476,1
590,590,1194.719938,6487,1
591,591,1194.731073,6498,1
592,592,1194.742208,6509,1
593,593,1194.753344,6520,1
594,594,1194.764479,6531,1
595,595,1194.775614,6542,1
596,596,1194.786751,6553,1
597,597,1194.797886,6564,1
598,598,1194.809022,6575,1
599,599,1194.820157,6586,1
600,600,1194.831292,6597,1
601,601,1194.842427,6608,1
602,602,1194.853565,6619,1
603,603,1194.864700,6630,1
604,604,1194.874823,6640,1
605,605,1194.885959,6651,1
606,606,1194.897102,6662,1
607,607,1194.908230,6673,1
608,608,1194.919366,6684,1
609,609,1194.930500,6695,1
610,610,1194.941635,6706,1
611,611,1194.952770,6717,1
612,612,1194.963906,6728,1
613,613,1194.975042,6739,1
614,614,1194.986179,6750,1
615,615,1194.997315,6761,1
616,616,1195.008451,6772,1
617,617,1195.019587,6783,1
618,618,1195.030721,6794,1
619,619,1195.041855,6805,1
620,620,1195.052992,6816,1
621,621,1195.064126,6827,1
622,622,1195.075265,6838,1
623,623,1195.086399,6849,1
624,624,1195.097535,6860,1
625,625,1195.108671,6871,1
626,626,1195.119807,6882,1
627,627,1195.130940,6893,1
628,628,1195.142078,6904,1
629,629,1195.153213,6915,1
630,630,1195.164349,6926,1
631,631,1195.175482,6937,1
632,632,1195.186620,6948,1
633,633,1195.197756,6959,1
634,634,1195.208890,6970,1
635,635,1195.220027,6981,1
636,636,1195.231162,6992,1
637,637,1195.242298,7003,1
638,638,1195.253434,7014,1
639,639,1195.264569,7025,1
640,640,1195.275705,7036,1
641,641,1195.286840,7047,1
642,642,1195.297976,7058,1
643,643,1195.309111,7069,1
644,644,1195.320247,7080,1
645,645,1195.331382,7091,1
646,646,1195.342518,7102,1
647,647,1195.353654,7113,1
648,648,1195.364790,7124,1
649,649,1195.375926,7135,1
650,650,1195.387061,7146,1
651,651,1195.398195,7157,1
652,652,1195.409332,7168,1
653,653,1195.420466,7179,1
654,654,1195.431602,7190,1
655,655,1195.442739,7201,1
656,656,1195.453873,7212,1
657,657,1195.465008,7223,1
658,658,1195.476145,7234,1
659,659,1195.487280,7245,1
660,660,1195.498417,7256,1
661,661,1195.509552,7267,1
662,662,1195.520688,7278,1
663,663,1195.531823,7289,1
664,664,1195.542959,7300,1
665,665,1195.554101,7311,1
666,666,1195.565230,7322,1
667,667,1195.576364,7333,1
668,668,1195.587502,7344,1
669,669,1195.598637,7355,1
670,670,1195.609773,7366,1
671,671,1195.620907,7377,1
672,672,1195.632042,7388,1
673,673,1195.643180,7399,1
674,674,1195.654315,7410,1
675,675,1195.665450,7421,1
676,676,1195.676585,7432,1
677,677,1195.687720,7443,1
678,678,1195.698857,7454,1
679,679,1195.709991,7465,1
680,680,1195.721129,7475,1
681,681,1195.732263,7486,1
682,682,1195.743400,7497,1
683,683,1195.754534,7508,1
684,684,1195.765671,7519,1
685,685,1195.776808,7530,1
686,686,1195.787942,7541,1
687,687,1195.799076,7552,1
688,688,1195.810213,7563,1
689,689,1195.821348,7574,1
690,690,1195.832483,7585,1
691,691,1195.843620,7596,1
692,692,1195.854757,7607,1
693,693,1195.865892,7618,1
694,694,1195.877027,7629,1
695,695,1195.888161,7640,1
696,696,1195.899298,7651,1
697,697,1195.910433,7662,1
698,698,1195.921568,7673,1
699,699,1195.932706,7684,1
700,700,1195.943841,7695,1
701,701,1195.954976,7706,1
702,702,1195.966112,7717,1
703,703,1195.977248,7728,1
704,704,1195.988382,7739,1
705,705,1195.999518,7750,1
706,706,1196.010653,7761,1
707,707,1196.021790,7772,1
708,708,1196.032924,7783,1
709,709,1196.044061,7794,1
710,710,1196.055197,7805,1
711,711,1196.066332,7816,1
712,712,1196.077469,7827,1
713,713,1196.088602,7838,1
714,714,1196.099739,7849,1
715,715,1196.110873,7860,1
716,716,1196.122009,7871,1
717,717,1196.133146,7882,1
718,718,1196.144281,7893,1
719,719,1196.155417,7904,1
720,720,1196.166552,7915,1
721,721,1196.177689,7926,1
722,722,1196.188823,7937,1
723,723,1196.199960,7948,1
724,724,1196.211100,7959,1
725,725,1196.222231,7970,1
726,726,1196.233367,7981,1
727,727,1196.244502,7992,1
728,728,1196.255637,8003,1
729,729,1196.266772,8014,1
730,730,1196.277907,8025,1
731,731,1196.289045,8036,1
732,732,1196.300180,8047,1
733,733,1196.311315,8058,1
734,734,1196.321437,8068,1
735,735,1196.332573,8079,1
736,736,1196.343710,8090,1
737,737,1196.354844,8101,1
738,738,1196.365982,8112,1
739,739,1196.377116,8123,1
740,740,1196.388251,8134,1
741,741,1196.399389,8145,1
742,742,1196.410522,8156,1
743,743,1196.421659,8167,1
744,744,1196.432794,8178,1
745,745,1196.443929,8189,1
746,746,1196.455066,8200,1
747,747,1196.466200,8211,1
748,748,1196.477336,8222,1
749,749,1196.488473,8233,1
750,750,1196.499608,8244,1
751,751,1196.510742,8255,1
752,752,1196.521878,8266,1
753,753,1196.533016,8277,1
754,754,1196.544150,8288,1
755,755,1196.555286,8299,1
756,756,1196.566422,8310,1
757,757,1196.577558,8321,1
758,758,1196.588693,8332,1
759,759,1196.599829,8343,1
760,-1,1196.610962,8354,1
761,760,1196.622103,8365,1
762,761,1196.633234,8376,1
763,762,1196.644372,8387,1
764,763,1196.655507,8398,1
765,764,1196.666642,8409,1
766,765,1196.677778,8420,1
767,766,1196.688914,8431,1
768,767,1196.700048,8442,1
769,768,1196.711185,8453,1
770,769,1196.722318,8464,1
771,770,1196.733457,8475,1
772,771,1196.744592,8486,1
773,772,1196.755728,8497,1
774,773,1196.766861,8508,1
775,774,1196.777999,8519,1
776,775,1196.789135,8530,1
777,776,1196.800269,8541,1
778,777,1196.811403,8552,1
779,778,1196.822540,8563,1
780,779,1196.833677,8574,1
781,780,1196.844812,8585,1
782,781,1196.855948,8596,1
783,782,1196.867081,8607,1
784,783,1196.878218,8618,1
785,784,1196.889354,8629,1
786,785,1196.900490,8640,1
787,786,1196.911625,8651,1
788,787,1196.922760,8662,1
789,788,1196.933897,8673,1
790,789,1196.945031,8684,1
791,790,1196.956168,8695,1
792,791,1196.967302,8706,1
793,792,1196.978438,8717,1
794,793,1196.989574,8728,1
795,794,1197.000708,8739,1
796,795,1197.011845,8750,1
797,796,1197.022981,8761,1
798,797,1197.034118,8772,1
799,798,1197.045251,8783,1
800,799,1197.056387,8794,1
801,800,1197.067522,8805,1
802,801,1197.078658,8816,1
803,802,1197.089795,8827,1
804,803,1197.100929,8838,1
805,804,1197.112065,8849,1
806,805,1197.123201,8860,1
807,806,1197.134338,8871,1
808,807,1197.145474,8882,1
809,808,1197.156608,8893,1
810,809,1197.167744,8904,1
811,810,1197.178879,8915,1
812,811,1197.190015,8926,1
813,812,1197.201151,8937,1
814,813,1197.212286,8948,1
815,814,1197.223423,8959,1
816,815,1197.234558,8970,1
817,816,1197.245691,8981,1
818,817,1197.256830,8992,1
819,818,1197.267963,9003,1
820,819,1197.279104,9014,1
821,820,1197.290236,9025,1
822,821,1197.301370,9036,1
823,822,1197.312507,9047,1
824,823,1197.323643,9058,1
825,824,1197.334779,9069,1
826,825,1197.345912,9080,1
827,826,1197.357049,9091,1
828,827,1197.368185,9102,1
829,828,1197.379320,9113,1
830,829,1197.390456,9124,1
831,830,1197.401590,9135,1
832,831,1197.412727,9146,1
833,832,1197.423863,9157,1
834,833,1197.434998,9168,1
835,834,1197.446132,9179,1
836,835,1197.457270,9190,1
837,836,1197.468403,9201,1
838,837,1197.479541,9212,1
839,838,1197.490677,9223,1
840,839,1197.501812,9234,1
841,840,1197.512946,9245,1
842,841,1197.524082,9256,1
843,842,1197.535217,9267,1
844,843,1197.546355,9278,1
845,844,1197.557489,9289,1
846,845,1197.568625,9300,1
847,846,1197.579761,9311,1
848,847,1197.590897,9322,1
849,848,1197.602032,9333,1
850,849,1197.613168,9344,1
851,850,1197.624302,9355,1
852,851,1197.635438,9366,1
853,852,1197.646573,9377,1
854,853,1197.657709,9388,1
855,854,1197.668844,9399,1
856,855,1197.679982,9410,1
857,856,1197.691116,9421,1
858,857,1197.702253,9432,1
859,858,1197.713387,9443,1
860,859,1197.724522,9454,1
861,860,1197.735658,9465,1
862,861,1197.746793,9476,1
863,862,1197.756917,9486,1
864,863,1197.768052,9497,1
865,864,1197.779189,9508,1
866,865,1197.790323,9519,1
867,866,1197.801462,9530,1
868,867,1197.812596,9541,1
869,868,1197.823730,9552,1
870,869,1197.834866,9563,1
871,870,1197.846002,9574,1
872,871,1197.857139,9585,1
873,872,1197.868275,9596,1
874,873,1197.879409,9607,1
875,874,1197.890545,9618,1
876,875,1197.901681,9629,1
877,876,1197.912817,9640,1
878,877,1197.923953,9651,1
879,878,1197.935100,9662,1
880,879,1197.946222,9673,1
881,880,1197.957357,9684,1
882,881,1197.968496,9695,1
883,882,1197.979629,9706,1
884,883,1197.990767,9717,1
885,884,1198.001902,9728,1
886,885,1198.013037,9739,1
887,886,1198.024174,9750,1
888,887,1198.035307,9761,1
889,888,1198.046445,9772,1
890,889,1198.057578,9783,1
891,890,1198.068714,9794,1
892,891,1198.079852,9805,1
893,892,1198.090985,9816,1
894,893,1198.102120,9827,1
895,894,1198.113256,9838,1
896,895,1198.124394,9849,1
897,896,1198.135530,9860,1
898,897,1198.146662,9871,1
899,898,1198.157800,9882,1
900,899,1198.168934,9893,1
901,900,1198.180072,9904,1
902,901,1198.191207,9915,1
903,902,1198.202341,9926,1
904,903,1198.213477,9937,1
905,904,1198.224614,9948,1
906,905,1198.235747,9959,1
907,906,1198.246884,9970,1
908,907,1198.258021,9981,1
909,908,1198.269155,9992,1
910,909,1198.280290,10003,1
911,910,1198.291426,10014,1
912,911,1198.302563,10025,1
913,912,1198.313697,10036,1
914,913,1198.324834,10047,1
915,914,1198.335968,10058,1
916,915,1198.347104,10069,1
917,916,1198.358240,10080,1
918,917,1198.369377,10091,1
919,918,1198.380510,10102,1
920,919,1198.391648,10113,1
921,920,1198.402783,10124,1
922,921,1198.413918,10135,1
923,922,1198.425054,10146,1
924,923,1198.436188,10157,1
925,924,1198.447326,10168,1
926,925,1198.458460,10179,1
927,926,1198.469596,10190,1
928,927,1198.480733,10201,1
929,928,1198.491868,10212,1
930,929,1198.503003,10223,1
931,930,1198.514138,10234,1
932,931,1198.525275,10245,1
933,932,1198.536411,10256,1
934,933,1198.547547,10267,1
935,934,1198.558680,10278,1
936,935,1198.569818,10289,1
937,936,1198.580953,10300,1
938,937,1198.592100,10311,1
939,938,1198.603222,10322,1
940,939,1198.614359,10333,1
941,940,1198.625496,10344,1
942,941,1198.636630,10355,1
943,942,1198.647766,10366,1
944,943,1198.658903,10377,1
945,944,1198.670038,10388,1
946,945,1198.681171,10399,1
947,946,1198.692307,10410,1
948,947,1198.703445,10421,1
949,948,1198.714580,10432,1
950,949,1198.725715,10443,1
951,950,1198.736850,10454,1
952,951,1198.747986,10465,1
953,952,1198.759122,10476,1
954,953,1198.770258,10487,1
955,954,1198.781392,10498,1
956,955,1198.792529,10509,1
957,956,1198.803664,10520,1
958,957,1198.814800,10531,1
959,958,1198.825936,10542,1
960,959,1198.837071,10553,1
961,960,1198.848207,10564,1
962,961,1198.859341,10575,1
963,962,1198.870477,10586,1
964,963,1198.881614,10597,1
965,964,1198.892750,10608,1
966,965,1198.903885,10619,1
967,966,1198.915020,10630,1
968,967,1198.926157,10641,1
969,968,1198.937293,10652,1
970,969,1198.948427,10663,1
971,970,1198.959563,10674,1
972,971,1198.970698,10685,1
973,972,1198.981834,10696,1
974,973,1198.992970,10707,1
975,974,1199.004105,10718,1
976,975,1199.015242,10729,1
977,976,1199.026377,10740,1
978,977,1199.037512,10751,1
979,978,1199.048648,10762,1
980,979,1199.059783,10773,1
981,980,1199.070917,10784,1
982,981,1199.082053,10795,1
983,982,1199.093191,10806,1
984,983,1199.104325,10817,1
985,984,1199.115460,10828,1
986,985,1199.126597,10839,1
987,986,1199.137733,10850,1
988,987,1199.148867,10861,1
989,988,1199.160002,10872,1
990,989,1199.171138,10883,1
991,990,1199.182276,10894,1
992,991,1199.193411,10905,1
993,992,1199.203533,10915,1
994,993,1199.214669,10926,1
995,994,1199.225803,10937,1
996,995,1199.236940,10948,1
997,996,1199.248076,10959,1
998,997,1199.259210,10970,1
999,998,1199.270346,10981,1
1000,999,1199.281484,10992,1
1001,1000,1199.292619,11003,1
1002,1001,1199.303753,11014,1
1003,1002,1199.314888,11025,1
1004,1003,1199.326025,11036,1
1005,1004,1199.337160,11047,1
1006,1005,1199.348295,11058,1
1007,1006,1199.359432,11069,1
1008,1007,1199.370566,11080,1
1009,1008,1199.381704,11091,1
1010,1009,1199.392840,11102,1
1011,1010,1199.403975,11113,1
1012,1011,1199.415109,11124,1
1013,1012,1199.426246,11135,1
1014,1013,1199.437382,11146,1
1015,1014,1199.448518,11157,1
1016,1015,1199.459652,11168,1
1017,1016,1199.470789,11179,1
1018,1017,1199.481924,11190,1
1019,1018,1199.493060,11201,1
1020,1019,1199.504195,11212,1
1021,1020,1199.515331,11223,1
1022,1021,1199.526466,11234,1
1023,1022,1199.537602,11245,1
1024,1023,1199.548736,11256,1
1025,1024,1199.559871,11267,1
1026,1025,1199.571007,11278,1
1027,1026,1199.582143,11289,1
1028,1027,1199.593281,11300,1
1029,1028,1199.604416,11311,1
1030,1029,1199.615551,11322,1
1031,1030,1199.626686,11333,1
1032,1031,1199.637822,11344,1
1033,1032,1199.648956,11355,1
1034,1033,1199.660101,11366,1
1035,1034,1199.671227,11377,1
1036,1035,1199.682363,11388,1
1037,1036,1199.693501,11399,1
1038,1037,1199.704636,11410,1
1039,1038,1199.715772,11421,1
1040,1039,1199.726908,11432,1
1041,1040,1199.738043,11443,1
1042,1041,1199.749178,11454,1
1043,1042,1199.760313,11465,1
1044,1043,1199.771448,11476,1
1045,1044,1199.782586,11487,1
1046,1045,1199.793720,11498,1
1047,1046,1199.804857,11509,1
1048,1047,1199.815991,11520,1
1049,1048,1199.827127,11531,1
1050,1049,1199.838264,11542,1
1051,1050,1199.849397,11553,1
1052,1051,1199.860535,11564,1
1053,1052,1199.871670,11575,1
1054,1053,1199.882805,11586,1
1055,1054,1199.893941,11597,1
1056,1055,1199.905075,11608,1
1057,1056,1199.916212,11619,1
1058,1057,1199.927347,11630,1
1059,1058,1199.938484,11641,1
1060,1059,1199.949617,11652,1
1061,1060,1199.960755,11663,1
1062,1061,1199.971888,11674,1
1063,1062,1199.983025,11685,1
1064,1063,1199.994160,11696,1
1065,1064,1200.005297,11707,1
1066,1065,1200.016431,11718,1
1067,1066,1200.027568,11729,1
1068,1067,1200.038704,11740,1
1069,1068,1200.049839,11751,1
1070,1069,1200.060973,11762,1
1071,1070,1200.072109,11773,1
1072,1071,1200.083246,11784,1
1073,1072,1200.094380,11795,1
1074,1073,1200.105515,11806,1
1075,1074,1200.116653,11817,1
1076,1075,1200.127788,11828,1
1077,1076,1200.138925,11839,1
1078,1077,1200.150059,11850,1
1079,1078,1200.161193,11861,1
1080,1079,1200.172329,11872,1
1081,1080,1200.183467,11883,1
1082,1081,1200.194602,11894,1
1083,1082,1200.205737,11905,1
1084,1083,1200.216872,11916,1
1085,1084,1200.228008,11927,1
1086,1085,1200.239144,11938,1
1087,1086,1200.250279,11949,1
1088,1087,1200.261415,11960,1
1089,1088,1200.272551,11971,1
1090,1089,1200.283687,11982,1
1091,1090,1200.294821,11993,1
1092,1091,1200.305956,12004,1
1093,1092,1200.317101,12015,1
1094,1093,1200.328230,12026,1
1095,1094,1200.339365,12037,1
1096,1095,1200.350501,12048,1
1097,1096,1200.361636,12059,1
1098,1097,1200.372772,12070,1
1099,1098,1200.383907,12081,1
1100,1099,1200.395041,12092,1
1101,1100,1200.406179,12103,1
1102,1101,1200.417315,12114,1
1103,1102,1200.428450,12125,1
1104,1103,1200.439585,12136,1
1105,1104,1200.450720,12147,1
1106,1105,1200.461856,12158,1
1107,1106,1200.472992,12169,1
1108,1107,1200.484127,12180,1
1109,1108,1200.495263,12191,1
1110,1109,1200.506397,12202,1
1111,1110,1200.517534,12213,1
1112,1111,1200.528671,12224,1
1113,1112,1200.539804,12235,1
1114,1113,1200.550940,12246,1
1115,1114,1200.562076,12257,1
1116,1115,1200.573213,12268,1
1117,1116,1200.584348,12279,1
1118,1117,1200.595483,12290,1
1119,1118,1200.606620,12301,1
1120,1119,1200.617753,12312,1
1121,1120,1200.628888,12323,1
1122,1121,1200.639014,12333,1
1123,1122,1200.650147,12344,1
1124,1123,1200.661284,12355,1
1125,1124,1200.672419,12366,1
1126,1125,1200.683556,12377,1
1127,1126,1200.694691,12388,1
1128,1127,1200.705827,12399,1
1129,1128,1200.716963,12410,1
1130,1129,1200.728104,12421,1
1131,1130,1200.739232,12432,1
1132,1131,1200.750370,12443,1
1133,1132,1200.761504,12454,1
1134,1133,1200.772642,12465,1
1135,1134,1200.783776,12476,1
1136,1135,1200.794913,12487,1
1137,1136,1200.806048,12498,1
1138,1137,1200.817183,12509,1
1139,1138,1200.828318,12520,1
1140,1139,1200.839454,12531,1
1141,1140,1200.850590,12542,1
1142,1141,1200.861724,12553,1
1143,1142,1200.872862,12564,1
1144,1143,1200.883997,12575,1
1145,1144,1200.895133,12586,1
1146,1145,1200.906266,12597,1
1147,1146,1200.917402,12608,1
1148,1147,1200.928539,12619,1
1149,1148,1200.939674,12630,1
1150,1149,1200.950811,12641,1
1151,1150,1200.961945,12652,1
1152,1151,1200.973080,12663,1
1153,1152,1200.984215,12674,1
1154,1153,1200.995351,12685,1
1155,1154,1201.006489,12696,1
1156,1155,1201.017622,12707,1
1157,1156,1201.028758,12718,1
1158,1157,1201.039895,12729,1
1159,1158,1201.051029,12740,1
1160,1159,1201.062166,12751,1
1161,1160,1201.073301,12762,1
1162,1161,1201.084436,12773,1
1163,1162,1201.095572,12784,1
1164,1163,1201.106707,12795,1
1165,1164,1201.117843,12806,1
1166,1165,1201.128981,12817,1
1167,1166,1201.140114,12828,1
1168,1167,1201.151249,12839,1
1169,1168,1201.162385,12850,1
1170,1169,1201.173520,12861,1
1171,1170,1201.184659,12872,1
1172,1171,1201.195794,12883,1
1173,1172,1201.206930,12894,1
1174,1173,1201.218063,12905,1
1175,1174,1201.229198,12916,1
1176,1175,1201.240334,12927,1
1177,1176,1201.251472,12938,1
1178,1177,1201.262607,12949,1
1179,1178,1201.273742,12960,1
1180,1179,1201.284879,12971,1
1181,1180,1201.296014,12982,1
1182,1181,1201.307150,12993,1
1183,1182,1201.318283,13004,1
1184,1183,1201.329419,13015,1
1185,1184,1201.340557,13026,1
1186,1185,1201.351692,13037,1
1187,1186,1201.362826,13048,1
1188,1187,1201.373963,13059,1
1189,1188,1201.385104,13070,1
1190,1189,1201.396235,13081,1
1191,1190,1201.407368,13092,1
1192,1191,1201.418506,13103,1
1193,1192,1201.429642,13114,1
1194,1193,1201.440777,13125,1
1195,1194,1201.451912,13136,1
1196,1195,1201.463048,13147,1
1197,1196,1201.474184,13158,1
1198,1197,1201.485317,13169,1
1199,1198,1201.496453,13180,1
1200,1199,1201.507589,13191,1
1201,1200,1201.518725,13202,1
1202,1201,1201.529861,13213,1
1203,1202,1201.540995,13224,1
1204,1203,1201.552131,13235,1
1205,1204,1201.563268,13246,1
1206,1205,1201.574404,13257,1
1207,1206,1201.585537,13268,1
1208,1207,1201.596673,13279,1
1209,1208,1201.607809,13290,1
1210,1209,1201.618945,13301,1
1211,1210,1201.630080,13312,1
1212,1211,1201.641217,13323,1
1213,1212,1201.652352,13334,1
1214,1213,1201.663487,13345,1
1215,1214,1201.674623,13356,1
1216,1215,1201.685758,13367,1
1217,1216,1201.696895,13378,1
1218,1217,1201.708032,13389,1
1219,1218,1201.719167,13400,1
1220,1219,1201.730303,13411,1
1221,1220,1201.741436,13422,1
1222,1221,1201.752574,13433,1
1223,1222,1201.763707,13444,1
1224,1223,1201.774844,13455,1
1225,1224,1201.785981,13466,1
1226,1225,1201.797115,13477,1
1227,1226,1201.808249,13488,1
1228,1227,1201.819385,13499,1
1229,1228,1201.830522,13510,1
1230,1229,1201.841659,13521,1
1231,1230,1201.852794,13532,1
1232,1231,1201.863930,13543,1
1233,1232,1201.875064,13554,1
1234,1233,1201.886199,13565,1
1235,1234,1201.897334,13576,1
1236,1235,1201.908472,13587,1
1237,1236,1201.919607,13598,1
1238,1237,1201.930742,13609,1
1239,1238,1201.941877,13620,1
1240,1239,1201.953012,13631,1
1241,1240,1201.964150,13642,1
1242,1241,1201.975285,13653,1
1243,1242,1201.986422,13664,1
1244,1243,1201.997556,13675,1
1245,1244,1202.008693,13686,1
1246,1245,1202.019827,13697,1
1247,1246,1202.030963,13708,1
1248,1247,1202.042103,13719,1
1249,1248,1202.053234,13730,1
1250,1249,1202.064370,13741,1
1251,1250,1202.075505,13752,1
1252,1251,1202.085628,13762,1
1253,1252,1202.096764,13773,1
1254,1253,1202.107900,13784,1
1255,1254,1202.119035,13795,1
1256,1255,1202.130171,13806,1
1257,1256,1202.141305,13817,1
1258,1257,1202.152442,13828,1
1259,1258,1202.163576,13839,1
1260,1259,1202.174712,13850,1
1261,1260,1202.185847,13861,1
1262,1261,1202.196985,13872,1
1263,1262,1202.208120,13883,1
1264,1263,1202.219256,13894,1
1265,1264,1202.230391,13905,1
1266,1265,1202.241527,13916,1
1267,1266,1202.252661,13927,1
1268,1267,1202.263799,13938,1
1269,1268,1202.274934,13949,1
1270,1269,1202.286070,13960,1
1271,1270,1202.297204,13971,1
1272,1271,1202.308340,13982,1
1273,1272,1202.319476,13993,1
1274,1273,1202.330610,14004,1
1275,1274,1202.341747,14015,1
1276,1275,1202.352881,14026,1
1277,1276,1202.364019,14037,1
1278,1277,1202.375155,14048,1
1279,1278,1202.386288,14059,1
1280,1279,1202.397425,14070,1
1281,1280,1202.408561,14081,1
1282,1281,1202.419696,14092,1
1283,1282,1202.430832,14103,1
1284,1283,1202.441968,14114,1
1285,1284,1202.453103,14125,1
1286,1285,1202.464239,14136,1
1287,1286,1202.475374,14147,1
1288,1287,1202.486511,14158,1
1289,1288,1202.497644,14169,1
1290,1289,1202.508781,14180,1
1291,1290,1202.519915,14191,1
1292,1291,1202.531052,14202,1
1293,1292,1202.542187,14213,1
1294,1293,1202.553324,14224,1
1295,1294,1202.564460,14235,1
1296,1295,1202.575594,14246,1
1297,1296,1202.586731,14257,1
1298,1297,1202.597867,14268,1
1299,1298,1202.609001,14279,1
1300,1299,1202.620137,14290,1
1301,1300,1202.631272,14301,1
1302,1301,1202.642409,14312,1
1303,1302,1202.653544,14323,1
1304,1303,1202.664680,14334,1
1305,1304,1202.675814,14345,1
1306,1305,1202.686949,14356,1
1307,1306,1202.698085,14367,1
1308,1307,1202.709220,14378,1
1309,1308,1202.720356,14389,1
1310,1309,1202.731494,14400,1
1311,1310,1202.742627,14411,1
1312,1311,1202.753765,14422,1
1313,1312,1202.764898,14433,1
1314,1313,1202.776034,14444,1
1315,1314,1202.787171,14455,1
1316,1315,1202.798307,14466,1
1317,1316,1202.809442,14477,1
1318,1317,1202.820577,14488,1
1319,1318,1202.831714,14499,1
1320,1319,1202.842848,14510,1
1321,1320,1202.853983,14521,1
1322,1321,1202.865119,14532,1
1323,1322,1202.876256,14543,1
1324,1323,1202.887392,14554,1
1325,1324,1202.898528,14565,1
1326,1325,1202.909663,14576,1
1327,1326,1202.920798,14587,1
1328,1327,1202.931934,14598,1
1329,1328,1202.943070,14609,1
1330,1329,1202.954204,14620,1
1331,1330,1202.965341,14631,1
1332,1331,1202.976475,14642,1
1333,1332,1202.987612,14653,1
1334,1333,1202.998747,14664,1
1335,1334,1203.009883,14675,1
1336,1335,1203.021019,14686,1
1337,-1,1203.032155,14697,1
1338,1336,1203.043289,14708,1
1339,1337,1203.054425,14719,1
1340,1338,1203.065561,14730,1
1341,1339,1203.076697,14741,1
1342,1340,1203.087831,14752,1
1343,1341,1203.098966,14763,1
1344,1342,1203.110105,14774,1
1345,1343,1203.121237,14785,1
1346,1344,1203.132373,14796,1
1347,1345,1203.143509,14807,1
1348,1346,1203.154646,14818,1
1349,1347,1203.165780,14829,1
1350,1348,1203.176916,14840,1
1351,1349,1203.188053,14851,1
1352,1350,1203.199186,14862,1
1353,1351,1203.210322,14873,1
1354,1352,1203.221460,14884,1
1355,1353,1203.232595,14895,1
1356,1354,1203.243730,14906,1
1357,1355,1203.254866,14917,1
1358,1356,1203.266001,14928,1
1359,1357,1203.277137,14939,1
1360,1358,1203.288274,14950,1
1361,1359,1203.299407,14961,1
1362,1360,1203.310543,14972,1
1363,1361,1203.321678,14983,1
1364,1362,1203.332816,14994,1
1365,1363,1203.343952,15005,1
1366,1364,1203.355085,15016,1
1367,1365,1203.366221,15027,1
1368,1366,1203.377357,15038,1
1369,1367,1203.388493,15049,1
1370,1368,1203.399628,15060,1
1371,1369,1203.410765,15071,1
1372,1370,1203.421900,15082,1
1373,1371,1203.433036,15093,1
1374,1372,1203.444172,15104,1
1375,1373,1203.455307,15115,1
1376,1374,1203.466442,15126,1
1377,1375,1203.477577,15137,1
1378,1376,1203.488714,15148,1
1379,1377,1203.499848,15159,1
1380,1378,1203.510985,15170,1
1381,1379,1203.522121,15181,1
1382,1380,1203.532244,15191,1
1383,1381,1203.543379,15202,1
1384,1382,1203.554515,15213,1
1385,1383,1203.565651,15224,1
1386,1384,1203.576786,15235,1
1387,1385,1203.587922,15246,1
1388,1386,1203.599058,15257,1
1389,1387,1203.610193,15268,1
1390,1388,1203.621329,15279,1
1391,1389,1203.632465,15290,1
1392,1390,1203.643600,15301,1
1393,1391,1203.654735,15312,1
1394,1392,1203.665871,15323,1
1395,1393,1203.677005,15334,1
1396,1394,1203.688142,15345,1
1397,1395,1203.699276,15356,1
1398,1396,1203.710414,15367,1
1399,1397,1203.721550,15378,1
1400,1398,1203.732685,15389,1
1401,1399,1203.743820,15400,1
1402,1400,1203.754956,15411,1
1403,1401,1203.766099,15422,1
1404,1402,1203.777226,15433,1
1405,1403,1203.788361,15444,1
1406,1404,1203.799498,15455,1
1407,1405,1203.810634,15466,1
1408,1406,1203.821770,15477,1
1409,1407,1203.832903,15488,1
1410,1408,1203.844040,15499,1
1411,1409,1203.855176,15510,1
1412,1410,1203.866312,15521,1
1413,1411,1203.877446,15532,1
1414,1412,1203.888581,15543,1
1415,1413,1203.899719,15554,1
1416,1414,1203.910854,15565,1
1417,1415,1203.921989,15576,1
1418,1416,1203.933125,15587,1
1419,1417,1203.944261,15598,1
1420,1418,1203.955395,15609,1
1421,1419,1203.966532,15620,1
1422,1420,1203.977666,15631,1
1423,1421,1203.988802,15642,1
1424,1422,1203.999938,15653,1
1425,1423,1204.011075,15664,1
1426,1424,1204.022211,15675,1
1427,1425,1204.033345,15686,1
1428,1426,1204.044481,15697,1
1429,1427,1204.055615,15708,1
1430,1428,1204.066752,15719,1
1431,1429,1204.077889,15730,1
1432,1430,1204.089023,15741,1
1433,1431,1204.100157,15752,1
1434,1432,1204.111294,15763,1
1435,1433,1204.122430,15774,1
1436,1434,1204.133566,15785,1
1437,1435,1204.144701,15796,1
1438,1436,1204.155837,15807,1
1439,1437,1204.166973,15818,1
1440,1438,1204.178109,15829,1
1441,1439,1204.189244,15840,1
1442,1440,1204.200378,15851,1
1443,1441,1204.211515,15862,1
1444,1442,1204.222651,15873,1
1445,1443,1204.233786,15884,1
1446,1444,1204.244921,15895,1
1447,1445,1204.256059,15906,1
1448,1446,1204.267193,15917,1
1449,1447,1204.278327,15928,1
1450,1448,1204.289465,15939,1
1451,1449,1204.300598,15950,1
1452,1450,1204.311735,15961,1
1453,1451,1204.322871,15972,1
1454,1452,1204.334007,15983,1
1455,1453,1204.345141,15994,1
1456,1454,1204.356277,16005,1
1457,1455,1204.367413,16016,1
1458,1456,1204.378550,16027,1
1459,1457,1204.389685,16038,1
1460,1458,1204.400821,16049,1
1461,1459,1204.411956,16060,1
1462,1460,1204.423100,16071,1
1463,1461,1204.434228,16082,1
1464,1462,1204.445363,16093,1
1465,1463,1204.456497,16104,1
1466,1464,1204.467633,16115,1
1467,1465,1204.478770,16126,1
1468,1466,1204.489903,16137,1
1469,1467,1204.501041,16148,1
1470,1468,1204.512175,16159,1
1471,1469,1204.523312,16170,1
1472,1470,1204.534447,16181,1
1473,1471,1204.545584,16192,1
1474,1472,1204.556718,16203,1
1475,1473,1204.567854,16214,1
1476,1474,1204.578989,16225,1
1477,1475,1204.590124,16236,1
1478,1476,1204.601262,16247,1
1479,1477,1204.612397,16258,1
1480,1478,1204.623532,16269,1
1481,1479,1204.634667,16280,1
1482,1480,1204.645803,16291,1
1483,1481,1204.656938,16302,1
1484,1482,1204.668075,16313,1
1485,1483,1204.679208,16324,1
1486,1484,1204.690345,16335,1
1487,1485,1204.701482,16346,1
1488,1486,1204.712617,16357,1
1489,1487,1204.723753,16368,1
1490,1488,1204.734887,16379,1
1491,1489,1204.746022,16390,1
1492,1490,1204.757158,16401,1
1493,1491,1204.768293,16412,1
1494,1492,1204.779430,16423,1
1495,1493,1204.790566,16434,1
1496,1494,1204.801700,16445,1
1497,1495,1204.812835,16456,1
1498,1496,1204.823971,16467,1
1499,1497,1204.835107,16478,1
1500,1498,1204.846243,16489,1
1501,1499,1204.857380,16500,1
1502,1500,1204.868515,16511,1
1503,1501,1204.879651,16522,1
1504,1502,1204.890786,16533,1
1505,1503,1204.901920,16544,1
1506,1504,1204.913057,16555,1
1507,1505,1204.924193,16566,1
1508,1506,1204.935327,16577,1
1509,1507,1204.946465,16588,1
1510,1508,1204.957598,16599,1
1511,1509,1204.967721,16609,1
1512,1510,1204.978859,16620,1
1513,1511,1204.989993,16631,1
1514,1512,1205.001130,16642,1
1515,1513,1205.012264,16653,1
1516,1514,1205.023399,16664,1
1517,1515,1205.034535,16675,1
1518,1516,1205.045672,16686,1
1519,1517,1205.056806,16697,1
1520,1518,1205.067943,16708,1
1521,1519,1205.079078,16719,1
1522,1520,1205.090213,16730,1
1523,1521,1205.101350,16741,1
1524,1522,1205.112487,16752,1
1525,1523,1205.123621,16763,1
1526,1524,1205.134755,16774,1
1527,1525,1205.145891,16785,1
1528,1526,1205.157026,16796,1
1529,1527,1205.168163,16807,1
1530,1528,1205.179298,16818,1
1531,1529,1205.190436,16829,1
1532,1530,1205.201572,16840,1
1533,1531,1205.212706,16851,1
1534,1532,1205.223842,16862,1
1535,1533,1205.234978,16873,1
1536,1534,1205.246113,16884,1
1537,1535,1205.257248,16895,1
1538,1536,1205.268385,16906,1
1539,1537,1205.279520,16917,1
1540,1538,1205.290656,16928,1
1541,1539,1205.301791,16939,1
1542,1540,1205.312927,16950,1
1543,1541,1205.324061,16961,1
1544,1542,1205.335196,16972,1
1545,1543,1205.346334,16983,1
1546,1544,1205.357470,16994,1
1547,1545,1205.368604,17005,1
1548,1546,1205.379741,17016,1
1549,1547,1205.390875,17027,1
1550,1548,1205.402012,17038,1
1551,1549,1205.413147,17049,1
1552,1550,1205.424283,17060,1
1553,1551,1205.435419,17071,1
1554,1552,1205.446555,17082,1
1555,1553,1205.457690,17093,1
1556,1554,1205.468826,17104,1
1557,1555,1205.479960,17115,1
1558,1556,1205.491102,17126,1
1559,1557,1205.502232,17137,1
1560,1558,1205.513366,17148,1
1561,1559,1205.524504,17159,1
1562,1560,1205.535637,17170,1
1563,1561,1205.546775,17181,1
1564,1562,1205.557911,17192,1
1565,1563,1205.569046,17203,1
1566,1564,1205.580179,17214,1
1567,1565,1205.591315,17225,1
1568,1566,1205.602452,17236,1
1569,1567,1205.613588,17247,1
1570,1568,1205.624722,17258,1
1571,1569,1205.635859,17269,1
1572,1570,1205.646993,17280,1
1573,1571,1205.658130,17291,1
1574,1572,1205.669264,17302,1
1575,1573,1205.680402,17313,1
1576,1574,1205.691536,17324,1
1577,1575,1205.702671,17335,1
1578,1576,1205.713809,17346,1
1579,1577,1205.724944,17357,1
1580,1578,1205.736079,17368,1
1581,1579,1205.747213,17379,1
1582,1580,1205.758351,17390,1
1583,1581,1205.769484,17401,1
1584,1582,1205.780620,17412,1
1585,1583,1205.791757,17423,1
1586,1584,1205.802891,17434,1
1587,1585,1205.814029,17445,1
1588,1586,1205.825164,17456,1
1589,1587,1205.836300,17467,1
1590,1588,1205.847435,17478,1
1591,1589,1205.858570,17489,1
1592,1590,1205.869707,17500,1
1593,1591,1205.880842,17511,1
1594,1592,1205.891976,17522,1
1595,1593,1205.903114,17533,1
1596,1594,1205.914248,17544,1
1597,1595,1205.925385,17555,1
1598,1596,1205.936518,17566,1
1599,1597,1205.947656,17577,1
1600,1598,1205.958790,17588,1
1601,1599,1205.969927,17599,1
1602,1600,1205.981061,17610,1
1603,1601,1205.992197,17621,1
1604,1602,1206.003332,17632,1
1605,1603,1206.014468,17643,1
1606,1604,1206.025605,17654,1
1607,1605,1206.036739,17665,1
1608,1606,1206.047876,17676,1
1609,1607,1206.059010,17687,1
1610,1608,1206.070148,17698,1
1611,1609,1206.081282,17709,1
1612,1610,1206.092417,17720,1
1613,1611,1206.103554,17731,1
1614,1612,1206.114690,17742,1
1615,1613,1206.125825,17753,1
1616,1614,1206.136961,17764,1
1617,1615,1206.148103,17775,1
1618,1616,1206.159232,17786,1
1619,1617,1206.170367,17797,1
1620,1618,1206.181503,17808,1
1621,1619,1206.192637,17819,1
1622,1620,1206.203775,17830,1
1623,1621,1206.214910,17841,1
1624,1622,1206.226045,17852,1
1625,1623,1206.237182,17863,1
1626,1624,1206.248315,17874,1
1627,1625,1206.259453,17885,1
1628,1626,1206.270587,17896,1
1629,1627,1206.281724,17907,1
1630,1628,1206.292860,17918,1
1631,1629,1206.303995,17929,1
1632,1630,1206.315128,17940,1
1633,1631,1206.326264,17951,1
1634,1632,1206.337400,17962,1
1635,1633,1206.348536,17973,1
1636,1634,1206.359674,17984,1
1637,1635,1206.370807,17995,1
1638,1636,1206.381944,18006,1
1639,1637,1206.393078,18017,1
1640,1638,1206.404213,18028,1
1641,1639,1206.414338,18038,1
1642,1640,1206.425473,18049,1
1643,1641,1206.436608,18060,1
1644,1642,1206.447746,18071,1
1645,1643,1206.458880,18082,1
1646,1644,1206.470016,18093,1
1647,1645,1206.481150,18104,1
1648,1646,1206.492286,18115,1
1649,1647,1206.503423,18126,1
1650,1648,1206.514557,18137,1
1651,1649,1206.525692,18148,1
1652,-1,1206.536829,18159,1
1653,1650,1206.547966,18170,1
1654,1651,1206.559103,18181,1
1655,1652,1206.570235,18192,1
1656,1653,1206.581371,18203,1
1657,1654,1206.592507,18214,1
1658,1655,1206.603642,18225,1
1659,1656,1206.614778,18236,1
1660,1657,1206.625913,18247,1
1661,1658,1206.637050,18258,1
1662,1659,1206.648186,18269,1
1663,1660,1206.659319,18280,1
1664,1661,1206.670455,18291,1
1665,1662,1206.681591,18302,1
1666,1663,1206.692727,18313,1
1667,1664,1206.703864,18324,1
1668,1665,1206.714998,18335,1
1669,1666,1206.726133,18346,1
1670,1667,1206.737270,18357,1
1671,1668,1206.748407,18368,1
1672,1669,1206.759540,18379,1
1673,1670,1206.770676,18390,1
1674,1671,1206.781813,18401,1
1675,1672,1206.792947,18412,1
1676,1673,1206.804083,18423,1
1677,1674,1206.815218,18434,1
1678,1675,1206.826355,18445,1
1679,1676,1206.837489,18456,1
1680,1677,1206.848627,18467,1
1681,1678,1206.859762,18478,1
1682,1679,1206.870896,18489,1
1683,1680,1206.882033,18500,1
1684,1681,1206.893169,18511,1
1685,1682,1206.904303,18522,1
1686,1683,1206.915441,18533,1
1687,1684,1206.926574,18544,1
1688,1685,1206.937710,18555,1
1689,1686,1206.948847,18566,1
1690,1687,1206.959982,18577,1
1691,1688,1206.971118,18588,1
1692,1689,1206.982252,18599,1
1693,1690,1206.993390,18610,1
1694,1691,1207.004524,18621,1
1695,1692,1207.015661,18632,1
1696,1693,1207.026795,18643,1
1697,1694,1207.037931,18654,1
1698,1695,1207.049066,18665,1
1699,1696,1207.060202,18676,1
1700,1697,1207.071338,18687,1
1701,1698,1207.082474,18698,1
1702,1699,1207.093608,18709,1
1703,1700,1207.104746,18720,1
1704,1701,1207.115881,18731,1
1705,1702,1207.127014,18742,1
1706,1703,1207.138152,18753,1
1707,1704,1207.149287,18764,1
1708,1705,1207.160423,18775,1
1709,1706,1207.171558,18786,1
1710,1707,1207.182694,18797,1
1711,1708,1207.193828,18808,1
1712,1709,1207.204965,18819,1
1713,1710,1207.216105,18830,1
1714,1711,1207.227235,18841,1
1715,1712,1207.238370,18852,1
1716,1713,1207.249509,18863,1
1717,1714,1207.260642,18874,1
1718,1715,1207.271780,18885,1
1719,1716,1207.282915,18896,1
1720,1717,1207.294050,18907,1
1721,1718,1207.305184,18918,1
1722,1719,1207.316319,18929,1
1723,1720,1207.327456,18940,1
1724,1721,1207.338593,18951,1
1725,1722,1207.349728,18962,1
1726,1723,1207.360864,18973,1
1727,1724,1207.372000,18984,1
1728,1725,1207.383135,18995,1
1729,1726,1207.394269,19006,1
1730,1727,1207.405405,19017,1
1731,1728,1207.416542,19028,1
1732,1729,1207.427676,19039,1
1733,1730,1207.438814,19050,1
1734,1731,1207.449947,19061,1
1735,1732,1207.461084,19072,1
1736,1733,1207.472219,19083,1
1737,1734,1207.483354,19094,1
1738,1735,1207.494491,19105,1
1739,1736,1207.505625,19116,1
1740,1737,1207.516762,19127,1
1741,1738,1207.527896,19138,1
1742,1739,1207.539033,19149,1
1743,1740,1207.550168,19160,1
1744,1741,1207.561305,19171,1
1745,1742,1207.572438,19182,1
1746,1743,1207.583574,19193,1
1747,1744,1207.594712,19204,1
1748,1745,1207.605845,19215,1
1749,1746,1207.616982,19226,1
1750,1747,1207.628117,19237,1
1751,1748,1207.639254,19248,1
1752,1749,1207.650388,19259,1
1753,1750,1207.661523,19270,1
1754,1751,1207.672658,19281,1
1755,1752,1207.683794,19292,1
1756,1753,1207.694930,19303,1
1757,1754,1207.706067,19314,1
1758,1755,1207.717202,19325,1
1759,1756,1207.728337,19336,1
1760,1757,1207.739473,19347,1
1761,1758,1207.750608,19358,1
1762,1759,1207.761745,19369,1
1763,1760,1207.772879,19380,1
1764,1761,1207.784016,19391,1
1765,1762,1207.795152,19402,1
1766,1763,1207.806287,19413,1
1767,1764,1207.817423,19424,1
1768,1765,1207.828558,19435,1
1769,1766,1207.839695,19446,1
1770,1767,1207.849817,19456,1
1771,1768,1207.860951,19467,1
1772,1769,1207.872087,19478,1
1773,1770,1207.883225,19489,1
1774,1771,1207.894360,19500,1
1775,1772,1207.905496,19511,1
1776,1773,1207.916630,19522,1
1777,1774,1207.927767,19533,1
1778,1775,1207.938901,19544,1
1779,1776,1207.950037,19555,1
1780,1777,1207.961174,19566,1
1781,1778,1207.972308,19577,1
1782,1779,1207.983445,19588,1
1783,1780,1207.994580,19599,1
1784,1781,1208.005715,19610,1
1785,1782,1208.016852,19621,1
1786,1783,1208.027986,19632,1
1787,1784,1208.039123,19643,1
1788,1785,1208.050259,19654,1
1789,1786,1208.061393,19665,1
1790,1787,1208.072529,19676,1
1791,1788,1208.083665,19687,1
1792,1789,1208.094801,19698,1
1793,1790,1208.105936,19709,1
1794,1791,1208.117071,19720,1
1795,1792,1208.128207,19731,1
1796,1793,1208.139343,19742,1
1797,1794,1208.150477,19753,1
1798,1795,1208.161614,19764,1
1799,1796,1208.172748,19775,1
1800,1797,1208.183884,19786,1
1801,1798,1208.195019,19797,1
1802,1799,1208.206156,19808,1
1803,1800,1208.217290,19819,1
1804,1801,1208.228427,19830,1
1805,1802,1208.239563,19841,1
1806,1803,1208.250698,19852,1
1807,1804,1208.261833,19863,1
1808,1805,1208.272970,19874,1
1809,1806,1208.284106,19885,1
1810,1807,1208.295240,19896,1
1811,1808,1208.306375,19907,1
1812,1809,1208.317512,19918,1
1813,1810,1208.328648,19929,1
1814,1811,1208.339783,19940,1
1815,1812,1208.350919,19951,1
1816,1813,1208.362055,19962,1
1817,1814,1208.373191,19973,1
1818,1815,1208.384326,19984,1
1819,1816,1208.395461,19995,1
1820,1817,1208.406595,20006,1
1821,1818,1208.417733,20017,1
1822,1819,1208.428866,20028,1
1823,1820,1208.440004,20039,1
1824,1821,1208.451138,20050,1
1825,1822,1208.462275,20061,1
1826,1823,1208.473409,20072,1
1827,1824,1208.484546,20083,1
1828,1825,1208.495681,20094,1
1829,1826,1208.506817,20105,1
1830,1827,1208.517952,20116,1
1831,1828,1208.529100,20127,1
1832,1829,1208.540225,20138,1
1833,1830,1208.551361,20149,1
1834,1831,1208.562496,20160,1
1835,1832,1208.573630,20171,1
1836,1833,1208.584766,20182,1
1837,1834,1208.595902,20193,1
1838,1835,1208.607038,20204,1
1839,1836,1208.618173,20215,1
1840,1837,1208.629309,20226,1
1841,1838,1208.640445,20237,1
1842,1839,1208.651578,20248,1
1843,1840,1208.662714,20259,1
1844,1841,1208.673850,20270,1
1845,1842,1208.684986,20281,1
1846,1843,1208.696121,20292,1
1847,1844,1208.707257,20303,1
1848,1845,1208.718392,20314,1
1849,1846,1208.729529,20325,1
1850,1847,1208.740664,20336,1
1851,1848,1208.751799,20347,1
1852,1849,1208.762936,20358,1
1853,1850,1208.774072,20369,1
1854,1851,1208.785206,20380,1
1855,1852,1208.796341,20391,1
1856,1853,1208.807479,20402,1
1857,1854,1208.818614,20413,1
1858,1855,1208.829750,20424,1
1859,1856,1208.840884,20435,1
1860,1857,1208.852020,20446,1
1861,1858,1208.863156,20457,1
1862,1859,1208.874292,20468,1
1863,1860,1208.885427,20479,1
1864,1861,1208.896562,20490,1
1865,1862,1208.907698,20501,1
1866,1863,1208.918835,20512,1
1867,1864,1208.929968,20523,1
1868,1865,1208.941105,20534,1
1869,1866,1208.952242,20545,1
1870,1867,1208.963375,20556,1
1871,1868,1208.974512,20567,1
1872,1869,1208.985646,20578,1
1873,1870,1208.996783,20589,1
1874,1871,1209.007919,20600,1
1875,1872,1209.019055,20611,1
1876,1873,1209.030188,20622,1
1877,1874,1209.041324,20633,1
1878,1875,1209.052462,20644,1
1879,1876,1209.063597,20655,1
1880,1877,1209.074733,20666,1
1881,1878,1209.085868,20677,1
1882,1879,1209.097004,20688,1
1883,1880,1209.108139,20699,1
1884,1881,1209.119274,20710,1
1885,1882,1209.130409,20721,1
1886,1883,1209.141547,20732,1
1887,1884,1209.152680,20743,1
1888,1885,1209.163818,20754,1
1889,1886,1209.174951,20765,1
1890,1887,1209.186100,20776,1
1891,1888,1209.197224,20787,1
1892,1889,1209.208359,20798,1
1893,1890,1209.219496,20809,1
1894,1891,1209.230630,20820,1
1895,1892,1209.241767,20831,1
1896,1893,1209.252903,20842,1
1897,1894,1209.264038,20853,1
1898,1895,1209.275173,20864,1
1899,1896,1209.286308,20875,1
1900,1897,1209.296431,20885,1
1901,1898,1209.307568,20896,1
1902,1899,1209.318702,20907,1
1903,1900,1209.329837,20918,1
1904,1901,1209.340973,20929,1
1905,1902,1209.352108,20940,1
1906,1903,1209.363244,20951,1
1907,1904,1209.374382,20962,1
1908,1905,1209.385515,20973,1
1909,1906,1209.396651,20984,1
1910,1907,1209.407786,20995,1
1911,1908,1209.418924,21006,1
1912,1909,1209.430058,21017,1
1913,1910,1209.441193,21028,1
1914,1911,1209.452330,21039,1
1915,1912,1209.463466,21050,1
1916,1913,1209.474600,21061,1
1917,1914,1209.485736,21072,1
1918,1915,1209.496871,21083,1
1919,1916,1209.508007,21094,1
1920,1917,1209.519144,21105,1
1921,1918,1209.530280,21116,1
1922,1919,1209.541416,21127,1
1923,1920,1209.552549,21138,1
1924,1921,1209.563685,21149,1
1925,1922,1209.574822,21160,1
1926,1923,1209.585958,21171,1
1927,1924,1209.597102,21182,1
1928,1925,1209.608228,21193,1
1929,1926,1209.619362,21204,1
1930,1927,1209.630501,21215,1
1931,1928,1209.641634,21226,1
1932,1929,1209.652772,21237,1
1933,1930,1209.663905,21248,1
1934,1931,1209.675041,21259,1
1935,1932,1209.686176,21270,1
1936,1933,1209.697313,21281,1
1937,1934,1209.708447,21292,1
1938,1935,1209.719585,21303,1
1939,1936,1209.730720,21314,1
1940,1937,1209.741855,21325,1
1941,1938,1209.752989,21336,1
1942,1939,1209.764125,21347,1
1943,1940,1209.775261,21358,1
1944,1941,1209.786398,21369,1
1945,1942,1209.797534,21380,1
1946,1943,1209.808670,21391,1
1947,1944,1209.819803,21402,1
1948,1945,1209.830939,21413,1
1949,1946,1209.842075,21424,1
1950,1947,1209.853210,21435,1
1951,1948,1209.864346,21446,1
1952,1949,1209.875481,21457,1
1953,1950,1209.886616,21468,1
1954,1951,1209.897752,21479,1
1955,1952,1209.908889,21490,1
1956,1953,1209.920025,21501,1
1957,1954,1209.931159,21512,1
1958,1955,1209.942296,21523,1
1959,1956,1209.953431,21534,1
1960,1957,1209.964567,21545,1
1961,1958,1209.975704,21556,1
1962,1959,1209.986837,21567,1
1963,1960,1209.997974,21578,1
1964,1961,1210.009109,21589,1
1965,1962,1210.020245,21600,1
1966,1963,1210.031380,21611,1
1967,1964,1210.042516,21622,1
1968,1965,1210.053653,21633,1
1969,1966,1210.064788,21644,1
1970,1967,1210.075924,21655,1
1971,1968,1210.087059,21666,1
1972,1969,1210.098195,21677,1
1973,1970,1210.109330,21688,1
1974,1971,1210.120465,21699,1
1975,1972,1210.131602,21710,1
1976,1973,1210.142737,21721,1
1977,1974,1210.153873,21732,1
1978,1975,1210.165008,21743,1
1979,1976,1210.176144,21754,1
1980,1977,1210.187278,21765,1
1981,1978,1210.198415,21776,1
1982,1979,1210.209549,21787,1
1983,1980,1210.220687,21798,1
1984,1981,1210.231823,21809,1
1985,1982,1210.242957,21820,1
1986,1983,1210.254102,21831,1
1987,1984,1210.265228,21842,1
1988,1985,1210.276362,21853,1
1989,1986,1210.287498,21864,1
1990,1987,1210.298636,21875,1
1991,1988,1210.309769,21886,1
1992,1989,1210.320907,21897,1
1993,1990,1210.332042,21908,1
1994,1991,1210.343176,21919,1
1995,1992,1210.354314,21930,1
1996,1993,1210.365447,21941,1
1997,1994,1210.376583,21952,1
1998,1995,1210.387718,21963,1
1999,1996,1210.398856,21974,1
2000,1997,1210.409992,21985,1
2001,1998,1210.421126,21996,1
2002,1999,1210.432261,22007,1
2003,2000,1210.443397,22018,1
2004,2001,1210.454532,22029,1
2005,2002,1210.465669,22040,1
2006,2003,1210.476805,22051,1
2007,2004,1210.487940,22062,1
2008,2005,1210.499076,22073,1
2009,2006,1210.510210,22084,1
2010,2007,1210.521348,22095,1
2011,2008,1210.532483,22106,1
2012,2009,1210.543617,22117,1
2013,2010,1210.554754,22128,1
2014,2011,1210.565888,22139,1
2015,2012,1210.577024,22150,1
2016,2013,1210.588160,22161,1
2017,2014,1210.599297,22172,1
2018,2015,1210.610433,22183,1
2019,2016,1210.621566,22194,1
2020,2017,1210.632703,22205,1
2021,2018,1210.643839,22216,1
2022,2019,1210.654975,22227,1
2023,2020,1210.666111,22238,1
2024,2021,1210.677246,22249,1
2025,2022,1210.688381,22260,1
2026,2023,1210.699517,22271,1
2027,2024,1210.710651,22282,1
2028,2025,1210.721789,22292,1
2029,2026,1210.732924,22303,1
2030,2027,1210.743046,22313,1
2031,2028,1210.754182,22324,1
2032,2029,1210.765317,22335,1
2033,2030,1210.776451,22346,1
2034,2031,1210.787589,22357,1
2035,2032,1210.798724,22368,1
2036,2033,1210.809861,22379,1
2037,2034,1210.820996,22390,1
2038,2035,1210.832131,22401,1
2039,2036,1210.843267,22412,1
2040,2037,1210.854402,22423,1
2041,2038,1210.865539,22434,1
2042,2039,1210.876674,22445,1
2043,2040,1210.887809,22456,1
2044,2041,1210.898945,22467,1
2045,2042,1210.910080,22478,1
2046,2043,1210.921216,22489,1
2047,2044,1210.932352,22500,1
2048,2045,1210.943485,22511,1
2049,2046,1210.954623,22522,1
2050,2047,1210.965758,22533,1
2051,2048,1210.976894,22544,1
2052,2049,1210.988030,22555,1
2053,2050,1210.999163,22566,1
2054,2051,1211.010299,22577,1
2055,2052,1211.021436,22588,1
2056,2053,1211.032571,22599,1
2057,2054,1211.043708,22610,1
2058,2055,1211.054844,22621,1
2059,2056,1211.065979,22632,1
2060,2057,1211.077115,22643,1
2061,2058,1211.088248,22654,1
2062,2059,1211.099386,22665,1
2063,2060,1211.110520,22676,1
2064,2061,1211.121657,22687,1
2065,2062,1211.132790,22698,1
2066,2063,1211.143928,22709,1
2067,2064,1211.155065,22720,1
2068,2065,1211.166198,22731,1
2069,2066,1211.177335,22742,1
2070,2067,1211.188471,22753,1
2071,2068,1211.199606,22764,1
2072,2069,1211.210741,22775,1
2073,2070,1211.221875,22786,1
2074,2071,1211.233012,22797,1
2075,2072,1211.244148,22808,1
2076,2073,1211.255283,22819,1
2077,2074,1211.266418,22830,1
2078,2075,1211.277555,22841,1
2079,2076,1211.288690,22852,1
2080,2077,1211.299826,22863,1
2081,2078,1211.310961,22874,1
2082,2079,1211.322103,22885,1
2083,2080,1211.333232,22896,1
2084,2081,1211.344369,22907,1
2085,2082,1211.355505,22918,1
2086,2083,1211.366638,22929,1
2087,2084,1211.377775,22940,1
2088,2085,1211.388910,22951,1
2089,2086,1211.400047,22962,1
2090,2087,1211.411180,22973,1
2091,2088,1211.422316,22984,1
2092,2089,1211.433454,22995,1
2093,2090,1211.444589,23006,1
2094,2091,1211.455723,23017,1
2095,2092,1211.466860,23028,1
2096,2093,1211.477994,23039,1
2097,2094,1211.489132,23050,1
2098,2095,1211.500267,23061,1
2099,2096,1211.511402,23072,1
2100,2097,1211.522538,23083,1
2101,2098,1211.533672,23094,1
2102,2099,1211.544809,23105,1
2103,2100,1211.555943,23116,1
2104,2101,1211.567080,23127,1
2105,2102,1211.578216,23138,1
2106,2103,1211.589351,23149,1
2107,2104,1211.600487,23160,1
2108,2105,1211.611621,23171,1
2109,2106,1211.622757,23182,1
2110,2107,1211.633892,23193,1
2111,2108,1211.645027,23204,1
2112,2109,1211.656166,23215,1
2113,2110,1211.667301,23226,1
2114,2111,1211.678436,23237,1
2115,2112,1211.689571,23248,1
2116,2113,1211.700707,23259,1
2117,2114,1211.711843,23270,1
2118,2115,1211.722978,23281,1
2119,2116,1211.734112,23292,1
2120,2117,1211.745249,23303,1
2121,2118,1211.756385,23314,1
2122,2119,1211.767521,23325,1
2123,2120,1211.778657,23336,1
2124,2121,1211.789792,23347,1
2125,2122,1211.800928,23358,1
2126,2123,1211.812062,23369,1
2127,2124,1211.823199,23380,1
2128,2125,1211.834334,23391,1
2129,2126,1211.845468,23402,1
2130,2127,1211.856606,23413,1
2131,2128,1211.867741,23424,1
2132,2129,1211.878877,23435,1
2133,2130,1211.890012,23446,1
2134,2131,1211.901148,23457,1
2135,2132,1211.912284,23468,1
2136,2133,1211.923418,23479,1
2137,2134,1211.934555,23490,1
2138,2135,1211.945690,23501,1
2139,2136,1211.956826,23512,1
2140,2137,1211.967962,23523,1
2141,2138,1211.979103,23534,1
2142,2139,1211.990232,23545,1
2143,2140,1212.001369,23556,1
2144,2141,1212.012504,23567,1
2145,2142,1212.023640,23578,1
2146,2143,1212.034775,23589,1
2147,2144,1212.045911,23600,1
2148,2145,1212.057047,23611,1
2149,2146,1212.068182,23622,1
2150,2147,1212.079317,23633,1
2151,2148,1212.090451,23644,1
2152,2149,1212.101588,23655,1
2153,2150,1212.112724,23666,1
2154,2151,1212.123858,23677,1
2155,2152,1212.134993,23688,1
2156,2153,1212.146131,23699,1
2157,2154,1212.157267,23710,1
2158,2155,1212.168402,23721,1
2159,2156,1212.178524,23731,1
2160,2157,1212.189661,23742,1
2161,2158,1212.200797,23753,1
2162,2159,1212.211932,23764,1
2163,2160,1212.223067,23775,1
2164,2161,1212.234204,23786,1
2165,2162,1212.245339,23797,1
2166,2163,1212.256474,23808,1
2167,2164,1212.267610,23819,1
2168,2165,1212.278745,23830,1
2169,2166,1212.289880,23841,1
2170,2167,1212.301017,23852,1
2171,2168,1212.312152,23863,1
2172,2169,1212.323289,23874,1
2173,2170,1212.334424,23885,1
2174,2171,1212.345557,23896,1
2175,2172,1212.356693,23907,1
2176,2173,1212.367828,23918,1
2177,2174,1212.378965,23929,1
2178,2175,1212.390103,23940,1
2179,2176,1212.401236,23951,1
2180,2177,1212.412373,23962,1
2181,2178,1212.423507,23973,1
2182,2179,1212.434642,23984,1
2183,2180,1212.445778,23995,1
2184,2181,1212.456915,24006,1
2185,2182,1212.468051,24017,1
2186,2183,1212.479187,24028,1
2187,2184,1212.490321,24039,1
2188,2185,1212.501456,24050,1
2189,2186,1212.512591,24061,1
2190,2187,1212.523727,24072,1
2191,2188,1212.534864,24083,1
2192,2189,1212.545998,24094,1
2193,2190,1212.557135,24105,1
2194,2191,1212.568272,24116,1
2195,2192,1212.579406,24127,1
2196,2193,1212.590543,24138,1
2197,2194,1212.601676,24149,1
2198,2195,1212.612814,24160,1
2199,2196,1212.623947,24171,1
2200,2197,1212.635083,24182,1
2201,2198,1212.646221,24193,1
2202,2199,1212.657354,24204,1
2203,2200,1212.668491,24215,1
2204,2201,1212.679626,24226,1
2205,2202,1212.690762,24237,1
2206,2203,1212.701899,24248,1
2207,2204,1212.713032,24259,1
2208,2205,1212.724170,24270,1
2209,2206,1212.735304,24281,1
2210,2207,1212.746440,24292,1
2211,2208,1212.757575,24303,1
2212,2209,1212.768711,24314,1
2213,2210,1212.779846,24325,1
2214,2211,1212.790981,24336,1
2215,2212,1212.802119,24347,1
2216,2213,1212.813252,24358,1
2217,2214,1212.824388,24369,1
2218,2215,1212.835524,24380,1
2219,2216,1212.846659,24391,1
2220,2217,1212.857795,24402,1
2221,2218,1212.868932,24413,1
2222,2219,1212.880068,24424,1
2223,2220,1212.891202,24435,1
2224,2221,1212.902337,24446,1
2225,2222,1212.913472,24457,1
2226,2223,1212.924608,24468,1
2227,2224,1212.935746,24479,1
2228,2225,1212.946881,24490,1
2229,2226,1212.958017,24501,1
2230,2227,1212.969152,24512,1
2231,2228,1212.980288,24523,1
2232,2229,1212.991424,24534,1
2233,2230,1213.002559,24545,1
2234,2231,1213.013694,24556,1
2235,2232,1213.024830,24567,1
2236,2233,1213.035965,24578,1
2237,2234,1213.047104,24589,1
2238,2235,1213.058238,24600,1
2239,2236,1213.069371,24611,1
2240,2237,1213.080506,24622,1
2241,2238,1213.091642,24633,1
2242,2239,1213.102777,24644,1
2243,2240,1213.113913,24655,1
2244,2241,1213.125051,24666,1
2245,2242,1213.136184,24677,1
2246,2243,1213.147322,24688,1
2247,2244,1213.158456,24699,1
2248,2245,1213.169593,24710,1
2249,2246,1213.180728,24721,1
2250,2247,1213.191862,24732,1
2251,2248,1213.202998,24743,1
2252,2249,1213.214135,24754,1
2253,2250,1213.225271,24765,1
2254,-1,1213.236406,24776,1
2255,2251,1213.247543,24787,1
2256,2252,1213.258678,24798,1
2257,2253,1213.269814,24809,1
2258,2254,1213.280949,24820,1
2259,2255,1213.292082,24831,1
2260,2256,1213.303219,24842,1
2261,2257,1213.314355,24853,1
2262,2258,1213.325489,24864,1
2263,2259,1213.336627,24875,1
2264,2260,1213.347762,24886,1
2265,2261,1213.358896,24897,1
2266,2262,1213.370034,24908,1
2267,2263,1213.381167,24919,1
2268,2264,1213.392305,24930,1
2269,2265,1213.403439,24941,1
2270,2266,1213.414574,24952,1
2271,2267,1213.425709,24963,1
2272,2268,1213.436846,24974,1
2273,2269,1213.447983,24985,1
2274,2270,1213.459119,24996,1
2275,2271,1213.470252,25007,1
2276,2272,1213.481387,25018,1
2277,2273,1213.492523,25029,1
2278,2274,1213.503661,25040,1
2279,2275,1213.514794,25051,1
2280,2276,1213.525931,25062,1
2281,2277,1213.537066,25073,1
2282,2278,1213.548203,25084,1
2283,2279,1213.559337,25095,1
2284,2280,1213.570475,25106,1
2285,2281,1213.581608,25117,1
2286,2282,1213.592746,25128,1
2287,2283,1213.603879,25139,1
2288,2284,1213.615016,25150,1
2289,2285,1213.625138,25160,1
2290,2286,1213.636274,25171,1
2291,2287,1213.647409,25182,1
2292,2288,1213.658546,25193,1
2293,2289,1213.669680,25204,1
2294,2290,1213.680816,25215,1
2295,2291,1213.691952,25226,1
2296,2292,1213.703099,25237,1
2297,2293,1213.714225,25248,1
2298,2294,1213.725358,25259,1
2299,2295,1213.736494,25270,1
2300,2296,1213.747632,25281,1
2301,2297,1213.758766,25292,1
2302,2298,1213.769902,25303,1
2303,2299,1213.781038,25314,1
2304,2300,1213.792172,25325,1
2305,2301,1213.803310,25336,1
2306,2302,1213.814445,25347,1
2307,2303,1213.825580,25358,1
2308,2304,1213.836716,25369,1
2309,2305,1213.847849,25380,1
2310,2306,1213.858985,25391,1
2311,2307,1213.870121,25402,1
2312,2308,1213.881258,25413,1
2313,2309,1213.892394,25424,1
2314,2310,1213.903527,25435,1
2315,2311,1213.914665,25446,1
2316,2312,1213.925801,25457,1
2317,2313,1213.936937,25468,1
2318,2314,1213.948072,25479,1
2319,2315,1213.959207,25490,1
2320,2316,1213.970343,25501,1
2321,2317,1213.981479,25512,1
2322,2318,1213.992612,25523,1
2323,2319,1214.003750,25534,1
2324,2320,1214.014885,25545,1
2325,2321,1214.026019,25556,1
2326,2322,1214.037155,25567,1
2327,2323,1214.048290,25578,1
2328,2324,1214.059428,25589,1
2329,2325,1214.070563,25600,1
2330,2326,1214.081699,25611,1
2331,2327,1214.092834,25622,1
2332,2328,1214.103970,25633,1
2333,2329,1214.115105,25644,1
2334,2330,1214.126239,25655,1
2335,2331,1214.137376,25666,1
2336,2332,1214.148513,25677,1
2337,2333,1214.159647,25688,1
2338,2334,1214.170783,25699,1
2339,2335,1214.181920,25710,1
2340,2336,1214.193055,25721,1
2341,2337,1214.204188,25732,1
2342,2338,1214.215326,25743,1
2343,2339,1214.226462,25754,1
2344,2340,1214.237598,25765,1
2345,2341,1214.248733,25776,1
2346,2342,1214.259869,25787,1
2347,2343,1214.271004,25798,1
2348,2344,1214.282139,25809,1
2349,2345,1214.293276,25820,1
2350,2346,1214.304411,25831,1
2351,2347,1214.315547,25842,1
2352,2348,1214.326682,25853,1
2353,2349,1214.337816,25864,1
2354,2350,1214.348953,25875,1
2355,2351,1214.360100,25886,1
2356,2352,1214.371225,25897,1
2357,2353,1214.382359,25908,1
2358,2354,1214.393496,25919,1
2359,2355,1214.404631,25930,1
2360,2356,1214.415766,25941,1
2361,2357,1214.426903,25952,1
2362,2358,1214.438036,25963,1
2363,2359,1214.449171,25974,1
2364,2360,1214.460308,25985,1
2365,2361,1214.471444,25996,1
2366,2362,1214.482580,26007,1
2367,2363,1214.493716,26018,1
2368,2364,1214.504852,26029,1
2369,2365,1214.515985,26040,1
2370,2366,1214.527123,26051,1
2371,2367,1214.538258,26062,1
2372,2368,1214.549392,26073,1
2373,2369,1214.560529,26084,1
2374,2370,1214.571665,26095,1
2375,2371,1214.582801,26106,1
2376,2372,1214.593936,26117,1
2377,2373,1214.605072,26128,1
2378,2374,1214.616206,26139,1
2379,2375,1214.627341,26150,1
2380,2376,1214.638476,26161,1
2381,2377,1214.649612,26172,1
2382,2378,1214.660749,26183,1
2383,2379,1214.671884,26194,1
2384,2380,1214.683020,26205,1
2385,2381,1214.694156,26216,1
2386,2382,1214.705292,26227,1
2387,2383,1214.716426,26238,1
2388,2384,1214.727561,26249,1
2389,2385,1214.738699,26260,1
2390,2386,1214.749835,26271,1
2391,2387,1214.760970,26282,1
2392,2388,1214.772104,26293,1
2393,2389,1214.783239,26304,1
2394,2390,1214.794375,26315,1
2395,2391,1214.805512,26326,1
2396,2392,1214.816648,26337,1
2397,2393,1214.827781,26348,1
2398,2394,1214.838919,26359,1
2399,2395,1214.850056,26370,1
2400,2396,1214.861189,26381,1
2401,2397,1214.872326,26392,1
2402,2398,1214.883462,26403,1
2403,2399,1214.894596,26414,1
2404,2400,1214.905730,26425,1
2405,2401,1214.916866,26436,1
2406,2402,1214.928004,26447,1
2407,2403,1214.939138,26458,1
2408,2404,1214.950275,26469,1
2409,2405,1214.961410,26480,1
2410,2406,1214.972546,26491,1
2411,2407,1214.983682,26502,1
2412,2408,1214.994816,26513,1
2413,2409,1215.005952,26524,1
2414,2410,1215.017100,26535,1
2415,2411,1215.028224,26546,1
2416,2412,1215.039359,26557,1
2417,2413,1215.050495,26568,1
2418,2414,1215.061630,26579,1
2419,2415,1215.071754,26589,1
2420,2416,1215.082888,26600,1
2421,2417,1215.094025,26611,1
2422,2418,1215.105159,26622,1
2423,2419,1215.116295,26633,1
2424,2420,1215.127430,26644,1
2425,2421,1215.138567,26655,1
2426,2422,1215.149704,26666,1
2427,2423,1215.160839,26677,1
2428,2424,1215.171974,26688,1
2429,2425,1215.183108,26699,1
2430,2426,1215.194246,26710,1
2431,2427,1215.205380,26721,1
2432,2428,1215.216517,26732,1
2433,2429,1215.227653,26743,1
2434,2430,1215.238786,26754,1
2435,2431,1215.249922,26765,1
2436,2432,1215.261059,26776,1
2437,2433,1215.272193,26787,1
2438,2434,1215.283329,26798,1
2439,2435,1215.294466,26809,1
2440,2436,1215.305599,26820,1
2441,2437,1215.316736,26831,1
2442,2438,1215.327871,26842,1
2443,2439,1215.339008,26853,1
2444,2440,1215.350142,26864,1
2445,2441,1215.361279,26875,1
2446,2442,1215.372415,26886,1
2447,2443,1215.383550,26897,1
2448,2444,1215.394684,26908,1
2449,2445,1215.405822,26919,1
2450,2446,1215.416955,26930,1
2451,2447,1215.428102,26941,1
2452,2448,1215.439228,26952,1
2453,2449,1215.450363,26963,1
2454,2450,1215.461498,26974,1
2455,2451,1215.472635,26985,1
2456,2452,1215.483769,26996,1
2457,2453,1215.494907,27007,1
2458,2454,1215.506040,27018,1
2459,2455,1215.517178,27029,1
2460,2456,1215.528311,27040,1
2461,2457,1215.539449,27051,1
2462,2458,1215.550582,27062,1
2463,2459,1215.561720,27073,1
2464,2460,1215.572855,27084,1
2465,2461,1215.583990,27095,1
2466,2462,1215.595125,27106,1
2467,2463,1215.606261,27117,1
2468,2464,1215.617397,27128,1
2469,2465,1215.628532,27139,1
2470,2466,1215.639667,27150,1
2471,2467,1215.650804,27161,1
2472,2468,1215.661941,27172,1
2473,2469,1215.673075,27183,1
2474,2470,1215.684209,27194,1
2475,2471,1215.695347,27205,1
2476,2472,1215.706482,27216,1
2477,2473,1215.717616,27226,1
2478,2474,1215.728754,27237,1
2479,2475,1215.739889,27248,1
2480,2476,1215.751023,27259,1
2481,2477,1215.762160,27270,1
2482,2478,1215.773297,27281,1
2483,2479,1215.784430,27292,1
2484,2480,1215.795567,27303,1
2485,2481,1215.806703,27314,1
2486,2482,1215.817837,27325,1
2487,2483,1215.828974,27336,1
2488,2484,1215.840108,27347,1
2489,2485,1215.851245,27358,1
2490,2486,1215.862380,27369,1
2491,2487,1215.873516,27380,1
2492,2488,1215.884652,27391,1
2493,2489,1215.895786,27402,1
2494,2490,1215.906922,27413,1
2495,2491,1215.918057,27424,1
2496,2492,1215.929194,27435,1
2497,2493,1215.940330,27446,1
2498,2494,1215.951464,27457,1
2499,2495,1215.962601,27468,1
2500,2496,1215.973737,27479,1
2501,2497,1215.984873,27490,1
2502,2498,1215.996008,27501,1
2503,2499,1216.007142,27512,1
2504,2500,1216.018280,27523,1
2505,2501,1216.029415,27534,1
2506,2502,1216.040550,27545,1
2507,2503,1216.051686,27556,1
2508,2504,1216.062821,27567,1
2509,2505,1216.073958,27578,1
2510,2506,1216.085101,27589,1
2511,2507,1216.096228,27600,1
2512,2508,1216.107362,27611,1
2513,2509,1216.118499,27622,1
2514,2510,1216.129634,27633,1
2515,2511,1216.140769,27644,1
2516,2512,1216.151904,27655,1
2517,2513,1216.163042,27666,1
2518,2514,1216.174177,27677,1
2519,2515,1216.185313,27688,1
2520,2516,1216.196448,27699,1
2521,2517,1216.207582,27710,1
2522,2518,1216.218718,27721,1
2523,2519,1216.229853,27732,1
2524,2520,1216.240991,27743,1
2525,2521,1216.252126,27754,1
2526,2522,1216.263261,27765,1
2527,2523,1216.274396,27776,1
2528,2524,1216.285533,27787,1
2529,2525,1216.296669,27798,1
2530,2526,1216.307804,27809,1
2531,2527,1216.318939,27820,1
2532,2528,1216.330075,27831,1
2533,2529,1216.341212,27842,1
2534,2530,1216.352346,27853,1
2535,2531,1216.363482,27864,1
2536,2532,1216.374616,27875,1
2537,2533,1216.385753,27886,1
2538,2534,1216.396887,27897,1
2539,2535,1216.408024,27908,1
2540,2536,1216.419160,27919,1
2541,2537,1216.430296,27930,1
2542,2538,1216.441430,27941,1
2543,2539,1216.452567,27952,1
2544,2540,1216.463702,27963,1
2545,2541,1216.474838,27974,1
2546,2542,1216.485973,27985,1
2547,2543,1216.497110,27996,1
2548,2544,1216.507232,28006,1
2549,2545,1216.518367,28017,1
2550,2546,1216.529503,28028,1
2551,2547,1216.540639,28039,1
2552,2548,1216.551775,28050,1
2553,2549,1216.562909,28061,1
2554,2550,1216.574046,28072,1
2555,2551,1216.585181,28083,1
2556,2552,1216.596315,28094,1
2557,2553,1216.607453,28105,1
2558,2554,1216.618589,28116,1
2559,2555,1216.629723,28127,1
2560,2556,1216.640859,28138,1
2561,2557,1216.651995,28149,1
2562,2558,1216.663130,28160,1
2563,2559,1216.674264,28171,1
2564,2560,1216.685400,28182,1
2565,2561,1216.696536,28193,1
2566,2562,1216.707673,28204,1
2567,2563,1216.718808,28215,1
2568,2564,1216.729944,28226,1
2569,2565,1216.741079,28237,1
2570,2566,1216.752216,28248,1
2571,2567,1216.763351,28259,1
2572,2568,1216.774485,28270,1
2573,2569,1216.785620,28281,1
2574,2570,1216.796759,28292,1
2575,2571,1216.807892,28303,1
2576,2572,1216.819027,28314,1
2577,2573,1216.830164,28325,1
2578,2574,1216.841301,28336,1
2579,2575,1216.852434,28347,1
2580,2576,1216.863569,28358,1
2581,2577,1216.874706,28369,1
2582,2578,1216.885841,28380,1
2583,2579,1216.896979,28391,1
2584,2580,1216.908113,28402,1
2585,2581,1216.919250,28413,1
2586,2582,1216.930385,28424,1
2587,2583,1216.941520,28435,1
2588,2584,1216.952655,28446,1
2589,2585,1216.963790,28457,1
2590,2586,1216.974927,28468,1
2591,2587,1216.986062,28479,1
2592,2588,1216.997199,28490,1
2593,2589,1217.008334,28501,1
2594,2590,1217.019468,28512,1
2595,2591,1217.030604,28523,1
2596,2592,1217.041739,28534,1
2597,2593,1217.052875,28545,1
2598,2594,1217.064010,28556,1
2599,2595,1217.075148,28567,1
2600,2596,1217.086284,28578,1
2601,2597,1217.097419,28589,1
2602,2598,1217.108555,28600,1
2603,2599,1217.119689,28611,1
2604,2600,1217.130826,28622,1
2605,2601,1217.141960,28633,1
2606,2602,1217.153103,28644,1
2607,2603,1217.164231,28655,1
2608,2604,1217.175368,28666,1
2609,2605,1217.186503,28677,1
2610,2606,1217.197638,28688,1
2611,2607,1217.208774,28699,1
2612,2608,1217.219911,28710,1
2613,2609,1217.231044,28721,1
2614,2610,1217.242180,28732,1
2615,2611,1217.253317,28743,1
2616,2612,1217.264453,28754,1
2617,2613,1217.275586,28765,1
2618,2614,1217.286722,28776,1
2619,2615,1217.297857,28787,1
2620,2616,1217.308995,28798,1
2621,2617,1217.320131,28809,1
2622,2618,1217.331266,28820,1
2623,2619,1217.342402,28831,1
2624,2620,1217.353535,28842,1
2625,2621,1217.364671,28853,1
2626,2622,1217.375806,28864,1
2627,2623,1217.386944,28875,1
2628,2624,1217.398078,28886,1
2629,2625,1217.409215,28897,1
2630,2626,1217.420350,28908,1
2631,2627,1217.431486,28919,1
2632,2628,1217.442621,28930,1
2633,2629,1217.453757,28941,1
2634,2630,1217.464894,28952,1
2635,2631,1217.476029,28963,1
2636,2632,1217.487162,28974,1
2637,2633,1217.498299,28985,1
2638,2634,1217.509434,28996,1
2639,2635,1217.520571,29007,1
2640,2636,1217.531705,29018,1
2641,2637,1217.542842,29029,1
2642,2638,1217.553976,29040,1
2643,2639,1217.565112,29051,1
2644,2640,1217.576249,29062,1
2645,2641,1217.587385,29073,1
2646,2642,1217.598520,29084,1
2647,2643,1217.609655,29095,1
2648,2644,1217.620789,29106,1
2649,2645,1217.631927,29117,1
2650,2646,1217.643062,29128,1
2651,2647,1217.654198,29139,1
2652,2648,1217.665332,29150,1
2653,2649,1217.676467,29161,1
2654,2650,1217.687605,29172,1
2655,2651,1217.698739,29183,1
2656,2652,1217.709876,29194,1
2657,2653,1217.721012,29205,1
2658,2654,1217.732147,29216,1
2659,2655,1217.743283,29227,1
2660,2656,1217.754416,29238,1
2661,2657,1217.765555,29249,1
2662,2658,1217.776688,29260,1
2663,2659,1217.787826,29271,1
2664,2660,1217.798960,29282,1
2665,2661,1217.810102,29293,1
2666,2662,1217.821231,29304,1
2667,2663,1217.832366,29315,1
2668,2664,1217.843504,29326,1
2669,2665,1217.854638,29337,1
2670,2666,1217.865775,29348,1
2671,2667,1217.876911,29359,1
2672,2668,1217.888046,29370,1
2673,2669,1217.899181,29381,1
2674,2670,1217.910316,29392,1
2675,2671,1217.921452,29403,1
2676,2672,1217.932586,29414,1
2677,2673,1217.943724,29425,1
2678,2674,1217.953847,29435,1
2679,2675,1217.964982,29446,1
2680,2676,1217.976116,29457,1
2681,2677,1217.987254,29468,1
2682,2678,1217.998387,29479,1
2683,2679,1218.009523,29490,1
2684,2680,1218.020658,29501,1
2685,2681,1218.031796,29512,1
2686,2682,1218.042930,29523,1
2687,2683,1218.054066,29534,1
2688,2684,1218.065201,29545,1
2689,2685,1218.076336,29556,1
2690,2686,1218.087472,29567,1
2691,2687,1218.098610,29578,1
2692,2688,1218.109745,29589,1
2693,2689,1218.120880,29600,1
2694,2690,1218.132015,29611,1
2695,2691,1218.143152,29622,1
2696,2692,1218.154286,29633,1
2697,2693,1218.165424,29644,1
2698,2694,1218.176559,29655,1
2699,2695,1218.187692,29666,1
2700,2696,1218.198830,29677,1
2701,2697,1218.209965,29688,1
2702,2698,1218.221103,29699,1
2703,2699,1218.232235,29710,1
2704,2700,1218.243370,29721,1
2705,2701,1218.254508,29732,1
2706,2702,1218.265644,29743,1
2707,2703,1218.276778,29754,1
2708,2704,1218.287915,29765,1
2709,2705,1218.299051,29776,1
2710,2706,1218.310184,29787,1
2711,2707,1218.321320,29798,1
2712,2708,1218.332455,29809,1
2713,2709,1218.343590,29820,1
2714,2710,1218.354726,29831,1
2715,2711,1218.365863,29842,1
2716,2712,1218.376997,29853,1
2717,2713,1218.388135,29864,1
2718,2714,1218.399270,29875,1
2719,2715,1218.410404,29886,1
2720,2716,1218.421539,29897,1
2721,2717,1218.432677,29908,1
2722,2718,1218.443811,29919,1
2723,2719,1218.454948,29930,1
2724,2720,1218.466084,29941,1
2725,2721,1218.477219,29952,1
2726,2722,1218.488353,29963,1
2727,2723,1218.499488,29974,1
2728,2724,1218.510624,29985,1
2729,2725,1218.521761,29996,1
2730,2726,1218.532895,30007,1
2731,2727,1218.544031,30018,1
2732,2728,1218.555166,30029,1
2733,2729,1218.566304,30040,1
2734,2730,1218.577438,30051,1
2735,2731,1218.588575,30062,1
2736,2732,1218.599711,30073,1
2737,2733,1218.610845,30084,1
2738,2734,1218.621983,30095,1
2739,2735,1218.633117,30106,1
2740,2736,1218.644251,30117,1
2741,2737,1218.655388,30128,1
2742,2738,1218.666522,30139,1
2743,2739,1218.677661,30150,1
2744,2740,1218.688795,30161,1
2745,2741,1218.699931,30172,1
2746,2742,1218.711065,30183,1
2747,2743,1218.722201,30194,1
2748,2744,1218.733338,30205,1
2749,2745,1218.744474,30216,1
2750,2746,1218.755609,30227,1
2751,2747,1218.766744,30238,1
2752,2748,1218.777878,30249,1
2753,2749,1218.789014,30260,1
2754,2750,1218.800150,30271,1
2755,2751,1218.811285,30282,1
2756,2752,1218.822421,30293,1
2757,2753,1218.833556,30304,1
2758,2754,1218.844693,30315,1
2759,2755,1218.855827,30326,1
2760,2756,1218.866964,30337,1
2761,2757,1218.878105,30348,1
2762,2758,1218.889237,30359,1
2763,2759,1218.900372,30370,1
2764,2760,1218.911507,30381,1
2765,2761,1218.922643,30392,1
2766,2762,1218.933778,30403,1
2767,2763,1218.944914,30414,1
2768,2764,1218.956049,30425,1
2769,2765,1218.967186,30436,1
2770,2766,1218.978320,30447,1
2771,2767,1218.989457,30458,1
2772,2768,1219.000591,30469,1
2773,2769,1219.011727,30480,1
2774,2770,1219.022861,30491,1
2775,2771,1219.033999,30502,1
2776,2772,1219.045132,30513,1
2777,2773,1219.056268,30524,1
2778,2774,1219.067405,30535,1
2779,2775,1219.078541,30546,1
2780,2776,1219.089677,30557,1
2781,2777,1219.100813,30568,1
2782,2778,1219.111946,30579,1
2783,2779,1219.123082,30590,1
2784,2780,1219.134219,30601,1
2785,2781,1219.145353,30612,1
2786,2782,1219.156490,30623,1
2787,2783,1219.167626,30634,1
2788,2784,1219.178760,30645,1
2789,2785,1219.189896,30656,1
2790,2786,1219.201033,30667,1
2791,2787,1219.212167,30678,1
2792,2788,1219.223302,30689,1
2793,2789,1219.234439,30700,1
2794,2790,1219.245573,30711,1
2795,2791,1219.256710,30722,1
2796,2792,1219.267844,30733,1
2797,2793,1219.278981,30744,1
2798,2794,1219.290116,30755,1
2799,2795,1219.301253,30766,1
2800,2796,1219.312388,30777,1
2801,2797,1219.323524,30788,1
2802,2798,1219.334658,30799,1
2803,2799,1219.345794,30810,1
2804,2800,1219.356929,30821,1
2805,2801,1219.368065,30832,1
2806,2802,1219.379202,30843,1
2807,2803,1219.390336,30854,1
2808,2804,1219.400462,30864,1
2809,2805,1219.411596,30875,1
2810,2806,1219.422730,30886,1
2811,2807,1219.433867,30897,1
2812,2808,1219.445003,30908,1
2813,2809,1219.456137,30919,1
2814,2810,1219.467274,30930,1
2815,2811,1219.478410,30941,1
2816,2812,1219.489546,30952,1
2817,2813,1219.500681,30963,1
2818,2814,1219.511816,30974,1
2819,2815,1219.522952,30985,1
2820,2816,1219.534086,30996,1
2821,2817,1219.545223,31007,1
2822,2818,1219.556358,31018,1
2823,2819,1219.567495,31029,1
2824,2820,1219.578631,31040,1
2825,2821,1219.589765,31051,1
2826,2822,1219.600902,31062,1
2827,2823,1219.612037,31073,1
2828,2824,1219.623172,31084,1
2829,2825,1219.634309,31095,1
2830,2826,1219.645444,31106,1
2831,2827,1219.656580,31117,1
2832,2828,1219.667715,31128,1
2833,2829,1219.678851,31139,1
2834,2830,1219.689986,31150,1
2835,2831,1219.701120,31161,1
2836,2832,1219.712258,31172,1
2837,2833,1219.723393,31183,1
2838,2834,1219.734529,31194,1
2839,2835,1219.745664,31205,1
2840,2836,1219.756799,31216,1
2841,2837,1219.767934,31227,1
2842,2838,1219.779071,31238,1
2843,2839,1219.790207,31249,1
2844,2840,1219.801341,31260,1
2845,2841,1219.812478,31271,1
2846,2842,1219.823613,31282,1
2847,2843,1219.834750,31293,1
2848,2844,1219.845883,31304,1
2849,2845,1219.857020,31315,1
2850,2846,1219.868154,31326,1
2851,2847,1219.879291,31337,1
2852,2848,1219.890427,31348,1
2853,2849,1219.901560,31359,1
2854,2850,1219.912699,31370,1
2855,2851,1219.923833,31381,1
2856,2852,1219.934968,31392,1
2857,2853,1219.946105,31403,1
2858,2854,1219.957239,31414,1
2859,2855,1219.968374,31425,1
2860,2856,1219.979512,31436,1
2861,2857,1219.990647,31447,1
2862,2858,1220.001781,31458,1
2863,2859,1220.012917,31469,1
2864,2860,1220.024055,31480,1
2865,2861,1220.035188,31491,1
2866,2862,1220.046323,31502,1
2867,2863,1220.057461,31513,1
2868,2864,1220.068595,31524,1
2869,2865,1220.079731,31535,1
2870,2866,1220.090867,31546,1
2871,2867,1220.102002,31557,1
2872,2868,1220.113138,31568,1
2873,2869,1220.124275,31579,1
2874,2870,1220.135408,31590,1
2875,2871,1220.146544,31601,1
2876,2872,1220.157681,31612,1
2877,2873,1220.168816,31623,1
2878,2874,1220.179950,31634,1
2879,2875,1220.191099,31645,1
2880,2876,1220.202223,31656,1
2881,2877,1220.213360,31667,1
2882,2878,1220.224493,31678,1
2883,2879,1220.235631,31689,1
2884,2880,1220.246765,31700,1
2885,2881,1220.257902,31711,1
2886,2882,1220.269037,31722,1
2887,2883,1220.280172,31733,1
2888,2884,1220.291308,31744,1
2889,2885,1220.302444,31755,1
2890,2886,1220.313580,31766,1
2891,2887,1220.324715,31777,1
2892,2888,1220.335850,31788,1
2893,2889,1220.346986,31799,1
2894,2890,1220.358121,31810,1
2895,2891,1220.369255,31821,1
2896,2892,1220.380391,31832,1
2897,2893,1220.391529,31843,1
2898,2894,1220.402665,31854,1
2899,2895,1220.413800,31865,1
2900,2896,1220.424935,31876,1
2901,2897,1220.436069,31887,1
2902,2898,1220.447207,31898,1
2903,2899,1220.458341,31909,1
2904,2900,1220.469476,31920,1
2905,2901,1220.480611,31931,1
2906,2902,1220.491748,31942,1
2907,2903,1220.502885,31953,1
2908,2904,1220.514018,31964,1
2909,2905,1220.525156,31975,1
2910,2906,1220.536290,31986,1
2911,2907,1220.547426,31997,1
2912,2908,1220.558562,32008,1
2913,2909,1220.569698,32019,1
2914,2910,1220.580831,32030,1
2915,2911,1220.591969,32041,1
2916,2912,1220.603103,32052,1
2917,2913,1220.614240,32063,1
2918,2914,1220.625374,32074,1
2919,2915,1220.636511,32085,1
2920,2916,1220.647645,32096,1
2921,2917,1220.658781,32107,1
2922,2918,1220.669918,32118,1
2923,2919,1220.681052,32129,1
2924,2920,1220.692189,32140,1
2925,2921,1220.703325,32151,1
2926,2922,1220.714459,32162,1
2927,2923,1220.725594,32172,1
2928,2924,1220.736732,32183,1
2929,2925,1220.747867,32194,1
2930,2926,1220.759003,32205,1
2931,2927,1220.770138,32216,1
2932,2928,1220.781273,32227,1
2933,2929,1220.792409,32238,1
2934,2930,1220.803545,32249,1
2935,2931,1220.814681,32260,1
2936,2932,1220.825817,32271,1
2937,2933,1220.835939,32281,1
2938,2934,1220.847076,32292,1
2939,2935,1220.858211,32303,1
2940,2936,1220.869347,32314,1
2941,2937,1220.880480,32325,1
2942,2938,1220.891617,32336,1
2943,2939,1220.902753,32347,1
2944,2940,1220.913889,32358,1
2945,2941,1220.925023,32369,1
2946,2942,1220.936160,32380,1
2947,2943,1220.947294,32391,1
2948,2944,1220.958429,32402,1
2949,2945,1220.969567,32413,1
2950,2946,1220.980702,32424,1
2951,2947,1220.991838,32435,1
2952,2948,1221.002972,32446,1
2953,2949,1221.014109,32457,1
2954,2950,1221.025243,32468,1
2955,2951,1221.036380,32479,1
2956,2952,1221.047514,32490,1
2957,2953,1221.058652,32501,1
2958,2954,1221.069787,32512,1
2959,2955,1221.080921,32523,1
2960,2956,1221.092058,32534,1
2961,2957,1221.103193,32545,1
2962,2958,1221.114329,32556,1
2963,2959,1221.125463,32567,1
2964,2960,1221.136602,32578,1
2965,2961,1221.147734,32589,1
2966,2962,1221.158871,32600,1
2967,2963,1221.170007,32611,1
2968,2964,1221.181142,32622,1
2969,2965,1221.192277,32633,1
2970,2966,1221.203412,32644,1
2971,2967,1221.214549,32655,1
2972,2968,1221.225685,32666,1
2973,2969,1221.236820,32677,1
2974,2970,1221.247956,32688,1
2975,2971,1221.259101,32699,1
2976,2972,1221.270228,32710,1
2977,2973,1221.281363,32721,1
2978,2974,1221.292498,32732,1
2979,2975,1221.303632,32743,1
2980,2976,1221.314769,32754,1
2981,2977,1221.325903,32765,1
2982,2978,1221.337039,32776,1
2983,2979,1221.348177,32787,1
2984,2980,1221.359311,32798,1
2985,2981,1221.370448,32809,1
2986,2982,1221.381581,32820,1
2987,2983,1221.392718,32831,1
2988,2984,1221.403855,32842,1
2989,2985,1221.414990,32853,1
2990,2986,1221.426126,32864,1
2991,2987,1221.437261,32875,1
2992,2988,1221.448396,32886,1
2993,2989,1221.459532,32897,1
2994,2990,1221.470667,32908,1
2995,2991,1221.481803,32919,1
2996,2992,1221.492940,32930,1
2997,2993,1221.504075,32941,1
2998,2994,1221.515210,32952,1
2999,2995,1221.526345,32963,1
3000,2996,1221.537482,32974,1
3001,2997,1221.548618,32985,1
3002,2998,1221.559751,32996,1
3003,2999,1221.570888,33007,1
3004,3000,1221.582025,33018,1
3005,3001,1221.593158,33029,1
3006,3002,1221.604295,33040,1
3007,3003,1221.615430,33051,1
3008,3004,1221.626567,33062,1
3009,3005,1221.637701,33073,1
3010,3006,1221.648837,33084,1
3011,3007,1221.659973,33095,1
3012,3008,1221.671109,33106,1
3013,3009,1221.682244,33117,1
3014,3010,1221.693380,33128,1
3015,3011,1221.704515,33139,1
3016,3012,1221.715651,33150,1
3017,3013,1221.726786,33161,1
3018,3014,1221.737921,33172,1
3019,3015,1221.749058,33183,1
3020,3016,1221.760193,33194,1
3021,3017,1221.771329,33205,1
3022,3018,1221.782464,33216,1
3023,3019,1221.793600,33227,1
3024,3020,1221.804735,33238,1
3025,3021,1221.815869,33249,1
3026,3022,1221.827007,33260,1
3027,3023,1221.838143,33271,1
3028,3024,1221.849277,33282,1
3029,3025,1221.860412,33293,1
3030,3026,1221.871550,33304,1
3031,3027,1221.882683,33315,1
3032,3028,1221.893818,33326,1
3033,3029,1221.904956,33337,1
3034,3030,1221.916100,33348,1
3035,3031,1221.927227,33359,1
3036,3032,1221.938363,33370,1
3037,3033,1221.949499,33381,1
3038,3034,1221.960632,33392,1
3039,3035,1221.971770,33403,1
3040,3036,1221.982905,33414,1
3041,3037,1221.994039,33425,1
3042,3038,1222.005176,33436,1
3043,3039,1222.016312,33447,1
3044,3040,1222.027445,33458,1
3045,3041,1222.038584,33469,1
3046,3042,1222.049718,33480,1
3047,3043,1222.060852,33491,1
3048,3044,1222.071989,33502,1
3049,3045,1222.083125,33513,1
3050,3046,1222.094261,33524,1
3051,3047,1222.105396,33535,1
3052,3048,1222.116532,33546,1
3053,3049,1222.127668,33557,1
3054,3050,1222.138803,33568,1
3055,3051,1222.149937,33579,1
3056,3052,1222.161075,33590,1
3057,3053,1222.172210,33601,1
3058,3054,1222.183345,33612,1
3059,3055,1222.194479,33623,1
3060,3056,1222.205615,33634,1
3061,3057,1222.216752,33645,1
3062,3058,1222.227888,33656,1
3063,3059,1222.239022,33667,1
3064,3060,1222.250160,33678,1
3065,3061,1222.261294,33689,1
3066,3062,1222.272431,33700,1
3067,3063,1222.282553,33710,1
3068,3064,1222.293689,33721,1
3069,3065,1222.304824,33732,1
3070,3066,1222.315960,33743,1
3071,3067,1222.327105,33754,1
3072,3068,1222.338231,33765,1
3073,3069,1222.349368,33776,1
3074,3070,1222.360502,33787,1
3075,3071,1222.371638,33798,1
3076,3072,1222.382773,33809,1
3077,3073,1222.393909,33820,1
3078,3074,1222.405043,33831,1
3079,3075,1222.416181,33842,1
3080,3076,1222.427316,33853,1
3081,3077,1222.438452,33864,1
3082,3078,1222.449587,33875,1
3083,3079,1222.460723,33886,1
3084,3080,1222.471857,33897,1
3085,3081,1222.482994,33908,1
3086,3082,1222.494130,33919,1
3087,3083,1222.505265,33930,1
3088,3084,1222.516399,33941,1
3089,3085,1222.527535,33952,1
3090,3086,1222.538673,33963,1
3091,3087,1222.549806,33974,1
3092,3088,1222.560944,33985,1
3093,3089,1222.572077,33996,1
3094,3090,1222.583215,34007,1
3095,3091,1222.594350,34018,1
3096,3092,1222.605485,34029,1
3097,3093,1222.616619,34040,1
3098,3094,1222.627756,34051,1
3099,3095,1222.638893,34062,1
3100,3096,1222.650029,34073,1
3101,3097,1222.661163,34084,1
3102,3098,1222.672299,34095,1
3103,3099,1222.683435,34106,1
3104,3100,1222.694570,34117,1
3105,3101,1222.705704,34128,1
3106,3102,1222.716841,34139,1
3107,3103,1222.727976,34150,1
3108,3104,1222.739113,34161,1
3109,3105,1222.750248,34172,1
3110,3106,1222.761384,34183,1
3111,3107,1222.772519,34194,1
3112,3108,1222.783654,34205,1
3113,3109,1222.794789,34216,1
3114,3110,1222.805925,34227,1
3115,3111,1222.817063,34238,1
3116,3112,1222.828196,34249,1
3117,3113,1222.839331,34260,1
3118,3114,1222.850468,34271,1
3119,3115,1222.861604,34282,1
3120,3116,1222.872738,34293,1
3121,3117,1222.883874,34304,1
3122,3118,1222.895009,34315,1
3123,3119,1222.906145,34326,1
3124,3120,1222.917280,34337,1
3125,3121,1222.928416,34348,1
3126,3122,1222.939553,34359,1
3127,3123,1222.950689,34370,1
3128,3124,1222.961825,34381,1
3129,3125,1222.972959,34392,1
3130,3126,1222.984101,34403,1
3131,3127,1222.995232,34414,1
3132,3128,1223.006365,34425,1
3133,3129,1223.017501,34436,1
3134,3130,1223.028636,34447,1
3135,3131,1223.039773,34458,1
3136,3132,1223.050908,34469,1
3137,3133,1223.062043,34480,1
3138,3134,1223.073180,34491,1
3139,3135,1223.084316,34502,1
3140,3136,1223.095451,34513,1
3141,3137,1223.106587,34524,1
3142,3138,1223.117721,34535,1
3143,3139,1223.128859,34546,1
3144,3140,1223.139992,34557,1
3145,3141,1223.151130,34568,1
3146,3142,1223.162266,34579,1
3147,3143,1223.173400,34590,1
3148,3144,1223.184537,34601,1
3149,3145,1223.195671,34612,1
3150,3146,1223.206807,34623,1
3151,3147,1223.217941,34634,1
3152,3148,1223.229079,34645,1
3153,-1,1223.240215,34656,1
3154,3149,1223.251348,34667,1
3155,3150,1223.262485,34678,1
3156,3151,1223.273620,34689,1
3157,3152,1223.284757,34700,1
3158,3153,1223.295891,34711,1
3159,3154,1223.307027,34722,1
3160,3155,1223.318162,34733,1
3161,3156,1223.329298,34744,1
3162,3157,1223.340434,34755,1
3163,3158,1223.351570,34766,1
3164,3159,1223.362706,34777,1
3165,3160,1223.373841,34788,1
3166,3161,1223.384977,34799,1
3167,3162,1223.396110,34810,1
3168,3163,1223.407246,34821,1
3169,3164,1223.418383,34832,1
3170,3165,1223.429517,34843,1
3171,3166,1223.440654,34854,1
3172,3167,1223.451790,34865,1
3173,3168,1223.462926,34876,1
3174,3169,1223.474062,34887,1
3175,3170,1223.485197,34898,1
3176,3171,1223.496331,34909,1
3177,3172,1223.507466,34920,1
3178,3173,1223.518602,34931,1
3179,3174,1223.529740,34942,1
3180,3175,1223.540873,34953,1
3181,3176,1223.552009,34964,1
3182,3177,1223.563146,34975,1
3183,3178,1223.574281,34986,1
3184,3179,1223.585418,34997,1
3185,3180,1223.596553,35008,1
3186,3181,1223.607687,35019,1
3187,3182,1223.618823,35030,1
3188,3183,1223.629960,35041,1
3189,3184,1223.641101,35052,1
3190,3185,1223.652231,35063,1
3191,3186,1223.663366,35074,1
3192,3187,1223.674501,35085,1
3193,3188,1223.685637,35096,1
3194,3189,1223.696771,35107,1
3195,3190,1223.707909,35118,1
3196,3191,1223.719042,35129,1
3197,3192,1223.729166,35139,1
3198,3193,1223.740303,35150,1
3199,3194,1223.751439,35161,1
3200,3195,1223.762575,35172,1
3201,3196,1223.773708,35183,1
3202,3197,1223.784846,35194,1
3203,3198,1223.795979,35205,1
3204,3199,1223.807115,35216,1
3205,3200,1223.818251,35227,1
3206,3201,1223.829387,35238,1
3207,3202,1223.840524,35249,1
3208,3203,1223.851658,35260,1
3209,3204,1223.862793,35271,1
3210,3205,1223.873929,35282,1
3211,3206,1223.885065,35293,1
3212,3207,1223.896201,35304,1
3213,3208,1223.907335,35315,1
3214,3209,1223.918471,35326,1
3215,3210,1223.929608,35337,1
3216,3211,1223.940742,35348,1
3217,3212,1223.951879,35359,1
3218,3213,1223.963014,35370,1
3219,3214,1223.974151,35381,1
3220,3215,1223.985285,35392,1
3221,3216,1223.996420,35403,1
3222,3217,1224.007557,35414,1
3223,3218,1224.018691,35425,1
3224,3219,1224.029829,35436,1
3225,3220,1224.040965,35447,1
3226,3221,1224.052105,35458,1
3227,3222,1224.063233,35469,1
3228,3223,1224.074369,35480,1
3229,3224,1224.085505,35491,1
3230,3225,1224.096641,35502,1
3231,3226,1224.107776,35513,1
3232,3227,1224.118914,35524,1
3233,3228,1224.130047,35535,1
3234,3229,1224.141183,35546,1
3235,3230,1224.152319,35557,1
3236,3231,1224.163456,35568,1
3237,3232,1224.174592,35579,1
3238,3233,1224.185725,35590,1
3239,3234,1224.196861,35601,1
3240,3235,1224.207998,35612,1
3241,3236,1224.219134,35623,1
3242,3237,1224.230268,35634,1
3243,3238,1224.241403,35645,1
3244,3239,1224.252540,35656,1
3245,3240,1224.263676,35667,1
3246,3241,1224.274810,35678,1
3247,3242,1224.285946,35689,1
3248,3243,1224.297081,35700,1
3249,3244,1224.308216,35711,1
3250,3245,1224.319353,35722,1
3251,3246,1224.330490,35733,1
3252,3247,1224.341625,35744,1
3253,3248,1224.352761,35755,1
3254,3249,1224.363897,35766,1
3255,3250,1224.375031,35777,1
3256,3251,1224.386167,35788,1
3257,3252,1224.397303,35799,1
3258,3253,1224.408437,35810,1
3259,3254,1224.419573,35821,1
3260,3255,1224.430710,35832,1
3261,3256,1224.441845,35843,1
3262,3257,1224.452981,35854,1
3263,3258,1224.464115,35865,1
3264,3259,1224.475252,35876,1
3265,3260,1224.486388,35887,1
3266,3261,1224.497524,35898,1
3267,3262,1224.508659,35909,1
3268,3263,1224.519795,35920,1
3269,3264,1224.530930,35931,1
3270,3265,1224.542065,35942,1
3271,3266,1224.553200,35953,1
3272,3267,1224.564335,35964,1
3273,3268,1224.575471,35975,1
3274,3269,1224.586608,35986,1
3275,3270,1224.597744,35997,1
3276,3271,1224.608879,36008,1
3277,3272,1224.620015,36019,1
3278,3273,1224.631150,36030,1
3279,3274,1224.642286,36041,1
3280,3275,1224.653420,36052,1
3281,3276,1224.664555,36063,1
3282,3277,1224.675691,36074,1
3283,3278,1224.686829,36085,1
3284,3279,1224.697964,36096,1
3285,3280,1224.709105,36107,1
3286,3281,1224.720235,36118,1
3287,3282,1224.731369,36129,1
3288,3283,1224.742507,36140,1
3289,3284,1224.753641,36151,1
3290,3285,1224.764776,36162,1
3291,3286,1224.775912,36173,1
3292,3287,1224.787048,36184,1
3293,3288,1224.798184,36195,1
3294,3289,1224.809320,36206,1
3295,3290,1224.820455,36217,1
3296,3291,1224.831590,36228,1
3297,3292,1224.842727,36239,1
3298,3293,1224.853863,36250,1
3299,3294,1224.864998,36261,1
3300,3295,1224.876133,36272,1
3301,3296,1224.887267,36283,1
3302,3297,1224.898405,36294,1
3303,3298,1224.909541,36305,1
3304,3299,1224.920675,36316,1
3305,3300,1224.931811,36327,1
3306,3301,1224.942948,36338,1
3307,3302,1224.954082,36349,1
3308,3303,1224.965216,36360,1
3309,3304,1224.976352,36371,1
3310,3305,1224.987487,36382,1
3311,3306,1224.998624,36393,1
3312,3307,1225.009761,36404,1
3313,3308,1225.020894,36415,1
3314,3309,1225.032030,36426,1
3315,3310,1225.043165,36437,1
3316,3311,1225.054302,36448,1
3317,3312,1225.065437,36459,1
3318,3313,1225.076574,36470,1
3319,3314,1225.087710,36481,1
3320,3315,1225.098843,36492,1
3321,3316,1225.109979,36503,1
3322,3317,1225.121117,36514,1
3323,3318,1225.132250,36525,1
3324,3319,1225.143385,36536,1
3325,3320,1225.154521,36547,1
3326,3321,1225.164647,36557,1
3327,3322,1225.175783,36568,1
3328,3323,1225.186917,36579,1
3329,3324,1225.198051,36590,1
3330,3325,1225.209188,36601,1
3331,3326,1225.220324,36612,1
3332,3327,1225.231460,36623,1
3333,3328,1225.242595,36634,1
3334,3329,1225.253732,36645,1
3335,3330,1225.264866,36656,1
3336,3331,1225.276002,36667,1
3337,3332,1225.287138,36678,1
3338,3333,1225.298272,36689,1
3339,3334,1225.309409,36700,1
3340,3335,1225.320542,36711,1
3341,3336,1225.331680,36722,1
3342,3337,1225.342814,36733,1
3343,3338,1225.353951,36744,1
3344,3339,1225.365099,36755,1
3345,3340,1225.376221,36766,1
3346,3341,1225.387359,36777,1
3347,3342,1225.398493,36788,1
3348,3343,1225.409630,36799,1
3349,3344,1225.420763,36810,1
3350,3345,1225.431901,36821,1
3351,3346,1225.443037,36832,1
3352,3347,1225.454172,36843,1
3353,3348,1225.465307,36854,1
3354,3349,1225.476442,36865,1
3355,3350,1225.487578,36876,1
3356,3351,1225.498715,36887,1
3357,3352,1225.509849,36898,1
3358,3353,1225.520984,36909,1
3359,3354,1225.532121,36920,1
3360,3355,1225.543254,36931,1
3361,3356,1225.554391,36942,1
3362,3357,1225.565528,36953,1
3363,3358,1225.576663,36964,1
3364,3359,1225.587799,36975,1
3365,3360,1225.598935,36986,1
3366,3361,1225.610071,36997,1
3367,3362,1225.621206,37008,1
3368,3363,1225.632339,37019,1
3369,3364,1225.643477,37030,1
3370,3365,1225.654613,37041,1
3371,3366,1225.665748,37052,1
3372,3367,1225.676883,37063,1
3373,3368,1225.688018,37074,1
3374,3369,1225.699153,37085,1
3375,3370,1225.710290,37096,1
3376,3371,1225.721425,37106,1
3377,3372,1225.732562,37117,1
3378,3373,1225.743696,37128,1
3379,3374,1225.754833,37139,1
3380,3375,1225.765967,37150,1
3381,3376,1225.777104,37161,1
3382,3377,1225.788240,37172,1
3383,3378,1225.799373,37183,1
3384,3379,1225.810510,37194,1
3385,3380,1225.821646,37205,1
3386,3381,1225.832782,37216,1
3387,3382,1225.843916,37227,1
3388,3383,1225.855053,37238,1
3389,3384,1225.866188,37249,1
3390,3385,1225.877324,37260,1
3391,3386,1225.888460,37271,1
3392,3387,1225.899595,37282,1
3393,3388,1225.910731,37293,1
3394,3389,1225.921866,37304,1
3395,3390,1225.933000,37315,1
3396,3391,1225.944135,37326,1
3397,3392,1225.955274,37337,1
3398,3393,1225.966407,37348,1
3399,3394,1225.977543,37359,1
3400,3395,1225.988680,37370,1
3401,3396,1225.999816,37381,1
3402,3397,1226.010951,37392,1
3403,3398,1226.022099,37403,1
3404,3399,1226.033220,37414,1
3405,3400,1226.044356,37425,1
3406,3401,1226.055494,37436,1
3407,3402,1226.066630,37447,1
3408,3403,1226.077764,37458,1
3409,3404,1226.088901,37469,1
3410,3405,1226.100034,37480,1
3411,3406,1226.111172,37491,1
3412,3407,1226.122306,37502,1
3413,3408,1226.133443,37513,1
3414,3409,1226.144577,37524,1
3415,3410,1226.155714,37535,1
3416,3411,1226.166850,37546,1
3417,3412,1226.177984,37557,1
3418,3413,1226.189118,37568,1
3419,3414,1226.200256,37579,1
3420,3415,1226.211389,37590,1
3421,3416,1226.222525,37601,1
3422,3417,1226.233662,37612,1
3423,3418,1226.244797,37623,1
3424,3419,1226.255934,37634,1
3425,3420,1226.267071,37645,1
3426,3421,1226.278205,37656,1
3427,3422,1226.289339,37667,1
3428,3423,1226.300476,37678,1
3429,3424,1226.311612,37689,1
3430,3425,1226.322745,37700,1
3431,3426,1226.333881,37711,1
3432,3427,1226.345018,37722,1
3433,3428,1226.356155,37733,1
3434,3429,1226.367288,37744,1
3435,3430,1226.378426,37755,1
3436,3431,1226.389560,37766,1
3437,3432,1226.400696,37777,1
3438,3433,1226.411832,37788,1
3439,3434,1226.422967,37799,1
3440,3435,1226.434103,37810,1
3441,3436,1226.445237,37821,1
3442,3437,1226.456374,37832,1
3443,3438,1226.467508,37843,1
3444,3439,1226.478646,37854,1
3445,3440,1226.489782,37865,1
3446,3441,1226.500915,37876,1
3447,3442,1226.512053,37887,1
3448,3443,1226.523186,37898,1
3449,3444,1226.534324,37909,1
3450,3445,1226.545459,37920,1
3451,3446,1226.556595,37931,1
3452,3447,1226.567731,37942,1
3453,3448,1226.578864,37953,1
3454,3449,1226.590000,37964,1
3455,3450,1226.601137,37975,1
3456,3451,1226.611260,37985,1
3457,3452,1226.622396,37996,1
3458,3453,1226.633531,38007,1
3459,3454,1226.644667,38018,1
3460,3455,1226.655803,38029,1
3461,3456,1226.666937,38040,1
3462,3457,1226.678074,38051,1
3463,3458,1226.689210,38062,1
3464,3459,1226.700345,38073,1
3465,3460,1226.711480,38084,1
3466,3461,1226.722615,38095,1
3467,3462,1226.733752,38106,1
3468,3463,1226.744888,38117,1
3469,3464,1226.756023,38128,1
3470,3465,1226.767159,38139,1
3471,3466,1226.778294,38150,1
3472,3467,1226.789428,38161,1
3473,3468,1226.800564,38172,1
3474,3469,1226.811700,38183,1
3475,3470,1226.822836,38194,1
3476,3471,1226.833972,38205,1
3477,3472,1226.845107,38216,1
3478,3473,1226.856244,38227,1
3479,3474,1226.867378,38238,1
3480,3475,1226.878513,38249,1
3481,3476,1226.889649,38260,1
3482,3477,1226.900784,38271,1
3483,3478,1226.911919,38282,1
3484,3479,1226.923055,38293,1
3485,3480,1226.934191,38304,1
3486,3481,1226.945329,38315,1
3487,3482,1226.956463,38326,1
3488,3483,1226.967599,38337,1
3489,3484,1226.978734,38348,1
3490,3485,1226.989870,38359,1
3491,3486,1227.001007,38370,1
3492,3487,1227.012141,38381,1
3493,3488,1227.023277,38392,1
3494,3489,1227.034412,38403,1
3495,3490,1227.045546,38414,1
3496,3491,1227.056684,38425,1
3497,3492,1227.067818,38436,1
3498,3493,1227.078955,38447,1
3499,3494,1227.090103,38458,1
3500,3495,1227.101227,38469,1
3501,3496,1227.112362,38480,1
3502,3497,1227.123497,38491,1
3503,3498,1227.134633,38502,1
3504,3499,1227.145768,38513,1
3505,3500,1227.156904,38524,1
3506,3501,1227.168040,38535,1
3507,3502,1227.179176,38546,1
3508,3503,1227.190310,38557,1
3509,3504,1227.201447,38568,1
3510,3505,1227.212581,38579,1
3511,3506,1227.223716,38590,1
3512,3507,1227.234851,38601,1
3513,3508,1227.245988,38612,1
3514,3509,1227.257124,38623,1
3515,3510,1227.268261,38634,1
3516,3511,1227.279395,38645,1
3517,3512,1227.290531,38656,1
3518,3513,1227.301667,38667,1
3519,3514,1227.312801,38678,1
3520,3515,1227.323938,38689,1
3521,3516,1227.335074,38700,1
3522,3517,1227.346208,38711,1
3523,3518,1227.357343,38722,1
3524,3519,1227.368480,38733,1
3525,3520,1227.379616,38744,1
3526,3521,1227.390751,38755,1
3527,3522,1227.401887,38766,1
3528,3523,1227.413021,38777,1
3529,3524,1227.424158,38788,1
3530,3525,1227.435294,38799,1
3531,3526,1227.446429,38810,1
3532,3527,1227.457565,38821,1
3533,3528,1227.468700,38832,1
3534,3529,1227.479836,38843,1
3535,3530,1227.490970,38854,1
3536,3531,1227.502108,38865,1
3537,3532,1227.513241,38876,1
3538,3533,1227.524379,38887,1
3539,3534,1227.535515,38898,1
3540,3535,1227.546648,38909,1
3541,3536,1227.557783,38920,1
3542,3537,1227.568919,38931,1
3543,3538,1227.580057,38942,1
3544,3539,1227.591193,38953,1
3545,3540,1227.602328,38964,1
3546,3541,1227.613462,38975,1
3547,3542,1227.624598,38986,1
3548,3543,1227.635734,38997,1
3549,3544,1227.646868,39008,1
3550,3545,1227.658005,39019,1
3551,3546,1227.669141,39030,1
3552,3547,1227.680275,39041,1
3553,3548,1227.691412,39052,1
3554,3549,1227.702547,39063,1
3555,3550,1227.713684,39074,1
3556,3551,1227.724820,39085,1
3557,3552,1227.735953,39096,1
3558,3553,1227.747100,39107,1
3559,3554,1227.758226,39118,1
3560,3555,1227.769361,39129,1
3561,3556,1227.780497,39140,1
3562,3557,1227.791632,39151,1
3563,3558,1227.802767,39162,1
3564,3559,1227.813904,39173,1
3565,3560,1227.825037,39184,1
3566,3561,1227.836175,39195,1
3567,3562,1227.847310,39206,1
3568,3563,1227.858446,39217,1
3569,3564,1227.869581,39228,1
3570,3565,1227.880715,39239,1
3571,3566,1227.891852,39250,1
3572,3567,1227.902987,39261,1
3573,3568,1227.914123,39272,1
3574,3569,1227.925259,39283,1
3575,3570,1227.936395,39294,1
3576,3571,1227.947530,39305,1
3577,3572,1227.958666,39316,1
3578,3573,1227.969802,39327,1
3579,3574,1227.980938,39338,1
3580,3575,1227.992072,39349,1
3581,3576,1228.003208,39360,1
3582,3577,1228.014343,39371,1
3583,3578,1228.025480,39382,1
3584,3579,1228.036614,39393,1
3585,3580,1228.047751,39404,1
3586,3581,1228.057873,39414,1
3587,3582,1228.069008,39425,1
3588,3583,1228.080144,39436,1
3589,3584,1228.091280,39447,1
3590,3585,1228.102417,39458,1
3591,3586,1228.113552,39469,1
3592,3587,1228.124687,39480,1
3593,3588,1228.135823,39491,1
3594,3589,1228.146959,39502,1
3595,3590,1228.158102,39513,1
3596,3591,1228.169230,39524,1
3597,3592,1228.180364,39535,1
3598,3593,1228.191502,39546,1
3599,3594,1228.202635,39557,1
3600,3595,1228.213772,39568,1
3601,3596,1228.224908,39579,1
3602,3597,1228.236043,39590,1
3603,3598,1228.247179,39601,1
3604,3599,1228.258313,39612,1
3605,3600,1228.269449,39623,1
3606,3601,1228.280586,39634,1
3607,3602,1228.291721,39645,1
3608,3603,1228.302857,39656,1
3609,3604,1228.313993,39667,1
3610,3605,1228.325128,39678,1
3611,3606,1228.336264,39689,1
3612,3607,1228.347399,39700,1
3613,3608,1228.358535,39711,1
3614,3609,1228.369669,39722,1
3615,3610,1228.380804,39733,1
3616,3611,1228.391940,39744,1
3617,3612,1228.403078,39755,1
3618,3613,1228.414213,39766,1
3619,3614,1228.425349,39777,1
3620,3615,1228.436484,39788,1
3621,3616,1228.447620,39799,1
3622,3617,1228.458756,39810,1
3623,3618,1228.469890,39821,1
3624,3619,1228.481025,39832,1
3625,3620,1228.492161,39843,1
3626,3621,1228.503296,39854,1
3627,3622,1228.514434,39865,1
3628,3623,1228.525568,39876,1
3629,3624,1228.536704,39887,1
3630,3625,1228.547841,39898,1
3631,3626,1228.558974,39909,1
3632,3627,1228.570110,39920,1
3633,3628,1228.581247,39931,1
3634,3629,1228.592383,39942,1
3635,3630,1228.603518,39953,1
3636,3631,1228.614653,39964,1
3637,3632,1228.625789,39975,1
3638,3633,1228.636924,39986,1
3639,3634,1228.648059,39997,1
3640,3635,1228.659195,40008,1
3641,3636,1228.670332,40019,1
3642,3637,1228.681466,40030,1
3643,3638,1228.692601,40041,1
3644,3639,1228.703737,40052,1
3645,3640,1228.714874,40063,1
3646,3641,1228.726009,40074,1
3647,3642,1228.737144,40085,1
3648,3643,1228.748281,40096,1
3649,3644,1228.759416,40107,1
3650,3645,1228.770551,40118,1
3651,3646,1228.781688,40129,1
3652,3647,1228.792822,40140,1
3653,3648,1228.803959,40151,1
3654,3649,1228.815102,40162,1
3655,3650,1228.826230,40173,1
3656,3651,1228.837364,40184,1
3657,3652,1228.848501,40195,1
3658,3653,1228.859637,40206,1
3659,3654,1228.870771,40217,1
3660,3655,1228.881907,40228,1
3661,3656,1228.893042,40239,1
3662,3657,1228.904177,40250,1
3663,3658,1228.915314,40261,1
3664,3659,1228.926450,40272,1
3665,3660,1228.937584,40283,1
3666,3661,1228.948720,40294,1
3667,3662,1228.959856,40305,1
3668,3663,1228.970992,40316,1
3669,3664,1228.982128,40327,1
3670,3665,1228.993263,40338,1
3671,3666,1229.004399,40349,1
3672,3667,1229.015533,40360,1
3673,3668,1229.026669,40371,1
3674,3669,1229.037807,40382,1
3675,3670,1229.048940,40393,1
3676,3671,1229.060075,40404,1
3677,3672,1229.071213,40415,1
3678,3673,1229.082349,40426,1
3679,3674,1229.093484,40437,1
3680,3675,1229.104619,40448,1
3681,3676,1229.115755,40459,1
3682,3677,1229.126890,40470,1
3683,3678,1229.138026,40481,1
3684,3679,1229.149163,40492,1
3685,3680,1229.160296,40503,1
3686,3681,1229.171433,40514,1
3687,3682,1229.182567,40525,1
3688,3683,1229.193705,40536,1
3689,3684,1229.204840,40547,1
3690,3685,1229.215975,40558,1
3691,3686,1229.227109,40569,1
3692,3687,1229.238245,40580,1
3693,3688,1229.249383,40591,1
3694,3689,1229.260517,40602,1
3695,3690,1229.271654,40613,1
3696,3691,1229.282788,40624,1
3697,3692,1229.293925,40635,1
3698,3693,1229.305059,40646,1
3699,3694,1229.316195,40657,1
3700,3695,1229.327331,40668,1
3701,3696,1229.338466,40679,1
3702,3697,1229.349602,40690,1
3703,3698,1229.360738,40701,1
3704,3699,1229.371872,40712,1
3705,3700,1229.383008,40723,1
3706,3701,1229.394143,40734,1
3707,3702,1229.405280,40745,1
3708,3703,1229.416415,40756,1
3709,3704,1229.427552,40767,1
3710,3705,1229.438685,40778,1
3711,3706,1229.449823,40789,1
3712,3707,1229.460959,40800,1
3713,3708,1229.472102,40811,1
3714,3709,1229.483230,40822,1
3715,3710,1229.493352,40832,1
3716,3711,1229.504487,40843,1
3717,3712,1229.515623,40854,1
3718,3713,1229.526759,40865,1
3719,3714,1229.537895,40876,1
3720,3715,1229.549031,40887,1
3721,3716,1229.560167,40898,1
3722,3717,1229.571301,40909,1
3723,3718,1229.582436,40920,1
3724,3719,1229.593572,40931,1
3725,3720,1229.604708,40942,1
3726,3721,1229.615843,40953,1
3727,3722,1229.626979,40964,1
3728,3723,1229.638115,40975,1
3729,3724,1229.649251,40986,1
3730,3725,1229.660386,40997,1
3731,3726,1229.671520,41008,1
3732,3727,1229.682656,41019,1
3733,3728,1229.693793,41030,1
3734,3729,1229.704928,41041,1
3735,3730,1229.716065,41052,1
3736,3731,1229.727200,41063,1
3737,3732,1229.738334,41074,1
3738,3733,1229.749472,41085,1
3739,3734,1229.760605,41096,1
3740,3735,1229.771743,41107,1
3741,3736,1229.782878,41118,1
3742,3737,1229.794012,41129,1
3743,3738,1229.805150,41140,1
3744,3739,1229.816284,41151,1
3745,3740,1229.827420,41162,1
3746,3741,1229.838554,41173,1
3747,3742,1229.849692,41184,1
3748,3743,1229.860826,41195,1
3749,3744,1229.871963,41206,1
3750,3745,1229.883104,41217,1
3751,3746,1229.894233,41228,1
3752,3747,1229.905369,41239,1
3753,3748,1229.916503,41250,1
3754,3749,1229.927640,41261,1
3755,3750,1229.938776,41272,1
3756,3751,1229.949910,41283,1
3757,3752,1229.961047,41294,1
3758,3753,1229.972184,41305,1
3759,3754,1229.983318,41316,1
3760,3755,1229.994453,41327,1
3761,3756,1230.005590,41338,1
3762,3757,1230.016724,41349,1
3763,3758,1230.027860,41360,1
3764,3759,1230.038995,41371,1
3765,3760,1230.050130,41382,1
3766,3761,1230.061267,41393,1
3767,3762,1230.072404,41404,1
3768,3763,1230.083537,41415,1
3769,3764,1230.094675,41426,1
3770,3765,1230.105809,41437,1
3771,3766,1230.116944,41448,1
3772,3767,1230.128079,41459,1
3773,3768,1230.139215,41470,1
3774,3769,1230.150351,41481,1
3775,3770,1230.161487,41492,1
3776,3771,1230.172624,41503,1
3777,3772,1230.183758,41514,1
3778,3773,1230.194893,41525,1
3779,3774,1230.206029,41536,1
3780,3775,1230.217164,41547,1
3781,3776,1230.228302,41558,1
3782,3777,1230.239437,41569,1
3783,3778,1230.250573,41580,1
3784,3779,1230.261707,41591,1
3785,3780,1230.272842,41602,1
3786,3781,1230.283979,41613,1
3787,3782,1230.295115,41624,1
3788,3783,1230.306250,41635,1
3789,3784,1230.317386,41646,1
3790,3785,1230.328521,41657,1
3791,3786,1230.339656,41668,1
3792,3787,1230.350792,41679,1
3793,3788,1230.361928,41690,1
3794,3789,1230.373064,41701,1
3795,3790,1230.384198,41712,1
3796,3791,1230.395335,41723,1
3797,3792,1230.406470,41734,1
3798,3793,1230.417606,41745,1
3799,3794,1230.428743,41756,1
3800,3795,1230.439876,41767,1
3801,3796,1230.451013,41778,1
3802,3797,1230.462148,41789,1
3803,3798,1230.473284,41800,1
3804,3799,1230.484418,41811,1
3805,3800,1230.495555,41822,1
3806,3801,1230.506691,41833,1
3807,3802,1230.517827,41844,1
3808,3803,1230.528961,41855,1
3809,3804,1230.540107,41866,1
3810,3805,1230.551233,41877,1
3811,3806,1230.562368,41888,1
3812,3807,1230.573504,41899,1
3813,3808,1230.584640,41910,1
3814,3809,1230.595774,41921,1
3815,3810,1230.606910,41932,1
3816,3811,1230.618045,41943,1
3817,3812,1230.629181,41954,1
3818,3813,1230.640317,41965,1
3819,3814,1230.651452,41976,1
3820,3815,1230.662590,41987,1
3821,3816,1230.673725,41998,1
3822,3817,1230.684860,42009,1
3823,3818,1230.695997,42020,1
3824,3819,1230.707130,42031,1
3825,3820,1230.718267,42041,1
3826,3821,1230.729402,42052,1
3827,3822,1230.740537,42063,1
3828,3823,1230.751674,42074,1
3829,3824,1230.762809,42085,1
3830,3825,1230.773945,42096,1
3831,3826,1230.785079,42107,1
3832,3827,1230.796217,42118,1
3833,3828,1230.807351,42129,1
3834,3829,1230.818488,42140,1
3835,3830,1230.829624,42151,1
3836,3831,1230.840758,42162,1
3837,3832,1230.851893,42173,1
3838,3833,1230.863028,42184,1
3839,3834,1230.874166,42195,1
3840,3835,1230.885299,42206,1
3841,3836,1230.896437,42217,1
3842,3837,1230.907572,42228,1
3843,3838,1230.918708,42239,1
3844,3839,1230.929843,42250,1
3845,3840,1230.939967,42260,1
3846,3841,1230.951103,42271,1
3847,-1,1230.962238,42282,1
3848,3842,1230.973373,42293,1
3849,3843,1230.984508,42304,1
3850,3844,1230.995643,42315,1
3851,3845,1231.006778,42326,1
3852,3846,1231.017914,42337,1
3853,3847,1231.029049,42348,1
3854,3848,1231.040186,42359,1
3855,3849,1231.051322,42370,1
3856,3850,1231.062457,42381,1
3857,3851,1231.073592,42392,1
3858,3852,1231.084728,42403,1
3859,3853,1231.095864,42414,1
3860,3854,1231.107000,42425,1
3861,3855,1231.118136,42436,1
3862,3856,1231.129271,42447,1
3863,3857,1231.140408,42458,1
3864,3858,1231.151543,42469,1
3865,3859,1231.162679,42480,1
3866,3860,1231.173813,42491,1
3867,3861,1231.184948,42502,1
3868,3862,1231.196085,42513,1
3869,3863,1231.207219,42524,1
3870,3864,1231.218355,42535,1
3871,3865,1231.229492,42546,1
3872,3866,1231.240626,42557,1
3873,3867,1231.251762,42568,1
3874,3868,1231.262898,42579,1
3875,3869,1231.274035,42590,1
3876,3870,1231.285170,42601,1
3877,3871,1231.296304,42612,1
3878,3872,1231.307440,42623,1
3879,3873,1231.318577,42634,1
3880,3874,1231.329712,42645,1
3881,3875,1231.340846,42656,1
3882,3876,1231.351981,42667,1
3883,3877,1231.363119,42678,1
3884,3878,1231.374255,42689,1
3885,3879,1231.385390,42700,1
3886,3880,1231.396524,42711,1
3887,3881,1231.407662,42722,1
3888,3882,1231.418795,42733,1
3889,3883,1231.429932,42744,1
3890,3884,1231.441066,42755,1
3891,3885,1231.452203,42766,1
3892,3886,1231.463339,42777,1
3893,3887,1231.474473,42788,1
3894,3888,1231.485609,42799,1
3895,3889,1231.496747,42810,1
3896,3890,1231.507879,42821,1
3897,3891,1231.519015,42832,1
3898,3892,1231.530151,42843,1
3899,3893,1231.541288,42854,1
3900,3894,1231.552422,42865,1
3901,3895,1231.563560,42876,1
3902,3896,1231.574694,42887,1
3903,3897,1231.585831,42898,1
3904,3898,1231.596965,42909,1
3905,3899,1231.608105,42920,1
3906,3900,1231.619238,42931,1
3907,3901,1231.630372,42942,1
3908,3902,1231.641509,42953,1
3909,3903,1231.652642,42964,1
3910,3904,1231.663778,42975,1
3911,3905,1231.674913,42986,1
3912,3906,1231.686050,42997,1
3913,3907,1231.697185,43008,1
3914,3908,1231.708323,43019,1
3915,3909,1231.719456,43030,1
3916,3910,1231.730593,43041,1
3917,3911,1231.741729,43052,1
3918,3912,1231.752862,43063,1
3919,3913,1231.763999,43074,1
3920,3914,1231.775134,43085,1
3921,3915,1231.786271,43096,1
3922,3916,1231.797407,43107,1
3923,3917,1231.808541,43118,1
3924,3918,1231.819678,43129,1
3925,3919,1231.830814,43140,1
3926,3920,1231.841949,43151,1
3927,3921,1231.853083,43162,1
3928,3922,1231.864221,43173,1
3929,3923,1231.875356,43184,1
3930,3924,1231.886492,43195,1
3931,3925,1231.897626,43206,1
3932,3926,1231.908761,43217,1
3933,3927,1231.919897,43228,1
3934,-1,1231.931034,43239,1
3935,3928,1231.942170,43250,1
3936,3929,1231.953303,43261,1
3937,3930,1231.964440,43272,1
3938,3931,1231.975577,43283,1
3939,3932,1231.986710,43294,1
3940,3933,1231.997846,43305,1
3941,3934,1232.008981,43316,1
3942,3935,1232.020117,43327,1
3943,3936,1232.031253,43338,1
3944,3937,1232.042389,43349,1
3945,3938,1232.053525,43360,1
3946,3939,1232.064660,43371,1
3947,3940,1232.075795,43382,1
3948,3941,1232.086933,43393,1
3949,3942,1232.098068,43404,1
3950,3943,1232.109204,43415,1
3951,3944,1232.120339,43426,1
3952,3945,1232.131474,43437,1
3953,3946,1232.142610,43448,1
3954,3947,1232.153745,43459,1
3955,3948,1232.164879,43470,1
3956,3949,1232.176017,43481,1
3957,3950,1232.187152,43492,1
3958,3951,1232.198286,43503,1
3959,3952,1232.209422,43514,1
3960,3953,1232.220557,43525,1
3961,3954,1232.231694,43536,1
3962,3955,1232.242828,43547,1
3963,3956,1232.253966,43558,1
3964,3957,1232.265105,43569,1
3965,3958,1232.276235,43580,1
3966,3959,1232.287373,43591,1
3967,3960,1232.298507,43602,1
3968,3961,1232.309644,43613,1
3969,3962,1232.320778,43624,1
3970,3963,1232.331915,43635,1
3971,3964,1232.343050,43646,1
3972,3965,1232.354185,43657,1
3973,3966,1232.365322,43668,1
3974,3967,1232.376458,43679,1
3975,3968,1232.386579,43689,1
3976,3969,1232.397714,43700,1
3977,3970,1232.408850,43711,1
3978,3971,1232.419985,43722,1
3979,3972,1232.431122,43733,1
3980,3973,1232.442259,43744,1
3981,3974,1232.453394,43755,1
3982,3975,1232.464528,43766,1
3983,3976,1232.475663,43777,1
3984,3977,1232.486799,43788,1
3985,3978,1232.497935,43799,1
3986,3979,1232.509072,43810,1
3987,3980,1232.520206,43821,1
3988,3981,1232.531344,43832,1
3989,3982,1232.542477,43843,1
3990,3983,1232.553613,43854,1
3991,3984,1232.564748,43865,1
3992,3985,1232.575884,43876,1
3993,3986,1232.587021,43887,1
3994,3987,1232.598156,43898,1
3995,3988,1232.609293,43909,1
3996,3989,1232.620428,43920,1
3997,3990,1232.631564,43931,1
3998,3991,1232.642697,43942,1
3999,3992,1232.653833,43953,1
4000,3993,1232.664968,43964,1
4001,3994,1232.676105,43975,1
4002,3995,1232.687240,43986,1
4003,3996,1232.698375,43997,1
4004,3997,1232.709513,44008,1
4005,3998,1232.720647,44019,1
4006,3999,1232.731782,44030,1
4007,4000,1232.742918,44041,1
4008,4001,1232.754053,44052,1
4009,4002,1232.765189,44063,1
4010,4003,1232.776326,44074,1
4011,4004,1232.787460,44085,1
4012,4005,1232.798596,44096,1
4013,4006,1232.809731,44107,1
4014,4007,1232.820867,44118,1
4015,4008,1232.832005,44129,1
4016,4009,1232.843139,44140,1
4017,4010,1232.854275,44151,1
4018,4011,1232.865410,44162,1
4019,4012,1232.876546,44173,1
4020,4013,1232.887682,44184,1
4021,4014,1232.898816,44195,1
4022,4015,1232.909951,44206,1
4023,4016,1232.921100,44217,1
4024,4017,1232.932224,44228,1
4025,4018,1232.943358,44239,1
4026,4019,1232.954495,44250,1
4027,4020,1232.965629,44261,1
4028,4021,1232.976765,44272,1
4029,4022,1232.987901,44283,1
4030,4023,1232.999038,44294,1
4031,4024,1233.010173,44305,1
4032,4025,1233.021308,44316,1
4033,4026,1233.032444,44327,1
4034,4027,1233.043580,44338,1
4035,4028,1233.054714,44349,1
4036,4029,1233.065850,44360,1
4037,4030,1233.076986,44371,1
4038,4031,1233.088122,44382,1
4039,4032,1233.099256,44393,1
4040,4033,1233.110392,44404,1
4041,4034,1233.121529,44415,1
4042,4035,1233.132664,44426,1
4043,4036,1233.143801,44437,1
4044,4037,1233.154934,44448,1
4045,4038,1233.166072,44459,1
4046,4039,1233.177207,44470,1
4047,4040,1233.188342,44481,1
4048,4041,1233.199476,44492,1
4049,4042,1233.210613,44503,1
4050,4043,1233.221750,44514,1
4051,4044,1233.232885,44525,1
4052,4045,1233.244021,44536,1
4053,4046,1233.255156,44547,1
4054,4047,1233.266290,44558,1
4055,4048,1233.277428,44569,1
4056,4049,1233.288562,44580,1
4057,4050,1233.299697,44591,1
4058,4051,1233.310832,44602,1
4059,4052,1233.321968,44613,1
4060,4053,1233.333105,44624,1
4061,4054,1233.344239,44635,1
4062,4055,1233.355376,44646,1
4063,4056,1233.366510,44657,1
4064,4057,1233.377647,44668,1
4065,4058,1233.388782,44679,1
4066,4059,1233.399918,44690,1
4067,4060,1233.411053,44701,1
4068,4061,1233.422188,44712,1
4069,4062,1233.433324,44723,1
4070,4063,1233.444461,44734,1
4071,4064,1233.455596,44745,1
4072,4065,1233.466731,44756,1
4073,4066,1233.477868,44767,1
4074,4067,1233.489002,44778,1
4075,4068,1233.500139,44789,1
4076,4069,1233.511275,44800,1
4077,4070,1233.522410,44811,1
4078,4071,1233.533545,44822,1
4079,4072,1233.544679,44833,1
4080,4073,1233.555817,44844,1
4081,4074,1233.566953,44855,1
4082,4075,1233.578086,44866,1
4083,4076,1233.589222,44877,1
4084,4077,1233.600359,44888,1
4085,4078,1233.611493,44899,1
4086,4079,1233.622630,44910,1
4087,4080,1233.633766,44921,1
4088,4081,1233.644901,44932,1
4089,4082,1233.656035,44943,1
4090,4083,1233.667171,44954,1
4091,4084,1233.678308,44965,1
4092,4085,1233.689442,44976,1
4093,4086,1233.700579,44987,1
4094,4087,1233.711713,44998,1
4095,4088,1233.722850,45009,1
4096,4089,1233.733987,45020,1
4097,4090,1233.745120,45031,1
4098,4091,1233.756256,45042,1
4099,4092,1233.767392,45053,1
4100,4093,1233.778528,45064,1
4101,4094,1233.789663,45075,1
4102,4095,1233.800800,45086,1
4103,4096,1233.811934,45097,1
4104,4097,1233.823069,45108,1
4105,4098,1233.833193,45118,1
4106,4099,1233.844328,45129,1
4107,4100,1233.855466,45140,1
4108,4101,1233.866599,45151,1
4109,4102,1233.877737,45162,1
4110,4103,1233.888872,45173,1
4111,4104,1233.900006,45184,1
4112,4105,1233.911142,45195,1
4113,4106,1233.922277,45206,1
4114,4107,1233.933413,45217,1
4115,4108,1233.944549,45228,1
4116,4109,1233.955684,45239,1
4117,4110,1233.966820,45250,1
4118,4111,1233.977958,45261,1
4119,4112,1233.989100,45272,1
4120,4113,1234.000227,45283,1
4121,4114,1234.011362,45294,1
4122,4115,1234.022500,45305,1
4123,4116,1234.033635,45316,1
4124,4117,1234.044769,45327,1
4125,4118,1234.055906,45338,1
4126,4119,1234.067040,45349,1
4127,4120,1234.078178,45360,1
4128,4121,1234.089313,45371,1
4129,4122,1234.100449,45382,1
4130,4123,1234.111582,45393,1
4131,4124,1234.122720,45404,1
4132,4125,1234.133853,45415,1
4133,4126,1234.144991,45426,1
4134,4127,1234.156126,45437,1
4135,4128,1234.167260,45448,1
4136,4129,1234.178398,45459,1
4137,4130,1234.189533,45470,1
4138,4131,1234.200669,45481,1
4139,4132,1234.211805,45492,1
4140,4133,1234.222940,45503,1
4141,4134,1234.234076,45514,1
4142,4135,1234.245211,45525,1
4143,4136,1234.256345,45536,1
4144,4137,1234.267483,45547,1
4145,4138,1234.278616,45558,1
4146,4139,1234.289753,45569,1
4147,4140,1234.300889,45580,1
4148,4141,1234.312025,45591,1
4149,4142,1234.323159,45602,1
4150,4143,1234.334296,45613,1
4151,4144,1234.345432,45624,1
4152,4145,1234.356565,45635,1
4153,4146,1234.367701,45646,1
4154,4147,1234.378837,45657,1
4155,4148,1234.389972,45668,1
4156,4149,1234.401110,45679,1
4157,4150,1234.412243,45690,1
4158,4151,1234.423380,45701,1
4159,4152,1234.434515,45712,1
4160,4153,1234.445651,45723,1
4161,4154,1234.456786,45734,1
4162,4155,1234.467921,45745,1
4163,4156,1234.479058,45756,1
4164,4157,1234.490193,45767,1
4165,4158,1234.501329,45778,1
4166,4159,1234.512464,45789,1
4167,4160,1234.523601,45800,1
4168,4161,1234.534734,45811,1
4169,4162,1234.545870,45822,1
4170,4163,1234.557006,45833,1
4171,4164,1234.568141,45844,1
4172,4165,1234.579277,45855,1
4173,4166,1234.590414,45866,1
4174,4167,1234.601550,45877,1
4175,4168,1234.612684,45888,1
4176,4169,1234.623819,45899,1
4177,4170,1234.634957,45910,1
4178,4171,1234.646100,45921,1
4179,4172,1234.657226,45932,1
4180,4173,1234.668363,45943,1
4181,4174,1234.679499,45954,1
4182,4175,1234.690634,45965,1
4183,4176,1234.701768,45976,1
4184,4177,1234.712905,45987,1
4185,4178,1234.724040,45998,1
4186,4179,1234.735177,46009,1
4187,4180,1234.746312,46020,1
4188,4181,1234.757446,46031,1
4189,4182,1234.768584,46042,1
4190,4183,1234.779719,46053,1
4191,4184,1234.790855,46064,1
4192,4185,1234.801991,46075,1
4193,4186,1234.813125,46086,1
4194,4187,1234.824261,46097,1
4195,4188,1234.835395,46108,1
4196,4189,1234.846532,46119,1
4197,4190,1234.857667,46130,1
4198,4191,1234.868804,46141,1
4199,4192,1234.879938,46152,1
4200,4193,1234.891076,46163,1
4201,4194,1234.902210,46174,1
4202,4195,1234.913345,46185,1
4203,4196,1234.924481,46196,1
4204,4197,1234.935617,46207,1
4205,4198,1234.946752,46218,1
4206,4199,1234.957887,46229,1
4207,4200,1234.969024,46240,1
4208,4201,1234.980158,46251,1
4209,4202,1234.991293,46262,1
4210,4203,1235.002430,46273,1
4211,4204,1235.013566,46284,1
4212,4205,1235.024701,46295,1
4213,4206,1235.035836,46306,1
4214,4207,1235.046971,46317,1
4215,4208,1235.058109,46328,1
4216,4209,1235.069244,46339,1
4217,4210,1235.080379,46350,1
4218,4211,1235.091515,46361,1
4219,4212,1235.102651,46372,1
4220,4213,1235.113785,46383,1
4221,4214,1235.124920,46394,1
4222,4215,1235.136056,46405,1
4223,4216,1235.147193,46416,1
4224,4217,1235.158329,46427,1
4225,4218,1235.169463,46438,1
4226,4219,1235.180600,46449,1
4227,4220,1235.191734,46460,1
4228,4221,1235.202872,46471,1
4229,4222,1235.214006,46482,1
4230,4223,1235.225143,46493,1
4231,4224,1235.236276,46504,1
4232,4225,1235.247414,46515,1
4233,4226,1235.258548,46526,1
4234,4227,1235.268671,46536,1
4235,4228,1235.279809,46547,1
4236,4229,1235.290944,46558,1
4237,4230,1235.302077,46569,1
4238,4231,1235.313213,46580,1
4239,4232,1235.324351,46591,1
4240,4233,1235.335484,46602,1
4241,4234,1235.346621,46613,1
4242,4235,1235.357756,46624,1
4243,4236,1235.368893,46635,1
4244,4237,1235.380028,46646,1
4245,4238,1235.391163,46657,1
4246,4239,1235.402300,46668,1
4247,4240,1235.413433,46679,1
4248,4241,1235.424571,46690,1
4249,4242,1235.435704,46701,1
4250,4243,1235.446840,46712,1
4251,4244,1235.457975,46723,1
4252,4245,1235.469111,46734,1
4253,4246,1235.480248,46745,1
4254,4247,1235.491384,46756,1
4255,4248,1235.502518,46767,1
4256,4249,1235.513655,46778,1
4257,4250,1235.524789,46789,1
4258,4251,1235.535926,46800,1
4259,4252,1235.547062,46811,1
4260,4253,1235.558196,46822,1
4261,4254,1235.569331,46833,1
4262,4255,1235.580469,46844,1
4263,4256,1235.591605,46855,1
4264,4257,1235.602738,46866,1
4265,4258,1235.613874,46877,1
4266,4259,1235.625012,46888,1
4267,4260,1235.636145,46899,1
4268,4261,1235.647282,46910,1
4269,4262,1235.658416,46921,1
4270,4263,1235.669552,46932,1
4271,4264,1235.680687,46943,1
4272,4265,1235.691823,46954,1
4273,4266,1235.702961,46965,1
4274,4267,1235.714101,46976,1
4275,4268,1235.725231,46986,1
4276,4269,1235.736367,46997,1
4277,4270,1235.747501,47008,1
4278,4271,1235.758636,47019,1
4279,4272,1235.769774,47030,1
4280,4273,1235.780910,47041,1
4281,4274,1235.792044,47052,1
4282,4275,1235.803179,47063,1
4283,4276,1235.814316,47074,1
4284,4277,1235.825450,47085,1
4285,4278,1235.836587,47096,1
4286,4279,1235.847723,47107,1
4287,4280,1235.858856,47118,1
4288,4281,1235.869994,47129,1
4289,4282,1235.881129,47140,1
4290,4283,1235.892265,47151,1
4291,4284,1235.903400,47162,1
4292,4285,1235.914536,47173,1
4293,4286,1235.925670,47184,1
4294,4287,1235.936808,47195,1
4295,4288,1235.947941,47206,1
4296,4289,1235.959079,47217,1
4297,4290,1235.970214,47228,1
4298,4291,1235.981350,47239,1
4299,4292,1235.992485,47250,1
4300,4293,1236.003621,47261,1
4301,4294,1236.014755,47272,1
4302,4295,1236.025891,47283,1
4303,4296,1236.037028,47294,1
4304,4297,1236.048163,47305,1
4305,4298,1236.059297,47316,1
4306,4299,1236.070435,47327,1
4307,4300,1236.081569,47338,1
4308,4301,1236.092704,47349,1
4309,4302,1236.103841,47360,1
4310,4303,1236.114976,47371,1
4311,4304,1236.126113,47382,1
4312,4305,1236.137246,47393,1
4313,4306,1236.148382,47404,1
4314,4307,1236.159519,47415,1
4315,4308,1236.170655,47426,1
4316,4309,1236.181788,47437,1
4317,4310,1236.192924,47448,1
4318,4311,1236.204063,47459,1
4319,4312,1236.215197,47470,1
4320,4313,1236.226331,47481,1
4321,4314,1236.237468,47492,1
4322,4315,1236.248604,47503,1
4323,4316,1236.259738,47514,1
4324,4317,1236.270873,47525,1
4325,4318,1236.282010,47536,1
4326,4319,1236.293147,47547,1
4327,4320,1236.304281,47558,1
4328,4321,1236.315416,47569,1
4329,4322,1236.326552,47580,1
4330,4323,1236.337687,47591,1
4331,4324,1236.348822,47602,1
4332,4325,1236.359960,47613,1
4333,4326,1236.371101,47624,1
4334,4327,1236.382230,47635,1
4335,4328,1236.393366,47646,1
4336,4329,1236.404500,47657,1
4337,4330,1236.415637,47668,1
4338,4331,1236.426774,47679,1
4339,4332,1236.437907,47690,1
4340,4333,1236.449042,47701,1
4341,4334,1236.460178,47712,1
4342,4335,1236.471316,47723,1
4343,4336,1236.482451,47734,1
4344,4337,1236.493587,47745,1
4345,4338,1236.504721,47756,1
4346,4339,1236.515858,47767,1
4347,4340,1236.526994,47778,1
4348,4341,1236.538129,47789,1
4349,4342,1236.549263,47800,1
4350,4343,1236.560401,47811,1
4351,4344,1236.571534,47822,1
4352,4345,1236.582670,47833,1
4353,4346,1236.593807,47844,1
4354,4347,1236.604942,47855,1
4355,4348,1236.616079,47866,1
4356,4349,1236.627214,47877,1
4357,4350,1236.638350,47888,1
4358,4351,1236.649483,47899,1
4359,4352,1236.660619,47910,1
4360,4353,1236.671755,47921,1
4361,4354,1236.682892,47932,1
4362,4355,1236.694025,47943,1
4363,4356,1236.705162,47954,1
4364,4357,1236.715286,47964,1
4365,4358,1236.726420,47975,1
4366,4359,1236.737556,47986,1
4367,4360,1236.748694,47997,1
4368,4361,1236.759826,48008,1
4369,4362,1236.770965,48019,1
4370,4363,1236.782103,48030,1
4371,4364,1236.793233,48041,1
4372,4365,1236.804369,48052,1
4373,4366,1236.815505,48063,1
4374,4367,1236.826640,48074,1
4375,4368,1236.837778,48085,1
4376,4369,1236.848913,48096,1
4377,4370,1236.860048,48107,1
4378,4371,1236.871182,48118,1
4379,4372,1236.882321,48129,1
4380,4373,1236.893455,48140,1
4381,4374,1236.904589,48151,1
4382,4375,1236.915725,48162,1
4383,4376,1236.926862,48173,1
4384,4377,1236.937997,48184,1
4385,4378,1236.949133,48195,1
4386,4379,1236.960268,48206,1
4387,4380,1236.971405,48217,1
4388,4381,1236.982541,48228,1
4389,4382,1236.993674,48239,1
4390,4383,1237.004811,48250,1
4391,4384,1237.015946,48261,1
4392,4385,1237.027082,48272,1
4393,4386,1237.038216,48283,1
4394,4387,1237.049353,48294,1
4395,4388,1237.060490,48305,1
4396,4389,1237.071625,48316,1
4397,4390,1237.082760,48327,1
4398,4391,1237.093895,48338,1
4399,4392,1237.105030,48349,1
4400,4393,1237.116165,48360,1
4401,4394,1237.127303,48371,1
4402,4395,1237.138439,48382,1
4403,4396,1237.149572,48393,1
4404,4397,1237.160710,48404,1
4405,4398,1237.171843,48415,1
4406,4399,1237.182979,48426,1
4407,4400,1237.194115,48437,1
4408,4401,1237.205250,48448,1
4409,4402,1237.216386,48459,1
4410,4403,1237.227521,48470,1
4411,4404,1237.238657,48481,1
4412,4405,1237.249793,48492,1
4413,4406,1237.260930,48503,1
4414,4407,1237.272065,48514,1
4415,4408,1237.283202,48525,1
4416,4409,1237.294336,48536,1
4417,4410,1237.305471,48547,1
4418,4411,1237.316608,48558,1
4419,4412,1237.327744,48569,1
4420,4413,1237.338877,48580,1
4421,4414,1237.350015,48591,1
4422,4415,1237.361151,48602,1
4423,4416,1237.372285,48613,1
4424,4417,1237.383422,48624,1
4425,4418,1237.394555,48635,1
4426,4419,1237.405692,48646,1
4427,4420,1237.416827,48657,1
4428,4421,1237.427964,48668,1
4429,4422,1237.439105,48679,1
4430,4423,1237.450234,48690,1
4431,4424,1237.461370,48701,1
4432,4425,1237.472505,48712,1
4433,4426,1237.483642,48723,1
4434,4427,1237.494775,48734,1
4435,4428,1237.505911,48745,1
4436,4429,1237.517047,48756,1
4437,4430,1237.528182,48767,1
4438,4431,1237.539320,48778,1
4439,4432,1237.550454,48789,1
4440,4433,1237.561591,48800,1
4441,4434,1237.572726,48811,1
4442,4435,1237.583862,48822,1
4443,4436,1237.594996,48833,1
4444,4437,1237.606133,48844,1
4445,4438,1237.617267,48855,1
4446,4439,1237.628403,48866,1
4447,4440,1237.639540,48877,1
4448,4441,1237.650673,48888,1
4449,4442,1237.661811,48899,1
4450,4443,1237.672944,48910,1
4451,4444,1237.684081,48921,1
4452,4445,1237.695216,48932,1
4453,4446,1237.706354,48943,1
4454,4447,1237.717487,48954,1
4455,4448,1237.728625,48965,1
4456,4449,1237.739760,48976,1
4457,4450,1237.750894,48987,1
4458,4451,1237.762031,48998,1
4459,4452,1237.773165,49009,1
4460,4453,1237.784302,49020,1
4461,4454,1237.795438,49031,1
4462,4455,1237.806573,49042,1
4463,4456,1237.817709,49053,1
4464,4457,1237.828844,49064,1
4465,4458,1237.839981,49075,1
4466,4459,1237.851114,49086,1
4467,4460,1237.862251,49097,1
4468,4461,1237.873387,49108,1
4469,4462,1237.884522,49119,1
4470,4463,1237.895657,49130,1
4471,4464,1237.906794,49141,1
4472,4465,1237.917929,49152,1
4473,4466,1237.929065,49163,1
4474,4467,1237.940198,49174,1
4475,4468,1237.951334,49185,1
4476,4469,1237.962472,49196,1
4477,4470,1237.973605,49207,1
4478,4471,1237.984742,49218,1
4479,4472,1237.995878,49229,1
4480,4473,1238.007014,49240,1
4481,4474,1238.018150,49251,1
4482,4475,1238.029284,49262,1
4483,4476,1238.040421,49273,1
4484,4477,1238.051556,49284,1
4485,4478,1238.062692,49295,1
4486,4479,1238.073825,49306,1
4487,4480,1238.084964,49317,1
4488,4481,1238.096103,49328,1
4489,4482,1238.107235,49339,1
4490,4483,1238.118368,49350,1
4491,4484,1238.129505,49361,1
4492,4485,1238.140639,49372,1
4493,4486,1238.151775,49383,1
4494,4487,1238.161900,49393,1
4495,4488,1238.173033,49404,1
4496,4489,1238.184169,49415,1
4497,4490,1238.195307,49426,1
4498,4491,1238.206442,49437,1
4499,4492,1238.217576,49448,1
4500,4493,1238.228713,49459,1
4501,4494,1238.239849,49470,1
4502,4495,1238.250982,49481,1
4503,4496,1238.262119,49492,1
4504,4497,1238.273254,49503,1
4505,4498,1238.284390,49514,1
4506,4499,1238.295525,49525,1
4507,4500,1238.306662,49536,1
4508,4501,1238.317796,49547,1
4509,4502,1238.328932,49558,1
4510,4503,1238.340068,49569,1
4511,4504,1238.351204,49580,1
4512,4505,1238.362341,49591,1
4513,4506,1238.373476,49602,1
4514,4507,1238.384610,49613,1
4515,4508,1238.395747,49624,1
4516,4509,1238.406881,49635,1
4517,4510,1238.418018,49646,1
4518,4511,1238.429152,49657,1
4519,4512,1238.440287,49668,1
4520,4513,1238.451425,49679,1
4521,4514,1238.462559,49690,1
4522,4515,1238.473697,49701,1
4523,4516,1238.484832,49712,1
4524,4517,1238.495965,49723,1
4525,4518,1238.507103,49734,1
4526,4519,1238.518237,49745,1
4527,4520,1238.529372,49756,1
4528,4521,1238.540508,49767,1
4529,4522,1238.551646,49778,1
4530,4523,1238.562779,49789,1
4531,4524,1238.573915,49800,1
4532,4525,1238.585050,49811,1
4533,4526,1238.596188,49822,1
4534,4527,1238.607322,49833,1
4535,4528,1238.618459,49844,1
4536,4529,1238.629595,49855,1
4537,4530,1238.640728,49866,1
4538,4531,1238.651864,49877,1
4539,4532,1238.663001,49888,1
4540,4533,1238.674135,49899,1
4541,4534,1238.685270,49910,1
4542,4535,1238.696408,49921,1
4543,4536,1238.707542,49932,1
4544,4537,1238.718680,49943,1
4545,4538,1238.729813,49954,1
4546,4539,1238.740951,49965,1
4547,4540,1238.752084,49976,1
4548,4541,1238.763220,49987,1
4549,4542,1238.774357,49998,1
4550,4543,1238.785492,50009,1
4551,4544,1238.796627,50020,1
4552,4545,1238.807763,50031,1
4553,4546,1238.818899,50042,1
4554,4547,1238.830034,50053,1
4555,4548,1238.841170,50064,1
4556,4549,1238.852308,50075,1
4557,4550,1238.863441,50086,1
4558,4551,1238.874576,50097,1
4559,4552,1238.885711,50108,1
4560,4553,1238.896847,50119,1
4561,4554,1238.907985,50130,1
4562,4555,1238.919119,50141,1
4563,4556,1238.930255,50152,1
4564,4557,1238.941390,50163,1
4565,4558,1238.952524,50174,1
4566,4559,1238.963662,50185,1
4567,4560,1238.974798,50196,1
4568,4561,1238.985933,50207,1
4569,4562,1238.997069,50218,1
4570,4563,1239.008205,50229,1
4571,4564,1239.019339,50240,1
4572,4565,1239.030473,50251,1
4573,4566,1239.041611,50262,1
4574,4567,1239.052747,50273,1
4575,4568,1239.063880,50284,1
4576,4569,1239.075018,50295,1
4577,4570,1239.086153,50306,1
4578,4571,1239.097289,50317,1
4579,4572,1239.108423,50328,1
4580,4573,1239.119559,50339,1
4581,4574,1239.130694,50350,1
4582,4575,1239.141830,50361,1
4583,4576,1239.152965,50372,1
4584,4577,1239.164104,50383,1
4585,4578,1239.175238,50394,1
4586,4579,1239.186372,50405,1
4587,4580,1239.197510,50416,1
4588,4581,1239.208643,50427,1
4589,4582,1239.219780,50438,1
4590,4583,1239.230915,50449,1
4591,4584,1239.242049,50460,1
4592,4585,1239.253187,50471,1
4593,4586,1239.264323,50482,1
4594,4587,1239.275459,50493,1
4595,4588,1239.286592,50504,1
4596,4589,1239.297728,50515,1
4597,4590,1239.308863,50526,1
4598,4591,1239.320001,50537,1
4599,4592,1239.331134,50548,1
4600,4593,1239.342271,50559,1
4601,4594,1239.353407,50570,1
4602,4595,1239.364543,50581,1
4603,4596,1239.375677,50592,1
4604,4597,1239.386813,50603,1
4605,4598,1239.397949,50614,1
4606,4599,1239.409085,50625,1
4607,4600,1239.420219,50636,1
4608,4601,1239.431354,50647,1
4609,4602,1239.442492,50658,1
4610,4603,1239.453628,50669,1
4611,4604,1239.464763,50680,1
4612,4605,1239.475897,50691,1
4613,4606,1239.487033,50702,1
4614,4607,1239.498170,50713,1
4615,4608,1239.509304,50724,1
4616,4609,1239.520441,50735,1
4617,4610,1239.531575,50746,1
4618,4611,1239.542711,50757,1
4619,4612,1239.553846,50768,1
4620,4613,1239.564983,50779,1
4621,4614,1239.576119,50790,1
4622,4615,1239.587254,50801,1
4623,4616,1239.598389,50812,1
4624,4617,1239.608512,50822,1
4625,4618,1239.619649,50833,1
4626,4619,1239.630785,50844,1
4627,4620,1239.641920,50855,1
4628,4621,1239.653055,50866,1
4629,4622,1239.664190,50877,1
4630,4623,1239.675325,50888,1
4631,4624,1239.686463,50899,1
4632,4625,1239.697596,50910,1
4633,4626,1239.708734,50921,1
4634,4627,1239.719868,50932,1
4635,4628,1239.731005,50943,1
4636,4629,1239.742141,50954,1
4637,4630,1239.753275,50965,1
4638,4631,1239.764410,50976,1
4639,4632,1239.775548,50987,1
4640,4633,1239.786681,50998,1
4641,4634,1239.797817,51009,1
4642,4635,1239.808954,51020,1
4643,4636,1239.820099,51031,1
4644,4637,1239.831225,51042,1
4645,4638,1239.842359,51053,1
4646,4639,1239.853497,51064,1
4647,4640,1239.864631,51075,1
4648,4641,1239.875766,51086,1
4649,4642,1239.886901,51097,1
4650,4643,1239.898039,51108,1
4651,4644,1239.909172,51119,1
4652,4645,1239.920308,51130,1
4653,4646,1239.931443,51141,1
4654,4647,1239.942581,51152,1
4655,4648,1239.953717,51163,1
4656,4649,1239.964852,51174,1
4657,4650,1239.975986,51185,1
4658,4651,1239.987124,51196,1
4659,4652,1239.998257,51207,1
4660,4653,1240.009395,51218,1
4661,4654,1240.020528,51229,1
4662,4655,1240.031664,51240,1
4663,4656,1240.042801,51251,1
4664,4657,1240.053937,51262,1
4665,4658,1240.065071,51273,1
4666,4659,1240.076206,51284,1
4667,4660,1240.087344,51295,1
4668,4661,1240.098478,51306,1
4669,4662,1240.109613,51317,1
4670,4663,1240.120748,51328,1
4671,4664,1240.131884,51339,1
4672,4665,1240.143020,51350,1
4673,4666,1240.154155,51361,1
4674,4667,1240.165293,51372,1
4675,4668,1240.176428,51383,1
4676,4669,1240.187564,51394,1
4677,4670,1240.198698,51405,1
4678,4671,1240.209833,51416,1
4679,4672,1240.220969,51427,1
4680,4673,1240.232105,51438,1
4681,4674,1240.243241,51449,1
4682,4675,1240.254376,51460,1
4683,4676,1240.265513,51471,1
4684,4677,1240.276648,51482,1
4685,4678,1240.287782,51493,1
4686,4679,1240.298918,51504,1
4687,4680,1240.310057,51515,1
4688,4681,1240.321191,51526,1
4689,4682,1240.332326,51537,1
4690,4683,1240.343462,51548,1
4691,4684,1240.354597,51559,1
4692,4685,1240.365732,51570,1
4693,4686,1240.376869,51581,1
4694,4687,1240.388003,51592,1
4695,4688,1240.399140,51603,1
4696,4689,1240.410275,51614,1
4697,4690,1240.421409,51625,1
4698,4691,1240.432546,51636,1
4699,4692,1240.443683,51647,1
4700,4693,1240.454818,51658,1
4701,4694,1240.465954,51669,1
4702,4695,1240.477100,51680,1
4703,4696,1240.488225,51691,1
4704,4697,1240.499358,51702,1
4705,4698,1240.510496,51713,1
4706,4699,1240.521631,51724,1
4707,4700,1240.532768,51735,1
4708,4701,1240.543901,51746,1
4709,4702,1240.555036,51757,1
4710,4703,1240.566174,51768,1
4711,4704,1240.577307,51779,1
4712,4705,1240.588445,51790,1
4713,4706,1240.599581,51801,1
4714,4707,1240.610714,51812,1
4715,4708,1240.621852,51823,1
4716,4709,1240.632987,51834,1
4717,4710,1240.644122,51845,1
4718,4711,1240.655258,51856,1
4719,4712,1240.666393,51867,1
4720,4713,1240.677529,51878,1
4721,4714,1240.688664,51889,1
4722,4715,1240.699799,51900,1
4723,4716,1240.710934,51911,1
4724,4717,1240.722073,51922,1
4725,4718,1240.733207,51933,1
4726,4719,1240.744341,51944,1
4727,4720,1240.755479,51955,1
4728,4721,1240.766614,51966,1
4729,4722,1240.777748,51977,1
4730,4723,1240.788886,51988,1
4731,4724,1240.800021,51999,1
4732,4725,1240.811156,52010,1
4733,4726,1240.822292,52021,1
4734,4727,1240.833427,52032,1
4735,4728,1240.844563,52043,1
4736,4729,1240.855699,52054,1
4737,4730,1240.866834,52065,1
4738,4731,1240.877969,52076,1
4739,4732,1240.889105,52087,1
4740,4733,1240.900239,52098,1
4741,4734,1240.911377,52109,1
4742,4735,1240.922512,52120,1
4743,4736,1240.933647,52131,1
4744,4737,1240.944782,52142,1
4745,4738,1240.955919,52153,1
4746,4739,1240.967053,52164,1
4747,4740,1240.978191,52175,1
4748,4741,1240.989325,52186,1
4749,4742,1241.000460,52197,1
4750,4743,1241.011596,52208,1
4751,4744,1241.022731,52219,1
4752,4745,1241.033868,52230,1
4753,4746,1241.043992,52240,1
4754,4747,1241.055125,52251,1
4755,4748,1241.066263,52262,1
4756,4749,1241.077397,52273,1
4757,4750,1241.088532,52284,1
4758,4751,1241.099670,52295,1
4759,4752,1241.110805,52306,1
4760,4753,1241.121941,52317,1
4761,4754,1241.133075,52328,1
4762,4755,1241.144211,52339,1
4763,4756,1241.155345,52350,1
4764,4757,1241.166481,52361,1
4765,4758,1241.177617,52372,1
4766,4759,1241.188755,52383,1
4767,4760,1241.199888,52394,1
4768,4761,1241.211026,52405,1
4769,-1,1241.222160,52416,1
4770,4762,1241.233295,52427,1
4771,4763,1241.244431,52438,1
4772,4764,1241.255568,52449,1
4773,4765,1241.266704,52460,1
4774,4766,1241.277839,52471,1
4775,4767,1241.288974,52482,1
4776,4768,1241.300109,52493,1
4777,4769,1241.311246,52504,1
4778,4770,1241.322381,52515,1
4779,4772,1241.333517,52526,1
4780,-1,1241.344652,52537,1
4781,4773,1241.355786,52548,1
4782,4774,1241.366922,52559,1
4783,4775,1241.378059,52570,1
4784,4776,1241.389194,52581,1
4785,4777,1241.400328,52592,1
4786,4778,1241.411466,52603,1
4787,4779,1241.422602,52614,1
4788,4780,1241.433737,52625,1
4789,4781,1241.444871,52636,1
4790,4782,1241.456007,52647,1
4791,4783,1241.467144,52658,1
4792,4784,1241.478278,52669,1
4793,4785,1241.489414,52680,1
4794,4786,1241.500549,52691,1
4795,4787,1241.511686,52702,1
4796,4788,1241.522820,52713,1
4797,4789,1241.533955,52724,1
4798,4790,1241.545101,52735,1
4799,4791,1241.556228,52746,1
4800,4792,1241.567362,52757,1
4801,4793,1241.578498,52768,1
4802,4794,1241.589636,52779,1
4803,4795,1241.600771,52790,1
4804,4796,1241.611904,52801,1
4805,4797,1241.623040,52812,1
4806,4798,1241.634176,52823,1
4807,4799,1241.645314,52834,1
4808,4800,1241.656449,52845,1
4809,4801,1241.667583,52856,1
4810,4802,1241.678721,52867,1
4811,4803,1241.689856,52878,1
4812,4804,1241.700989,52889,1
4813,4805,1241.712127,52900,1
4814,4806,1241.723262,52911,1
4815,4807,1241.734398,52922,1
4816,4808,1241.745533,52933,1
4817,4809,1241.756669,52944,1
4818,4810,1241.767803,52955,1
4819,4811,1241.778940,52966,1
4820,4812,1241.790075,52977,1
4821,-1,1241.801211,52988,1
4822,4813,1241.812347,52999,1
4823,4814,1241.823483,53010,1
4824,4815,1241.834617,53021,1
4825,4816,1241.845753,53032,1
4826,4817,1241.856888,53043,1
4827,4818,1241.868023,53054,1
4828,4819,1241.879161,53065,1
4829,4820,1241.890294,53076,1
4830,4821,1241.901430,53087,1
4831,4822,1241.912567,53098,1
4832,4823,1241.923701,53109,1
4833,4824,1241.934837,53120,1
4834,4825,1241.945972,53131,1
4835,4826,1241.957109,53142,1
4836,4827,1241.968243,53153,1
4837,4828,1241.979379,53164,1
4838,4829,1241.990515,53175,1
4839,4830,1242.001650,53186,1
4840,4831,1242.012787,53197,1
4841,4832,1242.023922,53208,1
4842,4833,1242.035058,53219,1
4843,4834,1242.046192,53230,1
4844,4835,1242.057329,53241,1
4845,4836,1242.068464,53252,1
4846,4837,1242.079601,53263,1
4847,4838,1242.090737,53274,1
4848,4839,1242.101873,53285,1
4849,4840,1242.113008,53296,1
4850,4841,1242.124143,53307,1
4851,4842,1242.135280,53318,1
4852,4843,1242.146413,53329,1
4853,4844,1242.157549,53340,1
4854,4845,1242.168684,53351,1
4855,4846,1242.179822,53362,1
4856,4847,1242.190955,53373,1
4857,4848,1242.202101,53384,1
4858,4849,1242.213228,53395,1
4859,4850,1242.224362,53406,1
4860,4851,1242.235499,53417,1
4861,4852,1242.246634,53428,1
4862,4853,1242.257771,53439,1
4863,4854,1242.268904,53450,1
4864,4855,1242.280039,53461,1
4865,4856,1242.291175,53472,1
4866,4857,1242.302312,53483,1
4867,4858,1242.313446,53494,1
4868,4859,1242.324582,53505,1
4869,4860,1242.335717,53516,1
4870,4861,1242.346855,53527,1
4871,4862,1242.357991,53538,1
4872,4863,1242.369127,53549,1
4873,4864,1242.380261,53560,1
4874,4865,1242.391395,53571,1
4875,4866,1242.402531,53582,1
4876,4867,1242.413668,53593,1
4877,4868,1242.424804,53604,1
4878,4869,1242.435940,53615,1
4879,4870,1242.447075,53626,1
4880,4871,1242.458209,53637,1
4881,4872,1242.469347,53648,1
4882,4873,1242.480481,53659,1
4883,4874,1242.490603,53669,1
4884,4875,1242.501740,53680,1
4885,4876,1242.512875,53691,1
4886,4877,1242.524011,53702,1
4887,4878,1242.535148,53713,1
4888,4879,1242.546281,53724,1
4889,4880,1242.557417,53735,1
4890,4881,1242.568554,53746,1
4891,4882,1242.579690,53757,1
4892,4883,1242.590826,53768,1
4893,4884,1242.601961,53779,1
4894,4885,1242.613103,53790,1
4895,4886,1242.624230,53801,1
4896,4887,1242.635368,53812,1
4897,4888,1242.646501,53823,1
4898,4889,1242.657638,53834,1
4899,4890,1242.668773,53845,1
4900,4891,1242.679909,53856,1
4901,4892,1242.691046,53867,1
4902,4893,1242.702182,53878,1
4903,4894,1242.713315,53889,1
4904,4895,1242.724451,53900,1
4905,4896,1242.735587,53911,1
4906,4897,1242.746724,53922,1
4907,4898,1242.757858,53933,1
4908,4899,1242.768993,53944,1
4909,4900,1242.780131,53955,1
4910,4901,1242.791265,53966,1
4911,4902,1242.802400,53977,1
4912,4903,1242.813537,53988,1
4913,4904,1242.824671,53999,1
4914,4905,1242.835809,54010,1
4915,4906,1242.846944,54021,1
4916,4907,1242.858079,54032,1
4917,4908,1242.869213,54043,1
4918,4909,1242.880350,54054,1
4919,4910,1242.891487,54065,1
4920,4911,1242.902622,54076,1
4921,4912,1242.913758,54087,1
4922,4913,1242.924893,54098,1
4923,4914,1242.936027,54109,1
4924,4915,1242.947165,54120,1
4925,4916,1242.958298,54131,1
4926,4917,1242.969434,54142,1
4927,4918,1242.980569,54153,1
4928,4919,1242.991705,54164,1
4929,4920,1243.002842,54175,1
4930,4921,1243.013978,54186,1
4931,4922,1243.025112,54197,1
4932,4923,1243.036248,54208,1
4933,4924,1243.047383,54219,1
4934,4925,1243.058518,54230,1
4935,4926,1243.069654,54241,1
4936,4927,1243.080789,54252,1
4937,4928,1243.091927,54263,1
4938,4929,1243.103061,54274,1
4939,4930,1243.114196,54285,1
4940,4931,1243.125334,54296,1
4941,4932,1243.136468,54307,1
4942,4933,1243.147603,54318,1
4943,4934,1243.158739,54329,1
4944,4935,1243.169875,54340,1
4945,4936,1243.181012,54351,1
4946,4937,1243.192148,54362,1
4947,4938,1243.203282,54373,1
4948,4939,1243.214417,54384,1
4949,4940,1243.225553,54395,1
4950,4941,1243.236688,54406,1
4951,4942,1243.247824,54417,1
4952,4943,1243.258959,54428,1
4953,4944,1243.270102,54439,1
4954,4945,1243.281230,54450,1
4955,4946,1243.292367,54461,1
4956,4947,1243.303502,54472,1
4957,4948,1243.314638,54483,1
4958,4949,1243.325773,54494,1
4959,4950,1243.336910,54505,1
4960,4951,1243.348046,54516,1
4961,4952,1243.359181,54527,1
4962,4953,1243.370317,54538,1
4963,4954,1243.381450,54549,1
4964,4955,1243.392587,54560,1
4965,4956,1243.403724,54571,1
4966,4957,1243.414859,54582,1
4967,4958,1243.425994,54593,1
4968,4959,1243.437129,54604,1
4969,4960,1243.448266,54615,1
4970,4961,1243.459399,54626,1
4971,4962,1243.470535,54637,1
4972,4963,1243.481672,54648,1
4973,4964,1243.492808,54659,1
4974,4965,1243.503944,54670,1
4975,4966,1243.515078,54681,1
4976,4967,1243.526214,54692,1
4977,4968,1243.537350,54703,1
4978,4969,1243.548484,54714,1
4979,4970,1243.559622,54725,1
4980,4971,1243.570757,54736,1
4981,4972,1243.581893,54747,1
4982,4973,1243.593028,54758,1
4983,4974,1243.604163,54769,1
4984,4975,1243.615299,54780,1
4985,4976,1243.626435,54791,1
4986,4977,1243.637569,54802,1
4987,4978,1243.648706,54813,1
4988,4979,1243.659840,54824,1
4989,4980,1243.670977,54835,1
4990,4981,1243.682111,54846,1
4991,4982,1243.693248,54857,1
4992,4983,1243.704384,54868,1
4993,4984,1243.715519,54879,1
4994,4986,1243.726655,54890,1
4995,-1,1243.737791,54901,1
4996,4987,1243.748927,54912,1
4997,-1,1243.760063,54923,1
4998,4988,1243.771196,54934,1
4999,4989,1243.782331,54945,1
5000,4990,1243.793468,54956,1
5001,4991,1243.804604,54967,1
5002,4992,1243.815739,54978,1
5003,4993,1243.826876,54989,1
5004,4994,1243.838009,55000,1
5005,4995,1243.849146,55011,1
5006,4996,1243.860282,55022,1
5007,4997,1243.871417,55033,1
5008,4998,1243.882551,55044,1
5009,4999,1243.893687,55055,1
5010,5000,1243.904823,55066,1
5011,5001,1243.915958,55077,1
5012,5002,1243.927102,55088,1
5013,5003,1243.937218,55098,1
5014,5004,1243.948355,55109,1
5015,5005,1243.959491,55120,1
5016,5006,1243.970626,55131,1
5017,5007,1243.981762,55142,1
5018,5008,1243.992895,55153,1
5019,5009,1244.004030,55164,1
5020,5010,1244.015166,55175,1
5021,5011,1244.026304,55186,1
5022,5012,1244.037438,55197,1
5023,5013,1244.048573,55208,1
5024,5014,1244.059709,55219,1
5025,5015,1244.070845,55230,1
5026,5016,1244.081982,55241,1
5027,5017,1244.093118,55252,1
5028,5018,1244.104251,55263,1
5029,5019,1244.115389,55274,1
5030,5020,1244.126522,55285,1
5031,5021,1244.137660,55296,1
5032,5022,1244.148793,55307,1
5033,5023,1244.159929,55318,1
5034,5024,1244.171066,55329,1
5035,5025,1244.182201,55340,1
5036,5026,1244.193336,55351,1
5037,5027,1244.204471,55362,1
5038,5028,1244.215606,55373,1
5039,5029,1244.226744,55384,1
5040,5030,1244.237879,55395,1
5041,5031,1244.249014,55406,1
5042,5032,1244.260150,55417,1
5043,5033,1244.271286,55428,1
5044,5034,1244.282422,55439,1
5045,5035,1244.293558,55450,1
5046,5036,1244.304692,55461,1
5047,5037,1244.315827,55472,1
5048,5038,1244.326963,55483,1
5049,5039,1244.338105,55494,1
5050,5040,1244.349235,55505,1
5051,5041,1244.360371,55516,1
5052,5042,1244.371505,55527,1
5053,5043,1244.382642,55538,1
5054,5044,1244.393777,55549,1
5055,5045,1244.404912,55560,1
5056,5046,1244.416047,55571,1
5057,5047,1244.427185,55582,1
5058,5048,1244.438318,55593,1
5059,5049,1244.449456,55604,1
5060,5050,1244.460590,55615,1
5061,5051,1244.471727,55626,1
5062,5052,1244.482863,55637,1
5063,5053,1244.493998,55648,1
5064,5054,1244.505133,55659,1
5065,5055,1244.516270,55670,1
5066,5056,1244.527404,55681,1
5067,5057,1244.538540,55692,1
5068,5058,1244.549675,55703,1
5069,5059,1244.560810,55714,1
5070,5060,1244.571946,55725,1
5071,5061,1244.583083,55736,1
5072,5062,1244.594219,55747,1
5073,5063,1244.605354,55758,1
5074,5064,1244.616488,55769,1
5075,5065,1244.627624,55780,1
5076,5066,1244.638760,55791,1
5077,5067,1244.649897,55802,1
5078,5068,1244.661030,55813,1
5079,5069,1244.672165,55824,1
5080,5070,1244.683301,55835,1
5081,5071,1244.694438,55846,1
5082,5072,1244.705574,55857,1
5083,5073,1244.716708,55868,1
5084,5074,1244.727844,55879,1
5085,5075,1244.738982,55890,1
5086,5076,1244.750115,55901,1
5087,5077,1244.761252,55912,1
5088,5078,1244.772386,55923,1
5089,5079,1244.783521,55934,1
5090,5080,1244.794657,55945,1
5091,5081,1244.805793,55956,1
5092,5082,1244.816930,55967,1
5093,5083,1244.828066,55978,1
5094,5084,1244.839202,55989,1
5095,5085,1244.850335,56000,1
5096,5086,1244.861473,56011,1
5097,5087,1244.872606,56022,1
5098,5088,1244.883742,56033,1
5099,5089,1244.894879,56044,1
5100,5090,1244.906015,56055,1
5101,5091,1244.917151,56066,1
5102,5092,1244.928284,56077,1
5103,5093,1244.939421,56088,1
5104,5094,1244.950557,56099,1
5105,5095,1244.961693,56110,1
5106,5096,1244.972829,56121,1
5107,5097,1244.983962,56132,1
5108,5098,1244.995104,56143,1
5109,5099,1245.006234,56154,1
5110,5100,1245.017370,56165,1
5111,5101,1245.028505,56176,1
5112,5102,1245.039642,56187,1
5113,5103,1245.050776,56198,1
5114,5104,1245.061912,56209,1
5115,5105,1245.073047,56220,1
5116,5106,1245.084184,56231,1
5117,5107,1245.095319,56242,1
5118,5108,1245.106454,56253,1
5119,5109,1245.117590,56264,1
5120,5110,1245.128726,56275,1
5121,5111,1245.139861,56286,1
5122,5112,1245.150996,56297,1
5123,5113,1245.162133,56308,1
5124,5114,1245.173268,56319,1
5125,5115,1245.184404,56330,1
5126,5116,1245.195538,56341,1
5127,5117,1245.206673,56352,1
5128,5118,1245.217811,56363,1
5129,5119,1245.228946,56374,1
5130,5120,1245.240080,56385,1
5131,5121,1245.251218,56396,1
5132,5122,1245.262353,56407,1
5133,5123,1245.273488,56418,1
5134,5124,1245.284625,56429,1
5135,5125,1245.295761,56440,1
5136,5126,1245.306894,56451,1
5137,5127,1245.318032,56462,1
5138,5128,1245.329167,56473,1
5139,5129,1245.340303,56484,1
5140,5130,1245.351436,56495,1
5141,5131,1245.362573,56506,1
5142,5132,1245.373709,56517,1
5143,5133,1245.383830,56527,1
5144,-1,1245.394969,56538,1
5145,5134,1245.406103,56549,1
5146,5135,1245.417239,56560,1
5147,5136,1245.428373,56571,1
5148,5137,1245.439511,56582,1
5149,5138,1245.450645,56593,1
5150,5139,1245.461782,56604,1
5151,5140,1245.472917,56615,1
5152,5141,1245.484054,56626,1
5153,5142,1245.495186,56637,1
5154,5143,1245.506324,56648,1
5155,5144,1245.517459,56659,1
5156,5145,1245.528593,56670,1
5157,5146,1245.539729,56681,1
5158,5147,1245.550865,56692,1
5159,5148,1245.562000,56703,1
5160,5149,1245.573136,56714,1
5161,5150,1245.584272,56725,1
5162,5151,1245.595409,56736,1
5163,5152,1245.606544,56747,1
5164,5153,1245.617678,56758,1
5165,5154,1245.628813,56769,1
5166,5155,1245.639950,56780,1
5167,5156,1245.651087,56791,1
5168,5157,1245.662223,56802,1
5169,5158,1245.673356,56813,1
5170,5159,1245.684493,56824,1
5171,5160,1245.695628,56835,1
5172,5161,1245.706763,56846,1
5173,5162,1245.717900,56857,1
5174,5163,1245.729035,56868,1
5175,5164,1245.740171,56879,1
5176,5165,1245.751307,56890,1
5177,5166,1245.762441,56901,1
5178,5167,1245.773577,56912,1
5179,5168,1245.784713,56923,1
5180,5169,1245.795849,56934,1
5181,5170,1245.806985,56945,1
5182,5171,1245.818121,56956,1
5183,5172,1245.829256,56967,1
5184,5173,1245.840391,56978,1
5185,5174,1245.851525,56989,1
5186,5175,1245.862663,57000,1
5187,5176,1245.873797,57011,1
5188,5177,1245.884932,57022,1
5189,5178,1245.896070,57033,1
5190,5179,1245.907203,57044,1
5191,5180,1245.918339,57055,1
5192,5181,1245.929474,57066,1
5193,5182,1245.940610,57077,1
5194,5183,1245.951747,57088,1
5195,5184,1245.962882,57099,1
5196,5185,1245.974017,57110,1
5197,5186,1245.985153,57121,1
5198,5187,1245.996289,57132,1
5199,5188,1246.007426,57143,1
5200,5189,1246.018560,57154,1
5201,5190,1246.029695,57165,1
5202,5191,1246.040833,57176,1
5203,5192,1246.051966,57187,1
5204,5193,1246.063104,57198,1
5205,5194,1246.074238,57209,1
5206,5195,1246.085374,57220,1
5207,5196,1246.096509,57231,1
5208,5197,1246.107646,57242,1
5209,5198,1246.118779,57253,1
5210,5199,1246.129915,57264,1
5211,5200,1246.141053,57275,1
5212,5201,1246.152187,57286,1
5213,5202,1246.163323,57297,1
5214,5203,1246.174458,57308,1
5215,5204,1246.185594,57319,1
5216,5205,1246.196730,57330,1
5217,5206,1246.207864,57341,1
5218,5207,1246.219000,57352,1
5219,5208,1246.230136,57363,1
5220,5209,1246.241272,57374,1
5221,5210,1246.252408,57385,1
5222,5211,1246.263543,57396,1
5223,5212,1246.274679,57407,1
5224,5213,1246.285813,57418,1
5225,5214,1246.296951,57429,1
5226,5215,1246.308086,57440,1
5227,5216,1246.319222,57451,1
5228,5217,1246.330356,57462,1
5229,5218,1246.341491,57473,1
5230,5219,1246.352628,57484,1
5231,5220,1246.363764,57495,1
5232,5221,1246.374897,57506,1
5233,5222,1246.386033,57517,1
5234,5223,1246.397170,57528,1
5235,5224,1246.408304,57539,1
5236,5225,1246.419440,57550,1
5237,5226,1246.430576,57561,1
5238,5227,1246.441712,57572,1
5239,5228,1246.452849,57583,1
5240,5229,1246.463985,57594,1
5241,5230,1246.475120,57605,1
5242,5231,1246.486256,57616,1
5243,5232,1246.497390,57627,1
5244,5233,1246.508525,57638,1
5245,5234,1246.519662,57649,1
5246,5235,1246.530798,57660,1
5247,5236,1246.541932,57671,1
5248,5237,1246.553067,57682,1
5249,5238,1246.564204,57693,1
5250,5239,1246.575338,57704,1
5251,5240,1246.586476,57715,1
5252,5241,1246.597611,57726,1
5253,5242,1246.608747,57737,1
5254,5243,1246.619882,57748,1
5255,5244,1246.631016,57759,1
5256,5245,1246.642152,57770,1
5257,5246,1246.653287,57781,1
5258,5247,1246.664423,57792,1
5259,5248,1246.675559,57803,1
5260,5249,1246.686697,57814,1
5261,5250,1246.697831,57825,1
5262,5251,1246.708967,57836,1
5263,5252,1246.720104,57847,1
5264,5253,1246.731237,57858,1
5265,5254,1246.742374,57869,1
5266,5255,1246.753510,57880,1
5267,5256,1246.764643,57891,1
5268,5257,1246.775781,57902,1
5269,5258,1246.786916,57913,1
5270,5259,1246.798050,57924,1
5271,5260,1246.809188,57935,1
5272,5261,1246.819311,57945,1
5273,5262,1246.830446,57956,1
5274,5263,1246.841580,57967,1
5275,5264,1246.852717,57978,1
5276,5265,1246.863853,57989,1
5277,5266,1246.874988,58000,1
5278,5267,1246.886123,58011,1
5279,5268,1246.897260,58022,1
5280,5269,1246.908393,58033,1
5281,5270,1246.919529,58044,1
5282,5271,1246.930665,58055,1
5283,5272,1246.941801,58066,1
5284,5273,1246.952937,58077,1
5285,5274,1246.964073,58088,1
5286,5275,1246.975208,58099,1
5287,5276,1246.986343,58110,1
5288,5277,1246.997479,58121,1
5289,5278,1247.008614,58132,1
5290,5279,1247.019751,58143,1
5291,5280,1247.030887,58154,1
5292,5281,1247.042020,58165,1
5293,5282,1247.053158,58176,1
5294,5283,1247.064293,58187,1
5295,5284,1247.075428,58198,1
5296,5285,1247.086563,58209,1
5297,5286,1247.097700,58220,1
5298,5287,1247.108835,58231,1
5299,5288,1247.119971,58242,1
5300,5289,1247.131108,58253,1
5301,5290,1247.142242,58264,1
5302,5291,1247.153378,58275,1
5303,5292,1247.164513,58286,1
5304,5293,1247.175648,58297,1
5305,5294,1247.186784,58308,1
5306,5295,1247.197920,58319,1
5307,5296,1247.209056,58330,1
5308,5297,1247.220190,58341,1
5309,5298,1247.231327,58352,1
5310,5299,1247.242462,58363,1
5311,5300,1247.253598,58374,1
5312,5301,1247.264733,58385,1
5313,5302,1247.275868,58396,1
5314,5303,1247.287004,58407,1
5315,5304,1247.298139,58418,1
5316,5305,1247.309275,58429,1
5317,5306,1247.320411,58440,1
5318,5307,1247.331548,58451,1
5319,5308,1247.342681,58462,1
5320,5309,1247.353819,58473,1
5321,5310,1247.364953,58484,1
5322,5311,1247.376099,58495,1
5323,5312,1247.387225,58506,1
5324,5313,1247.398361,58517,1
5325,5314,1247.409495,58528,1
5326,5315,1247.420630,58539,1
5327,5316,1247.431766,58550,1
5328,5317,1247.442904,58561,1
5329,5318,1247.454039,58572,1
5330,5319,1247.465175,58583,1
5331,5320,1247.476310,58594,1
5332,5321,1247.487446,58605,1
5333,5322,1247.498581,58616,1
5334,5323,1247.509715,58627,1
5335,5324,1247.520851,58638,1
5336,5325,1247.531987,58649,1
5337,5326,1247.543122,58660,1
5338,5327,1247.554260,58671,1
5339,5328,1247.565393,58682,1
5340,5329,1247.576531,58693,1
5341,5330,1247.587665,58704,1
5342,5331,1247.598801,58715,1
5343,5332,1247.609936,58726,1
5344,5333,1247.621072,58737,1
5345,5334,1247.632209,58748,1
5346,5335,1247.643343,58759,1
5347,5336,1247.654477,58770,1
5348,5337,1247.665614,58781,1
5349,5338,1247.676750,58792,1
5350,5339,1247.687885,58803,1
5351,5340,1247.699021,58814,1
5352,5341,1247.710156,58825,1
5353,5342,1247.721292,58836,1
5354,5343,1247.732428,58847,1
5355,5344,1247.743562,58858,1
5356,5345,1247.754699,58869,1
5357,5346,1247.765836,58880,1
5358,5347,1247.776970,58891,1
5359,5348,1247.788106,58902,1
5360,5349,1247.799241,58913,1
5361,5350,1247.810378,58924,1
5362,5351,1247.821514,58935,1
5363,5352,1247.832647,58946,1
5364,5353,1247.843784,58957,1
5365,5354,1247.854920,58968,1
5366,5355,1247.866055,58979,1
5367,5356,1247.877190,58990,1
5368,5357,1247.888325,59001,1
5369,5358,1247.899461,59012,1
5370,5359,1247.910597,59023,1
5371,5360,1247.921734,59034,1
5372,5361,1247.932867,59045,1
5373,5362,1247.944003,59056,1
5374,5363,1247.955141,59067,1
5375,5364,1247.966275,59078,1
5376,5365,1247.977412,59089,1
5377,5366,1247.988547,59100,1
5378,5367,1247.999683,59111,1
5379,5368,1248.010817,59122,1
5380,5369,1248.021952,59133,1
5381,5370,1248.033100,59144,1
5382,5371,1248.044224,59155,1
5383,5372,1248.055358,59166,1
5384,5373,1248.066496,59177,1
5385,5374,1248.077631,59188,1
5386,5375,1248.088767,59199,1
5387,5376,1248.099901,59210,1
5388,5377,1248.111036,59221,1
5389,5378,1248.122174,59232,1
5390,5379,1248.133310,59243,1
5391,5380,1248.144445,59254,1
5392,5381,1248.155581,59265,1
5393,5382,1248.166716,59276,1
5394,5383,1248.177852,59287,1
5395,5384,1248.188986,59298,1
5396,5385,1248.200122,59309,1
5397,5386,1248.211257,59320,1
5398,5387,1248.222394,59331,1
5399,5388,1248.233528,59342,1
5400,5389,1248.244665,59353,1
5401,5390,1248.255799,59364,1
5402,5391,1248.265923,59374,1
5403,5392,1248.277059,59385,1
5404,5393,1248.288195,59396,1
5405,5394,1248.299331,59407,1
5406,5395,1248.310466,59418,1
5407,5396,1248.321602,59429,1
5408,5397,1248.332736,59440,1
5409,5398,1248.343872,59451,1
5410,5399,1248.355008,59462,1
5411,5400,1248.366143,59473,1
5412,5401,1248.377280,59484,1
5413,5402,1248.388414,59495,1
5414,5403,1248.399552,59506,1
5415,5404,1248.410685,59517,1
5416,5405,1248.421820,59528,1
5417,5406,1248.432958,59539,1
5418,5407,1248.444102,59550,1
5419,5408,1248.455230,59561,1
5420,5409,1248.466363,59572,1
5421,5410,1248.477501,59583,1
5422,5411,1248.488635,59594,1
5423,5412,1248.499770,59605,1
5424,5413,1248.510907,59616,1
5425,5414,1248.522041,59627,1
5426,5415,1248.533178,59638,1
5427,5416,1248.544312,59649,1
5428,5417,1248.555448,59660,1
5429,5418,1248.566584,59671,1
5430,5419,1248.577719,59682,1
5431,5420,1248.588854,59693,1
5432,5421,1248.599991,59704,1
5433,5422,1248.611127,59715,1
5434,5423,1248.622263,59726,1
5435,5424,1248.633398,59737,1
5436,5425,1248.644533,59748,1
5437,5426,1248.655669,59759,1
5438,5427,1248.666803,59770,1
5439,5428,1248.677942,59781,1
5440,5429,1248.689076,59792,1
5441,5430,1248.700212,59803,1
5442,5431,1248.711348,59814,1
5443,5432,1248.722483,59825,1
5444,5433,1248.733619,59836,1
5445,5434,1248.744754,59847,1
5446,5435,1248.755890,59858,1
5447,5436,1248.767024,59869,1
5448,5437,1248.778162,59880,1
5449,5438,1248.789295,59891,1
5450,5439,1248.800431,59902,1
5451,5440,1248.811568,59913,1
5452,5441,1248.822702,59924,1
5453,5442,1248.833837,59935,1
5454,5443,1248.844975,59946,1
5455,5444,1248.856109,59957,1
5456,5445,1248.867246,59968,1
5457,5446,1248.878382,59979,1
5458,5447,1248.889515,59990,1
5459,5448,1248.900651,60001,1
5460,5449,1248.911788,60012,1
5461,5450,1248.922922,60023,1
5462,5451,1248.934060,60034,1
5463,5452,1248.945195,60045,1
5464,5453,1248.956331,60056,1
5465,5454,1248.967466,60067,1
5466,5455,1248.978601,60078,1
5467,5456,1248.989737,60089,1
5468,5457,1249.000872,60100,1
5469,5458,1249.012007,60111,1
5470,5459,1249.023143,60122,1
5471,5460,1249.034279,60133,1
5472,5461,1249.045413,60144,1
5473,5462,1249.056550,60155,1
5474,5463,1249.067686,60166,1
5475,5464,1249.078821,60177,1
5476,5465,1249.089955,60188,1
5477,5466,1249.101100,60199,1
5478,5467,1249.112227,60210,1
5479,5468,1249.123364,60221,1
5480,5469,1249.134499,60232,1
5481,5470,1249.145635,60243,1
5482,5471,1249.156770,60254,1
5483,5472,1249.167905,60265,1
5484,5473,1249.179043,60276,1
5485,5474,1249.190176,60287,1
5486,5475,1249.201312,60298,1
5487,5476,1249.212449,60309,1
5488,5477,1249.223585,60320,1
5489,5478,1249.234718,60331,1
5490,5479,1249.245856,60342,1
5491,5480,1249.256992,60353,1
5492,5481,1249.268125,60364,1
5493,5482,1249.279261,60375,1
5494,5483,1249.290399,60386,1
5495,5484,1249.301532,60397,1
5496,5485,1249.312669,60408,1
5497,5486,1249.323803,60419,1
5498,5487,1249.334940,60430,1
5499,5488,1249.346074,60441,1
5500,5489,1249.357212,60452,1
5501,5490,1249.368347,60463,1
5502,5491,1249.379483,60474,1
5503,5492,1249.390619,60485,1
5504,5493,1249.401754,60496,1
5505,5494,1249.412890,60507,1
5506,5495,1249.424025,60518,1
5507,5496,1249.435160,60529,1
5508,5497,1249.446296,60540,1
5509,5498,1249.457431,60551,1
5510,5499,1249.468566,60562,1
5511,5500,1249.479702,60573,1
5512,5501,1249.490837,60584,1
5513,5502,1249.501974,60595,1
5514,5503,1249.513109,60606,1
5515,5504,1249.524245,60617,1
5516,5505,1249.535381,60628,1
5517,5506,1249.546516,60639,1
5518,5507,1249.557653,60650,1
5519,5508,1249.568787,60661,1
5520,5509,1249.579923,60672,1
5521,5510,1249.591060,60683,1
5522,5511,1249.602195,60694,1
5523,5512,1249.613330,60705,1
5524,5513,1249.624464,60716,1
5525,5514,1249.635600,60727,1
5526,5515,1249.646736,60738,1
5527,5516,1249.657870,60749,1
5528,5517,1249.669007,60760,1
5529,5518,1249.680143,60771,1
5530,5519,1249.691279,60782,1
5531,5520,1249.702413,60793,1
5532,5521,1249.712538,60803,1
5533,5522,1249.723673,60814,1
5534,5523,1249.734807,60825,1
5535,5524,1249.745943,60836,1
5536,5525,1249.757078,60847,1
5537,5526,1249.768216,60858,1
5538,5527,1249.779351,60869,1
5539,5528,1249.790485,60880,1
5540,5529,1249.801623,60891,1
5541,5530,1249.812757,60902,1
5542,5531,1249.823893,60913,1
5543,5532,1249.835027,60924,1
5544,5533,1249.846165,60935,1
5545,5534,1249.857301,60946,1
5546,5535,1249.868434,60957,1
5547,5536,1249.879570,60968,1
5548,5537,1249.890705,60979,1
5549,5538,1249.901843,60990,1
5550,5539,1249.912977,61001,1
5551,5540,1249.924113,61012,1
5552,5541,1249.935250,61023,1
5553,5542,1249.946385,61034,1
5554,5543,1249.957519,61045,1
5555,5544,1249.968656,61056,1
5556,5545,1249.979790,61067,1
5557,5546,1249.990928,61078,1
5558,5547,1250.002063,61089,1
5559,5548,1250.013199,61100,1
5560,5549,1250.024333,61111,1
5561,5550,1250.035470,61122,1
5562,5551,1250.046603,61133,1
5563,5552,1250.057741,61144,1
5564,5553,1250.068875,61155,1
5565,5554,1250.080011,61166,1
5566,5555,1250.091147,61177,1
5567,5556,1250.102283,61188,1
5568,5557,1250.113418,61199,1
5569,5558,1250.124553,61210,1
5570,5559,1250.135689,61221,1
5571,5560,1250.146824,61232,1
5572,-1,1250.157961,61243,1
5573,5561,1250.169102,61254,1
5574,5562,1250.180231,61265,1
5575,5563,1250.191368,61276,1
5576,5564,1250.202504,61287,1
5577,5565,1250.213638,61298,1
5578,5566,1250.224774,61309,1
5579,5567,1250.235910,61320,1
5580,5568,1250.247046,61331,1
5581,5569,1250.258181,61342,1
5582,5570,1250.269315,61353,1
5583,5571,1250.280451,61364,1
5584,5572,1250.291587,61375,1
5585,5573,1250.302723,61386,1
5586,5574,1250.313857,61397,1
5587,5575,1250.324995,61408,1
5588,5576,1250.336130,61419,1
5589,5577,1250.347264,61430,1
5590,5578,1250.358400,61441,1
5591,5579,1250.369538,61452,1
5592,5580,1250.380674,61463,1
5593,5581,1250.391809,61474,1
5594,5582,1250.402943,61485,1
5595,5583,1250.414078,61496,1
5596,5584,1250.425215,61507,1
5597,5585,1250.436349,61518,1
5598,5586,1250.447486,61529,1
5599,5587,1250.458622,61540,1
5600,5588,1250.469756,61551,1
5601,5589,1250.480893,61562,1
5602,5590,1250.492028,61573,1
5603,5591,1250.503164,61584,1
5604,5592,1250.514300,61595,1
5605,5593,1250.525435,61606,1
5606,5594,1250.536569,61617,1
5607,5595,1250.547706,61628,1
5608,5596,1250.558841,61639,1
5609,5597,1250.569978,61650,1
5610,5598,1250.581113,61661,1
5611,5599,1250.592249,61672,1
5612,5600,1250.603384,61683,1
5613,5601,1250.614520,61694,1
5614,5602,1250.625655,61705,1
5615,5603,1250.636792,61716,1
5616,5604,1250.647927,61727,1
5617,5605,1250.659061,61738,1
5618,5606,1250.670199,61749,1
5619,5607,1250.681332,61760,1
5620,5608,1250.692470,61771,1
5621,5609,1250.703605,61782,1
5622,5610,1250.714739,61793,1
5623,5611,1250.725874,61803,1
5624,5612,1250.737011,61814,1
5625,5613,1250.748147,61825,1
5626,5614,1250.759282,61836,1
5627,5615,1250.770419,61847,1
5628,5616,1250.781555,61858,1
5629,5617,1250.792690,61869,1
5630,5618,1250.803825,61880,1
5631,5619,1250.814961,61891,1
5632,5620,1250.826101,61902,1
5633,5621,1250.837231,61913,1
5634,5622,1250.848367,61924,1
5635,5623,1250.859502,61935,1
5636,5624,1250.870640,61946,1
5637,5625,1250.881773,61957,1
5638,5626,1250.892908,61968,1
5639,5627,1250.904044,61979,1
5640,5628,1250.915182,61990,1
5641,5629,1250.926316,62001,1
5642,5630,1250.937452,62012,1
5643,5631,1250.948587,62023,1
5644,5632,1250.959723,62034,1
5645,5633,1250.970858,62045,1
5646,5634,1250.981994,62056,1
5647,5635,1250.993130,62067,1
5648,5636,1251.004265,62078,1
5649,5637,1251.015399,62089,1
5650,5638,1251.026537,62100,1
5651,5639,1251.037672,62111,1
5652,5640,1251.048808,62122,1
5653,5641,1251.059944,62133,1
5654,5642,1251.071080,62144,1
5655,5643,1251.082214,62155,1
5656,5644,1251.093348,62166,1
5657,5645,1251.104485,62177,1
5658,5646,1251.115621,62188,1
5659,5647,1251.126757,62199,1
5660,5648,1251.137891,62210,1
5661,5649,1251.149026,62221,1
5662,5650,1251.159151,62231,1
5663,5651,1251.170285,62242,1
5664,5652,1251.181422,62253,1
5665,5653,1251.192558,62264,1
5666,5654,1251.203693,62275,1
5667,5655,1251.214829,62286,1
5668,5656,1251.225965,62297,1
5669,5657,1251.237103,62308,1
5670,5658,1251.248236,62319,1
5671,5659,1251.259372,62330,1
5672,5660,1251.270507,62341,1
5673,5661,1251.281642,62352,1
5674,5662,1251.292779,62363,1
5675,5663,1251.303914,62374,1
5676,5664,1251.315049,62385,1
5677,5665,1251.326186,62396,1
5678,5666,1251.337321,62407,1
5679,5667,1251.348457,62418,1
5680,5668,1251.359592,62429,1
5681,5669,1251.370727,62440,1
5682,5670,1251.381864,62451,1
5683,5671,1251.392999,62462,1
5684,5672,1251.404135,62473,1
5685,5673,1251.415269,62484,1
5686,5674,1251.426405,62495,1
5687,5675,1251.437541,62506,1
5688,5676,1251.448676,62517,1
5689,5677,1251.459812,62528,1
5690,5678,1251.470948,62539,1
5691,5679,1251.482084,62550,1
5692,5680,1251.493219,62561,1
5693,5681,1251.504353,62572,1
5694,5682,1251.515490,62583,1
5695,5683,1251.526627,62594,1
5696,5684,1251.537761,62605,1
5697,5685,1251.548897,62616,1
5698,5686,1251.560031,62627,1
5699,5687,1251.571167,62638,1
5700,5688,1251.582304,62649,1
5701,5689,1251.593440,62660,1
5702,5690,1251.604574,62671,1
5703,5691,1251.615710,62682,1
5704,5692,1251.626846,62693,1
5705,5693,1251.637981,62704,1
5706,5694,1251.649117,62715,1
5707,5695,1251.660253,62726,1
5708,5696,1251.671388,62737,1
5709,5697,1251.682524,62748,1
5710,5698,1251.693660,62759,1
5711,5699,1251.704793,62770,1
5712,5700,1251.715931,62781,1
5713,5701,1251.727066,62792,1
5714,5702,1251.738200,62803,1
5715,5703,1251.749338,62814,1
5716,5704,1251.760472,62825,1
5717,5705,1251.771608,62836,1
5718,5706,1251.782744,62847,1
5719,5707,1251.793880,62858,1
5720,5708,1251.805014,62869,1
5721,5709,1251.816152,62880,1
5722,5710,1251.827286,62891,1
5723,5711,1251.838423,62902,1
5724,5712,1251.849557,62913,1
5725,5713,1251.860693,62924,1
5726,5714,1251.871828,62935,1
5727,5715,1251.882964,62946,1
5728,5716,1251.894104,62957,1
5729,5717,1251.905236,62968,1
5730,5718,1251.916370,62979,1
5731,5719,1251.927506,62990,1
5732,5720,1251.938641,63001,1
5733,5721,1251.949778,63012,1
5734,5722,1251.960912,63023,1
5735,5723,1251.972047,63034,1
5736,5724,1251.983185,63045,1
5737,5725,1251.994319,63056,1
5738,5726,1252.005454,63067,1
5739,5727,1252.016591,63078,1
5740,5728,1252.027725,63089,1
5741,5729,1252.038862,63100,1
5742,5730,1252.049998,63111,1
5743,5731,1252.061132,63122,1
5744,5732,1252.072268,63133,1
5745,5733,1252.083405,63144,1
5746,5734,1252.094540,63155,1
5747,5735,1252.105677,63166,1
5748,5736,1252.116811,63177,1
5749,5737,1252.127947,63188,1
5750,5738,1252.139083,63199,1
5751,5739,1252.150219,63210,1
5752,5740,1252.161355,63221,1
5753,5741,1252.172489,63232,1
5754,5742,1252.183625,63243,1
5755,5743,1252.194761,63254,1
5756,5744,1252.205896,63265,1
5757,5745,1252.217032,63276,1
5758,5746,1252.228167,63287,1
5759,5747,1252.239304,63298,1
5760,5748,1252.250438,63309,1
5761,5749,1252.261575,63320,1
5762,5750,1252.272708,63331,1
5763,5751,1252.283844,63342,1
5764,5752,1252.294981,63353,1
5765,5753,1252.306116,63364,1
5766,5754,1252.317251,63375,1
5767,5755,1252.328388,63386,1
5768,5756,1252.339524,63397,1
5769,5757,1252.350659,63408,1
5770,5758,1252.361793,63419,1
5771,5759,1252.372930,63430,1
5772,5760,1252.384065,63441,1
5773,5761,1252.395201,63452,1
5774,5762,1252.406338,63463,1
5775,5763,1252.417473,63474,1
5776,5764,1252.428608,63485,1
5777,5765,1252.439744,63496,1
5778,5766,1252.450879,63507,1
5779,5767,1252.462015,63518,1
5780,5768,1252.473150,63529,1
5781,5769,1252.484286,63540,1
5782,5770,1252.495421,63551,1
5783,5771,1252.506557,63562,1
5784,5772,1252.517693,63573,1
5785,5773,1252.528827,63584,1
5786,5774,1252.539965,63595,1
5787,5775,1252.551103,63606,1
5788,5777,1252.562236,63617,1
5789,-1,1252.573371,63628,1
5790,5778,1252.584505,63639,1
5791,5779,1252.594631,63649,1
5792,5780,1252.605765,63660,1
5793,5781,1252.616899,63671,1
5794,5782,1252.628036,63682,1
5795,5783,1252.639170,63693,1
5796,5784,1252.650307,63704,1
5797,5785,1252.661443,63715,1
5798,5786,1252.672578,63726,1
5799,5787,1252.683714,63737,1
5800,5788,1252.694850,63748,1
5801,5789,1252.705985,63759,1
5802,5790,1252.717122,63770,1
5803,5791,1252.728255,63781,1
5804,5792,1252.739392,63792,1
5805,5793,1252.750526,63803,1
5806,5794,1252.761663,63814,1
5807,5795,1252.772799,63825,1
5808,5796,1252.783934,63836,1
5809,5797,1252.795071,63847,1
5810,5798,1252.806206,63858,1
5811,5799,1252.817341,63869,1
5812,5800,1252.828475,63880,1
5813,5801,1252.839611,63891,1
5814,5802,1252.850748,63902,1
5815,5803,1252.861883,63913,1
5816,5804,1252.873018,63924,1
5817,5805,1252.884154,63935,1
5818,5806,1252.895290,63946,1
5819,5807,1252.906426,63957,1
5820,5808,1252.917561,63968,1
5821,5809,1252.928698,63979,1
5822,5810,1252.939833,63990,1
5823,5811,1252.950968,64001,1
5824,5812,1252.962103,64012,1
5825,5813,1252.973240,64023,1
5826,5814,1252.984375,64034,1
5827,5815,1252.995510,64045,1
5828,5816,1253.006647,64056,1
5829,5817,1253.017781,64067,1
5830,5818,1253.028918,64078,1
5831,5819,1253.040052,64089,1
5832,5820,1253.051189,64100,1
5833,5821,1253.062323,64111,1
5834,5822,1253.073461,64122,1
5835,5823,1253.084596,64133,1
5836,5824,1253.095729,64144,1
5837,5825,1253.106866,64155,1
5838,5826,1253.118001,64166,1
5839,5827,1253.129138,64177,1
5840,5828,1253.140272,64188,1
5841,5829,1253.151409,64199,1
5842,5830,1253.162545,64210,1
5843,5831,1253.173679,64221,1
5844,5832,1253.184815,64232,1
5845,5833,1253.195951,64243,1
5846,5834,1253.207085,64254,1
5847,5835,1253.218223,64265,1
5848,5836,1253.229358,64276,1
5849,5837,1253.240493,64287,1
5850,5838,1253.251627,64298,1
5851,5839,1253.262763,64309,1
5852,5840,1253.273899,64320,1
5853,5841,1253.285035,64331,1
5854,5842,1253.296170,64342,1
5855,5843,1253.307308,64353,1
5856,5844,1253.318443,64364,1
5857,5845,1253.329579,64375,1
5858,5846,1253.340715,64386,1
5859,5847,1253.351848,64397,1
5860,5848,1253.362986,64408,1
5861,5849,1253.374120,64419,1
5862,5850,1253.385255,64430,1
5863,5851,1253.396391,64441,1
5864,5852,1253.407528,64452,1
5865,5853,1253.418663,64463,1
5866,5854,1253.429798,64474,1
5867,5855,1253.440932,64485,1
5868,5856,1253.452070,64496,1
5869,5857,1253.463204,64507,1
5870,5858,1253.474339,64518,1
5871,5859,1253.485476,64529,1
5872,5860,1253.496613,64540,1
5873,5861,1253.507748,64551,1
5874,5862,1253.518882,64562,1
5875,5863,1253.530019,64573,1
5876,5864,1253.541153,64584,1
5877,5865,1253.552288,64595,1
5878,5866,1253.563425,64606,1
5879,5867,1253.574561,64617,1
5880,5868,1253.585697,64628,1
5881,5869,1253.596832,64639,1
5882,5870,1253.607968,64650,1
5883,5871,1253.619105,64661,1
5884,5872,1253.630240,64672,1
5885,5873,1253.641374,64683,1
5886,5874,1253.652511,64694,1
5887,5875,1253.663646,64705,1
5888,5876,1253.674781,64716,1
5889,5877,1253.685915,64727,1
5890,5878,1253.697052,64738,1
5891,5879,1253.708187,64749,1
5892,5880,1253.719323,64760,1
5893,5881,1253.730458,64771,1
5894,5882,1253.741595,64782,1
5895,5883,1253.752731,64793,1
5896,5884,1253.763867,64804,1
5897,5885,1253.775000,64815,1
5898,5886,1253.786135,64826,1
5899,5887,1253.797272,64837,1
5900,5888,1253.808409,64848,1
5901,5889,1253.819544,64859,1
5902,5890,1253.830678,64870,1
5903,5891,1253.841815,64881,1
5904,5892,1253.852952,64892,1
5905,5893,1253.864086,64903,1
5906,5894,1253.875223,64914,1
5907,5895,1253.886357,64925,1
5908,5896,1253.897494,64936,1
5909,5897,1253.908628,64947,1
5910,5898,1253.919765,64958,1
5911,5899,1253.930899,64969,1
5912,5900,1253.942035,64980,1
5913,5901,1253.953169,64991,1
5914,5902,1253.964305,65002,1
5915,5903,1253.975443,65013,1
5916,5904,1253.986578,65024,1
5917,5905,1253.997713,65035,1
5918,5906,1254.008850,65046,1
5919,5907,1254.019985,65057,1
5920,5908,1254.031119,65068,1
5921,5909,1254.041242,65078,1
5922,5910,1254.052377,65089,1
5923,5911,1254.063513,65100,1
5924,5912,1254.074651,65111,1
5925,5913,1254.085786,65122,1
5926,5914,1254.096920,65133,1
5927,5915,1254.108058,65144,1
5928,5916,1254.119192,65155,1
5929,5917,1254.130328,65166,1
5930,5918,1254.141463,65177,1
5931,5919,1254.152598,65188,1
5932,5920,1254.163734,65199,1
5933,5921,1254.174870,65210,1
5934,5922,1254.186005,65221,1
5935,5923,1254.197142,65232,1
5936,5924,1254.208278,65243,1
5937,5925,1254.219413,65254,1
5938,5926,1254.230549,65265,1
5939,5927,1254.241683,65276,1
5940,5928,1254.252820,65287,1
5941,5929,1254.263956,65298,1
5942,5930,1254.275099,65309,1
5943,5931,1254.286226,65320,1
5944,5932,1254.297363,65331,1
5945,5933,1254.308497,65342,1
5946,5934,1254.319632,65353,1
5947,5935,1254.330768,65364,1
5948,5936,1254.341904,65375,1
5949,5937,1254.353040,65386,1
5950,5938,1254.364174,65397,1
5951,5939,1254.375310,65408,1
5952,5940,1254.386445,65419,1
5953,5941,1254.397583,65430,1
5954,5942,1254.408716,65441,1
5955,5943,1254.419851,65452,1
5956,5944,1254.430989,65463,1
5957,5945,1254.442124,65474,1
5958,5946,1254.453259,65485,1
5959,5947,1254.464395,65496,1
5960,5948,1254.475530,65507,1
5961,5949,1254.486665,65518,1
5962,5950,1254.497803,65529,1
5963,5951,1254.508937,65540,1
5964,5952,1254.520073,65551,1
5965,5953,1254.531209,65562,1
5966,5954,1254.542345,65573,1
5967,5955,1254.553479,65584,1
5968,5956,1254.564616,65595,1
5969,5957,1254.575751,65606,1
5970,5958,1254.586886,65617,1
5971,5959,1254.598023,65628,1
5972,5960,1254.609158,65639,1
5973,5961,1254.620294,65650,1
5974,5962,1254.631429,65661,1
5975,5963,1254.642566,65672,1
5976,5964,1254.653700,65683,1
5977,5965,1254.664835,65694,1
5978,5966,1254.675971,65705,1
5979,5967,1254.687108,65716,1
5980,5968,1254.698241,65727,1
5981,5969,1254.709379,65738,1
5982,5970,1254.720514,65749,1
5983,5971,1254.731649,65760,1
5984,5972,1254.742784,65771,1
5985,5973,1254.753919,65782,1
5986,5974,1254.765058,65793,1
5987,5975,1254.776191,65804,1
5988,5976,1254.787326,65815,1
5989,5977,1254.798463,65826,1
5990,5978,1254.809598,65837,1
5991,5979,1254.820733,65848,1
5992,5980,1254.831871,65859,1
5993,5981,1254.843004,65870,1
5994,5982,1254.854140,65881,1
5995,5983,1254.865278,65892,1
5996,5984,1254.876413,65903,1
5997,5985,1254.887546,65914,1
5998,5986,1254.898684,65925,1
5999,5987,1254.909820,65936,1
6000,5988,1254.920954,65947,1
6001,5989,1254.932099,65958,1
6002,5990,1254.943224,65969,1
6003,5991,1254.954362,65980,1
6004,5992,1254.965497,65991,1
6005,5993,1254.976631,66002,1
6006,5994,1254.987769,66013,1
6007,5995,1254.998904,66024,1
6008,5996,1255.010039,66035,1
6009,5997,1255.021176,66046,1
6010,5998,1255.032310,66057,1
6011,5999,1255.043447,66068,1
6012,6000,1255.054581,66079,1
6013,6001,1255.065718,66090,1
6014,6002,1255.076852,66101,1
6015,6003,1255.087988,66112,1
6016,6004,1255.099122,66123,1
6017,6005,1255.110258,66134,1
6018,6006,1255.121395,66145,1
6019,6007,1255.132531,66156,1
6020,6008,1255.143666,66167,1
6021,6009,1255.154800,66178,1
6022,6010,1255.165936,66189,1
6023,6011,1255.177073,66200,1
6024,6012,1255.188208,66211,1
6025,6013,1255.199343,66222,1
6026,6014,1255.210480,66233,1
6027,6015,1255.221616,66244,1
6028,6016,1255.232749,66255,1
6029,6017,1255.243885,66266,1
6030,6018,1255.255022,66277,1
6031,6019,1255.266157,66288,1
6032,6020,1255.277294,66299,1
6033,6021,1255.288430,66310,1
6034,6022,1255.299565,66321,1
6035,6023,1255.310701,66332,1
6036,6024,1255.321834,66343,1
6037,6025,1255.332971,66354,1
6038,6026,1255.344107,66365,1
6039,6027,1255.355243,66376,1
6040,6028,1255.366379,66387,1
6041,6029,1255.377515,66398,1
6042,6030,1255.388650,66409,1
6043,6031,1255.399784,66420,1
6044,6032,1255.410921,66431,1
6045,6033,1255.422056,66442,1
6046,6034,1255.433191,66453,1
6047,6035,1255.444328,66464,1
6048,6036,1255.455463,66475,1
6049,6037,1255.466599,66486,1
6050,6038,1255.477733,66497,1
6051,6039,1255.487857,66507,1
6052,6040,1255.498991,66518,1
6053,6041,1255.510129,66529,1
6054,6042,1255.521263,66540,1
6055,6043,1255.532398,66551,1
6056,6044,1255.543535,66562,1
6057,6045,1255.554670,66573,1
6058,6046,1255.565805,66584,1
6059,6047,1255.576940,66595,1
6060,6048,1255.588077,66606,1
6061,6049,1255.599212,66617,1
6062,6050,1255.610348,66628,1
6063,6051,1255.621484,66639,1
6064,6052,1255.632620,66650,1
6065,6053,1255.643755,66661,1
6066,6054,1255.654892,66672,1
6067,6055,1255.666026,66683,1
6068,6056,1255.677162,66694,1
6069,6057,1255.688297,66705,1
6070,6058,1255.699434,66716,1
6071,6059,1255.710569,66727,1
6072,6060,1255.721705,66737,1
6073,6061,1255.732841,66748,1
6074,6062,1255.743975,66759,1
6075,6063,1255.755110,66770,1
6076,6064,1255.766248,66781,1
6077,6065,1255.777381,66792,1
6078,6066,1255.788516,66803,1
6079,6067,1255.799652,66814,1
6080,6068,1255.810789,66825,1
6081,6069,1255.821923,66836,1
6082,6070,1255.833060,66847,1
6083,6071,1255.844195,66858,1
6084,6072,1255.855330,66869,1
6085,6073,1255.866465,66880,1
6086,6074,1255.877603,66891,1
6087,6075,1255.888739,66902,1
6088,6076,1255.899872,66913,1
6089,6077,1255.911010,66924,1
6090,6078,1255.922144,66935,1
6091,6079,1255.933279,66946,1
6092,6080,1255.944416,66957,1
6093,6081,1255.955550,66968,1
6094,6082,1255.966687,66979,1
6095,6083,1255.977822,66990,1
