# which inertial sample is which camera frame, from the hardware trigger
# frame_period_s=0.011127878  (89.864396434 Hz, measured from this session's own trigger pulses -- the camera does not run at 90.000)
# trigger_pulses=6412  pulses_the_imu_missed=0
# t_bar_s is the exposure time in the BAR's clock, the same clock as esp_timestamp_us in imu/raw_imu.csv
# imu_sample is a row index into imu/raw_imu.csv; tagged=0 means the inertial stream missed that pulse and the time is interpolated
frame,video_row,t_bar_s,imu_sample,tagged
0,0,51.999570,7,1
1,1,52.010705,18,1
2,2,52.021842,29,1
3,3,52.032978,40,1
4,4,52.044115,51,1
5,5,52.055254,62,1
6,6,52.066390,73,1
7,7,52.077525,84,1
8,8,52.088664,95,1
9,9,52.099798,106,1
10,10,52.110935,117,1
11,11,52.122072,128,1
12,12,52.133210,139,1
13,13,52.144345,150,1
14,14,52.155482,161,1
15,15,52.166621,172,1
16,16,52.177755,183,1
17,17,52.188892,194,1
18,18,52.200029,205,1
19,19,52.211168,216,1
20,20,52.222303,227,1
21,21,52.233439,238,1
22,22,52.244577,249,1
23,23,52.255714,260,1
24,24,52.266851,271,1
25,25,52.277988,282,1
26,26,52.289122,293,1
27,27,52.300261,304,1
28,28,52.311398,315,1
29,29,52.322534,326,1
30,30,52.333671,337,1
31,31,52.344806,348,1
32,32,52.355943,359,1
33,33,52.367080,370,1
34,34,52.378216,381,1
35,35,52.389354,392,1
36,36,52.400492,403,1
37,37,52.411626,414,1
38,38,52.422763,425,1
39,39,52.433902,436,1
40,40,52.445038,447,1
41,41,52.456173,458,1
42,42,52.467312,469,1
43,43,52.478447,480,1
44,44,52.489585,491,1
45,45,52.500722,502,1
46,46,52.511859,513,1
47,47,52.522995,524,1
48,48,52.534132,535,1
49,49,52.545269,546,1
50,50,52.556405,557,1
51,51,52.567541,568,1
52,52,52.578677,579,1
53,53,52.589816,590,1
54,54,52.600952,601,1
55,55,52.612088,612,1
56,56,52.623225,623,1
57,57,52.634362,634,1
58,58,52.645499,645,1
59,59,52.656634,656,1
60,60,52.667772,667,1
61,61,52.678909,678,1
62,62,52.690047,689,1
63,63,52.701181,700,1
64,64,52.712320,711,1
65,65,52.723455,722,1
66,66,52.734594,733,1
67,67,52.745728,744,1
68,68,52.756867,755,1
69,69,52.768003,766,1
70,70,52.779138,777,1
71,71,52.790275,788,1
72,72,52.801412,799,1
73,73,52.812550,810,1
74,74,52.823688,821,1
75,75,52.834823,832,1
76,76,52.845961,843,1
77,77,52.857104,854,1
78,78,52.868232,865,1
79,79,52.879370,876,1
80,80,52.890507,887,1
81,81,52.901645,898,1
82,82,52.912779,909,1
83,83,52.923918,920,1
84,84,52.935054,931,1
85,85,52.946191,942,1
86,86,52.957327,953,1
87,87,52.968464,964,1
88,88,52.979601,975,1
89,89,52.990738,986,1
90,90,53.001873,997,1
91,91,53.013009,1008,1
92,92,53.024146,1019,1
93,93,53.035285,1030,1
94,94,53.046422,1041,1
95,95,53.057557,1052,1
96,96,53.068695,1063,1
97,97,53.079832,1074,1
98,98,53.090968,1085,1
99,99,53.102109,1096,1
100,100,53.113242,1107,1
101,101,53.123367,1117,1
102,102,53.134501,1128,1
103,103,53.145638,1139,1
104,104,53.156775,1150,1
105,105,53.167911,1161,1
106,106,53.179048,1172,1
107,107,53.190185,1183,1
108,108,53.201324,1194,1
109,109,53.212458,1205,1
110,110,53.223596,1216,1
111,111,53.234733,1227,1
112,112,53.245870,1238,1
113,113,53.257006,1249,1
114,114,53.268143,1260,1
115,115,53.279278,1271,1
116,116,53.290416,1282,1
117,117,53.301553,1293,1
118,118,53.312689,1304,1
119,119,53.323826,1315,1
120,120,53.334963,1326,1
121,121,53.346105,1337,1
122,122,53.357238,1348,1
123,123,53.368375,1359,1
124,124,53.379509,1370,1
125,125,53.390647,1381,1
126,126,53.401782,1392,1
127,127,53.412921,1403,1
128,128,53.424059,1414,1
129,129,53.435193,1425,1
130,130,53.446332,1436,1
131,131,53.457468,1447,1
132,132,53.468602,1458,1
133,133,53.479741,1469,1
134,134,53.490878,1480,1
135,135,53.502013,1491,1
136,136,53.513151,1502,1
137,137,53.524286,1513,1
138,138,53.535424,1524,1
139,139,53.546562,1535,1
140,140,53.557698,1546,1
141,141,53.568835,1557,1
142,142,53.579970,1568,1
143,143,53.591107,1579,1
144,144,53.602245,1590,1
145,145,53.613381,1601,1
146,146,53.624518,1612,1
147,147,53.635653,1623,1
148,148,53.646792,1634,1
149,149,53.657929,1645,1
150,150,53.669065,1656,1
151,151,53.680200,1667,1
152,152,53.691340,1678,1
153,153,53.702476,1689,1
154,154,53.713612,1700,1
155,155,53.724750,1711,1
156,156,53.735885,1722,1
157,157,53.747023,1733,1
158,158,53.758158,1744,1
159,159,53.769294,1755,1
160,160,53.780433,1766,1
161,161,53.791570,1777,1
162,162,53.802706,1788,1
163,163,53.813843,1799,1
164,164,53.824978,1810,1
165,165,53.836115,1821,1
166,166,53.847251,1832,1
167,167,53.858388,1843,1
168,168,53.869525,1854,1
169,169,53.880664,1865,1
170,170,53.891800,1876,1
171,171,53.902935,1887,1
172,172,53.914072,1898,1
173,173,53.925210,1909,1
174,174,53.936345,1920,1
175,175,53.947484,1931,1
176,176,53.958618,1942,1
177,177,53.969757,1953,1
178,178,53.980893,1964,1
179,179,53.992029,1975,1
180,180,54.003167,1986,1
181,181,54.014304,1997,1
182,182,54.025439,2008,1
183,183,54.036578,2019,1
184,184,54.047714,2030,1
185,185,54.058850,2041,1
186,186,54.069988,2052,1
187,187,54.081124,2063,1
188,188,54.092261,2074,1
189,189,54.103397,2085,1
190,190,54.114534,2096,1
191,191,54.125672,2107,1
192,192,54.136807,2118,1
193,193,54.147943,2129,1
194,194,54.159081,2140,1
195,195,54.170218,2151,1
196,196,54.181354,2162,1
197,197,54.192491,2173,1
198,198,54.203627,2184,1
199,199,54.214764,2195,1
200,200,54.225900,2206,1
201,201,54.237036,2217,1
202,202,54.248175,2228,1
203,203,54.259311,2239,1
204,204,54.270449,2250,1
205,205,54.281586,2261,1
206,206,54.292722,2272,1
207,207,54.303858,2283,1
208,208,54.314995,2294,1
209,209,54.326130,2305,1
210,210,54.337267,2316,1
211,211,54.348405,2327,1
212,212,54.359540,2338,1
213,213,54.370679,2349,1
214,214,54.380803,2359,1
215,215,54.391938,2370,1
216,216,54.403077,2381,1
217,217,54.414212,2392,1
218,218,54.425349,2403,1
219,219,54.436487,2414,1
220,220,54.447622,2425,1
221,221,54.458758,2436,1
222,222,54.469897,2447,1
223,223,54.481032,2458,1
224,224,54.492171,2469,1
225,-1,54.503308,2480,1
226,225,54.514444,2491,1
227,226,54.525579,2502,1
228,227,54.536717,2513,1
229,228,54.547853,2524,1
230,229,54.558991,2535,1
231,230,54.570126,2546,1
232,231,54.581264,2557,1
233,232,54.592399,2568,1
234,233,54.603536,2579,1
235,234,54.614674,2590,1
236,235,54.625809,2601,1
237,236,54.636947,2612,1
238,237,54.648085,2623,1
239,238,54.659221,2634,1
240,239,54.670359,2645,1
241,240,54.681493,2656,1
242,241,54.692632,2667,1
243,242,54.703769,2678,1
244,243,54.714904,2689,1
245,244,54.726041,2700,1
246,245,54.737178,2711,1
247,246,54.748313,2722,1
248,247,54.759451,2733,1
249,248,54.770587,2744,1
250,249,54.781724,2755,1
251,250,54.792862,2766,1
252,251,54.803998,2777,1
253,252,54.815134,2788,1
254,253,54.826272,2799,1
255,254,54.837408,2810,1
256,255,54.848545,2821,1
257,256,54.859681,2832,1
258,257,54.870817,2843,1
259,258,54.881954,2854,1
260,259,54.893103,2865,1
261,260,54.904227,2876,1
262,261,54.915364,2887,1
263,262,54.926503,2898,1
264,263,54.937638,2909,1
265,264,54.948775,2920,1
266,265,54.959911,2931,1
267,266,54.971048,2942,1
268,267,54.982186,2953,1
269,268,54.993324,2964,1
270,269,55.004460,2975,1
271,270,55.015597,2986,1
272,271,55.026733,2997,1
273,272,55.037868,3008,1
274,273,55.049006,3019,1
275,274,55.060143,3030,1
276,275,55.071280,3041,1
277,276,55.082415,3052,1
278,277,55.093554,3063,1
279,278,55.104691,3074,1
280,279,55.115827,3085,1
281,280,55.126964,3096,1
282,281,55.138106,3107,1
283,282,55.149235,3118,1
284,283,55.160372,3129,1
285,284,55.171510,3140,1
286,285,55.182648,3151,1
287,286,55.193784,3162,1
288,287,55.204920,3173,1
289,288,55.216058,3184,1
290,289,55.227195,3195,1
291,290,55.238329,3206,1
292,291,55.249467,3217,1
293,292,55.260604,3228,1
294,293,55.271741,3239,1
295,294,55.282877,3250,1
296,295,55.294014,3261,1
297,296,55.305150,3272,1
298,297,55.316288,3283,1
299,298,55.327424,3294,1
300,299,55.338561,3305,1
301,300,55.349697,3316,1
302,301,55.360835,3327,1
303,302,55.371971,3338,1
304,303,55.383108,3349,1
305,304,55.394245,3360,1
306,305,55.405381,3371,1
307,306,55.416518,3382,1
308,307,55.427655,3393,1
309,308,55.438790,3404,1
310,309,55.449927,3415,1
311,310,55.461066,3426,1
312,311,55.472202,3437,1
313,312,55.483339,3448,1
314,313,55.494475,3459,1
315,314,55.505613,3470,1
316,315,55.516749,3481,1
317,316,55.527886,3492,1
318,317,55.539023,3503,1
319,318,55.550158,3514,1
320,319,55.561294,3525,1
321,320,55.572433,3536,1
322,321,55.583570,3547,1
323,322,55.594704,3558,1
324,323,55.605843,3569,1
325,324,55.616978,3580,1
326,325,55.628116,3591,1
327,326,55.639252,3602,1
328,327,55.649377,3612,1
329,328,55.660513,3623,1
330,329,55.671649,3634,1
331,330,55.682788,3645,1
332,331,55.693924,3656,1
333,332,55.705062,3667,1
334,333,55.716197,3677,1
335,334,55.727333,3688,1
336,335,55.738469,3699,1
337,336,55.749608,3710,1
338,337,55.760742,3721,1
339,338,55.771881,3732,1
340,339,55.783017,3743,1
341,340,55.794154,3754,1
342,341,55.805291,3765,1
343,342,55.816426,3776,1
344,343,55.827565,3787,1
345,344,55.838701,3798,1
346,345,55.849837,3809,1
347,346,55.860976,3820,1
348,347,55.872111,3831,1
349,348,55.883246,3842,1
350,349,55.894385,3853,1
351,350,55.905520,3864,1
352,351,55.916659,3875,1
353,352,55.927795,3886,1
354,353,55.938932,3897,1
355,354,55.950070,3908,1
356,355,55.961204,3919,1
357,356,55.972343,3930,1
358,357,55.983479,3941,1
359,358,55.994616,3952,1
360,359,56.005752,3963,1
361,360,56.016889,3974,1
362,361,56.028026,3985,1
363,362,56.039162,3996,1
364,363,56.050300,4007,1
365,364,56.061436,4018,1
366,365,56.072571,4029,1
367,366,56.083707,4040,1
368,367,56.094846,4051,1
369,368,56.105981,4062,1
370,369,56.117119,4073,1
371,370,56.128256,4084,1
372,371,56.139393,4095,1
373,372,56.150528,4106,1
374,373,56.161666,4117,1
375,374,56.172804,4128,1
376,375,56.183938,4139,1
377,376,56.195077,4150,1
378,377,56.206212,4161,1
379,378,56.217348,4172,1
380,379,56.228487,4183,1
381,380,56.239624,4194,1
382,381,56.250758,4205,1
383,382,56.261897,4216,1
384,383,56.273034,4227,1
385,384,56.284170,4238,1
386,385,56.295307,4249,1
387,386,56.306442,4260,1
388,387,56.317578,4271,1
389,388,56.328716,4282,1
390,389,56.339853,4293,1
391,390,56.350991,4304,1
392,391,56.362128,4315,1
393,392,56.373264,4326,1
394,393,56.384399,4337,1
395,394,56.395538,4348,1
396,395,56.406673,4359,1
397,396,56.417811,4370,1
398,397,56.428947,4381,1
399,398,56.440084,4392,1
400,399,56.451222,4403,1
401,400,56.462358,4414,1
402,401,56.473495,4425,1
403,402,56.484631,4436,1
404,403,56.495768,4447,1
405,404,56.506905,4458,1
406,405,56.518042,4469,1
407,406,56.529177,4480,1
408,407,56.540315,4491,1
409,408,56.551450,4502,1
410,409,56.562586,4513,1
411,410,56.573726,4524,1
412,411,56.584860,4535,1
413,412,56.595997,4546,1
414,413,56.607136,4557,1
415,414,56.618271,4568,1
416,415,56.629408,4579,1
417,416,56.640544,4590,1
418,417,56.651681,4601,1
419,418,56.662819,4612,1
420,419,56.673954,4623,1
421,420,56.685091,4634,1
422,421,56.696229,4645,1
423,422,56.707366,4656,1
424,423,56.718502,4667,1
425,424,56.729639,4678,1
426,425,56.740775,4689,1
427,426,56.751912,4700,1
428,427,56.763049,4711,1
429,428,56.774185,4722,1
430,429,56.785323,4733,1
431,430,56.796460,4744,1
432,431,56.807597,4755,1
433,432,56.818734,4766,1
434,433,56.829870,4777,1
435,434,56.841007,4788,1
436,435,56.852143,4799,1
437,436,56.863280,4810,1
438,437,56.874416,4821,1
439,438,56.885551,4832,1
440,439,56.896688,4843,1
441,440,56.906815,4853,1
442,441,56.917951,4864,1
443,442,56.929086,4875,1
444,443,56.940224,4886,1
445,444,56.951362,4897,1
446,445,56.962498,4908,1
447,446,56.973633,4919,1
448,447,56.984771,4930,1
449,448,56.995908,4941,1
450,449,57.007045,4952,1
451,450,57.018181,4963,1
452,451,57.029318,4974,1
453,452,57.040455,4985,1
454,453,57.051590,4996,1
455,454,57.062727,5007,1
456,455,57.073865,5018,1
457,456,57.085000,5029,1
458,457,57.096138,5040,1
459,458,57.107276,5051,1
460,459,57.118410,5062,1
461,460,57.129549,5073,1
462,461,57.140684,5084,1
463,462,57.151823,5095,1
464,463,57.162960,5106,1
465,464,57.174104,5117,1
466,465,57.185231,5128,1
467,466,57.196369,5139,1
468,467,57.207505,5150,1
469,468,57.218641,5161,1
470,469,57.229779,5172,1
471,470,57.240916,5183,1
472,471,57.252052,5194,1
473,472,57.263188,5205,1
474,473,57.274325,5216,1
475,474,57.285461,5227,1
476,475,57.296600,5238,1
477,476,57.307736,5249,1
478,477,57.318871,5260,1
479,478,57.330009,5271,1
480,479,57.341147,5282,1
481,480,57.352282,5293,1
482,481,57.363419,5304,1
483,482,57.374556,5315,1
484,483,57.385694,5326,1
485,484,57.396830,5337,1
486,485,57.407967,5348,1
487,486,57.419107,5359,1
488,487,57.430241,5370,1
489,488,57.441375,5381,1
490,489,57.452513,5392,1
491,490,57.463651,5403,1
492,491,57.474787,5414,1
493,492,57.485924,5425,1
494,493,57.497062,5436,1
495,494,57.508196,5447,1
496,495,57.519334,5458,1
497,496,57.530469,5469,1
498,497,57.541606,5480,1
499,498,57.552743,5491,1
500,499,57.563880,5502,1
501,500,57.575016,5513,1
502,501,57.586154,5524,1
503,502,57.597291,5535,1
504,503,57.608428,5546,1
505,504,57.619564,5557,1
506,505,57.630700,5568,1
507,506,57.641838,5579,1
508,507,57.652975,5590,1
509,508,57.664110,5601,1
510,509,57.675246,5612,1
511,510,57.686385,5623,1
512,511,57.697520,5634,1
513,512,57.708658,5645,1
514,513,57.719793,5656,1
515,514,57.730932,5667,1
516,515,57.742069,5678,1
517,516,57.753206,5689,1
518,517,57.764340,5700,1
519,518,57.775477,5711,1
520,519,57.786616,5722,1
521,520,57.797753,5733,1
522,521,57.808889,5744,1
523,522,57.820026,5755,1
524,523,57.831161,5766,1
525,524,57.842299,5777,1
526,525,57.853436,5788,1
527,526,57.864571,5799,1
528,527,57.875709,5810,1
529,528,57.886846,5821,1
530,529,57.897981,5832,1
531,530,57.909117,5843,1
532,531,57.920257,5854,1
533,532,57.931392,5865,1
534,533,57.942529,5876,1
535,534,57.953665,5887,1
536,535,57.964803,5898,1
537,536,57.975938,5909,1
538,537,57.987077,5920,1
539,538,57.998212,5931,1
540,539,58.009350,5942,1
541,540,58.020487,5953,1
542,541,58.031622,5964,1
543,542,58.042761,5975,1
544,543,58.053895,5986,1
545,544,58.065034,5997,1
546,545,58.076168,6008,1
547,546,58.087307,6019,1
548,547,58.098443,6030,1
549,548,58.109580,6041,1
550,549,58.120716,6052,1
551,550,58.131852,6063,1
552,551,58.142991,6074,1
553,552,58.154128,6085,1
554,553,58.164250,6095,1
555,554,58.175388,6106,1
556,555,58.186525,6117,1
557,556,58.197661,6128,1
558,557,58.208798,6139,1
559,558,58.219934,6150,1
560,559,58.231073,6161,1
561,560,58.242208,6172,1
562,561,58.253346,6183,1
563,562,58.264480,6194,1
564,563,58.275617,6205,1
565,564,58.286756,6216,1
566,565,58.297891,6227,1
567,566,58.309029,6238,1
568,567,58.320165,6249,1
569,568,58.331303,6260,1
570,569,58.342437,6271,1
571,570,58.353576,6282,1
572,571,58.364712,6293,1
573,572,58.375850,6304,1
574,573,58.386986,6315,1
575,574,58.398121,6326,1
576,575,58.409260,6337,1
577,576,58.420395,6348,1
578,577,58.431531,6359,1
579,578,58.442670,6370,1
580,579,58.453807,6381,1
581,580,58.464944,6392,1
582,581,58.476078,6403,1
583,582,58.487216,6414,1
584,583,58.498353,6425,1
585,584,58.509490,6436,1
586,585,58.520627,6447,1
587,586,58.531762,6458,1
588,587,58.542901,6469,1
589,588,58.554037,6480,1
590,589,58.565174,6491,1
591,590,58.576309,6502,1
592,591,58.587447,6513,1
593,592,58.598582,6524,1
594,593,58.609719,6535,1
595,594,58.620857,6546,1
596,595,58.631994,6557,1
597,596,58.643131,6568,1
598,597,58.654268,6579,1
599,598,58.665402,6590,1
600,599,58.676541,6601,1
601,600,58.687678,6612,1
602,601,58.698814,6623,1
603,602,58.709949,6634,1
604,603,58.721086,6645,1
605,604,58.732223,6656,1
606,605,58.743359,6667,1
607,606,58.754496,6678,1
608,607,58.765634,6689,1
609,608,58.776772,6700,1
610,609,58.787908,6711,1
611,610,58.799044,6722,1
612,611,58.810182,6733,1
613,612,58.821318,6744,1
614,613,58.832455,6755,1
615,614,58.843590,6766,1
616,615,58.854727,6777,1
617,616,58.865865,6788,1
618,617,58.877002,6799,1
619,618,58.888138,6810,1
620,619,58.899276,6821,1
621,620,58.910412,6832,1
622,621,58.921549,6843,1
623,622,58.932685,6854,1
624,623,58.943822,6865,1
625,624,58.954957,6876,1
626,625,58.966104,6887,1
627,626,58.977230,6898,1
628,627,58.988367,6909,1
629,628,58.999504,6920,1
630,629,59.010641,6931,1
631,630,59.021777,6942,1
632,631,59.032914,6953,1
633,632,59.044053,6964,1
634,633,59.055189,6975,1
635,634,59.066326,6986,1
636,635,59.077461,6997,1
637,636,59.088598,7008,1
638,637,59.099735,7019,1
639,638,59.110873,7030,1
640,639,59.122008,7041,1
641,640,59.133147,7052,1
642,641,59.144283,7063,1
643,642,59.155420,7074,1
644,643,59.166556,7085,1
645,644,59.177691,7096,1
646,645,59.188830,7107,1
647,646,59.199965,7118,1
648,647,59.211109,7129,1
649,648,59.222241,7140,1
650,649,59.233377,7151,1
651,650,59.244512,7162,1
652,651,59.255648,7173,1
653,652,59.266786,7184,1
654,653,59.277922,7195,1
655,654,59.289059,7206,1
656,655,59.300196,7217,1
657,656,59.311335,7228,1
658,657,59.322469,7239,1
659,658,59.333606,7250,1
660,659,59.344745,7261,1
661,660,59.355880,7272,1
662,661,59.367016,7283,1
663,662,59.378155,7294,1
664,663,59.389292,7305,1
665,664,59.400427,7316,1
666,665,59.411564,7327,1
667,666,59.422702,7338,1
668,667,59.432825,7348,1
669,668,59.443962,7359,1
670,669,59.455110,7370,1
671,670,59.466236,7381,1
672,671,59.477373,7392,1
673,672,59.488510,7403,1
674,673,59.499646,7414,1
675,674,59.510783,7425,1
676,675,59.521918,7436,1
677,676,59.533054,7447,1
678,677,59.544191,7458,1
679,678,59.555328,7469,1
680,679,59.566464,7480,1
681,680,59.577601,7491,1
682,681,59.588738,7502,1
683,682,59.599877,7513,1
684,683,59.611012,7524,1
685,684,59.622150,7535,1
686,685,59.633287,7546,1
687,686,59.644423,7557,1
688,687,59.655560,7568,1
689,688,59.666695,7579,1
690,689,59.677834,7590,1
691,690,59.688971,7601,1
692,691,59.700108,7612,1
693,692,59.711243,7623,1
694,693,59.722380,7634,1
695,694,59.733517,7645,1
696,695,59.744654,7656,1
697,696,59.755789,7667,1
698,697,59.766927,7678,1
699,698,59.778064,7689,1
700,699,59.789200,7700,1
701,700,59.800337,7711,1
702,701,59.811474,7722,1
703,702,59.822609,7733,1
704,703,59.833748,7744,1
705,704,59.844884,7755,1
706,705,59.856019,7766,1
707,706,59.867158,7777,1
708,707,59.878293,7788,1
709,708,59.889429,7799,1
710,709,59.900569,7810,1
711,710,59.911703,7821,1
712,711,59.922839,7832,1
713,712,59.933979,7843,1
714,713,59.945114,7854,1
715,714,59.956250,7865,1
716,715,59.967387,7876,1
717,716,59.978525,7887,1
718,717,59.989662,7898,1
719,718,60.000797,7909,1
720,719,60.011934,7920,1
721,720,60.023073,7931,1
722,721,60.034208,7942,1
723,722,60.045346,7953,1
724,723,60.056481,7964,1
725,724,60.067619,7975,1
726,725,60.078756,7986,1
727,726,60.089892,7997,1
728,727,60.101027,8008,1
729,728,60.112165,8019,1
730,729,60.123301,8030,1
731,730,60.134439,8041,1
732,731,60.145576,8052,1
733,732,60.156712,8063,1
734,733,60.167848,8074,1
735,734,60.178987,8085,1
736,735,60.190123,8096,1
737,736,60.201260,8107,1
738,737,60.212396,8118,1
739,738,60.223533,8129,1
740,739,60.234668,8140,1
741,740,60.245807,8151,1
742,741,60.256942,8162,1
743,742,60.268080,8173,1
744,743,60.279216,8184,1
745,744,60.290353,8195,1
746,745,60.301490,8206,1
747,746,60.312626,8217,1
748,747,60.323763,8228,1
749,748,60.334900,8239,1
750,749,60.346037,8250,1
751,750,60.357174,8261,1
752,751,60.368310,8272,1
753,752,60.379447,8283,1
754,753,60.390584,8294,1
755,754,60.401718,8305,1
756,755,60.412857,8316,1
757,756,60.423993,8327,1
758,757,60.435129,8338,1
759,758,60.446265,8349,1
760,759,60.457403,8360,1
761,760,60.468541,8371,1
762,761,60.479676,8382,1
763,762,60.490812,8393,1
764,763,60.501951,8404,1
765,764,60.513088,8415,1
766,765,60.524223,8426,1
767,766,60.535359,8437,1
768,767,60.546496,8448,1
769,768,60.557634,8459,1
770,769,60.568772,8470,1
771,770,60.579907,8481,1
772,771,60.591043,8492,1
773,772,60.602182,8503,1
774,773,60.613319,8514,1
775,774,60.624455,8525,1
776,775,60.635591,8536,1
777,776,60.646728,8547,1
778,777,60.657865,8558,1
779,778,60.669001,8569,1
780,779,60.680139,8580,1
781,780,60.690261,8590,1
782,781,60.701400,8601,1
783,782,60.712536,8612,1
784,783,60.723673,8622,1
785,784,60.734810,8633,1
786,785,60.745947,8644,1
787,786,60.757083,8655,1
788,787,60.768219,8666,1
789,788,60.779354,8677,1
790,789,60.790492,8688,1
791,790,60.801630,8699,1
792,791,60.812766,8710,1
793,792,60.823904,8721,1
794,793,60.835040,8732,1
795,794,60.846177,8743,1
796,795,60.857313,8754,1
797,796,60.868450,8765,1
798,797,60.879587,8776,1
799,798,60.890723,8787,1
800,799,60.901861,8798,1
801,800,60.912997,8809,1
802,801,60.924132,8820,1
803,802,60.935271,8831,1
804,803,60.946408,8842,1
805,804,60.957542,8853,1
806,805,60.968679,8864,1
807,806,60.979817,8875,1
808,807,60.990952,8886,1
809,808,61.002089,8897,1
810,809,61.013227,8908,1
811,810,61.024362,8919,1
812,811,61.035501,8930,1
813,812,61.046638,8941,1
814,813,61.057774,8952,1
815,814,61.068911,8963,1
816,815,61.080046,8974,1
817,816,61.091183,8985,1
818,817,61.102321,8996,1
819,818,61.113456,9007,1
820,819,61.124594,9018,1
821,820,61.135731,9029,1
822,821,61.146866,9040,1
823,822,61.158003,9051,1
824,823,61.169142,9062,1
825,824,61.180276,9073,1
826,825,61.191413,9084,1
827,826,61.202552,9095,1
828,827,61.213689,9106,1
829,828,61.224825,9117,1
830,829,61.235962,9128,1
831,830,61.247107,9139,1
832,831,61.258234,9150,1
833,832,61.269371,9161,1
834,833,61.280507,9172,1
835,834,61.291645,9183,1
836,835,61.302781,9194,1
837,836,61.313919,9205,1
838,837,61.325054,9216,1
839,838,61.336193,9227,1
840,839,61.347330,9238,1
841,840,61.358466,9249,1
842,841,61.369602,9260,1
843,842,61.380738,9271,1
844,843,61.391876,9282,1
845,844,61.403012,9293,1
846,845,61.414148,9304,1
847,846,61.425285,9315,1
848,847,61.436423,9326,1
849,848,61.447560,9337,1
850,849,61.458696,9348,1
851,850,61.469833,9359,1
852,851,61.480970,9370,1
853,852,61.492107,9381,1
854,853,61.503242,9392,1
855,854,61.514379,9403,1
856,855,61.525515,9414,1
857,856,61.536653,9425,1
858,857,61.547790,9436,1
859,858,61.558927,9447,1
860,859,61.570064,9458,1
861,860,61.581200,9469,1
862,861,61.592338,9480,1
863,862,61.603473,9491,1
864,863,61.614611,9502,1
865,864,61.625748,9513,1
866,865,61.636884,9524,1
867,866,61.648019,9535,1
868,867,61.659155,9546,1
869,868,61.670294,9557,1
870,869,61.681431,9568,1
871,870,61.692566,9579,1
872,871,61.703705,9590,1
873,872,61.714839,9601,1
874,873,61.725978,9612,1
875,874,61.737114,9623,1
876,875,61.748250,9634,1
877,876,61.759387,9645,1
878,877,61.770523,9656,1
879,878,61.781660,9667,1
880,879,61.792797,9678,1
881,880,61.803933,9689,1
882,881,61.815071,9700,1
883,882,61.826208,9711,1
884,883,61.837343,9722,1
885,884,61.848482,9733,1
886,885,61.859618,9744,1
887,886,61.870753,9755,1
888,887,61.881891,9766,1
889,888,61.893028,9777,1
890,889,61.904166,9788,1
891,890,61.915302,9799,1
892,891,61.926437,9810,1
893,892,61.937576,9821,1
894,893,61.948712,9832,1
895,894,61.958835,9842,1
896,895,61.969974,9853,1
897,896,61.981110,9864,1
898,897,61.992247,9875,1
899,898,62.003383,9886,1
900,899,62.014520,9897,1
901,900,62.025656,9908,1
902,901,62.036791,9919,1
903,902,62.047930,9930,1
904,903,62.059068,9941,1
905,904,62.070202,9952,1
906,905,62.081339,9963,1
907,906,62.092477,9974,1
908,907,62.103614,9985,1
909,908,62.114751,9996,1
910,909,62.125887,10007,1
911,910,62.137024,10018,1
912,911,62.148159,10029,1
913,912,62.159297,10040,1
914,913,62.170433,10051,1
915,914,62.181570,10062,1
916,915,62.192705,10073,1
917,916,62.203842,10084,1
918,917,62.214981,10095,1
919,918,62.226116,10106,1
920,919,62.237253,10117,1
921,920,62.248391,10128,1
922,921,62.259526,10139,1
923,922,62.270663,10150,1
924,923,62.281799,10161,1
925,924,62.292937,10172,1
926,925,62.304075,10183,1
927,926,62.315210,10194,1
928,927,62.326348,10205,1
929,928,62.337484,10216,1
930,929,62.348622,10227,1
931,930,62.359757,10238,1
932,931,62.370895,10249,1
933,932,62.382031,10260,1
934,933,62.393167,10271,1
935,934,62.404305,10282,1
936,935,62.415440,10293,1
937,936,62.426577,10304,1
938,937,62.437716,10315,1
939,938,62.448852,10326,1
940,939,62.459987,10337,1
941,940,62.471126,10348,1
942,941,62.482263,10359,1
943,942,62.493397,10370,1
944,943,62.504535,10381,1
945,944,62.515672,10392,1
946,945,62.526810,10403,1
947,946,62.537946,10414,1
948,947,62.549081,10425,1
949,948,62.560220,10436,1
950,949,62.571356,10447,1
951,950,62.582492,10458,1
952,951,62.593629,10469,1
953,952,62.604766,10480,1
954,953,62.615902,10491,1
955,954,62.627038,10502,1
956,955,62.638175,10513,1
957,956,62.649311,10524,1
958,957,62.660449,10535,1
959,958,62.671587,10546,1
960,959,62.682721,10557,1
961,960,62.693860,10568,1
962,961,62.704995,10579,1
963,962,62.716134,10590,1
964,963,62.727270,10601,1
965,964,62.738407,10612,1
966,965,62.749544,10623,1
967,966,62.760678,10634,1
968,967,62.771817,10645,1
969,968,62.782953,10656,1
970,969,62.794090,10667,1
971,970,62.805227,10678,1
972,971,62.816364,10689,1
973,972,62.827499,10700,1
974,973,62.838637,10711,1
975,974,62.849772,10722,1
976,975,62.860909,10733,1
977,976,62.872045,10744,1
978,977,62.883183,10755,1
979,978,62.894321,10766,1
980,979,62.905457,10777,1
981,980,62.916593,10788,1
982,981,62.927731,10799,1
983,982,62.938867,10810,1
984,983,62.950004,10821,1
985,984,62.961142,10832,1
986,985,62.972276,10843,1
987,986,62.983414,10854,1
988,987,62.994551,10865,1
989,988,63.005687,10876,1
990,989,63.016824,10887,1
991,990,63.027961,10898,1
992,991,63.039105,10909,1
993,992,63.050233,10920,1
994,993,63.061371,10931,1
995,994,63.072509,10942,1
996,995,63.083645,10953,1
997,996,63.094781,10964,1
998,997,63.105919,10975,1
999,998,63.117055,10986,1
1000,999,63.128193,10997,1
1001,1000,63.139329,11008,1
1002,1001,63.150465,11019,1
1003,1002,63.161601,11030,1
1004,1003,63.172739,11041,1
1005,1004,63.183876,11052,1
1006,1005,63.195013,11063,1
1007,1006,63.206147,11074,1
1008,1007,63.216271,11084,1
1009,1008,63.227410,11095,1
1010,1009,63.238547,11106,1
1011,1010,63.249684,11117,1
1012,1011,63.260821,11128,1
1013,1012,63.271955,11139,1
1014,1013,63.283104,11150,1
1015,1014,63.294230,11161,1
1016,1015,63.305366,11172,1
1017,1016,63.316503,11183,1
1018,1017,63.327641,11194,1
1019,1018,63.338775,11205,1
1020,1019,63.349914,11216,1
1021,1020,63.361051,11227,1
1022,1021,63.372185,11238,1
1023,1022,63.383322,11249,1
1024,1023,63.394461,11260,1
1025,1024,63.405596,11271,1
1026,1025,63.416734,11282,1
1027,1026,63.427869,11293,1
1028,1027,63.439007,11304,1
1029,1028,63.450145,11315,1
1030,1029,63.461282,11326,1
1031,1030,63.472418,11337,1
1032,1031,63.483555,11348,1
1033,1032,63.494691,11359,1
1034,1033,63.505828,11370,1
1035,1034,63.516965,11381,1
1036,1035,63.528107,11392,1
1037,1036,63.539238,11403,1
1038,1037,63.550374,11414,1
1039,1038,63.561511,11425,1
1040,1039,63.572647,11436,1
1041,1040,63.583786,11447,1
1042,1041,63.594920,11458,1
1043,1042,63.606059,11469,1
1044,1043,63.617196,11480,1
1045,1044,63.628331,11491,1
1046,1045,63.639467,11502,1
1047,1046,63.650605,11513,1
1048,1047,63.661740,11524,1
1049,1048,63.672879,11535,1
1050,1049,63.684015,11546,1
1051,1050,63.695151,11557,1
1052,1051,63.706288,11568,1
1053,1052,63.717425,11579,1
1054,1053,63.728563,11590,1
1055,1054,63.739697,11601,1
1056,1055,63.750834,11612,1
1057,1056,63.761973,11623,1
1058,1057,63.773113,11634,1
1059,1058,63.784246,11645,1
1060,1059,63.795381,11656,1
1061,1060,63.806520,11667,1
1062,1061,63.817657,11678,1
1063,1062,63.828792,11689,1
1064,1063,63.839929,11700,1
1065,1064,63.851065,11711,1
1066,1065,63.862204,11722,1
1067,1066,63.873339,11733,1
1068,1067,63.884475,11744,1
1069,1068,63.895614,11755,1
1070,1069,63.906748,11766,1
1071,1070,63.917886,11777,1
1072,1071,63.929023,11788,1
1073,1072,63.940159,11799,1
1074,1073,63.951295,11810,1
1075,1074,63.962434,11821,1
1076,1075,63.973568,11832,1
1077,1076,63.984705,11843,1
1078,1077,63.995844,11854,1
1079,1078,64.006981,11865,1
1080,1079,64.018115,11876,1
1081,1080,64.029254,11887,1
1082,1081,64.040390,11898,1
1083,1082,64.051527,11909,1
1084,1083,64.062662,11920,1
1085,1084,64.073799,11931,1
1086,1085,64.084935,11942,1
1087,1086,64.096075,11953,1
1088,1087,64.107211,11964,1
1089,1088,64.118346,11975,1
1090,1089,64.129485,11986,1
1091,1090,64.140622,11997,1
1092,1091,64.151758,12008,1
1093,1092,64.162893,12019,1
1094,1093,64.174030,12030,1
1095,1094,64.185167,12041,1
1096,1095,64.196305,12052,1
1097,1096,64.207441,12063,1
1098,1097,64.218579,12074,1
1099,1098,64.229713,12085,1
1100,1099,64.240851,12096,1
1101,1100,64.251989,12107,1
1102,1101,64.263125,12118,1
1103,1102,64.274260,12129,1
1104,1103,64.285399,12140,1
1105,1104,64.296535,12151,1
1106,1105,64.307671,12162,1
1107,1106,64.318808,12173,1
1108,1107,64.329946,12184,1
1109,1108,64.341080,12195,1
1110,1109,64.352218,12206,1
1111,1110,64.363354,12217,1
1112,1111,64.374492,12228,1
1113,1112,64.385629,12239,1
1114,1113,64.396766,12250,1
1115,1114,64.407903,12261,1
1116,1115,64.419037,12272,1
1117,1116,64.430174,12283,1
1118,1117,64.441312,12294,1
1119,1118,64.452450,12305,1
1120,1119,64.463586,12316,1
1121,1120,64.473710,12326,1
1122,1121,64.484847,12337,1
1123,1122,64.495984,12348,1
1124,1123,64.507120,12359,1
1125,1124,64.518257,12370,1
1126,1125,64.529394,12381,1
1127,1126,64.540531,12392,1
1128,1127,64.551668,12403,1
1129,1128,64.562802,12414,1
1130,1129,64.573939,12425,1
1131,1130,64.585078,12436,1
1132,1131,64.596214,12447,1
1133,1132,64.607350,12458,1
1134,1133,64.618487,12469,1
1135,1134,64.629625,12480,1
1136,1135,64.640761,12491,1
1137,1136,64.651898,12502,1
1138,1137,64.663035,12513,1
1139,1138,64.674172,12524,1
1140,1139,64.685309,12535,1
1141,1140,64.696444,12546,1
1142,1141,64.707582,12557,1
1143,1142,64.718718,12568,1
1144,1143,64.729855,12579,1
1145,1144,64.740992,12590,1
1146,1145,64.752128,12601,1
1147,1146,64.763264,12612,1
1148,1147,64.774401,12623,1
1149,1148,64.785538,12634,1
1150,1149,64.796673,12645,1
1151,1150,64.807812,12656,1
1152,1151,64.818947,12667,1
1153,1152,64.830086,12678,1
1154,1153,64.841222,12689,1
1155,1154,64.852357,12700,1
1156,1155,64.863494,12711,1
1157,1156,64.874632,12722,1
1158,1157,64.885767,12733,1
1159,1158,64.896906,12744,1
1160,1159,64.908042,12755,1
1161,1160,64.919179,12766,1
1162,1161,64.930316,12777,1
1163,1162,64.941453,12788,1
1164,1163,64.952588,12799,1
1165,1164,64.963726,12810,1
1166,1165,64.974862,12821,1
1167,1166,64.985998,12832,1
1168,1167,64.997135,12843,1
1169,1168,65.008273,12854,1
1170,1169,65.019410,12865,1
1171,1170,65.030545,12876,1
1172,1171,65.041684,12887,1
1173,1172,65.052820,12898,1
1174,1173,65.063956,12909,1
1175,1174,65.075105,12920,1
1176,1175,65.086229,12931,1
1177,1176,65.097366,12942,1
1178,1177,65.108504,12953,1
1179,1178,65.119641,12964,1
1180,1179,65.130777,12975,1
1181,1180,65.141914,12986,1
1182,1181,65.153051,12997,1
1183,1182,65.164188,13008,1
1184,1183,65.175323,13019,1
1185,1184,65.186460,13030,1
1186,1185,65.197597,13041,1
1187,1186,65.208734,13052,1
1188,1187,65.219870,13063,1
1189,1188,65.231007,13074,1
1190,1189,65.242144,13085,1
1191,1190,65.253281,13096,1
1192,1191,65.264416,13107,1
1193,1192,65.275554,13118,1
1194,1193,65.286692,13129,1
1195,1194,65.297828,13140,1
1196,1195,65.308965,13151,1
1197,1196,65.320112,13162,1
1198,1197,65.331238,13173,1
1199,1198,65.342373,13184,1
1200,1199,65.353511,13195,1
1201,1200,65.364646,13206,1
1202,1201,65.375785,13217,1
1203,1202,65.386921,13228,1
1204,1203,65.398057,13239,1
1205,1204,65.409194,13250,1
1206,1205,65.420331,13261,1
1207,1206,65.431467,13272,1
1208,1207,65.442605,13283,1
1209,1208,65.453741,13294,1
1210,1209,65.464878,13305,1
1211,1210,65.476014,13316,1
1212,1211,65.487152,13327,1
1213,1212,65.498290,13338,1
1214,1213,65.509426,13349,1
1215,1214,65.520562,13360,1
1216,1215,65.531700,13371,1
1217,1216,65.542835,13382,1
1218,1217,65.553971,13393,1
1219,1218,65.565109,13404,1
1220,1219,65.576245,13415,1
1221,1220,65.587383,13426,1
1222,1221,65.598517,13437,1
1223,1222,65.609656,13448,1
1224,1223,65.620791,13459,1
1225,1224,65.631929,13470,1
1226,1225,65.643066,13481,1
1227,1226,65.654203,13492,1
1228,1227,65.665339,13503,1
1229,1228,65.676476,13514,1
1230,1229,65.687611,13525,1
1231,1230,65.698749,13536,1
1232,1231,65.709885,13547,1
1233,1232,65.721022,13558,1
1234,1233,65.732158,13569,1
1235,1234,65.742284,13579,1
1236,1235,65.753421,13590,1
1237,1236,65.764557,13601,1
1238,1237,65.775694,13612,1
1239,1238,65.786829,13623,1
1240,1239,65.797967,13634,1
1241,1240,65.809107,13645,1
1242,1241,65.820242,13656,1
1243,1242,65.831376,13667,1
1244,1243,65.842513,13678,1
1245,1244,65.853652,13689,1
1246,1245,65.864788,13700,1
1247,1246,65.875925,13711,1
1248,1247,65.887062,13722,1
1249,1248,65.898197,13733,1
1250,1249,65.909336,13744,1
1251,1250,65.920470,13755,1
1252,1251,65.931609,13766,1
1253,1252,65.942744,13777,1
1254,1253,65.953882,13788,1
1255,1254,65.965017,13799,1
1256,1255,65.976156,13810,1
1257,1256,65.987290,13821,1
1258,1257,65.998428,13832,1
1259,1258,66.009566,13843,1
1260,1259,66.020701,13854,1
1261,1260,66.031839,13865,1
1262,1261,66.042976,13876,1
1263,1262,66.054112,13887,1
1264,1263,66.065249,13898,1
1265,1264,66.076385,13909,1
1266,1265,66.087522,13920,1
1267,1266,66.098659,13931,1
1268,1267,66.109797,13942,1
1269,1268,66.120932,13953,1
1270,1269,66.132070,13964,1
1271,1270,66.143207,13975,1
1272,1271,66.154343,13986,1
1273,1272,66.165478,13997,1
1274,1273,66.176615,14008,1
1275,1274,66.187752,14019,1
1276,1275,66.198888,14030,1
1277,1276,66.210025,14041,1
1278,1277,66.221162,14052,1
1279,1278,66.232298,14063,1
1280,1279,66.243437,14074,1
1281,1280,66.254572,14085,1
1282,1281,66.265709,14096,1
1283,1282,66.276847,14107,1
1284,1283,66.287983,14118,1
1285,1284,66.299120,14129,1
1286,1285,66.310258,14140,1
1287,1286,66.321392,14151,1
1288,1287,66.332529,14162,1
1289,1288,66.343667,14173,1
1290,1289,66.354803,14184,1
1291,1290,66.365940,14195,1
1292,1291,66.377076,14206,1
1293,1292,66.388213,14217,1
1294,1293,66.399351,14228,1
1295,1294,66.410487,14239,1
1296,1295,66.421625,14250,1
1297,1296,66.432761,14261,1
1298,1297,66.443896,14272,1
1299,1298,66.455034,14283,1
1300,1299,66.466172,14294,1
1301,1300,66.477306,14305,1
1302,1301,66.488444,14316,1
1303,1302,66.499581,14327,1
1304,1303,66.510718,14338,1
1305,1304,66.521853,14349,1
1306,1305,66.532991,14360,1
1307,1306,66.544128,14371,1
1308,1307,66.555265,14382,1
1309,1308,66.566401,14393,1
1310,1309,66.577538,14404,1
1311,1310,66.588675,14415,1
1312,1311,66.599810,14426,1
1313,1312,66.610949,14437,1
1314,1313,66.622086,14448,1
1315,1314,66.633221,14459,1
1316,1315,66.644358,14470,1
1317,1316,66.655494,14481,1
1318,1317,66.666631,14492,1
1319,1318,66.677769,14503,1
1320,1319,66.688904,14514,1
1321,1320,66.700042,14525,1
1322,1321,66.711179,14536,1
1323,1322,66.722316,14547,1
1324,1323,66.733453,14558,1
1325,1324,66.744589,14569,1
1326,1325,66.755726,14580,1
1327,1326,66.766863,14591,1
1328,1327,66.777999,14602,1
1329,1328,66.789135,14613,1
1330,1329,66.800272,14624,1
1331,1330,66.811408,14635,1
1332,1331,66.822547,14646,1
1333,1332,66.833683,14657,1
1334,1333,66.844818,14668,1
1335,1334,66.855956,14679,1
1336,1335,66.867109,14690,1
1337,1336,66.878230,14701,1
1338,1337,66.889365,14712,1
1339,1338,66.900503,14723,1
1340,1339,66.911638,14734,1
1341,1340,66.922775,14745,1
1342,1341,66.933912,14756,1
1343,1342,66.945051,14767,1
1344,1343,66.956187,14778,1
1345,1344,66.967323,14789,1
1346,1345,66.978459,14800,1
1347,1346,66.989598,14811,1
1348,1347,66.999722,14821,1
1349,1348,67.010858,14832,1
1350,1349,67.021994,14843,1
1351,1350,67.033130,14854,1
1352,1351,67.044269,14865,1
1353,1352,67.055406,14876,1
1354,1353,67.066542,14887,1
1355,1354,67.077679,14898,1
1356,1355,67.088814,14909,1
1357,1356,67.099952,14920,1
1358,1357,67.111087,14931,1
1359,1358,67.122224,14942,1
1360,1359,67.133362,14953,1
1361,1360,67.144499,14964,1
1362,1361,67.155636,14975,1
1363,1362,67.166772,14986,1
1364,1363,67.177907,14997,1
1365,1364,67.189046,15008,1
1366,1365,67.200182,15019,1
1367,1366,67.211317,15030,1
1368,1367,67.222454,15041,1
1369,1368,67.233591,15052,1
1370,1369,67.244729,15063,1
1371,1370,67.255865,15074,1
1372,1371,67.267001,15085,1
1373,1372,67.278138,15096,1
1374,1373,67.289274,15107,1
1375,1374,67.300413,15118,1
1376,1375,67.311549,15129,1
1377,1376,67.322687,15140,1
1378,1377,67.333823,15151,1
1379,1378,67.344959,15162,1
1380,1379,67.356106,15173,1
1381,1380,67.367234,15184,1
1382,1381,67.378370,15195,1
1383,1382,67.389506,15206,1
1384,1383,67.400642,15217,1
1385,1384,67.411779,15228,1
1386,1385,67.422916,15239,1
1387,1386,67.434054,15250,1
1388,1387,67.445189,15261,1
1389,1388,67.456327,15272,1
1390,1389,67.467462,15283,1
1391,1390,67.478599,15294,1
1392,1391,67.489737,15305,1
1393,1392,67.500874,15316,1
1394,1393,67.512010,15327,1
1395,1394,67.523146,15338,1
1396,1395,67.534282,15349,1
1397,1396,67.545419,15360,1
1398,1397,67.556556,15371,1
1399,1398,67.567693,15382,1
1400,1399,67.578831,15393,1
1401,1400,67.589967,15404,1
1402,1401,67.601111,15415,1
1403,1402,67.612240,15426,1
1404,1403,67.623377,15437,1
1405,1404,67.634513,15448,1
1406,1405,67.645652,15459,1
1407,1406,67.656786,15470,1
1408,1407,67.667924,15481,1
1409,1408,67.679060,15492,1
1410,1409,67.690198,15503,1
1411,1410,67.701334,15514,1
1412,1411,67.712471,15525,1
1413,1412,67.723607,15536,1
1414,1413,67.734745,15547,1
1415,1414,67.745881,15558,1
1416,1415,67.757018,15569,1
1417,1416,67.768155,15580,1
1418,1417,67.779292,15591,1
1419,1418,67.790429,15602,1
1420,1419,67.801564,15613,1
1421,1420,67.812703,15624,1
1422,1421,67.823838,15635,1
1423,1422,67.834976,15646,1
1424,1423,67.846112,15657,1
1425,1424,67.857247,15668,1
1426,1425,67.868385,15679,1
1427,1426,67.879522,15690,1
1428,1427,67.890660,15701,1
1429,1428,67.901794,15712,1
1430,1429,67.912932,15723,1
1431,1430,67.924070,15734,1
1432,1431,67.935206,15745,1
1433,1432,67.946343,15756,1
1434,1433,67.957479,15767,1
1435,1434,67.968616,15778,1
1436,1435,67.979752,15789,1
1437,1436,67.990889,15800,1
1438,1437,68.002024,15811,1
1439,1438,68.013161,15822,1
1440,1439,68.024300,15833,1
1441,1440,68.035437,15844,1
1442,1441,68.046573,15855,1
1443,1442,68.057708,15866,1
1444,1443,68.068845,15877,1
1445,1444,68.079981,15888,1
1446,1445,68.091120,15899,1
1447,1446,68.102257,15910,1
1448,1447,68.113394,15921,1
1449,1448,68.124530,15932,1
1450,1449,68.135665,15943,1
1451,1450,68.146804,15954,1
1452,1451,68.157939,15965,1
1453,1452,68.169077,15976,1
1454,1453,68.180212,15987,1
1455,1454,68.191350,15998,1
1456,1455,68.202488,16009,1
1457,1456,68.213624,16020,1
1458,1457,68.224759,16031,1
1459,1458,68.235898,16042,1
1460,1459,68.247035,16053,1
1461,1460,68.257157,16063,1
1462,1461,68.268296,16074,1
1463,1462,68.279433,16085,1
1464,1463,68.290567,16096,1
1465,1464,68.301704,16107,1
1466,1465,68.312842,16118,1
1467,1466,68.323978,16129,1
1468,1467,68.335116,16140,1
1469,1468,68.346252,16151,1
1470,1469,68.357387,16162,1
1471,1470,68.368526,16173,1
1472,1471,68.379660,16184,1
1473,1472,68.390797,16195,1
1474,1473,68.401934,16206,1
1475,1474,68.413074,16217,1
1476,1475,68.424208,16228,1
1477,1476,68.435346,16239,1
1478,1477,68.446482,16250,1
1479,1478,68.457617,16261,1
1480,1479,68.468754,16272,1
1481,1480,68.479893,16283,1
1482,1481,68.491028,16294,1
1483,1482,68.502166,16305,1
1484,1483,68.513303,16316,1
1485,1484,68.524440,16327,1
1486,1485,68.535577,16338,1
1487,1486,68.546711,16349,1
1488,1487,68.557850,16360,1
1489,1488,68.568987,16371,1
1490,1489,68.580124,16382,1
1491,1490,68.591260,16393,1
1492,1491,68.602397,16404,1
1493,1492,68.613533,16415,1
1494,1493,68.624669,16426,1
1495,1494,68.635807,16437,1
1496,1495,68.646943,16448,1
1497,1496,68.658080,16459,1
1498,1497,68.669217,16470,1
1499,1498,68.680354,16481,1
1500,1499,68.691491,16492,1
1501,1500,68.702628,16503,1
1502,1501,68.713764,16514,1
1503,1502,68.724901,16525,1
1504,1503,68.736037,16536,1
1505,1504,68.747174,16547,1
1506,1505,68.758311,16558,1
1507,1506,68.769446,16569,1
1508,1507,68.780584,16580,1
1509,1508,68.791721,16591,1
1510,1509,68.802857,16602,1
1511,1510,68.813995,16613,1
1512,1511,68.825131,16624,1
1513,1512,68.836268,16635,1
1514,1513,68.847403,16646,1
1515,1514,68.858542,16657,1
1516,1515,68.869677,16668,1
1517,1516,68.880816,16679,1
1518,1517,68.891951,16690,1
1519,1518,68.903086,16701,1
1520,1519,68.914223,16712,1
1521,1520,68.925362,16723,1
1522,1521,68.936497,16734,1
1523,1522,68.947635,16745,1
1524,1523,68.958772,16756,1
1525,1524,68.969908,16767,1
1526,1525,68.981043,16778,1
1527,1526,68.992180,16789,1
1528,1527,69.003319,16800,1
1529,1528,69.014455,16811,1
1530,1529,69.025590,16822,1
1531,1530,69.036727,16833,1
1532,1531,69.047865,16844,1
1533,1532,69.059003,16855,1
1534,1533,69.070140,16866,1
1535,1534,69.081274,16877,1
1536,1535,69.092413,16888,1
1537,1536,69.103550,16899,1
1538,1537,69.114686,16910,1
1539,1538,69.125822,16921,1
1540,1539,69.136960,16932,1
1541,1540,69.148104,16943,1
1542,1541,69.159232,16954,1
1543,1542,69.170369,16965,1
1544,1543,69.181507,16976,1
1545,1544,69.192644,16987,1
1546,1545,69.203780,16998,1
1547,1546,69.214916,17009,1
1548,1547,69.226054,17020,1
1549,1548,69.237188,17031,1
1550,1549,69.248327,17042,1
1551,1550,69.259462,17053,1
1552,1551,69.270598,17064,1
1553,1552,69.281735,17075,1
1554,1553,69.292873,17086,1
1555,1554,69.304010,17097,1
1556,1555,69.315147,17108,1
1557,1556,69.326282,17119,1
1558,1557,69.337421,17130,1
1559,1558,69.348558,17141,1
1560,1559,69.359694,17152,1
1561,1560,69.370830,17163,1
1562,1561,69.381966,17174,1
1563,1562,69.393107,17185,1
1564,1563,69.404239,17196,1
1565,1564,69.415377,17207,1
1566,1565,69.426514,17218,1
1567,1566,69.437651,17229,1
1568,1567,69.448786,17240,1
1569,1568,69.459924,17251,1
1570,1569,69.471061,17262,1
1571,1570,69.482199,17273,1
1572,1571,69.493334,17284,1
1573,1572,69.504469,17295,1
1574,1573,69.515608,17306,1
1575,1574,69.525731,17316,1
1576,1575,69.536870,17327,1
1577,1576,69.548004,17338,1
1578,1577,69.559142,17349,1
1579,1578,69.570279,17360,1
1580,1579,69.581416,17371,1
1581,1580,69.592552,17382,1
1582,1581,69.603690,17393,1
1583,1582,69.614826,17404,1
1584,1583,69.625962,17415,1
1585,1584,69.637111,17426,1
1586,1585,69.648234,17437,1
1587,1586,69.659373,17448,1
1588,1587,69.670510,17459,1
1589,1588,69.681647,17470,1
1590,1589,69.692783,17481,1
1591,1590,69.703920,17492,1
1592,1591,69.715055,17503,1
1593,1592,69.726192,17514,1
1594,1593,69.737328,17525,1
1595,1594,69.748468,17536,1
1596,1595,69.759602,17547,1
1597,1596,69.770738,17558,1
1598,1597,69.781877,17569,1
1599,1598,69.793014,17580,1
1600,1599,69.804150,17591,1
1601,1600,69.815288,17602,1
1602,1601,69.826422,17613,1
1603,1602,69.837560,17624,1
1604,1603,69.848696,17635,1
1605,1604,69.859834,17646,1
1606,1605,69.870969,17657,1
1607,1606,69.882107,17668,1
1608,1607,69.893243,17679,1
1609,1608,69.904381,17690,1
1610,1609,69.915516,17701,1
1611,1610,69.926654,17712,1
1612,1611,69.937792,17723,1
1613,1612,69.948926,17734,1
1614,1613,69.960065,17745,1
1615,1614,69.971200,17756,1
1616,1615,69.982336,17767,1
1617,1616,69.993474,17778,1
1618,1617,70.004610,17789,1
1619,1618,70.015746,17800,1
1620,1619,70.026883,17811,1
1621,1620,70.038020,17822,1
1622,1621,70.049158,17833,1
1623,1622,70.060295,17844,1
1624,1623,70.071430,17855,1
1625,1624,70.082569,17866,1
1626,1625,70.093705,17877,1
1627,1626,70.104842,17888,1
1628,1627,70.115979,17899,1
1629,1628,70.127114,17910,1
1630,1629,70.138250,17921,1
1631,1630,70.149387,17932,1
1632,1631,70.160526,17943,1
1633,1632,70.171660,17954,1
1634,1633,70.182799,17965,1
1635,1634,70.193935,17976,1
1636,1635,70.205073,17987,1
1637,1636,70.216210,17998,1
1638,1637,70.227344,18009,1
1639,1638,70.238481,18020,1
1640,1639,70.249617,18031,1
1641,1640,70.260756,18042,1
1642,1641,70.271893,18053,1
1643,1642,70.283029,18064,1
1644,1643,70.294165,18075,1
1645,1644,70.305303,18086,1
1646,1645,70.316440,18097,1
1647,1646,70.327575,18108,1
1648,1647,70.338711,18119,1
1649,1648,70.349850,18130,1
1650,1649,70.360986,18141,1
1651,1650,70.372123,18152,1
1652,1651,70.383260,18163,1
1653,1652,70.394397,18174,1
1654,1653,70.405533,18185,1
1655,1654,70.416670,18196,1
1656,1655,70.427807,18207,1
1657,1656,70.438944,18218,1
1658,1657,70.450079,18229,1
1659,1658,70.461217,18240,1
1660,1659,70.472354,18251,1
1661,1660,70.483491,18262,1
1662,1661,70.494626,18273,1
1663,1662,70.505762,18284,1
1664,1663,70.516901,18295,1
1665,1664,70.528038,18306,1
1666,1665,70.539174,18317,1
1667,1666,70.550310,18328,1
1668,1667,70.561447,18339,1
1669,1668,70.572584,18350,1
1670,1669,70.583719,18361,1
1671,1670,70.594857,18372,1
1672,1671,70.605992,18383,1
1673,1672,70.617131,18394,1
1674,1673,70.628268,18405,1
1675,1674,70.639405,18416,1
1676,1675,70.650539,18427,1
1677,1676,70.661678,18438,1
1678,1677,70.672815,18449,1
1679,1678,70.683951,18460,1
1680,1679,70.695087,18471,1
1681,1680,70.706225,18482,1
1682,1681,70.717362,18492,1
1683,1682,70.728497,18503,1
1684,1683,70.739635,18514,1
1685,1684,70.750770,18525,1
1686,1685,70.761907,18536,1
1687,1686,70.773045,18547,1
1688,1687,70.783170,18557,1
1689,1688,70.794306,18568,1
1690,1689,70.805441,18579,1
1691,1690,70.816578,18590,1
1692,1691,70.827715,18601,1
1693,1692,70.838854,18612,1
1694,1693,70.849988,18623,1
1695,1694,70.861126,18634,1
1696,1695,70.872264,18645,1
1697,1696,70.883399,18656,1
1698,1697,70.894535,18667,1
1699,1698,70.905674,18678,1
1700,1699,70.916810,18689,1
1701,1700,70.927947,18700,1
1702,1701,70.939084,18711,1
1703,1702,70.950220,18722,1
1704,1703,70.961355,18733,1
1705,1704,70.972493,18744,1
1706,1705,70.983630,18755,1
1707,1706,70.994765,18766,1
1708,1707,71.005904,18777,1
1709,1708,71.017041,18788,1
1710,1709,71.028178,18799,1
1711,1710,71.039313,18810,1
1712,1711,71.050450,18821,1
1713,1712,71.061586,18832,1
1714,1713,71.072725,18843,1
1715,1714,71.083861,18854,1
1716,1715,71.094996,18865,1
1717,1716,71.106135,18876,1
1718,1717,71.117269,18887,1
1719,1718,71.128407,18898,1
1720,1719,71.139545,18909,1
1721,1720,71.150682,18920,1
1722,1721,71.161817,18931,1
1723,1722,71.172954,18942,1
1724,1723,71.184091,18953,1
1725,1724,71.195227,18964,1
1726,1725,71.206363,18975,1
1727,1726,71.217503,18986,1
1728,1727,71.228637,18997,1
1729,1728,71.239775,19008,1
1730,1729,71.250912,19019,1
1731,1730,71.262048,19030,1
1732,1731,71.273183,19041,1
1733,1732,71.284322,19052,1
1734,1733,71.295459,19063,1
1735,1734,71.306596,19074,1
1736,1735,71.317732,19085,1
1737,1736,71.328867,19096,1
1738,1737,71.340006,19107,1
1739,1738,71.351140,19118,1
1740,1739,71.362279,19129,1
1741,1740,71.373415,19140,1
1742,1741,71.384552,19151,1
1743,1742,71.395689,19162,1
1744,1743,71.406824,19173,1
1745,1744,71.417963,19184,1
1746,1745,71.429105,19195,1
1747,1746,71.440234,19206,1
1748,1747,71.451371,19217,1
1749,1748,71.462509,19228,1
1750,1749,71.473644,19239,1
1751,1750,71.484783,19250,1
1752,1751,71.495919,19261,1
1753,1752,71.507056,19272,1
1754,1753,71.518193,19283,1
1755,1754,71.529330,19294,1
1756,1755,71.540465,19305,1
1757,1756,71.551602,19316,1
1758,1757,71.562740,19327,1
1759,1758,71.573876,19338,1
1760,1759,71.585013,19349,1
1761,1760,71.596150,19360,1
1762,1761,71.607285,19371,1
1763,1762,71.618424,19382,1
1764,1763,71.629561,19393,1
1765,1764,71.640698,19404,1
1766,1765,71.651834,19415,1
1767,1766,71.662968,19426,1
1768,1767,71.674107,19437,1
1769,1768,71.685244,19448,1
1770,1769,71.696379,19459,1
1771,1770,71.707515,19470,1
1772,1771,71.718655,19481,1
1773,1772,71.729789,19492,1
1774,1773,71.740926,19503,1
1775,1774,71.752063,19514,1
1776,1775,71.763200,19525,1
1777,1776,71.774338,19536,1
1778,1777,71.785473,19547,1
1779,1778,71.796609,19558,1
1780,1779,71.807747,19569,1
1781,1780,71.818885,19580,1
1782,1781,71.830022,19591,1
1783,1782,71.841156,19602,1
1784,1783,71.852293,19613,1
1785,1784,71.863431,19624,1
1786,1785,71.874569,19635,1
1787,1786,71.885705,19646,1
1788,1787,71.896841,19657,1
1789,1788,71.907979,19668,1
1790,1789,71.919114,19679,1
1791,1790,71.930252,19690,1
1792,1791,71.941389,19701,1
1793,1792,71.952523,19712,1
1794,1793,71.963663,19723,1
1795,1794,71.974797,19734,1
1796,1795,71.985935,19745,1
1797,1796,71.997073,19756,1
1798,1797,72.008207,19767,1
1799,1798,72.019346,19778,1
1800,1799,72.030482,19789,1
1801,1800,72.041618,19800,1
1802,1801,72.051743,19810,1
1803,1802,72.062880,19821,1
1804,1803,72.074015,19832,1
1805,1804,72.085153,19843,1
1806,1805,72.096291,19854,1
1807,1806,72.107427,19865,1
1808,1807,72.118564,19876,1
1809,1808,72.129701,19887,1
1810,1809,72.140836,19898,1
1811,1810,72.151973,19909,1
1812,1811,72.163110,19920,1
1813,1812,72.174248,19931,1
1814,1813,72.185384,19942,1
1815,1814,72.196521,19953,1
1816,1815,72.207657,19964,1
1817,1816,72.218795,19975,1
1818,1817,72.229931,19986,1
1819,1818,72.241068,19997,1
1820,1819,72.252205,20008,1
1821,1820,72.263341,20019,1
1822,1821,72.274478,20030,1
1823,1822,72.285615,20041,1
1824,1823,72.296750,20052,1
1825,1824,72.307888,20063,1
1826,1825,72.319024,20074,1
1827,1826,72.330162,20085,1
1828,1827,72.341299,20096,1
1829,1828,72.352433,20107,1
1830,1829,72.363572,20118,1
1831,1830,72.374708,20129,1
1832,1831,72.385844,20140,1
1833,1832,72.396982,20151,1
1834,1833,72.408118,20162,1
1835,1834,72.419255,20173,1
1836,1835,72.430390,20184,1
1837,1836,72.441527,20195,1
1838,1837,72.452663,20206,1
1839,1838,72.463803,20217,1
1840,1839,72.474937,20228,1
1841,1840,72.486074,20239,1
1842,1841,72.497211,20250,1
1843,1842,72.508348,20261,1
1844,1843,72.519485,20272,1
1845,1844,72.530623,20283,1
1846,1845,72.541760,20294,1
1847,1846,72.552896,20305,1
1848,1847,72.564033,20316,1
1849,1848,72.575169,20327,1
1850,1849,72.586306,20338,1
1851,1850,72.597441,20349,1
1852,1851,72.608579,20360,1
1853,1852,72.619716,20371,1
1854,1853,72.630853,20382,1
1855,1854,72.641988,20393,1
1856,1855,72.653125,20404,1
1857,1856,72.664262,20415,1
1858,1857,72.675400,20426,1
1859,1858,72.686534,20437,1
1860,1859,72.697671,20448,1
1861,1860,72.708808,20459,1
1862,1861,72.719947,20470,1
1863,1862,72.731083,20481,1
1864,1863,72.742219,20492,1
1865,1864,72.753356,20503,1
1866,1865,72.764494,20514,1
1867,1866,72.775630,20525,1
1868,1867,72.786767,20536,1
1869,1868,72.797902,20547,1
1870,1869,72.809038,20558,1
1871,1870,72.820177,20569,1
1872,1871,72.831314,20580,1
1873,1872,72.842450,20591,1
1874,1873,72.853588,20602,1
1875,1874,72.864722,20613,1
1876,1875,72.875860,20624,1
1877,1876,72.886997,20635,1
1878,1877,72.898132,20646,1
1879,1878,72.909269,20657,1
1880,1879,72.920408,20668,1
1881,1880,72.931542,20679,1
1882,1881,72.942681,20690,1
1883,1882,72.953816,20701,1
1884,1883,72.964954,20712,1
1885,1884,72.976091,20723,1
1886,1885,72.987227,20734,1
1887,1886,72.998364,20745,1
1888,1887,73.009500,20756,1
1889,1888,73.020638,20767,1
1890,1889,73.031773,20778,1
1891,1890,73.042912,20789,1
1892,1891,73.054048,20800,1
1893,1892,73.065184,20811,1
1894,1893,73.076322,20822,1
1895,1894,73.087458,20833,1
1896,1895,73.098596,20844,1
1897,1896,73.109732,20855,1
1898,1897,73.120868,20866,1
1899,1898,73.132003,20877,1
1900,1899,73.143140,20888,1
1901,1900,73.154279,20899,1
1902,1901,73.165416,20910,1
1903,1902,73.176551,20921,1
1904,1903,73.187687,20932,1
1905,1904,73.198824,20943,1
1906,1905,73.209963,20954,1
1907,1906,73.221107,20965,1
1908,1907,73.232235,20976,1
1909,1908,73.243372,20987,1
1910,1909,73.254509,20998,1
1911,1910,73.265645,21009,1
1912,1911,73.276783,21020,1
1913,1912,73.287919,21031,1
1914,1913,73.299055,21042,1
1915,1914,73.309178,21052,1
1916,1915,73.320317,21063,1
1917,1916,73.331453,21074,1
1918,1917,73.342589,21085,1
1919,1918,73.353727,21096,1
1920,1919,73.364863,21107,1
1921,1920,73.375999,21118,1
1922,1921,73.387136,21129,1
1923,1922,73.398274,21140,1
1924,1923,73.409410,21151,1
1925,1924,73.420548,21162,1
1926,1925,73.431682,21173,1
1927,1926,73.442822,21184,1
1928,1927,73.453958,21195,1
1929,1928,73.465106,21206,1
1930,1929,73.476231,21217,1
1931,1930,73.487368,21228,1
1932,1931,73.498505,21239,1
1933,1932,73.509641,21250,1
1934,1933,73.520778,21261,1
1935,1934,73.531913,21272,1
1936,1935,73.543050,21283,1
1937,1936,73.554189,21294,1
1938,1937,73.565324,21305,1
1939,1938,73.576462,21316,1
1940,1939,73.587596,21327,1
1941,1940,73.598735,21338,1
1942,1941,73.609873,21349,1
1943,1942,73.621009,21360,1
1944,1943,73.632143,21371,1
1945,1944,73.643282,21382,1
1946,1945,73.654417,21393,1
1947,1946,73.665556,21404,1
1948,1947,73.676692,21415,1
1949,1948,73.687827,21426,1
1950,1949,73.698964,21437,1
1951,1950,73.710108,21448,1
1952,1951,73.721239,21459,1
1953,1952,73.732376,21470,1
1954,1953,73.743511,21481,1
1955,1954,73.754649,21492,1
1956,1955,73.765786,21503,1
1957,1956,73.776923,21514,1
1958,1957,73.788059,21525,1
1959,1958,73.799194,21536,1
1960,1959,73.810333,21547,1
1961,1960,73.821469,21558,1
1962,1961,73.832605,21569,1
1963,1962,73.843744,21580,1
1964,1963,73.854880,21591,1
1965,1964,73.866017,21602,1
1966,1965,73.877153,21613,1
1967,1966,73.888288,21624,1
1968,1967,73.899426,21635,1
1969,1968,73.910563,21646,1
1970,1969,73.921701,21657,1
1971,1970,73.932837,21668,1
1972,1971,73.943974,21679,1
1973,1972,73.955112,21690,1
1974,1973,73.966247,21701,1
1975,1974,73.977383,21712,1
1976,1975,73.988520,21723,1
1977,1976,73.999656,21734,1
1978,1977,74.010794,21745,1
1979,1978,74.021929,21756,1
1980,1979,74.033067,21767,1
1981,1980,74.044203,21778,1
1982,1981,74.055341,21789,1
1983,1982,74.066478,21800,1
1984,1983,74.077612,21811,1
1985,1984,74.088749,21822,1
1986,1985,74.099888,21833,1
1987,1986,74.111022,21844,1
1988,1987,74.122162,21855,1
1989,1988,74.133299,21866,1
1990,1989,74.144432,21877,1
1991,1990,74.155569,21888,1
1992,1991,74.166707,21899,1
1993,1992,74.177843,21910,1
1994,1993,74.188981,21921,1
1995,1994,74.200118,21932,1
1996,1995,74.211254,21943,1
1997,1996,74.222391,21954,1
1998,1997,74.233527,21965,1
1999,1998,74.244664,21976,1
2000,1999,74.255801,21987,1
2001,2000,74.266936,21998,1
2002,2001,74.278074,22009,1
2003,2002,74.289210,22020,1
2004,2003,74.300347,22031,1
2005,2004,74.311486,22042,1
2006,2005,74.322622,22053,1
2007,2006,74.333758,22064,1
2008,2007,74.344896,22075,1
2009,2008,74.356032,22086,1
2010,2009,74.367169,22097,1
2011,2010,74.378305,22108,1
2012,2011,74.389443,22119,1
2013,2012,74.400579,22130,1
2014,2013,74.411714,22141,1
2015,2014,74.422851,22152,1
2016,2015,74.433989,22163,1
2017,2016,74.445126,22174,1
2018,2017,74.456262,22185,1
2019,2018,74.467397,22196,1
2020,2019,74.478535,22207,1
2021,2020,74.489673,22218,1
2022,2021,74.500809,22229,1
2023,2022,74.511947,22240,1
2024,2023,74.523081,22251,1
2025,2024,74.534219,22262,1
2026,2025,74.545357,22273,1
2027,2026,74.556494,22284,1
2028,2027,74.566617,22294,1
2029,2028,74.577754,22305,1
2030,2029,74.588890,22316,1
2031,2030,74.600026,22327,1
2032,2031,74.611164,22338,1
2033,2032,74.622302,22349,1
2034,2033,74.633437,22360,1
2035,2034,74.644574,22371,1
2036,2035,74.655712,22382,1
2037,2036,74.666846,22393,1
2038,2037,74.677983,22404,1
2039,2038,74.689121,22415,1
2040,2039,74.700258,22426,1
2041,2040,74.711394,22437,1
2042,2041,74.722530,22448,1
2043,2042,74.733666,22459,1
2044,2043,74.744805,22470,1
2045,2044,74.755942,22481,1
2046,2045,74.767079,22492,1
2047,2046,74.778215,22503,1
2048,2047,74.789350,22514,1
2049,2048,74.800487,22525,1
2050,2049,74.811625,22536,1
2051,2050,74.822762,22547,1
2052,2051,74.833897,22558,1
2053,2052,74.845035,22569,1
2054,2053,74.856172,22580,1
2055,2054,74.867307,22591,1
2056,2055,74.878446,22602,1
2057,2056,74.889582,22613,1
2058,2057,74.900718,22624,1
2059,2058,74.911857,22635,1
2060,2059,74.922991,22646,1
2061,2060,74.934129,22657,1
2062,2061,74.945267,22668,1
2063,2062,74.956401,22679,1
2064,2063,74.967539,22690,1
2065,2064,74.978676,22701,1
2066,2065,74.989813,22712,1
2067,2066,75.000950,22723,1
2068,2067,75.012085,22734,1
2069,2068,75.023222,22745,1
2070,2069,75.034360,22756,1
2071,2070,75.045495,22767,1
2072,2071,75.056634,22778,1
2073,2072,75.067768,22789,1
2074,2073,75.078907,22800,1
2075,2074,75.090043,22811,1
2076,2075,75.101179,22822,1
2077,2076,75.112317,22833,1
2078,2077,75.123454,22844,1
2079,2078,75.134588,22855,1
2080,2079,75.145727,22866,1
2081,2080,75.156862,22877,1
2082,2081,75.167999,22888,1
2083,2082,75.179135,22899,1
2084,2083,75.190274,22910,1
2085,2084,75.201409,22921,1
2086,2085,75.212547,22932,1
2087,2086,75.223684,22943,1
2088,2087,75.234819,22954,1
2089,2088,75.245958,22965,1
2090,2089,75.257106,22976,1
2091,2090,75.268229,22987,1
2092,2091,75.279367,22998,1
2093,2092,75.290504,23009,1
2094,2093,75.301642,23020,1
2095,2094,75.312779,23031,1
2096,2095,75.323913,23042,1
2097,2096,75.335052,23053,1
2098,2097,75.346187,23064,1
2099,2098,75.357324,23075,1
2100,2099,75.368460,23086,1
2101,2100,75.379599,23097,1
2102,2101,75.390735,23108,1
2103,2102,75.401872,23119,1
2104,2103,75.413007,23130,1
2105,2104,75.424143,23141,1
2106,2105,75.435280,23152,1
2107,2106,75.446417,23163,1
2108,2107,75.457555,23174,1
2109,2108,75.468690,23185,1
2110,2109,75.479829,23196,1
2111,2110,75.490965,23207,1
2112,2111,75.502113,23218,1
2113,2112,75.513237,23229,1
2114,2113,75.524376,23240,1
2115,2114,75.535512,23251,1
2116,2115,75.546649,23262,1
2117,2116,75.557784,23273,1
2118,2117,75.568923,23284,1
2119,2118,75.580059,23295,1
2120,2119,75.591196,23306,1
2121,2120,75.602331,23317,1
2122,2121,75.613467,23328,1
2123,2122,75.624607,23339,1
2124,2123,75.635741,23350,1
2125,2124,75.646879,23361,1
2126,2125,75.658015,23372,1
2127,2126,75.669153,23383,1
2128,2127,75.680288,23394,1
2129,2128,75.691426,23405,1
2130,2129,75.702563,23416,1
2131,2130,75.713698,23427,1
2132,2131,75.724835,23437,1
2133,2132,75.735972,23448,1
2134,2133,75.747111,23459,1
2135,2134,75.758247,23470,1
2136,2135,75.769383,23481,1
2137,2136,75.780519,23492,1
2138,2137,75.791655,23503,1
2139,2138,75.802792,23514,1
2140,2139,75.813930,23525,1
2141,2140,75.825067,23536,1
2142,2141,75.835192,23546,1
2143,2142,75.846326,23557,1
2144,2143,75.857464,23568,1
2145,2144,75.868602,23579,1
2146,2145,75.879737,23590,1
2147,2146,75.890875,23601,1
2148,2147,75.902012,23612,1
2149,2148,75.913148,23623,1
2150,2149,75.924285,23634,1
2151,2150,75.935420,23645,1
2152,2151,75.946559,23656,1
2153,2152,75.957694,23667,1
2154,2153,75.968832,23678,1
2155,2154,75.979968,23689,1
2156,2155,75.991109,23700,1
2157,2156,76.002240,23711,1
2158,2157,76.013380,23722,1
2159,2158,76.024515,23733,1
2160,2159,76.035650,23744,1
2161,2160,76.046789,23755,1
2162,2161,76.057924,23766,1
2163,2162,76.069061,23777,1
2164,2163,76.080199,23788,1
2165,2164,76.091336,23799,1
2166,2165,76.102471,23810,1
2167,2166,76.113608,23821,1
2168,2167,76.124744,23832,1
2169,2168,76.135881,23843,1
2170,2169,76.147020,23854,1
2171,2170,76.158154,23865,1
2172,2171,76.169293,23876,1
2173,2172,76.180429,23887,1
2174,2173,76.191566,23898,1
2175,2174,76.202703,23909,1
2176,2175,76.213838,23920,1
2177,2176,76.224975,23931,1
2178,2177,76.236111,23942,1
2179,2178,76.247250,23953,1
2180,2179,76.258386,23964,1
2181,2180,76.269523,23975,1
2182,2181,76.280661,23986,1
2183,2182,76.291795,23997,1
2184,2183,76.302934,24008,1
2185,2184,76.314071,24019,1
2186,2185,76.325206,24030,1
2187,2186,76.336344,24041,1
2188,2187,76.347479,24052,1
2189,2188,76.358615,24063,1
2190,2189,76.369753,24074,1
2191,2190,76.380891,24085,1
2192,2191,76.392027,24096,1
2193,2192,76.403164,24107,1
2194,2193,76.414301,24118,1
2195,2194,76.425437,24129,1
2196,2195,76.436574,24140,1
2197,2196,76.447711,24151,1
2198,2197,76.458847,24162,1
2199,2198,76.469985,24173,1
2200,2199,76.481122,24184,1
2201,2200,76.492258,24195,1
2202,2201,76.503395,24206,1
2203,2202,76.514532,24217,1
2204,2203,76.525668,24228,1
2205,2204,76.536805,24239,1
2206,2205,76.547942,24250,1
2207,2206,76.559077,24261,1
2208,2207,76.570214,24272,1
2209,2208,76.581351,24283,1
2210,2209,76.592487,24294,1
2211,2210,76.603625,24305,1
2212,2211,76.614762,24316,1
2213,2212,76.625898,24327,1
2214,2213,76.637034,24338,1
2215,2214,76.648172,24349,1
2216,2215,76.659307,24360,1
2217,2216,76.670445,24371,1
2218,2217,76.681581,24382,1
2219,2218,76.692717,24393,1
2220,2219,76.703855,24404,1
2221,2220,76.714993,24415,1
2222,2221,76.726130,24426,1
2223,2222,76.737264,24437,1
2224,2223,76.748403,24448,1
2225,2224,76.759539,24459,1
2226,2225,76.770676,24470,1
2227,2226,76.781812,24481,1
2228,2227,76.792950,24492,1
2229,2228,76.804087,24503,1
2230,2229,76.815223,24514,1
2231,2230,76.826360,24525,1
2232,2231,76.837497,24536,1
2233,2232,76.848631,24547,1
2234,2233,76.859768,24558,1
2235,2234,76.870906,24569,1
2236,2235,76.882043,24580,1
2237,2236,76.893178,24591,1
2238,2237,76.904315,24602,1
2239,2238,76.915453,24613,1
2240,2239,76.926590,24624,1
2241,2240,76.937725,24635,1
2242,2241,76.948863,24646,1
2243,2242,76.960001,24657,1
2244,2243,76.971137,24668,1
2245,2244,76.982273,24679,1
2246,2245,76.993408,24690,1
2247,2246,77.004547,24701,1
2248,2247,77.015682,24712,1
2249,2248,77.026819,24723,1
2250,2249,77.037957,24734,1
2251,2250,77.049104,24745,1
2252,2251,77.060231,24756,1
2253,2252,77.071365,24767,1
2254,2253,77.082503,24778,1
2255,2254,77.092629,24788,1
2256,2255,77.103765,24799,1
2257,2256,77.114900,24810,1
2258,2257,77.126038,24821,1
2259,2258,77.137174,24832,1
2260,2259,77.148313,24843,1
2261,2260,77.159448,24854,1
2262,2261,77.170586,24865,1
2263,2262,77.181721,24876,1
2264,2263,77.192859,24887,1
2265,2264,77.203994,24898,1
2266,2265,77.215130,24909,1
2267,2266,77.226268,24920,1
2268,2267,77.237404,24931,1
2269,2268,77.248543,24942,1
2270,2269,77.259678,24953,1
2271,2270,77.270814,24964,1
2272,2271,77.281951,24975,1
2273,2272,77.293090,24986,1
2274,2273,77.304224,24997,1
2275,2274,77.315363,25008,1
2276,2275,77.326499,25019,1
2277,2276,77.337637,25030,1
2278,2277,77.348771,25041,1
2279,2278,77.359909,25052,1
2280,2279,77.371045,25063,1
2281,2280,77.382183,25074,1
2282,2281,77.393321,25085,1
2283,2282,77.404456,25096,1
2284,2283,77.415592,25107,1
2285,2284,77.426729,25118,1
2286,2285,77.437865,25129,1
2287,2286,77.449002,25140,1
2288,2287,77.460139,25151,1
2289,2288,77.471277,25162,1
2290,2289,77.482412,25173,1
2291,2290,77.493549,25184,1
2292,2291,77.504688,25195,1
2293,2292,77.515822,25206,1
2294,2293,77.526961,25217,1
2295,2294,77.538105,25228,1
2296,2295,77.549232,25239,1
2297,2296,77.560370,25250,1
2298,2297,77.571508,25261,1
2299,2298,77.582643,25272,1
2300,2299,77.593781,25283,1
2301,2300,77.604917,25294,1
2302,2301,77.616055,25305,1
2303,2302,77.627189,25316,1
2304,2303,77.638328,25327,1
2305,2304,77.649464,25338,1
2306,2305,77.660602,25349,1
2307,2306,77.671738,25360,1
2308,2307,77.682873,25371,1
2309,2308,77.694010,25382,1
2310,2309,77.705148,25393,1
2311,2310,77.716283,25404,1
2312,2311,77.727422,25415,1
2313,2312,77.738558,25426,1
2314,2313,77.749693,25437,1
2315,2314,77.760832,25448,1
2316,2315,77.771968,25459,1
2317,2316,77.783108,25470,1
2318,2317,77.794240,25481,1
2319,2318,77.805379,25492,1
2320,2319,77.816515,25503,1
2321,2320,77.827653,25514,1
2322,2321,77.838789,25525,1
2323,2322,77.849925,25536,1
2324,2323,77.861061,25547,1
2325,2324,77.872197,25558,1
2326,2325,77.883335,25569,1
2327,2326,77.894471,25580,1
2328,2327,77.905607,25591,1
2329,2328,77.916745,25602,1
2330,2329,77.927881,25613,1
2331,2330,77.939020,25624,1
2332,2331,77.950154,25635,1
2333,2332,77.961292,25646,1
2334,2333,77.972429,25657,1
2335,2334,77.983566,25668,1
2336,2335,77.994703,25679,1
2337,2336,78.005838,25690,1
2338,2337,78.016976,25701,1
2339,2338,78.028113,25712,1
2340,2339,78.039250,25723,1
2341,2340,78.050387,25734,1
2342,2341,78.061522,25745,1
2343,2342,78.072660,25756,1
2344,2343,78.083797,25767,1
2345,2344,78.094934,25778,1
2346,2345,78.106070,25789,1
2347,2346,78.117205,25800,1
2348,2347,78.128344,25811,1
2349,2348,78.139478,25822,1
2350,2349,78.150617,25833,1
2351,2350,78.161752,25844,1
2352,2351,78.172890,25855,1
2353,2352,78.184028,25866,1
2354,2353,78.195164,25877,1
2355,2354,78.206300,25888,1
2356,2355,78.217437,25899,1
2357,2356,78.228574,25910,1
2358,2357,78.239710,25921,1
2359,2358,78.250847,25932,1
2360,2359,78.261985,25943,1
2361,2360,78.273122,25954,1
2362,2361,78.284258,25965,1
2363,2362,78.295392,25976,1
2364,2363,78.306532,25987,1
2365,2364,78.317666,25998,1
2366,2365,78.328805,26009,1
2367,2366,78.339942,26020,1
2368,2367,78.350067,26030,1
2369,2368,78.361203,26041,1
2370,2369,78.372338,26052,1
2371,2370,78.383476,26063,1
2372,2371,78.394612,26074,1
2373,2372,78.405750,26085,1
2374,2373,78.416885,26096,1
2375,2374,78.428023,26107,1
2376,2375,78.439160,26118,1
2377,2376,78.450296,26129,1
2378,2377,78.461433,26140,1
2379,2378,78.472569,26151,1
2380,2379,78.483706,26162,1
2381,2380,78.494841,26173,1
2382,2381,78.505980,26184,1
2383,2382,78.517116,26195,1
2384,2383,78.528253,26206,1
2385,2384,78.539390,26217,1
2386,2385,78.550526,26228,1
2387,2386,78.561663,26239,1
2388,2387,78.572800,26250,1
2389,2388,78.583935,26261,1
2390,2389,78.595073,26272,1
2391,2390,78.606208,26283,1
2392,2391,78.617346,26294,1
2393,2392,78.628484,26305,1
2394,2393,78.639619,26316,1
2395,2394,78.650757,26327,1
2396,2395,78.661893,26338,1
2397,2396,78.673031,26349,1
2398,2397,78.684165,26360,1
2399,2398,78.695304,26371,1
2400,2399,78.706441,26382,1
2401,2400,78.717575,26393,1
2402,2401,78.728712,26404,1
2403,2402,78.739851,26415,1
2404,2403,78.750988,26426,1
2405,2404,78.762124,26437,1
2406,2405,78.773261,26448,1
2407,2406,78.784397,26459,1
2408,2407,78.795535,26470,1
2409,2408,78.806671,26481,1
2410,2409,78.817806,26492,1
2411,2410,78.828944,26503,1
2412,2411,78.840082,26514,1
2413,2412,78.851217,26525,1
2414,2413,78.862355,26536,1
2415,2414,78.873491,26547,1
2416,2415,78.884626,26558,1
2417,2416,78.895765,26569,1
2418,2417,78.906902,26580,1
2419,2418,78.918038,26591,1
2420,2419,78.929173,26602,1
2421,2420,78.940311,26613,1
2422,2421,78.951446,26624,1
2423,2422,78.962585,26635,1
2424,2423,78.973720,26646,1
2425,2424,78.984857,26657,1
2426,2425,78.995994,26668,1
2427,2426,79.007130,26679,1
2428,2427,79.018267,26690,1
2429,2428,79.029405,26701,1
2430,2429,79.040541,26712,1
2431,2430,79.051677,26723,1
2432,2431,79.062814,26734,1
2433,2432,79.073952,26745,1
2434,2433,79.085090,26756,1
2435,2434,79.096226,26767,1
2436,2435,79.107363,26778,1
2437,2436,79.118499,26789,1
2438,2437,79.129636,26800,1
2439,2438,79.140772,26811,1
2440,2439,79.151909,26822,1
2441,2440,79.163044,26833,1
2442,2441,79.174183,26844,1
2443,2442,79.185319,26855,1
2444,2443,79.196456,26866,1
2445,2444,79.207593,26877,1
2446,2445,79.218729,26888,1
2447,2446,79.229866,26899,1
2448,2447,79.241001,26910,1
2449,2448,79.252138,26921,1
2450,2449,79.263277,26932,1
2451,2450,79.274412,26943,1
2452,2451,79.285550,26954,1
2453,2452,79.296687,26965,1
2454,2453,79.307823,26976,1
2455,2454,79.318961,26987,1
2456,2455,79.330106,26998,1
2457,2456,79.341232,27009,1
2458,2457,79.352371,27020,1
2459,2458,79.363507,27031,1
2460,2459,79.374644,27042,1
2461,2460,79.385779,27053,1
2462,2461,79.396917,27064,1
2463,2462,79.408054,27075,1
2464,2463,79.419191,27086,1
2465,2464,79.430328,27097,1
2466,2465,79.441464,27108,1
2467,2466,79.452599,27119,1
2468,2467,79.463738,27130,1
2469,2468,79.474875,27141,1
2470,2469,79.486010,27152,1
2471,2470,79.497148,27163,1
2472,2471,79.508283,27174,1
2473,2472,79.519422,27185,1
2474,2473,79.530558,27196,1
2475,2474,79.541693,27207,1
2476,2475,79.552831,27218,1
2477,2476,79.563968,27229,1
2478,2477,79.575109,27240,1
2479,2478,79.586240,27251,1
2480,2479,79.597376,27262,1
2481,2480,79.608515,27273,1
2482,2481,79.618640,27283,1
2483,2482,79.629776,27294,1
2484,2483,79.640912,27305,1
2485,2484,79.652048,27316,1
2486,2485,79.663184,27327,1
2487,2486,79.674321,27338,1
2488,2487,79.685460,27349,1
2489,2488,79.696594,27360,1
2490,2489,79.707734,27371,1
2491,2490,79.718869,27382,1
2492,2491,79.730007,27393,1
2493,2492,79.741143,27404,1
2494,2493,79.752278,27415,1
2495,2494,79.763416,27426,1
2496,2495,79.774554,27437,1
2497,2496,79.785690,27448,1
2498,2497,79.796825,27459,1
2499,2498,79.807962,27470,1
2500,2499,79.819105,27481,1
2501,2500,79.830238,27492,1
2502,2501,79.841374,27503,1
2503,2502,79.852510,27514,1
2504,2503,79.863648,27525,1
2505,2504,79.874783,27536,1
2506,2505,79.885919,27547,1
2507,2506,79.897056,27558,1
2508,2507,79.908192,27569,1
2509,2508,79.919330,27580,1
2510,2509,79.930467,27591,1
2511,2510,79.941604,27602,1
2512,2511,79.952739,27613,1
2513,2512,79.963876,27624,1
2514,2513,79.975014,27635,1
2515,2514,79.986151,27646,1
2516,2515,79.997287,27657,1
2517,2516,80.008424,27668,1
2518,2517,80.019559,27679,1
2519,2518,80.030698,27690,1
2520,2519,80.041835,27701,1
2521,2520,80.052972,27712,1
2522,2521,80.064107,27723,1
2523,2522,80.075244,27734,1
2524,2523,80.086381,27745,1
2525,2524,80.097516,27756,1
2526,2525,80.108655,27767,1
2527,2526,80.119791,27778,1
2528,2527,80.130928,27789,1
2529,2528,80.142066,27800,1
2530,2529,80.153200,27811,1
2531,2530,80.164339,27822,1
2532,2531,80.175473,27833,1
2533,2532,80.186610,27844,1
2534,2533,80.197748,27855,1
2535,2534,80.208886,27866,1
2536,2535,80.220023,27877,1
2537,2536,80.231158,27888,1
2538,2537,80.242295,27899,1
2539,2538,80.253430,27910,1
2540,2539,80.264569,27921,1
2541,2540,80.275706,27932,1
2542,2541,80.286843,27943,1
2543,2542,80.297977,27954,1
2544,2543,80.309116,27965,1
2545,2544,80.320252,27976,1
2546,2545,80.331390,27987,1
2547,2546,80.342526,27998,1
2548,2547,80.353661,28009,1
2549,2548,80.364800,28020,1
2550,2549,80.375936,28031,1
2551,2550,80.387073,28042,1
2552,2551,80.398210,28053,1
2553,2552,80.409346,28064,1
2554,2553,80.420483,28075,1
2555,2554,80.431620,28086,1
2556,2555,80.442757,28097,1
2557,2556,80.453893,28108,1
2558,2557,80.465030,28119,1
2559,2558,80.476166,28130,1
2560,2559,80.487302,28141,1
2561,2560,80.498439,28152,1
2562,2561,80.509578,28163,1
2563,2562,80.520712,28174,1
2564,2563,80.531849,28185,1
2565,2564,80.542985,28196,1
2566,2565,80.554123,28207,1
2567,2566,80.565260,28218,1
2568,2567,80.576397,28229,1
2569,2568,80.587532,28240,1
2570,2569,80.598669,28251,1
2571,2570,80.609806,28262,1
2572,2571,80.620944,28273,1
2573,2572,80.632079,28284,1
2574,2573,80.643218,28295,1
2575,2574,80.654354,28306,1
2576,2575,80.665489,28317,1
2577,2576,80.676627,28328,1
2578,2577,80.687764,28339,1
2579,2578,80.698901,28350,1
2580,2579,80.710038,28361,1
2581,2580,80.721175,28371,1
2582,2581,80.732309,28382,1
2583,2582,80.743448,28393,1
2584,2583,80.754585,28404,1
2585,2584,80.765722,28415,1
2586,2585,80.776858,28426,1
2587,2586,80.787993,28437,1
2588,2587,80.799132,28448,1
2589,2588,80.810268,28459,1
2590,2589,80.821403,28470,1
2591,2590,80.832540,28481,1
2592,2591,80.843678,28492,1
2593,2592,80.854815,28503,1
2594,2593,80.865950,28514,1
2595,2594,80.876077,28524,1
2596,2595,80.887211,28535,1
2597,2596,80.898348,28546,1
2598,2597,80.909487,28557,1
2599,2598,80.920623,28568,1
2600,2599,80.931758,28579,1
2601,2600,80.942897,28590,1
2602,2601,80.954033,28601,1
2603,2602,80.965170,28612,1
2604,2603,80.976305,28623,1
2605,2604,80.987443,28634,1
2606,2605,80.998579,28645,1
2607,2606,81.009715,28656,1
2608,2607,81.020852,28667,1
2609,2608,81.031991,28678,1
2610,2609,81.043125,28689,1
2611,2610,81.054262,28700,1
2612,2611,81.065400,28711,1
2613,2612,81.076538,28722,1
2614,2613,81.087674,28733,1
2615,2614,81.098810,28744,1
2616,2615,81.109945,28755,1
2617,2616,81.121085,28766,1
2618,2617,81.132219,28777,1
2619,2618,81.143356,28788,1
2620,2619,81.154492,28799,1
2621,2620,81.165630,28810,1
2622,2621,81.176766,28821,1
2623,2622,81.187905,28832,1
2624,2623,81.199041,28843,1
2625,2624,81.210176,28854,1
2626,2625,81.221313,28865,1
2627,2626,81.232451,28876,1
2628,2627,81.243588,28887,1
2629,2628,81.254723,28898,1
2630,2629,81.265862,28909,1
2631,2630,81.276998,28920,1
2632,2631,81.288134,28931,1
2633,2632,81.299271,28942,1
2634,2633,81.310408,28953,1
2635,2634,81.321545,28964,1
2636,2635,81.332680,28975,1
2637,2636,81.343819,28986,1
2638,2637,81.354954,28997,1
2639,2638,81.366103,29008,1
2640,2639,81.377229,29019,1
2641,2640,81.388366,29030,1
2642,2641,81.399502,29041,1
2643,2642,81.410639,29052,1
2644,2643,81.421774,29063,1
2645,2644,81.432912,29074,1
2646,2645,81.444047,29085,1
2647,2646,81.455185,29096,1
2648,2647,81.466321,29107,1
2649,2648,81.477459,29118,1
2650,2649,81.488595,29129,1
2651,2650,81.499731,29140,1
2652,2651,81.510870,29151,1
2653,2652,81.522007,29162,1
2654,2653,81.533142,29173,1
2655,2654,81.544280,29184,1
2656,2655,81.555416,29195,1
2657,2656,81.566553,29206,1
2658,2657,81.577689,29217,1
2659,2658,81.588826,29228,1
2660,2659,81.599961,29239,1
2661,2660,81.611109,29250,1
2662,2661,81.622235,29261,1
2663,2662,81.633374,29272,1
2664,2663,81.644510,29283,1
2665,2664,81.655645,29294,1
2666,2665,81.666783,29305,1
2667,2666,81.677920,29316,1
2668,2667,81.689055,29327,1
2669,2668,81.700194,29338,1
2670,2669,81.711329,29349,1
2671,2670,81.722467,29360,1
2672,2671,81.733603,29371,1
2673,2672,81.744738,29382,1
2674,2673,81.755877,29393,1
2675,2674,81.767012,29404,1
2676,2675,81.778151,29415,1
2677,2676,81.789286,29426,1
2678,2677,81.800424,29437,1
2679,2678,81.811559,29448,1
2680,2679,81.822697,29459,1
2681,2680,81.833833,29470,1
2682,2681,81.844969,29481,1
2683,2682,81.856108,29492,1
2684,2683,81.867245,29503,1
2685,2684,81.878379,29514,1
2686,2685,81.889516,29525,1
2687,2686,81.900655,29536,1
2688,2687,81.911791,29547,1
2689,2688,81.922926,29558,1
2690,2689,81.934065,29569,1
2691,2690,81.945202,29580,1
2692,2691,81.956338,29591,1
2693,2692,81.967475,29602,1
2694,2693,81.978610,29613,1
2695,2694,81.989749,29624,1
2696,2695,82.000883,29635,1
2697,2696,82.012020,29646,1
2698,2697,82.023158,29657,1
2699,2698,82.034295,29668,1
2700,2699,82.045431,29679,1
2701,2700,82.056569,29690,1
2702,2701,82.067704,29701,1
2703,2702,82.078842,29712,1
2704,2703,82.089977,29723,1
2705,2704,82.101115,29734,1
2706,2705,82.112253,29745,1
2707,2706,82.123389,29756,1
2708,2707,82.133512,29766,1
2709,2708,82.144650,29777,1
2710,2709,82.155785,29788,1
2711,2710,82.166923,29799,1
2712,2711,82.178059,29810,1
2713,2712,82.189195,29821,1
2714,2713,82.200334,29832,1
2715,2714,82.211470,29843,1
2716,2715,82.222606,29854,1
2717,2716,82.233742,29865,1
2718,2717,82.244880,29876,1
2719,2718,82.256015,29887,1
2720,2719,82.267153,29898,1
2721,2720,82.278291,29909,1
2722,2721,82.289428,29920,1
2723,2722,82.300564,29931,1
2724,2723,82.311699,29942,1
2725,2724,82.322837,29953,1
2726,2725,82.333972,29964,1
2727,2726,82.345109,29975,1
2728,2727,82.356245,29986,1
2729,2728,82.367382,29997,1
2730,2729,82.378522,30008,1
2731,2730,82.389657,30019,1
2732,2731,82.400795,30030,1
2733,2732,82.411929,30041,1
2734,2733,82.423069,30052,1
2735,2734,82.434203,30063,1
2736,2735,82.445339,30074,1
2737,2736,82.456478,30085,1
2738,2737,82.467615,30096,1
2739,2738,82.478749,30107,1
2740,2739,82.489889,30118,1
2741,2740,82.501025,30129,1
2742,2741,82.512160,30140,1
2743,2742,82.523297,30151,1
2744,2743,82.534435,30162,1
2745,2744,82.545570,30173,1
2746,2745,82.556707,30184,1
2747,2746,82.567846,30195,1
2748,2747,82.578982,30206,1
2749,2748,82.590117,30217,1
2750,2749,82.601255,30228,1
2751,2750,82.612390,30239,1
2752,2751,82.623528,30250,1
2753,2752,82.634665,30261,1
2754,2753,82.645802,30272,1
2755,2754,82.656939,30283,1
2756,2755,82.668077,30294,1
2757,2756,82.679212,30305,1
2758,2757,82.690349,30316,1
2759,2758,82.701484,30327,1
2760,2759,82.712622,30338,1
2761,2760,82.723757,30349,1
2762,2761,82.734896,30360,1
2763,2762,82.746031,30371,1
2764,2763,82.757170,30382,1
2765,2764,82.768307,30393,1
2766,2765,82.779444,30404,1
2767,2766,82.790580,30415,1
2768,2767,82.801716,30426,1
2769,2768,82.812852,30437,1
2770,2769,82.823990,30448,1
2771,2770,82.835125,30459,1
2772,2771,82.846262,30470,1
2773,2772,82.857400,30481,1
2774,2773,82.868535,30492,1
2775,2774,82.879674,30503,1
2776,2775,82.890811,30514,1
2777,2776,82.901947,30525,1
2778,2777,82.913084,30536,1
2779,2778,82.924218,30547,1
2780,2779,82.935356,30558,1
2781,2780,82.946493,30569,1
2782,2781,82.957628,30580,1
2783,2782,82.968767,30591,1
2784,2783,82.979904,30602,1
2785,2784,82.991040,30613,1
2786,2785,83.002178,30624,1
2787,2786,83.013314,30635,1
2788,2787,83.024450,30646,1
2789,2788,83.035588,30657,1
2790,2789,83.046724,30668,1
2791,2790,83.057859,30679,1
2792,2791,83.068998,30690,1
2793,2792,83.080133,30701,1
2794,2793,83.091271,30712,1
2795,2794,83.102406,30723,1
2796,2795,83.113544,30734,1
2797,2796,83.124681,30745,1
2798,2797,83.135818,30756,1
2799,2798,83.146953,30767,1
2800,2799,83.158089,30778,1
2801,2800,83.169228,30789,1
2802,2801,83.180363,30800,1
2803,2802,83.191500,30811,1
2804,2803,83.202637,30822,1
2805,2804,83.213775,30833,1
2806,2805,83.224911,30844,1
2807,2806,83.236047,30855,1
2808,2807,83.247186,30866,1
2809,2808,83.258321,30877,1
2810,2809,83.269459,30888,1
2811,2810,83.280593,30899,1
2812,2811,83.291732,30910,1
2813,2812,83.302867,30921,1
2814,2813,83.314004,30932,1
2815,2814,83.325142,30943,1
2816,2815,83.336277,30954,1
2817,2816,83.347416,30965,1
2818,2817,83.358550,30976,1
2819,2818,83.369687,30987,1
2820,2819,83.380824,30998,1
2821,2820,83.391962,31009,1
2822,2821,83.402086,31019,1
2823,2822,83.413224,31030,1
2824,2823,83.424358,31041,1
2825,2824,83.435496,31052,1
2826,2825,83.446634,31063,1
2827,2826,83.457769,31074,1
2828,2827,83.468908,31085,1
2829,2828,83.480044,31096,1
2830,2829,83.491179,31107,1
2831,2830,83.502317,31118,1
2832,2831,83.513452,31129,1
2833,2832,83.524590,31140,1
2834,2833,83.535728,31151,1
2835,2834,83.546865,31162,1
2836,2835,83.558000,31173,1
2837,2836,83.569137,31184,1
2838,2837,83.580273,31195,1
2839,2838,83.591411,31206,1
2840,2839,83.602546,31217,1
2841,2840,83.613684,31228,1
2842,2841,83.624819,31239,1
2843,2842,83.635957,31250,1
2844,2843,83.647106,31261,1
2845,2844,83.658231,31272,1
2846,2845,83.669369,31283,1
2847,2846,83.680505,31294,1
2848,2847,83.691641,31305,1
2849,2848,83.702777,31316,1
2850,2849,83.713913,31327,1
2851,2850,83.725052,31338,1
2852,2851,83.736187,31349,1
2853,2852,83.747323,31360,1
2854,2853,83.758462,31371,1
2855,2854,83.769597,31382,1
2856,2855,83.780735,31393,1
2857,2856,83.791872,31404,1
2858,2857,83.803007,31415,1
2859,2858,83.814146,31426,1
2860,2859,83.825280,31437,1
2861,2860,83.836417,31448,1
2862,2861,83.847556,31459,1
2863,2862,83.858691,31470,1
2864,2863,83.869829,31481,1
2865,2864,83.880966,31492,1
2866,2865,83.892107,31503,1
2867,2866,83.903239,31514,1
2868,2867,83.914376,31525,1
2869,2868,83.925513,31536,1
2870,2869,83.936649,31547,1
2871,2870,83.947785,31558,1
2872,2871,83.958922,31569,1
2873,2872,83.970061,31580,1
2874,2873,83.981194,31591,1
2875,2874,83.992334,31602,1
2876,2875,84.003469,31613,1
2877,2876,84.014604,31624,1
2878,2877,84.025743,31635,1
2879,2878,84.036880,31646,1
2880,2879,84.048017,31657,1
2881,2880,84.059153,31668,1
2882,2881,84.070288,31679,1
2883,2882,84.081426,31690,1
2884,2883,84.092563,31701,1
2885,2884,84.103701,31712,1
2886,2885,84.114836,31723,1
2887,2886,84.125972,31734,1
2888,2887,84.137109,31745,1
2889,2888,84.148247,31756,1
2890,2889,84.159384,31767,1
2891,2890,84.170521,31778,1
2892,2891,84.181657,31789,1
2893,2892,84.192794,31800,1
2894,2893,84.203929,31811,1
2895,2894,84.215068,31822,1
2896,2895,84.226204,31833,1
2897,2896,84.237341,31844,1
2898,2897,84.248477,31855,1
2899,2898,84.259615,31866,1
2900,2899,84.270751,31877,1
2901,2900,84.281887,31888,1
2902,2901,84.293025,31899,1
2903,2902,84.304161,31910,1
2904,2903,84.315298,31921,1
2905,2904,84.326433,31932,1
2906,2905,84.337569,31943,1
2907,2906,84.348709,31954,1
2908,2907,84.359845,31965,1
2909,2908,84.370981,31976,1
2910,2909,84.382118,31987,1
2911,2910,84.393254,31998,1
2912,2911,84.404390,32009,1
2913,2912,84.415528,32020,1
2914,2913,84.426666,32031,1
2915,2914,84.437802,32042,1
2916,2915,84.448937,32053,1
2917,2916,84.460076,32064,1
2918,2917,84.471213,32075,1
2919,2918,84.482348,32086,1
2920,2919,84.493485,32097,1
2921,2920,84.504622,32108,1
2922,2921,84.515759,32119,1
2923,2922,84.526894,32130,1
2924,2923,84.538033,32141,1
2925,2924,84.549169,32152,1
2926,2925,84.560305,32163,1
2927,2926,84.571441,32174,1
2928,2927,84.582580,32185,1
2929,2928,84.593716,32196,1
2930,2929,84.604853,32207,1
2931,2930,84.615989,32218,1
2932,2931,84.627126,32229,1
2933,2932,84.638262,32240,1
2934,2933,84.649398,32251,1
2935,2934,84.659524,32261,1
2936,2935,84.670661,32272,1
2937,2936,84.681797,32283,1
2938,2937,84.692932,32294,1
2939,2938,84.704072,32305,1
2940,2939,84.715208,32316,1
2941,2940,84.726345,32327,1
2942,2941,84.737481,32338,1
2943,2942,84.748618,32349,1
2944,2943,84.759753,32360,1
2945,2944,84.770889,32371,1
2946,2945,84.782028,32382,1
2947,2946,84.793164,32393,1
2948,2947,84.804302,32404,1
2949,2948,84.815438,32415,1
2950,2949,84.826575,32426,1
2951,2950,84.837712,32437,1
2952,2951,84.848847,32448,1
2953,2952,84.859985,32459,1
2954,2953,84.871121,32470,1
2955,2954,84.882258,32481,1
2956,2955,84.893393,32492,1
2957,2956,84.904530,32503,1
2958,2957,84.915669,32514,1
2959,2958,84.926803,32525,1
2960,2959,84.937942,32536,1
2961,2960,84.949078,32547,1
2962,2961,84.960216,32558,1
2963,2962,84.971351,32569,1
2964,2963,84.982489,32580,1
2965,2964,84.993626,32591,1
2966,2965,85.004761,32602,1
2967,2966,85.015899,32613,1
2968,2967,85.027034,32624,1
2969,2968,85.038170,32635,1
2970,2969,85.049307,32646,1
2971,2970,85.060446,32657,1
2972,2971,85.071580,32668,1
2973,2972,85.082719,32679,1
2974,2973,85.093855,32690,1
2975,2974,85.104993,32701,1
2976,2975,85.116129,32712,1
2977,2976,85.127266,32723,1
2978,2977,85.138403,32734,1
2979,2978,85.149539,32745,1
2980,2979,85.160675,32756,1
2981,2980,85.171811,32767,1
2982,2981,85.182949,32778,1
2983,2982,85.194087,32789,1
2984,2983,85.205223,32800,1
2985,2984,85.216360,32811,1
2986,2985,85.227496,32822,1
2987,2986,85.238633,32833,1
2988,2987,85.249770,32844,1
2989,2988,85.260907,32855,1
2990,2989,85.272041,32866,1
2991,2990,85.283178,32877,1
2992,2991,85.294316,32888,1
2993,2992,85.305453,32899,1
2994,2993,85.316590,32910,1
2995,2994,85.327727,32921,1
2996,2995,85.338863,32932,1
2997,2996,85.350000,32943,1
2998,2997,85.361138,32954,1
2999,2998,85.372273,32965,1
3000,2999,85.383410,32976,1
3001,3000,85.394547,32987,1
3002,3001,85.405683,32998,1
3003,3002,85.416821,33009,1
3004,3003,85.427955,33020,1
3005,3004,85.439106,33031,1
3006,3005,85.450230,33042,1
3007,3006,85.461367,33053,1
3008,3007,85.472502,33064,1
3009,3008,85.483641,33075,1
3010,3009,85.494778,33086,1
3011,3010,85.505914,33097,1
3012,3011,85.517052,33108,1
3013,3012,85.528187,33119,1
3014,3013,85.539323,33130,1
3015,3014,85.550459,33141,1
3016,3015,85.561598,33152,1
3017,3016,85.572733,33163,1
3018,3017,85.583870,33174,1
3019,3018,85.595008,33185,1
3020,3019,85.606143,33196,1
3021,3020,85.617282,33207,1
3022,3021,85.628418,33218,1
3023,3022,85.639555,33229,1
3024,3023,85.650692,33240,1
3025,3024,85.661829,33251,1
3026,3025,85.672965,33262,1
3027,3026,85.684109,33273,1
3028,3027,85.695237,33284,1
3029,3028,85.706373,33295,1
3030,3029,85.717512,33305,1
3031,3030,85.728649,33316,1
3032,3031,85.739784,33327,1
3033,3032,85.750921,33338,1
3034,3033,85.762057,33349,1
3035,3034,85.773196,33360,1
3036,3035,85.784331,33371,1
3037,3036,85.795468,33382,1
3038,3037,85.806606,33393,1
3039,3038,85.817743,33404,1
3040,3039,85.828878,33415,1
3041,3040,85.840016,33426,1
3042,3041,85.851152,33437,1
3043,3042,85.862290,33448,1
3044,3043,85.873426,33459,1
3045,3044,85.884563,33470,1
3046,3045,85.895698,33481,1
3047,3046,85.906835,33492,1
3048,3047,85.917973,33503,1
3049,3048,85.928107,33513,1
3050,3049,85.939232,33524,1
3051,3050,85.950369,33535,1
3052,3051,85.961507,33546,1
3053,3052,85.972642,33557,1
3054,3053,85.983781,33568,1
3055,3054,85.994916,33579,1
3056,3055,86.006052,33590,1
3057,3056,86.017189,33601,1
3058,3057,86.028326,33612,1
3059,3058,86.039465,33623,1
3060,3059,86.050601,33634,1
3061,3060,86.061738,33645,1
3062,3061,86.072875,33656,1
3063,3062,86.084010,33667,1
3064,3063,86.095149,33678,1
3065,3064,86.106283,33689,1
3066,3065,86.117422,33700,1
3067,3066,86.128556,33711,1
3068,3067,86.139696,33722,1
3069,3068,86.150831,33733,1
3070,3069,86.161968,33744,1
3071,3070,86.173109,33755,1
3072,3071,86.184241,33766,1
3073,3072,86.195377,33777,1
3074,3073,86.206516,33788,1
3075,3074,86.217653,33799,1
3076,3075,86.228789,33810,1
3077,3076,86.239926,33821,1
3078,3077,86.251063,33832,1
3079,3078,86.262197,33843,1
3080,3079,86.273335,33854,1
3081,3080,86.284470,33865,1
3082,3081,86.295610,33876,1
3083,3082,86.306746,33887,1
3084,3083,86.317882,33898,1
3085,3084,86.329020,33909,1
3086,3085,86.340154,33920,1
3087,3086,86.351293,33931,1
3088,3087,86.362429,33942,1
3089,3088,86.373566,33953,1
3090,3089,86.384701,33964,1
3091,3090,86.395839,33975,1
3092,3091,86.406975,33986,1
3093,3092,86.418113,33997,1
3094,3093,86.429248,34008,1
3095,3094,86.440385,34019,1
3096,3095,86.451522,34030,1
3097,3096,86.462658,34041,1
3098,3097,86.473796,34052,1
3099,3098,86.484934,34063,1
3100,3099,86.496071,34074,1
3101,3100,86.507205,34085,1
3102,3101,86.518342,34096,1
3103,3102,86.529478,34107,1
3104,3103,86.540617,34118,1
3105,3104,86.551754,34129,1
3106,3105,86.562891,34140,1
3107,3106,86.574026,34151,1
3108,3107,86.585163,34162,1
3109,3108,86.596301,34173,1
3110,3109,86.607436,34184,1
3111,3110,86.618574,34195,1
3112,3111,86.629709,34206,1
3113,3112,86.640846,34217,1
3114,3113,86.651982,34228,1
3115,3114,86.663121,34239,1
3116,3115,86.674257,34250,1
3117,3116,86.685395,34261,1
3118,3117,86.696532,34272,1
3119,3118,86.707666,34283,1
3120,3119,86.718804,34294,1
3121,3120,86.729942,34305,1
3122,3121,86.741078,34316,1
3123,3122,86.752213,34327,1
3124,3123,86.763352,34338,1
3125,3124,86.774486,34349,1
3126,3125,86.785623,34360,1
3127,3126,86.796762,34371,1
3128,3127,86.807899,34382,1
3129,3128,86.819035,34393,1
3130,3129,86.830171,34404,1
3131,3130,86.841308,34415,1
3132,3131,86.852444,34426,1
3133,3132,86.863581,34437,1
3134,3133,86.874718,34448,1
3135,3134,86.885854,34459,1
3136,3135,86.896992,34470,1
3137,3136,86.908129,34481,1
3138,3137,86.919263,34492,1
3139,3138,86.930403,34503,1
3140,3139,86.941539,34514,1
3141,3140,86.952676,34525,1
3142,3141,86.963813,34536,1
3143,3142,86.974949,34547,1
3144,3143,86.986086,34558,1
3145,3144,86.997222,34569,1
3146,3145,87.008360,34580,1
3147,3146,87.019496,34591,1
3148,3147,87.030631,34602,1
3149,3148,87.041769,34613,1
3150,3149,87.052907,34624,1
3151,3150,87.064043,34635,1
3152,3151,87.075179,34646,1
3153,3152,87.086317,34657,1
3154,3153,87.097453,34668,1
3155,3154,87.108589,34679,1
3156,3155,87.119727,34690,1
3157,3156,87.130862,34701,1
3158,3157,87.141998,34712,1
3159,3158,87.153136,34723,1
3160,3159,87.164274,34734,1
3161,3160,87.175410,34745,1
3162,3161,87.185534,34755,1
3163,3162,87.196671,34766,1
3164,3163,87.207808,34777,1
3165,3164,87.218942,34788,1
3166,3165,87.230080,34799,1
3167,3166,87.241218,34810,1
3168,3167,87.252355,34821,1
3169,3168,87.263491,34832,1
3170,3169,87.274628,34843,1
3171,3170,87.285763,34854,1
3172,3171,87.296901,34865,1
3173,3172,87.308036,34876,1
3174,3173,87.319175,34887,1
3175,3174,87.330311,34898,1
3176,3175,87.341446,34909,1
3177,3176,87.352586,34920,1
3178,3177,87.363722,34931,1
3179,3178,87.374859,34942,1
3180,3179,87.385995,34953,1
3181,3180,87.397130,34964,1
3182,3181,87.408267,34975,1
3183,3182,87.419405,34986,1
3184,3183,87.430543,34997,1
3185,3184,87.441679,35008,1
3186,3185,87.452815,35019,1
3187,3186,87.463952,35030,1
3188,3187,87.475087,35041,1
3189,3188,87.486226,35052,1
3190,3189,87.497360,35063,1
3191,3190,87.508499,35074,1
3192,3191,87.519636,35085,1
3193,3192,87.530771,35096,1
3194,3193,87.541909,35107,1
3195,3194,87.553045,35118,1
3196,3195,87.564181,35129,1
3197,3196,87.575317,35140,1
3198,3197,87.586454,35151,1
3199,3198,87.597593,35162,1
3200,3199,87.608728,35173,1
3201,3200,87.619866,35184,1
3202,3201,87.631001,35195,1
3203,3202,87.642140,35206,1
3204,3203,87.653275,35217,1
3205,3204,87.664411,35228,1
3206,3205,87.675548,35239,1
3207,3206,87.686686,35250,1
3208,3207,87.697821,35261,1
3209,3208,87.708960,35272,1
3210,3209,87.720104,35283,1
3211,3210,87.731232,35294,1
3212,3211,87.742370,35305,1
3213,3212,87.753507,35316,1
3214,3213,87.764644,35327,1
3215,3214,87.775781,35338,1
3216,3215,87.786917,35349,1
3217,3216,87.798053,35360,1
3218,3217,87.809191,35371,1
3219,3218,87.820328,35382,1
3220,3219,87.831464,35393,1
3221,3220,87.842601,35404,1
3222,3221,87.853737,35415,1
3223,3222,87.864874,35426,1
3224,3223,87.876011,35437,1
3225,3224,87.887148,35448,1
3226,3225,87.898282,35459,1
3227,3226,87.909422,35470,1
3228,3227,87.920558,35481,1
3229,3228,87.931695,35492,1
3230,3229,87.942831,35503,1
3231,3230,87.953968,35514,1
3232,3231,87.965107,35525,1
3233,3232,87.976241,35536,1
3234,3233,87.987376,35547,1
3235,3234,87.998514,35558,1
3236,3235,88.009651,35569,1
3237,3236,88.020789,35580,1
3238,3237,88.031925,35591,1
3239,3238,88.043061,35602,1
3240,3239,88.054199,35613,1
3241,3240,88.065335,35624,1
3242,3241,88.076472,35635,1
3243,3242,88.087608,35646,1
3244,3243,88.098745,35657,1
3245,3244,88.109883,35668,1
3246,3245,88.121017,35679,1
3247,3246,88.132154,35690,1
3248,3247,88.143292,35701,1
3249,3248,88.154429,35712,1
3250,3249,88.165566,35723,1
3251,3250,88.176703,35734,1
3252,3251,88.187840,35745,1
3253,3252,88.198976,35756,1
3254,3253,88.210111,35767,1
3255,3254,88.221250,35778,1
3256,3255,88.232386,35789,1
3257,3256,88.243522,35800,1
3258,3257,88.254660,35811,1
3259,3258,88.265794,35822,1
3260,3259,88.276931,35833,1
3261,3260,88.288069,35844,1
3262,3261,88.299206,35855,1
3263,3262,88.310344,35866,1
3264,3263,88.321480,35877,1
3265,3264,88.332616,35888,1
3266,3265,88.343753,35899,1
3267,3266,88.354889,35910,1
3268,3267,88.366025,35921,1
3269,3268,88.377163,35932,1
3270,3269,88.388301,35943,1
3271,3270,88.399436,35954,1
3272,3271,88.410572,35965,1
3273,3272,88.421708,35976,1
3274,3273,88.432847,35987,1
3275,3274,88.442971,35997,1
3276,3275,88.454107,36008,1
3277,3276,88.465243,36019,1
3278,3277,88.476382,36030,1
3279,3278,88.487516,36041,1
3280,3279,88.498655,36052,1
3281,3280,88.509792,36063,1
3282,3281,88.520927,36074,1
3283,3282,88.532064,36085,1
3284,3283,88.543201,36096,1
3285,3284,88.554339,36107,1
3286,3285,88.565475,36118,1
3287,3286,88.576610,36129,1
3288,3287,88.587749,36140,1
3289,3288,88.598886,36151,1
3290,3289,88.610022,36162,1
3291,3290,88.621157,36173,1
3292,3291,88.632294,36184,1
3293,3292,88.643431,36195,1
3294,3293,88.654568,36206,1
3295,3294,88.665706,36217,1
3296,3295,88.676840,36228,1
3297,3296,88.687980,36239,1
3298,3297,88.699114,36250,1
3299,3298,88.710253,36261,1
3300,3299,88.721387,36272,1
3301,3300,88.732526,36283,1
3302,3301,88.743662,36294,1
3303,3302,88.754798,36305,1
3304,3303,88.765937,36316,1
3305,3304,88.777072,36327,1
3306,3305,88.788210,36338,1
3307,3306,88.799346,36349,1
3308,3307,88.810483,36360,1
3309,3308,88.821619,36371,1
3310,3309,88.832755,36382,1
3311,3310,88.843893,36393,1
3312,3311,88.855030,36404,1
3313,3312,88.866165,36415,1
3314,3313,88.877303,36426,1
3315,3314,88.888440,36437,1
3316,3315,88.899577,36448,1
3317,3316,88.910713,36459,1
3318,3317,88.921850,36470,1
3319,3318,88.932987,36481,1
3320,3319,88.944123,36492,1
3321,3320,88.955260,36503,1
3322,3321,88.966398,36514,1
3323,3322,88.977534,36525,1
3324,3323,88.988669,36536,1
3325,3324,88.999808,36547,1
3326,3325,89.010944,36558,1
3327,3326,89.022080,36569,1
3328,3327,89.033215,36580,1
3329,3328,89.044354,36591,1
3330,3329,89.055489,36602,1
3331,3330,89.066626,36613,1
3332,3331,89.077762,36624,1
3333,3332,89.088901,36635,1
3334,3333,89.100038,36646,1
3335,3334,89.111173,36657,1
3336,3335,89.122309,36668,1
3337,3336,89.133446,36679,1
3338,3337,89.144584,36690,1
3339,3338,89.155720,36701,1
3340,3339,89.166859,36712,1
3341,3340,89.177993,36723,1
3342,3341,89.189131,36734,1
3343,3342,89.200268,36745,1
3344,3343,89.211404,36756,1
3345,3344,89.222541,36767,1
3346,3345,89.233678,36778,1
3347,3346,89.244815,36789,1
3348,3347,89.255950,36800,1
3349,3348,89.267088,36811,1
3350,3349,89.278226,36822,1
3351,3350,89.289362,36833,1
3352,3351,89.300499,36844,1
3353,3352,89.311635,36855,1
3354,3353,89.322772,36866,1
3355,3354,89.333908,36877,1
3356,3355,89.345045,36888,1
3357,3356,89.356181,36899,1
3358,3357,89.367318,36910,1
3359,3358,89.378455,36921,1
3360,3359,89.389591,36932,1
3361,3360,89.400730,36943,1
3362,3361,89.411866,36954,1
3363,3362,89.423003,36965,1
3364,3363,89.434138,36976,1
3365,3364,89.445274,36987,1
3366,3365,89.456411,36998,1
3367,3366,89.467549,37009,1
3368,3367,89.478686,37020,1
3369,3368,89.489821,37031,1
3370,3369,89.500958,37042,1
3371,3370,89.512106,37053,1
3372,3371,89.523234,37064,1
3373,3372,89.534370,37075,1
3374,3373,89.545506,37086,1
3375,3374,89.556643,37097,1
3376,3375,89.567780,37108,1
3377,3376,89.578915,37119,1
3378,3377,89.590052,37130,1
3379,3378,89.601188,37141,1
3380,3379,89.612328,37152,1
3381,3380,89.623464,37163,1
3382,3381,89.634601,37174,1
3383,3382,89.645737,37185,1
3384,3383,89.656874,37196,1
3385,3384,89.668011,37207,1
3386,3385,89.679146,37218,1
3387,3386,89.690282,37229,1
3388,3387,89.701419,37240,1
3389,3388,89.711544,37250,1
3390,3389,89.722682,37261,1
3391,3390,89.733817,37272,1
3392,3391,89.744955,37283,1
3393,3392,89.756090,37294,1
3394,3393,89.767227,37305,1
3395,3394,89.778366,37316,1
3396,3395,89.789502,37327,1
3397,3396,89.800637,37338,1
3398,3397,89.811776,37349,1
3399,3398,89.822913,37360,1
3400,3399,89.834049,37371,1
3401,3400,89.845184,37382,1
3402,3401,89.856320,37393,1
3403,3402,89.867460,37404,1
3404,3403,89.878596,37415,1
3405,3404,89.889731,37426,1
3406,3405,89.900868,37437,1
3407,3406,89.912004,37448,1
3408,3407,89.923141,37459,1
3409,3408,89.934278,37470,1
3410,3409,89.945416,37481,1
3411,3410,89.956552,37492,1
3412,3411,89.967689,37503,1
3413,3412,89.978827,37514,1
3414,3413,89.989961,37525,1
3415,3414,90.001107,37536,1
3416,3415,90.012235,37547,1
3417,3416,90.023373,37558,1
3418,3417,90.034510,37569,1
3419,3418,90.045646,37580,1
3420,3419,90.056783,37591,1
3421,3420,90.067920,37602,1
3422,3421,90.079057,37613,1
3423,3422,90.090194,37624,1
3424,3423,90.101329,37635,1
3425,3424,90.112466,37646,1
3426,3425,90.123604,37657,1
3427,3426,90.134739,37668,1
3428,3427,90.145876,37679,1
3429,3428,90.157012,37690,1
3430,3429,90.168151,37701,1
3431,3430,90.179288,37712,1
3432,3431,90.190424,37723,1
3433,3432,90.201559,37734,1
3434,3433,90.212697,37745,1
3435,3434,90.223833,37756,1
3436,3435,90.234969,37767,1
3437,3436,90.246113,37778,1
3438,3437,90.257245,37789,1
3439,3438,90.268381,37800,1
3440,3439,90.279516,37811,1
3441,3440,90.290654,37822,1
3442,3441,90.301790,37833,1
3443,3442,90.312928,37844,1
3444,3443,90.324065,37855,1
3445,3444,90.335201,37866,1
3446,3445,90.346336,37877,1
3447,3446,90.357475,37888,1
3448,3447,90.368610,37899,1
3449,3448,90.379747,37910,1
3450,3449,90.390883,37921,1
3451,3450,90.402020,37932,1
3452,3451,90.413158,37943,1
3453,3452,90.424295,37954,1
3454,3453,90.435431,37965,1
3455,3454,90.446567,37976,1
3456,3455,90.457704,37987,1
3457,3456,90.468842,37998,1
3458,3457,90.479977,38009,1
3459,3458,90.491115,38020,1
3460,3459,90.502252,38031,1
3461,3460,90.513388,38042,1
3462,3461,90.524525,38053,1
3463,3462,90.535663,38064,1
3464,3463,90.546799,38075,1
3465,3464,90.557934,38086,1
3466,3465,90.569072,38097,1
3467,3466,90.580208,38108,1
3468,3467,90.591346,38119,1
3469,3468,90.602482,38130,1
3470,3469,90.613618,38141,1
3471,3470,90.624757,38152,1
3472,3471,90.635891,38163,1
3473,3472,90.647028,38174,1
3474,3473,90.658165,38185,1
3475,3474,90.669302,38196,1
3476,3475,90.680439,38207,1
3477,3476,90.691576,38218,1
3478,3477,90.702711,38229,1
3479,3478,90.713848,38240,1
3480,3479,90.724986,38251,1
3481,3480,90.736124,38262,1
3482,3481,90.747260,38273,1
3483,3482,90.758397,38284,1
3484,3483,90.769533,38295,1
3485,3484,90.780669,38306,1
3486,3485,90.791807,38317,1
3487,3486,90.802943,38328,1
3488,3487,90.814081,38339,1
3489,3488,90.825216,38350,1
3490,3489,90.836354,38361,1
3491,3490,90.847491,38372,1
3492,3491,90.858628,38383,1
3493,3492,90.869763,38394,1
3494,3493,90.880899,38405,1
3495,3494,90.892037,38416,1
3496,3495,90.903173,38427,1
3497,3496,90.914309,38438,1
3498,3497,90.925446,38449,1
3499,3498,90.936582,38460,1
3500,3499,90.947722,38471,1
3501,3500,90.958857,38482,1
3502,3501,90.968981,38492,1
3503,3502,90.980118,38503,1
3504,3503,90.991254,38514,1
3505,3504,91.002390,38525,1
3506,3505,91.013527,38536,1
3507,3506,91.024665,38547,1
3508,3507,91.035802,38558,1
3509,3508,91.046940,38569,1
3510,3509,91.058074,38580,1
3511,3510,91.069211,38591,1
3512,3511,91.080350,38602,1
3513,3512,91.091484,38613,1
3514,3513,91.102622,38624,1
3515,3514,91.113758,38635,1
3516,3515,91.124895,38646,1
3517,3516,91.136033,38657,1
3518,3517,91.147169,38668,1
3519,3518,91.158306,38679,1
3520,3519,91.169444,38690,1
3521,3520,91.180580,38701,1
3522,3521,91.191715,38712,1
3523,3522,91.202854,38723,1
3524,3523,91.213988,38734,1
3525,3524,91.225127,38745,1
3526,3525,91.236263,38756,1
3527,3526,91.247400,38767,1
3528,3527,91.258535,38778,1
3529,3528,91.269673,38789,1
3530,3529,91.280811,38800,1
3531,3530,91.291947,38811,1
3532,3531,91.303082,38822,1
3533,3532,91.314221,38833,1
3534,3533,91.325358,38844,1
3535,3534,91.336494,38855,1
3536,3535,91.347629,38866,1
3537,3536,91.358766,38877,1
3538,3537,91.369904,38888,1
3539,3538,91.381041,38899,1
3540,3539,91.392178,38910,1
3541,3540,91.403314,38921,1
3542,3541,91.414451,38932,1
3543,3542,91.425586,38943,1
3544,3543,91.436723,38954,1
3545,3544,91.447861,38965,1
3546,3545,91.458997,38976,1
3547,3546,91.470133,38987,1
3548,3547,91.481271,38998,1
3549,3548,91.492406,39009,1
3550,3549,91.503543,39020,1
3551,3550,91.514681,39031,1
3552,3551,91.525819,39042,1
3553,3552,91.536955,39053,1
3554,3553,91.548103,39064,1
3555,3554,91.559227,39075,1
3556,3555,91.570363,39086,1
3557,3556,91.581502,39097,1
3558,3557,91.592638,39108,1
3559,3558,91.603776,39119,1
3560,3559,91.614912,39130,1
3561,3560,91.626048,39141,1
3562,3561,91.637185,39152,1
3563,3562,91.648320,39163,1
3564,3563,91.659459,39174,1
3565,3564,91.670595,39185,1
3566,3565,91.681733,39196,1
3567,3566,91.692869,39207,1
3568,3567,91.704006,39218,1
3569,3568,91.715143,39229,1
3570,3569,91.726279,39240,1
3571,3570,91.737416,39251,1
3572,3571,91.748551,39262,1
3573,3572,91.759689,39273,1
3574,3573,91.770827,39284,1
3575,3574,91.781962,39295,1
3576,3575,91.793106,39306,1
3577,-1,91.804236,39317,1
3578,3576,91.815373,39328,1
3579,3577,91.826510,39339,1
3580,3578,91.837647,39350,1
3581,3579,91.848783,39361,1
3582,3580,91.859920,39372,1
3583,3581,91.871057,39383,1
3584,3582,91.882193,39394,1
3585,3583,91.893330,39405,1
3586,3584,91.904465,39416,1
3587,3585,91.915602,39427,1
3588,3586,91.926739,39438,1
3589,3587,91.937877,39449,1
3590,3588,91.949013,39460,1
3591,3589,91.960149,39471,1
3592,3590,91.971285,39482,1
3593,3591,91.982423,39493,1
3594,3592,91.993560,39504,1
3595,3593,92.004698,39515,1
3596,3594,92.015834,39526,1
3597,3595,92.026971,39537,1
3598,3596,92.038107,39548,1
3599,3597,92.049244,39559,1
3600,3598,92.060381,39570,1
3601,3599,92.071516,39581,1
3602,3600,92.082654,39592,1
3603,3601,92.093792,39603,1
3604,3602,92.104928,39614,1
3605,3603,92.116065,39625,1
3606,3604,92.127200,39636,1
3607,3605,92.138336,39647,1
3608,3606,92.149476,39658,1
3609,3607,92.160612,39669,1
3610,3608,92.171749,39680,1
3611,3609,92.182883,39691,1
3612,3610,92.194022,39702,1
3613,3611,92.205158,39713,1
3614,3612,92.216295,39724,1
3615,3613,92.226419,39734,1
3616,3614,92.237556,39745,1
3617,3615,92.248691,39756,1
3618,3616,92.259830,39767,1
3619,3617,92.270966,39778,1
3620,3618,92.282108,39789,1
3621,3619,92.293239,39800,1
3622,3620,92.304375,39811,1
3623,3621,92.315513,39822,1
3624,3622,92.326648,39833,1
3625,3623,92.337785,39844,1
3626,3624,92.348921,39855,1
3627,3625,92.360059,39866,1
3628,3626,92.371197,39877,1
3629,3627,92.382334,39888,1
3630,3628,92.393470,39899,1
3631,3629,92.404606,39910,1
3632,3630,92.415742,39921,1
3633,3631,92.426881,39932,1
3634,3632,92.438017,39943,1
3635,3633,92.449152,39954,1
3636,3634,92.460290,39965,1
3637,3635,92.471426,39976,1
3638,3636,92.482562,39987,1
3639,3637,92.493701,39998,1
3640,3638,92.504836,40009,1
3641,3639,92.515975,40020,1
3642,3640,92.527109,40031,1
3643,3641,92.538248,40042,1
3644,3642,92.549382,40053,1
3645,3643,92.560520,40064,1
3646,3644,92.571657,40075,1
3647,3645,92.582795,40086,1
3648,3646,92.593931,40097,1
3649,3647,92.605067,40108,1
3650,3648,92.616203,40119,1
3651,3649,92.627342,40130,1
3652,3650,92.638478,40141,1
3653,3651,92.649613,40152,1
3654,3652,92.660750,40163,1
3655,3653,92.671888,40174,1
3656,3654,92.683025,40185,1
3657,3655,92.694162,40196,1
3658,3656,92.705296,40207,1
3659,3657,92.716435,40218,1
3660,3658,92.727572,40229,1
3661,3659,92.738708,40240,1
3662,3660,92.749845,40251,1
3663,3661,92.760982,40262,1
3664,3662,92.772117,40273,1
3665,3663,92.783254,40284,1
3666,3664,92.794392,40295,1
3667,3665,92.805528,40306,1
3668,3666,92.816665,40317,1
3669,3667,92.827802,40328,1
3670,3668,92.838937,40339,1
3671,3669,92.850077,40350,1
3672,3670,92.861211,40361,1
3673,3671,92.872349,40372,1
3674,3672,92.883486,40383,1
3675,3673,92.894622,40394,1
3676,3674,92.905759,40405,1
3677,3675,92.916894,40416,1
3678,3676,92.928032,40427,1
3679,3677,92.939169,40438,1
3680,3678,92.950306,40449,1
3681,3679,92.961443,40460,1
3682,3680,92.972580,40471,1
3683,3681,92.983717,40482,1
3684,3682,92.994852,40493,1
3685,3683,93.005989,40504,1
3686,3684,93.017127,40515,1
3687,3685,93.028263,40526,1
3688,3686,93.039399,40537,1
3689,3687,93.050535,40548,1
3690,3688,93.061674,40559,1
3691,3689,93.072808,40570,1
3692,3690,93.083948,40581,1
3693,3691,93.095083,40592,1
3694,3692,93.106220,40603,1
3695,3693,93.117355,40614,1
3696,3694,93.128494,40625,1
3697,3695,93.139629,40636,1
3698,3696,93.150765,40647,1
3699,3697,93.161902,40658,1
3700,3698,93.173040,40669,1
3701,3699,93.184178,40680,1
3702,3700,93.195314,40691,1
3703,3701,93.206451,40702,1
3704,3702,93.217588,40713,1
3705,3703,93.228722,40724,1
3706,3704,93.239861,40735,1
3707,3705,93.250997,40746,1
3708,3706,93.262133,40757,1
3709,3707,93.273272,40768,1
3710,3708,93.284408,40779,1
3711,3709,93.295543,40790,1
3712,3710,93.306679,40801,1
3713,3711,93.317819,40812,1
3714,3712,93.328955,40823,1
3715,3713,93.340108,40834,1
3716,3714,93.351226,40845,1
3717,3715,93.362363,40856,1
3718,3716,93.373500,40867,1
3719,3717,93.384637,40878,1
3720,3718,93.395773,40889,1
3721,3719,93.406912,40900,1
3722,3720,93.418048,40911,1
3723,3721,93.429185,40922,1
3724,3722,93.440322,40933,1
3725,3723,93.451459,40944,1
3726,3724,93.462595,40955,1
3727,3725,93.473730,40966,1
3728,3726,93.484869,40977,1
3729,3727,93.494992,40987,1
3730,3728,93.506130,40998,1
3731,3729,93.517265,41009,1
3732,3730,93.528402,41020,1
3733,3731,93.539540,41031,1
3734,3732,93.550677,41042,1
3735,3733,93.561814,41053,1
3736,3734,93.572948,41064,1
3737,3735,93.584085,41075,1
3738,3736,93.595224,41086,1
3739,3737,93.606360,41097,1
3740,3738,93.617496,41108,1
3741,3739,93.628634,41119,1
3742,3740,93.639771,41130,1
3743,3741,93.650907,41141,1
3744,3742,93.662042,41152,1
3745,3743,93.673179,41163,1
3746,3744,93.684318,41174,1
3747,3745,93.695454,41185,1
3748,3746,93.706591,41196,1
3749,3747,93.717728,41207,1
3750,3748,93.728865,41218,1
3751,3749,93.739999,41229,1
3752,3750,93.751138,41240,1
3753,3751,93.762273,41251,1
3754,3752,93.773412,41262,1
3755,3753,93.784548,41273,1
3756,3754,93.795683,41284,1
3757,3755,93.806821,41295,1
3758,3756,93.817957,41306,1
3759,3757,93.829104,41317,1
3760,3758,93.840231,41328,1
3761,3759,93.851366,41339,1
3762,3760,93.862505,41350,1
3763,3761,93.873640,41361,1
3764,3762,93.884778,41372,1
3765,3763,93.895913,41383,1
3766,3764,93.907050,41394,1
3767,3765,93.918189,41405,1
3768,3766,93.929325,41416,1
3769,3767,93.940462,41427,1
3770,3768,93.951597,41438,1
3771,3769,93.962736,41449,1
3772,3770,93.973871,41460,1
3773,3771,93.985007,41471,1
3774,3772,93.996144,41482,1
3775,3773,94.007283,41493,1
3776,3774,94.018419,41504,1
3777,3775,94.029556,41515,1
3778,3776,94.040691,41526,1
3779,3777,94.051827,41537,1
3780,3778,94.062966,41548,1
3781,3779,94.074108,41559,1
3782,3780,94.085239,41570,1
3783,3781,94.096375,41581,1
3784,3782,94.107512,41592,1
3785,3783,94.118650,41603,1
3786,3784,94.129786,41614,1
3787,3785,94.140921,41625,1
3788,3786,94.152061,41636,1
3789,3787,94.163196,41647,1
3790,3788,94.174332,41658,1
3791,3789,94.185470,41669,1
3792,3790,94.196605,41680,1
3793,3791,94.207742,41691,1
3794,3792,94.218880,41702,1
3795,3793,94.230016,41713,1
3796,3794,94.241154,41724,1
3797,3795,94.252291,41735,1
3798,3796,94.263428,41746,1
3799,3797,94.274562,41757,1
3800,3798,94.285701,41768,1
3801,3799,94.296837,41779,1
3802,3800,94.307973,41790,1
3803,3801,94.319110,41801,1
3804,3802,94.330246,41812,1
3805,3803,94.341382,41823,1
3806,3804,94.352519,41834,1
3807,3805,94.363656,41845,1
3808,3806,94.374795,41856,1
3809,3807,94.385930,41867,1
3810,3808,94.397067,41878,1
3811,3809,94.408204,41889,1
3812,3810,94.419341,41900,1
3813,3811,94.430478,41911,1
3814,3812,94.441615,41922,1
3815,3813,94.452751,41933,1
3816,3814,94.463886,41944,1
3817,3815,94.475023,41955,1
3818,3816,94.486162,41966,1
3819,3817,94.497296,41977,1
3820,3818,94.508435,41988,1
3821,3819,94.519571,41999,1
3822,3820,94.530707,42010,1
3823,3821,94.541846,42021,1
3824,3822,94.552982,42032,1
3825,3823,94.564118,42043,1
3826,3824,94.575253,42054,1
3827,3825,94.586391,42065,1
3828,3826,94.597527,42076,1
3829,3827,94.608666,42087,1
3830,3828,94.619800,42098,1
3831,3829,94.630939,42109,1
3832,3830,94.642075,42120,1
3833,3831,94.653212,42131,1
3834,3832,94.664349,42142,1
3835,3833,94.675486,42153,1
3836,3834,94.686621,42164,1
3837,3835,94.697758,42175,1
3838,3836,94.708894,42186,1
3839,3837,94.720032,42197,1
3840,3838,94.731167,42208,1
3841,3839,94.742307,42219,1
3842,3840,94.752428,42229,1
3843,3841,94.763567,42240,1
3844,3842,94.774704,42251,1
3845,3843,94.785841,42262,1
3846,3844,94.796977,42273,1
3847,3845,94.808114,42284,1
3848,3846,94.819251,42295,1
3849,3847,94.830387,42306,1
3850,3848,94.841524,42317,1
3851,3849,94.852660,42328,1
3852,3850,94.863798,42339,1
3853,-1,94.874934,42350,1
3854,3851,94.886071,42361,1
3855,3852,94.897207,42372,1
3856,3853,94.908342,42383,1
3857,3854,94.919480,42394,1
3858,3855,94.930617,42405,1
3859,3856,94.941755,42416,1
3860,3857,94.952891,42427,1
3861,3858,94.964029,42438,1
3862,3859,94.975163,42449,1
3863,3860,94.986301,42460,1
3864,3861,94.997437,42471,1
3865,3862,95.008575,42482,1
3866,3863,95.019711,42493,1
3867,3864,95.030848,42504,1
3868,3865,95.041985,42515,1
3869,3866,95.053122,42526,1
3870,3867,95.064259,42537,1
3871,3868,95.075396,42548,1
3872,3869,95.086532,42559,1
3873,3870,95.097667,42570,1
3874,3871,95.108805,42581,1
3875,3872,95.119941,42592,1
3876,3873,95.131080,42603,1
3877,3874,95.142214,42614,1
3878,3875,95.153351,42625,1
3879,3876,95.164490,42636,1
3880,3877,95.175624,42647,1
3881,3878,95.186760,42658,1
3882,3879,95.197898,42669,1
3883,3880,95.209035,42680,1
3884,3881,95.220173,42691,1
3885,3882,95.231310,42702,1
3886,3883,95.242446,42713,1
3887,3884,95.253583,42724,1
3888,3885,95.264718,42735,1
3889,3886,95.275857,42746,1
3890,3887,95.286992,42757,1
3891,3888,95.298129,42768,1
3892,3889,95.309265,42779,1
3893,3890,95.320404,42790,1
3894,3891,95.331539,42801,1
3895,3892,95.342676,42812,1
3896,3893,95.353811,42823,1
3897,3894,95.364948,42834,1
3898,3895,95.376087,42845,1
3899,3896,95.387222,42856,1
3900,3897,95.398360,42867,1
3901,3898,95.409497,42878,1
3902,3899,95.420632,42889,1
3903,3900,95.431769,42900,1
3904,3901,95.442907,42911,1
3905,3902,95.454042,42922,1
3906,3903,95.465180,42933,1
3907,3904,95.476317,42944,1
3908,3905,95.487455,42955,1
3909,3906,95.498589,42966,1
3910,3907,95.509727,42977,1
3911,3908,95.520863,42988,1
3912,3909,95.532001,42999,1
3913,3910,95.543137,43010,1
3914,3911,95.554272,43021,1
3915,3912,95.565411,43032,1
3916,3913,95.576548,43043,1
3917,3914,95.587684,43054,1
3918,3915,95.598819,43065,1
3919,3916,95.609958,43076,1
3920,3917,95.621104,43087,1
3921,3918,95.632231,43098,1
3922,3919,95.643368,43109,1
3923,3920,95.654504,43120,1
3924,3921,95.665641,43131,1
3925,3922,95.676778,43142,1
3926,3923,95.687913,43153,1
3927,3924,95.699051,43164,1
3928,3925,95.710188,43175,1
3929,3926,95.721325,43185,1
3930,3927,95.732462,43196,1
3931,3928,95.743599,43207,1
3932,3929,95.754736,43218,1
3933,3930,95.765872,43229,1
3934,3931,95.777008,43240,1
3935,3932,95.788145,43251,1
3936,3933,95.799282,43262,1
3937,3934,95.810417,43273,1
3938,3935,95.821554,43284,1
3939,3936,95.832691,43295,1
3940,3937,95.843828,43306,1
3941,3938,95.854966,43317,1
3942,3939,95.866107,43328,1
3943,3940,95.877239,43339,1
3944,3941,95.888376,43350,1
3945,3942,95.899512,43361,1
3946,3943,95.910648,43372,1
3947,3944,95.921786,43383,1
3948,3945,95.932923,43394,1
3949,3946,95.944061,43405,1
3950,3947,95.955194,43416,1
3951,3948,95.966333,43427,1
3952,3949,95.977469,43438,1
3953,3950,95.988607,43449,1
3954,3951,95.999744,43460,1
3955,3952,96.009867,43470,1
3956,3953,96.021004,43481,1
3957,3954,96.032140,43492,1
3958,3955,96.043277,43503,1
3959,3956,96.054414,43514,1
3960,3957,96.065551,43525,1
3961,3958,96.076688,43536,1
3962,3959,96.087823,43547,1
3963,3960,96.098962,43558,1
3964,3961,96.110105,43569,1
3965,3962,96.121233,43580,1
3966,3963,96.132371,43591,1
3967,3964,96.143508,43602,1
3968,3965,96.154645,43613,1
3969,3966,96.165781,43624,1
3970,3967,96.176918,43635,1
3971,3968,96.188056,43646,1
3972,3969,96.199192,43657,1
3973,3970,96.210329,43668,1
3974,3971,96.221466,43679,1
3975,3972,96.232602,43690,1
3976,3973,96.243738,43701,1
3977,3974,96.254875,43712,1
3978,3975,96.266012,43723,1
3979,3976,96.277149,43734,1
3980,3977,96.288285,43745,1
3981,3978,96.299422,43756,1
3982,3979,96.310557,43767,1
3983,3980,96.321696,43778,1
3984,3981,96.332833,43789,1
3985,3982,96.343968,43800,1
3986,3983,96.355109,43811,1
3987,3984,96.366242,43822,1
3988,3985,96.377379,43833,1
3989,3986,96.388514,43844,1
3990,3987,96.399653,43855,1
3991,3988,96.410790,43866,1
3992,3989,96.421927,43877,1
3993,3990,96.433062,43888,1
3994,3991,96.444198,43899,1
3995,3992,96.455334,43910,1
3996,3993,96.466473,43921,1
3997,3994,96.477608,43932,1
3998,3995,96.488747,43943,1
3999,3996,96.499884,43954,1
4000,3997,96.511020,43965,1
4001,3998,96.522157,43976,1
4002,3999,96.533292,43987,1
4003,4000,96.544429,43998,1
4004,4001,96.555566,44009,1
4005,4002,96.566702,44020,1
4006,4003,96.577841,44031,1
4007,4004,96.588977,44042,1
4008,4005,96.600114,44053,1
4009,4006,96.611249,44064,1
4010,4007,96.622387,44075,1
4011,4008,96.633522,44086,1
4012,4009,96.644659,44097,1
4013,4010,96.655796,44108,1
4014,4011,96.666935,44119,1
4015,4012,96.678070,44130,1
4016,4013,96.689206,44141,1
4017,4014,96.700343,44152,1
4018,4015,96.711482,44163,1
4019,4016,96.722616,44174,1
4020,4017,96.733755,44185,1
4021,4018,96.744890,44196,1
4022,4019,96.756027,44207,1
4023,4020,96.767165,44218,1
4024,4021,96.778299,44229,1
4025,4022,96.789436,44240,1
4026,4023,96.800573,44251,1
4027,4024,96.811712,44262,1
4028,4025,96.822848,44273,1
4029,4026,96.833985,44284,1
4030,4027,96.845122,44295,1
4031,4028,96.856259,44306,1
4032,4029,96.867395,44317,1
4033,4030,96.878532,44328,1
4034,4031,96.889667,44339,1
4035,4032,96.900804,44350,1
4036,4033,96.911941,44361,1
4037,4034,96.923077,44372,1
4038,4035,96.934215,44383,1
4039,4036,96.945352,44394,1
4040,4037,96.956487,44405,1
4041,4038,96.967626,44416,1
4042,4039,96.978763,44427,1
4043,4040,96.989897,44438,1
4044,4041,97.001034,44449,1
4045,4042,97.012171,44460,1
4046,4043,97.023308,44471,1
4047,4044,97.034446,44482,1
4048,4045,97.045581,44493,1
4049,4046,97.056718,44504,1
4050,4047,97.067854,44515,1
4051,4048,97.078991,44526,1
4052,4049,97.090129,44537,1
4053,4050,97.101266,44548,1
4054,4051,97.112403,44559,1
4055,4052,97.123538,44570,1
4056,4053,97.134676,44581,1
4057,4054,97.145812,44592,1
4058,4055,97.156949,44603,1
4059,4056,97.168086,44614,1
4060,4057,97.179223,44625,1
4061,4058,97.190360,44636,1
4062,4059,97.201497,44647,1
4063,4060,97.212632,44658,1
4064,4061,97.223771,44669,1
4065,4062,97.234907,44680,1
4066,4063,97.246043,44691,1
4067,4064,97.257178,44702,1
4068,4065,97.268318,44713,1
4069,4066,97.278441,44723,1
4070,4067,97.289579,44734,1
4071,4068,97.300713,44745,1
4072,4069,97.311852,44756,1
4073,4070,97.322986,44767,1
4074,4071,97.334125,44778,1
4075,4072,97.345261,44789,1
4076,4073,97.356399,44800,1
4077,4074,97.367533,44811,1
4078,4075,97.378671,44822,1
4079,4076,97.389807,44833,1
4080,4077,97.400943,44844,1
4081,4078,97.412081,44855,1
4082,4079,97.423218,44866,1
4083,4080,97.434355,44877,1
4084,4081,97.445493,44888,1
4085,4082,97.456627,44899,1
4086,4083,97.467766,44910,1
4087,4084,97.478903,44921,1
4088,4085,97.490039,44932,1
4089,4086,97.501175,44943,1
4090,4087,97.512313,44954,1
4091,4088,97.523447,44965,1
4092,4089,97.534586,44976,1
4093,4090,97.545723,44987,1
4094,4091,97.556859,44998,1
4095,4092,97.567994,45009,1
4096,4093,97.579133,45020,1
4097,4094,97.590269,45031,1
4098,4095,97.601406,45042,1
4099,4096,97.612543,45053,1
4100,4097,97.623679,45064,1
4101,4098,97.634817,45075,1
4102,4099,97.645954,45086,1
4103,4100,97.657091,45097,1
4104,4101,97.668227,45108,1
4105,4102,97.679364,45119,1
4106,4103,97.690500,45130,1
4107,4104,97.701635,45141,1
4108,4105,97.712773,45152,1
4109,4106,97.723910,45163,1
4110,4107,97.735045,45174,1
4111,4108,97.746182,45185,1
4112,4109,97.757319,45196,1
4113,4110,97.768455,45207,1
4114,4111,97.779592,45218,1
4115,4112,97.790729,45229,1
4116,4113,97.801866,45240,1
4117,4114,97.813002,45251,1
4118,4115,97.824139,45262,1
4119,4116,97.835277,45273,1
4120,4117,97.846414,45284,1
4121,4118,97.857551,45295,1
4122,4119,97.868686,45306,1
4123,4120,97.879824,45317,1
4124,4121,97.890961,45328,1
4125,4122,97.902106,45339,1
4126,4123,97.913233,45350,1
4127,4124,97.924372,45361,1
4128,4125,97.935508,45372,1
4129,4126,97.946645,45383,1
4130,4127,97.957781,45394,1
4131,4128,97.968917,45405,1
4132,4129,97.980053,45416,1
4133,4130,97.991192,45427,1
4134,4131,98.002327,45438,1
4135,4132,98.013463,45449,1
4136,4133,98.024602,45460,1
4137,4134,98.035739,45471,1
4138,4135,98.046876,45482,1
4139,4136,98.058010,45493,1
4140,4137,98.069149,45504,1
4141,4138,98.080285,45515,1
4142,4139,98.091422,45526,1
4143,4140,98.102557,45537,1
4144,4141,98.113695,45548,1
4145,4142,98.124833,45559,1
4146,4143,98.135969,45570,1
4147,4144,98.147109,45581,1
4148,4145,98.158242,45592,1
4149,4146,98.169379,45603,1
4150,4147,98.180514,45614,1
4151,4148,98.191652,45625,1
4152,4149,98.202790,45636,1
4153,4150,98.213926,45647,1
4154,4151,98.225063,45658,1
4155,4152,98.236197,45669,1
4156,4153,98.247334,45680,1
4157,4154,98.258472,45691,1
4158,4155,98.269608,45702,1
4159,4156,98.280746,45713,1
4160,4157,98.291881,45724,1
4161,4158,98.303020,45735,1
4162,4159,98.314157,45746,1
4163,4160,98.325292,45757,1
4164,4161,98.336430,45768,1
4165,4162,98.347565,45779,1
4166,4163,98.358703,45790,1
4167,4164,98.369839,45801,1
4168,4165,98.380975,45812,1
4169,4166,98.392112,45823,1
4170,4167,98.403250,45834,1
4171,4168,98.414388,45845,1
4172,4169,98.425524,45856,1
4173,4170,98.436659,45867,1
4174,4171,98.447798,45878,1
4175,4172,98.458934,45889,1
4176,4173,98.470071,45900,1
4177,4174,98.481207,45911,1
4178,4175,98.492344,45922,1
4179,4176,98.503481,45933,1
4180,4177,98.514618,45944,1
4181,4178,98.525754,45955,1
4182,4179,98.535878,45965,1
4183,4180,98.547015,45976,1
4184,4181,98.558152,45987,1
4185,4182,98.569287,45998,1
4186,4183,98.580426,46009,1
4187,4184,98.591560,46020,1
4188,4185,98.602697,46031,1
4189,4186,98.613836,46042,1
4190,4187,98.624973,46053,1
4191,4188,98.636109,46064,1
4192,4189,98.647244,46075,1
4193,4190,98.658383,46086,1
4194,4191,98.669517,46097,1
4195,4192,98.680656,46108,1
4196,4193,98.691792,46119,1
4197,4194,98.702927,46130,1
4198,4195,98.714066,46141,1
4199,4196,98.725202,46152,1
4200,4197,98.736338,46163,1
4201,4198,98.747476,46174,1
4202,4199,98.758613,46185,1
4203,4200,98.769748,46196,1
4204,4201,98.780885,46207,1
4205,4202,98.792024,46218,1
4206,4203,98.803161,46229,1
4207,4204,98.814297,46240,1
4208,4205,98.825432,46251,1
4209,4206,98.836568,46262,1
4210,4207,98.847707,46273,1
4211,4208,98.858842,46284,1
4212,4209,98.869979,46295,1
4213,4210,98.881118,46306,1
4214,4211,98.892253,46317,1
4215,4212,98.903390,46328,1
4216,4213,98.914526,46339,1
4217,4214,98.925662,46350,1
4218,4215,98.936801,46361,1
4219,4216,98.947937,46372,1
4220,4217,98.959074,46383,1
4221,4218,98.970210,46394,1
4222,4219,98.981346,46405,1
4223,4220,98.992484,46416,1
4224,4221,99.003621,46427,1
4225,4222,99.014757,46438,1
4226,4223,99.025892,46449,1
4227,4224,99.037031,46460,1
4228,4225,99.048168,46471,1
4229,4226,99.059303,46482,1
4230,4227,99.070439,46493,1
4231,4228,99.081578,46504,1
4232,4229,99.092715,46515,1
4233,4230,99.103850,46526,1
4234,4231,99.114986,46537,1
4235,4232,99.126125,46548,1
4236,4233,99.137262,46559,1
4237,4234,99.148399,46570,1
4238,4235,99.159533,46581,1
4239,4236,99.170672,46592,1
4240,4237,99.181807,46603,1
4241,4238,99.192945,46614,1
4242,4239,99.204082,46625,1
4243,4240,99.215217,46636,1
4244,4241,99.226356,46647,1
4245,4242,99.237492,46658,1
4246,4243,99.248628,46669,1
4247,4244,99.259766,46680,1
4248,4245,99.270902,46691,1
4249,4246,99.282038,46702,1
4250,4247,99.293175,46713,1
4251,4248,99.304311,46724,1
4252,4249,99.315449,46735,1
4253,4250,99.326585,46746,1
4254,4251,99.337722,46757,1
4255,4252,99.348860,46768,1
4256,4253,99.359995,46779,1
4257,4254,99.371131,46790,1
4258,4255,99.382270,46801,1
4259,4256,99.393406,46812,1
4260,4257,99.404543,46823,1
4261,4258,99.415679,46834,1
4262,4259,99.426816,46845,1
4263,4260,99.437953,46856,1
4264,4261,99.449088,46867,1
4265,4262,99.460225,46878,1
4266,4263,99.471363,46889,1
4267,4264,99.482498,46900,1
4268,4265,99.493635,46911,1
4269,4266,99.504772,46922,1
4270,4267,99.515910,46933,1
4271,4268,99.527045,46944,1
4272,4269,99.538183,46955,1
4273,4270,99.549319,46966,1
4274,4271,99.560456,46977,1
4275,4272,99.571593,46988,1
4276,4273,99.582729,46999,1
4277,4274,99.593868,47010,1
4278,4275,99.605002,47021,1
4279,4276,99.616141,47032,1
4280,4277,99.627278,47043,1
4281,4278,99.638412,47054,1
4282,4279,99.649551,47065,1
4283,4280,99.660687,47076,1
4284,4281,99.671825,47087,1
4285,4282,99.682960,47098,1
4286,4283,99.694107,47109,1
4287,4284,99.705233,47120,1
4288,4285,99.716370,47131,1
4289,4286,99.727508,47142,1
4290,4287,99.738643,47153,1
4291,4288,99.749782,47164,1
4292,4289,99.760918,47175,1
4293,4290,99.772054,47186,1
4294,4291,99.783190,47197,1
4295,4292,99.793315,47207,1
4296,4293,99.804452,47218,1
4297,4294,99.815587,47229,1
4298,4295,99.826725,47240,1
4299,4296,99.837862,47251,1
4300,4297,99.849000,47262,1
4301,4298,99.860136,47273,1
4302,4299,99.871271,47284,1
4303,4300,99.882410,47295,1
4304,4301,99.893547,47306,1
4305,4302,99.904683,47317,1
4306,4303,99.915820,47328,1
4307,4304,99.926957,47339,1
4308,4305,99.938105,47350,1
4309,4306,99.949229,47361,1
4310,4307,99.960365,47372,1
4311,4308,99.971502,47383,1
4312,4309,99.982640,47394,1
4313,4310,99.993776,47405,1
4314,4311,100.004913,47416,1
4315,4312,100.016050,47427,1
4316,4313,100.027185,47438,1
4317,4314,100.038324,47449,1
4318,4315,100.049459,47460,1
4319,4316,100.060597,47471,1
4320,4317,100.071732,47482,1
4321,4318,100.082871,47493,1
4322,4319,100.094007,47504,1
4323,4320,100.105144,47515,1
4324,4321,100.116279,47526,1
4325,4322,100.127417,47537,1
4326,4323,100.138552,47548,1
4327,4324,100.149689,47559,1
4328,4325,100.160826,47570,1
4329,4326,100.171965,47581,1
4330,4327,100.183106,47592,1
4331,4328,100.194238,47603,1
4332,4329,100.205373,47614,1
4333,4330,100.216509,47625,1
4334,4331,100.227648,47636,1
4335,4332,100.238784,47647,1
4336,4333,100.249922,47658,1
4337,4334,100.261059,47669,1
4338,4335,100.272195,47680,1
4339,4336,100.283331,47691,1
4340,4337,100.294467,47702,1
4341,4338,100.305606,47713,1
4342,4339,100.316741,47724,1
4343,4340,100.327876,47735,1
4344,4341,100.339016,47746,1
4345,4342,100.350152,47757,1
4346,4343,100.361289,47768,1
4347,4344,100.372423,47779,1
4348,4345,100.383562,47790,1
4349,4346,100.394697,47801,1
4350,4347,100.405835,47812,1
4351,4348,100.416972,47823,1
4352,4349,100.428115,47834,1
4353,4350,100.439245,47845,1
4354,4351,100.450380,47856,1
4355,4352,100.461520,47867,1
4356,4353,100.472655,47878,1
4357,4354,100.483793,47889,1
4358,4355,100.494930,47900,1
4359,4356,100.506065,47911,1
4360,4357,100.517201,47922,1
4361,4358,100.528340,47933,1
4362,4359,100.539476,47944,1
4363,4360,100.550612,47955,1
4364,4361,100.561750,47966,1
4365,4362,100.572884,47977,1
4366,4363,100.584023,47988,1
4367,4364,100.595160,47999,1
4368,4365,100.606297,48010,1
4369,4366,100.617433,48021,1
4370,4367,100.628570,48032,1
4371,4368,100.639706,48043,1
4372,4369,100.650842,48054,1
4373,4370,100.661980,48065,1
4374,4371,100.673115,48076,1
4375,4372,100.684253,48087,1
4376,4373,100.695390,48098,1
4377,4374,100.706527,48109,1
4378,4375,100.717662,48119,1
4379,4376,100.728801,48130,1
4380,4377,100.739935,48141,1
4381,4378,100.751075,48152,1
4382,4379,100.762209,48163,1
4383,4380,100.773345,48174,1
4384,4381,100.784483,48185,1
4385,4382,100.795619,48196,1
4386,4383,100.806758,48207,1
4387,4384,100.817894,48218,1
4388,4385,100.829031,48229,1
4389,4386,100.840168,48240,1
4390,4387,100.851305,48251,1
4391,4388,100.862441,48262,1
4392,4389,100.873577,48273,1
4393,4390,100.884715,48284,1
4394,4391,100.895851,48295,1
4395,4392,100.906988,48306,1
4396,4393,100.918123,48317,1
4397,4394,100.929261,48328,1
4398,4395,100.940399,48339,1
4399,4396,100.951535,48350,1
4400,4397,100.962672,48361,1
4401,4398,100.973809,48372,1
4402,4399,100.984945,48383,1
4403,4400,100.996080,48394,1
4404,4401,101.007219,48405,1
4405,4402,101.018354,48416,1
4406,4403,101.029492,48427,1
4407,4404,101.040627,48438,1
4408,4405,101.051763,48449,1
4409,4406,101.061888,48459,1
4410,4407,101.073026,48470,1
4411,4408,101.084164,48481,1
4412,4409,101.095298,48492,1
4413,4410,101.106435,48503,1
4414,4411,101.117572,48514,1
4415,4412,101.128708,48525,1
4416,4413,101.139845,48536,1
4417,4414,101.150983,48547,1
4418,4415,101.162120,48558,1
4419,4416,101.173256,48569,1
4420,4417,101.184394,48580,1
4421,4418,101.195528,48591,1
4422,4419,101.206666,48602,1
4423,4420,101.217804,48613,1
4424,4421,101.228941,48624,1
4425,4422,101.240077,48635,1
4426,4423,101.251214,48646,1
4427,4424,101.262351,48657,1
4428,4425,101.273485,48668,1
4429,4426,101.284622,48679,1
4430,4427,101.295761,48690,1
4431,4428,101.306898,48701,1
4432,4429,101.318034,48712,1
4433,4430,101.329171,48723,1
4434,4431,101.340307,48734,1
4435,4432,101.351444,48745,1
4436,4433,101.362579,48756,1
4437,4434,101.373716,48767,1
4438,4435,101.384855,48778,1
4439,4436,101.395990,48789,1
4440,4437,101.407126,48800,1
4441,4438,101.418264,48811,1
4442,4439,101.429400,48822,1
4443,4440,101.440536,48833,1
4444,4441,101.451675,48844,1
4445,4442,101.462812,48855,1
4446,4443,101.473947,48866,1
4447,4444,101.485086,48877,1
4448,4445,101.496220,48888,1
4449,4446,101.507359,48899,1
4450,4447,101.518496,48910,1
4451,4448,101.529632,48921,1
4452,4449,101.540767,48932,1
4453,4450,101.551906,48943,1
4454,4451,101.563042,48954,1
4455,4452,101.574179,48965,1
4456,4453,101.585316,48976,1
4457,4454,101.596453,48987,1
4458,4455,101.607589,48998,1
4459,4456,101.618724,49009,1
4460,4457,101.629862,49020,1
4461,4458,101.640999,49031,1
4462,4459,101.652135,49042,1
4463,4460,101.663273,49053,1
4464,4461,101.674410,49064,1
4465,4462,101.685546,49075,1
4466,4463,101.696683,49086,1
4467,4464,101.707820,49097,1
4468,4465,101.718955,49108,1
4469,4466,101.730104,49119,1
4470,4467,101.741230,49130,1
4471,4468,101.752366,49141,1
4472,4469,101.763502,49152,1
4473,4470,101.774638,49163,1
4474,4471,101.785775,49174,1
4475,4472,101.796913,49185,1
4476,4473,101.808051,49196,1
4477,4474,101.819185,49207,1
4478,4475,101.830324,49218,1
4479,4476,101.841460,49229,1
4480,4477,101.852597,49240,1
4481,4478,101.863733,49251,1
4482,4479,101.874870,49262,1
4483,4480,101.886007,49273,1
4484,4481,101.897143,49284,1
4485,4482,101.908281,49295,1
4486,4483,101.919417,49306,1
4487,4484,101.930554,49317,1
4488,4485,101.941689,49328,1
4489,4486,101.952828,49339,1
4490,4487,101.963963,49350,1
4491,4488,101.975106,49361,1
4492,4489,101.986237,49372,1
4493,4490,101.997374,49383,1
4494,4491,102.008509,49394,1
4495,4492,102.019647,49405,1
4496,4493,102.030784,49416,1
4497,4494,102.041921,49427,1
4498,4495,102.053057,49438,1
4499,4496,102.064194,49449,1
4500,4497,102.075331,49460,1
4501,4498,102.086467,49471,1
4502,4499,102.097604,49482,1
4503,4500,102.108741,49493,1
4504,4501,102.119879,49504,1
4505,4502,102.131015,49515,1
4506,4503,102.142151,49526,1
4507,4504,102.153286,49537,1
4508,4505,102.164423,49548,1
4509,4506,102.175562,49559,1
4510,4507,102.186699,49570,1
4511,4508,102.197836,49581,1
4512,4509,102.208973,49592,1
4513,4510,102.220109,49603,1
4514,4511,102.231244,49614,1
4515,4512,102.242381,49625,1
4516,4513,102.253517,49636,1
4517,4514,102.264654,49647,1
4518,4515,102.275792,49658,1
4519,4516,102.286928,49669,1
4520,4517,102.298067,49680,1
4521,4518,102.309203,49691,1
4522,4519,102.319327,49701,1
4523,4520,102.330464,49712,1
4524,4521,102.341599,49723,1
4525,4522,102.352737,49734,1
4526,4523,102.363874,49745,1
4527,4524,102.375009,49756,1
4528,4525,102.386145,49767,1
4529,4526,102.397282,49778,1
4530,4527,102.408421,49789,1
4531,4528,102.419556,49800,1
4532,4529,102.430694,49811,1
4533,4530,102.441829,49822,1
4534,4531,102.452965,49833,1
4535,4532,102.464109,49844,1
4536,4533,102.475240,49855,1
4537,4534,102.486377,49866,1
4538,4535,102.497513,49877,1
4539,4536,102.508651,49888,1
4540,4537,102.519786,49899,1
4541,4538,102.530924,49910,1
4542,4539,102.542060,49921,1
4543,4540,102.553198,49932,1
4544,4541,102.564335,49943,1
4545,4542,102.575470,49954,1
4546,4543,102.586606,49965,1
4547,4544,102.597744,49976,1
4548,4545,102.608880,49987,1
4549,4546,102.620017,49998,1
4550,4547,102.631155,50009,1
4551,4548,102.642290,50020,1
4552,4549,102.653427,50031,1
4553,4550,102.664565,50042,1
4554,4551,102.675701,50053,1
4555,4552,102.686837,50064,1
4556,4553,102.697973,50075,1
4557,4554,102.709112,50086,1
4558,4555,102.720249,50097,1
4559,4556,102.731384,50108,1
4560,4557,102.742520,50119,1
4561,4558,102.753658,50130,1
4562,4559,102.764795,50141,1
4563,4560,102.775932,50152,1
4564,4561,102.787070,50163,1
4565,4562,102.798205,50174,1
4566,4563,102.809342,50185,1
4567,4564,102.820479,50196,1
4568,4565,102.831615,50207,1
4569,4566,102.842752,50218,1
4570,4567,102.853887,50229,1
4571,4568,102.865027,50240,1
4572,4569,102.876162,50251,1
4573,4570,102.887298,50262,1
4574,4571,102.898434,50273,1
4575,4572,102.909573,50284,1
4576,4573,102.920709,50295,1
4577,4574,102.931844,50306,1
4578,4575,102.942983,50317,1
4579,4576,102.954120,50328,1
4580,4577,102.965257,50339,1
4581,4578,102.976394,50350,1
4582,4579,102.987530,50361,1
4583,4580,102.998665,50372,1
4584,4581,103.009802,50383,1
4585,4582,103.020941,50394,1
4586,4583,103.032077,50405,1
4587,4584,103.043213,50416,1
4588,4585,103.054348,50427,1
4589,4586,103.065485,50438,1
4590,4587,103.076623,50449,1
4591,4588,103.087760,50460,1
4592,4589,103.098897,50471,1
4593,4590,103.110032,50482,1
4594,4591,103.121169,50493,1
4595,4592,103.132308,50504,1
4596,4593,103.143442,50515,1
4597,4594,103.154579,50526,1
4598,4595,103.165716,50537,1
4599,4596,103.176854,50548,1
4600,4597,103.187991,50559,1
4601,4598,103.199127,50570,1
4602,4599,103.210264,50581,1
4603,4600,103.221400,50592,1
4604,4601,103.232538,50603,1
4605,4602,103.243674,50614,1
4606,4603,103.254811,50625,1
4607,4604,103.265948,50636,1
4608,4605,103.277085,50647,1
4609,4606,103.288219,50658,1
4610,4607,103.299358,50669,1
4611,4608,103.310495,50680,1
4612,4609,103.321632,50691,1
4613,4610,103.332768,50702,1
4614,4611,103.343904,50713,1
4615,4612,103.355040,50724,1
4616,4613,103.366177,50735,1
4617,4614,103.377315,50746,1
4618,4615,103.388451,50757,1
4619,4616,103.399589,50768,1
4620,4617,103.410724,50779,1
4621,4618,103.421862,50790,1
4622,4619,103.432999,50801,1
4623,4620,103.444136,50812,1
4624,4621,103.455271,50823,1
4625,4622,103.466408,50834,1
4626,4623,103.477545,50845,1
4627,4624,103.488683,50856,1
4628,4625,103.499818,50867,1
4629,4626,103.510955,50878,1
4630,4627,103.522105,50889,1
4631,4628,103.533229,50900,1
4632,4629,103.544365,50911,1
4633,4630,103.555501,50922,1
4634,4631,103.566640,50933,1
4635,4632,103.576764,50943,1
4636,4633,103.587901,50954,1
4637,4634,103.599038,50965,1
4638,4635,103.610172,50976,1
4639,4636,103.621311,50987,1
4640,4637,103.632448,50998,1
4641,4638,103.643584,51009,1
4642,4639,103.654721,51020,1
4643,4640,103.665856,51031,1
4644,4641,103.676995,51042,1
4645,4642,103.688131,51053,1
4646,4643,103.699267,51064,1
4647,4644,103.710403,51075,1
4648,4645,103.721539,51086,1
4649,4646,103.732676,51097,1
4650,4647,103.743815,51108,1
4651,4648,103.754949,51119,1
4652,4649,103.766086,51130,1
4653,4650,103.777225,51141,1
4654,4651,103.788360,51152,1
4655,4652,103.799498,51163,1
4656,4653,103.810635,51174,1
4657,4654,103.821772,51185,1
4658,4655,103.832909,51196,1
4659,4656,103.844045,51207,1
4660,4657,103.855181,51218,1
4661,4658,103.866318,51229,1
4662,4659,103.877455,51240,1
4663,4660,103.888591,51251,1
4664,4661,103.899727,51262,1
4665,4662,103.910864,51273,1
4666,4663,103.922000,51284,1
4667,4664,103.933139,51295,1
4668,4665,103.944276,51306,1
4669,4666,103.955411,51317,1
4670,4667,103.966549,51328,1
4671,4668,103.977685,51339,1
4672,4669,103.988823,51350,1
4673,4670,103.999959,51361,1
4674,4671,104.011105,51372,1
4675,4672,104.022231,51383,1
4676,4673,104.033368,51394,1
4677,4674,104.044506,51405,1
4678,4675,104.055641,51416,1
4679,4676,104.066780,51427,1
4680,4677,104.077915,51438,1
4681,4678,104.089052,51449,1
4682,4679,104.100189,51460,1
4683,4680,104.111325,51471,1
4684,4681,104.122462,51482,1
4685,4682,104.133599,51493,1
4686,4683,104.144736,51504,1
4687,4684,104.155871,51515,1
4688,4685,104.167010,51526,1
4689,4686,104.178146,51537,1
4690,4687,104.189283,51548,1
4691,4688,104.200418,51559,1
4692,4689,104.211556,51570,1
4693,4690,104.222693,51581,1
4694,4691,104.233830,51592,1
4695,4692,104.244967,51603,1
4696,4693,104.256107,51614,1
4697,4694,104.267241,51625,1
4698,4695,104.278375,51636,1
4699,4696,104.289512,51647,1
4700,4697,104.300650,51658,1
4701,4698,104.311785,51669,1
4702,4699,104.322923,51680,1
4703,4700,104.334061,51691,1
4704,4701,104.345197,51702,1
4705,4702,104.356334,51713,1
4706,4703,104.367470,51724,1
4707,4704,104.378606,51735,1
4708,4705,104.389743,51746,1
4709,4706,104.400879,51757,1
4710,4707,104.412017,51768,1
4711,4708,104.423153,51779,1
4712,4709,104.434291,51790,1
4713,4710,104.445427,51801,1
4714,4711,104.456564,51812,1
4715,4712,104.467701,51823,1
4716,4713,104.478837,51834,1
4717,4714,104.489974,51845,1
4718,4715,104.501112,51856,1
4719,4716,104.512247,51867,1
4720,4717,104.523385,51878,1
4721,4718,104.534522,51889,1
4722,4719,104.545656,51900,1
4723,4720,104.556795,51911,1
4724,4721,104.567932,51922,1
4725,4722,104.579069,51933,1
4726,4723,104.590205,51944,1
4727,4724,104.601341,51955,1
4728,4725,104.612477,51966,1
4729,4726,104.623616,51977,1
4730,4727,104.634750,51988,1
4731,4728,104.645887,51999,1
4732,4729,104.657027,52010,1
4733,4730,104.668162,52021,1
4734,4731,104.679299,52032,1
4735,4732,104.690435,52043,1
4736,4733,104.701571,52054,1
4737,4734,104.712709,52065,1
4738,4735,104.723845,52076,1
4739,4736,104.734981,52087,1
4740,4737,104.746119,52098,1
4741,4738,104.757256,52109,1
4742,4739,104.768393,52120,1
4743,4740,104.779530,52131,1
4744,4741,104.790667,52142,1
4745,4742,104.801801,52153,1
4746,4743,104.812940,52164,1
4747,4744,104.824077,52175,1
4748,4745,104.835213,52186,1
4749,4746,104.845338,52196,1
4750,4747,104.856473,52207,1
4751,4748,104.867611,52218,1
4752,4749,104.878747,52229,1
4753,4750,104.889883,52240,1
4754,4751,104.901021,52251,1
4755,4752,104.912156,52262,1
4756,4753,104.923294,52273,1
4757,4754,104.934432,52284,1
4758,4755,104.945567,52295,1
4759,4756,104.956703,52306,1
4760,4757,104.967841,52317,1
4761,4758,104.978978,52328,1
4762,4759,104.990113,52339,1
4763,4760,105.001252,52350,1
4764,4761,105.012388,52361,1
4765,4762,105.023523,52372,1
4766,4763,105.034661,52383,1
4767,4764,105.045797,52394,1
4768,4765,105.056936,52405,1
4769,4766,105.068072,52416,1
4770,4767,105.079207,52427,1
4771,4768,105.090343,52438,1
4772,4769,105.101481,52449,1
4773,4770,105.112619,52460,1
4774,4771,105.123756,52471,1
4775,4772,105.134892,52482,1
4776,4773,105.146027,52493,1
4777,4774,105.157166,52504,1
4778,4775,105.168300,52515,1
4779,4776,105.179438,52526,1
4780,4777,105.190575,52537,1
4781,4778,105.201713,52548,1
4782,4779,105.212847,52559,1
4783,4780,105.223984,52570,1
4784,4781,105.235121,52581,1
4785,4782,105.246258,52592,1
4786,4783,105.257394,52603,1
4787,4784,105.268533,52614,1
4788,4785,105.279669,52625,1
4789,4786,105.290806,52636,1
4790,4787,105.301943,52647,1
4791,4788,105.313079,52658,1
4792,4789,105.324214,52669,1
4793,4790,105.335351,52680,1
4794,4791,105.346490,52691,1
4795,4792,105.357625,52702,1
4796,4793,105.368764,52713,1
4797,4794,105.379898,52724,1
4798,4795,105.391037,52735,1
4799,4796,105.402173,52746,1
4800,4797,105.413311,52757,1
4801,4798,105.424447,52768,1
4802,4799,105.435582,52779,1
4803,4800,105.446721,52790,1
4804,4801,105.457857,52801,1
4805,4802,105.468993,52812,1
4806,4803,105.480129,52823,1
4807,4804,105.491267,52834,1
4808,4805,105.502404,52845,1
4809,4806,105.513541,52856,1
4810,4807,105.524676,52867,1
4811,4808,105.535813,52878,1
4812,4809,105.546949,52889,1
4813,4810,105.558086,52900,1
4814,4811,105.569223,52911,1
4815,4812,105.580362,52922,1
4816,4813,105.591497,52933,1
4817,4814,105.602634,52944,1
4818,4815,105.613771,52955,1
4819,4816,105.624908,52966,1
4820,4817,105.636045,52977,1
4821,4818,105.647182,52988,1
4822,4819,105.658318,52999,1
4823,4820,105.669456,53010,1
4824,4821,105.680592,53021,1
4825,4822,105.691727,53032,1
4826,4823,105.702863,53043,1
4827,4824,105.714000,53054,1
4828,4825,105.725136,53065,1
4829,4826,105.736273,53076,1
4830,4827,105.747412,53087,1
4831,4828,105.758548,53098,1
4832,4829,105.769686,53109,1
4833,4830,105.780820,53120,1
4834,4831,105.791959,53131,1
4835,4832,105.803102,53142,1
4836,4833,105.814230,53153,1
4837,4834,105.825368,53164,1
4838,4835,105.836506,53175,1
4839,4836,105.847642,53186,1
4840,4837,105.858777,53197,1
4841,4838,105.869915,53208,1
4842,4839,105.881053,53219,1
4843,4840,105.892190,53230,1
4844,4841,105.903325,53241,1
4845,4842,105.914462,53252,1
4846,4843,105.925600,53263,1
4847,4844,105.936735,53274,1
4848,4845,105.947872,53285,1
4849,4846,105.959008,53296,1
4850,4847,105.970146,53307,1
4851,4848,105.981281,53318,1
4852,4849,105.992420,53329,1
4853,4850,106.003556,53340,1
4854,4851,106.014693,53351,1
4855,4852,106.025829,53362,1
4856,4853,106.036965,53373,1
4857,4854,106.048109,53384,1
4858,4855,106.059238,53395,1
4859,4856,106.070376,53406,1
4860,4857,106.081514,53417,1
4861,4858,106.092650,53428,1
4862,4859,106.102775,53438,1
4863,4860,106.113912,53449,1
4864,4861,106.125046,53460,1
4865,4862,106.136182,53471,1
4866,4863,106.147321,53482,1
4867,4864,106.158458,53493,1
4868,4865,106.169595,53504,1
4869,4866,106.180731,53515,1
4870,4867,106.191868,53526,1
4871,4868,106.203005,53537,1
4872,4869,106.214141,53548,1
4873,4870,106.225279,53559,1
4874,4871,106.236416,53570,1
4875,4872,106.247550,53581,1
4876,4873,106.258689,53592,1
4877,4874,106.269826,53603,1
4878,4875,106.280960,53614,1
4879,4876,106.292107,53625,1
4880,4877,106.303235,53636,1
4881,4878,106.314372,53647,1
4882,4879,106.325508,53658,1
4883,4880,106.336644,53669,1
4884,4881,106.347783,53680,1
4885,4882,106.358919,53691,1
4886,4883,106.370055,53702,1
4887,4884,106.381190,53713,1
4888,4885,106.392327,53724,1
4889,4886,106.403464,53735,1
4890,4887,106.414601,53746,1
4891,4888,106.425739,53757,1
4892,4889,106.436876,53768,1
4893,4890,106.448013,53779,1
4894,4891,106.459147,53790,1
4895,4892,106.470286,53801,1
4896,4893,106.481421,53812,1
4897,4894,106.492560,53823,1
4898,4895,106.503695,53834,1
4899,4896,106.514833,53845,1
4900,4897,106.525970,53856,1
4901,4898,106.537108,53867,1
4902,4899,106.548241,53878,1
4903,4900,106.559380,53889,1
4904,4901,106.570515,53900,1
4905,4902,106.581654,53911,1
4906,4903,106.592790,53922,1
4907,4904,106.603926,53933,1
4908,4905,106.615064,53944,1
4909,4906,106.626201,53955,1
4910,4907,106.637335,53966,1
4911,4908,106.648473,53977,1
4912,4909,106.659608,53988,1
4913,4910,106.670747,53999,1
4914,4911,106.681882,54010,1
4915,4912,106.693021,54021,1
4916,4913,106.704158,54032,1
4917,4914,106.715292,54043,1
4918,4915,106.726431,54054,1
4919,4916,106.737568,54065,1
4920,4917,106.748704,54076,1
4921,4918,106.759839,54087,1
4922,4919,106.770976,54098,1
4923,4920,106.782114,54109,1
4924,4921,106.793250,54120,1
4925,4922,106.804387,54131,1
4926,4923,106.815522,54142,1
4927,4924,106.826661,54153,1
4928,4925,106.837796,54164,1
4929,4926,106.848933,54175,1
4930,4927,106.860071,54186,1
4931,4928,106.871208,54197,1
4932,4929,106.882344,54208,1
4933,4930,106.893482,54219,1
4934,4931,106.904619,54230,1
4935,4932,106.915754,54241,1
4936,4933,106.926891,54252,1
4937,4934,106.938026,54263,1
4938,4935,106.949165,54274,1
4939,4936,106.960301,54285,1
4940,4937,106.971439,54296,1
4941,4938,106.982575,54307,1
4942,4939,106.993712,54318,1
4943,4940,107.004849,54329,1
4944,4941,107.015986,54340,1
4945,4942,107.027120,54351,1
4946,4943,107.038259,54362,1
4947,4944,107.049395,54373,1
4948,4945,107.060531,54384,1
4949,4946,107.071669,54395,1
4950,4947,107.082805,54406,1
4951,4948,107.093942,54417,1
4952,4949,107.105077,54428,1
4953,4950,107.116216,54439,1
4954,4951,107.127353,54450,1
4955,4952,107.138490,54461,1
4956,4953,107.149627,54472,1
4957,4954,107.160761,54483,1
4958,4955,107.171898,54494,1
4959,4956,107.183035,54505,1
4960,4957,107.194174,54516,1
4961,4958,107.205309,54527,1
4962,4959,107.216445,54538,1
4963,4960,107.227584,54549,1
4964,4961,107.238719,54560,1
4965,4962,107.249855,54571,1
4966,4963,107.260993,54582,1
4967,4964,107.272128,54593,1
4968,4965,107.283267,54604,1
4969,4966,107.294403,54615,1
4970,4967,107.305540,54626,1
4971,4968,107.316675,54637,1
4972,4969,107.327814,54648,1
4973,4970,107.338950,54659,1
4974,4971,107.350086,54670,1
4975,4972,107.360212,54680,1
4976,4973,107.371348,54691,1
4977,4974,107.382485,54702,1
4978,4975,107.393620,54713,1
4979,4976,107.404759,54724,1
4980,4977,107.415895,54735,1
4981,4978,107.427033,54746,1
4982,4979,107.438166,54757,1
4983,4980,107.449305,54768,1
4984,4981,107.460440,54779,1
4985,4982,107.471579,54790,1
4986,4983,107.482714,54801,1
4987,4984,107.493850,54812,1
4988,4985,107.504988,54823,1
4989,4986,107.516125,54834,1
4990,4987,107.527260,54845,1
4991,4988,107.538399,54856,1
4992,4989,107.549534,54867,1
4993,4990,107.560670,54878,1
4994,4991,107.571809,54889,1
4995,4992,107.582944,54900,1
4996,4993,107.594082,54911,1
4997,4994,107.605219,54922,1
4998,4995,107.616356,54933,1
4999,4996,107.627493,54944,1
5000,4997,107.638629,54955,1
5001,4998,107.649767,54966,1
5002,4999,107.660902,54977,1
5003,5000,107.672039,54988,1
5004,5001,107.683175,54999,1
5005,5002,107.694313,55010,1
5006,5003,107.705448,55021,1
5007,5004,107.716587,55032,1
5008,5005,107.727723,55043,1
5009,5006,107.738859,55054,1
5010,5007,107.749996,55065,1
5011,5008,107.761134,55076,1
5012,5009,107.772270,55087,1
5013,5010,107.783406,55098,1
5014,5011,107.794542,55109,1
5015,5012,107.805678,55120,1
5016,5013,107.816815,55131,1
5017,5014,107.827952,55142,1
5018,5015,107.839091,55153,1
5019,5016,107.850227,55164,1
5020,5017,107.861363,55175,1
5021,5018,107.872499,55186,1
5022,5019,107.883636,55197,1
5023,5020,107.894772,55208,1
5024,5021,107.905910,55219,1
5025,5022,107.917047,55230,1
5026,5023,107.928184,55241,1
5027,5024,107.939319,55252,1
5028,5025,107.950458,55263,1
5029,5026,107.961594,55274,1
5030,5027,107.972731,55285,1
5031,5028,107.983867,55296,1
5032,5029,107.995005,55307,1
5033,5030,108.006140,55318,1
5034,5031,108.017278,55329,1
5035,5032,108.028414,55340,1
5036,5033,108.039550,55351,1
5037,5034,108.050687,55362,1
5038,5035,108.061825,55373,1
5039,5036,108.072961,55384,1
5040,5037,108.084107,55395,1
5041,5038,108.095235,55406,1
5042,5039,108.106372,55417,1
5043,5040,108.117507,55428,1
5044,5041,108.128645,55439,1
5045,5042,108.139782,55450,1
5046,5043,108.150919,55461,1
5047,5044,108.162055,55472,1
5048,5045,108.173192,55483,1
5049,5046,108.184329,55494,1
5050,5047,108.195465,55505,1
5051,5048,108.206602,55516,1
5052,5049,108.217737,55527,1
5053,5050,108.228876,55538,1
5054,5051,108.240013,55549,1
5055,5052,108.251148,55560,1
5056,5053,108.262284,55571,1
5057,5054,108.273421,55582,1
5058,5055,108.284559,55593,1
5059,5056,108.295694,55604,1
5060,5057,108.306833,55615,1
5061,5058,108.317970,55626,1
5062,5059,108.329109,55637,1
5063,5060,108.340243,55648,1
5064,5061,108.351379,55659,1
5065,5062,108.362516,55670,1
5066,5063,108.373653,55681,1
5067,5064,108.384790,55692,1
5068,5065,108.395927,55703,1
5069,5066,108.407064,55714,1
5070,5067,108.418200,55725,1
5071,5068,108.429337,55736,1
5072,5069,108.440474,55747,1
5073,5070,108.451610,55758,1
5074,5071,108.462746,55769,1
5075,5072,108.473884,55780,1
5076,5073,108.485018,55791,1
5077,5074,108.496155,55802,1
5078,5075,108.507294,55813,1
5079,5076,108.518430,55824,1
5080,5077,108.529565,55835,1
5081,5078,108.540702,55846,1
5082,5079,108.551840,55857,1
5083,5080,108.562975,55868,1
5084,5081,108.574114,55879,1
5085,5082,108.585250,55890,1
5086,5083,108.596386,55901,1
5087,5084,108.607524,55912,1
5088,5085,108.618659,55923,1
5089,5086,108.628785,55933,1
5090,5087,108.639922,55944,1
5091,5088,108.651059,55955,1
5092,5089,108.662194,55966,1
5093,5090,108.673332,55977,1
5094,5091,108.684469,55988,1
5095,5092,108.695605,55999,1
5096,5093,108.706740,56010,1
5097,5094,108.717879,56021,1
5098,5095,108.729015,56032,1
5099,5096,108.740153,56043,1
5100,5097,108.751290,56054,1
5101,5098,108.762426,56065,1
5102,5099,108.773562,56076,1
5103,5100,108.784698,56087,1
5104,5101,108.795834,56098,1
5105,5102,108.806972,56109,1
5106,5103,108.818110,56120,1
5107,5104,108.829244,56131,1
5108,5105,108.840381,56142,1
5109,5106,108.851520,56153,1
5110,5107,108.862657,56164,1
5111,5108,108.873794,56175,1
5112,5109,108.884930,56186,1
5113,5110,108.896066,56197,1
5114,5111,108.907202,56208,1
5115,5112,108.918338,56219,1
5116,5113,108.929477,56230,1
5117,5114,108.940611,56241,1
5118,5115,108.951748,56252,1
5119,5116,108.962885,56263,1
5120,5117,108.974022,56274,1
5121,5118,108.985160,56285,1
5122,5119,108.996296,56296,1
5123,5120,109.007434,56307,1
5124,5121,109.018569,56318,1
5125,5122,109.029707,56329,1
5126,5123,109.040844,56340,1
5127,5124,109.051980,56351,1
5128,5125,109.063117,56362,1
5129,5126,109.074252,56373,1
5130,5127,109.085391,56384,1
5131,5128,109.096527,56395,1
5132,5129,109.107664,56406,1
5133,5130,109.118799,56417,1
5134,5131,109.129937,56428,1
5135,5132,109.141074,56439,1
5136,5133,109.152209,56450,1
5137,5134,109.163348,56461,1
5138,5135,109.174484,56472,1
5139,5136,109.185619,56483,1
5140,5137,109.196756,56494,1
5141,5138,109.207894,56505,1
5142,5139,109.219030,56516,1
5143,5140,109.230168,56527,1
5144,5141,109.241303,56538,1
5145,5142,109.252440,56549,1
5146,5143,109.263577,56560,1
5147,5144,109.274713,56571,1
5148,5145,109.285851,56582,1
5149,5146,109.296989,56593,1
5150,5147,109.308123,56604,1
5151,5148,109.319261,56615,1
5152,5149,109.330398,56626,1
5153,5150,109.341535,56637,1
5154,5151,109.352670,56648,1
5155,5152,109.363807,56659,1
5156,5153,109.374945,56670,1
5157,5154,109.386082,56681,1
5158,5155,109.397217,56692,1
5159,5156,109.408356,56703,1
5160,5157,109.419492,56714,1
5161,5158,109.430627,56725,1
5162,5159,109.441765,56736,1
5163,5160,109.452903,56747,1
5164,5161,109.464037,56758,1
5165,5162,109.475176,56769,1
5166,5163,109.486312,56780,1
5167,5164,109.497448,56791,1
5168,5165,109.508585,56802,1
5169,5166,109.519722,56813,1
5170,5167,109.530860,56824,1
5171,5168,109.541996,56835,1
5172,5169,109.553133,56846,1
5173,5170,109.564270,56857,1
5174,5171,109.575407,56868,1
5175,5172,109.586543,56879,1
5176,5173,109.597679,56890,1
5177,5174,109.608816,56901,1
5178,5175,109.619954,56912,1
5179,5176,109.631088,56923,1
5180,5177,109.642225,56934,1
5181,5178,109.653363,56945,1
5182,5179,109.664500,56956,1
5183,5180,109.675635,56967,1
5184,5181,109.686774,56978,1
5185,5182,109.697909,56989,1
5186,5183,109.709047,57000,1
5187,5184,109.720183,57011,1
5188,5185,109.731319,57022,1
5189,5186,109.742456,57033,1
5190,5187,109.753592,57044,1
5191,5188,109.764729,57055,1
5192,5189,109.775867,57066,1
5193,5190,109.787002,57077,1
5194,5191,109.798141,57088,1
5195,5192,109.809278,57099,1
5196,5193,109.820414,57110,1
5197,5194,109.831551,57121,1
5198,5195,109.842687,57132,1
5199,5196,109.853825,57143,1
5200,5197,109.864960,57154,1
5201,5198,109.876106,57165,1
5202,5199,109.886223,57175,1
5203,5200,109.897359,57186,1
5204,5201,109.908493,57197,1
5205,5202,109.919632,57208,1
5206,5203,109.930769,57219,1
5207,5204,109.941904,57230,1
5208,5205,109.953043,57241,1
5209,5206,109.964179,57252,1
5210,5207,109.975315,57263,1
5211,5208,109.986451,57274,1
5212,5209,109.997589,57285,1
5213,5210,110.008724,57296,1
5214,5211,110.019863,57307,1
5215,5212,110.030998,57318,1
5216,5213,110.042135,57329,1
5217,5214,110.053271,57340,1
5218,5215,110.064408,57351,1
5219,5216,110.075547,57362,1
5220,5217,110.086683,57373,1
5221,5218,110.097818,57384,1
5222,5219,110.108957,57395,1
5223,5220,110.120105,57406,1
5224,5221,110.131230,57417,1
5225,5222,110.142365,57428,1
5226,5223,110.153503,57439,1
5227,5224,110.164639,57450,1
5228,5225,110.175777,57461,1
5229,5226,110.186913,57472,1
5230,5227,110.198050,57483,1
5231,5228,110.209186,57494,1
5232,5229,110.220322,57505,1
5233,5230,110.231460,57516,1
5234,5231,110.242597,57527,1
5235,5232,110.253732,57538,1
5236,5233,110.264869,57549,1
5237,5234,110.276008,57560,1
5238,5235,110.287144,57571,1
5239,5236,110.298280,57582,1
5240,5237,110.309418,57593,1
5241,5238,110.320555,57604,1
5242,5239,110.331690,57615,1
5243,5240,110.342825,57626,1
5244,5241,110.353962,57637,1
5245,5242,110.365107,57648,1
5246,5243,110.376236,57659,1
5247,5244,110.387375,57670,1
5248,5245,110.398509,57681,1
5249,5246,110.409647,57692,1
5250,5247,110.420784,57703,1
5251,5248,110.431920,57714,1
5252,5249,110.443057,57725,1
5253,5250,110.454193,57736,1
5254,5251,110.465331,57747,1
5255,5252,110.476468,57758,1
5256,5253,110.487603,57769,1
5257,5254,110.498740,57780,1
5258,5255,110.509876,57791,1
5259,5256,110.521015,57802,1
5260,5257,110.532152,57813,1
5261,5258,110.543288,57824,1
5262,5259,110.554425,57835,1
5263,5260,110.565561,57846,1
5264,5261,110.576697,57857,1
5265,5262,110.587835,57868,1
5266,5263,110.598972,57879,1
5267,5264,110.610113,57890,1
5268,5265,110.621243,57901,1
5269,5266,110.632382,57912,1
5270,5267,110.643518,57923,1
5271,5268,110.654655,57934,1
5272,5269,110.665791,57945,1
5273,5270,110.676930,57956,1
5274,5271,110.688067,57967,1
5275,5272,110.699203,57978,1
5276,5273,110.710340,57989,1
5277,5274,110.721476,57999,1
5278,5275,110.732611,58010,1
5279,5276,110.743750,58021,1
5280,5277,110.754886,58032,1
5281,5278,110.766023,58043,1
5282,5279,110.777160,58054,1
5283,5280,110.788295,58065,1
5284,5281,110.799433,58076,1
5285,5282,110.810568,58087,1
5286,5283,110.821706,58098,1
5287,5284,110.832841,58109,1
5288,5285,110.843979,58120,1
5289,5286,110.855115,58131,1
5290,5287,110.866253,58142,1
5291,5288,110.877388,58153,1
5292,5289,110.888525,58164,1
5293,5290,110.899664,58175,1
5294,5291,110.910799,58186,1
5295,5292,110.921937,58197,1
5296,5293,110.933075,58208,1
5297,5294,110.944208,58219,1
5298,5295,110.955345,58230,1
5299,5296,110.966482,58241,1
5300,5297,110.977621,58252,1
5301,5298,110.988757,58263,1
5302,5299,110.999892,58274,1
5303,5300,111.011030,58285,1
5304,5301,111.022168,58296,1
5305,5302,111.033304,58307,1
5306,5303,111.044439,58318,1
5307,5304,111.055577,58329,1
5308,5305,111.066715,58340,1
5309,5306,111.077851,58351,1
5310,5307,111.088987,58362,1
5311,5308,111.100122,58373,1
5312,5309,111.111259,58384,1
5313,5310,111.122397,58395,1
5314,5311,111.133533,58406,1
5315,5312,111.143657,58416,1
5316,5313,111.154796,58427,1
5317,5314,111.165932,58438,1
5318,5315,111.177069,58449,1
5319,5316,111.188206,58460,1
5320,5317,111.199343,58471,1
5321,5318,111.210477,58482,1
5322,5319,111.221616,58493,1
5323,5320,111.232751,58504,1
5324,5321,111.243888,58515,1
5325,5322,111.255026,58526,1
5326,5323,111.266162,58537,1
5327,5324,111.277298,58548,1
5328,5325,111.288436,58559,1
5329,5326,111.299572,58570,1
5330,5327,111.310708,58581,1
5331,5328,111.321845,58592,1
5332,5329,111.332983,58603,1
5333,5330,111.344119,58614,1
5334,5331,111.355255,58625,1
5335,5332,111.366393,58636,1
5336,5333,111.377530,58647,1
5337,5334,111.388667,58658,1
5338,5335,111.399804,58669,1
5339,5336,111.410940,58680,1
5340,5337,111.422075,58691,1
5341,5338,111.433212,58702,1
5342,5339,111.444349,58713,1
5343,5340,111.455485,58724,1
5344,5341,111.466623,58735,1
5345,5342,111.477758,58746,1
5346,5343,111.488896,58757,1
5347,5344,111.500034,58768,1
5348,5345,111.511169,58779,1
5349,5346,111.522308,58790,1
5350,5347,111.533444,58801,1
5351,5348,111.544579,58812,1
5352,5349,111.555716,58823,1
5353,5350,111.566855,58834,1
5354,5351,111.577989,58845,1
5355,5352,111.589127,58856,1
5356,5353,111.600263,58867,1
5357,5354,111.611401,58878,1
5358,5355,111.622536,58889,1
5359,5356,111.633673,58900,1
5360,5357,111.644812,58911,1
5361,5358,111.655948,58922,1
5362,5359,111.667084,58933,1
5363,5360,111.678222,58944,1
5364,5361,111.689359,58955,1
5365,5362,111.700494,58966,1
5366,5363,111.711632,58977,1
5367,5364,111.722768,58988,1
5368,5365,111.733905,58999,1
5369,5366,111.745041,59010,1
5370,5367,111.756176,59021,1
5371,5368,111.767315,59032,1
5372,5369,111.778452,59043,1
5373,5370,111.789589,59054,1
5374,5371,111.800726,59065,1
5375,5372,111.811860,59076,1
5376,5373,111.822997,59087,1
5377,5374,111.834135,59098,1
5378,5375,111.845272,59109,1
5379,5376,111.856407,59120,1
5380,5377,111.867545,59131,1
5381,5378,111.878680,59142,1
5382,5379,111.889818,59153,1
5383,5380,111.900955,59164,1
5384,5381,111.912104,59175,1
5385,5382,111.923230,59186,1
5386,5383,111.934366,59197,1
5387,5384,111.945503,59208,1
5388,5385,111.956639,59219,1
5389,5386,111.967774,59230,1
5390,5387,111.978912,59241,1
5391,5388,111.990048,59252,1
5392,5389,112.001186,59263,1
5393,5390,112.012323,59274,1
5394,5391,112.023458,59285,1
5395,5392,112.034597,59296,1
5396,5393,112.045734,59307,1
5397,5394,112.056870,59318,1
5398,5395,112.068006,59329,1
5399,5396,112.079143,59340,1
5400,5397,112.090280,59351,1
5401,5398,112.101415,59362,1
5402,5399,112.112553,59373,1
5403,5400,112.123690,59384,1
5404,5401,112.134827,59395,1
5405,5402,112.145963,59406,1
5406,5403,112.157105,59417,1
5407,5404,112.168238,59428,1
5408,5405,112.179374,59439,1
5409,5406,112.190509,59450,1
5410,5407,112.201646,59461,1
5411,5408,112.212784,59472,1
5412,5409,112.223921,59483,1
5413,5410,112.235058,59494,1
5414,5411,112.246192,59505,1
5415,5412,112.257331,59516,1
5416,5413,112.268468,59527,1
5417,5414,112.279602,59538,1
5418,5415,112.290741,59549,1
5419,5416,112.301877,59560,1
5420,5417,112.313014,59571,1
5421,5418,112.324152,59582,1
5422,5419,112.335286,59593,1
5423,5420,112.346423,59604,1
5424,5421,112.357561,59615,1
5425,5422,112.368696,59626,1
5426,5423,112.379833,59637,1
5427,5424,112.390971,59648,1
5428,5425,112.402109,59659,1
5429,5426,112.412232,59669,1
5430,5427,112.423368,59680,1
5431,5428,112.434505,59691,1
5432,5429,112.445643,59702,1
5433,5430,112.456779,59713,1
5434,5431,112.467914,59724,1
5435,5432,112.479052,59735,1
5436,5433,112.490189,59746,1
5437,5434,112.501324,59757,1
5438,5435,112.512461,59768,1
5439,5436,112.523599,59779,1
5440,5437,112.534737,59790,1
5441,5438,112.545873,59801,1
5442,5439,112.557010,59812,1
5443,5440,112.568145,59823,1
5444,5441,112.579283,59834,1
5445,5442,112.590418,59845,1
5446,5443,112.601556,59856,1
5447,5444,112.612692,59867,1
5448,5445,112.623831,59878,1
5449,5446,112.634965,59889,1
5450,5447,112.646109,59900,1
5451,5448,112.657241,59911,1
5452,5449,112.668377,59922,1
5453,5450,112.679512,59933,1
5454,5451,112.690651,59944,1
5455,5452,112.701787,59955,1
5456,5453,112.712924,59966,1
5457,5454,112.724060,59977,1
5458,5455,112.735195,59988,1
5459,5456,112.746332,59999,1
5460,5457,112.757471,60010,1
5461,5458,112.768607,60021,1
5462,5459,112.779742,60032,1
5463,5460,112.790879,60043,1
5464,5461,112.802017,60054,1
5465,5462,112.813152,60065,1
5466,5463,112.824291,60076,1
5467,5464,112.835426,60087,1
5468,5465,112.846565,60098,1
5469,5466,112.857702,60109,1
5470,5467,112.868838,60120,1
5471,5468,112.879974,60131,1
5472,5469,112.891110,60142,1
5473,5470,112.902249,60153,1
5474,5471,112.913385,60164,1
5475,5472,112.924520,60175,1
5476,5473,112.935657,60186,1
5477,5474,112.946795,60197,1
5478,5475,112.957932,60208,1
5479,5476,112.969069,60219,1
5480,5477,112.980205,60230,1
5481,5478,112.991341,60241,1
5482,5479,113.002477,60252,1
5483,5480,113.013613,60263,1
5484,5481,113.024750,60274,1
5485,5482,113.035888,60285,1
5486,5483,113.047026,60296,1
5487,5484,113.058162,60307,1
5488,5485,113.069299,60318,1
5489,5486,113.080436,60329,1
5490,5487,113.091571,60340,1
5491,5488,113.102709,60351,1
5492,5489,113.113845,60362,1
5493,5490,113.124982,60373,1
5494,5491,113.136117,60384,1
5495,5492,113.147254,60395,1
5496,5493,113.158392,60406,1
5497,5494,113.169530,60417,1
5498,5495,113.180666,60428,1
5499,5496,113.191802,60439,1
5500,5497,113.202939,60450,1
5501,5498,113.214076,60461,1
5502,5499,113.225211,60472,1
5503,5500,113.236349,60483,1
5504,5501,113.247484,60494,1
5505,5502,113.258621,60505,1
5506,5503,113.269760,60516,1
5507,5504,113.280896,60527,1
5508,5505,113.292031,60538,1
5509,5506,113.303169,60549,1
5510,5507,113.314307,60560,1
5511,5508,113.325443,60571,1
5512,5509,113.336580,60582,1
5513,5510,113.347717,60593,1
5514,5511,113.358851,60604,1
5515,5512,113.369991,60615,1
5516,5513,113.381125,60626,1
5517,5514,113.392264,60637,1
5518,5515,113.403401,60648,1
5519,5516,113.414535,60659,1
5520,5517,113.425674,60670,1
5521,5518,113.436811,60681,1
5522,5519,113.447946,60692,1
5523,5520,113.459083,60703,1
5524,5521,113.470221,60714,1
5525,5522,113.481358,60725,1
5526,5523,113.492494,60736,1
5527,5524,113.503631,60747,1
5528,5525,113.514766,60758,1
5529,5526,113.525903,60769,1
5530,5527,113.537041,60780,1
5531,5528,113.548177,60791,1
5532,5529,113.559312,60802,1
5533,5530,113.570451,60813,1
5534,5531,113.581588,60824,1
5535,5532,113.592724,60835,1
5536,5533,113.603861,60846,1
5537,5534,113.614998,60857,1
5538,5535,113.626132,60868,1
5539,5536,113.637271,60879,1
5540,5537,113.648408,60890,1
5541,5538,113.659545,60901,1
5542,5539,113.669669,60911,1
5543,5540,113.680806,60922,1
5544,5541,113.691940,60933,1
5545,5542,113.703078,60944,1
5546,5543,113.714216,60955,1
5547,5544,113.725351,60966,1
5548,5545,113.736490,60977,1
5549,5546,113.747625,60988,1
5550,5547,113.758761,60999,1
5551,5548,113.769898,61010,1
5552,5549,113.781035,61021,1
5553,5550,113.792173,61032,1
5554,5551,113.803310,61043,1
5555,5552,113.814445,61054,1
5556,5553,113.825581,61065,1
5557,5554,113.836719,61076,1
5558,5555,113.847857,61087,1
5559,5556,113.858994,61098,1
5560,5557,113.870129,61109,1
5561,5558,113.881265,61120,1
5562,5559,113.892403,61131,1
5563,5560,113.903538,61142,1
5564,5561,113.914675,61153,1
5565,5562,113.925813,61164,1
5566,5563,113.936950,61175,1
5567,5564,113.948086,61186,1
5568,5565,113.959224,61197,1
5569,5566,113.970359,61208,1
5570,5567,113.981495,61219,1
5571,5568,113.992632,61230,1
5572,5569,114.003769,61241,1
5573,5570,114.014908,61252,1
5574,5571,114.026042,61263,1
5575,5572,114.037181,61274,1
5576,5573,114.048318,61285,1
5577,5574,114.059453,61296,1
5578,5575,114.070591,61307,1
5579,5576,114.081727,61318,1
5580,5577,114.092865,61329,1
5581,5578,114.103999,61340,1
5582,5579,114.115137,61351,1
5583,5580,114.126274,61362,1
5584,5581,114.137411,61373,1
5585,5582,114.148546,61384,1
5586,5583,114.159684,61395,1
5587,5584,114.170819,61406,1
5588,5585,114.181959,61417,1
5589,5586,114.193104,61428,1
5590,5587,114.204232,61439,1
5591,5588,114.215369,61450,1
5592,5589,114.226503,61461,1
5593,5590,114.237642,61472,1
5594,5591,114.248777,61483,1
5595,5592,114.259915,61494,1
5596,5593,114.271050,61505,1
5597,5594,114.282187,61516,1
5598,5595,114.293325,61527,1
5599,5596,114.304462,61538,1
5600,5597,114.315599,61549,1
5601,5598,114.326734,61560,1
5602,5599,114.337872,61571,1
5603,5600,114.349007,61582,1
5604,5601,114.360145,61593,1
5605,5602,114.371281,61604,1
5606,5603,114.382417,61615,1
5607,5604,114.393554,61626,1
5608,5605,114.404692,61637,1
5609,5606,114.415829,61648,1
5610,5607,114.426966,61659,1
5611,5608,114.438108,61670,1
5612,5609,114.449238,61681,1
5613,5610,114.460374,61692,1
5614,5611,114.471511,61703,1
5615,5612,114.482649,61714,1
5616,5613,114.493787,61725,1
5617,5614,114.504923,61736,1
5618,5615,114.516060,61747,1
5619,5616,114.527195,61758,1
5620,5617,114.538331,61769,1
5621,5618,114.549470,61780,1
5622,5619,114.560607,61791,1
5623,5620,114.571741,61802,1
5624,5621,114.582880,61813,1
5625,5622,114.594017,61824,1
5626,5623,114.605152,61835,1
5627,5624,114.616288,61846,1
5628,5625,114.627426,61857,1
5629,5626,114.638564,61868,1
5630,5627,114.649698,61879,1
5631,5628,114.660837,61890,1
5632,5629,114.671972,61901,1
5633,5630,114.683111,61912,1
5634,5631,114.694246,61923,1
5635,5632,114.705384,61934,1
5636,5633,114.716521,61945,1
5637,5634,114.727656,61956,1
5638,5635,114.738794,61967,1
5639,5636,114.749929,61978,1
5640,5637,114.761067,61989,1
5641,5638,114.772205,62000,1
5642,5639,114.783341,62011,1
5643,5640,114.794478,62022,1
5644,5641,114.805614,62033,1
5645,5642,114.816752,62044,1
5646,5643,114.827886,62055,1
5647,5644,114.839025,62066,1
5648,5645,114.850161,62077,1
5649,5646,114.861298,62088,1
5650,5647,114.872434,62099,1
5651,5648,114.883569,62110,1
5652,5649,114.894706,62121,1
5653,5650,114.905845,62132,1
5654,5651,114.916982,62143,1
5655,5652,114.927110,62153,1
5656,5653,114.938242,62164,1
5657,5654,114.949379,62175,1
5658,5655,114.960516,62186,1
5659,5656,114.971653,62197,1
5660,5657,114.982788,62208,1
5661,5658,114.993926,62219,1
5662,5659,115.005061,62230,1
5663,5660,115.016199,62241,1
5664,5661,115.027337,62252,1
5665,5662,115.038474,62263,1
5666,5663,115.049609,62274,1
5667,5664,115.060746,62285,1
5668,5665,115.071882,62296,1
5669,5666,115.083020,62307,1
5670,5667,115.094156,62318,1
5671,5668,115.105292,62329,1
5672,5669,115.116429,62340,1
5673,5670,115.127565,62351,1
5674,5671,115.138703,62362,1
5675,5672,115.149838,62373,1
5676,5673,115.160975,62384,1
5677,5674,115.172113,62395,1
5678,5675,115.183248,62406,1
5679,5676,115.194385,62417,1
5680,5677,115.205524,62428,1
5681,5678,115.216660,62439,1
5682,5679,115.227797,62450,1
5683,5680,115.238934,62461,1
5684,5681,115.250072,62472,1
5685,5682,115.261207,62483,1
5686,5683,115.272342,62494,1
5687,5684,115.283481,62505,1
5688,5685,115.294617,62516,1
5689,5686,115.305752,62527,1
5690,5687,115.316891,62538,1
5691,5688,115.328026,62549,1
5692,5689,115.339164,62560,1
5693,5690,115.350301,62571,1
5694,5691,115.361438,62582,1
5695,5692,115.372575,62593,1
5696,5693,115.383711,62604,1
5697,5694,115.394847,62615,1
5698,5695,115.405984,62626,1
5699,5696,115.417121,62637,1
5700,5697,115.428258,62648,1
5701,5698,115.439393,62659,1
5702,5699,115.450532,62670,1
5703,5700,115.461667,62681,1
5704,5701,115.472805,62692,1
5705,5702,115.483942,62703,1
5706,5703,115.495077,62714,1
5707,5704,115.506216,62725,1
5708,5705,115.517352,62736,1
5709,5706,115.528487,62747,1
5710,5707,115.539626,62758,1
5711,5708,115.550762,62769,1
5712,5709,115.561899,62780,1
5713,5710,115.573033,62791,1
5714,5711,115.584172,62802,1
5715,5712,115.595309,62813,1
5716,5713,115.606444,62824,1
5717,5714,115.617580,62835,1
5718,5715,115.628720,62846,1
5719,5716,115.639854,62857,1
5720,5717,115.650993,62868,1
5721,5718,115.662129,62879,1
5722,5719,115.673265,62890,1
5723,5720,115.684402,62901,1
5724,5721,115.695539,62912,1
5725,5722,115.706676,62923,1
5726,5723,115.717813,62933,1
5727,5724,115.728950,62944,1
5728,5725,115.740084,62955,1
5729,5726,115.751223,62966,1
5730,5727,115.762359,62977,1
5731,5728,115.773494,62988,1
5732,5729,115.784631,62999,1
5733,5730,115.795768,63010,1
5734,5731,115.806905,63021,1
5735,5732,115.818042,63032,1
5736,5733,115.829180,63043,1
5737,5734,115.840317,63054,1
5738,5735,115.851453,63065,1
5739,5736,115.862588,63076,1
5740,5737,115.873727,63087,1
5741,5738,115.884862,63098,1
5742,5739,115.896000,63109,1
5743,5740,115.907138,63120,1
5744,5741,115.918274,63131,1
5745,5742,115.929411,63142,1
5746,5743,115.940547,63153,1
5747,5744,115.951684,63164,1
5748,5745,115.962821,63175,1
5749,-1,115.973955,63186,1
5750,5746,115.985105,63197,1
5751,5747,115.996231,63208,1
5752,5748,116.007366,63219,1
5753,5749,116.018504,63230,1
5754,5750,116.029641,63241,1
5755,5751,116.040777,63252,1
5756,5752,116.051914,63263,1
5757,5753,116.063052,63274,1
5758,5754,116.074186,63285,1
5759,5755,116.085323,63296,1
5760,5756,116.096459,63307,1
5761,5757,116.107598,63318,1
5762,5758,116.118733,63329,1
5763,5759,116.129870,63340,1
5764,5760,116.141008,63351,1
5765,5761,116.152143,63362,1
5766,5762,116.163282,63373,1
5767,5763,116.174417,63384,1
5768,5764,116.185554,63395,1
5769,5765,116.195679,63405,1
5770,5766,116.206814,63416,1
5771,5767,116.217952,63427,1
5772,5768,116.229090,63438,1
5773,5769,116.240225,63449,1
5774,5770,116.251361,63460,1
5775,5771,116.262498,63471,1
5776,5772,116.273636,63482,1
5777,5773,116.284773,63493,1
5778,5774,116.295910,63504,1
5779,5775,116.307046,63515,1
5780,5776,116.318184,63526,1
5781,5777,116.329321,63537,1
5782,5778,116.340455,63548,1
5783,5779,116.351593,63559,1
5784,5780,116.362728,63570,1
5785,5781,116.373866,63581,1
5786,5782,116.385004,63592,1
5787,5783,116.396138,63603,1
5788,5784,116.407277,63614,1
5789,5785,116.418414,63625,1
5790,5786,116.429549,63636,1
5791,5787,116.440685,63647,1
5792,5788,116.451822,63658,1
5793,5789,116.462959,63669,1
5794,5790,116.474106,63680,1
5795,5791,116.485233,63691,1
5796,5792,116.496371,63702,1
5797,5793,116.507508,63713,1
5798,5794,116.518645,63724,1
5799,5795,116.529781,63735,1
5800,5796,116.540917,63746,1
5801,5797,116.552055,63757,1
5802,5798,116.563191,63768,1
5803,5799,116.574327,63779,1
5804,5800,116.585463,63790,1
5805,5801,116.596601,63801,1
5806,5802,116.607738,63812,1
5807,5803,116.618875,63823,1
5808,5804,116.630010,63834,1
5809,5805,116.641148,63845,1
5810,5806,116.652285,63856,1
5811,5807,116.663422,63867,1
5812,5808,116.674558,63878,1
5813,5809,116.685694,63889,1
5814,5810,116.696832,63900,1
5815,5811,116.707969,63911,1
5816,5812,116.719113,63922,1
5817,5813,116.730242,63933,1
5818,5814,116.741379,63944,1
5819,5815,116.752515,63955,1
5820,5816,116.763653,63966,1
5821,5817,116.774789,63977,1
5822,5818,116.785925,63988,1
5823,5819,116.797063,63999,1
5824,5820,116.808197,64010,1
5825,5821,116.819336,64021,1
5826,5822,116.830472,64032,1
5827,5823,116.841608,64043,1
5828,5824,116.852746,64054,1
5829,5825,116.863881,64065,1
5830,5826,116.875019,64076,1
5831,5827,116.886157,64087,1
5832,5828,116.897291,64098,1
5833,5829,116.908430,64109,1
5834,5830,116.919565,64120,1
5835,5831,116.930704,64131,1
5836,5832,116.941839,64142,1
5837,5833,116.952977,64153,1
5838,5834,116.964114,64164,1
5839,5835,116.975251,64175,1
5840,5836,116.986387,64186,1
5841,5837,116.997523,64197,1
5842,5838,117.008658,64208,1
5843,5839,117.019795,64219,1
5844,5840,117.030933,64230,1
5845,5841,117.042072,64241,1
5846,5842,117.053207,64252,1
5847,5843,117.064343,64263,1
5848,5844,117.075481,64274,1
5849,5845,117.086617,64285,1
5850,5846,117.097754,64296,1
5851,5847,117.108891,64307,1
5852,5848,117.120028,64318,1
5853,5849,117.131164,64329,1
5854,5850,117.142300,64340,1
5855,5851,117.153438,64351,1
5856,5852,117.164574,64362,1
5857,5853,117.175710,64373,1
5858,5854,117.186848,64384,1
5859,5855,117.197985,64395,1
5860,5856,117.209122,64406,1
5861,5857,117.220256,64417,1
5862,5858,117.231395,64428,1
5863,5859,117.242532,64439,1
5864,5860,117.253668,64450,1
5865,5861,117.264805,64461,1
5866,5862,117.275941,64472,1
5867,5863,117.287079,64483,1
5868,5864,117.298213,64494,1
5869,5865,117.309350,64505,1
5870,5866,117.320486,64516,1
5871,5867,117.331624,64527,1
5872,5868,117.342761,64538,1
5873,5869,117.353897,64549,1
5874,5870,117.365033,64560,1
5875,5871,117.376171,64571,1
5876,5872,117.387307,64582,1
5877,5873,117.398444,64593,1
5878,5874,117.409582,64604,1
5879,5875,117.420718,64615,1
5880,5876,117.431854,64626,1
5881,5877,117.442992,64637,1
5882,5878,117.453117,64647,1
5883,5879,117.464254,64658,1
5884,5880,117.475388,64669,1
5885,5881,117.486525,64680,1
5886,5882,117.497663,64691,1
5887,5883,117.508800,64702,1
5888,5884,117.519935,64713,1
5889,5885,117.531073,64724,1
5890,5886,117.542211,64735,1
5891,5887,117.553347,64746,1
5892,5888,117.564483,64757,1
5893,5889,117.575620,64768,1
5894,5890,117.586758,64779,1
5895,5891,117.597892,64790,1
5896,5892,117.609031,64801,1
5897,5893,117.620166,64812,1
5898,5894,117.631304,64823,1
5899,5895,117.642441,64834,1
5900,5896,117.653577,64845,1
5901,5897,117.664714,64856,1
5902,5898,117.675851,64867,1
5903,5899,117.686986,64878,1
5904,5900,117.698122,64889,1
5905,5901,117.709262,64900,1
5906,5902,117.720397,64911,1
5907,5903,117.731534,64922,1
5908,5904,117.742672,64933,1
5909,5905,117.753808,64944,1
5910,5906,117.764943,64955,1
5911,5907,117.776079,64966,1
5912,5908,117.787218,64977,1
5913,5909,117.798353,64988,1
5914,5910,117.809491,64999,1
5915,5911,117.820627,65010,1
5916,5912,117.831766,65021,1
5917,5913,117.842901,65032,1
5918,5914,117.854038,65043,1
5919,5915,117.865175,65054,1
5920,5916,117.876310,65065,1
5921,5917,117.887449,65076,1
5922,5918,117.898585,65087,1
5923,5919,117.909722,65098,1
5924,5920,117.920858,65109,1
5925,5921,117.931996,65120,1
5926,5922,117.943133,65131,1
5927,5923,117.954267,65142,1
5928,5924,117.965404,65153,1
5929,5925,117.976542,65164,1
5930,5926,117.987677,65175,1
5931,5927,117.998814,65186,1
5932,5928,118.009952,65197,1
5933,5929,118.021089,65208,1
5934,5930,118.032226,65219,1
5935,5931,118.043362,65230,1
5936,5932,118.054499,65241,1
5937,5933,118.065636,65252,1
5938,5934,118.076773,65263,1
5939,5935,118.087908,65274,1
5940,5936,118.099046,65285,1
5941,5937,118.110184,65296,1
5942,5938,118.121318,65307,1
5943,5939,118.132457,65318,1
5944,5940,118.143594,65329,1
5945,5941,118.154730,65340,1
5946,5942,118.165865,65351,1
5947,5943,118.177003,65362,1
5948,5944,118.188141,65373,1
5949,5945,118.199275,65384,1
5950,5946,118.210412,65395,1
5951,5947,118.221549,65406,1
5952,5948,118.232687,65417,1
5953,5949,118.243822,65428,1
5954,5950,118.254961,65439,1
5955,5951,118.266110,65450,1
5956,5952,118.277232,65461,1
5957,5953,118.288369,65472,1
5958,5954,118.299507,65483,1
5959,5955,118.310642,65494,1
5960,5956,118.321780,65505,1
5961,5957,118.332916,65516,1
5962,5958,118.344052,65527,1
5963,5959,118.355191,65538,1
5964,5960,118.366327,65549,1
5965,5961,118.377464,65560,1
5966,5962,118.388602,65571,1
5967,5963,118.399737,65582,1
5968,5964,118.410875,65593,1
5969,5965,118.422010,65604,1
5970,5966,118.433148,65615,1
5971,5967,118.444284,65626,1
5972,5968,118.455421,65637,1
5973,5969,118.466556,65648,1
5974,5970,118.477695,65659,1
5975,5971,118.488832,65670,1
5976,5972,118.499968,65681,1
5977,5973,118.511109,65692,1
5978,5974,118.522241,65703,1
5979,5975,118.533377,65714,1
5980,5976,118.544516,65725,1
5981,5977,118.555651,65736,1
5982,5978,118.566789,65747,1
5983,5979,118.577926,65758,1
5984,5980,118.589063,65769,1
5985,5981,118.600200,65780,1
5986,5982,118.611335,65791,1
5987,5983,118.622471,65802,1
5988,5984,118.633609,65813,1
5989,5985,118.644744,65824,1
5990,5986,118.655881,65835,1
5991,5987,118.667019,65846,1
5992,5988,118.678156,65857,1
5993,5989,118.689293,65868,1
5994,5990,118.700429,65879,1
5995,5991,118.710554,65889,1
5996,5992,118.721691,65900,1
5997,5993,118.732828,65911,1
5998,5994,118.743962,65922,1
5999,5995,118.755106,65933,1
6000,5996,118.766238,65944,1
6001,5997,118.777372,65955,1
6002,5998,118.788509,65966,1
6003,5999,118.799647,65977,1
6004,6000,118.810782,65988,1
6005,6001,118.821919,65999,1
6006,6002,118.833057,66010,1
6007,6003,118.844192,66021,1
6008,6004,118.855331,66032,1
6009,6005,118.866466,66043,1
6010,6006,118.877605,66054,1
6011,6007,118.888740,66065,1
6012,6008,118.899876,66076,1
6013,6009,118.911014,66087,1
6014,6010,118.922152,66098,1
6015,6011,118.933287,66109,1
6016,6012,118.944426,66120,1
6017,6013,118.955561,66131,1
6018,6014,118.966696,66142,1
6019,6015,118.977835,66153,1
6020,6016,118.988970,66164,1
6021,6017,119.000109,66175,1
6022,6018,119.011245,66186,1
6023,6019,119.022382,66197,1
6024,6020,119.033518,66208,1
6025,6021,119.044653,66219,1
6026,6022,119.055791,66230,1
6027,6023,119.066929,66241,1
6028,6024,119.078066,66252,1
6029,6025,119.089202,66263,1
6030,6026,119.100340,66274,1
6031,6027,119.111476,66285,1
6032,6028,119.122613,66296,1
6033,6029,119.133747,66307,1
6034,6030,119.144884,66318,1
6035,6031,119.156023,66329,1
6036,6032,119.167157,66340,1
6037,6033,119.178297,66351,1
6038,6034,119.189433,66362,1
6039,6035,119.200570,66373,1
6040,6036,119.211706,66384,1
6041,6037,119.222844,66395,1
6042,6038,119.233980,66406,1
6043,6039,119.245116,66417,1
6044,6040,119.256251,66428,1
6045,6041,119.267388,66439,1
6046,6042,119.278526,66450,1
6047,6043,119.289663,66461,1
6048,6044,119.300800,66472,1
6049,6045,119.311935,66483,1
6050,6046,119.323073,66494,1
6051,6047,119.334209,66505,1
6052,6048,119.345347,66516,1
6053,6049,119.356484,66527,1
6054,6050,119.367619,66538,1
6055,6051,119.378758,66549,1
6056,6052,119.389894,66560,1
6057,6053,119.401030,66571,1
6058,6054,119.412166,66582,1
6059,6055,119.423302,66593,1
6060,6056,119.434439,66604,1
6061,6057,119.445576,66615,1
6062,6058,119.456712,66626,1
6063,6059,119.467851,66637,1
6064,6060,119.478987,66648,1
6065,6061,119.490124,66659,1
6066,6062,119.501261,66670,1
6067,6063,119.512397,66681,1
6068,6064,119.523534,66692,1
6069,6065,119.534671,66703,1
6070,6066,119.545806,66714,1
6071,6067,119.556945,66725,1
6072,6068,119.568080,66736,1
6073,6069,119.579218,66747,1
6074,6070,119.590355,66758,1
6075,6071,119.601490,66769,1
6076,6072,119.612627,66780,1
6077,6073,119.623765,66791,1
6078,6074,119.634901,66802,1
6079,6075,119.646038,66813,1
6080,6076,119.657175,66824,1
6081,6077,119.668312,66835,1
6082,6078,119.679449,66846,1
6083,6079,119.690586,66857,1
6084,6080,119.701722,66868,1
6085,6081,119.712857,66879,1
6086,6082,119.723994,66890,1
6087,6083,119.735130,66901,1
6088,6084,119.746267,66912,1
6089,6085,119.757406,66923,1
6090,6086,119.768541,66934,1
6091,6087,119.779677,66945,1
6092,6088,119.790814,66956,1
6093,6089,119.801951,66967,1
6094,6090,119.813089,66978,1
6095,6091,119.824226,66989,1
6096,6092,119.835363,67000,1
6097,6093,119.846498,67011,1
6098,6094,119.857634,67022,1
6099,6095,119.868773,67033,1
6100,6096,119.879908,67044,1
6101,6097,119.891044,67055,1
6102,6098,119.902183,67066,1
6103,6099,119.913320,67077,1
6104,6100,119.924456,67088,1
6105,6101,119.935594,67099,1
6106,6102,119.946730,67110,1
6107,6103,119.957866,67121,1
6108,6104,119.969003,67132,1
6109,6105,119.979128,67142,1
6110,6106,119.990264,67153,1
6111,6107,120.001401,67164,1
6112,6108,120.012538,67175,1
6113,6109,120.023673,67186,1
6114,6110,120.034811,67197,1
6115,6111,120.045948,67208,1
6116,6112,120.057085,67219,1
6117,6113,120.068219,67230,1
6118,6114,120.079359,67241,1
6119,6115,120.090493,67252,1
6120,6116,120.101632,67263,1
6121,6117,120.112766,67274,1
6122,6118,120.123906,67285,1
6123,6119,120.135042,67296,1
6124,6120,120.146177,67307,1
6125,6121,120.157314,67318,1
6126,6122,120.168450,67329,1
6127,6123,120.179587,67340,1
6128,6124,120.190725,67351,1
6129,6125,120.201861,67362,1
6130,6126,120.212999,67373,1
6131,6127,120.224134,67384,1
6132,6128,120.235270,67395,1
6133,6129,120.246409,67406,1
6134,6130,120.257545,67417,1
6135,6131,120.268682,67428,1
6136,6132,120.279819,67439,1
6137,6133,120.290954,67450,1
6138,6134,120.302103,67461,1
6139,6135,120.313230,67472,1
6140,6136,120.324366,67483,1
6141,6137,120.335501,67494,1
6142,6138,120.346640,67505,1
6143,6139,120.357774,67516,1
6144,6140,120.368911,67527,1
6145,6141,120.380049,67538,1
6146,6142,120.391187,67549,1
6147,6143,120.402324,67560,1
6148,6144,120.413459,67571,1
6149,6145,120.424595,67582,1
6150,6146,120.435733,67593,1
6151,6147,120.446870,67604,1
6152,6148,120.458006,67615,1
6153,6149,120.469144,67626,1
6154,6150,120.480280,67637,1
6155,6151,120.491417,67648,1
6156,6152,120.502552,67659,1
6157,6153,120.513690,67670,1
6158,6154,120.524827,67681,1
6159,6155,120.535963,67692,1
6160,6156,120.547106,67703,1
6161,6157,120.558236,67714,1
6162,6158,120.569374,67725,1
6163,6159,120.580509,67736,1
6164,6160,120.591646,67747,1
6165,6161,120.602784,67758,1
6166,6162,120.613920,67769,1
6167,6163,120.625058,67780,1
6168,6164,120.636192,67791,1
6169,6165,120.647330,67802,1
6170,6166,120.658467,67813,1
6171,6167,120.669604,67824,1
6172,6168,120.680739,67835,1
6173,6169,120.691878,67846,1
6174,6170,120.703014,67857,1
6175,6171,120.715792,67868,1
6176,6172,120.725288,67878,1
6177,6173,120.736425,67889,1
6178,6174,120.747559,67900,1
6179,6175,120.758696,67911,1
6180,6176,120.769833,67922,1
6181,6177,120.780972,67933,1
6182,6178,120.792109,67944,1
6183,6179,120.803245,67955,1
6184,6180,120.814380,67966,1
6185,6181,120.825518,67977,1
6186,6182,120.836654,67988,1
6187,6183,120.847790,67999,1
6188,6184,120.858927,68010,1
6189,6185,120.870064,68021,1
6190,6186,120.881200,68032,1
6191,6187,120.892337,68043,1
6192,6188,120.903476,68054,1
6193,6189,120.914611,68065,1
6194,6190,120.925749,68076,1
6195,6191,120.936886,68087,1
6196,6192,120.948021,68098,1
6197,6193,120.959158,68109,1
6198,6194,120.970294,68120,1
6199,6195,120.981431,68131,1
6200,6196,120.992570,68142,1
6201,6197,121.003706,68153,1
6202,6198,121.014841,68164,1
6203,6199,121.025980,68175,1
6204,6200,121.037117,68186,1
6205,6201,121.048253,68197,1
6206,6202,121.059388,68208,1
6207,6203,121.070525,68219,1
6208,6204,121.081663,68230,1
6209,6205,121.092800,68241,1
6210,6206,121.103937,68252,1
6211,6207,121.115074,68263,1
6212,6208,121.126211,68274,1
6213,6209,121.137346,68285,1
6214,6210,121.148484,68296,1
6215,6211,121.159618,68307,1
6216,6212,121.170757,68318,1
6217,6213,121.181894,68329,1
6218,6214,121.193031,68340,1
6219,6215,121.204165,68351,1
6220,6216,121.215303,68362,1
6221,6217,121.226441,68373,1
6222,6218,121.236564,68383,1
6223,6219,121.247702,68394,1
6224,6220,121.258837,68405,1
6225,6221,121.269975,68416,1
6226,6222,121.281112,68427,1
6227,6223,121.292249,68438,1
6228,6224,121.303385,68449,1
6229,6225,121.314522,68460,1
6230,6226,121.325658,68471,1
6231,6227,121.336794,68482,1
6232,6228,121.347932,68493,1
6233,6229,121.359068,68504,1
6234,6230,121.370206,68515,1
6235,6231,121.381343,68526,1
6236,6232,121.392479,68537,1
6237,6233,121.403616,68548,1
6238,6234,121.414752,68559,1
6239,6235,121.425889,68570,1
6240,6236,121.437024,68581,1
6241,6237,121.448163,68592,1
6242,6238,121.459297,68603,1
6243,6239,121.470434,68614,1
6244,6240,121.481571,68625,1
6245,6241,121.492709,68636,1
6246,6242,121.503845,68647,1
6247,6243,121.514981,68658,1
6248,6244,121.526120,68669,1
6249,6245,121.537254,68680,1
6250,6246,121.548391,68691,1
6251,6247,121.559528,68702,1
6252,6248,121.570665,68713,1
6253,6249,121.581804,68724,1
6254,6250,121.592940,68735,1
6255,6251,121.604075,68746,1
6256,6252,121.615211,68757,1
6257,6253,121.626348,68768,1
6258,6254,121.637485,68779,1
6259,6255,121.648624,68790,1
6260,6256,121.659758,68801,1
6261,6257,121.670898,68812,1
6262,6258,121.682033,68823,1
6263,6259,121.693169,68834,1
6264,6260,121.704305,68845,1
6265,6261,121.715442,68856,1
6266,6262,121.726580,68867,1
6267,6263,121.737716,68878,1
6268,6264,121.748854,68889,1
6269,6265,121.759990,68900,1
6270,6266,121.771127,68911,1
6271,6267,121.782263,68922,1
6272,6268,121.793401,68933,1
6273,6269,121.804537,68944,1
6274,6270,121.815672,68955,1
6275,6271,121.826809,68966,1
6276,6272,121.837946,68977,1
6277,6273,121.849084,68988,1
6278,6274,121.860222,68999,1
6279,6275,121.871359,69010,1
6280,6276,121.882495,69021,1
6281,6277,121.893632,69032,1
6282,6278,121.904769,69043,1
6283,6279,121.915903,69054,1
6284,6280,121.927042,69065,1
6285,6281,121.938178,69076,1
6286,6282,121.949313,69087,1
6287,6283,121.960452,69098,1
6288,6284,121.971587,69109,1
6289,6285,121.982725,69120,1
6290,6286,121.993862,69131,1
6291,6287,122.004997,69142,1
6292,6288,122.016135,69153,1
6293,6289,122.027272,69164,1
6294,6290,122.038409,69175,1
6295,6291,122.049545,69186,1
6296,6292,122.060681,69197,1
6297,6293,122.071817,69208,1
6298,6294,122.082955,69219,1
6299,6295,122.094090,69230,1
6300,6296,122.105230,69241,1
6301,6297,122.116367,69252,1
6302,6298,122.127503,69263,1
6303,6299,122.138637,69274,1
6304,6300,122.149776,69285,1
6305,6301,122.160912,69296,1
6306,6302,122.172047,69307,1
6307,6303,122.183184,69318,1
6308,6304,122.194321,69329,1
6309,6305,122.205460,69340,1
6310,6306,122.216595,69351,1
6311,6307,122.227733,69362,1
6312,6308,122.238870,69373,1
6313,6309,122.250006,69384,1
6314,6310,122.261141,69395,1
6315,6311,122.272279,69406,1
6316,6312,122.283415,69417,1
6317,6313,122.294552,69428,1
6318,6314,122.305689,69439,1
6319,6315,122.316826,69450,1
6320,6316,122.327963,69461,1
6321,6317,122.339105,69472,1
6322,6318,122.350237,69483,1
6323,6319,122.361373,69494,1
6324,6320,122.372510,69505,1
6325,6321,122.383648,69516,1
6326,6322,122.394783,69527,1
6327,6323,122.405920,69538,1
6328,6324,122.417056,69549,1
6329,6325,122.428192,69560,1
6330,6326,122.439329,69571,1
6331,6327,122.450468,69582,1
6332,6328,122.461605,69593,1
6333,6329,122.472739,69604,1
6334,6330,122.483878,69615,1
6335,6331,122.494001,69625,1
6336,6332,122.505139,69636,1
6337,6333,122.516273,69647,1
6338,6334,122.527413,69658,1
6339,6335,122.538548,69669,1
6340,6336,122.549684,69680,1
6341,6337,122.560823,69691,1
6342,6338,122.571958,69702,1
6343,6339,122.583103,69713,1
6344,6340,122.594231,69724,1
6345,6341,122.605369,69735,1
6346,6342,122.616506,69746,1
6347,6343,122.627642,69757,1
6348,6344,122.638779,69768,1
6349,6345,122.649917,69779,1
6350,6346,122.661052,69790,1
6351,6347,122.672190,69801,1
6352,6348,122.683327,69812,1
6353,6349,122.694461,69823,1
6354,6350,122.705600,69834,1
6355,6351,122.716737,69845,1
6356,6352,122.727872,69856,1
6357,6353,122.739008,69867,1
6358,6354,122.750147,69878,1
6359,6355,122.761283,69889,1
6360,6356,122.772421,69900,1
6361,6357,122.783557,69911,1
6362,6358,122.794694,69922,1
6363,6359,122.805831,69933,1
6364,6360,122.816967,69944,1
6365,6361,122.828108,69955,1
6366,6362,122.839238,69966,1
6367,6363,122.850378,69977,1
6368,6364,122.861514,69988,1
6369,6365,122.872649,69999,1
6370,6366,122.883787,70010,1
6371,6367,122.894924,70021,1
6372,6368,122.906061,70032,1
6373,6369,122.917196,70043,1
6374,6370,122.928333,70054,1
6375,6371,122.939471,70065,1
6376,6372,122.950607,70076,1
6377,6373,122.961744,70087,1
6378,6374,122.972881,70098,1
6379,6375,122.984016,70109,1
6380,6376,122.995153,70120,1
6381,6377,123.006291,70131,1
6382,6378,123.017426,70142,1
6383,6379,123.028564,70153,1
6384,6380,123.039700,70164,1
6385,6381,123.050837,70175,1
6386,6382,123.061976,70186,1
6387,6383,123.073111,70197,1
6388,6384,123.084249,70208,1
6389,6385,123.095385,70219,1
6390,6386,123.106522,70230,1
6391,6387,123.117659,70241,1
6392,6388,123.128796,70252,1
6393,6389,123.139932,70263,1
6394,6390,123.151069,70274,1
6395,6391,123.162204,70285,1
6396,6392,123.173342,70296,1
6397,6393,123.184477,70307,1
6398,6394,123.195615,70318,1
6399,6395,123.206752,70329,1
6400,6396,123.217890,70340,1
6401,6397,123.229024,70351,1
6402,6398,123.240161,70362,1
6403,6399,123.251299,70373,1
6404,6400,123.262435,70384,1
6405,6401,123.273573,70395,1
6406,6402,123.284707,70406,1
6407,6403,123.295846,70417,1
6408,6404,123.306983,70428,1
6409,6405,123.318117,70439,1
6410,6406,123.329255,70450,1
6411,6407,123.340393,70461,1
