# which inertial sample is which camera frame, from the hardware trigger
# frame_period_s=0.011127760  (89.865344006 Hz, measured from this session's own trigger pulses -- the camera does not run at 90.000)
# trigger_pulses=5139  pulses_the_imu_missed=0
# t_bar_s is the exposure time in the BAR's clock, the same clock as esp_timestamp_us in imu/raw_imu.csv
# imu_sample is a row index into imu/raw_imu.csv; tagged=0 means the inertial stream missed that pulse and the time is interpolated
frame,video_row,t_bar_s,imu_sample,tagged
0,0,51.152022,2,1
1,1,51.163157,13,1
2,2,51.174292,24,1
3,3,51.185430,35,1
4,4,51.196566,46,1
5,5,51.207701,57,1
6,6,51.218836,68,1
7,7,51.229975,79,1
8,8,51.241111,90,1
9,9,51.252248,101,1
10,10,51.263384,112,1
11,11,51.274519,123,1
12,12,51.285654,134,1
13,13,51.296790,145,1
14,14,51.307929,156,1
15,15,51.319062,167,1
16,16,51.330201,178,1
17,17,51.341336,189,1
18,18,51.352473,200,1
19,19,51.363609,211,1
20,20,51.374746,222,1
21,21,51.385881,233,1
22,22,51.397018,244,1
23,23,51.408153,255,1
24,24,51.419290,266,1
25,25,51.430426,277,1
26,26,51.441562,288,1
27,27,51.452698,299,1
28,28,51.463836,310,1
29,29,51.474971,321,1
30,30,51.486107,332,1
31,31,51.497244,343,1
32,32,51.508379,354,1
33,33,51.519517,365,1
34,34,51.530652,376,1
35,35,51.541789,387,1
36,36,51.552924,398,1
37,37,51.564060,409,1
38,38,51.575196,420,1
39,39,51.586333,431,1
40,40,51.597471,442,1
41,41,51.608605,453,1
42,42,51.619741,464,1
43,43,51.630880,475,1
44,44,51.642015,486,1
45,45,51.653151,497,1
46,46,51.664287,508,1
47,47,51.675424,519,1
48,48,51.686559,530,1
49,49,51.697697,541,1
50,50,51.708832,552,1
51,51,51.719969,563,1
52,52,51.731107,574,1
53,53,51.742240,585,1
54,54,51.753378,596,1
55,55,51.764514,607,1
56,56,51.775649,618,1
57,57,51.786787,629,1
58,58,51.797923,640,1
59,59,51.809057,651,1
60,60,51.820195,662,1
61,61,51.831331,673,1
62,62,51.842468,684,1
63,63,51.853602,695,1
64,64,51.864740,706,1
65,65,51.875877,717,1
66,66,51.887012,728,1
67,67,51.898147,739,1
68,68,51.909285,750,1
69,69,51.920419,761,1
70,70,51.931558,772,1
71,71,51.942692,783,1
72,72,51.953830,794,1
73,73,51.964965,805,1
74,74,51.976105,816,1
75,75,51.987239,827,1
76,76,51.998373,838,1
77,77,52.009511,849,1
78,78,52.020646,860,1
79,79,52.031783,871,1
80,80,52.042919,882,1
81,81,52.054054,893,1
82,82,52.065190,904,1
83,83,52.076327,915,1
84,84,52.087465,926,1
85,85,52.098601,937,1
86,86,52.109738,948,1
87,87,52.120874,959,1
88,88,52.132008,970,1
89,89,52.143146,981,1
90,90,52.154283,992,1
91,91,52.165417,1003,1
92,92,52.176555,1014,1
93,93,52.187691,1025,1
94,94,52.198827,1036,1
95,95,52.208949,1046,1
96,96,52.220085,1057,1
97,97,52.231224,1068,1
98,98,52.242358,1079,1
99,99,52.253496,1090,1
100,100,52.264632,1101,1
101,101,52.275766,1112,1
102,102,52.286904,1123,1
103,103,52.298039,1134,1
104,104,52.309176,1145,1
105,105,52.320313,1156,1
106,106,52.331449,1167,1
107,107,52.342584,1178,1
108,108,52.353720,1189,1
109,109,52.364858,1200,1
110,110,52.375995,1211,1
111,111,52.387129,1222,1
112,112,52.398267,1233,1
113,113,52.409404,1244,1
114,114,52.420538,1255,1
115,115,52.431675,1266,1
116,116,52.442810,1277,1
117,117,52.453948,1288,1
118,118,52.465084,1299,1
119,119,52.476221,1310,1
120,120,52.487356,1321,1
121,121,52.498491,1332,1
122,122,52.509630,1343,1
123,123,52.520766,1354,1
124,124,52.531902,1365,1
125,125,52.543038,1376,1
126,126,52.554175,1387,1
127,127,52.565308,1398,1
128,128,52.576447,1409,1
129,129,52.587582,1420,1
130,130,52.598719,1431,1
131,131,52.609855,1442,1
132,132,52.620992,1453,1
133,133,52.632128,1464,1
134,134,52.643264,1475,1
135,135,52.654399,1486,1
136,136,52.665535,1497,1
137,137,52.676672,1508,1
138,138,52.687807,1519,1
139,139,52.698945,1530,1
140,140,52.710081,1541,1
141,141,52.721217,1552,1
142,142,52.732353,1563,1
143,143,52.743491,1574,1
144,144,52.754626,1585,1
145,145,52.765763,1596,1
146,146,52.776897,1607,1
147,147,52.788033,1618,1
148,148,52.799171,1629,1
149,149,52.810308,1640,1
150,150,52.821443,1651,1
151,151,52.832578,1662,1
152,152,52.843716,1673,1
153,153,52.854851,1684,1
154,154,52.865988,1695,1
155,155,52.877123,1706,1
156,156,52.888262,1717,1
157,157,52.899396,1728,1
158,158,52.910532,1739,1
159,159,52.921670,1750,1
160,160,52.932806,1761,1
161,161,52.943940,1772,1
162,162,52.955079,1783,1
163,163,52.966215,1794,1
164,164,52.977351,1805,1
165,165,52.988485,1816,1
166,166,52.999622,1827,1
167,167,53.010758,1838,1
168,168,53.021896,1849,1
169,169,53.033032,1860,1
170,170,53.044167,1871,1
171,171,53.055303,1882,1
172,172,53.066441,1893,1
173,173,53.077578,1904,1
174,174,53.088712,1915,1
175,175,53.099849,1926,1
176,176,53.110984,1937,1
177,177,53.122122,1948,1
178,178,53.133259,1959,1
179,179,53.144395,1970,1
180,180,53.155529,1981,1
181,181,53.166665,1992,1
182,182,53.177803,2003,1
183,183,53.188940,2014,1
184,184,53.200076,2025,1
185,185,53.211212,2036,1
186,186,53.222347,2047,1
187,187,53.233485,2058,1
188,188,53.244621,2069,1
189,189,53.255757,2080,1
190,190,53.266892,2091,1
191,191,53.278030,2102,1
192,192,53.289166,2113,1
193,193,53.300300,2124,1
194,194,53.311439,2135,1
195,195,53.322574,2146,1
196,196,53.333711,2157,1
197,197,53.344847,2168,1
198,198,53.355983,2179,1
199,199,53.367119,2190,1
200,200,53.378256,2201,1
201,201,53.389390,2212,1
202,202,53.400526,2223,1
203,203,53.411663,2234,1
204,204,53.422801,2245,1
205,205,53.433936,2256,1
206,206,53.445073,2267,1
207,207,53.456210,2278,1
208,208,53.467344,2289,1
209,209,53.478482,2300,1
210,210,53.489616,2311,1
211,211,53.500753,2322,1
212,212,53.511891,2333,1
213,213,53.523026,2344,1
214,214,53.534163,2355,1
215,215,53.544287,2365,1
216,216,53.555423,2376,1
217,217,53.566558,2387,1
218,218,53.577693,2398,1
219,219,53.588832,2409,1
220,220,53.599968,2420,1
221,221,53.611106,2431,1
222,222,53.622238,2442,1
223,223,53.633377,2453,1
224,224,53.644513,2464,1
225,225,53.655647,2475,1
226,226,53.666783,2486,1
227,227,53.677920,2497,1
228,228,53.689058,2508,1
229,229,53.700194,2519,1
230,230,53.711331,2530,1
231,231,53.722465,2541,1
232,232,53.733603,2552,1
233,233,53.744737,2563,1
234,234,53.755876,2574,1
235,235,53.767011,2585,1
236,236,53.778146,2596,1
237,237,53.789282,2607,1
238,238,53.800418,2618,1
239,239,53.811556,2629,1
240,240,53.822691,2640,1
241,241,53.833828,2651,1
242,242,53.844963,2662,1
243,243,53.856108,2673,1
244,244,53.867238,2684,1
245,245,53.878373,2695,1
246,246,53.889508,2706,1
247,247,53.900647,2717,1
248,248,53.911781,2728,1
249,249,53.922919,2739,1
250,250,53.934053,2750,1
251,251,53.945192,2761,1
252,252,53.956328,2772,1
253,253,53.967463,2783,1
254,254,53.978600,2794,1
255,255,53.989735,2805,1
256,256,54.000871,2816,1
257,257,54.012010,2827,1
258,258,54.023143,2838,1
259,259,54.034281,2849,1
260,260,54.045418,2860,1
261,261,54.056552,2871,1
262,262,54.067688,2882,1
263,263,54.078826,2893,1
264,264,54.089961,2904,1
265,265,54.101105,2915,1
266,266,54.112233,2926,1
267,267,54.123369,2937,1
268,268,54.134505,2948,1
269,269,54.145642,2959,1
270,270,54.156778,2970,1
271,271,54.167916,2981,1
272,272,54.179052,2992,1
273,273,54.190187,3003,1
274,274,54.201324,3014,1
275,275,54.212460,3025,1
276,276,54.223597,3036,1
277,277,54.234734,3047,1
278,278,54.245868,3058,1
279,279,54.257005,3069,1
280,280,54.268142,3080,1
281,281,54.279278,3091,1
282,282,54.290415,3102,1
283,283,54.301549,3113,1
284,284,54.312687,3124,1
285,285,54.323821,3135,1
286,286,54.334957,3146,1
287,287,54.346103,3157,1
288,288,54.357231,3168,1
289,289,54.368368,3179,1
290,290,54.379503,3190,1
291,291,54.390641,3201,1
292,292,54.401777,3212,1
293,293,54.412913,3223,1
294,294,54.424049,3234,1
295,295,54.435184,3245,1
296,296,54.446320,3256,1
297,297,54.457458,3267,1
298,298,54.468595,3278,1
299,299,54.479731,3289,1
300,300,54.490865,3300,1
301,301,54.502001,3311,1
302,302,54.513138,3322,1
303,303,54.524274,3333,1
304,304,54.535411,3344,1
305,305,54.546546,3355,1
306,306,54.557685,3366,1
307,307,54.568819,3377,1
308,308,54.579955,3388,1
309,309,54.591102,3399,1
310,310,54.602227,3410,1
311,311,54.613364,3421,1
312,312,54.624501,3432,1
313,313,54.635636,3443,1
314,314,54.646774,3454,1
315,315,54.657911,3465,1
316,316,54.669047,3476,1
317,317,54.680181,3487,1
318,318,54.691318,3498,1
319,319,54.702455,3509,1
320,320,54.713591,3520,1
321,321,54.724726,3531,1
322,322,54.735862,3542,1
323,323,54.746998,3553,1
324,324,54.758135,3564,1
325,325,54.769271,3575,1
326,326,54.780407,3586,1
327,327,54.791545,3597,1
328,328,54.802681,3608,1
329,329,54.813816,3619,1
330,330,54.824953,3630,1
331,331,54.836101,3641,1
332,332,54.847225,3652,1
333,333,54.858363,3663,1
334,334,54.869498,3674,1
335,335,54.879623,3684,1
336,336,54.890759,3695,1
337,337,54.901893,3706,1
338,338,54.913030,3717,1
339,339,54.924166,3728,1
340,340,54.935304,3739,1
341,341,54.946440,3750,1
342,342,54.957574,3761,1
343,343,54.968713,3772,1
344,344,54.979847,3783,1
345,345,54.990983,3794,1
346,346,55.002121,3805,1
347,347,55.013255,3816,1
348,348,55.024392,3827,1
349,349,55.035529,3838,1
350,350,55.046666,3849,1
351,351,55.057800,3860,1
352,352,55.068938,3871,1
353,353,55.080075,3882,1
354,354,55.091211,3893,1
355,355,55.102345,3904,1
356,356,55.113482,3915,1
357,357,55.124618,3926,1
358,358,55.135754,3937,1
359,359,55.146892,3948,1
360,360,55.158026,3959,1
361,361,55.169163,3970,1
362,362,55.180301,3981,1
363,363,55.191438,3992,1
364,364,55.202571,4003,1
365,365,55.213709,4014,1
366,366,55.224844,4025,1
367,367,55.235980,4036,1
368,368,55.247117,4047,1
369,369,55.258254,4058,1
370,370,55.269389,4069,1
371,371,55.280527,4080,1
372,372,55.291663,4091,1
373,373,55.302799,4102,1
374,374,55.313936,4113,1
375,375,55.325072,4124,1
376,376,55.336208,4135,1
377,377,55.347343,4146,1
378,378,55.358480,4157,1
379,379,55.369616,4168,1
380,380,55.380753,4179,1
381,381,55.391888,4190,1
382,382,55.403026,4201,1
383,383,55.414162,4212,1
384,384,55.425296,4223,1
385,385,55.436435,4234,1
386,386,55.447569,4245,1
387,387,55.458707,4256,1
388,388,55.469843,4267,1
389,389,55.480977,4278,1
390,390,55.492116,4289,1
391,391,55.503250,4300,1
392,392,55.514388,4311,1
393,393,55.525522,4322,1
394,394,55.536659,4333,1
395,395,55.547795,4344,1
396,396,55.558933,4355,1
397,397,55.570070,4366,1
398,398,55.581206,4377,1
399,399,55.592341,4388,1
400,400,55.603476,4399,1
401,401,55.614614,4410,1
402,402,55.625751,4421,1
403,403,55.636887,4432,1
404,404,55.648022,4443,1
405,405,55.659159,4454,1
406,406,55.670296,4465,1
407,407,55.681430,4476,1
408,408,55.692568,4487,1
409,409,55.703702,4498,1
410,410,55.714838,4509,1
411,411,55.725975,4520,1
412,412,55.737113,4531,1
413,413,55.748247,4542,1
414,414,55.759386,4553,1
415,415,55.770519,4564,1
416,416,55.781658,4575,1
417,417,55.792793,4586,1
418,418,55.803930,4597,1
419,419,55.815067,4608,1
420,420,55.826203,4619,1
421,421,55.837337,4630,1
422,422,55.848473,4641,1
423,423,55.859611,4652,1
424,424,55.870746,4663,1
425,425,55.881883,4674,1
426,426,55.893020,4685,1
427,427,55.904156,4696,1
428,428,55.915292,4707,1
429,429,55.926429,4718,1
430,430,55.937563,4729,1
431,431,55.948701,4740,1
432,432,55.959838,4751,1
433,433,55.970973,4762,1
434,434,55.982109,4773,1
435,435,55.993246,4784,1
436,436,56.004383,4795,1
437,437,56.015517,4806,1
438,438,56.026654,4817,1
439,439,56.037791,4828,1
440,440,56.048926,4839,1
441,441,56.060062,4850,1
442,442,56.071198,4861,1
443,443,56.082336,4872,1
444,444,56.093472,4883,1
445,445,56.104609,4894,1
446,446,56.115745,4905,1
447,447,56.126880,4916,1
448,448,56.138017,4927,1
449,449,56.149153,4938,1
450,450,56.160290,4949,1
451,451,56.171425,4960,1
452,452,56.182562,4971,1
453,453,56.193697,4982,1
454,454,56.204835,4993,1
455,455,56.214958,5003,1
456,456,56.226102,5014,1
457,457,56.237230,5025,1
458,458,56.248367,5036,1
459,459,56.259503,5047,1
460,460,56.270640,5058,1
461,461,56.281776,5069,1
462,462,56.292912,5080,1
463,463,56.304048,5091,1
464,464,56.315184,5102,1
465,465,56.326320,5113,1
466,466,56.337455,5124,1
467,467,56.348593,5135,1
468,468,56.359729,5146,1
469,469,56.370864,5157,1
470,470,56.382000,5168,1
471,471,56.393136,5179,1
472,472,56.404275,5190,1
473,473,56.415410,5201,1
474,474,56.426546,5212,1
475,475,56.437682,5223,1
476,476,56.448817,5234,1
477,477,56.459956,5245,1
478,478,56.471103,5256,1
479,479,56.482227,5267,1
480,480,56.493362,5278,1
481,481,56.504501,5289,1
482,482,56.515637,5300,1
483,483,56.526771,5311,1
484,484,56.537909,5322,1
485,485,56.549046,5333,1
486,486,56.560182,5344,1
487,487,56.571316,5355,1
488,488,56.582454,5366,1
489,489,56.593588,5377,1
490,490,56.604725,5388,1
491,491,56.615861,5399,1
492,492,56.626998,5410,1
493,493,56.638136,5421,1
494,494,56.649270,5432,1
495,495,56.660407,5443,1
496,496,56.671543,5454,1
497,497,56.682680,5465,1
498,498,56.693817,5476,1
499,499,56.704951,5487,1
500,500,56.716089,5498,1
501,501,56.727225,5509,1
502,502,56.738362,5520,1
503,503,56.749497,5531,1
504,504,56.760632,5542,1
505,505,56.771770,5553,1
506,506,56.782907,5564,1
507,507,56.794042,5575,1
508,508,56.805177,5586,1
509,509,56.816315,5597,1
510,510,56.827452,5608,1
511,511,56.838587,5619,1
512,512,56.849724,5630,1
513,513,56.860858,5641,1
514,514,56.871997,5652,1
515,515,56.883131,5663,1
516,516,56.894269,5674,1
517,517,56.905403,5685,1
518,518,56.916540,5696,1
519,519,56.927676,5707,1
520,520,56.938812,5718,1
521,521,56.949948,5729,1
522,522,56.961086,5740,1
523,523,56.972222,5751,1
524,524,56.983359,5762,1
525,525,56.994494,5773,1
526,526,57.005629,5784,1
527,527,57.016766,5795,1
528,528,57.027901,5806,1
529,529,57.039040,5817,1
530,530,57.050174,5828,1
531,531,57.061312,5839,1
532,532,57.072449,5850,1
533,533,57.083585,5861,1
534,534,57.094720,5872,1
535,535,57.105857,5883,1
536,536,57.116992,5894,1
537,537,57.128130,5905,1
538,538,57.139265,5916,1
539,539,57.150400,5927,1
540,540,57.161538,5938,1
541,541,57.172675,5949,1
542,542,57.183810,5960,1
543,543,57.194947,5971,1
544,544,57.206082,5982,1
545,545,57.217218,5993,1
546,546,57.228354,6004,1
547,547,57.239490,6015,1
548,548,57.250629,6026,1
549,549,57.261764,6037,1
550,550,57.272901,6048,1
551,551,57.284035,6059,1
552,552,57.295171,6070,1
553,553,57.306310,6081,1
554,554,57.317446,6092,1
555,555,57.328580,6103,1
556,556,57.339718,6114,1
557,557,57.350852,6125,1
558,558,57.361991,6136,1
559,559,57.373125,6147,1
560,560,57.384263,6158,1
561,561,57.395397,6169,1
562,562,57.406534,6180,1
563,563,57.417670,6191,1
564,564,57.428808,6202,1
565,565,57.439945,6213,1
566,566,57.451079,6224,1
567,567,57.462217,6235,1
568,568,57.473353,6246,1
569,569,57.484489,6257,1
570,570,57.495626,6268,1
571,571,57.506760,6279,1
572,572,57.517896,6290,1
573,573,57.529034,6301,1
574,574,57.540169,6312,1
575,575,57.550294,6322,1
576,576,57.561430,6333,1
577,577,57.572566,6344,1
578,578,57.583701,6355,1
579,579,57.594839,6366,1
580,580,57.605976,6377,1
581,581,57.617112,6388,1
582,582,57.628248,6399,1
583,583,57.639384,6410,1
584,584,57.650518,6421,1
585,585,57.661655,6432,1
586,586,57.672793,6443,1
587,587,57.683928,6454,1
588,588,57.695066,6465,1
589,589,57.706201,6476,1
590,590,57.717338,6487,1
591,591,57.728472,6498,1
592,592,57.739610,6509,1
593,593,57.750744,6520,1
594,594,57.761881,6531,1
595,595,57.773017,6542,1
596,596,57.784155,6553,1
597,597,57.795289,6564,1
598,598,57.806425,6575,1
599,599,57.817564,6586,1
600,600,57.828700,6597,1
601,601,57.839837,6608,1
602,602,57.850972,6619,1
603,603,57.862108,6630,1
604,604,57.873243,6641,1
605,605,57.884381,6652,1
606,606,57.895516,6663,1
607,607,57.906652,6674,1
608,608,57.917788,6685,1
609,609,57.928926,6696,1
610,610,57.940062,6707,1
611,611,57.951199,6718,1
612,612,57.962333,6729,1
613,613,57.973469,6740,1
614,614,57.984607,6751,1
615,615,57.995744,6762,1
616,616,58.006880,6773,1
617,617,58.018016,6784,1
618,618,58.029151,6795,1
619,619,58.040289,6806,1
620,620,58.051423,6817,1
621,621,58.062561,6828,1
622,622,58.073697,6839,1
623,623,58.084832,6850,1
624,624,58.095969,6861,1
625,625,58.107106,6872,1
626,626,58.118243,6883,1
627,627,58.129377,6894,1
628,628,58.140515,6905,1
629,629,58.151651,6916,1
630,630,58.162787,6927,1
631,631,58.173922,6938,1
632,632,58.185060,6949,1
633,633,58.196195,6960,1
634,634,58.207332,6971,1
635,635,58.218466,6982,1
636,636,58.229605,6993,1
637,637,58.240740,7004,1
638,638,58.251876,7015,1
639,639,58.263013,7026,1
640,640,58.274147,7037,1
641,641,58.285286,7048,1
642,642,58.296422,7059,1
643,643,58.307559,7070,1
644,644,58.318695,7081,1
645,645,58.329829,7092,1
646,646,58.340967,7103,1
647,647,58.352105,7114,1
648,648,58.363238,7125,1
649,649,58.374376,7136,1
650,650,58.385511,7147,1
651,651,58.396648,7158,1
652,652,58.407784,7169,1
653,653,58.418921,7180,1
654,654,58.430056,7191,1
655,655,58.441192,7202,1
656,656,58.452329,7213,1
657,657,58.463465,7224,1
658,658,58.474600,7235,1
659,659,58.485736,7246,1
660,660,58.496872,7257,1
661,661,58.508011,7268,1
662,662,58.519147,7279,1
663,663,58.530281,7290,1
664,664,58.541418,7301,1
665,665,58.552553,7312,1
666,666,58.563692,7323,1
667,667,58.574826,7334,1
668,668,58.585962,7345,1
669,669,58.597105,7356,1
670,670,58.608237,7367,1
671,671,58.619371,7378,1
672,672,58.630509,7389,1
673,673,58.641646,7400,1
674,674,58.652780,7411,1
675,675,58.663918,7422,1
676,676,58.675052,7433,1
677,677,58.686190,7444,1
678,678,58.697325,7455,1
679,679,58.708463,7466,1
680,680,58.719598,7477,1
681,681,58.730735,7488,1
682,682,58.741872,7499,1
683,683,58.753006,7510,1
684,684,58.764143,7521,1
685,685,58.775280,7532,1
686,686,58.786416,7543,1
687,687,58.797551,7554,1
688,688,58.808687,7565,1
689,689,58.819824,7576,1
690,690,58.830961,7587,1
691,691,58.842104,7598,1
692,692,58.853232,7609,1
693,693,58.864368,7620,1
694,694,58.874493,7630,1
695,695,58.885628,7641,1
696,696,58.896764,7652,1
697,697,58.907900,7663,1
698,698,58.919037,7674,1
699,699,58.930174,7685,1
700,700,58.941310,7696,1
701,701,58.952446,7707,1
702,702,58.963584,7718,1
703,703,58.974719,7729,1
704,704,58.985856,7740,1
705,705,58.996992,7751,1
706,706,59.008128,7762,1
707,707,59.019264,7773,1
708,708,59.030399,7784,1
709,709,59.041537,7795,1
710,710,59.052672,7806,1
711,711,59.063809,7817,1
712,712,59.074945,7828,1
713,713,59.086080,7839,1
714,714,59.097217,7850,1
715,715,59.108352,7861,1
716,716,59.119489,7872,1
717,717,59.130627,7883,1
718,718,59.141762,7894,1
719,719,59.152897,7905,1
720,720,59.164036,7916,1
721,721,59.175170,7927,1
722,722,59.186306,7938,1
723,723,59.197444,7949,1
724,724,59.208579,7960,1
725,725,59.219715,7971,1
726,726,59.230853,7982,1
727,727,59.241989,7993,1
728,728,59.253124,8004,1
729,729,59.264260,8015,1
730,730,59.275398,8026,1
731,731,59.286532,8037,1
732,732,59.297671,8048,1
733,733,59.308806,8059,1
734,734,59.319942,8070,1
735,735,59.331077,8081,1
736,736,59.342215,8092,1
737,737,59.353351,8103,1
738,738,59.364488,8114,1
739,739,59.375625,8125,1
740,740,59.386759,8136,1
741,741,59.397898,8147,1
742,742,59.409033,8158,1
743,743,59.420170,8169,1
744,744,59.431305,8180,1
745,745,59.442442,8191,1
746,746,59.453576,8202,1
747,747,59.464714,8213,1
748,748,59.475851,8224,1
749,749,59.486987,8235,1
750,750,59.498121,8246,1
751,751,59.509259,8257,1
752,752,59.520395,8268,1
753,753,59.531530,8279,1
754,754,59.542666,8290,1
755,755,59.553804,8301,1
756,756,59.564939,8312,1
757,757,59.576075,8323,1
758,758,59.587213,8334,1
759,759,59.598349,8345,1
760,760,59.609486,8356,1
761,761,59.620621,8367,1
762,762,59.631758,8378,1
763,763,59.642893,8389,1
764,764,59.654030,8400,1
765,765,59.665166,8411,1
766,766,59.676303,8422,1
767,767,59.687438,8433,1
768,768,59.698573,8444,1
769,769,59.709712,8455,1
770,770,59.720846,8466,1
771,771,59.731982,8477,1
772,772,59.743120,8488,1
773,773,59.754254,8499,1
774,774,59.765391,8510,1
775,775,59.776527,8521,1
776,776,59.787663,8532,1
777,777,59.798801,8543,1
778,778,59.809938,8554,1
779,779,59.821074,8565,1
780,780,59.832208,8576,1
781,781,59.843346,8587,1
782,782,59.854482,8598,1
783,783,59.865619,8609,1
784,784,59.876754,8620,1
785,785,59.887890,8631,1
786,786,59.899028,8642,1
787,787,59.910163,8653,1
788,788,59.921298,8664,1
789,789,59.932436,8675,1
790,790,59.943573,8686,1
791,791,59.954709,8697,1
792,792,59.965844,8708,1
793,793,59.976979,8719,1
794,794,59.988118,8730,1
795,795,59.999254,8741,1
796,796,60.010388,8752,1
797,797,60.021526,8763,1
798,798,60.032661,8774,1
799,799,60.043797,8785,1
800,800,60.054935,8796,1
801,801,60.066070,8807,1
802,802,60.077207,8818,1
803,803,60.088344,8829,1
804,804,60.099478,8840,1
805,805,60.110614,8851,1
806,806,60.121751,8862,1
807,807,60.132886,8873,1
808,808,60.144025,8884,1
809,809,60.155159,8895,1
810,810,60.166296,8906,1
811,811,60.177433,8917,1
812,812,60.188570,8928,1
813,813,60.199704,8939,1
814,814,60.209830,8949,1
815,815,60.220964,8960,1
816,816,60.232105,8971,1
817,817,60.243239,8982,1
818,818,60.254372,8993,1
819,819,60.265509,9004,1
820,820,60.276647,9015,1
821,821,60.287783,9026,1
822,822,60.298917,9037,1
823,823,60.310056,9048,1
824,824,60.321190,9059,1
825,825,60.332327,9070,1
826,826,60.343465,9081,1
827,827,60.354599,9092,1
828,828,60.365737,9103,1
829,829,60.376872,9114,1
830,830,60.388009,9125,1
831,831,60.399146,9136,1
832,832,60.410281,9147,1
833,833,60.421418,9158,1
834,834,60.432555,9169,1
835,835,60.443691,9180,1
836,836,60.454827,9191,1
837,837,60.465962,9202,1
838,838,60.477105,9213,1
839,839,60.488235,9224,1
840,840,60.499370,9235,1
841,841,60.510507,9246,1
842,842,60.521642,9257,1
843,843,60.532779,9268,1
844,844,60.543915,9279,1
845,845,60.555052,9290,1
846,846,60.566189,9301,1
847,847,60.577325,9312,1
848,848,60.588462,9323,1
849,849,60.599598,9334,1
850,850,60.610732,9345,1
851,851,60.621868,9356,1
852,852,60.633004,9367,1
853,853,60.644141,9378,1
854,854,60.655278,9389,1
855,855,60.666415,9400,1
856,856,60.677552,9411,1
857,857,60.688686,9422,1
858,858,60.699822,9433,1
859,859,60.710960,9444,1
860,860,60.722104,9454,1
861,861,60.733231,9465,1
862,862,60.744367,9476,1
863,863,60.755503,9487,1
864,864,60.766641,9498,1
865,865,60.777778,9509,1
866,866,60.788913,9520,1
867,867,60.800048,9531,1
868,868,60.811185,9542,1
869,869,60.822321,9553,1
870,870,60.833457,9564,1
871,871,60.844594,9575,1
872,872,60.855731,9586,1
873,873,60.866868,9597,1
874,874,60.878002,9608,1
875,875,60.889140,9619,1
876,876,60.900274,9630,1
877,877,60.911413,9641,1
878,878,60.922546,9652,1
879,879,60.933685,9663,1
880,880,60.944820,9674,1
881,881,60.955957,9685,1
882,882,60.967102,9696,1
883,883,60.978229,9707,1
884,884,60.989365,9718,1
885,885,61.000502,9729,1
886,886,61.011636,9740,1
887,887,61.022774,9751,1
888,888,61.033910,9762,1
889,889,61.045047,9773,1
890,890,61.056184,9784,1
891,891,61.067319,9795,1
892,892,61.078456,9806,1
893,893,61.089590,9817,1
894,894,61.100729,9828,1
895,895,61.111865,9839,1
896,896,61.123000,9850,1
897,897,61.134137,9861,1
898,898,61.145273,9872,1
899,899,61.156408,9883,1
900,900,61.167545,9894,1
901,901,61.178681,9905,1
902,902,61.189818,9916,1
903,903,61.200955,9927,1
904,904,61.212089,9938,1
905,905,61.223227,9949,1
906,906,61.234363,9960,1
907,907,61.245499,9971,1
908,908,61.256634,9982,1
909,909,61.267770,9993,1
910,910,61.278907,10004,1
911,911,61.290044,10015,1
912,912,61.301179,10026,1
913,913,61.312317,10037,1
914,914,61.323453,10048,1
915,915,61.334590,10059,1
916,916,61.345726,10070,1
917,917,61.356862,10081,1
918,918,61.367996,10092,1
919,919,61.379134,10103,1
920,920,61.390271,10114,1
921,921,61.401405,10125,1
922,922,61.412541,10136,1
923,923,61.423679,10147,1
924,924,61.434816,10158,1
925,925,61.445952,10169,1
926,926,61.457087,10180,1
927,927,61.468222,10191,1
928,928,61.479361,10202,1
929,929,61.490494,10213,1
930,930,61.501633,10224,1
931,931,61.512768,10235,1
932,932,61.523905,10246,1
933,933,61.535040,10257,1
934,934,61.545163,10267,1
935,935,61.556299,10278,1
936,936,61.567437,10289,1
937,937,61.578574,10300,1
938,938,61.589708,10311,1
939,939,61.600845,10322,1
940,940,61.611983,10333,1
941,941,61.623117,10344,1
942,942,61.634255,10355,1
943,943,61.645389,10366,1
944,944,61.656527,10377,1
945,945,61.667663,10388,1
946,946,61.678798,10399,1
947,947,61.689934,10410,1
948,948,61.701073,10421,1
949,949,61.712208,10432,1
950,950,61.723345,10443,1
951,951,61.734481,10454,1
952,952,61.745618,10465,1
953,953,61.756754,10476,1
954,954,61.767889,10487,1
955,955,61.779025,10498,1
956,956,61.790161,10509,1
957,957,61.801298,10520,1
958,958,61.812433,10531,1
959,959,61.823570,10542,1
960,960,61.834707,10553,1
961,961,61.845841,10564,1
962,962,61.856978,10575,1
963,963,61.868114,10586,1
964,964,61.879250,10597,1
965,965,61.890389,10608,1
966,966,61.901522,10619,1
967,967,61.912659,10630,1
968,968,61.923797,10641,1
969,969,61.934934,10652,1
970,970,61.946070,10663,1
971,971,61.957204,10674,1
972,972,61.968340,10685,1
973,973,61.979478,10696,1
974,974,61.990615,10707,1
975,975,62.001750,10718,1
976,976,62.012887,10729,1
977,977,62.024021,10740,1
978,978,62.035157,10751,1
979,979,62.046296,10762,1
980,980,62.057432,10773,1
981,981,62.068568,10784,1
982,982,62.079704,10795,1
983,983,62.090841,10806,1
984,984,62.101977,10817,1
985,985,62.113113,10828,1
986,986,62.124249,10839,1
987,987,62.135385,10850,1
988,988,62.146521,10861,1
989,989,62.157658,10872,1
990,990,62.168795,10883,1
991,991,62.179931,10894,1
992,992,62.191065,10905,1
993,993,62.202204,10916,1
994,994,62.213339,10927,1
995,995,62.224475,10938,1
996,996,62.235612,10949,1
997,997,62.246748,10960,1
998,998,62.257884,10971,1
999,999,62.269019,10982,1
1000,1000,62.280154,10993,1
1001,1001,62.291292,11004,1
1002,1002,62.302429,11015,1
1003,1003,62.313566,11026,1
1004,1004,62.324700,11037,1
1005,1005,62.335837,11048,1
1006,1006,62.346974,11059,1
1007,1007,62.358110,11070,1
1008,1008,62.369245,11081,1
1009,1009,62.380381,11092,1
1010,1010,62.391519,11103,1
1011,1011,62.402655,11114,1
1012,1012,62.413789,11125,1
1013,1013,62.424927,11136,1
1014,1014,62.436064,11147,1
1015,1015,62.447198,11158,1
1016,1016,62.458336,11169,1
1017,1017,62.469472,11180,1
1018,1018,62.480607,11191,1
1019,1019,62.491745,11202,1
1020,1020,62.502881,11213,1
1021,1021,62.514018,11224,1
1022,1022,62.525153,11235,1
1023,1023,62.536290,11246,1
1024,1024,62.547425,11257,1
1025,1025,62.558560,11268,1
1026,1026,62.569699,11279,1
1027,1027,62.580834,11290,1
1028,1028,62.591971,11301,1
1029,1029,62.603106,11312,1
1030,1030,62.614243,11323,1
1031,1031,62.625379,11334,1
1032,1032,62.636515,11345,1
1033,1033,62.647653,11356,1
1034,1034,62.658789,11367,1
1035,1035,62.669923,11378,1
1036,1036,62.681061,11389,1
1037,1037,62.692198,11400,1
1038,1038,62.703334,11411,1
1039,1039,62.714468,11422,1
1040,1040,62.725604,11433,1
1041,1041,62.736743,11444,1
1042,1042,62.747879,11455,1
1043,1043,62.759014,11466,1
1044,1044,62.770149,11477,1
1045,1045,62.781287,11488,1
1046,1046,62.792424,11499,1
1047,1047,62.803560,11510,1
1048,1048,62.814695,11521,1
1049,1049,62.825832,11532,1
1050,1050,62.836969,11543,1
1051,1051,62.848110,11554,1
1052,1052,62.859241,11565,1
1053,1053,62.870375,11576,1
1054,1054,62.880501,11586,1
1055,1055,62.891637,11597,1
1056,1056,62.902773,11608,1
1057,1057,62.913910,11619,1
1058,1058,62.925044,11630,1
1059,1059,62.936182,11641,1
1060,1060,62.947318,11652,1
1061,1061,62.958455,11663,1
1062,1062,62.969591,11674,1
1063,1063,62.980725,11685,1
1064,1064,62.991862,11696,1
1065,1065,63.002998,11707,1
1066,1066,63.014135,11718,1
1067,1067,63.025271,11729,1
1068,1068,63.036408,11740,1
1069,1069,63.047545,11751,1
1070,1070,63.058679,11762,1
1071,1071,63.069815,11773,1
1072,1072,63.080951,11784,1
1073,1073,63.092089,11795,1
1074,1074,63.103224,11806,1
1075,1075,63.114362,11817,1
1076,1076,63.125497,11828,1
1077,1077,63.136635,11839,1
1078,1078,63.147771,11850,1
1079,1079,63.158905,11861,1
1080,1080,63.170043,11872,1
1081,1081,63.181179,11883,1
1082,1082,63.192315,11894,1
1083,1083,63.203451,11905,1
1084,1084,63.214587,11916,1
1085,1085,63.225724,11927,1
1086,1086,63.236861,11938,1
1087,1087,63.247996,11949,1
1088,1088,63.259133,11960,1
1089,1089,63.270269,11971,1
1090,1090,63.281403,11982,1
1091,1091,63.292542,11993,1
1092,1092,63.303676,12004,1
1093,1093,63.314812,12015,1
1094,1094,63.325949,12026,1
1095,1095,63.337084,12037,1
1096,1096,63.348221,12048,1
1097,1097,63.359359,12059,1
1098,1098,63.370495,12070,1
1099,1099,63.381631,12081,1
1100,1100,63.392766,12092,1
1101,1101,63.403902,12103,1
1102,1102,63.415041,12114,1
1103,1103,63.426177,12125,1
1104,1104,63.437312,12136,1
1105,1105,63.448448,12147,1
1106,1106,63.459584,12158,1
1107,1107,63.470722,12169,1
1108,1108,63.481855,12180,1
1109,1109,63.492994,12191,1
1110,1110,63.504129,12202,1
1111,1111,63.515267,12213,1
1112,1112,63.526403,12224,1
1113,1113,63.537539,12235,1
1114,1114,63.548674,12246,1
1115,1115,63.559809,12257,1
1116,1116,63.570946,12268,1
1117,1117,63.582084,12279,1
1118,1118,63.593220,12290,1
1119,1119,63.604356,12301,1
1120,1120,63.615490,12312,1
1121,1121,63.626627,12323,1
1122,1122,63.637765,12334,1
1123,1123,63.648901,12345,1
1124,1124,63.660037,12356,1
1125,1125,63.671172,12367,1
1126,1126,63.682310,12378,1
1127,1127,63.693444,12389,1
1128,1128,63.704583,12400,1
1129,1129,63.715719,12411,1
1130,1130,63.726855,12422,1
1131,1131,63.737990,12433,1
1132,1132,63.749127,12444,1
1133,1133,63.760263,12455,1
1134,1134,63.771398,12466,1
1135,1135,63.782535,12477,1
1136,1136,63.793672,12488,1
1137,1137,63.804808,12499,1
1138,1138,63.815945,12510,1
1139,1139,63.827080,12521,1
1140,1140,63.838215,12532,1
1141,1141,63.849353,12543,1
1142,1142,63.860487,12554,1
1143,1143,63.871626,12565,1
1144,1144,63.882760,12576,1
1145,1145,63.893898,12587,1
1146,1146,63.905035,12598,1
1147,1147,63.916171,12609,1
1148,1148,63.927308,12620,1
1149,1149,63.938443,12631,1
1150,1150,63.949579,12642,1
1151,1151,63.960714,12653,1
1152,1152,63.971850,12664,1
1153,1153,63.982986,12675,1
1154,1154,63.994123,12686,1
1155,1155,64.005259,12697,1
1156,1156,64.016397,12708,1
1157,1157,64.027531,12719,1
1158,1158,64.038670,12730,1
1159,1159,64.049805,12741,1
1160,1160,64.060940,12752,1
1161,1161,64.072077,12763,1
1162,1162,64.083214,12774,1
1163,1163,64.094350,12785,1
1164,1164,64.105486,12796,1
1165,1165,64.116622,12807,1
1166,1166,64.127757,12818,1
1167,1167,64.138895,12829,1
1168,1168,64.150030,12840,1
1169,1169,64.161167,12851,1
1170,1170,64.172302,12862,1
1171,1171,64.183440,12873,1
1172,1172,64.194574,12884,1
1173,1173,64.205713,12895,1
1174,1174,64.215834,12905,1
1175,1175,64.226973,12916,1
1176,1176,64.238110,12927,1
1177,1177,64.249246,12938,1
1178,1178,64.260381,12949,1
1179,1179,64.271518,12960,1
1180,1180,64.282653,12971,1
1181,1181,64.293790,12982,1
1182,1182,64.304926,12993,1
1183,1183,64.316063,13004,1
1184,1184,64.327197,13015,1
1185,1185,64.338335,13026,1
1186,1186,64.349472,13037,1
1187,1187,64.360608,13048,1
1188,1188,64.371742,13059,1
1189,1189,64.382880,13070,1
1190,1190,64.394014,13081,1
1191,1191,64.405153,13092,1
1192,1192,64.416288,13103,1
1193,1193,64.427425,13114,1
1194,1194,64.438560,13125,1
1195,1195,64.449697,13136,1
1196,1196,64.460833,13147,1
1197,1197,64.471969,13158,1
1198,1198,64.483106,13169,1
1199,1199,64.494242,13180,1
1200,1200,64.505378,13191,1
1201,1201,64.516514,13202,1
1202,1202,64.527650,13213,1
1203,1203,64.538786,13224,1
1204,1204,64.549924,13235,1
1205,1205,64.561058,13246,1
1206,1206,64.572194,13257,1
1207,1207,64.583333,13268,1
1208,1208,64.594466,13279,1
1209,1209,64.605605,13290,1
1210,1210,64.616741,13301,1
1211,1211,64.627878,13312,1
1212,1212,64.639013,13323,1
1213,1213,64.650150,13334,1
1214,1214,64.661285,13345,1
1215,1215,64.672420,13356,1
1216,1216,64.683559,13367,1
1217,1217,64.694694,13378,1
1218,1218,64.705830,13389,1
1219,1219,64.716967,13400,1
1220,1220,64.728107,13411,1
1221,1221,64.739239,13422,1
1222,1222,64.750374,13433,1
1223,1223,64.761512,13444,1
1224,1224,64.772646,13455,1
1225,1225,64.783785,13466,1
1226,1226,64.794921,13477,1
1227,1227,64.806057,13488,1
1228,1228,64.817192,13499,1
1229,1229,64.828330,13510,1
1230,1230,64.839465,13521,1
1231,1231,64.850600,13532,1
1232,1232,64.861737,13543,1
1233,1233,64.872875,13554,1
1234,1234,64.884011,13565,1
1235,1235,64.895145,13576,1
1236,1236,64.906283,13587,1
1237,1237,64.917417,13598,1
1238,1238,64.928556,13609,1
1239,1239,64.939690,13620,1
1240,1240,64.950826,13631,1
1241,1241,64.961964,13642,1
1242,1242,64.973105,13653,1
1243,1243,64.984236,13664,1
1244,1244,64.995371,13675,1
1245,1245,65.006509,13686,1
1246,1246,65.017644,13697,1
1247,1247,65.028781,13708,1
1248,1248,65.039917,13719,1
1249,1249,65.051054,13730,1
1250,1250,65.062191,13741,1
1251,1251,65.073327,13752,1
1252,1252,65.084462,13763,1
1253,1253,65.095599,13774,1
1254,1254,65.106734,13785,1
1255,1255,65.117870,13796,1
1256,1256,65.129006,13807,1
1257,1257,65.140142,13818,1
1258,1258,65.151280,13829,1
1259,1259,65.162416,13840,1
1260,1260,65.173551,13851,1
1261,1261,65.184687,13862,1
1262,1262,65.195825,13873,1
1263,1263,65.206960,13884,1
1264,1264,65.218102,13895,1
1265,1265,65.229232,13906,1
1266,1266,65.240370,13917,1
1267,1267,65.251507,13928,1
1268,1268,65.262643,13939,1
1269,1269,65.273778,13950,1
1270,1270,65.284915,13961,1
1271,1271,65.296051,13972,1
1272,1272,65.307188,13983,1
1273,1273,65.318324,13994,1
1274,1274,65.329459,14005,1
1275,1275,65.340596,14016,1
1276,1276,65.351733,14027,1
1277,1277,65.362869,14038,1
1278,1278,65.374005,14049,1
1279,1279,65.385141,14060,1
1280,1280,65.396277,14071,1
1281,1281,65.407411,14082,1
1282,1282,65.418549,14093,1
1283,1283,65.429685,14104,1
1284,1284,65.440822,14115,1
1285,1285,65.451959,14126,1
1286,1286,65.463104,14137,1
1287,1287,65.474229,14148,1
1288,1288,65.485367,14159,1
1289,1289,65.496505,14170,1
1290,1290,65.507638,14181,1
1291,1291,65.518776,14192,1
1292,1292,65.529912,14203,1
1293,1293,65.541047,14214,1
1294,1294,65.551172,14224,1
1295,1295,65.562308,14235,1
1296,1296,65.573444,14246,1
1297,1297,65.584579,14257,1
1298,1298,65.595717,14268,1
1299,1299,65.606852,14279,1
1300,1300,65.617990,14290,1
1301,1301,65.629125,14301,1
1302,1302,65.640260,14312,1
1303,1303,65.651397,14323,1
1304,1304,65.662535,14334,1
1305,1305,65.673669,14345,1
1306,1306,65.684807,14356,1
1307,1307,65.695943,14367,1
1308,1308,65.707077,14378,1
1309,1309,65.718216,14388,1
1310,1310,65.729351,14399,1
1311,1311,65.740488,14410,1
1312,1312,65.751623,14421,1
1313,1313,65.762760,14432,1
1314,1314,65.773895,14443,1
1315,1315,65.785032,14454,1
1316,1316,65.796168,14465,1
1317,1317,65.807306,14476,1
1318,1318,65.818442,14487,1
1319,1319,65.829576,14498,1
1320,1320,65.840715,14509,1
1321,1321,65.851850,14520,1
1322,1322,65.862987,14531,1
1323,1323,65.874121,14542,1
1324,1324,65.885260,14553,1
1325,1325,65.896393,14564,1
1326,1326,65.907531,14575,1
1327,1327,65.918667,14586,1
1328,1328,65.929804,14597,1
1329,1329,65.940941,14608,1
1330,1330,65.952076,14619,1
1331,1331,65.963211,14630,1
1332,1332,65.974349,14641,1
1333,1333,65.985486,14652,1
1334,1334,65.996622,14663,1
1335,1335,66.007756,14674,1
1336,1336,66.018894,14685,1
1337,1337,66.030030,14696,1
1338,1338,66.041165,14707,1
1339,1339,66.052301,14718,1
1340,1340,66.063439,14729,1
1341,1341,66.074576,14740,1
1342,1342,66.085710,14751,1
1343,1343,66.096846,14762,1
1344,1344,66.107982,14773,1
1345,1345,66.119120,14784,1
1346,1346,66.130257,14795,1
1347,1347,66.141391,14806,1
1348,1348,66.152528,14817,1
1349,1349,66.163664,14828,1
1350,1350,66.174799,14839,1
1351,1351,66.185937,14850,1
1352,1352,66.197073,14861,1
1353,1353,66.208210,14872,1
1354,1354,66.219344,14883,1
1355,1355,66.230481,14894,1
1356,1356,66.241617,14905,1
1357,1357,66.252754,14916,1
1358,1358,66.263891,14927,1
1359,1359,66.275028,14938,1
1360,1360,66.286162,14949,1
1361,1361,66.297298,14960,1
1362,1362,66.308436,14971,1
1363,1363,66.319573,14982,1
1364,1364,66.330709,14993,1
1365,1365,66.341845,15004,1
1366,1366,66.352981,15015,1
1367,1367,66.364117,15026,1
1368,1368,66.375251,15037,1
1369,1369,66.386389,15048,1
1370,1370,66.397525,15059,1
1371,1371,66.408661,15070,1
1372,1372,66.419796,15081,1
1373,1373,66.430935,15092,1
1374,1374,66.442071,15103,1
1375,1375,66.453206,15114,1
1376,1376,66.464344,15125,1
1377,1377,66.475480,15136,1
1378,1378,66.486615,15147,1
1379,1379,66.497752,15158,1
1380,1380,66.508887,15169,1
1381,1381,66.520025,15180,1
1382,1382,66.531159,15191,1
1383,1383,66.542296,15202,1
1384,1384,66.553433,15213,1
1385,1385,66.564568,15224,1
1386,1386,66.575704,15235,1
1387,1387,66.586841,15246,1
1388,1388,66.597979,15257,1
1389,1389,66.609114,15268,1
1390,1390,66.620251,15279,1
1391,1391,66.631385,15290,1
1392,1392,66.642521,15301,1
1393,1393,66.653658,15312,1
1394,1394,66.664795,15323,1
1395,1395,66.675931,15334,1
1396,1396,66.687068,15345,1
1397,1397,66.698203,15356,1
1398,1398,66.709340,15367,1
1399,1399,66.720476,15378,1
1400,1400,66.731611,15389,1
1401,1401,66.742750,15400,1
1402,1402,66.753884,15411,1
1403,1403,66.765020,15422,1
1404,1404,66.776156,15433,1
1405,1405,66.787294,15444,1
1406,1406,66.798431,15455,1
1407,1407,66.809565,15466,1
1408,1408,66.820702,15477,1
1409,1409,66.831839,15488,1
1410,1410,66.842975,15499,1
1411,1411,66.854111,15510,1
1412,1412,66.865247,15521,1
1413,1413,66.876382,15532,1
1414,1414,66.886508,15542,1
1415,1415,66.897642,15553,1
1416,1416,66.908780,15564,1
1417,1417,66.919915,15575,1
1418,1418,66.931053,15586,1
1419,1419,66.942189,15597,1
1420,1420,66.953325,15608,1
1421,1421,66.964462,15619,1
1422,1422,66.975598,15630,1
1423,1423,66.986732,15641,1
1424,1424,66.997870,15652,1
1425,1425,67.009007,15663,1
1426,1426,67.020142,15674,1
1427,1427,67.031279,15685,1
1428,1428,67.042413,15696,1
1429,1429,67.053549,15707,1
1430,1430,67.064688,15718,1
1431,1431,67.075824,15729,1
1432,1432,67.086958,15740,1
1433,1433,67.098105,15751,1
1434,1434,67.109232,15762,1
1435,1435,67.120368,15773,1
1436,1436,67.131503,15784,1
1437,1437,67.142641,15795,1
1438,1438,67.153775,15806,1
1439,1439,67.164912,15817,1
1440,1440,67.176049,15828,1
1441,1441,67.187186,15839,1
1442,1442,67.198322,15850,1
1443,1443,67.209457,15861,1
1444,1444,67.220595,15872,1
1445,1445,67.231731,15883,1
1446,1446,67.242865,15894,1
1447,1447,67.254002,15905,1
1448,1448,67.265139,15916,1
1449,1449,67.276275,15927,1
1450,1450,67.287410,15938,1
1451,1451,67.298548,15949,1
1452,1452,67.309685,15960,1
1453,1453,67.320821,15971,1
1454,1454,67.331955,15982,1
1455,1455,67.343102,15993,1
1456,1456,67.354229,16004,1
1457,1457,67.365366,16015,1
1458,1458,67.376502,16026,1
1459,1459,67.387637,16037,1
1460,1460,67.398773,16048,1
1461,1461,67.409910,16059,1
1462,1462,67.421045,16070,1
1463,1463,67.432182,16081,1
1464,1464,67.443320,16092,1
1465,1465,67.454455,16103,1
1466,1466,67.465592,16114,1
1467,1467,67.476728,16125,1
1468,1468,67.487865,16136,1
1469,1469,67.499000,16147,1
1470,1470,67.510136,16158,1
1471,1471,67.521272,16169,1
1472,1472,67.532409,16180,1
1473,1473,67.543544,16191,1
1474,1474,67.554680,16202,1
1475,1475,67.565819,16213,1
1476,1476,67.576953,16224,1
1477,1477,67.588089,16235,1
1478,1478,67.599225,16246,1
1479,1479,67.610363,16257,1
1480,1480,67.621500,16268,1
1481,1481,67.632634,16279,1
1482,1482,67.643771,16290,1
1483,1483,67.654908,16301,1
1484,1484,67.666045,16312,1
1485,1485,67.677179,16323,1
1486,1486,67.688317,16334,1
1487,1487,67.699453,16345,1
1488,1488,67.710589,16356,1
1489,1489,67.721724,16367,1
1490,1490,67.732862,16378,1
1491,1491,67.743996,16389,1
1492,1492,67.755134,16400,1
1493,1493,67.766270,16411,1
1494,1494,67.777407,16422,1
1495,1495,67.788543,16433,1
1496,1496,67.799678,16444,1
1497,1497,67.810814,16455,1
1498,1498,67.821950,16466,1
1499,1499,67.833088,16477,1
1500,1500,67.844224,16488,1
1501,1501,67.855360,16499,1
1502,1502,67.866496,16510,1
1503,1503,67.877631,16521,1
1504,1504,67.888768,16532,1
1505,1505,67.899905,16543,1
1506,1506,67.911041,16554,1
1507,1507,67.922178,16565,1
1508,1508,67.933314,16576,1
1509,1509,67.944448,16587,1
1510,1510,67.955584,16598,1
1511,1511,67.966723,16609,1
1512,1512,67.977858,16620,1
1513,1513,67.988995,16631,1
1514,1514,68.000131,16642,1
1515,1515,68.011268,16653,1
1516,1516,68.022402,16664,1
1517,1517,68.033540,16675,1
1518,1518,68.044675,16686,1
1519,1519,68.055812,16697,1
1520,1520,68.066949,16708,1
1521,1521,68.078084,16719,1
1522,1522,68.089221,16730,1
1523,1523,68.100358,16741,1
1524,1524,68.111493,16752,1
1525,1525,68.122628,16763,1
1526,1526,68.133766,16774,1
1527,1527,68.144903,16785,1
1528,1528,68.156039,16796,1
1529,1529,68.167174,16807,1
1530,1530,68.178310,16818,1
1531,1531,68.189447,16829,1
1532,1532,68.200583,16840,1
1533,1533,68.210706,16850,1
1534,1534,68.221844,16861,1
1535,1535,68.232980,16872,1
1536,1536,68.244115,16883,1
1537,1537,68.255250,16894,1
1538,1538,68.266388,16905,1
1539,1539,68.277523,16916,1
1540,1540,68.288661,16927,1
1541,1541,68.299795,16938,1
1542,1542,68.310933,16949,1
1543,1543,68.322068,16960,1
1544,1544,68.333204,16971,1
1545,1545,68.344342,16982,1
1546,1546,68.355476,16993,1
1547,1547,68.366613,17004,1
1548,1548,68.377749,17015,1
1549,1549,68.388886,17026,1
1550,1550,68.400023,17037,1
1551,1551,68.411159,17048,1
1552,1552,68.422296,17059,1
1553,1553,68.433432,17070,1
1554,1554,68.444569,17081,1
1555,1555,68.455703,17092,1
1556,1556,68.466841,17103,1
1557,1557,68.477976,17114,1
1558,1558,68.489111,17125,1
1559,1559,68.500249,17136,1
1560,1560,68.511386,17147,1
1561,1561,68.522520,17158,1
1562,1562,68.533658,17169,1
1563,1563,68.544795,17180,1
1564,1564,68.555930,17191,1
1565,1565,68.567067,17202,1
1566,1566,68.578203,17213,1
1567,1567,68.589339,17224,1
1568,1568,68.600475,17235,1
1569,1569,68.611610,17246,1
1570,1570,68.622746,17257,1
1571,1571,68.633884,17268,1
1572,1572,68.645021,17279,1
1573,1573,68.656155,17290,1
1574,1574,68.667291,17301,1
1575,1575,68.678428,17312,1
1576,1576,68.689564,17323,1
1577,1577,68.700702,17334,1
1578,1578,68.711836,17345,1
1579,1579,68.722974,17356,1
1580,1580,68.734109,17367,1
1581,1581,68.745245,17378,1
1582,1582,68.756382,17389,1
1583,1583,68.767519,17400,1
1584,1584,68.778654,17411,1
1585,1585,68.789790,17422,1
1586,1586,68.800927,17433,1
1587,1587,68.812062,17444,1
1588,1588,68.823200,17455,1
1589,1589,68.834335,17466,1
1590,1590,68.845473,17477,1
1591,1591,68.856608,17488,1
1592,1592,68.867745,17499,1
1593,1593,68.878881,17510,1
1594,1594,68.890016,17521,1
1595,1595,68.901153,17532,1
1596,1596,68.912290,17543,1
1597,1597,68.923427,17554,1
1598,1598,68.934563,17565,1
1599,1599,68.945698,17576,1
1600,1600,68.956835,17587,1
1601,1601,68.967970,17598,1
1602,1602,68.979108,17609,1
1603,1603,68.990244,17620,1
1604,1604,69.001380,17631,1
1605,1605,69.012514,17642,1
1606,1606,69.023653,17653,1
1607,1607,69.034789,17664,1
1608,1608,69.045923,17675,1
1609,1609,69.057059,17686,1
1610,1610,69.068198,17697,1
1611,1611,69.079332,17708,1
1612,1612,69.090468,17719,1
1613,1613,69.101604,17730,1
1614,1614,69.112741,17741,1
1615,1615,69.123878,17752,1
1616,1616,69.135013,17763,1
1617,1617,69.146151,17774,1
1618,1618,69.157287,17785,1
1619,1619,69.168424,17796,1
1620,1620,69.179560,17807,1
1621,1621,69.190695,17818,1
1622,1622,69.201833,17829,1
1623,1623,69.212967,17840,1
1624,1624,69.224106,17851,1
1625,1625,69.235240,17862,1
1626,1626,69.246377,17873,1
1627,1627,69.257512,17884,1
1628,1628,69.268648,17895,1
1629,1629,69.279786,17906,1
1630,1630,69.290922,17917,1
1631,1631,69.302056,17928,1
1632,1632,69.313193,17939,1
1633,1633,69.324329,17950,1
1634,1634,69.335465,17961,1
1635,1635,69.346601,17972,1
1636,1636,69.357738,17983,1
1637,1637,69.368874,17994,1
1638,1638,69.380010,18005,1
1639,1639,69.391148,18016,1
1640,1640,69.402283,18027,1
1641,1641,69.413421,18038,1
1642,1642,69.424557,18049,1
1643,1643,69.435693,18060,1
1644,1644,69.446828,18071,1
1645,1645,69.457966,18082,1
1646,1646,69.469107,18093,1
1647,1647,69.480238,18104,1
1648,1648,69.491373,18115,1
1649,1649,69.502511,18126,1
1650,1650,69.513647,18137,1
1651,1651,69.524783,18148,1
1652,1652,69.535920,18159,1
1653,1653,69.546044,18169,1
1654,1654,69.557179,18180,1
1655,1655,69.568314,18191,1
1656,1656,69.579452,18202,1
1657,1657,69.590587,18213,1
1658,1658,69.601724,18224,1
1659,1659,69.612858,18235,1
1660,1660,69.623997,18246,1
1661,1661,69.635131,18257,1
1662,1662,69.646269,18268,1
1663,1663,69.657403,18279,1
1664,1664,69.668542,18290,1
1665,1665,69.679676,18301,1
1666,1666,69.690814,18312,1
1667,1667,69.701948,18323,1
1668,1668,69.713087,18334,1
1669,1669,69.724221,18345,1
1670,1670,69.735360,18356,1
1671,1671,69.746494,18367,1
1672,1672,69.757630,18378,1
1673,1673,69.768768,18389,1
1674,1674,69.779902,18400,1
1675,1675,69.791040,18411,1
1676,1676,69.802175,18422,1
1677,1677,69.813312,18433,1
1678,1678,69.824447,18444,1
1679,1679,69.835585,18455,1
1680,1680,69.846719,18466,1
1681,1681,69.857855,18477,1
1682,1682,69.868994,18488,1
1683,1683,69.880130,18499,1
1684,1684,69.891266,18510,1
1685,1685,69.902402,18521,1
1686,1686,69.913537,18532,1
1687,1687,69.924674,18543,1
1688,1688,69.935812,18554,1
1689,1689,69.946947,18565,1
1690,1690,69.958084,18576,1
1691,1691,69.969220,18587,1
1692,1692,69.980356,18598,1
1693,1693,69.991491,18609,1
1694,1694,70.002629,18620,1
1695,1695,70.013764,18631,1
1696,1696,70.024899,18642,1
1697,1697,70.036035,18653,1
1698,1698,70.047174,18664,1
1699,1699,70.058308,18675,1
1700,1700,70.069446,18686,1
1701,1701,70.080583,18697,1
1702,1702,70.091719,18708,1
1703,1703,70.102855,18719,1
1704,1704,70.113991,18730,1
1705,1705,70.125127,18741,1
1706,1706,70.136264,18752,1
1707,1707,70.147398,18763,1
1708,1708,70.158536,18774,1
1709,1709,70.169670,18785,1
1710,1710,70.180807,18796,1
1711,1711,70.191945,18807,1
1712,1712,70.203080,18818,1
1713,1713,70.214215,18829,1
1714,1714,70.225353,18840,1
1715,1715,70.236490,18851,1
1716,1716,70.247626,18862,1
1717,1717,70.258760,18873,1
1718,1718,70.269896,18884,1
1719,1719,70.281035,18895,1
1720,1720,70.292171,18906,1
1721,1721,70.303306,18917,1
1722,1722,70.314443,18928,1
1723,1723,70.325578,18939,1
1724,1724,70.336715,18950,1
1725,1725,70.347852,18961,1
1726,1726,70.358988,18972,1
1727,1727,70.370123,18983,1
1728,1728,70.381259,18994,1
1729,1729,70.392397,19005,1
1730,1730,70.403533,19016,1
1731,1731,70.414670,19027,1
1732,1732,70.425804,19038,1
1733,1733,70.436940,19049,1
1734,1734,70.448078,19060,1
1735,1735,70.459214,19071,1
1736,1736,70.470350,19082,1
1737,1737,70.481486,19093,1
1738,1738,70.492623,19104,1
1739,1739,70.503757,19115,1
1740,1740,70.514896,19126,1
1741,1741,70.526030,19137,1
1742,1742,70.537167,19148,1
1743,1743,70.548304,19159,1
1744,1744,70.559438,19170,1
1745,1745,70.570574,19181,1
1746,1746,70.581712,19192,1
1747,1747,70.592849,19203,1
1748,1748,70.603984,19214,1
1749,1749,70.615122,19225,1
1750,1750,70.626257,19236,1
1751,1751,70.637392,19247,1
1752,1752,70.648528,19258,1
1753,1753,70.659665,19269,1
1754,1754,70.670803,19280,1
1755,1755,70.681939,19291,1
1756,1756,70.693073,19302,1
1757,1757,70.704212,19313,1
1758,1758,70.716784,19324,1
1759,1759,70.726483,19334,1
1760,1760,70.737618,19345,1
1761,1761,70.748757,19356,1
1762,1762,70.759892,19367,1
1763,1763,70.771029,19378,1
1764,1764,70.782165,19389,1
1765,1765,70.793301,19400,1
1766,1766,70.804436,19411,1
1767,1767,70.815574,19422,1
1768,1768,70.826709,19433,1
1769,1769,70.837846,19444,1
1770,1770,70.848981,19455,1
1771,1771,70.860118,19466,1
1772,1772,70.871254,19477,1
1773,1773,70.881377,19487,1
1774,1774,70.892513,19498,1
1775,1775,70.903651,19509,1
1776,1776,70.914787,19520,1
1777,1777,70.925922,19531,1
1778,1778,70.937058,19542,1
1779,1779,70.948194,19553,1
1780,1780,70.959331,19564,1
1781,1781,70.970468,19575,1
1782,1782,70.981603,19586,1
1783,1783,70.992739,19597,1
1784,1784,71.003878,19608,1
1785,1785,71.015013,19619,1
1786,1786,71.026148,19630,1
1787,1787,71.037285,19641,1
1788,1788,71.048420,19652,1
1789,1789,71.059557,19663,1
1790,1790,71.070695,19674,1
1791,1791,71.081831,19685,1
1792,1792,71.092967,19696,1
1793,1793,71.104107,19707,1
1794,1794,71.115239,19718,1
1795,1795,71.126375,19729,1
1796,1796,71.137512,19740,1
1797,1797,71.148646,19751,1
1798,1798,71.159783,19762,1
1799,1799,71.170921,19773,1
1800,1800,71.182055,19784,1
1801,1801,71.193194,19795,1
1802,1802,71.204330,19806,1
1803,1803,71.215466,19817,1
1804,1804,71.226600,19828,1
1805,1805,71.237738,19839,1
1806,1806,71.248874,19850,1
1807,1807,71.260011,19861,1
1808,1808,71.271146,19872,1
1809,1809,71.282283,19883,1
1810,1810,71.293419,19894,1
1811,1811,71.304554,19905,1
1812,1812,71.315690,19916,1
1813,1813,71.326828,19927,1
1814,1814,71.337962,19938,1
1815,1815,71.349107,19949,1
1816,1816,71.360237,19960,1
1817,1817,71.371372,19971,1
1818,1818,71.382507,19982,1
1819,1819,71.393646,19993,1
1820,1820,71.404781,20004,1
1821,1821,71.415916,20015,1
1822,1822,71.427055,20026,1
1823,1823,71.438191,20037,1
1824,1824,71.449325,20048,1
1825,1825,71.460462,20059,1
1826,1826,71.471599,20070,1
1827,1827,71.482734,20081,1
1828,1828,71.493869,20092,1
1829,1829,71.505006,20103,1
1830,1830,71.516142,20114,1
1831,1831,71.527278,20125,1
1832,1832,71.538417,20136,1
1833,1833,71.549552,20147,1
1834,1834,71.560689,20158,1
1835,1835,71.571824,20169,1
1836,1836,71.582960,20180,1
1837,1837,71.594104,20191,1
1838,1838,71.605232,20202,1
1839,1839,71.616368,20213,1
1840,1840,71.627505,20224,1
1841,1841,71.638643,20235,1
1842,1842,71.649777,20246,1
1843,1843,71.660913,20257,1
1844,1844,71.672049,20268,1
1845,1845,71.683187,20279,1
1846,1846,71.694322,20290,1
1847,1847,71.705460,20301,1
1848,1848,71.716596,20312,1
1849,1849,71.727732,20323,1
1850,1850,71.738868,20334,1
1851,1851,71.750004,20345,1
1852,1852,71.761139,20356,1
1853,1853,71.772276,20367,1
1854,1854,71.783414,20378,1
1855,1855,71.794548,20389,1
1856,1856,71.805686,20400,1
1857,1857,71.816822,20411,1
1858,1858,71.827959,20422,1
1859,1859,71.839102,20433,1
1860,1860,71.850231,20444,1
1861,1861,71.861367,20455,1
1862,1862,71.872504,20466,1
1863,1863,71.883639,20477,1
1864,1864,71.894775,20488,1
1865,1865,71.905910,20499,1
1866,1866,71.917047,20510,1
1867,1867,71.928184,20521,1
1868,1868,71.939319,20532,1
1869,1869,71.950458,20543,1
1870,1870,71.961594,20554,1
1871,1871,71.972728,20565,1
1872,1872,71.983864,20576,1
1873,1873,71.995002,20587,1
1874,1874,72.006136,20598,1
1875,1875,72.017273,20609,1
1876,1876,72.028411,20620,1
1877,1877,72.039547,20631,1
1878,1878,72.050684,20642,1
1879,1879,72.061818,20653,1
1880,1880,72.072955,20664,1
1881,1881,72.084101,20675,1
1882,1882,72.095227,20686,1
1883,1883,72.106365,20697,1
1884,1884,72.117500,20708,1
1885,1885,72.128637,20719,1
1886,1886,72.139774,20730,1
1887,1887,72.150908,20741,1
1888,1888,72.162046,20752,1
1889,1889,72.173181,20763,1
1890,1890,72.184316,20774,1
1891,1891,72.195455,20785,1
1892,1892,72.206589,20796,1
1893,1893,72.216714,20806,1
1894,1894,72.227849,20817,1
1895,1895,72.238987,20828,1
1896,1896,72.250122,20839,1
1897,1897,72.261257,20850,1
1898,1898,72.272394,20861,1
1899,1899,72.283530,20872,1
1900,1900,72.294666,20883,1
1901,1901,72.305802,20894,1
1902,1902,72.316940,20905,1
1903,1903,72.328075,20916,1
1904,1904,72.339213,20927,1
1905,1905,72.350347,20938,1
1906,1906,72.361484,20949,1
1907,1907,72.372620,20960,1
1908,1908,72.383756,20971,1
1909,1909,72.394895,20982,1
1910,1910,72.406029,20993,1
1911,1911,72.417167,21004,1
1912,1912,72.428301,21015,1
1913,1913,72.439438,21026,1
1914,1914,72.450576,21037,1
1915,1915,72.461712,21048,1
1916,1916,72.472848,21059,1
1917,1917,72.483984,21070,1
1918,1918,72.495119,21081,1
1919,1919,72.506256,21092,1
1920,1920,72.517391,21103,1
1921,1921,72.528529,21114,1
1922,1922,72.539666,21125,1
1923,1923,72.550801,21136,1
1924,1924,72.561937,21147,1
1925,1925,72.573074,21158,1
1926,1926,72.584210,21169,1
1927,1927,72.595344,21180,1
1928,1928,72.606482,21191,1
1929,1929,72.617619,21202,1
1930,1930,72.628753,21213,1
1931,1931,72.639889,21224,1
1932,1932,72.651026,21235,1
1933,1933,72.662163,21246,1
1934,1934,72.673300,21257,1
1935,1935,72.684434,21268,1
1936,1936,72.695573,21279,1
1937,1937,72.706709,21290,1
1938,1938,72.717843,21301,1
1939,1939,72.728980,21312,1
1940,1940,72.740117,21323,1
1941,1941,72.751254,21334,1
1942,1942,72.762388,21345,1
1943,1943,72.773526,21356,1
1944,1944,72.784663,21367,1
1945,1945,72.795799,21378,1
1946,1946,72.806934,21389,1
1947,1947,72.818069,21400,1
1948,1948,72.829208,21411,1
1949,1949,72.840343,21422,1
1950,1950,72.851479,21433,1
1951,1951,72.862614,21444,1
1952,1952,72.873752,21455,1
1953,1953,72.884888,21466,1
1954,1954,72.896023,21477,1
1955,1955,72.907161,21488,1
1956,1956,72.918295,21499,1
1957,1957,72.929433,21510,1
1958,1958,72.940570,21521,1
1959,1959,72.951704,21532,1
1960,1960,72.962842,21543,1
1961,1961,72.973978,21554,1
1962,1962,72.985113,21565,1
1963,1963,72.996250,21576,1
1964,1964,73.007385,21587,1
1965,1965,73.018521,21598,1
1966,1966,73.029660,21609,1
1967,1967,73.040794,21620,1
1968,1968,73.051932,21631,1
1969,1969,73.063068,21642,1
1970,1970,73.074204,21653,1
1971,1971,73.085341,21664,1
1972,1972,73.096475,21675,1
1973,1973,73.107613,21686,1
1974,1974,73.118750,21697,1
1975,1975,73.129884,21708,1
1976,1976,73.141020,21719,1
1977,1977,73.152158,21730,1
1978,1978,73.163294,21741,1
1979,1979,73.174430,21752,1
1980,1980,73.185565,21763,1
1981,1981,73.196703,21774,1
1982,1982,73.207839,21785,1
1983,1983,73.218974,21796,1
1984,1984,73.230112,21807,1
1985,1985,73.241246,21818,1
1986,1986,73.252384,21829,1
1987,1987,73.263520,21840,1
1988,1988,73.274657,21851,1
1989,1989,73.285792,21862,1
1990,1990,73.296930,21873,1
1991,1991,73.308064,21884,1
1992,1992,73.319201,21895,1
1993,1993,73.330337,21906,1
1994,1994,73.341474,21917,1
1995,1995,73.352609,21928,1
1996,1996,73.363747,21939,1
1997,1997,73.374881,21950,1
1998,1998,73.386019,21961,1
1999,1999,73.397156,21972,1
2000,2000,73.408292,21983,1
2001,2001,73.419426,21994,1
2002,2002,73.430563,22005,1
2003,2003,73.441701,22016,1
2004,2004,73.452837,22027,1
2005,2005,73.463973,22038,1
2006,2006,73.475109,22049,1
2007,2007,73.486245,22060,1
2008,2008,73.497380,22071,1
2009,2009,73.508518,22082,1
2010,2010,73.519652,22093,1
2011,2011,73.530790,22104,1
2012,2012,73.541927,22115,1
2013,2013,73.552050,22125,1
2014,2014,73.563187,22136,1
2015,2015,73.574322,22147,1
2016,2016,73.585458,22158,1
2017,2017,73.596596,22169,1
2018,2018,73.607732,22180,1
2019,2019,73.618868,22191,1
2020,2020,73.630002,22202,1
2021,2021,73.641138,22213,1
2022,2022,73.652275,22224,1
2023,2023,73.663412,22235,1
2024,2024,73.674547,22246,1
2025,2025,73.685683,22257,1
2026,2026,73.696821,22268,1
2027,2027,73.707958,22279,1
2028,2028,73.719102,22290,1
2029,2029,73.730229,22301,1
2030,2030,73.741364,22312,1
2031,2031,73.752500,22323,1
2032,2032,73.763637,22334,1
2033,2033,73.774774,22345,1
2034,2034,73.785909,22356,1
2035,2035,73.797048,22367,1
2036,2036,73.808181,22378,1
2037,2037,73.819319,22389,1
2038,2038,73.830454,22400,1
2039,2039,73.841592,22411,1
2040,2040,73.852729,22422,1
2041,2041,73.863865,22433,1
2042,2042,73.875000,22444,1
2043,2043,73.886135,22455,1
2044,2044,73.897273,22466,1
2045,2045,73.908410,22477,1
2046,2046,73.919546,22488,1
2047,2047,73.930680,22499,1
2048,2048,73.941817,22510,1
2049,2049,73.952955,22521,1
2050,2050,73.964089,22532,1
2051,2051,73.975226,22543,1
2052,2052,73.986364,22554,1
2053,2053,73.997497,22565,1
2054,2054,74.008634,22576,1
2055,2055,74.019770,22587,1
2056,2056,74.030908,22598,1
2057,2057,74.042043,22609,1
2058,2058,74.053181,22620,1
2059,2059,74.064316,22631,1
2060,2060,74.075451,22642,1
2061,2061,74.086589,22653,1
2062,2062,74.097726,22664,1
2063,2063,74.108862,22675,1
2064,2064,74.119996,22686,1
2065,2065,74.131132,22697,1
2066,2066,74.142271,22708,1
2067,2067,74.153407,22719,1
2068,2068,74.164543,22730,1
2069,2069,74.175679,22741,1
2070,2070,74.186815,22752,1
2071,2071,74.197950,22763,1
2072,2072,74.209088,22774,1
2073,2073,74.220224,22785,1
2074,2074,74.231360,22796,1
2075,2075,74.242497,22807,1
2076,2076,74.253633,22818,1
2077,2077,74.264769,22829,1
2078,2078,74.275904,22840,1
2079,2079,74.287042,22851,1
2080,2080,74.298176,22862,1
2081,2081,74.309314,22873,1
2082,2082,74.320451,22884,1
2083,2083,74.331585,22895,1
2084,2084,74.342721,22906,1
2085,2085,74.353857,22917,1
2086,2086,74.364995,22928,1
2087,2087,74.376130,22939,1
2088,2088,74.387266,22950,1
2089,2089,74.398403,22961,1
2090,2090,74.409538,22972,1
2091,2091,74.420675,22983,1
2092,2092,74.431812,22994,1
2093,2093,74.442949,23005,1
2094,2094,74.454085,23016,1
2095,2095,74.465222,23027,1
2096,2096,74.476358,23038,1
2097,2097,74.487494,23049,1
2098,2098,74.498629,23060,1
2099,2099,74.509767,23071,1
2100,2100,74.520900,23082,1
2101,2101,74.532037,23093,1
2102,2102,74.543173,23104,1
2103,2103,74.554311,23115,1
2104,2104,74.565445,23126,1
2105,2105,74.576583,23137,1
2106,2106,74.587718,23148,1
2107,2107,74.598856,23159,1
2108,2108,74.609993,23170,1
2109,2109,74.621127,23181,1
2110,2110,74.632263,23192,1
2111,2111,74.643401,23203,1
2112,2112,74.654537,23214,1
2113,2113,74.665672,23225,1
2114,2114,74.676810,23236,1
2115,2115,74.687946,23247,1
2116,2116,74.699082,23258,1
2117,2117,74.710219,23269,1
2118,2118,74.721353,23280,1
2119,2119,74.732490,23291,1
2120,2120,74.743627,23302,1
2121,2121,74.754764,23313,1
2122,2122,74.765898,23324,1
2123,2123,74.777034,23335,1
2124,2124,74.788171,23346,1
2125,2125,74.799307,23357,1
2126,2126,74.810442,23368,1
2127,2127,74.821579,23379,1
2128,2128,74.832715,23390,1
2129,2129,74.843853,23401,1
2130,2130,74.854988,23412,1
2131,2131,74.866124,23423,1
2132,2132,74.877260,23434,1
2133,2133,74.887386,23444,1
2134,2134,74.898522,23455,1
2135,2135,74.909657,23466,1
2136,2136,74.920795,23477,1
2137,2137,74.931930,23488,1
2138,2138,74.943067,23499,1
2139,2139,74.954201,23510,1
2140,2140,74.965338,23521,1
2141,2141,74.976473,23532,1
2142,2142,74.987610,23543,1
2143,2143,74.998747,23554,1
2144,2144,75.009882,23565,1
2145,2145,75.021021,23576,1
2146,2146,75.032156,23587,1
2147,2147,75.043293,23598,1
2148,2148,75.054428,23609,1
2149,2149,75.065566,23620,1
2150,2150,75.076702,23631,1
2151,2151,75.087836,23642,1
2152,2152,75.098974,23653,1
2153,2153,75.110108,23664,1
2154,2154,75.121247,23675,1
2155,2155,75.132382,23686,1
2156,2156,75.143519,23697,1
2157,2157,75.154654,23708,1
2158,2158,75.165790,23719,1
2159,2159,75.176928,23730,1
2160,2160,75.188063,23741,1
2161,2161,75.199198,23752,1
2162,2162,75.210335,23763,1
2163,2163,75.221473,23774,1
2164,2164,75.232607,23785,1
2165,2165,75.243745,23796,1
2166,2166,75.254881,23807,1
2167,2167,75.266018,23818,1
2168,2168,75.277152,23829,1
2169,2169,75.288290,23840,1
2170,2170,75.299427,23851,1
2171,2171,75.310561,23862,1
2172,2172,75.321698,23873,1
2173,2173,75.332833,23884,1
2174,2174,75.343969,23895,1
2175,2175,75.355111,23906,1
2176,2176,75.366242,23917,1
2177,2177,75.377380,23928,1
2178,2178,75.388516,23939,1
2179,2179,75.399653,23950,1
2180,2180,75.410789,23961,1
2181,2181,75.421923,23972,1
2182,2182,75.433059,23983,1
2183,2183,75.444197,23994,1
2184,2184,75.455333,24005,1
2185,2185,75.466469,24016,1
2186,2186,75.477607,24027,1
2187,2187,75.488742,24038,1
2188,2188,75.499877,24049,1
2189,2189,75.511015,24060,1
2190,2190,75.522152,24071,1
2191,2191,75.533286,24082,1
2192,2192,75.544421,24093,1
2193,2193,75.555559,24104,1
2194,2194,75.566695,24115,1
2195,2195,75.577833,24126,1
2196,2196,75.588969,24137,1
2197,2197,75.600106,24148,1
2198,2198,75.611240,24159,1
2199,2199,75.622376,24170,1
2200,2200,75.633513,24181,1
2201,2201,75.644648,24192,1
2202,2202,75.655785,24203,1
2203,2203,75.666922,24214,1
2204,2204,75.678059,24225,1
2205,2205,75.689193,24236,1
2206,2206,75.700329,24247,1
2207,2207,75.711465,24258,1
2208,2208,75.722603,24268,1
2209,2209,75.733740,24279,1
2210,2210,75.744876,24290,1
2211,2211,75.756010,24301,1
2212,2212,75.767148,24312,1
2213,2213,75.778284,24323,1
2214,2214,75.789420,24334,1
2215,2215,75.800555,24345,1
2216,2216,75.811693,24356,1
2217,2217,75.822829,24367,1
2218,2218,75.833965,24378,1
2219,2219,75.845106,24389,1
2220,2220,75.856236,24400,1
2221,2221,75.867375,24411,1
2222,2222,75.878509,24422,1
2223,2223,75.889645,24433,1
2224,2224,75.900782,24444,1
2225,2225,75.911919,24455,1
2226,2226,75.923054,24466,1
2227,2227,75.934191,24477,1
2228,2228,75.945326,24488,1
2229,2229,75.956464,24499,1
2230,2230,75.967601,24510,1
2231,2231,75.978735,24521,1
2232,2232,75.989872,24532,1
2233,2233,76.001009,24543,1
2234,2234,76.012145,24554,1
2235,2235,76.023279,24565,1
2236,2236,76.034418,24576,1
2237,2237,76.045552,24587,1
2238,2238,76.056691,24598,1
2239,2239,76.067827,24609,1
2240,2240,76.078963,24620,1
2241,2241,76.090103,24631,1
2242,2242,76.101234,24642,1
2243,2243,76.112372,24653,1
2244,2244,76.123506,24664,1
2245,2245,76.134643,24675,1
2246,2246,76.145780,24686,1
2247,2247,76.156917,24697,1
2248,2248,76.168053,24708,1
2249,2249,76.179187,24719,1
2250,2250,76.190325,24730,1
2251,2251,76.201461,24741,1
2252,2252,76.212596,24752,1
2253,2253,76.222721,24762,1
2254,2254,76.233855,24773,1
2255,2255,76.244994,24784,1
2256,2256,76.256129,24795,1
2257,2257,76.267266,24806,1
2258,2258,76.278400,24817,1
2259,2259,76.289537,24828,1
2260,2260,76.300673,24839,1
2261,2261,76.311812,24850,1
2262,2262,76.322947,24861,1
2263,2263,76.334082,24872,1
2264,2264,76.345220,24883,1
2265,2265,76.356355,24894,1
2266,2266,76.367492,24905,1
2267,2267,76.378628,24916,1
2268,2268,76.389763,24927,1
2269,2269,76.400901,24938,1
2270,2270,76.412035,24949,1
2271,2271,76.423174,24960,1
2272,2272,76.434309,24971,1
2273,2273,76.445444,24982,1
2274,2274,76.456580,24993,1
2275,2275,76.467719,25004,1
2276,2276,76.478855,25015,1
2277,2277,76.489991,25026,1
2278,2278,76.501128,25037,1
2279,2279,76.512262,25048,1
2280,2280,76.523399,25059,1
2281,2281,76.534535,25070,1
2282,2282,76.545672,25081,1
2283,2283,76.556809,25092,1
2284,2284,76.567943,25103,1
2285,2285,76.579079,25114,1
2286,2286,76.590215,25125,1
2287,2287,76.601353,25136,1
2288,2288,76.612487,25147,1
2289,2289,76.623626,25158,1
2290,2290,76.634760,25169,1
2291,2291,76.645898,25180,1
2292,2292,76.657034,25191,1
2293,2293,76.668169,25202,1
2294,2294,76.679307,25213,1
2295,2295,76.690442,25224,1
2296,2296,76.701578,25235,1
2297,2297,76.712714,25246,1
2298,2298,76.723850,25257,1
2299,2299,76.734986,25268,1
2300,2300,76.746122,25279,1
2301,2301,76.757261,25290,1
2302,2302,76.768395,25301,1
2303,2303,76.779533,25312,1
2304,2304,76.790669,25323,1
2305,2305,76.801806,25334,1
2306,2306,76.812940,25345,1
2307,2307,76.824076,25356,1
2308,2308,76.835214,25367,1
2309,2309,76.846350,25378,1
2310,2310,76.857487,25389,1
2311,2311,76.868622,25400,1
2312,2312,76.879757,25411,1
2313,2313,76.890895,25422,1
2314,2314,76.902030,25433,1
2315,2315,76.913168,25444,1
2316,2316,76.924302,25455,1
2317,2317,76.935439,25466,1
2318,2318,76.946576,25477,1
2319,2319,76.957713,25488,1
2320,2320,76.968848,25499,1
2321,2321,76.979985,25510,1
2322,2322,76.991121,25521,1
2323,2323,77.002256,25532,1
2324,2324,77.013393,25543,1
2325,2325,77.024529,25554,1
2326,2326,77.035667,25565,1
2327,2327,77.046802,25576,1
2328,2328,77.057938,25587,1
2329,2329,77.069075,25598,1
2330,2330,77.080211,25609,1
2331,2331,77.091348,25620,1
2332,2332,77.102482,25631,1
2333,2333,77.113618,25642,1
2334,2334,77.124755,25653,1
2335,2335,77.135890,25664,1
2336,2336,77.147028,25675,1
2337,2337,77.158163,25686,1
2338,2338,77.169300,25697,1
2339,2339,77.180436,25708,1
2340,2340,77.191574,25719,1
2341,2341,77.202710,25730,1
2342,2342,77.213844,25741,1
2343,2343,77.224981,25752,1
2344,2344,77.236119,25763,1
2345,2345,77.247255,25774,1
2346,2346,77.258389,25785,1
2347,2347,77.269525,25796,1
2348,2348,77.280664,25807,1
2349,2349,77.291798,25818,1
2350,2350,77.302935,25829,1
2351,2351,77.314072,25840,1
2352,2352,77.325207,25851,1
2353,2353,77.336345,25862,1
2354,2354,77.347479,25873,1
2355,2355,77.358616,25884,1
2356,2356,77.369753,25895,1
2357,2357,77.380889,25906,1
2358,2358,77.392025,25917,1
2359,2359,77.403162,25928,1
2360,2360,77.414298,25939,1
2361,2361,77.425435,25950,1
2362,2362,77.436571,25961,1
2363,2363,77.447707,25972,1
2364,2364,77.458842,25983,1
2365,2365,77.469978,25994,1
2366,2366,77.481116,26005,1
2367,2367,77.492250,26016,1
2368,2368,77.503388,26027,1
2369,2369,77.514522,26038,1
2370,2370,77.525661,26049,1
2371,2371,77.536795,26060,1
2372,2372,77.546919,26070,1
2373,2373,77.558057,26081,1
2374,2374,77.569192,26092,1
2375,2375,77.580330,26103,1
2376,2376,77.591465,26114,1
2377,2377,77.602602,26125,1
2378,2378,77.613736,26136,1
2379,2379,77.624874,26147,1
2380,2380,77.636008,26158,1
2381,2381,77.647147,26169,1
2382,2382,77.658281,26180,1
2383,2383,77.669417,26191,1
2384,2384,77.680556,26202,1
2385,2385,77.691691,26213,1
2386,2386,77.702828,26224,1
2387,2387,77.713962,26235,1
2388,2388,77.725106,26246,1
2389,2389,77.736236,26257,1
2390,2390,77.747373,26268,1
2391,2391,77.758509,26279,1
2392,2392,77.769645,26290,1
2393,2393,77.780780,26301,1
2394,2394,77.791916,26312,1
2395,2395,77.803052,26323,1
2396,2396,77.814190,26334,1
2397,2397,77.825325,26345,1
2398,2398,77.836463,26356,1
2399,2399,77.847599,26367,1
2400,2400,77.858735,26378,1
2401,2401,77.869869,26389,1
2402,2402,77.881007,26400,1
2403,2403,77.892143,26411,1
2404,2404,77.903280,26422,1
2405,2405,77.914414,26433,1
2406,2406,77.925551,26444,1
2407,2407,77.936689,26455,1
2408,2408,77.947824,26466,1
2409,2409,77.958961,26477,1
2410,2410,77.970105,26488,1
2411,2411,77.981234,26499,1
2412,2412,77.992369,26510,1
2413,2413,78.003506,26521,1
2414,2414,78.014643,26532,1
2415,2415,78.025778,26543,1
2416,2416,78.036913,26554,1
2417,2417,78.048049,26565,1
2418,2418,78.059188,26576,1
2419,2419,78.070322,26587,1
2420,2420,78.081458,26598,1
2421,2421,78.092596,26609,1
2422,2422,78.103732,26620,1
2423,2423,78.114868,26631,1
2424,2424,78.126005,26642,1
2425,2425,78.137139,26653,1
2426,2426,78.148277,26664,1
2427,2427,78.159412,26675,1
2428,2428,78.170550,26686,1
2429,2429,78.181686,26697,1
2430,2430,78.192822,26708,1
2431,2431,78.203959,26719,1
2432,2432,78.215108,26730,1
2433,2433,78.226230,26741,1
2434,2434,78.237367,26752,1
2435,2435,78.248504,26763,1
2436,2436,78.259638,26774,1
2437,2437,78.270774,26785,1
2438,2438,78.281910,26796,1
2439,2439,78.293048,26807,1
2440,2440,78.304184,26818,1
2441,2441,78.315320,26829,1
2442,2442,78.326457,26840,1
2443,2443,78.337593,26851,1
2444,2444,78.348727,26862,1
2445,2445,78.359864,26873,1
2446,2446,78.371001,26884,1
2447,2447,78.382136,26895,1
2448,2448,78.393272,26906,1
2449,2449,78.404411,26917,1
2450,2450,78.415547,26928,1
2451,2451,78.426682,26939,1
2452,2452,78.437820,26950,1
2453,2453,78.448956,26961,1
2454,2454,78.460101,26972,1
2455,2455,78.471226,26983,1
2456,2456,78.482364,26994,1
2457,2457,78.493500,27005,1
2458,2458,78.504637,27016,1
2459,2459,78.515772,27027,1
2460,2460,78.526909,27038,1
2461,2461,78.538046,27049,1
2462,2462,78.549181,27060,1
2463,2463,78.560317,27071,1
2464,2464,78.571454,27082,1
2465,2465,78.582590,27093,1
2466,2466,78.593725,27104,1
2467,2467,78.604863,27115,1
2468,2468,78.615997,27126,1
2469,2469,78.627135,27137,1
2470,2470,78.638271,27148,1
2471,2471,78.649407,27159,1
2472,2472,78.660543,27170,1
2473,2473,78.671680,27181,1
2474,2474,78.682816,27192,1
2475,2475,78.693951,27203,1
2476,2476,78.705089,27214,1
2477,2477,78.716223,27225,1
2478,2478,78.727360,27236,1
2479,2479,78.738497,27247,1
2480,2480,78.749632,27258,1
2481,2481,78.760769,27269,1
2482,2482,78.771907,27280,1
2483,2483,78.783041,27291,1
2484,2484,78.794177,27302,1
2485,2485,78.805313,27313,1
2486,2486,78.816450,27324,1
2487,2487,78.827587,27335,1
2488,2488,78.838723,27346,1
2489,2489,78.849858,27357,1
2490,2490,78.860994,27368,1
2491,2491,78.872131,27379,1
2492,2492,78.882254,27389,1
2493,2493,78.893392,27400,1
2494,2494,78.904529,27411,1
2495,2495,78.915665,27422,1
2496,2496,78.926801,27433,1
2497,2497,78.937937,27444,1
2498,2498,78.949074,27455,1
2499,2499,78.960210,27466,1
2500,2500,78.971344,27477,1
2501,2501,78.982482,27488,1
2502,2502,78.993619,27499,1
2503,2503,79.004753,27510,1
2504,2504,79.015890,27521,1
2505,2505,79.027027,27532,1
2506,2506,79.038162,27543,1
2507,2507,79.049299,27554,1
2508,2508,79.060434,27565,1
2509,2509,79.071573,27576,1
2510,2510,79.082708,27587,1
2511,2511,79.093845,27598,1
2512,2512,79.104980,27609,1
2513,2513,79.116115,27620,1
2514,2514,79.127254,27631,1
2515,2515,79.138387,27642,1
2516,2516,79.149524,27653,1
2517,2517,79.160660,27664,1
2518,2518,79.171796,27675,1
2519,2519,79.182935,27686,1
2520,2520,79.194069,27697,1
2521,2521,79.205206,27708,1
2522,2522,79.216342,27719,1
2523,2523,79.227480,27730,1
2524,2524,79.238616,27741,1
2525,2525,79.249750,27752,1
2526,2526,79.260887,27763,1
2527,2527,79.272022,27774,1
2528,2528,79.283159,27785,1
2529,2529,79.294297,27796,1
2530,2530,79.305431,27807,1
2531,2531,79.316568,27818,1
2532,2532,79.327704,27829,1
2533,2533,79.338841,27840,1
2534,2534,79.349978,27851,1
2535,2535,79.361114,27862,1
2536,2536,79.372251,27873,1
2537,2537,79.383386,27884,1
2538,2538,79.394522,27895,1
2539,2539,79.405657,27906,1
2540,2540,79.416795,27917,1
2541,2541,79.427930,27928,1
2542,2542,79.439066,27939,1
2543,2543,79.450202,27950,1
2544,2544,79.461340,27961,1
2545,2545,79.472477,27972,1
2546,2546,79.483612,27983,1
2547,2547,79.494749,27994,1
2548,2548,79.505885,28005,1
2549,2549,79.517020,28016,1
2550,2550,79.528158,28027,1
2551,2551,79.539293,28038,1
2552,2552,79.550428,28049,1
2553,2553,79.561567,28060,1
2554,2554,79.572703,28071,1
2555,2555,79.583839,28082,1
2556,2556,79.594975,28093,1
2557,2557,79.606111,28104,1
2558,2558,79.617248,28115,1
2559,2559,79.628382,28126,1
2560,2560,79.639518,28137,1
2561,2561,79.650657,28148,1
2562,2562,79.661793,28159,1
2563,2563,79.672929,28170,1
2564,2564,79.684064,28181,1
2565,2565,79.695199,28192,1
2566,2566,79.706337,28203,1
2567,2567,79.717472,28214,1
2568,2568,79.728609,28225,1
2569,2569,79.739746,28236,1
2570,2570,79.750881,28247,1
2571,2571,79.762017,28258,1
2572,2572,79.773153,28269,1
2573,2573,79.784289,28280,1
2574,2574,79.795425,28291,1
2575,2575,79.806562,28302,1
2576,2576,79.817700,28313,1
2577,2577,79.828834,28324,1
2578,2578,79.839972,28335,1
2579,2579,79.851111,28346,1
2580,2580,79.862243,28357,1
2581,2581,79.873380,28368,1
2582,2582,79.884517,28379,1
2583,2583,79.895652,28390,1
2584,2584,79.906788,28401,1
2585,2585,79.917924,28412,1
2586,2586,79.929060,28423,1
2587,2587,79.940197,28434,1
2588,2588,79.951333,28445,1
2589,2589,79.962470,28456,1
2590,2590,79.973606,28467,1
2591,2591,79.984744,28478,1
2592,2592,79.995880,28489,1
2593,2593,80.007014,28500,1
2594,2594,80.018151,28511,1
2595,2595,80.029288,28522,1
2596,2596,80.040423,28533,1
2597,2597,80.051561,28544,1
2598,2598,80.062696,28555,1
2599,2599,80.073833,28566,1
2600,2600,80.084967,28577,1
2601,2601,80.096105,28588,1
2602,2602,80.107240,28599,1
2603,2603,80.118376,28610,1
2604,2604,80.129514,28621,1
2605,2605,80.140651,28632,1
2606,2606,80.151787,28643,1
2607,2607,80.162921,28654,1
2608,2608,80.174059,28665,1
2609,2609,80.185195,28676,1
2610,2610,80.196332,28687,1
2611,2611,80.207467,28698,1
2612,2612,80.217591,28708,1
2613,2613,80.228726,28719,1
2614,2614,80.239865,28730,1
2615,2615,80.251001,28741,1
2616,2616,80.262137,28752,1
2617,2617,80.273271,28763,1
2618,2618,80.284409,28774,1
2619,2619,80.295545,28785,1
2620,2620,80.306682,28796,1
2621,2621,80.317816,28807,1
2622,2622,80.328954,28818,1
2623,2623,80.340088,28829,1
2624,2624,80.351227,28840,1
2625,2625,80.362363,28851,1
2626,2626,80.373499,28862,1
2627,2627,80.384635,28873,1
2628,2628,80.395771,28884,1
2629,2629,80.406906,28895,1
2630,2630,80.418043,28906,1
2631,2631,80.429179,28917,1
2632,2632,80.440317,28928,1
2633,2633,80.451453,28939,1
2634,2634,80.462588,28950,1
2635,2635,80.473723,28961,1
2636,2636,80.484859,28972,1
2637,2637,80.495998,28983,1
2638,2638,80.507134,28994,1
2639,2639,80.518268,29005,1
2640,2640,80.529406,29016,1
2641,2641,80.540542,29027,1
2642,2642,80.551679,29038,1
2643,2643,80.562814,29049,1
2644,2644,80.573951,29060,1
2645,2645,80.585085,29071,1
2646,2646,80.596224,29082,1
2647,2647,80.607359,29093,1
2648,2648,80.618496,29104,1
2649,2649,80.629633,29115,1
2650,2650,80.640769,29126,1
2651,2651,80.651905,29137,1
2652,2652,80.663041,29148,1
2653,2653,80.674176,29159,1
2654,2654,80.685313,29170,1
2655,2655,80.696450,29181,1
2656,2656,80.707586,29192,1
2657,2657,80.718722,29202,1
2658,2658,80.729859,29213,1
2659,2659,80.740993,29224,1
2660,2660,80.752129,29235,1
2661,2661,80.763267,29246,1
2662,2662,80.774404,29257,1
2663,2663,80.785539,29268,1
2664,2664,80.796675,29279,1
2665,2665,80.807813,29290,1
2666,2666,80.818949,29301,1
2667,2667,80.830084,29312,1
2668,2668,80.841220,29323,1
2669,2669,80.852356,29334,1
2670,2670,80.863493,29345,1
2671,2671,80.874628,29356,1
2672,2672,80.885764,29367,1
2673,2673,80.896902,29378,1
2674,2674,80.908038,29389,1
2675,2675,80.919174,29400,1
2676,2676,80.930311,29411,1
2677,2677,80.941446,29422,1
2678,2678,80.952583,29433,1
2679,2679,80.963720,29444,1
2680,2680,80.974854,29455,1
2681,2681,80.985992,29466,1
2682,2682,80.997126,29477,1
2683,2683,81.008263,29488,1
2684,2684,81.019401,29499,1
2685,2685,81.030536,29510,1
2686,2686,81.041673,29521,1
2687,2687,81.052809,29532,1
2688,2688,81.063944,29543,1
2689,2689,81.075079,29554,1
2690,2690,81.086217,29565,1
2691,2691,81.097353,29576,1
2692,2692,81.108488,29587,1
2693,2693,81.119625,29598,1
2694,2694,81.130761,29609,1
2695,2695,81.141899,29620,1
2696,2696,81.153034,29631,1
2697,2697,81.164172,29642,1
2698,2698,81.175308,29653,1
2699,2699,81.186442,29664,1
2700,2700,81.197580,29675,1
2701,2701,81.208717,29686,1
2702,2702,81.219853,29697,1
2703,2703,81.230988,29708,1
2704,2704,81.242125,29719,1
2705,2705,81.253262,29730,1
2706,2706,81.264397,29741,1
2707,2707,81.275533,29752,1
2708,2708,81.286670,29763,1
2709,2709,81.297806,29774,1
2710,2710,81.308942,29785,1
2711,2711,81.320078,29796,1
2712,2712,81.331213,29807,1
2713,2713,81.342352,29818,1
2714,2714,81.353487,29829,1
2715,2715,81.364622,29840,1
2716,2716,81.375760,29851,1
2717,2717,81.386896,29862,1
2718,2718,81.398033,29873,1
2719,2719,81.409169,29884,1
2720,2720,81.420303,29895,1
2721,2721,81.431441,29906,1
2722,2722,81.442576,29917,1
2723,2723,81.453712,29928,1
2724,2724,81.464848,29939,1
2725,2725,81.475984,29950,1
2726,2726,81.487123,29961,1
2727,2727,81.498257,29972,1
2728,2728,81.509395,29983,1
2729,2729,81.520531,29994,1
2730,2730,81.531667,30005,1
2731,2731,81.542801,30016,1
2732,2732,81.552928,30026,1
2733,2733,81.564062,30037,1
2734,2734,81.575198,30048,1
2735,2735,81.586337,30059,1
2736,2736,81.597472,30070,1
2737,2737,81.608606,30081,1
2738,2738,81.619744,30092,1
2739,2739,81.630879,30103,1
2740,2740,81.642017,30114,1
2741,2741,81.653153,30125,1
2742,2742,81.664290,30136,1
2743,2743,81.675426,30147,1
2744,2744,81.686562,30158,1
2745,2745,81.697696,30169,1
2746,2746,81.708835,30180,1
2747,2747,81.719971,30191,1
2748,2748,81.731106,30202,1
2749,2749,81.742242,30213,1
2750,2750,81.753380,30224,1
2751,2751,81.764516,30235,1
2752,2752,81.775650,30246,1
2753,2753,81.786786,30257,1
2754,2754,81.797924,30268,1
2755,2755,81.809059,30279,1
2756,2756,81.820196,30290,1
2757,2757,81.831332,30301,1
2758,2758,81.842468,30312,1
2759,2759,81.853604,30323,1
2760,2760,81.864740,30334,1
2761,2761,81.875878,30345,1
2762,2762,81.887015,30356,1
2763,2763,81.898149,30367,1
2764,2764,81.909286,30378,1
2765,2765,81.920422,30389,1
2766,2766,81.931558,30400,1
2767,2767,81.942696,30411,1
2768,2768,81.953832,30422,1
2769,2769,81.964968,30433,1
2770,2770,81.976111,30444,1
2771,2771,81.987239,30455,1
2772,2772,81.998377,30466,1
2773,2773,82.009512,30477,1
2774,2774,82.020647,30488,1
2775,2775,82.031786,30499,1
2776,2776,82.042920,30510,1
2777,2777,82.054057,30521,1
2778,2778,82.065194,30532,1
2779,2779,82.076330,30543,1
2780,2780,82.087465,30554,1
2781,2781,82.098601,30565,1
2782,2782,82.109739,30576,1
2783,2783,82.120875,30587,1
2784,2784,82.132009,30598,1
2785,2785,82.143146,30609,1
2786,2786,82.154282,30620,1
2787,2787,82.165418,30631,1
2788,2788,82.176554,30642,1
2789,2789,82.187691,30653,1
2790,2790,82.198828,30664,1
2791,2791,82.209964,30675,1
2792,2792,82.221105,30686,1
2793,2793,82.232237,30697,1
2794,2794,82.243373,30708,1
2795,2795,82.254508,30719,1
2796,2796,82.265645,30730,1
2797,2797,82.276781,30741,1
2798,2798,82.287919,30752,1
2799,2799,82.299054,30763,1
2800,2800,82.310191,30774,1
2801,2801,82.321326,30785,1
2802,2802,82.332461,30796,1
2803,2803,82.343598,30807,1
2804,2804,82.354735,30818,1
2805,2805,82.365873,30829,1
2806,2806,82.377007,30840,1
2807,2807,82.388144,30851,1
2808,2808,82.399281,30862,1
2809,2809,82.410415,30873,1
2810,2810,82.421552,30884,1
2811,2811,82.432688,30895,1
2812,2812,82.443826,30906,1
2813,2813,82.454962,30917,1
2814,2814,82.466104,30928,1
2815,2815,82.477234,30939,1
2816,2816,82.488369,30950,1
2817,2817,82.499507,30961,1
2818,2818,82.510643,30972,1
2819,2819,82.521779,30983,1
2820,2820,82.532914,30994,1
2821,2821,82.544050,31005,1
2822,2822,82.555189,31016,1
2823,2823,82.566323,31027,1
2824,2824,82.577460,31038,1
2825,2825,82.588597,31049,1
2826,2826,82.599733,31060,1
2827,2827,82.610868,31071,1
2828,2828,82.622006,31082,1
2829,2829,82.633141,31093,1
2830,2830,82.644277,31104,1
2831,2831,82.655415,31115,1
2832,2832,82.666550,31126,1
2833,2833,82.677686,31137,1
2834,2834,82.688821,31148,1
2835,2835,82.699960,31159,1
2836,2836,82.711108,31170,1
2837,2837,82.722232,31181,1
2838,2838,82.733368,31192,1
2839,2839,82.744504,31203,1
2840,2840,82.755641,31214,1
2841,2841,82.766775,31225,1
2842,2842,82.777912,31236,1
2843,2843,82.789049,31247,1
2844,2844,82.800186,31258,1
2845,2845,82.811322,31269,1
2846,2846,82.822457,31280,1
2847,2847,82.833594,31291,1
2848,2848,82.844731,31302,1
2849,2849,82.855865,31313,1
2850,2850,82.867001,31324,1
2851,2851,82.878138,31335,1
2852,2852,82.888261,31345,1
2853,2853,82.899398,31356,1
2854,2854,82.910535,31367,1
2855,2855,82.921671,31378,1
2856,2856,82.932808,31389,1
2857,2857,82.943944,31400,1
2858,2858,82.955079,31411,1
2859,2859,82.966214,31422,1
2860,2860,82.977353,31433,1
2861,2861,82.988489,31444,1
2862,2862,82.999625,31455,1
2863,2863,83.010760,31466,1
2864,2864,83.021896,31477,1
2865,2865,83.033033,31488,1
2866,2866,83.044169,31499,1
2867,2867,83.055307,31510,1
2868,2868,83.066442,31521,1
2869,2869,83.077577,31532,1
2870,2870,83.088715,31543,1
2871,2871,83.099851,31554,1
2872,2872,83.110985,31565,1
2873,2873,83.122123,31576,1
2874,2874,83.133259,31587,1
2875,2875,83.144394,31598,1
2876,2876,83.155530,31609,1
2877,2877,83.166668,31620,1
2878,2878,83.177804,31631,1
2879,2879,83.188940,31642,1
2880,2880,83.200077,31653,1
2881,2881,83.211214,31664,1
2882,2882,83.222349,31675,1
2883,2883,83.233485,31686,1
2884,2884,83.244623,31697,1
2885,2885,83.255758,31708,1
2886,2886,83.266895,31719,1
2887,2887,83.278030,31730,1
2888,2888,83.289167,31741,1
2889,2889,83.300302,31752,1
2890,2890,83.311439,31763,1
2891,2891,83.322574,31774,1
2892,2892,83.333712,31785,1
2893,2893,83.344849,31796,1
2894,2894,83.355983,31807,1
2895,2895,83.367122,31818,1
2896,2896,83.378257,31829,1
2897,2897,83.389394,31840,1
2898,2898,83.400529,31851,1
2899,2899,83.411664,31862,1
2900,2900,83.422800,31873,1
2901,2901,83.433939,31884,1
2902,2902,83.445072,31895,1
2903,2903,83.456211,31906,1
2904,2904,83.467347,31917,1
2905,2905,83.478483,31928,1
2906,2906,83.489618,31939,1
2907,2907,83.500754,31950,1
2908,2908,83.511890,31961,1
2909,2909,83.523027,31972,1
2910,2910,83.534165,31983,1
2911,2911,83.545301,31994,1
2912,2912,83.556436,32005,1
2913,2913,83.567573,32016,1
2914,2914,83.578709,32027,1
2915,2915,83.589844,32038,1
2916,2916,83.600981,32049,1
2917,2917,83.612117,32060,1
2918,2918,83.623254,32071,1
2919,2919,83.634389,32082,1
2920,2920,83.645525,32093,1
2921,2921,83.656662,32104,1
2922,2922,83.667798,32115,1
2923,2923,83.678933,32126,1
2924,2924,83.690071,32137,1
2925,2925,83.701207,32148,1
2926,2926,83.712342,32159,1
2927,2927,83.723479,32170,1
2928,2928,83.734615,32181,1
2929,2929,83.745753,32192,1
2930,2930,83.756888,32203,1
2931,2931,83.768026,32214,1
2932,2932,83.779160,32225,1
2933,2933,83.790296,32236,1
2934,2934,83.801433,32247,1
2935,2935,83.812570,32258,1
2936,2936,83.823707,32269,1
2937,2937,83.834841,32280,1
2938,2938,83.845979,32291,1
2939,2939,83.857115,32302,1
2940,2940,83.868252,32313,1
2941,2941,83.879386,32324,1
2942,2942,83.890524,32335,1
2943,2943,83.901659,32346,1
2944,2944,83.912796,32357,1
2945,2945,83.923933,32368,1
2946,2946,83.935069,32379,1
2947,2947,83.946203,32390,1
2948,2948,83.957341,32401,1
2949,2949,83.968475,32412,1
2950,2950,83.979612,32423,1
2951,2951,83.990748,32434,1
2952,2952,84.001886,32445,1
2953,2953,84.013023,32456,1
2954,2954,84.024159,32467,1
2955,2955,84.035293,32478,1
2956,2956,84.046429,32489,1
2957,2957,84.057566,32500,1
2958,2958,84.068704,32511,1
2959,2959,84.079838,32522,1
2960,2960,84.090976,32533,1
2961,2961,84.102110,32544,1
2962,2962,84.113247,32555,1
2963,2963,84.124383,32566,1
2964,2964,84.135520,32577,1
2965,2965,84.146656,32588,1
2966,2966,84.157792,32599,1
2967,2967,84.168929,32610,1
2968,2968,84.180065,32621,1
2969,2969,84.191202,32632,1
2970,2970,84.202336,32643,1
2971,2971,84.213475,32654,1
2972,2972,84.223598,32664,1
2973,2973,84.234733,32675,1
2974,2974,84.245871,32686,1
2975,2975,84.257005,32697,1
2976,2976,84.268143,32708,1
2977,2977,84.279279,32719,1
2978,2978,84.290416,32730,1
2979,2979,84.301550,32741,1
2980,2980,84.312686,32752,1
2981,2981,84.323823,32763,1
2982,2982,84.334961,32774,1
2983,2983,84.346104,32785,1
2984,2984,84.357233,32796,1
2985,2985,84.368368,32807,1
2986,2986,84.379504,32818,1
2987,2987,84.390640,32829,1
2988,2988,84.401778,32840,1
2989,2989,84.412915,32851,1
2990,2990,84.424050,32862,1
2991,2991,84.435187,32873,1
2992,2992,84.446322,32884,1
2993,2993,84.457457,32895,1
2994,2994,84.468593,32906,1
2995,2995,84.479730,32917,1
2996,2996,84.490868,32928,1
2997,2997,84.502005,32939,1
2998,2998,84.513138,32950,1
2999,2999,84.524277,32961,1
3000,3000,84.535411,32972,1
3001,3001,84.546549,32983,1
3002,3002,84.557686,32994,1
3003,3003,84.568821,33005,1
3004,3004,84.579956,33016,1
3005,3005,84.591103,33027,1
3006,3006,84.602231,33038,1
3007,3007,84.613366,33049,1
3008,3008,84.624503,33060,1
3009,3009,84.635637,33071,1
3010,3010,84.646775,33082,1
3011,3011,84.657912,33093,1
3012,3012,84.669046,33104,1
3013,3013,84.680182,33115,1
3014,3014,84.691320,33126,1
3015,3015,84.702455,33137,1
3016,3016,84.713590,33148,1
3017,3017,84.724728,33159,1
3018,3018,84.735863,33170,1
3019,3019,84.747002,33181,1
3020,3020,84.758137,33192,1
3021,3021,84.769272,33203,1
3022,3022,84.780409,33214,1
3023,3023,84.791544,33225,1
3024,3024,84.802683,33236,1
3025,3025,84.813817,33247,1
3026,3026,84.824955,33258,1
3027,3027,84.836102,33269,1
3028,3028,84.847227,33280,1
3029,3029,84.858363,33291,1
3030,3030,84.869500,33302,1
3031,3031,84.880635,33313,1
3032,3032,84.891771,33324,1
3033,3033,84.902908,33335,1
3034,3034,84.914043,33346,1
3035,3035,84.925180,33357,1
3036,3036,84.936315,33368,1
3037,3037,84.947454,33379,1
3038,3038,84.958588,33390,1
3039,3039,84.969726,33401,1
3040,3040,84.980862,33412,1
3041,3041,84.991996,33423,1
3042,3042,85.003133,33434,1
3043,3043,85.014269,33445,1
3044,3044,85.025406,33456,1
3045,3045,85.036542,33467,1
3046,3046,85.047678,33478,1
3047,3047,85.058814,33489,1
3048,3048,85.069952,33500,1
3049,3049,85.081088,33511,1
3050,3050,85.092225,33522,1
3051,3051,85.103361,33533,1
3052,3052,85.114496,33544,1
3053,3053,85.125633,33555,1
3054,3054,85.136770,33566,1
3055,3055,85.147906,33577,1
3056,3056,85.159042,33588,1
3057,3057,85.170178,33599,1
3058,3058,85.181312,33610,1
3059,3059,85.192451,33621,1
3060,3060,85.203585,33632,1
3061,3061,85.214723,33643,1
3062,3062,85.225859,33654,1
3063,3063,85.236994,33665,1
3064,3064,85.248130,33676,1
3065,3065,85.259266,33687,1
3066,3066,85.270404,33698,1
3067,3067,85.281539,33709,1
3068,3068,85.292677,33720,1
3069,3069,85.303811,33731,1
3070,3070,85.314949,33742,1
3071,3071,85.326084,33753,1
3072,3072,85.337220,33764,1
3073,3073,85.348357,33775,1
3074,3074,85.359494,33786,1
3075,3075,85.370629,33797,1
3076,3076,85.381767,33808,1
3077,3077,85.392902,33819,1
3078,3078,85.404039,33830,1
3079,3079,85.415173,33841,1
3080,3080,85.426310,33852,1
3081,3081,85.437447,33863,1
3082,3082,85.448584,33874,1
3083,3083,85.459720,33885,1
3084,3084,85.470857,33896,1
3085,3085,85.481993,33907,1
3086,3086,85.493128,33918,1
3087,3087,85.504264,33929,1
3088,3088,85.515402,33940,1
3089,3089,85.526536,33951,1
3090,3090,85.537672,33962,1
3091,3091,85.547797,33972,1
3092,3092,85.558933,33983,1
3093,3093,85.570069,33994,1
3094,3094,85.581206,34005,1
3095,3095,85.592341,34016,1
3096,3096,85.603478,34027,1
3097,3097,85.614614,34038,1
3098,3098,85.625751,34049,1
3099,3099,85.636885,34060,1
3100,3100,85.648023,34071,1
3101,3101,85.659158,34082,1
3102,3102,85.670296,34093,1
3103,3103,85.681433,34104,1
3104,3104,85.692567,34115,1
3105,3105,85.703704,34126,1
3106,3106,85.714841,34137,1
3107,3107,85.725976,34148,1
3108,3108,85.737113,34159,1
3109,3109,85.748249,34170,1
3110,3110,85.759384,34181,1
3111,3111,85.770522,34192,1
3112,3112,85.781659,34203,1
3113,3113,85.792793,34214,1
3114,3114,85.803931,34225,1
3115,3115,85.815068,34236,1
3116,3116,85.826204,34247,1
3117,3117,85.837337,34258,1
3118,3118,85.848476,34269,1
3119,3119,85.859610,34280,1
3120,3120,85.870749,34291,1
3121,3121,85.881885,34302,1
3122,3122,85.893021,34313,1
3123,3123,85.904157,34324,1
3124,3124,85.915293,34335,1
3125,3125,85.926429,34346,1
3126,3126,85.937566,34357,1
3127,3127,85.948700,34368,1
3128,3128,85.959839,34379,1
3129,3129,85.970973,34390,1
3130,3130,85.982111,34401,1
3131,3131,85.993245,34412,1
3132,3132,86.004382,34423,1
3133,3133,86.015520,34434,1
3134,3134,86.026654,34445,1
3135,3135,86.037790,34456,1
3136,3136,86.048928,34467,1
3137,3137,86.060064,34478,1
3138,3138,86.071200,34489,1
3139,3139,86.082337,34500,1
3140,3140,86.093472,34511,1
3141,3141,86.104608,34522,1
3142,3142,86.115746,34533,1
3143,3143,86.126882,34544,1
3144,3144,86.138016,34555,1
3145,3145,86.149154,34566,1
3146,3146,86.160290,34577,1
3147,3147,86.171427,34588,1
3148,3148,86.182563,34599,1
3149,3149,86.193698,34610,1
3150,3150,86.204836,34621,1
3151,3151,86.215972,34632,1
3152,3152,86.227108,34643,1
3153,3153,86.238244,34654,1
3154,3154,86.249380,34665,1
3155,3155,86.260517,34676,1
3156,3156,86.271652,34687,1
3157,3157,86.282789,34698,1
3158,3158,86.293925,34709,1
3159,3159,86.305061,34720,1
3160,3160,86.316198,34731,1
3161,3161,86.327334,34742,1
3162,3162,86.338470,34753,1
3163,3163,86.349607,34764,1
3164,3164,86.360741,34775,1
3165,3165,86.371878,34786,1
3166,3166,86.383015,34797,1
3167,3167,86.394149,34808,1
3168,3168,86.405286,34819,1
3169,3169,86.416423,34830,1
3170,3170,86.427560,34841,1
3171,3171,86.438697,34852,1
3172,3172,86.449833,34863,1
3173,3173,86.460967,34874,1
3174,3174,86.472105,34885,1
3175,3175,86.483241,34896,1
3176,3176,86.494378,34907,1
3177,3177,86.505512,34918,1
3178,3178,86.516648,34929,1
3179,3179,86.527786,34940,1
3180,3180,86.538921,34951,1
3181,3181,86.550058,34962,1
3182,3182,86.561195,34973,1
3183,3183,86.572329,34984,1
3184,3184,86.583465,34995,1
3185,3185,86.594602,35006,1
3186,3186,86.605738,35017,1
3187,3187,86.616875,35028,1
3188,3188,86.628012,35039,1
3189,3189,86.639147,35050,1
3190,3190,86.650283,35061,1
3191,3191,86.661419,35072,1
3192,3192,86.672558,35083,1
3193,3193,86.683692,35094,1
3194,3194,86.694830,35105,1
3195,3195,86.705964,35116,1
3196,3196,86.717106,35127,1
3197,3197,86.728239,35138,1
3198,3198,86.739375,35149,1
3199,3199,86.750511,35160,1
3200,3200,86.761646,35171,1
3201,3201,86.772783,35182,1
3202,3202,86.783918,35193,1
3203,3203,86.795054,35204,1
3204,3204,86.806191,35215,1
3205,3205,86.817327,35226,1
3206,3206,86.828465,35237,1
3207,3207,86.839599,35248,1
3208,3208,86.850735,35259,1
3209,3209,86.861871,35270,1
3210,3210,86.873008,35281,1
3211,3211,86.883132,35291,1
3212,3212,86.894267,35302,1
3213,3213,86.905406,35313,1
3214,3214,86.916541,35324,1
3215,3215,86.927678,35335,1
3216,3216,86.938814,35346,1
3217,3217,86.949949,35357,1
3218,3218,86.961087,35368,1
3219,3219,86.972221,35379,1
3220,3220,86.983357,35390,1
3221,3221,86.994493,35401,1
3222,3222,87.005632,35412,1
3223,3223,87.016766,35423,1
3224,3224,87.027904,35434,1
3225,3225,87.039040,35445,1
3226,3226,87.050175,35456,1
3227,3227,87.061311,35467,1
3228,3228,87.072447,35478,1
3229,3229,87.083584,35489,1
3230,3230,87.094720,35500,1
3231,3231,87.105857,35511,1
3232,3232,87.116994,35522,1
3233,3233,87.128130,35533,1
3234,3234,87.139267,35544,1
3235,3235,87.150401,35555,1
3236,3236,87.161538,35566,1
3237,3237,87.172676,35577,1
3238,3238,87.183811,35588,1
3239,3239,87.194948,35599,1
3240,3240,87.206083,35610,1
3241,3241,87.217219,35621,1
3242,3242,87.228355,35632,1
3243,3243,87.239492,35643,1
3244,3244,87.250627,35654,1
3245,3245,87.261765,35665,1
3246,3246,87.272900,35676,1
3247,3247,87.284038,35687,1
3248,3248,87.295173,35698,1
3249,3249,87.306310,35709,1
3250,3250,87.317447,35720,1
3251,3251,87.328581,35731,1
3252,3252,87.339719,35742,1
3253,3253,87.350854,35753,1
3254,3254,87.361990,35764,1
3255,3255,87.373126,35775,1
3256,3256,87.384263,35786,1
3257,3257,87.395399,35797,1
3258,3258,87.406536,35808,1
3259,3259,87.417671,35819,1
3260,3260,87.428809,35830,1
3261,3261,87.439945,35841,1
3262,3262,87.451079,35852,1
3263,3263,87.462217,35863,1
3264,3264,87.473353,35874,1
3265,3265,87.484490,35885,1
3266,3266,87.495624,35896,1
3267,3267,87.506762,35907,1
3268,3268,87.517899,35918,1
3269,3269,87.529035,35929,1
3270,3270,87.540170,35940,1
3271,3271,87.551307,35951,1
3272,3272,87.562442,35962,1
3273,3273,87.573577,35973,1
3274,3274,87.584714,35984,1
3275,3275,87.595852,35995,1
3276,3276,87.606986,36006,1
3277,3277,87.618123,36017,1
3278,3278,87.629259,36028,1
3279,3279,87.640396,36039,1
3280,3280,87.651532,36050,1
3281,3281,87.662668,36061,1
3282,3282,87.673804,36072,1
3283,3283,87.684940,36083,1
3284,3284,87.696077,36094,1
3285,3285,87.707214,36105,1
3286,3286,87.718351,36116,1
3287,3287,87.729486,36127,1
3288,3288,87.740623,36138,1
3289,3289,87.751759,36149,1
3290,3290,87.762895,36160,1
3291,3291,87.774032,36171,1
3292,3292,87.785167,36182,1
3293,3293,87.796302,36193,1
3294,3294,87.807441,36204,1
3295,3295,87.818575,36215,1
3296,3296,87.829712,36226,1
3297,3297,87.840849,36237,1
3298,3298,87.851984,36248,1
3299,3299,87.863122,36259,1
3300,3300,87.874257,36270,1
3301,3301,87.885394,36281,1
3302,3302,87.896528,36292,1
3303,3303,87.907666,36303,1
3304,3304,87.918802,36314,1
3305,3305,87.929938,36325,1
3306,3306,87.941075,36336,1
3307,3307,87.952211,36347,1
3308,3308,87.963346,36358,1
3309,3309,87.974484,36369,1
3310,3310,87.985620,36380,1
3311,3311,87.996757,36391,1
3312,3312,88.007891,36402,1
3313,3313,88.019029,36413,1
3314,3314,88.030165,36424,1
3315,3315,88.041299,36435,1
3316,3316,88.052438,36446,1
3317,3317,88.063572,36457,1
3318,3318,88.074708,36468,1
3319,3319,88.085846,36479,1
3320,3320,88.096981,36490,1
3321,3321,88.108119,36501,1
3322,3322,88.119253,36512,1
3323,3323,88.130391,36523,1
3324,3324,88.141525,36534,1
3325,3325,88.152662,36545,1
3326,3326,88.163799,36556,1
3327,3327,88.174935,36567,1
3328,3328,88.186072,36578,1
3329,3329,88.197206,36589,1
3330,3330,88.208345,36600,1
3331,3331,88.218466,36610,1
3332,3332,88.229603,36621,1
3333,3333,88.240741,36632,1
3334,3334,88.251877,36643,1
3335,3335,88.263014,36654,1
3336,3336,88.274148,36665,1
3337,3337,88.285286,36676,1
3338,3338,88.296422,36687,1
3339,3339,88.307558,36698,1
3340,3340,88.318695,36709,1
3341,3341,88.329830,36720,1
3342,3342,88.340966,36731,1
3343,3343,88.352105,36742,1
3344,3344,88.363240,36753,1
3345,3345,88.374376,36764,1
3346,3346,88.385512,36775,1
3347,3347,88.396647,36786,1
3348,3348,88.407784,36797,1
3349,3349,88.418919,36808,1
3350,3350,88.430057,36819,1
3351,3351,88.441193,36830,1
3352,3352,88.452330,36841,1
3353,3353,88.463465,36852,1
3354,3354,88.474600,36863,1
3355,3355,88.485736,36874,1
3356,3356,88.496872,36885,1
3357,3357,88.508009,36896,1
3358,3358,88.519146,36907,1
3359,3359,88.530282,36918,1
3360,3360,88.541417,36929,1
3361,3361,88.552556,36940,1
3362,3362,88.563690,36951,1
3363,3363,88.574827,36962,1
3364,3364,88.585964,36973,1
3365,3365,88.597105,36984,1
3366,3366,88.608235,36995,1
3367,3367,88.619373,37006,1
3368,3368,88.630509,37017,1
3369,3369,88.641645,37028,1
3370,3370,88.652780,37039,1
3371,3371,88.663917,37050,1
3372,3372,88.675052,37061,1
3373,3373,88.686190,37072,1
3374,3374,88.697324,37083,1
3375,3375,88.708463,37094,1
3376,3376,88.719599,37105,1
3377,3377,88.730733,37116,1
3378,3378,88.741870,37127,1
3379,3379,88.753007,37138,1
3380,3380,88.764143,37149,1
3381,3381,88.775278,37160,1
3382,3382,88.786416,37171,1
3383,3383,88.797553,37182,1
3384,3384,88.808688,37193,1
3385,3385,88.819825,37204,1
3386,3386,88.830962,37215,1
3387,3387,88.842109,37226,1
3388,3388,88.853233,37237,1
3389,3389,88.864368,37248,1
3390,3390,88.875506,37259,1
3391,3391,88.886640,37270,1
3392,3392,88.897779,37281,1
3393,3393,88.908913,37292,1
3394,3394,88.920051,37303,1
3395,3395,88.931185,37314,1
3396,3396,88.942324,37325,1
3397,3397,88.953460,37336,1
3398,3398,88.964597,37347,1
3399,3399,88.975733,37358,1
3400,3400,88.986867,37369,1
3401,3401,88.998003,37380,1
3402,3402,89.009141,37391,1
3403,3403,89.020276,37402,1
3404,3404,89.031412,37413,1
3405,3405,89.042550,37424,1
3406,3406,89.053684,37435,1
3407,3407,89.064822,37446,1
3408,3408,89.075957,37457,1
3409,3409,89.087102,37468,1
3410,3410,89.098229,37479,1
3411,3411,89.109367,37490,1
3412,3412,89.120503,37501,1
3413,3413,89.131638,37512,1
3414,3414,89.142774,37523,1
3415,3415,89.153912,37534,1
3416,3416,89.165049,37545,1
3417,3417,89.176182,37556,1
3418,3418,89.187321,37567,1
3419,3419,89.198456,37578,1
3420,3420,89.209591,37589,1
3421,3421,89.220728,37600,1
3422,3422,89.231865,37611,1
3423,3423,89.243000,37622,1
3424,3424,89.254137,37633,1
3425,3425,89.265274,37644,1
3426,3426,89.276410,37655,1
3427,3427,89.287547,37666,1
3428,3428,89.298683,37677,1
3429,3429,89.309818,37688,1
3430,3430,89.320953,37699,1
3431,3431,89.332101,37710,1
3432,3432,89.343227,37721,1
3433,3433,89.354364,37732,1
3434,3434,89.365498,37743,1
3435,3435,89.376635,37754,1
3436,3436,89.387771,37765,1
3437,3437,89.398908,37776,1
3438,3438,89.410046,37787,1
3439,3439,89.421182,37798,1
3440,3440,89.432317,37809,1
3441,3441,89.443454,37820,1
3442,3442,89.454591,37831,1
3443,3443,89.465726,37842,1
3444,3444,89.476863,37853,1
3445,3445,89.487998,37864,1
3446,3446,89.499135,37875,1
3447,3447,89.510272,37886,1
3448,3448,89.521406,37897,1
3449,3449,89.532543,37908,1
3450,3450,89.543680,37919,1
3451,3451,89.553803,37929,1
3452,3452,89.564941,37940,1
3453,3453,89.576076,37951,1
3454,3454,89.587212,37962,1
3455,3455,89.598349,37973,1
3456,3456,89.609483,37984,1
3457,3457,89.620621,37995,1
3458,3458,89.631756,38006,1
3459,3459,89.642892,38017,1
3460,3460,89.654028,38028,1
3461,3461,89.665166,38039,1
3462,3462,89.676303,38050,1
3463,3463,89.687437,38061,1
3464,3464,89.698575,38072,1
3465,3465,89.709711,38083,1
3466,3466,89.720848,38094,1
3467,3467,89.731984,38105,1
3468,3468,89.743118,38116,1
3469,3469,89.754256,38127,1
3470,3470,89.765392,38138,1
3471,3471,89.776527,38149,1
3472,3472,89.787663,38160,1
3473,3473,89.798800,38171,1
3474,3474,89.809937,38182,1
3475,3475,89.821074,38193,1
3476,3476,89.832208,38204,1
3477,3477,89.843344,38215,1
3478,3478,89.854482,38226,1
3479,3479,89.865619,38237,1
3480,3480,89.876754,38248,1
3481,3481,89.887891,38259,1
3482,3482,89.899025,38270,1
3483,3483,89.910163,38281,1
3484,3484,89.921298,38292,1
3485,3485,89.932434,38303,1
3486,3486,89.943572,38314,1
3487,3487,89.954707,38325,1
3488,3488,89.965844,38336,1
3489,3489,89.976981,38347,1
3490,3490,89.988115,38358,1
3491,3491,89.999252,38369,1
3492,3492,90.010387,38380,1
3493,3493,90.021524,38391,1
3494,3494,90.032662,38402,1
3495,3495,90.043798,38413,1
3496,3496,90.054935,38424,1
3497,3497,90.066070,38435,1
3498,3498,90.077206,38446,1
3499,3499,90.088343,38457,1
3500,3500,90.099479,38468,1
3501,3501,90.110614,38479,1
3502,3502,90.121752,38490,1
3503,3503,90.132886,38501,1
3504,3504,90.144022,38512,1
3505,3505,90.155160,38523,1
3506,3506,90.166297,38534,1
3507,3507,90.177431,38545,1
3508,3508,90.188568,38556,1
3509,3509,90.199706,38567,1
3510,3510,90.210842,38578,1
3511,3511,90.221976,38589,1
3512,3512,90.233113,38600,1
3513,3513,90.244249,38611,1
3514,3514,90.255385,38622,1
3515,3515,90.266522,38633,1
3516,3516,90.277659,38644,1
3517,3517,90.288793,38655,1
3518,3518,90.299931,38666,1
3519,3519,90.311066,38677,1
3520,3520,90.322202,38688,1
3521,3521,90.333340,38699,1
3522,3522,90.344477,38710,1
3523,3523,90.355613,38721,1
3524,3524,90.366749,38732,1
3525,3525,90.377885,38743,1
3526,3526,90.389022,38754,1
3527,3527,90.400158,38765,1
3528,3528,90.411294,38776,1
3529,3529,90.422430,38787,1
3530,3530,90.433566,38798,1
3531,3531,90.444701,38809,1
3532,3532,90.455839,38820,1
3533,3533,90.466973,38831,1
3534,3534,90.478112,38842,1
3535,3535,90.489247,38853,1
3536,3536,90.500384,38864,1
3537,3537,90.511519,38875,1
3538,3538,90.522656,38886,1
3539,3539,90.533791,38897,1
3540,3540,90.544928,38908,1
3541,3541,90.556064,38919,1
3542,3542,90.567201,38930,1
3543,3543,90.578336,38941,1
3544,3544,90.589474,38952,1
3545,3545,90.600608,38963,1
3546,3546,90.611744,38974,1
3547,3547,90.622883,38985,1
3548,3548,90.634019,38996,1
3549,3549,90.645154,39007,1
3550,3550,90.656290,39018,1
3551,3551,90.667427,39029,1
3552,3552,90.678564,39040,1
3553,3553,90.689700,39051,1
3554,3554,90.700834,39062,1
3555,3555,90.711972,39073,1
3556,3556,90.723106,39083,1
3557,3557,90.734243,39094,1
3558,3558,90.745379,39105,1
3559,3559,90.756515,39116,1
3560,3560,90.767652,39127,1
3561,3561,90.778789,39138,1
3562,3562,90.789926,39149,1
3563,3563,90.801060,39160,1
3564,3564,90.812198,39171,1
3565,3565,90.823334,39182,1
3566,3566,90.834469,39193,1
3567,3567,90.845607,39204,1
3568,3568,90.856743,39215,1
3569,3569,90.867877,39226,1
3570,3570,90.879014,39237,1
3571,3571,90.889139,39247,1
3572,3572,90.900274,39258,1
3573,3573,90.911412,39269,1
3574,3574,90.922546,39280,1
3575,3575,90.933684,39291,1
3576,3576,90.944820,39302,1
3577,3577,90.955955,39313,1
3578,3578,90.967102,39324,1
3579,3579,90.978229,39335,1
3580,3580,90.989366,39346,1
3581,3581,91.000501,39357,1
3582,3582,91.011636,39368,1
3583,3583,91.022774,39379,1
3584,3584,91.033909,39390,1
3585,3585,91.045045,39401,1
3586,3586,91.056183,39412,1
3587,3587,91.067319,39423,1
3588,3588,91.078455,39434,1
3589,3589,91.089590,39445,1
3590,3590,91.100728,39456,1
3591,3591,91.111862,39467,1
3592,3592,91.122998,39478,1
3593,3593,91.134137,39489,1
3594,3594,91.145272,39500,1
3595,3595,91.156408,39511,1
3596,3596,91.167544,39522,1
3597,3597,91.178680,39533,1
3598,3598,91.189817,39544,1
3599,3599,91.200954,39555,1
3600,3600,91.212088,39566,1
3601,3601,91.223227,39577,1
3602,3602,91.234362,39588,1
3603,3603,91.245498,39599,1
3604,3604,91.256635,39610,1
3605,3605,91.267770,39621,1
3606,3606,91.278907,39632,1
3607,3607,91.290044,39643,1
3608,3608,91.301178,39654,1
3609,3609,91.312316,39665,1
3610,3610,91.323450,39676,1
3611,3611,91.334587,39687,1
3612,3612,91.345723,39698,1
3613,3613,91.356861,39709,1
3614,3614,91.367998,39720,1
3615,3615,91.379133,39731,1
3616,3616,91.390268,39742,1
3617,3617,91.401406,39753,1
3618,3618,91.412542,39764,1
3619,3619,91.423676,39775,1
3620,3620,91.434815,39786,1
3621,3621,91.445950,39797,1
3622,3622,91.457085,39808,1
3623,3623,91.468224,39819,1
3624,3624,91.479359,39830,1
3625,3625,91.490495,39841,1
3626,3626,91.501630,39852,1
3627,3627,91.512769,39863,1
3628,3628,91.523903,39874,1
3629,3629,91.535039,39885,1
3630,3630,91.546177,39896,1
3631,3631,91.557312,39907,1
3632,3632,91.568448,39918,1
3633,3633,91.579586,39929,1
3634,3634,91.590720,39940,1
3635,3635,91.601857,39951,1
3636,3636,91.612994,39962,1
3637,3637,91.624129,39973,1
3638,3638,91.635265,39984,1
3639,3639,91.646403,39995,1
3640,3640,91.657538,40006,1
3641,3641,91.668674,40017,1
3642,3642,91.679811,40028,1
3643,3643,91.690948,40039,1
3644,3644,91.702084,40050,1
3645,3645,91.713220,40061,1
3646,3646,91.724356,40072,1
3647,3647,91.735493,40083,1
3648,3648,91.746629,40094,1
3649,3649,91.757764,40105,1
3650,3650,91.768902,40116,1
3651,3651,91.780037,40127,1
3652,3652,91.791174,40138,1
3653,3653,91.802308,40149,1
3654,3654,91.813445,40160,1
3655,3655,91.824583,40171,1
3656,3656,91.835719,40182,1
3657,3657,91.846854,40193,1
3658,3658,91.857990,40204,1
3659,3659,91.869127,40215,1
3660,3660,91.880264,40226,1
3661,3661,91.891400,40237,1
3662,3662,91.902537,40248,1
3663,3663,91.913671,40259,1
3664,3664,91.924808,40270,1
3665,3665,91.935945,40281,1
3666,3666,91.947080,40292,1
3667,3667,91.958218,40303,1
3668,3668,91.969353,40314,1
3669,3669,91.980490,40325,1
3670,3670,91.991627,40336,1
3671,3671,92.002761,40347,1
3672,3672,92.013899,40358,1
3673,3673,92.025034,40369,1
3674,3674,92.036172,40380,1
3675,3675,92.047308,40391,1
3676,3676,92.058443,40402,1
3677,3677,92.069579,40413,1
3678,3678,92.080716,40424,1
3679,3679,92.091851,40435,1
3680,3680,92.102989,40446,1
3681,3681,92.114123,40457,1
3682,3682,92.125261,40468,1
3683,3683,92.136398,40479,1
3684,3684,92.147534,40490,1
3685,3685,92.158668,40501,1
3686,3686,92.169806,40512,1
3687,3687,92.180943,40523,1
3688,3688,92.192079,40534,1
3689,3689,92.203214,40545,1
3690,3690,92.214350,40556,1
3691,3691,92.224474,40566,1
3692,3692,92.235611,40577,1
3693,3693,92.246746,40588,1
3694,3694,92.257881,40599,1
3695,3695,92.269018,40610,1
3696,3696,92.280156,40621,1
3697,3697,92.291292,40632,1
3698,3698,92.302426,40643,1
3699,3699,92.313563,40654,1
3700,3700,92.324699,40665,1
3701,3701,92.335837,40676,1
3702,3702,92.346974,40687,1
3703,3703,92.358110,40698,1
3704,3704,92.369245,40709,1
3705,3705,92.380381,40720,1
3706,3706,92.391516,40731,1
3707,3707,92.402655,40742,1
3708,3708,92.413791,40753,1
3709,3709,92.424927,40764,1
3710,3710,92.436061,40775,1
3711,3711,92.447200,40786,1
3712,3712,92.458335,40797,1
3713,3713,92.469471,40808,1
3714,3714,92.480606,40819,1
3715,3715,92.491743,40830,1
3716,3716,92.502879,40841,1
3717,3717,92.514016,40852,1
3718,3718,92.525152,40863,1
3719,3719,92.536289,40874,1
3720,3720,92.547426,40885,1
3721,3721,92.558561,40896,1
3722,3722,92.569696,40907,1
3723,3723,92.580834,40918,1
3724,3724,92.591969,40929,1
3725,3725,92.603106,40940,1
3726,3726,92.614242,40951,1
3727,3727,92.625379,40962,1
3728,3728,92.636513,40973,1
3729,3729,92.647650,40984,1
3730,3730,92.658786,40995,1
3731,3731,92.669924,41006,1
3732,3732,92.681060,41017,1
3733,3733,92.692196,41028,1
3734,3734,92.703332,41039,1
3735,3735,92.714467,41050,1
3736,3736,92.725605,41061,1
3737,3737,92.736739,41072,1
3738,3738,92.747876,41083,1
3739,3739,92.759013,41094,1
3740,3740,92.770150,41105,1
3741,3741,92.781286,41116,1
3742,3742,92.792423,41127,1
3743,3743,92.803559,41138,1
3744,3744,92.814695,41149,1
3745,3745,92.825830,41160,1
3746,3746,92.836966,41171,1
3747,3747,92.848107,41182,1
3748,3748,92.859238,41193,1
3749,3749,92.870376,41204,1
3750,3750,92.881513,41215,1
3751,3751,92.892649,41226,1
3752,3752,92.903784,41237,1
3753,3753,92.914919,41248,1
3754,3754,92.926056,41259,1
3755,3755,92.937193,41270,1
3756,3756,92.948330,41281,1
3757,3757,92.959464,41292,1
3758,3758,92.970603,41303,1
3759,3759,92.981737,41314,1
3760,3760,92.992874,41325,1
3761,3761,93.004011,41336,1
3762,3762,93.015147,41347,1
3763,3763,93.026282,41358,1
3764,3764,93.037419,41369,1
3765,3765,93.048555,41380,1
3766,3766,93.059690,41391,1
3767,3767,93.070828,41402,1
3768,3768,93.081965,41413,1
3769,3769,93.093107,41424,1
3770,3770,93.104235,41435,1
3771,3771,93.115372,41446,1
3772,3772,93.126509,41457,1
3773,3773,93.137646,41468,1
3774,3774,93.148781,41479,1
3775,3775,93.159918,41490,1
3776,3776,93.171053,41501,1
3777,3777,93.182189,41512,1
3778,3778,93.193326,41523,1
3779,3779,93.204462,41534,1
3780,3780,93.215598,41545,1
3781,3781,93.226736,41556,1
3782,3782,93.237870,41567,1
3783,3783,93.249006,41578,1
3784,3784,93.260143,41589,1
3785,3785,93.271278,41600,1
3786,3786,93.282417,41611,1
3787,3787,93.293554,41622,1
3788,3788,93.304689,41633,1
3789,3789,93.315824,41644,1
3790,3790,93.326960,41655,1
3791,3791,93.338102,41666,1
3792,3792,93.349233,41677,1
3793,3793,93.360369,41688,1
3794,3794,93.371506,41699,1
3795,3795,93.382642,41710,1
3796,3796,93.393778,41721,1
3797,3797,93.404916,41732,1
3798,3798,93.416052,41743,1
3799,3799,93.427186,41754,1
3800,3800,93.438322,41765,1
3801,3801,93.449460,41776,1
3802,3802,93.460597,41787,1
3803,3803,93.471732,41798,1
3804,3804,93.482868,41809,1
3805,3805,93.494004,41820,1
3806,3806,93.505142,41831,1
3807,3807,93.516278,41842,1
3808,3808,93.527412,41853,1
3809,3809,93.538548,41864,1
3810,3810,93.549687,41875,1
3811,3811,93.559809,41885,1
3812,3812,93.570946,41896,1
3813,3813,93.582083,41907,1
3814,3814,93.593219,41918,1
3815,3815,93.604354,41929,1
3816,3816,93.615492,41940,1
3817,3817,93.626628,41951,1
3818,3818,93.637764,41962,1
3819,3819,93.648899,41973,1
3820,3820,93.660034,41984,1
3821,3821,93.671171,41995,1
3822,3822,93.682309,42006,1
3823,3823,93.693443,42017,1
3824,3824,93.704579,42028,1
3825,3825,93.715715,42039,1
3826,3826,93.726853,42050,1
3827,3827,93.737988,42061,1
3828,3828,93.749127,42072,1
3829,3829,93.760262,42083,1
3830,3830,93.771398,42094,1
3831,3831,93.782535,42105,1
3832,3832,93.793670,42116,1
3833,3833,93.804806,42127,1
3834,3834,93.815943,42138,1
3835,3835,93.827080,42149,1
3836,3836,93.838216,42160,1
3837,3837,93.849352,42171,1
3838,3838,93.860488,42182,1
3839,3839,93.871624,42193,1
3840,3840,93.882760,42204,1
3841,3841,93.893897,42215,1
3842,3842,93.905031,42226,1
3843,3843,93.916168,42237,1
3844,3844,93.927304,42248,1
3845,3845,93.938440,42259,1
3846,3846,93.949579,42270,1
3847,3847,93.960715,42281,1
3848,3848,93.971849,42292,1
3849,3849,93.982986,42303,1
3850,3850,93.994122,42314,1
3851,3851,94.005259,42325,1
3852,3852,94.016394,42336,1
3853,3853,94.027530,42347,1
3854,3854,94.038666,42358,1
3855,3855,94.049805,42369,1
3856,3856,94.060940,42380,1
3857,3857,94.072075,42391,1
3858,3858,94.083213,42402,1
3859,3859,94.094347,42413,1
3860,3860,94.105485,42424,1
3861,3861,94.116622,42435,1
3862,3862,94.127756,42446,1
3863,3863,94.138894,42457,1
3864,3864,94.150031,42468,1
3865,3865,94.161167,42479,1
3866,3866,94.172301,42490,1
3867,3867,94.183438,42501,1
3868,3868,94.194576,42512,1
3869,3869,94.205712,42523,1
3870,3870,94.216846,42534,1
3871,3871,94.227984,42545,1
3872,3872,94.239121,42556,1
3873,3873,94.250254,42567,1
3874,3874,94.261391,42578,1
3875,3875,94.272529,42589,1
3876,3876,94.283665,42600,1
3877,3877,94.294801,42611,1
3878,3878,94.305938,42622,1
3879,3879,94.317072,42633,1
3880,3880,94.328210,42644,1
3881,3881,94.339347,42655,1
3882,3882,94.350480,42666,1
3883,3883,94.361619,42677,1
3884,3884,94.372753,42688,1
3885,3885,94.383891,42699,1
3886,3886,94.395026,42710,1
3887,3887,94.406164,42721,1
3888,3888,94.417298,42732,1
3889,3889,94.428437,42743,1
3890,3890,94.439572,42754,1
3891,3891,94.450707,42765,1
3892,3892,94.461843,42776,1
3893,3893,94.472981,42787,1
3894,3894,94.484117,42798,1
3895,3895,94.495252,42809,1
3896,3896,94.506388,42820,1
3897,3897,94.517524,42831,1
3898,3898,94.528660,42842,1
3899,3899,94.539799,42853,1
3900,3900,94.550935,42864,1
3901,3901,94.562071,42875,1
3902,3902,94.573207,42886,1
3903,3903,94.584343,42897,1
3904,3904,94.595479,42908,1
3905,3905,94.606614,42919,1
3906,3906,94.617751,42930,1
3907,3907,94.628887,42941,1
3908,3908,94.640024,42952,1
3909,3909,94.651159,42963,1
3910,3910,94.662297,42974,1
3911,3911,94.673434,42985,1
3912,3912,94.684570,42996,1
3913,3913,94.695704,43007,1
3914,3914,94.706840,43018,1
3915,3915,94.717978,43029,1
3916,3916,94.729115,43040,1
3917,3917,94.740249,43051,1
3918,3918,94.751386,43062,1
3919,3919,94.762522,43073,1
3920,3920,94.773658,43084,1
3921,3921,94.784794,43095,1
3922,3922,94.795931,43106,1
3923,3923,94.807067,43117,1
3924,3924,94.818203,43128,1
3925,3925,94.829341,43139,1
3926,3926,94.840477,43150,1
3927,3927,94.851612,43161,1
3928,3928,94.862749,43172,1
3929,3929,94.873884,43183,1
3930,3930,94.884008,43193,1
3931,3931,94.895144,43204,1
3932,3932,94.906281,43215,1
3933,3933,94.917416,43226,1
3934,3934,94.928554,43237,1
3935,3935,94.939691,43248,1
3936,3936,94.950826,43259,1
3937,3937,94.961962,43270,1
3938,3938,94.973104,43281,1
3939,3939,94.984233,43292,1
3940,3940,94.995372,43303,1
3941,3941,95.006506,43314,1
3942,3942,95.017643,43325,1
3943,3943,95.028779,43336,1
3944,3944,95.039917,43347,1
3945,3945,95.051051,43358,1
3946,3946,95.062188,43369,1
3947,3947,95.073323,43380,1
3948,3948,95.084460,43391,1
3949,3949,95.095597,43402,1
3950,3950,95.106733,43413,1
3951,3951,95.117870,43424,1
3952,3952,95.129006,43435,1
3953,3953,95.140141,43446,1
3954,3954,95.151277,43457,1
3955,3955,95.162413,43468,1
3956,3956,95.173552,43479,1
3957,3957,95.184686,43490,1
3958,3958,95.195822,43501,1
3959,3959,95.206960,43512,1
3960,3960,95.218103,43523,1
3961,3961,95.229233,43534,1
3962,3962,95.240366,43545,1
3963,3963,95.251503,43556,1
3964,3964,95.262641,43567,1
3965,3965,95.273775,43578,1
3966,3966,95.284912,43589,1
3967,3967,95.296050,43600,1
3968,3968,95.307185,43611,1
3969,3969,95.318323,43622,1
3970,3970,95.329459,43633,1
3971,3971,95.340594,43644,1
3972,3972,95.351731,43655,1
3973,3973,95.362867,43666,1
3974,3974,95.374002,43677,1
3975,3975,95.385140,43688,1
3976,3976,95.396274,43699,1
3977,3977,95.407412,43710,1
3978,3978,95.418547,43721,1
3979,3979,95.429683,43732,1
3980,3980,95.440819,43743,1
3981,3981,95.451956,43754,1
3982,3982,95.463102,43765,1
3983,3983,95.474229,43776,1
3984,3984,95.485364,43787,1
3985,3985,95.496500,43798,1
3986,3986,95.507636,43809,1
3987,3987,95.518775,43820,1
3988,3988,95.529911,43831,1
3989,3989,95.541046,43842,1
3990,3990,95.552183,43853,1
3991,3991,95.563317,43864,1
3992,3992,95.574456,43875,1
3993,3993,95.585592,43886,1
3994,3994,95.596727,43897,1
3995,3995,95.607865,43908,1
3996,3996,95.619001,43919,1
3997,3997,95.630137,43930,1
3998,3998,95.641271,43941,1
3999,3999,95.652410,43952,1
4000,4000,95.663543,43963,1
4001,4001,95.674680,43974,1
4002,4002,95.685816,43985,1
4003,4003,95.696954,43996,1
4004,4004,95.708089,44007,1
4005,4005,95.719227,44017,1
4006,4006,95.730361,44028,1
4007,4007,95.741499,44039,1
4008,4008,95.752634,44050,1
4009,4009,95.763770,44061,1
4010,4010,95.774906,44072,1
4011,4011,95.786044,44083,1
4012,4012,95.797179,44094,1
4013,4013,95.808314,44105,1
4014,4014,95.819453,44116,1
4015,4015,95.830589,44127,1
4016,4016,95.841726,44138,1
4017,4017,95.852860,44149,1
4018,4018,95.863997,44160,1
4019,4019,95.875132,44171,1
4020,4020,95.886270,44182,1
4021,4021,95.897406,44193,1
4022,4022,95.908543,44204,1
4023,4023,95.919678,44215,1
4024,4024,95.930815,44226,1
4025,4025,95.941949,44237,1
4026,4026,95.953086,44248,1
4027,4027,95.964224,44259,1
4028,4028,95.975359,44270,1
4029,4029,95.986497,44281,1
4030,4030,95.997633,44292,1
4031,4031,96.008769,44303,1
4032,4032,96.019905,44314,1
4033,4033,96.031041,44325,1
4034,4034,96.042178,44336,1
4035,4035,96.053311,44347,1
4036,4036,96.064449,44358,1
4037,4037,96.075584,44369,1
4038,4038,96.086723,44380,1
4039,4039,96.097857,44391,1
4040,4040,96.108993,44402,1
4041,4041,96.120129,44413,1
4042,4042,96.131267,44424,1
4043,4043,96.142402,44435,1
4044,4044,96.153538,44446,1
4045,4045,96.164675,44457,1
4046,4046,96.175812,44468,1
4047,4047,96.186949,44479,1
4048,4048,96.198083,44490,1
4049,4049,96.209219,44501,1
4050,4050,96.219343,44511,1
4051,4051,96.230479,44522,1
4052,4052,96.241617,44533,1
4053,4053,96.252752,44544,1
4054,4054,96.263890,44555,1
4055,4055,96.275025,44566,1
4056,4056,96.286162,44577,1
4057,4057,96.297296,44588,1
4058,4058,96.308434,44599,1
4059,4059,96.319570,44610,1
4060,4060,96.330705,44621,1
4061,4061,96.341843,44632,1
4062,4062,96.352977,44643,1
4063,4063,96.364114,44654,1
4064,4064,96.375252,44665,1
4065,4065,96.386386,44676,1
4066,4066,96.397524,44687,1
4067,4067,96.408661,44698,1
4068,4068,96.419796,44709,1
4069,4069,96.430931,44720,1
4070,4070,96.442069,44731,1
4071,4071,96.453206,44742,1
4072,4072,96.464340,44753,1
4073,4073,96.475477,44764,1
4074,4074,96.486615,44775,1
4075,4075,96.497749,44786,1
4076,4076,96.508887,44797,1
4077,4077,96.520023,44808,1
4078,4078,96.531157,44819,1
4079,4079,96.542294,44830,1
4080,4080,96.553432,44841,1
4081,4081,96.564568,44852,1
4082,4082,96.575704,44863,1
4083,4083,96.586840,44874,1
4084,4084,96.597975,44885,1
4085,4085,96.609111,44896,1
4086,4086,96.620248,44907,1
4087,4087,96.631384,44918,1
4088,4088,96.642520,44929,1
4089,4089,96.653658,44940,1
4090,4090,96.664793,44951,1
4091,4091,96.675930,44962,1
4092,4092,96.687065,44973,1
4093,4093,96.698202,44984,1
4094,4094,96.709339,44995,1
4095,4095,96.720473,45006,1
4096,4096,96.731611,45017,1
4097,4097,96.742746,45028,1
4098,4098,96.753882,45039,1
4099,4099,96.765020,45050,1
4100,4100,96.776157,45061,1
4101,4101,96.787292,45072,1
4102,4102,96.798429,45083,1
4103,4103,96.809563,45094,1
4104,4104,96.820701,45105,1
4105,4105,96.831836,45116,1
4106,4106,96.842972,45127,1
4107,4107,96.854109,45138,1
4108,4108,96.865245,45149,1
4109,4109,96.876383,45160,1
4110,4110,96.887518,45171,1
4111,4111,96.898653,45182,1
4112,4112,96.909790,45193,1
4113,4113,96.920926,45204,1
4114,4114,96.932062,45215,1
4115,4115,96.943199,45226,1
4116,4116,96.954334,45237,1
4117,4117,96.965472,45248,1
4118,4118,96.976609,45259,1
4119,4119,96.987745,45270,1
4120,4120,96.998879,45281,1
4121,4121,97.010016,45292,1
4122,4122,97.021154,45303,1
4123,4123,97.032289,45314,1
4124,4124,97.043425,45325,1
4125,4125,97.054560,45336,1
4126,4126,97.065699,45347,1
4127,4127,97.076835,45358,1
4128,4128,97.087970,45369,1
4129,4129,97.099105,45380,1
4130,4130,97.110243,45391,1
4131,4131,97.121380,45402,1
4132,4132,97.132514,45413,1
4133,4133,97.143651,45424,1
4134,4134,97.154788,45435,1
4135,4135,97.165923,45446,1
4136,4136,97.177060,45457,1
4137,4137,97.188196,45468,1
4138,4138,97.199333,45479,1
4139,4139,97.210468,45490,1
4140,4140,97.221606,45501,1
4141,4141,97.232742,45512,1
4142,4142,97.243878,45523,1
4143,4143,97.255015,45534,1
4144,4144,97.266149,45545,1
4145,4145,97.277285,45556,1
4146,4146,97.288423,45567,1
4147,4147,97.299559,45578,1
4148,4148,97.310696,45589,1
4149,4149,97.321832,45600,1
4150,4150,97.332966,45611,1
4151,4151,97.344106,45622,1
4152,4152,97.355238,45633,1
4153,4153,97.366377,45644,1
4154,4154,97.377512,45655,1
4155,4155,97.388648,45666,1
4156,4156,97.399785,45677,1
4157,4157,97.410920,45688,1
4158,4158,97.422056,45699,1
4159,4159,97.433192,45710,1
4160,4160,97.444330,45721,1
4161,4161,97.455466,45732,1
4162,4162,97.466603,45743,1
4163,4163,97.477739,45754,1
4164,4164,97.488874,45765,1
4165,4165,97.500009,45776,1
4166,4166,97.511148,45787,1
4167,4167,97.522284,45798,1
4168,4168,97.533420,45809,1
4169,4169,97.544557,45820,1
4170,4170,97.554681,45830,1
4171,4171,97.565817,45841,1
4172,4172,97.576953,45852,1
4173,4173,97.588088,45863,1
4174,4174,97.599225,45874,1
4175,4175,97.610359,45885,1
4176,4176,97.621496,45896,1
4177,4177,97.632634,45907,1
4178,4178,97.643770,45918,1
4179,4179,97.654904,45929,1
4180,4180,97.666040,45940,1
4181,4181,97.677177,45951,1
4182,4182,97.688315,45962,1
4183,4183,97.699451,45973,1
4184,4184,97.710586,45984,1
4185,4185,97.721724,45995,1
4186,4186,97.732858,46006,1
4187,4187,97.743994,46017,1
4188,4188,97.755132,46028,1
4189,4189,97.766266,46039,1
4190,4190,97.777405,46050,1
4191,4191,97.788541,46061,1
4192,4192,97.799677,46072,1
4193,4193,97.810811,46083,1
4194,4194,97.821949,46094,1
4195,4195,97.833085,46105,1
4196,4196,97.844222,46116,1
4197,4197,97.855357,46127,1
4198,4198,97.866495,46138,1
4199,4199,97.877631,46149,1
4200,4200,97.888765,46160,1
4201,4201,97.899903,46171,1
4202,4202,97.911039,46182,1
4203,4203,97.922174,46193,1
4204,4204,97.933310,46204,1
4205,4205,97.944449,46215,1
4206,4206,97.955583,46226,1
4207,4207,97.966721,46237,1
4208,4208,97.977856,46248,1
4209,4209,97.988993,46259,1
4210,4210,98.000130,46270,1
4211,4211,98.011263,46281,1
4212,4212,98.022401,46292,1
4213,4213,98.033538,46303,1
4214,4214,98.044674,46314,1
4215,4215,98.055811,46325,1
4216,4216,98.066947,46336,1
4217,4217,98.078081,46347,1
4218,4218,98.089217,46358,1
4219,4219,98.100356,46369,1
4220,4220,98.111491,46380,1
4221,4221,98.122626,46391,1
4222,4222,98.133765,46402,1
4223,4223,98.144900,46413,1
4224,4224,98.156036,46424,1
4225,4225,98.167173,46435,1
4226,4226,98.178308,46446,1
4227,4227,98.189445,46457,1
4228,4228,98.200581,46468,1
4229,4229,98.211716,46479,1
4230,4230,98.222852,46490,1
4231,4231,98.233990,46501,1
4232,4232,98.245126,46512,1
4233,4233,98.256262,46523,1
4234,4234,98.267397,46534,1
4235,4235,98.278534,46545,1
4236,4236,98.289671,46556,1
4237,4237,98.300808,46567,1
4238,4238,98.311943,46578,1
4239,4239,98.323080,46589,1
4240,4240,98.334216,46600,1
4241,4241,98.345353,46611,1
4242,4242,98.356487,46622,1
4243,4243,98.367625,46633,1
4244,4244,98.378761,46644,1
4245,4245,98.389896,46655,1
4246,4246,98.401034,46666,1
4247,4247,98.412169,46677,1
4248,4248,98.423306,46688,1
4249,4249,98.434441,46699,1
4250,4250,98.445577,46710,1
4251,4251,98.456713,46721,1
4252,4252,98.467849,46732,1
4253,4253,98.478988,46743,1
4254,4254,98.490124,46754,1
4255,4255,98.501258,46765,1
4256,4256,98.512396,46776,1
4257,4257,98.523532,46787,1
4258,4258,98.534668,46798,1
4259,4259,98.545804,46809,1
4260,4260,98.556939,46820,1
4261,4261,98.568077,46831,1
4262,4262,98.579212,46842,1
4263,4263,98.590348,46853,1
4264,4264,98.601486,46864,1
4265,4265,98.612620,46875,1
4266,4266,98.623759,46886,1
4267,4267,98.634895,46897,1
4268,4268,98.646030,46908,1
4269,4269,98.657165,46919,1
4270,4270,98.668301,46930,1
4271,4271,98.679439,46941,1
4272,4272,98.690574,46952,1
4273,4273,98.701711,46963,1
4274,4274,98.712848,46974,1
4275,4275,98.723983,46985,1
4276,4276,98.735119,46996,1
4277,4277,98.746255,47007,1
4278,4278,98.757391,47018,1
4279,4279,98.768529,47029,1
4280,4280,98.779666,47040,1
4281,4281,98.790802,47051,1
4282,4282,98.801938,47062,1
4283,4283,98.813075,47073,1
4284,4284,98.824210,47084,1
4285,4285,98.835345,47095,1
4286,4286,98.846481,47106,1
4287,4287,98.857619,47117,1
4288,4288,98.868756,47128,1
4289,4289,98.879889,47139,1
4290,4290,98.890013,47149,1
4291,4291,98.901152,47160,1
4292,4292,98.912288,47171,1
4293,4293,98.923424,47182,1
4294,4294,98.934559,47193,1
4295,4295,98.945695,47204,1
4296,4296,98.956833,47215,1
4297,4297,98.967967,47226,1
4298,4298,98.979106,47237,1
4299,4299,98.990240,47248,1
4300,4300,99.001378,47259,1
4301,4301,99.012514,47270,1
4302,4302,99.023648,47281,1
4303,4303,99.034784,47292,1
4304,4304,99.045923,47303,1
4305,4305,99.057059,47314,1
4306,4306,99.068195,47325,1
4307,4307,99.079332,47336,1
4308,4308,99.090467,47347,1
4309,4309,99.101602,47358,1
4310,4310,99.112738,47369,1
4311,4311,99.123877,47380,1
4312,4312,99.135013,47391,1
4313,4313,99.146148,47402,1
4314,4314,99.157285,47413,1
4315,4315,99.168421,47424,1
4316,4316,99.179557,47435,1
4317,4317,99.190692,47446,1
4318,4318,99.201828,47457,1
4319,4319,99.212966,47468,1
4320,4320,99.224107,47479,1
4321,4321,99.235237,47490,1
4322,4322,99.246375,47501,1
4323,4323,99.257510,47512,1
4324,4324,99.268648,47523,1
4325,4325,99.279783,47534,1
4326,4326,99.290919,47545,1
4327,4327,99.302054,47556,1
4328,4328,99.313191,47567,1
4329,4329,99.324329,47578,1
4330,4330,99.335464,47589,1
4331,4331,99.346600,47600,1
4332,4332,99.357737,47611,1
4333,4333,99.368874,47622,1
4334,4334,99.380010,47633,1
4335,4335,99.391145,47644,1
4336,4336,99.402282,47655,1
4337,4337,99.413416,47666,1
4338,4338,99.424555,47677,1
4339,4339,99.435691,47688,1
4340,4340,99.446828,47699,1
4341,4341,99.457963,47710,1
4342,4342,99.469104,47721,1
4343,4343,99.480236,47732,1
4344,4344,99.491370,47743,1
4345,4345,99.502508,47754,1
4346,4346,99.513645,47765,1
4347,4347,99.524781,47776,1
4348,4348,99.535917,47787,1
4349,4349,99.547051,47798,1
4350,4350,99.558190,47809,1
4351,4351,99.569324,47820,1
4352,4352,99.580462,47831,1
4353,4353,99.591596,47842,1
4354,4354,99.602735,47853,1
4355,4355,99.613871,47864,1
4356,4356,99.625007,47875,1
4357,4357,99.636141,47886,1
4358,4358,99.647280,47897,1
4359,4359,99.658414,47908,1
4360,4360,99.669552,47919,1
4361,4361,99.680686,47930,1
4362,4362,99.691824,47941,1
4363,4363,99.702961,47952,1
4364,4364,99.714104,47963,1
4365,4365,99.725231,47974,1
4366,4366,99.736369,47985,1
4367,4367,99.747505,47996,1
4368,4368,99.758642,48007,1
4369,4369,99.769778,48018,1
4370,4370,99.780912,48029,1
4371,4371,99.792049,48040,1
4372,4372,99.803187,48051,1
4373,4373,99.814323,48062,1
4374,4374,99.825457,48073,1
4375,4375,99.836595,48084,1
4376,4376,99.847731,48095,1
4377,4377,99.858868,48106,1
4378,4378,99.870004,48117,1
4379,4379,99.881140,48128,1
4380,4380,99.892275,48139,1
4381,4381,99.903411,48150,1
4382,4382,99.914547,48161,1
4383,4383,99.925684,48172,1
4384,4384,99.936820,48183,1
4385,4385,99.947958,48194,1
4386,4386,99.959103,48205,1
4387,4387,99.970228,48216,1
4388,4388,99.981364,48227,1
4389,4389,99.992503,48238,1
4390,4390,100.003639,48249,1
4391,4391,100.014774,48260,1
4392,4392,100.025911,48271,1
4393,4393,100.037046,48282,1
4394,4394,100.048183,48293,1
4395,4395,100.059318,48304,1
4396,4396,100.070456,48315,1
4397,4397,100.081592,48326,1
4398,4398,100.092729,48337,1
4399,4399,100.103865,48348,1
4400,4400,100.115000,48359,1
4401,4401,100.126135,48370,1
4402,4402,100.137274,48381,1
4403,4403,100.148408,48392,1
4404,4404,100.159546,48403,1
4405,4405,100.170682,48414,1
4406,4406,100.181819,48425,1
4407,4407,100.192955,48436,1
4408,4408,100.204101,48447,1
4409,4409,100.215225,48458,1
4410,4410,100.225350,48468,1
4411,4411,100.236487,48479,1
4412,4412,100.247623,48490,1
4413,4413,100.258758,48501,1
4414,4414,100.269895,48512,1
4415,4415,100.281032,48523,1
4416,4416,100.292168,48534,1
4417,4417,100.303304,48545,1
4418,4418,100.314439,48556,1
4419,4419,100.325577,48567,1
4420,4420,100.336714,48578,1
4421,4421,100.347847,48589,1
4422,4422,100.358985,48600,1
4423,4423,100.370121,48611,1
4424,4424,100.381258,48622,1
4425,4425,100.392394,48633,1
4426,4426,100.403529,48644,1
4427,4427,100.414666,48655,1
4428,4428,100.425803,48666,1
4429,4429,100.436939,48677,1
4430,4430,100.448076,48688,1
4431,4431,100.459212,48699,1
4432,4432,100.470347,48710,1
4433,4433,100.481485,48721,1
4434,4434,100.492621,48732,1
4435,4435,100.503755,48743,1
4436,4436,100.514892,48754,1
4437,4437,100.526029,48765,1
4438,4438,100.537166,48776,1
4439,4439,100.548301,48787,1
4440,4440,100.559436,48798,1
4441,4441,100.570573,48809,1
4442,4442,100.581711,48820,1
4443,4443,100.592846,48831,1
4444,4444,100.603982,48842,1
4445,4445,100.615119,48853,1
4446,4446,100.626255,48864,1
4447,4447,100.637390,48875,1
4448,4448,100.648528,48886,1
4449,4449,100.659662,48897,1
4450,4450,100.670801,48908,1
4451,4451,100.681935,48919,1
4452,4452,100.693072,48930,1
4453,4453,100.704208,48941,1
4454,4454,100.716790,48952,1
4455,4455,100.726481,48962,1
4456,4456,100.737618,48973,1
4457,4457,100.748752,48984,1
4458,4458,100.759888,48995,1
4459,4459,100.771024,49006,1
4460,4460,100.782163,49017,1
4461,4461,100.793299,49028,1
4462,4462,100.804434,49039,1
4463,4463,100.815569,49050,1
4464,4464,100.826707,49061,1
4465,4465,100.837844,49072,1
4466,4466,100.848978,49083,1
4467,4467,100.860116,49094,1
4468,4468,100.871251,49105,1
4469,4469,100.882389,49116,1
4470,4470,100.893523,49127,1
4471,4471,100.904661,49138,1
4472,4472,100.915797,49149,1
4473,4473,100.926933,49160,1
4474,4474,100.938068,49171,1
4475,4475,100.949204,49182,1
4476,4476,100.960342,49193,1
4477,4477,100.971478,49204,1
4478,4478,100.982615,49215,1
4479,4479,100.993751,49226,1
4480,4480,101.004887,49237,1
4481,4481,101.016024,49248,1
4482,4482,101.027160,49259,1
4483,4483,101.038294,49270,1
4484,4484,101.049433,49281,1
4485,4485,101.060569,49292,1
4486,4486,101.071703,49303,1
4487,4487,101.082841,49314,1
4488,4488,101.093975,49325,1
4489,4489,101.105114,49336,1
4490,4490,101.116247,49347,1
4491,4491,101.127385,49358,1
4492,4492,101.138520,49369,1
4493,4493,101.149659,49380,1
4494,4494,101.160793,49391,1
4495,4495,101.171929,49402,1
4496,4496,101.183065,49413,1
4497,4497,101.194202,49424,1
4498,4498,101.205339,49435,1
4499,4499,101.216475,49446,1
4500,4500,101.227610,49457,1
4501,4501,101.238748,49468,1
4502,4502,101.249885,49479,1
4503,4503,101.261019,49490,1
4504,4504,101.272157,49501,1
4505,4505,101.283293,49512,1
4506,4506,101.294429,49523,1
4507,4507,101.305564,49534,1
4508,4508,101.316700,49545,1
4509,4509,101.327836,49556,1
4510,4510,101.338974,49567,1
4511,4511,101.350112,49578,1
4512,4512,101.361245,49589,1
4513,4513,101.372383,49600,1
4514,4514,101.383518,49611,1
4515,4515,101.394655,49622,1
4516,4516,101.405792,49633,1
4517,4517,101.416926,49644,1
4518,4518,101.428064,49655,1
4519,4519,101.439198,49666,1
4520,4520,101.450334,49677,1
4521,4521,101.461473,49688,1
4522,4522,101.472608,49699,1
4523,4523,101.483745,49710,1
4524,4524,101.494881,49721,1
4525,4525,101.506016,49732,1
4526,4526,101.517153,49743,1
4527,4527,101.528290,49754,1
4528,4528,101.539425,49765,1
4529,4529,101.550562,49776,1
4530,4530,101.560686,49786,1
4531,4531,101.571821,49797,1
4532,4532,101.582958,49808,1
4533,4533,101.594102,49819,1
4534,4534,101.605232,49830,1
4535,4535,101.616367,49841,1
4536,4536,101.627503,49852,1
4537,4537,101.638638,49863,1
4538,4538,101.649777,49874,1
4539,4539,101.660910,49885,1
4540,4540,101.672049,49896,1
4541,4541,101.683185,49907,1
4542,4542,101.694321,49918,1
4543,4543,101.705456,49929,1
4544,4544,101.716593,49940,1
4545,4545,101.727729,49951,1
4546,4546,101.738864,49962,1
4547,4547,101.750002,49973,1
4548,4548,101.761139,49984,1
4549,4549,101.772273,49995,1
4550,4550,101.783410,50006,1
4551,4551,101.794545,50017,1
4552,4552,101.805682,50028,1
4553,4553,101.816819,50039,1
4554,4554,101.827956,50050,1
4555,4555,101.839104,50061,1
4556,4556,101.850229,50072,1
4557,4557,101.861365,50083,1
4558,4558,101.872500,50094,1
4559,4559,101.883637,50105,1
4560,4560,101.894774,50116,1
4561,4561,101.905908,50127,1
4562,4562,101.917046,50138,1
4563,4563,101.928182,50149,1
4564,4564,101.939316,50160,1
4565,4565,101.950454,50171,1
4566,4566,101.961590,50182,1
4567,4567,101.972726,50193,1
4568,4568,101.983861,50204,1
4569,4569,101.994999,50215,1
4570,4570,102.006136,50226,1
4571,4571,102.017270,50237,1
4572,4572,102.028407,50248,1
4573,4573,102.039545,50259,1
4574,4574,102.050679,50270,1
4575,4575,102.061816,50281,1
4576,4576,102.072953,50292,1
4577,4577,102.084088,50303,1
4578,4578,102.095224,50314,1
4579,4579,102.106360,50325,1
4580,4580,102.117498,50336,1
4581,4581,102.128634,50347,1
4582,4582,102.139769,50358,1
4583,4583,102.150906,50369,1
4584,4584,102.162043,50380,1
4585,4585,102.173177,50391,1
4586,4586,102.184315,50402,1
4587,4587,102.195452,50413,1
4588,4588,102.206587,50424,1
4589,4589,102.217724,50435,1
4590,4590,102.228861,50446,1
4591,4591,102.239997,50457,1
4592,4592,102.251133,50468,1
4593,4593,102.262267,50479,1
4594,4594,102.273404,50490,1
4595,4595,102.284540,50501,1
4596,4596,102.295676,50512,1
4597,4597,102.306814,50523,1
4598,4598,102.317949,50534,1
4599,4599,102.329087,50545,1
4600,4600,102.340221,50556,1
4601,4601,102.351358,50567,1
4602,4602,102.362495,50578,1
4603,4603,102.373631,50589,1
4604,4604,102.384766,50600,1
4605,4605,102.395902,50611,1
4606,4606,102.407040,50622,1
4607,4607,102.418177,50633,1
4608,4608,102.429312,50644,1
4609,4609,102.440448,50655,1
4610,4610,102.451584,50666,1
4611,4611,102.462722,50677,1
4612,4612,102.473857,50688,1
4613,4613,102.484992,50699,1
4614,4614,102.496129,50710,1
4615,4615,102.507266,50721,1
4616,4616,102.518403,50732,1
4617,4617,102.529537,50743,1
4618,4618,102.540675,50754,1
4619,4619,102.551812,50765,1
4620,4620,102.562946,50776,1
4621,4621,102.574084,50787,1
4622,4622,102.585220,50798,1
4623,4623,102.596356,50809,1
4624,4624,102.607492,50820,1
4625,4625,102.618629,50831,1
4626,4626,102.629764,50842,1
4627,4627,102.640900,50853,1
4628,4628,102.652036,50864,1
4629,4629,102.663172,50875,1
4630,4630,102.674308,50886,1
4631,4631,102.685444,50897,1
4632,4632,102.696582,50908,1
4633,4633,102.707717,50919,1
4634,4634,102.718855,50930,1
4635,4635,102.729990,50941,1
4636,4636,102.741127,50952,1
4637,4637,102.752264,50963,1
4638,4638,102.763400,50974,1
4639,4639,102.774534,50985,1
4640,4640,102.785672,50996,1
4641,4641,102.796809,51007,1
4642,4642,102.807943,51018,1
4643,4643,102.819081,51029,1
4644,4644,102.830216,51040,1
4645,4645,102.841354,51051,1
4646,4646,102.852489,51062,1
4647,4647,102.863626,51073,1
4648,4648,102.874762,51084,1
4649,4649,102.884885,51094,1
4650,4650,102.896022,51105,1
4651,4651,102.907158,51116,1
4652,4652,102.918294,51127,1
4653,4653,102.929430,51138,1
4654,4654,102.940566,51149,1
4655,4655,102.951703,51160,1
4656,4656,102.962840,51171,1
4657,4657,102.973975,51182,1
4658,4658,102.985110,51193,1
4659,4659,102.996247,51204,1
4660,4660,103.007384,51215,1
4661,4661,103.018520,51226,1
4662,4662,103.029657,51237,1
4663,4663,103.040792,51248,1
4664,4664,103.051928,51259,1
4665,4665,103.063063,51270,1
4666,4666,103.074200,51281,1
4667,4667,103.085336,51292,1
4668,4668,103.096474,51303,1
4669,4669,103.107611,51314,1
4670,4670,103.118745,51325,1
4671,4671,103.129882,51336,1
4672,4672,103.141019,51347,1
4673,4673,103.152155,51358,1
4674,4674,103.163292,51369,1
4675,4675,103.174427,51380,1
4676,4676,103.185564,51391,1
4677,4677,103.196699,51402,1
4678,4678,103.207835,51413,1
4679,4679,103.218972,51424,1
4680,4680,103.230107,51435,1
4681,4681,103.241243,51446,1
4682,4682,103.252381,51457,1
4683,4683,103.263518,51468,1
4684,4684,103.274652,51479,1
4685,4685,103.285790,51490,1
4686,4686,103.296925,51501,1
4687,4687,103.308063,51512,1
4688,4688,103.319199,51523,1
4689,4689,103.330335,51534,1
4690,4690,103.341470,51545,1
4691,4691,103.352606,51556,1
4692,4692,103.363743,51567,1
4693,4693,103.374881,51578,1
4694,4694,103.386015,51589,1
4695,4695,103.397153,51600,1
4696,4696,103.408289,51611,1
4697,4697,103.419425,51622,1
4698,4698,103.430562,51633,1
4699,4699,103.441697,51644,1
4700,4700,103.452834,51655,1
4701,4701,103.463970,51666,1
4702,4702,103.475105,51677,1
4703,4703,103.486243,51688,1
4704,4704,103.497379,51699,1
4705,4705,103.508514,51710,1
4706,4706,103.519650,51721,1
4707,4707,103.530786,51732,1
4708,4708,103.541923,51743,1
4709,4709,103.553060,51754,1
4710,4710,103.564196,51765,1
4711,4711,103.575333,51776,1
4712,4712,103.586468,51787,1
4713,4713,103.597604,51798,1
4714,4714,103.608740,51809,1
4715,4715,103.619878,51820,1
4716,4716,103.631012,51831,1
4717,4717,103.642148,51842,1
4718,4718,103.653284,51853,1
4719,4719,103.664420,51864,1
4720,4720,103.675558,51875,1
4721,4721,103.686693,51886,1
4722,4722,103.697829,51897,1
4723,4723,103.708967,51908,1
4724,4724,103.720105,51919,1
4725,4725,103.731240,51930,1
4726,4726,103.742374,51941,1
4727,4727,103.753512,51952,1
4728,4728,103.764649,51963,1
4729,4729,103.775784,51974,1
4730,4730,103.786921,51985,1
4731,4731,103.798056,51996,1
4732,4732,103.809194,52007,1
4733,4733,103.820330,52018,1
4734,4734,103.831465,52029,1
4735,4735,103.842601,52040,1
4736,4736,103.853738,52051,1
4737,4737,103.864875,52062,1
4738,4738,103.876011,52073,1
4739,4739,103.887145,52084,1
4740,4740,103.898283,52095,1
4741,4741,103.909418,52106,1
4742,4742,103.920555,52117,1
4743,4743,103.931691,52128,1
4744,4744,103.942826,52139,1
4745,4745,103.953963,52150,1
4746,4746,103.965105,52161,1
4747,4747,103.976235,52172,1
4748,4748,103.987371,52183,1
4749,4749,103.998508,52194,1
4750,4750,104.009646,52205,1
4751,4751,104.020781,52216,1
4752,4752,104.031916,52227,1
4753,4753,104.043054,52238,1
4754,4754,104.054190,52249,1
4755,4755,104.065325,52260,1
4756,4756,104.076463,52271,1
4757,4757,104.087597,52282,1
4758,4758,104.098735,52293,1
4759,4759,104.109870,52304,1
4760,4760,104.121007,52315,1
4761,4761,104.132142,52326,1
4762,4762,104.143279,52337,1
4763,4763,104.154415,52348,1
4764,4764,104.165551,52359,1
4765,4765,104.176689,52370,1
4766,4766,104.187826,52381,1
4767,4767,104.198961,52392,1
4768,4768,104.210102,52403,1
4769,4769,104.220222,52413,1
4770,4770,104.231358,52424,1
4771,4771,104.242493,52435,1
4772,4772,104.253630,52446,1
4773,4773,104.264767,52457,1
4774,4774,104.275900,52468,1
4775,4775,104.287037,52479,1
4776,4776,104.298174,52490,1
4777,4777,104.309311,52501,1
4778,4778,104.320448,52512,1
4779,4779,104.331583,52523,1
4780,4780,104.342718,52534,1
4781,4781,104.353856,52545,1
4782,4782,104.364990,52556,1
4783,4783,104.376127,52567,1
4784,4784,104.387265,52578,1
4785,4785,104.398399,52589,1
4786,4786,104.409536,52600,1
4787,4787,104.420674,52611,1
4788,4788,104.431808,52622,1
4789,4789,104.442946,52633,1
4790,4790,104.454082,52644,1
4791,4791,104.465217,52655,1
4792,4792,104.476355,52666,1
4793,4793,104.487489,52677,1
4794,4794,104.498628,52688,1
4795,4795,104.509763,52699,1
4796,4796,104.520899,52710,1
4797,4797,104.532037,52721,1
4798,4798,104.543170,52732,1
4799,4799,104.554308,52743,1
4800,4800,104.565444,52754,1
4801,4801,104.576581,52765,1
4802,4802,104.587717,52776,1
4803,4803,104.598854,52787,1
4804,4804,104.609990,52798,1
4805,4805,104.621126,52809,1
4806,4806,104.632260,52820,1
4807,4807,104.643396,52831,1
4808,4808,104.654534,52842,1
4809,4809,104.665669,52853,1
4810,4810,104.676807,52864,1
4811,4811,104.687941,52875,1
4812,4812,104.699078,52886,1
4813,4813,104.710215,52897,1
4814,4814,104.721350,52908,1
4815,4815,104.732489,52919,1
4816,4816,104.743625,52930,1
4817,4817,104.754761,52941,1
4818,4818,104.765897,52952,1
4819,4819,104.777032,52963,1
4820,4820,104.788168,52974,1
4821,4821,104.799306,52985,1
4822,4822,104.810442,52996,1
4823,4823,104.821576,53007,1
4824,4824,104.832713,53018,1
4825,4825,104.843850,53029,1
4826,4826,104.854986,53040,1
4827,4827,104.866122,53051,1
4828,4828,104.877259,53062,1
4829,4829,104.888395,53073,1
4830,4830,104.899532,53084,1
4831,4831,104.910667,53095,1
4832,4832,104.921802,53106,1
4833,4833,104.932941,53117,1
4834,4834,104.944076,53128,1
4835,4835,104.955211,53139,1
4836,4836,104.966349,53150,1
4837,4837,104.977486,53161,1
4838,4838,104.988620,53172,1
4839,4839,104.999756,53183,1
4840,4840,105.010893,53194,1
4841,4841,105.022031,53205,1
4842,4842,105.033167,53216,1
4843,4843,105.044302,53227,1
4844,4844,105.055439,53238,1
4845,4845,105.066575,53249,1
4846,4846,105.077712,53260,1
4847,4847,105.088846,53271,1
4848,4848,105.099983,53282,1
4849,4849,105.111120,53293,1
4850,4850,105.122255,53304,1
4851,4851,105.133392,53315,1
4852,4852,105.144527,53326,1
4853,4853,105.155663,53337,1
4854,4854,105.166800,53348,1
4855,4855,105.177937,53359,1
4856,4856,105.189074,53370,1
4857,4857,105.200208,53381,1
4858,4858,105.211345,53392,1
4859,4859,105.222483,53403,1
4860,4860,105.233617,53414,1
4861,4861,105.244755,53425,1
4862,4862,105.255891,53436,1
4863,4863,105.267025,53447,1
4864,4864,105.278164,53458,1
4865,4865,105.289299,53469,1
4866,4866,105.300435,53480,1
4867,4867,105.311573,53491,1
4868,4868,105.322709,53502,1
4869,4869,105.333844,53513,1
4870,4870,105.344981,53524,1
4871,4871,105.356117,53535,1
4872,4872,105.367253,53546,1
4873,4873,105.378389,53557,1
4874,4874,105.389524,53568,1
4875,4875,105.400661,53579,1
4876,4876,105.411799,53590,1
4877,4877,105.422933,53601,1
4878,4878,105.434071,53612,1
4879,4879,105.445208,53623,1
4880,4880,105.456343,53634,1
4881,4881,105.467480,53645,1
4882,4882,105.478614,53656,1
4883,4883,105.489752,53667,1
4884,4884,105.500889,53678,1
4885,4885,105.512024,53689,1
4886,4886,105.523160,53700,1
4887,4887,105.534296,53711,1
4888,4888,105.545432,53722,1
4889,4889,105.555558,53732,1
4890,4890,105.566691,53743,1
4891,4891,105.577829,53754,1
4892,4892,105.588964,53765,1
4893,4893,105.600107,53776,1
4894,4894,105.611236,53787,1
4895,4895,105.622374,53798,1
4896,4896,105.633510,53809,1
4897,4897,105.644645,53820,1
4898,4898,105.655784,53831,1
4899,4899,105.666919,53842,1
4900,4900,105.678056,53853,1
4901,4901,105.689192,53864,1
4902,4902,105.700326,53875,1
4903,4903,105.711464,53886,1
4904,4904,105.722601,53896,1
4905,4905,105.733737,53907,1
4906,4906,105.744872,53918,1
4907,4907,105.756007,53929,1
4908,4908,105.767146,53940,1
4909,4909,105.778282,53951,1
4910,4910,105.789418,53962,1
4911,4911,105.800554,53973,1
4912,4912,105.811691,53984,1
4913,4913,105.822826,53995,1
4914,4914,105.833961,54006,1
4915,4915,105.845105,54017,1
4916,4916,105.856236,54028,1
4917,4917,105.867372,54039,1
4918,4918,105.878507,54050,1
4919,4919,105.889645,54061,1
4920,4920,105.900779,54072,1
4921,4921,105.911917,54083,1
4922,4922,105.923052,54094,1
4923,4923,105.934189,54105,1
4924,4924,105.945324,54116,1
4925,4925,105.956460,54127,1
4926,4926,105.967596,54138,1
4927,4927,105.978734,54149,1
4928,4928,105.989870,54160,1
4929,4929,106.001007,54171,1
4930,4930,106.012142,54182,1
4931,4931,106.023279,54193,1
4932,4932,106.034416,54204,1
4933,4933,106.045551,54215,1
4934,4934,106.056686,54226,1
4935,4935,106.067823,54237,1
4936,4936,106.078960,54248,1
4937,4937,106.090104,54259,1
4938,4938,106.101231,54270,1
4939,4939,106.112369,54281,1
4940,4940,106.123505,54292,1
4941,4941,106.134641,54303,1
4942,4942,106.145777,54314,1
4943,4943,106.156912,54325,1
4944,4944,106.168050,54336,1
4945,4945,106.179187,54347,1
4946,4946,106.190321,54358,1
4947,4947,106.201459,54369,1
4948,4948,106.212595,54380,1
4949,4949,106.223731,54391,1
4950,4950,106.234867,54402,1
4951,4951,106.246002,54413,1
4952,4952,106.257138,54424,1
4953,4953,106.268276,54435,1
4954,4954,106.279411,54446,1
4955,4955,106.290548,54457,1
4956,4956,106.301683,54468,1
4957,4957,106.312821,54479,1
4958,4958,106.323958,54490,1
4959,4959,106.335100,54501,1
4960,4960,106.346229,54512,1
4961,4961,106.357366,54523,1
4962,4962,106.368502,54534,1
4963,4963,106.379638,54545,1
4964,4964,106.390773,54556,1
4965,4965,106.401911,54567,1
4966,4966,106.413048,54578,1
4967,4967,106.424183,54589,1
4968,4968,106.435320,54600,1
4969,4969,106.446455,54611,1
4970,4970,106.457591,54622,1
4971,4971,106.468727,54633,1
4972,4972,106.479865,54644,1
4973,4973,106.491000,54655,1
4974,4974,106.502137,54666,1
4975,4975,106.513271,54677,1
4976,4976,106.524410,54688,1
4977,4977,106.535544,54699,1
4978,4978,106.546680,54710,1
4979,4979,106.557818,54721,1
4980,4980,106.568955,54732,1
4981,4981,106.580089,54743,1
4982,4982,106.591225,54754,1
4983,4983,106.602362,54765,1
4984,4984,106.613499,54776,1
4985,4985,106.624636,54787,1
4986,4986,106.635770,54798,1
4987,4987,106.646908,54809,1
4988,4988,106.658042,54820,1
4989,4989,106.669178,54831,1
4990,4990,106.680315,54842,1
4991,4991,106.691453,54853,1
4992,4992,106.702589,54864,1
4993,4993,106.713726,54875,1
4994,4994,106.724860,54886,1
4995,4995,106.735996,54897,1
4996,4996,106.747134,54908,1
4997,4997,106.758269,54919,1
4998,4998,106.769405,54930,1
4999,4999,106.780541,54941,1
5000,5000,106.791679,54952,1
5001,5001,106.802814,54963,1
5002,5002,106.813951,54974,1
5003,5003,106.825086,54985,1
5004,5004,106.836224,54996,1
5005,5005,106.847359,55007,1
5006,5006,106.858494,55018,1
5007,5007,106.869631,55029,1
5008,5008,106.880769,55040,1
5009,5009,106.890891,55050,1
5010,5010,106.902027,55061,1
5011,5011,106.913166,55072,1
5012,5012,106.924300,55083,1
5013,5013,106.935438,55094,1
5014,5014,106.946575,55105,1
5015,5015,106.957710,55116,1
5016,5016,106.968847,55127,1
5017,5017,106.979981,55138,1
5018,5018,106.991117,55149,1
5019,5019,107.002255,55160,1
5020,5020,107.013391,55171,1
5021,5021,107.024528,55182,1
5022,5022,107.035663,55193,1
5023,5023,107.046800,55204,1
5024,5024,107.057936,55215,1
5025,5025,107.069072,55226,1
5026,5026,107.080209,55237,1
5027,5027,107.091343,55248,1
5028,5028,107.102482,55259,1
5029,5029,107.113616,55270,1
5030,5030,107.124753,55281,1
5031,5031,107.135890,55292,1
5032,5032,107.147026,55303,1
5033,5033,107.158162,55314,1
5034,5034,107.169299,55325,1
5035,5035,107.180435,55336,1
5036,5036,107.191572,55347,1
5037,5037,107.202705,55358,1
5038,5038,107.213844,55369,1
5039,5039,107.224980,55380,1
5040,5040,107.236116,55391,1
5041,5041,107.247252,55402,1
5042,5042,107.258389,55413,1
5043,5043,107.269523,55424,1
5044,5044,107.280660,55435,1
5045,5045,107.291798,55446,1
5046,5046,107.302934,55457,1
5047,5047,107.314068,55468,1
5048,5048,107.325205,55479,1
5049,5049,107.336342,55490,1
5050,5050,107.347477,55501,1
5051,5051,107.358614,55512,1
5052,5052,107.369749,55523,1
5053,5053,107.380887,55534,1
5054,5054,107.392023,55545,1
5055,5055,107.403158,55556,1
5056,5056,107.414296,55567,1
5057,5057,107.425432,55578,1
5058,5058,107.436567,55589,1
5059,5059,107.447705,55600,1
5060,5060,107.458840,55611,1
5061,5061,107.469977,55622,1
5062,5062,107.481113,55633,1
5063,5063,107.492248,55644,1
5064,5064,107.503385,55655,1
5065,5065,107.514520,55666,1
5066,5066,107.525658,55677,1
5067,5067,107.536793,55688,1
5068,5068,107.547931,55699,1
5069,5069,107.559067,55710,1
5070,5070,107.570204,55721,1
5071,5071,107.581339,55732,1
5072,5072,107.592475,55743,1
5073,5073,107.603612,55754,1
5074,5074,107.614747,55765,1
5075,5075,107.625883,55776,1
5076,5076,107.637020,55787,1
5077,5077,107.648157,55798,1
5078,5078,107.659293,55809,1
5079,5079,107.670428,55820,1
5080,5080,107.681566,55831,1
5081,5081,107.692700,55842,1
5082,5082,107.703838,55853,1
5083,5083,107.714975,55864,1
5084,5084,107.726110,55875,1
5085,5085,107.737246,55886,1
5086,5086,107.748381,55897,1
5087,5087,107.759519,55908,1
5088,5088,107.770655,55919,1
5089,5089,107.781792,55930,1
5090,5090,107.792926,55941,1
5091,5091,107.804064,55952,1
5092,5092,107.815199,55963,1
5093,5093,107.826335,55974,1
5094,5094,107.837471,55985,1
5095,5095,107.848607,55996,1
5096,5096,107.859744,56007,1
5097,5097,107.870880,56018,1
5098,5098,107.882018,56029,1
5099,5099,107.893154,56040,1
5100,5100,107.904289,56051,1
5101,5101,107.915427,56062,1
5102,5102,107.926561,56073,1
5103,5103,107.937698,56084,1
5104,5104,107.948835,56095,1
5105,5105,107.959971,56106,1
5106,5106,107.971107,56117,1
5107,5107,107.982243,56128,1
5108,5108,107.993380,56139,1
5109,5109,108.004514,56150,1
5110,5110,108.015652,56161,1
5111,5111,108.026787,56172,1
5112,5112,108.037923,56183,1
5113,5113,108.049060,56194,1
5114,5114,108.060198,56205,1
5115,5115,108.071333,56216,1
5116,5116,108.082470,56227,1
5117,5117,108.093607,56238,1
5118,5118,108.104743,56249,1
5119,5119,108.115877,56260,1
5120,5120,108.127014,56271,1
5121,5121,108.138151,56282,1
5122,5122,108.149288,56293,1
5123,5123,108.160424,56304,1
5124,5124,108.171559,56315,1
5125,5125,108.182696,56326,1
5126,5126,108.193833,56337,1
5127,5127,108.204969,56348,1
5128,5128,108.216106,56359,1
5129,5129,108.226228,56369,1
5130,5130,108.237365,56380,1
5131,5131,108.248502,56391,1
5132,5132,108.259636,56402,1
5133,5133,108.270774,56413,1
5134,5134,108.281909,56424,1
5135,5135,108.293044,56435,1
5136,5136,108.304182,56446,1
5137,5137,108.315317,56457,1
5138,5138,108.326454,56468,1
5139,5139,108.337582,56468,0
5140,5140,108.348710,56468,0
5141,5141,108.359837,56468,0
5142,5142,108.370965,56468,0
5143,5143,108.382093,56468,0
5144,5144,108.393221,56468,0
