t_s,frame_number,hw_ts_ms,host_dt_ms,missed_total
0.209,0,1777804273652.887,0.000,0
0.219,1,1777804273664.046,11.159,0
0.229,2,1777804273675.207,11.161,0
0.240,3,1777804273686.369,11.162,0
0.251,4,1777804273697.533,11.164,0
0.262,5,1777804273708.635,11.102,0
0.273,6,1777804273719.738,11.103,0
0.284,7,1777804273730.839,11.101,0
0.296,8,1777804273741.939,11.101,0
0.307,9,1777804273753.041,11.102,0
0.318,10,1777804273764.141,11.100,0
0.329,11,1777804273775.241,11.100,0
0.340,12,1777804273786.341,11.100,0
0.351,13,1777804273797.440,11.099,0
0.362,14,1777804273808.540,11.100,0
0.373,15,1777804273819.641,11.101,0
0.384,16,1777804273830.740,11.099,0
0.396,17,1777804273841.838,11.098,0
0.407,18,1777804273852.937,11.099,0
0.418,19,1777804273864.034,11.097,0
0.429,20,1777804273875.130,11.097,0
0.440,21,1777804273886.227,11.097,0
0.451,22,1777804273897.323,11.095,0
0.462,23,1777804273908.422,11.099,0
0.474,24,1777804273919.521,11.099,0
0.485,25,1777804273930.619,11.098,0
0.496,26,1777804273941.716,11.097,0
0.507,27,1777804273952.814,11.098,0
0.518,28,1777804273963.910,11.096,0
0.529,29,1777804273975.006,11.096,0
0.540,30,1777804273986.102,11.096,0
0.552,31,1777804273997.196,11.094,0
0.562,32,1777804274008.295,11.099,0
0.574,33,1777804274019.395,11.099,0
0.585,34,1777804274030.492,11.098,0
0.596,35,1777804274041.590,11.097,0
0.607,36,1777804274052.688,11.098,0
0.618,37,1777804274063.784,11.096,0
0.629,38,1777804274074.880,11.096,0
0.640,39,1777804274085.977,11.096,0
0.652,40,1777804274097.072,11.095,0
0.663,41,1777804274108.166,11.094,0
0.674,42,1777804274119.266,11.100,0
0.685,43,1777804274130.365,11.099,0
0.696,44,1777804274141.463,11.098,0
0.707,45,1777804274152.561,11.098,0
0.718,46,1777804274163.660,11.099,0
0.729,47,1777804274174.757,11.097,0
0.741,48,1777804274185.854,11.097,0
0.752,49,1777804274196.951,11.097,0
0.763,50,1777804274208.047,11.096,0
0.774,51,1777804274219.147,11.100,0
0.785,52,1777804274230.248,11.101,0
0.796,53,1777804274241.347,11.099,0
0.808,54,1777804274252.446,11.099,0
0.819,55,1777804274263.546,11.100,0
0.830,56,1777804274274.644,11.098,0
0.841,57,1777804274285.742,11.098,0
0.852,58,1777804274296.841,11.099,0
0.863,59,1777804274307.938,11.097,0
0.874,60,1777804274319.039,11.101,0
0.885,61,1777804274330.141,11.102,0
0.896,62,1777804274341.242,11.101,0
0.908,63,1777804274352.342,11.100,0
0.919,64,1777804274363.443,11.101,0
0.930,65,1777804274374.543,11.100,0
0.941,66,1777804274385.642,11.099,0
0.952,67,1777804274396.742,11.100,0
0.963,68,1777804274407.841,11.099,0
0.974,69,1777804274418.943,11.102,0
0.985,70,1777804274430.046,11.103,0
0.997,71,1777804274441.147,11.102,0
1.008,72,1777804274452.249,11.101,0
1.019,73,1777804274463.351,11.102,0
1.030,74,1777804274474.451,11.101,0
1.041,75,1777804274485.552,11.101,0
1.052,76,1777804274496.653,11.101,0
1.063,77,1777804274507.753,11.100,0
1.074,78,1777804274518.857,11.103,0
1.085,79,1777804274529.961,11.104,0
1.097,80,1777804274541.064,11.103,0
1.108,81,1777804274552.167,11.103,0
1.119,82,1777804274563.270,11.104,0
1.130,83,1777804274574.373,11.102,0
1.141,84,1777804274585.475,11.102,0
1.152,85,1777804274596.577,11.102,0
1.163,86,1777804274607.679,11.103,0
1.174,87,1777804274618.784,11.105,0
1.186,88,1777804274629.889,11.105,0
1.197,89,1777804274640.994,11.105,0
1.208,90,1777804274652.099,11.104,0
1.219,91,1777804274663.203,11.104,0
1.230,92,1777804274674.308,11.105,0
1.242,93,1777804274685.411,11.104,0
1.253,94,1777804274696.515,11.104,0
1.263,95,1777804274707.619,11.104,0
1.275,96,1777804274718.726,11.106,0
1.286,97,1777804274729.832,11.106,0
1.297,98,1777804274740.938,11.107,0
1.308,99,1777804274752.044,11.106,0
1.319,100,1777804274763.150,11.105,0
1.330,101,1777804274774.256,11.107,0
1.342,102,1777804274785.362,11.105,0
1.352,103,1777804274796.467,11.105,0
1.364,104,1777804274807.573,11.106,0
1.375,105,1777804274818.680,11.107,0
1.386,106,1777804274829.788,11.108,0
1.397,107,1777804274840.896,11.108,0
1.408,108,1777804274852.003,11.107,0
1.419,109,1777804274863.110,11.107,0
1.430,110,1777804274874.218,11.108,0
1.441,111,1777804274885.325,11.107,0
1.453,112,1777804274896.432,11.107,0
1.464,113,1777804274907.539,11.107,0
1.475,114,1777804274918.648,11.109,0
1.486,115,1777804274929.757,11.109,0
1.497,116,1777804274940.867,11.110,0
1.508,117,1777804274951.976,11.109,0
1.520,118,1777804274963.084,11.108,0
1.530,119,1777804274974.193,11.109,0
1.542,120,1777804274985.302,11.108,0
1.553,121,1777804274996.410,11.108,0
1.564,122,1777804275007.519,11.109,0
1.575,123,1777804275018.627,11.108,0
1.586,124,1777804275029.735,11.108,0
1.598,125,1777804275040.843,11.108,0
1.609,126,1777804275051.951,11.109,0
1.619,127,1777804275063.059,11.108,0
1.631,128,1777804275074.166,11.107,0
1.642,129,1777804275085.275,11.108,0
1.653,130,1777804275096.382,11.107,0
1.664,131,1777804275107.489,11.107,0
1.675,132,1777804275118.597,11.108,0
1.686,133,1777804275129.704,11.107,0
1.698,134,1777804275140.811,11.107,0
1.709,135,1777804275151.918,11.108,0
1.720,136,1777804275163.025,11.106,0
1.731,137,1777804275174.131,11.106,0
1.742,138,1777804275185.239,11.107,0
1.753,139,1777804275196.345,11.106,0
1.764,140,1777804275207.451,11.106,0
1.776,141,1777804275218.558,11.107,0
1.786,142,1777804275229.664,11.106,0
1.798,143,1777804275240.770,11.106,0
1.809,144,1777804275251.877,11.107,0
1.820,145,1777804275262.982,11.106,0
1.831,146,1777804275274.088,11.105,0
1.842,147,1777804275285.194,11.106,0
1.853,148,1777804275296.300,11.105,0
1.865,149,1777804275307.405,11.105,0
1.876,150,1777804275318.511,11.106,0
1.887,151,1777804275329.616,11.105,0
1.898,152,1777804275340.721,11.105,0
1.909,153,1777804275351.826,11.106,0
1.920,154,1777804275362.931,11.105,0
1.931,155,1777804275374.036,11.104,0
1.942,156,1777804275385.141,11.105,0
1.953,157,1777804275396.245,11.104,0
1.964,158,1777804275407.350,11.104,0
1.976,159,1777804275418.455,11.105,0
1.987,160,1777804275429.559,11.104,0
1.998,161,1777804275440.663,11.104,0
2.009,162,1777804275451.767,11.105,0
2.020,163,1777804275462.871,11.104,0
2.031,164,1777804275473.975,11.104,0
2.042,165,1777804275485.078,11.104,0
2.053,166,1777804275496.182,11.104,0
2.065,167,1777804275507.286,11.103,0
2.076,168,1777804275518.389,11.103,0
2.087,169,1777804275529.493,11.104,0
2.098,170,1777804275540.596,11.103,0
2.109,171,1777804275551.699,11.103,0
2.120,172,1777804275562.802,11.104,0
2.131,173,1777804275573.905,11.103,0
2.142,174,1777804275585.008,11.103,0
2.154,175,1777804275596.111,11.103,0
2.165,176,1777804275607.213,11.102,0
2.176,177,1777804275618.315,11.102,0
2.187,178,1777804275629.418,11.103,0
2.198,179,1777804275640.520,11.102,0
2.210,180,1777804275651.622,11.102,0
2.220,181,1777804275662.725,11.103,0
2.231,182,1777804275673.827,11.102,0
2.243,183,1777804275684.928,11.102,0
2.254,184,1777804275696.031,11.102,0
2.265,185,1777804275707.132,11.101,0
2.276,186,1777804275718.233,11.101,0
2.287,187,1777804275729.335,11.102,0
2.299,188,1777804275740.436,11.101,0
2.310,189,1777804275751.537,11.101,0
2.321,190,1777804275762.639,11.102,0
2.332,191,1777804275773.740,11.101,0
2.343,192,1777804275784.840,11.101,0
2.354,193,1777804275795.942,11.102,0
2.365,194,1777804275807.042,11.100,0
2.376,195,1777804275818.142,11.100,0
2.387,196,1777804275829.243,11.101,0
2.398,197,1777804275840.343,11.100,0
2.409,198,1777804275851.443,11.100,0
2.421,199,1777804275862.544,11.101,0
2.432,200,1777804275873.644,11.100,0
2.443,201,1777804275884.743,11.100,0
2.454,202,1777804275895.844,11.100,0
2.465,203,1777804275906.969,11.125,0
2.477,204,1777804275918.094,11.125,0
2.487,205,1777804275929.219,11.125,0
2.499,206,1777804275940.344,11.126,0
2.510,207,1777804275951.469,11.125,0
2.521,208,1777804275962.594,11.125,0
2.532,209,1777804275973.720,11.126,0
2.543,210,1777804275984.845,11.125,0
2.554,211,1777804275995.970,11.125,0
2.565,212,1777804276007.097,11.126,0
2.576,213,1777804276018.222,11.125,0
2.587,214,1777804276029.347,11.125,0
2.599,215,1777804276040.473,11.126,0
2.610,216,1777804276051.598,11.125,0
2.621,217,1777804276062.723,11.125,0
2.632,218,1777804276073.849,11.126,0
2.643,219,1777804276084.975,11.125,0
2.654,220,1777804276096.100,11.125,0
2.666,221,1777804276107.226,11.126,0
2.677,222,1777804276118.351,11.125,0
2.688,223,1777804276129.477,11.125,0
2.699,224,1777804276140.603,11.126,0
2.710,225,1777804276151.728,11.125,0
2.721,226,1777804276162.854,11.125,0
2.732,227,1777804276173.980,11.126,0
2.743,228,1777804276185.105,11.125,0
2.754,229,1777804276196.230,11.125,0
2.766,230,1777804276207.357,11.126,0
2.777,231,1777804276218.482,11.125,0
2.788,232,1777804276229.608,11.125,0
2.799,233,1777804276240.734,11.126,0
2.810,234,1777804276251.860,11.125,0
2.821,235,1777804276262.985,11.125,0
2.832,236,1777804276274.112,11.126,0
2.843,237,1777804276285.237,11.125,0
2.855,238,1777804276296.363,11.126,0
2.866,239,1777804276307.489,11.126,0
2.877,240,1777804276318.615,11.125,0
2.888,241,1777804276329.740,11.126,0
2.899,242,1777804276340.867,11.126,0
2.910,243,1777804276351.993,11.126,0
2.922,244,1777804276363.118,11.126,0
2.933,245,1777804276374.244,11.125,0
2.944,246,1777804276385.371,11.127,0
2.955,247,1777804276396.496,11.126,0
2.966,248,1777804276407.622,11.126,0
2.977,249,1777804276418.749,11.127,0
2.988,250,1777804276429.875,11.126,0
2.999,251,1777804276441.000,11.126,0
3.010,252,1777804276452.127,11.127,0
3.021,253,1777804276463.253,11.126,0
3.033,254,1777804276474.379,11.126,0
3.044,255,1777804276485.506,11.127,0
3.055,256,1777804276496.631,11.126,0
3.066,257,1777804276507.757,11.126,0
3.077,258,1777804276518.884,11.127,0
3.088,259,1777804276530.010,11.126,0
3.099,260,1777804276541.136,11.126,0
3.110,261,1777804276552.263,11.127,0
3.122,262,1777804276563.389,11.126,0
3.133,263,1777804276574.515,11.126,0
3.144,264,1777804276585.642,11.127,0
3.155,265,1777804276596.768,11.126,0
3.166,266,1777804276607.894,11.126,0
3.177,267,1777804276619.021,11.127,0
3.188,268,1777804276630.147,11.126,0
3.199,269,1777804276641.273,11.126,0
3.211,270,1777804276652.400,11.127,0
3.222,271,1777804276663.527,11.126,0
3.233,272,1777804276674.653,11.126,0
3.244,273,1777804276685.780,11.127,0
3.255,274,1777804276696.906,11.126,0
3.266,275,1777804276708.032,11.126,0
3.277,276,1777804276719.159,11.127,0
3.288,277,1777804276730.286,11.126,0
3.300,278,1777804276741.412,11.126,0
3.311,279,1777804276752.539,11.127,0
3.322,280,1777804276763.666,11.126,0
3.333,281,1777804276774.792,11.126,0
3.344,282,1777804276785.919,11.127,0
3.355,283,1777804276797.046,11.126,0
3.366,284,1777804276808.172,11.126,0
3.377,285,1777804276819.298,11.126,0
3.389,286,1777804276830.426,11.127,0
3.400,287,1777804276841.552,11.126,0
3.411,288,1777804276852.679,11.126,0
3.422,289,1777804276863.806,11.127,0
3.433,290,1777804276874.933,11.126,0
3.444,291,1777804276886.059,11.126,0
3.455,292,1777804276897.186,11.127,0
3.466,293,1777804276908.312,11.126,0
3.478,294,1777804276919.438,11.126,0
3.489,295,1777804276930.564,11.126,0
3.500,296,1777804276941.690,11.126,0
3.511,297,1777804276952.816,11.126,0
3.522,298,1777804276963.942,11.127,0
3.533,299,1777804276975.068,11.126,0
3.544,300,1777804276986.194,11.125,0
3.555,301,1777804276997.320,11.127,0
3.567,302,1777804277008.446,11.126,0
3.578,303,1777804277019.572,11.126,0
3.589,304,1777804277030.699,11.127,0
3.600,305,1777804277041.824,11.126,0
3.611,306,1777804277052.950,11.126,0
3.622,307,1777804277064.077,11.127,0
3.633,308,1777804277075.203,11.126,0
3.645,309,1777804277086.328,11.126,0
3.656,310,1777804277097.455,11.127,0
3.667,311,1777804277108.581,11.126,0
3.678,312,1777804277119.707,11.126,0
3.689,313,1777804277130.834,11.127,0
3.700,314,1777804277141.959,11.126,0
3.711,315,1777804277153.085,11.126,0
3.722,316,1777804277164.212,11.127,0
3.734,317,1777804277175.338,11.126,0
3.745,318,1777804277186.464,11.126,0
3.756,319,1777804277197.591,11.127,0
3.767,320,1777804277208.717,11.126,0
3.778,321,1777804277219.843,11.126,0
3.789,322,1777804277230.969,11.127,0
3.800,323,1777804277242.095,11.126,0
3.811,324,1777804277253.221,11.126,0
3.822,325,1777804277264.347,11.126,0
3.834,326,1777804277275.474,11.127,0
3.845,327,1777804277286.600,11.126,0
3.856,328,1777804277297.726,11.126,0
3.867,329,1777804277308.853,11.127,0
3.878,330,1777804277319.979,11.126,0
3.889,331,1777804277331.105,11.126,0
3.900,332,1777804277342.232,11.127,0
3.912,333,1777804277353.358,11.126,0
3.923,334,1777804277364.484,11.126,0
3.934,335,1777804277375.611,11.127,0
3.945,336,1777804277386.737,11.126,0
3.956,337,1777804277397.863,11.126,0
3.967,338,1777804277408.990,11.127,0
3.978,339,1777804277420.116,11.126,0
3.989,340,1777804277431.242,11.126,0
4.001,341,1777804277442.369,11.127,0
4.012,342,1777804277453.495,11.126,0
4.023,343,1777804277464.621,11.126,0
4.034,344,1777804277475.749,11.127,0
4.045,345,1777804277486.875,11.126,0
4.056,346,1777804277498.001,11.126,0
4.067,347,1777804277509.128,11.127,0
4.078,348,1777804277520.254,11.126,0
4.089,349,1777804277531.380,11.126,0
4.101,350,1777804277542.507,11.127,0
4.112,351,1777804277553.634,11.126,0
4.123,352,1777804277564.760,11.126,0
4.134,353,1777804277575.887,11.127,0
4.145,354,1777804277587.013,11.126,0
4.156,355,1777804277598.139,11.126,0
4.167,356,1777804277609.266,11.127,0
4.178,357,1777804277620.393,11.126,0
4.190,358,1777804277631.519,11.126,0
4.201,359,1777804277642.646,11.127,0
4.212,360,1777804277653.772,11.126,0
4.223,361,1777804277664.899,11.126,0
4.234,362,1777804277676.026,11.127,0
4.245,363,1777804277687.152,11.126,0
4.256,364,1777804277698.278,11.126,0
4.267,365,1777804277709.405,11.126,0
4.279,366,1777804277720.532,11.127,0
4.290,367,1777804277731.658,11.126,0
4.301,368,1777804277742.785,11.126,0
4.312,369,1777804277753.912,11.127,0
4.323,370,1777804277765.038,11.126,0
4.334,371,1777804277776.165,11.126,0
4.345,372,1777804277787.292,11.127,0
4.357,373,1777804277798.418,11.126,0
4.368,374,1777804277809.545,11.126,0
4.379,375,1777804277820.672,11.127,0
4.390,376,1777804277831.798,11.126,0
4.401,377,1777804277842.925,11.126,0
4.412,378,1777804277854.052,11.127,0
4.423,379,1777804277865.179,11.126,0
4.434,380,1777804277876.305,11.126,0
4.445,381,1777804277887.432,11.127,0
4.457,382,1777804277898.559,11.126,0
4.468,383,1777804277909.686,11.127,0
4.479,384,1777804277920.815,11.129,0
4.490,385,1777804277931.942,11.127,0
4.501,386,1777804277943.070,11.127,0
4.512,387,1777804277954.198,11.129,0
4.523,388,1777804277965.326,11.127,0
4.535,389,1777804277976.453,11.128,0
4.546,390,1777804277987.582,11.129,0
4.557,391,1777804277998.710,11.128,0
4.568,392,1777804278009.837,11.128,0
4.579,393,1777804278020.966,11.129,0
4.590,394,1777804278032.094,11.128,0
4.601,395,1777804278043.221,11.128,0
4.612,396,1777804278054.350,11.129,0
4.624,397,1777804278065.478,11.128,0
4.635,398,1777804278076.606,11.128,0
4.646,399,1777804278087.735,11.129,0
4.657,400,1777804278098.862,11.128,0
4.668,401,1777804278109.990,11.128,0
4.679,402,1777804278121.119,11.129,0
4.690,403,1777804278132.247,11.128,0
4.702,404,1777804278143.375,11.128,0
4.713,405,1777804278154.503,11.128,0
4.724,406,1777804278165.632,11.129,0
4.735,407,1777804278176.760,11.128,0
4.746,408,1777804278187.888,11.128,0
4.757,409,1777804278199.017,11.129,0
4.768,410,1777804278210.145,11.128,0
4.780,411,1777804278221.273,11.128,0
4.791,412,1777804278232.402,11.129,0
4.802,413,1777804278243.531,11.128,0
4.813,414,1777804278254.659,11.128,0
4.824,415,1777804278265.788,11.129,0
4.835,416,1777804278276.916,11.128,0
4.847,417,1777804278288.044,11.128,0
4.857,418,1777804278299.174,11.129,0
4.869,419,1777804278310.302,11.128,0
4.880,420,1777804278321.430,11.128,0
4.891,421,1777804278332.559,11.129,0
4.902,422,1777804278343.688,11.128,0
4.913,423,1777804278354.816,11.128,0
4.924,424,1777804278365.945,11.129,0
4.935,425,1777804278377.074,11.128,0
4.946,426,1777804278388.202,11.128,0
4.957,427,1777804278399.332,11.130,0
4.968,428,1777804278410.460,11.128,0
4.980,429,1777804278421.589,11.128,0
4.991,430,1777804278432.718,11.130,0
5.002,431,1777804278443.847,11.128,0
5.013,432,1777804278454.975,11.129,0
5.024,433,1777804278466.105,11.130,0
5.035,434,1777804278477.233,11.128,0
5.046,435,1777804278488.362,11.129,0
5.058,436,1777804278499.492,11.130,0
5.069,437,1777804278510.620,11.129,0
5.080,438,1777804278521.749,11.129,0
5.091,439,1777804278532.879,11.130,0
5.102,440,1777804278544.008,11.129,0
5.113,441,1777804278555.136,11.129,0
5.124,442,1777804278566.266,11.130,0
5.135,443,1777804278577.395,11.129,0
5.146,444,1777804278588.524,11.129,0
5.158,445,1777804278599.653,11.129,0
5.169,446,1777804278610.782,11.130,0
5.180,447,1777804278621.911,11.129,0
5.191,448,1777804278633.040,11.129,0
5.202,449,1777804278644.170,11.130,0
5.213,450,1777804278655.299,11.129,0
5.224,451,1777804278666.428,11.129,0
5.235,452,1777804278677.558,11.130,0
5.247,453,1777804278688.687,11.129,0
5.258,454,1777804278699.816,11.129,0
5.269,455,1777804278710.947,11.130,0
5.280,456,1777804278722.075,11.129,0
5.291,457,1777804278733.205,11.129,0
5.303,458,1777804278744.335,11.130,0
5.313,459,1777804278755.464,11.129,0
5.325,460,1777804278766.593,11.129,0
5.336,461,1777804278777.723,11.130,0
5.347,462,1777804278788.853,11.129,0
5.358,463,1777804278799.982,11.129,0
5.369,464,1777804278811.112,11.130,0
5.380,465,1777804278822.241,11.129,0
5.391,466,1777804278833.371,11.129,0
5.402,467,1777804278844.501,11.130,0
5.414,468,1777804278855.631,11.129,0
5.425,469,1777804278866.760,11.129,0
5.436,470,1777804278877.890,11.130,0
5.447,471,1777804278889.020,11.129,0
5.458,472,1777804278900.149,11.129,0
5.469,473,1777804278911.275,11.127,0
5.480,474,1777804278922.401,11.126,0
5.492,475,1777804278933.527,11.126,0
5.503,476,1777804278944.654,11.127,0
5.514,477,1777804278955.779,11.126,0
5.525,478,1777804278966.905,11.126,0
5.536,479,1777804278978.032,11.127,0
5.547,480,1777804278989.157,11.126,0
5.558,481,1777804279000.283,11.126,0
5.569,482,1777804279011.410,11.127,0
5.580,483,1777804279022.536,11.126,0
5.591,484,1777804279033.661,11.126,0
5.603,485,1777804279044.787,11.125,0
5.614,486,1777804279055.914,11.127,0
5.625,487,1777804279067.039,11.126,0
5.636,488,1777804279078.165,11.126,0
5.647,489,1777804279089.292,11.127,0
5.659,490,1777804279100.417,11.126,0
5.670,491,1777804279111.543,11.126,0
5.680,492,1777804279122.670,11.127,0
5.692,493,1777804279133.796,11.126,0
5.703,494,1777804279144.921,11.126,0
5.714,495,1777804279156.048,11.127,0
5.725,496,1777804279167.174,11.126,0
5.736,497,1777804279178.300,11.126,0
5.747,498,1777804279189.426,11.127,0
5.758,499,1777804279200.552,11.125,0
5.770,500,1777804279211.677,11.126,0
5.781,501,1777804279222.804,11.127,0
5.792,502,1777804279233.930,11.126,0
5.803,503,1777804279245.056,11.126,0
5.814,504,1777804279256.182,11.127,0
5.825,505,1777804279267.308,11.126,0
5.837,506,1777804279278.434,11.126,0
5.848,507,1777804279289.561,11.127,0
5.859,508,1777804279300.686,11.126,0
5.870,509,1777804279311.812,11.125,0
5.881,510,1777804279322.938,11.127,0
5.892,511,1777804279334.064,11.126,0
5.903,512,1777804279345.190,11.126,0
5.914,513,1777804279356.317,11.127,0
5.925,514,1777804279367.442,11.126,0
5.936,515,1777804279378.568,11.126,0
5.948,516,1777804279389.695,11.127,0
5.959,517,1777804279400.820,11.125,0
5.970,518,1777804279411.946,11.126,0
5.981,519,1777804279423.073,11.127,0
5.992,520,1777804279434.198,11.126,0
6.003,521,1777804279445.324,11.126,0
6.014,522,1777804279456.451,11.127,0
6.026,523,1777804279467.577,11.126,0
6.037,524,1777804279478.702,11.126,0
6.048,525,1777804279489.828,11.125,0
6.059,526,1777804279500.955,11.127,0
6.070,527,1777804279512.080,11.126,0
6.081,528,1777804279523.206,11.126,0
6.092,529,1777804279534.333,11.127,0
6.103,530,1777804279545.458,11.126,0
6.114,531,1777804279556.584,11.126,0
6.126,532,1777804279567.711,11.126,0
6.137,533,1777804279578.836,11.126,0
6.148,534,1777804279589.962,11.126,0
6.159,535,1777804279601.089,11.127,0
6.170,536,1777804279612.215,11.126,0
6.181,537,1777804279623.340,11.126,0
6.193,538,1777804279634.467,11.126,0
6.203,539,1777804279645.593,11.126,0
6.215,540,1777804279656.718,11.126,0
6.226,541,1777804279667.845,11.127,0
6.237,542,1777804279678.971,11.126,0
6.248,543,1777804279690.096,11.126,0
6.259,544,1777804279701.223,11.126,0
6.270,545,1777804279712.349,11.126,0
6.281,546,1777804279723.474,11.126,0
6.292,547,1777804279734.601,11.127,0
6.304,548,1777804279745.727,11.126,0
6.315,549,1777804279756.852,11.125,0
6.326,550,1777804279767.979,11.127,0
6.337,551,1777804279779.105,11.126,0
6.348,552,1777804279790.230,11.126,0
6.359,553,1777804279801.357,11.127,0
6.370,554,1777804279812.483,11.126,0
6.381,555,1777804279823.608,11.125,0
6.393,556,1777804279834.735,11.127,0
6.404,557,1777804279845.861,11.126,0
6.415,558,1777804279856.987,11.126,0
6.426,559,1777804279868.113,11.127,0
6.437,560,1777804279879.239,11.125,0
6.448,561,1777804279890.365,11.126,0
6.459,562,1777804279901.491,11.127,0
6.470,563,1777804279912.617,11.126,0
6.482,564,1777804279923.742,11.125,0
6.493,565,1777804279934.868,11.126,0
6.504,566,1777804279945.995,11.127,0
6.515,567,1777804279957.120,11.125,0
6.526,568,1777804279968.246,11.126,0
6.538,569,1777804279979.373,11.127,0
6.549,570,1777804279990.498,11.125,0
6.559,571,1777804280001.624,11.126,0
6.571,572,1777804280012.751,11.127,0
6.582,573,1777804280023.876,11.126,0
6.593,574,1777804280035.002,11.125,0
6.604,575,1777804280046.129,11.127,0
6.615,576,1777804280057.254,11.126,0
6.626,577,1777804280068.380,11.125,0
6.637,578,1777804280079.507,11.127,0
6.648,579,1777804280090.632,11.126,0
6.660,580,1777804280101.758,11.125,0
6.671,581,1777804280112.885,11.127,0
6.682,582,1777804280124.010,11.125,0
6.693,583,1777804280135.136,11.126,0
6.704,584,1777804280146.262,11.127,0
6.715,585,1777804280157.388,11.125,0
6.726,586,1777804280168.514,11.126,0
6.737,587,1777804280179.640,11.127,0
6.749,588,1777804280190.766,11.125,0
6.760,589,1777804280201.892,11.126,0
6.771,590,1777804280213.018,11.127,0
6.782,591,1777804280224.144,11.125,0
6.793,592,1777804280235.270,11.126,0
6.804,593,1777804280246.396,11.127,0
6.816,594,1777804280257.522,11.125,0
6.827,595,1777804280268.647,11.126,0
6.838,596,1777804280279.774,11.126,0
6.849,597,1777804280290.900,11.126,0
6.860,598,1777804280302.025,11.126,0
6.871,599,1777804280313.152,11.126,0
6.882,600,1777804280324.278,11.126,0
6.894,601,1777804280335.403,11.125,0
6.904,602,1777804280346.530,11.127,0
6.915,603,1777804280357.656,11.126,0
6.927,604,1777804280368.781,11.125,0
6.938,605,1777804280379.907,11.126,0
6.949,606,1777804280391.033,11.126,0
6.960,607,1777804280402.159,11.126,0
6.971,608,1777804280413.285,11.126,0
6.983,609,1777804280424.411,11.126,0
6.993,610,1777804280435.537,11.126,0
7.004,611,1777804280446.662,11.125,0
7.016,612,1777804280457.789,11.127,0
7.027,613,1777804280468.915,11.126,0
7.038,614,1777804280480.040,11.125,0
7.049,615,1777804280491.167,11.127,0
7.060,616,1777804280502.292,11.125,0
7.071,617,1777804280513.418,11.126,0
7.083,618,1777804280524.545,11.126,0
7.094,619,1777804280535.670,11.126,0
7.105,620,1777804280546.796,11.125,0
7.116,621,1777804280557.923,11.127,0
7.127,622,1777804280569.048,11.126,0
7.138,623,1777804280580.174,11.125,0
7.149,624,1777804280591.301,11.127,0
7.161,625,1777804280602.426,11.125,0
7.171,626,1777804280613.552,11.126,0
7.183,627,1777804280624.678,11.126,0
7.194,628,1777804280635.804,11.126,0
7.205,629,1777804280646.929,11.125,0
7.216,630,1777804280658.056,11.127,0
7.227,631,1777804280669.182,11.126,0
7.238,632,1777804280680.307,11.125,0
7.250,633,1777804280691.434,11.127,0
7.261,634,1777804280702.560,11.125,0
7.272,635,1777804280713.685,11.126,0
7.283,636,1777804280724.812,11.126,0
7.294,637,1777804280735.938,11.126,0
7.305,638,1777804280747.063,11.125,0
7.316,639,1777804280758.190,11.127,0
7.327,640,1777804280769.315,11.125,0
7.338,641,1777804280780.441,11.126,0
7.350,642,1777804280791.567,11.126,0
7.361,643,1777804280802.693,11.126,0
7.372,644,1777804280813.819,11.125,0
7.383,645,1777804280824.944,11.126,0
7.394,646,1777804280836.071,11.126,0
7.405,647,1777804280847.197,11.126,0
7.416,648,1777804280858.322,11.125,0
7.427,649,1777804280869.449,11.127,0
7.438,650,1777804280880.574,11.125,0
7.450,651,1777804280891.700,11.126,0
7.461,652,1777804280902.826,11.126,0
7.472,653,1777804280913.952,11.126,0
7.483,654,1777804280925.078,11.126,0
7.494,655,1777804280936.205,11.127,0
7.505,656,1777804280947.330,11.126,0
7.516,657,1777804280958.456,11.125,0
7.527,658,1777804280969.583,11.127,0
7.539,659,1777804280980.708,11.126,0
7.550,660,1777804280991.834,11.126,0
7.561,661,1777804281002.961,11.127,0
7.572,662,1777804281014.086,11.126,0
7.583,663,1777804281025.212,11.125,0
7.594,664,1777804281036.339,11.127,0
7.605,665,1777804281047.464,11.126,0
7.617,666,1777804281058.590,11.126,0
7.628,667,1777804281069.717,11.127,0
7.639,668,1777804281080.843,11.126,0
7.650,669,1777804281091.968,11.126,0
7.661,670,1777804281103.095,11.126,0
7.672,671,1777804281114.220,11.126,0
7.683,672,1777804281125.346,11.126,0
7.694,673,1777804281136.473,11.127,0
7.705,674,1777804281147.599,11.126,0
7.717,675,1777804281158.724,11.125,0
7.728,676,1777804281169.851,11.127,0
7.739,677,1777804281180.977,11.126,0
7.750,678,1777804281192.102,11.126,0
7.761,679,1777804281203.229,11.127,0
7.772,680,1777804281214.355,11.126,0
7.783,681,1777804281225.480,11.125,0
7.795,682,1777804281236.607,11.127,0
7.806,683,1777804281247.733,11.126,0
7.817,684,1777804281258.858,11.126,0
7.828,685,1777804281269.984,11.126,0
7.839,686,1777804281281.111,11.127,0
7.850,687,1777804281292.236,11.125,0
7.861,688,1777804281303.362,11.126,0
7.872,689,1777804281314.489,11.127,0
7.883,690,1777804281325.615,11.126,0
7.895,691,1777804281336.740,11.126,0
7.906,692,1777804281347.867,11.126,0
7.917,693,1777804281358.992,11.126,0
7.928,694,1777804281370.118,11.126,0
7.939,695,1777804281381.245,11.127,0
7.950,696,1777804281392.371,11.126,0
7.962,697,1777804281403.496,11.125,0
7.972,698,1777804281414.623,11.127,0
7.984,699,1777804281425.749,11.126,0
7.995,700,1777804281436.874,11.126,0
8.006,701,1777804281448.001,11.127,0
8.017,702,1777804281459.126,11.125,0
8.028,703,1777804281470.252,11.126,0
8.039,704,1777804281481.379,11.127,0
8.050,705,1777804281492.505,11.126,0
8.061,706,1777804281503.630,11.125,0
8.073,707,1777804281514.757,11.127,0
8.084,708,1777804281525.883,11.126,0
8.095,709,1777804281537.008,11.126,0
8.106,710,1777804281548.135,11.127,0
8.117,711,1777804281559.260,11.125,0
8.128,712,1777804281570.386,11.126,0
8.139,713,1777804281581.513,11.127,0
8.151,714,1777804281592.639,11.126,0
8.162,715,1777804281603.764,11.126,0
8.173,716,1777804281614.891,11.126,0
8.184,717,1777804281626.017,11.126,0
8.195,718,1777804281637.142,11.126,0
8.206,719,1777804281648.269,11.127,0
8.217,720,1777804281659.395,11.125,0
8.228,721,1777804281670.520,11.126,0
8.240,722,1777804281681.647,11.127,0
8.251,723,1777804281692.773,11.126,0
8.262,724,1777804281703.898,11.125,0
8.273,725,1777804281715.024,11.126,0
8.284,726,1777804281726.151,11.127,0
8.295,727,1777804281737.276,11.126,0
8.306,728,1777804281748.402,11.126,0
8.317,729,1777804281759.529,11.126,0
8.329,730,1777804281770.654,11.126,0
8.340,731,1777804281781.780,11.126,0
8.351,732,1777804281792.907,11.127,0
8.362,733,1777804281804.032,11.125,0
8.373,734,1777804281815.158,11.126,0
8.384,735,1777804281826.285,11.127,0
8.395,736,1777804281837.410,11.126,0
8.406,737,1777804281848.536,11.125,0
8.418,738,1777804281859.663,11.127,0
8.429,739,1777804281870.788,11.126,0
8.440,740,1777804281881.914,11.126,0
8.451,741,1777804281893.041,11.126,0
8.462,742,1777804281904.166,11.126,0
8.473,743,1777804281915.292,11.126,0
8.484,744,1777804281926.419,11.127,0
8.495,745,1777804281937.544,11.126,0
8.507,746,1777804281948.670,11.126,0
8.518,747,1777804281959.797,11.127,0
8.529,748,1777804281970.923,11.126,0
8.540,749,1777804281982.048,11.126,0
8.551,750,1777804281993.175,11.127,0
8.562,751,1777804282004.301,11.126,0
8.573,752,1777804282015.427,11.126,0
8.584,753,1777804282026.553,11.127,0
8.596,754,1777804282037.679,11.125,0
8.607,755,1777804282048.804,11.126,0
8.618,756,1777804282059.931,11.127,0
8.629,757,1777804282071.057,11.126,0
8.640,758,1777804282082.183,11.126,0
8.651,759,1777804282093.309,11.127,0
8.662,760,1777804282104.435,11.126,0
8.673,761,1777804282115.561,11.126,0
8.685,762,1777804282126.688,11.127,0
8.696,763,1777804282137.813,11.126,0
8.707,764,1777804282148.939,11.126,0
8.718,765,1777804282160.065,11.126,0
8.729,766,1777804282171.191,11.127,0
8.740,767,1777804282182.317,11.126,0
8.751,768,1777804282193.443,11.125,0
8.762,769,1777804282204.569,11.127,0
8.774,770,1777804282215.695,11.126,0
8.785,771,1777804282226.821,11.126,0
8.796,772,1777804282237.948,11.127,0
8.807,773,1777804282249.073,11.126,0
8.818,774,1777804282260.199,11.126,0
8.829,775,1777804282271.326,11.127,0
8.840,776,1777804282282.451,11.126,0
8.852,777,1777804282293.577,11.126,0
8.863,778,1777804282304.704,11.127,0
8.874,779,1777804282315.830,11.126,0
8.885,780,1777804282326.955,11.126,0
8.896,781,1777804282338.082,11.127,0
8.907,782,1777804282349.208,11.126,0
8.918,783,1777804282360.333,11.125,0
8.929,784,1777804282371.460,11.127,0
8.941,785,1777804282382.586,11.126,0
8.952,786,1777804282393.711,11.126,0
8.963,787,1777804282404.838,11.127,0
8.974,788,1777804282415.964,11.126,0
8.985,789,1777804282427.090,11.126,0
8.996,790,1777804282438.216,11.127,0
9.007,791,1777804282449.342,11.126,0
9.018,792,1777804282460.468,11.126,0
9.029,793,1777804282471.594,11.127,0
9.041,794,1777804282482.720,11.126,0
9.052,795,1777804282493.846,11.126,0
9.063,796,1777804282504.973,11.127,0
9.074,797,1777804282516.098,11.125,0
9.085,798,1777804282527.224,11.126,0
9.096,799,1777804282538.351,11.127,0
9.107,800,1777804282549.476,11.126,0
9.118,801,1777804282560.602,11.126,0
9.130,802,1777804282571.729,11.127,0
9.141,803,1777804282582.854,11.126,0
9.152,804,1777804282593.980,11.126,0
9.163,805,1777804282605.106,11.126,0
9.174,806,1777804282616.233,11.127,0
9.185,807,1777804282627.358,11.126,0
9.196,808,1777804282638.484,11.126,0
9.207,809,1777804282649.611,11.127,0
9.219,810,1777804282660.736,11.125,0
9.230,811,1777804282671.862,11.126,0
9.241,812,1777804282682.989,11.127,0
9.252,813,1777804282694.115,11.126,0
9.263,814,1777804282705.240,11.126,0
9.274,815,1777804282716.367,11.127,0
9.286,816,1777804282727.493,11.126,0
9.296,817,1777804282738.618,11.126,0
9.308,818,1777804282749.745,11.127,0
9.319,819,1777804282760.871,11.126,0
9.330,820,1777804282771.997,11.126,0
9.341,821,1777804282783.123,11.127,0
9.352,822,1777804282794.249,11.126,0
9.363,823,1777804282805.375,11.125,0
9.374,824,1777804282816.501,11.127,0
9.386,825,1777804282827.627,11.126,0
9.397,826,1777804282838.753,11.126,0
9.408,827,1777804282849.879,11.127,0
9.419,828,1777804282861.005,11.126,0
9.430,829,1777804282872.131,11.126,0
9.441,830,1777804282883.258,11.127,0
9.452,831,1777804282894.383,11.126,0
9.463,832,1777804282905.509,11.126,0
9.475,833,1777804282916.636,11.127,0
9.486,834,1777804282927.761,11.125,0
9.497,835,1777804282938.887,11.126,0
9.508,836,1777804282950.014,11.127,0
9.519,837,1777804282961.139,11.126,0
9.530,838,1777804282972.265,11.126,0
9.541,839,1777804282983.392,11.127,0
9.552,840,1777804282994.517,11.125,0
9.564,841,1777804283005.643,11.126,0
9.575,842,1777804283016.770,11.127,0
9.586,843,1777804283027.896,11.126,0
9.597,844,1777804283039.021,11.126,0
9.608,845,1777804283050.147,11.125,0
9.619,846,1777804283061.273,11.127,0
9.630,847,1777804283072.399,11.126,0
9.641,848,1777804283083.525,11.126,0
9.652,849,1777804283094.652,11.127,0
9.664,850,1777804283105.777,11.125,0
9.675,851,1777804283116.903,11.126,0
9.686,852,1777804283128.030,11.127,0
9.697,853,1777804283139.155,11.126,0
9.708,854,1777804283150.281,11.126,0
9.719,855,1777804283161.408,11.127,0
9.730,856,1777804283172.533,11.125,0
9.741,857,1777804283183.659,11.126,0
9.753,858,1777804283194.786,11.127,0
9.764,859,1777804283205.911,11.126,0
9.775,860,1777804283217.037,11.125,0
9.786,861,1777804283228.164,11.127,0
9.797,862,1777804283239.289,11.126,0
9.809,863,1777804283250.415,11.126,0
9.820,864,1777804283261.542,11.127,0
9.831,865,1777804283272.667,11.126,0
9.842,866,1777804283283.793,11.125,0
9.853,867,1777804283294.920,11.127,0
9.864,868,1777804283306.045,11.126,0
9.875,869,1777804283317.171,11.126,0
9.886,870,1777804283328.298,11.127,0
9.897,871,1777804283339.423,11.125,0
9.909,872,1777804283350.549,11.126,0
9.920,873,1777804283361.676,11.127,0
9.931,874,1777804283372.802,11.126,0
9.942,875,1777804283383.927,11.125,0
9.953,876,1777804283395.054,11.127,0
9.964,877,1777804283406.179,11.126,0
9.975,878,1777804283417.305,11.126,0
9.986,879,1777804283428.432,11.127,0
9.998,880,1777804283439.557,11.125,0
10.009,881,1777804283450.683,11.126,0
10.020,882,1777804283461.810,11.127,0
10.031,883,1777804283472.936,11.126,0
10.042,884,1777804283484.061,11.126,0
10.053,885,1777804283495.187,11.125,0
10.064,886,1777804283506.313,11.127,0
10.075,887,1777804283517.439,11.126,0
10.086,888,1777804283528.565,11.126,0
10.098,889,1777804283539.691,11.126,0
10.109,890,1777804283550.817,11.126,0
10.120,891,1777804283561.943,11.126,0
10.131,892,1777804283573.070,11.127,0
10.142,893,1777804283584.195,11.126,0
10.153,894,1777804283595.321,11.125,0
10.164,895,1777804283606.448,11.127,0
10.176,896,1777804283617.573,11.126,0
10.187,897,1777804283628.699,11.126,0
10.198,898,1777804283639.825,11.126,0
10.209,899,1777804283650.951,11.126,0
10.220,900,1777804283662.077,11.126,0
10.231,901,1777804283673.204,11.127,0
10.242,902,1777804283684.329,11.126,0
10.253,903,1777804283695.455,11.125,0
10.264,904,1777804283706.582,11.127,0
10.276,905,1777804283717.707,11.126,0
10.287,906,1777804283728.833,11.126,0
10.298,907,1777804283739.959,11.126,0
10.309,908,1777804283751.085,11.126,0
10.320,909,1777804283762.211,11.126,0
10.331,910,1777804283773.338,11.127,0
10.342,911,1777804283784.463,11.125,0
10.354,912,1777804283795.589,11.126,0
10.365,913,1777804283806.716,11.127,0
10.376,914,1777804283817.841,11.126,0
10.387,915,1777804283828.967,11.125,0
10.398,916,1777804283840.094,11.127,0
10.409,917,1777804283851.219,11.126,0
10.420,918,1777804283862.345,11.126,0
10.431,919,1777804283873.472,11.127,0
10.442,920,1777804283884.597,11.125,0
10.454,921,1777804283895.723,11.126,0
10.465,922,1777804283906.850,11.127,0
10.476,923,1777804283917.975,11.126,0
10.487,924,1777804283929.101,11.125,0
10.498,925,1777804283940.227,11.126,0
10.509,926,1777804283951.353,11.127,0
10.521,927,1777804283962.479,11.126,0
10.531,928,1777804283973.605,11.126,0
10.543,929,1777804283984.731,11.127,0
10.554,930,1777804283995.857,11.125,0
10.565,931,1777804284006.983,11.126,0
10.576,932,1777804284018.109,11.127,0
10.587,933,1777804284029.235,11.126,0
10.598,934,1777804284040.361,11.126,0
10.609,935,1777804284051.488,11.127,0
10.621,936,1777804284062.613,11.125,0
10.632,937,1777804284073.739,11.126,0
10.643,938,1777804284084.865,11.127,0
10.654,939,1777804284095.991,11.126,0
10.665,940,1777804284107.117,11.126,0
10.676,941,1777804284118.244,11.127,0
10.687,942,1777804284129.369,11.125,0
10.698,943,1777804284140.495,11.126,0
10.710,944,1777804284151.622,11.127,0
10.721,945,1777804284162.747,11.126,0
10.732,946,1777804284173.873,11.126,0
10.743,947,1777804284185.000,11.127,0
10.754,948,1777804284196.125,11.125,0
10.765,949,1777804284207.251,11.126,0
10.776,950,1777804284218.378,11.127,0
10.787,951,1777804284229.503,11.126,0
10.799,952,1777804284240.629,11.126,0
10.810,953,1777804284251.756,11.127,0
10.821,954,1777804284262.881,11.125,0
10.832,955,1777804284274.007,11.126,0
10.843,956,1777804284285.134,11.127,0
10.854,957,1777804284296.260,11.126,0
10.865,958,1777804284307.385,11.126,0
10.877,959,1777804284318.512,11.127,0
10.888,960,1777804284329.637,11.125,0
10.899,961,1777804284340.763,11.126,0
10.910,962,1777804284351.890,11.127,0
10.921,963,1777804284363.016,11.126,0
10.932,964,1777804284374.141,11.126,0
10.943,965,1777804284385.267,11.125,0
10.954,966,1777804284396.394,11.127,0
10.965,967,1777804284407.519,11.126,0
10.977,968,1777804284418.645,11.126,0
10.988,969,1777804284429.772,11.127,0
10.999,970,1777804284440.897,11.126,0
11.010,971,1777804284452.023,11.125,0
11.021,972,1777804284463.150,11.127,0
11.032,973,1777804284474.275,11.126,0
11.043,974,1777804284485.401,11.126,0
11.054,975,1777804284496.528,11.127,0
11.066,976,1777804284507.653,11.125,0
11.077,977,1777804284518.779,11.126,0
11.088,978,1777804284529.906,11.127,0
11.099,979,1777804284541.031,11.126,0
11.110,980,1777804284552.157,11.126,0
11.121,981,1777804284563.284,11.127,0
11.132,982,1777804284574.409,11.125,0
11.143,983,1777804284585.535,11.126,0
11.155,984,1777804284596.662,11.127,0
11.166,985,1777804284607.788,11.126,0
11.177,986,1777804284618.913,11.126,0
11.188,987,1777804284630.040,11.126,0
11.199,988,1777804284641.166,11.126,0
11.210,989,1777804284652.291,11.126,0
11.221,990,1777804284663.418,11.127,0
11.232,991,1777804284674.544,11.126,0
11.244,992,1777804284685.669,11.125,0
11.255,993,1777804284696.796,11.127,0
11.266,994,1777804284707.922,11.126,0
11.277,995,1777804284719.047,11.126,0
11.288,996,1777804284730.174,11.127,0
11.299,997,1777804284741.300,11.125,0
11.311,998,1777804284752.425,11.126,0
11.321,999,1777804284763.552,11.127,0
11.333,1000,1777804284774.678,11.126,0
11.344,1001,1777804284785.803,11.126,0
11.355,1002,1777804284796.930,11.127,0
11.366,1003,1777804284808.056,11.125,0
11.377,1004,1777804284819.181,11.126,0
11.388,1005,1777804284830.307,11.126,0
11.400,1006,1777804284841.434,11.127,0
11.410,1007,1777804284852.559,11.125,0
11.422,1008,1777804284863.685,11.126,0
11.433,1009,1777804284874.812,11.127,0
11.444,1010,1777804284885.938,11.126,0
11.455,1011,1777804284897.063,11.126,0
11.466,1012,1777804284908.190,11.127,0
11.477,1013,1777804284919.315,11.125,0
11.489,1014,1777804284930.441,11.126,0
11.499,1015,1777804284941.568,11.127,0
11.511,1016,1777804284952.694,11.126,0
11.522,1017,1777804284963.819,11.126,0
11.533,1018,1777804284974.946,11.127,0
11.544,1019,1777804284986.072,11.126,0
11.555,1020,1777804284997.198,11.126,0
11.566,1021,1777804285008.324,11.127,0
11.578,1022,1777804285019.450,11.125,0
11.588,1023,1777804285030.575,11.126,0
11.600,1024,1777804285041.702,11.127,0
11.611,1025,1777804285052.828,11.126,0
11.622,1026,1777804285063.954,11.126,0
11.633,1027,1777804285075.080,11.127,0
11.644,1028,1777804285086.206,11.126,0
11.656,1029,1777804285097.332,11.126,0
11.666,1030,1777804285108.458,11.126,0
11.678,1031,1777804285119.584,11.126,0
11.689,1032,1777804285130.710,11.126,0
11.700,1033,1777804285141.836,11.127,0
11.711,1034,1777804285152.962,11.126,0
11.722,1035,1777804285164.088,11.126,0
11.733,1036,1777804285175.215,11.127,0
11.744,1037,1777804285186.340,11.126,0
11.755,1038,1777804285197.466,11.125,0
11.767,1039,1777804285208.593,11.127,0
11.778,1040,1777804285219.718,11.126,0
11.789,1041,1777804285230.844,11.126,0
11.800,1042,1777804285241.971,11.127,0
11.811,1043,1777804285253.096,11.126,0
11.822,1044,1777804285264.222,11.126,0
11.833,1045,1777804285275.348,11.126,0
11.844,1046,1777804285286.475,11.127,0
11.856,1047,1777804285297.600,11.125,0
11.867,1048,1777804285308.726,11.126,0
11.878,1049,1777804285319.853,11.127,0
11.889,1050,1777804285330.978,11.126,0
11.900,1051,1777804285342.104,11.126,0
11.911,1052,1777804285353.231,11.127,0
11.922,1053,1777804285364.356,11.126,0
11.933,1054,1777804285375.482,11.126,0
11.944,1055,1777804285386.609,11.126,0
11.956,1056,1777804285397.734,11.126,0
11.967,1057,1777804285408.860,11.126,0
11.978,1058,1777804285419.987,11.127,0
11.989,1059,1777804285431.113,11.126,0
12.000,1060,1777804285442.238,11.126,0
12.011,1061,1777804285453.365,11.127,0
12.022,1062,1777804285464.491,11.126,0
12.033,1063,1777804285475.616,11.125,0
12.045,1064,1777804285486.743,11.127,0
12.056,1065,1777804285497.869,11.126,0
12.067,1066,1777804285508.994,11.126,0
12.078,1067,1777804285520.121,11.127,0
12.089,1068,1777804285531.247,11.126,0
12.100,1069,1777804285542.373,11.126,0
12.111,1070,1777804285553.499,11.127,0
12.123,1071,1777804285564.625,11.126,0
12.134,1072,1777804285575.750,11.125,0
12.145,1073,1777804285586.877,11.127,0
12.156,1074,1777804285598.003,11.126,0
12.167,1075,1777804285609.129,11.126,0
12.178,1076,1777804285620.255,11.127,0
12.189,1077,1777804285631.381,11.126,0
12.200,1078,1777804285642.507,11.126,0
12.212,1079,1777804285653.634,11.127,0
12.223,1080,1777804285664.759,11.125,0
12.234,1081,1777804285675.885,11.126,0
12.245,1082,1777804285687.011,11.127,0
12.256,1083,1777804285698.137,11.126,0
12.267,1084,1777804285709.263,11.126,0
12.278,1085,1777804285720.389,11.126,0
12.289,1086,1777804285731.515,11.127,0
12.301,1087,1777804285742.641,11.125,0
12.312,1088,1777804285753.767,11.126,0
12.323,1089,1777804285764.893,11.127,0
12.334,1090,1777804285776.019,11.126,0
12.345,1091,1777804285787.145,11.126,0
12.356,1092,1777804285798.271,11.127,0
12.367,1093,1777804285809.397,11.126,0
12.378,1094,1777804285820.523,11.126,0
12.389,1095,1777804285831.649,11.126,0
12.401,1096,1777804285842.775,11.126,0
12.412,1097,1777804285853.901,11.126,0
12.423,1098,1777804285865.028,11.127,0
12.434,1099,1777804285876.153,11.126,0
12.445,1100,1777804285887.279,11.126,0
12.456,1101,1777804285898.406,11.127,0
12.467,1102,1777804285909.531,11.126,0
12.479,1103,1777804285920.657,11.126,0
12.490,1104,1777804285931.784,11.127,0
12.501,1105,1777804285942.910,11.126,0
12.512,1106,1777804285954.036,11.126,0
12.523,1107,1777804285965.162,11.127,0
12.534,1108,1777804285976.288,11.126,0
12.545,1109,1777804285987.414,11.126,0
12.556,1110,1777804285998.541,11.127,0
12.567,1111,1777804286009.667,11.126,0
12.579,1112,1777804286020.792,11.126,0
12.601,1114,1777804286043.045,22.253,1
12.612,1115,1777804286054.171,11.126,1
12.623,1116,1777804286065.297,11.127,1
12.635,1117,1777804286076.423,11.126,1
12.645,1118,1777804286087.549,11.126,1
12.657,1119,1777804286098.676,11.127,1
12.668,1120,1777804286109.802,11.126,1
12.679,1121,1777804286120.927,11.126,1
12.690,1122,1777804286132.054,11.127,1
12.701,1123,1777804286143.180,11.126,1
12.712,1124,1777804286154.306,11.126,1
12.723,1125,1777804286165.432,11.126,1
12.734,1126,1777804286176.558,11.127,1
12.746,1127,1777804286187.684,11.126,1
12.757,1128,1777804286198.810,11.126,1
12.768,1129,1777804286209.937,11.127,1
12.779,1130,1777804286221.062,11.126,1
12.790,1131,1777804286232.188,11.126,1
12.801,1132,1777804286243.315,11.127,1
12.812,1133,1777804286254.441,11.126,1
12.823,1134,1777804286265.567,11.126,1
12.835,1135,1777804286276.693,11.127,1
12.846,1136,1777804286287.819,11.126,1
12.857,1137,1777804286298.945,11.126,1
12.868,1138,1777804286310.072,11.127,1
12.879,1139,1777804286321.198,11.126,1
12.890,1140,1777804286332.323,11.126,1
12.901,1141,1777804286343.450,11.127,1
12.912,1142,1777804286354.576,11.126,1
12.924,1143,1777804286365.702,11.126,1
12.935,1144,1777804286376.829,11.127,1
12.946,1145,1777804286387.954,11.126,1
12.957,1146,1777804286399.080,11.126,1
12.968,1147,1777804286410.207,11.127,1
12.979,1148,1777804286421.333,11.126,1
12.991,1149,1777804286432.458,11.126,1
13.001,1150,1777804286443.585,11.127,1
13.013,1151,1777804286454.711,11.126,1
13.024,1152,1777804286465.837,11.126,1
13.035,1153,1777804286476.964,11.127,1
13.046,1154,1777804286488.089,11.126,1
13.057,1155,1777804286499.215,11.126,1
13.068,1156,1777804286510.342,11.127,1
13.079,1157,1777804286521.468,11.126,1
13.090,1158,1777804286532.594,11.126,1
13.102,1159,1777804286543.720,11.127,1
13.113,1160,1777804286554.846,11.126,1
13.124,1161,1777804286565.972,11.126,1
13.135,1162,1777804286577.099,11.127,1
13.146,1163,1777804286588.225,11.126,1
13.157,1164,1777804286599.350,11.126,1
13.169,1165,1777804286610.476,11.126,1
13.180,1166,1777804286621.603,11.127,1
13.191,1167,1777804286632.729,11.126,1
13.202,1168,1777804286643.854,11.126,1
13.213,1169,1777804286654.981,11.127,1
13.224,1170,1777804286666.107,11.126,1
13.235,1171,1777804286677.233,11.126,1
13.246,1172,1777804286688.360,11.127,1
13.257,1173,1777804286699.486,11.126,1
13.269,1174,1777804286710.611,11.126,1
13.280,1175,1777804286721.738,11.127,1
13.291,1176,1777804286732.864,11.126,1
13.302,1177,1777804286743.990,11.126,1
13.313,1178,1777804286755.116,11.127,1
13.324,1179,1777804286766.242,11.126,1
13.335,1180,1777804286777.368,11.126,1
13.346,1181,1777804286788.495,11.127,1
13.358,1182,1777804286799.621,11.126,1
13.369,1183,1777804286810.747,11.126,1
13.380,1184,1777804286821.873,11.127,1
13.391,1185,1777804286832.999,11.126,1
13.402,1186,1777804286844.125,11.126,1
13.413,1187,1777804286855.252,11.127,1
13.424,1188,1777804286866.377,11.126,1
13.435,1189,1777804286877.503,11.126,1
13.447,1190,1777804286888.630,11.127,1
13.458,1191,1777804286899.756,11.126,1
13.469,1192,1777804286910.882,11.126,1
13.480,1193,1777804286922.008,11.127,1
13.491,1194,1777804286933.134,11.126,1
13.502,1195,1777804286944.260,11.126,1
13.513,1196,1777804286955.386,11.127,1
13.524,1197,1777804286966.512,11.126,1
13.535,1198,1777804286977.638,11.126,1
13.547,1199,1777804286988.765,11.127,1
13.558,1200,1777804286999.890,11.126,1
13.569,1201,1777804287011.016,11.126,1
13.580,1202,1777804287022.143,11.127,1
13.591,1203,1777804287033.269,11.126,1
13.602,1204,1777804287044.394,11.126,1
13.613,1205,1777804287055.520,11.126,1
13.624,1206,1777804287066.647,11.127,1
13.636,1207,1777804287077.772,11.126,1
13.647,1208,1777804287088.898,11.126,1
13.658,1209,1777804287100.025,11.127,1
13.669,1210,1777804287111.151,11.126,1
13.680,1211,1777804287122.277,11.126,1
13.691,1212,1777804287133.403,11.127,1
13.702,1213,1777804287144.529,11.126,1
13.714,1214,1777804287155.655,11.126,1
13.725,1215,1777804287166.781,11.127,1
13.736,1216,1777804287177.907,11.126,1
13.747,1217,1777804287189.033,11.126,1
13.758,1218,1777804287200.160,11.127,1
13.769,1219,1777804287211.285,11.126,1
13.780,1220,1777804287222.411,11.126,1
13.791,1221,1777804287233.538,11.127,1
13.803,1222,1777804287244.664,11.126,1
13.814,1223,1777804287255.789,11.126,1
13.825,1224,1777804287266.916,11.127,1
13.836,1225,1777804287278.042,11.126,1
13.847,1226,1777804287289.167,11.126,1
13.858,1227,1777804287300.294,11.127,1
13.869,1228,1777804287311.420,11.126,1
13.880,1229,1777804287322.546,11.126,1
13.892,1230,1777804287333.672,11.127,1
13.903,1231,1777804287344.798,11.126,1
13.914,1232,1777804287355.924,11.126,1
13.925,1233,1777804287367.051,11.127,1
13.936,1234,1777804287378.176,11.126,1
13.947,1235,1777804287389.302,11.126,1
13.958,1236,1777804287400.429,11.127,1
13.969,1237,1777804287411.555,11.126,1
13.981,1238,1777804287422.680,11.126,1
13.992,1239,1777804287433.807,11.127,1
14.003,1240,1777804287444.933,11.126,1
14.014,1241,1777804287456.059,11.126,1
14.025,1242,1777804287467.185,11.127,1
14.036,1243,1777804287478.311,11.126,1
14.047,1244,1777804287489.437,11.126,1
14.058,1245,1777804287500.562,11.126,1
14.070,1246,1777804287511.689,11.127,1
14.081,1247,1777804287522.815,11.126,1
14.092,1248,1777804287533.941,11.126,1
14.103,1249,1777804287545.067,11.127,1
14.114,1250,1777804287556.193,11.126,1
14.125,1251,1777804287567.319,11.126,1
14.136,1252,1777804287578.446,11.127,1
14.147,1253,1777804287589.571,11.126,1
14.159,1254,1777804287600.697,11.126,1
14.170,1255,1777804287611.824,11.127,1
14.181,1256,1777804287622.949,11.126,1
14.192,1257,1777804287634.075,11.126,1
14.203,1258,1777804287645.202,11.127,1
14.214,1259,1777804287656.328,11.126,1
14.225,1260,1777804287667.453,11.126,1
14.236,1261,1777804287678.580,11.127,1
14.248,1262,1777804287689.706,11.126,1
14.259,1263,1777804287700.832,11.126,1
14.270,1264,1777804287711.958,11.127,1
14.281,1265,1777804287723.084,11.126,1
14.292,1266,1777804287734.210,11.126,1
14.303,1267,1777804287745.337,11.127,1
14.314,1268,1777804287756.462,11.126,1
14.325,1269,1777804287767.588,11.126,1
14.337,1270,1777804287778.715,11.127,1
14.348,1271,1777804287789.841,11.126,1
14.359,1272,1777804287800.966,11.126,1
14.370,1273,1777804287812.093,11.127,1
14.381,1274,1777804287823.219,11.126,1
14.392,1275,1777804287834.344,11.126,1
14.403,1276,1777804287845.471,11.127,1
14.414,1277,1777804287856.597,11.126,1
14.426,1278,1777804287867.723,11.126,1
14.437,1279,1777804287878.849,11.127,1
14.448,1280,1777804287889.975,11.126,1
14.459,1281,1777804287901.101,11.126,1
14.470,1282,1777804287912.228,11.127,1
14.481,1283,1777804287923.353,11.126,1
14.492,1284,1777804287934.479,11.126,1
14.503,1285,1777804287945.604,11.125,1
14.515,1286,1777804287956.731,11.127,1
14.526,1287,1777804287967.857,11.126,1
14.537,1288,1777804287978.983,11.126,1
14.548,1289,1777804287990.109,11.126,1
14.559,1290,1777804288001.235,11.126,1
14.570,1291,1777804288012.361,11.126,1
14.582,1292,1777804288023.487,11.127,1
14.593,1293,1777804288034.613,11.125,1
14.604,1294,1777804288045.739,11.126,1
14.615,1295,1777804288056.865,11.127,1
14.626,1296,1777804288067.991,11.126,1
14.637,1297,1777804288079.116,11.125,1
14.648,1298,1777804288090.243,11.127,1
14.659,1299,1777804288101.369,11.126,1
14.670,1300,1777804288112.495,11.126,1
14.682,1301,1777804288123.621,11.126,1
14.693,1302,1777804288134.747,11.126,1
14.704,1303,1777804288145.873,11.126,1
14.715,1304,1777804288156.999,11.127,1
14.726,1305,1777804288168.125,11.125,1
14.737,1306,1777804288179.250,11.126,1
14.748,1307,1777804288190.377,11.127,1
14.759,1308,1777804288201.503,11.126,1
14.770,1309,1777804288212.628,11.125,1
14.782,1310,1777804288223.755,11.127,1
14.793,1311,1777804288234.881,11.126,1
14.804,1312,1777804288246.007,11.126,1
14.815,1313,1777804288257.133,11.126,1
14.826,1314,1777804288268.259,11.126,1
14.837,1315,1777804288279.385,11.126,1
14.848,1316,1777804288290.511,11.127,1
14.860,1317,1777804288301.637,11.125,1
14.871,1318,1777804288312.762,11.126,1
14.882,1319,1777804288323.889,11.127,1
14.893,1320,1777804288335.015,11.126,1
14.904,1321,1777804288346.140,11.125,1
14.915,1322,1777804288357.267,11.127,1
14.926,1323,1777804288368.393,11.126,1
14.938,1324,1777804288379.519,11.126,1
14.948,1325,1777804288390.644,11.125,1
14.960,1326,1777804288401.771,11.127,1
14.971,1327,1777804288412.896,11.126,1
14.982,1328,1777804288424.022,11.125,1
14.993,1329,1777804288435.149,11.127,1
15.004,1330,1777804288446.274,11.126,1
15.015,1331,1777804288457.400,11.126,1
15.027,1332,1777804288468.527,11.126,1
15.038,1333,1777804288479.652,11.126,1
15.049,1334,1777804288490.778,11.126,1
15.060,1335,1777804288501.905,11.127,1
15.071,1336,1777804288513.030,11.125,1
15.082,1337,1777804288524.156,11.126,1
15.093,1338,1777804288535.283,11.127,1
15.104,1339,1777804288546.408,11.126,1
15.116,1340,1777804288557.534,11.125,1
15.127,1341,1777804288568.661,11.127,1
15.138,1342,1777804288579.786,11.126,1
15.149,1343,1777804288590.912,11.125,1
15.160,1344,1777804288602.039,11.127,1
15.171,1345,1777804288613.164,11.126,1
15.182,1346,1777804288624.290,11.126,1
15.193,1347,1777804288635.417,11.126,1
15.204,1348,1777804288646.542,11.126,1
15.216,1349,1777804288657.668,11.126,1
15.227,1350,1777804288668.795,11.127,1
15.238,1351,1777804288679.920,11.125,1
15.249,1352,1777804288691.046,11.126,1
15.260,1353,1777804288702.173,11.127,1
15.271,1354,1777804288713.298,11.126,1
15.283,1355,1777804288724.424,11.125,1
15.293,1356,1777804288735.551,11.127,1
15.305,1357,1777804288746.676,11.126,1
15.316,1358,1777804288757.802,11.125,1
15.327,1359,1777804288768.928,11.127,1
15.338,1360,1777804288780.054,11.126,1
15.349,1361,1777804288791.180,11.126,1
15.360,1362,1777804288802.306,11.126,1
15.371,1363,1777804288813.432,11.126,1
15.382,1364,1777804288824.558,11.126,1
15.394,1365,1777804288835.683,11.125,1
15.405,1366,1777804288846.810,11.127,1
15.416,1367,1777804288857.936,11.126,1
15.427,1368,1777804288869.062,11.126,1
15.438,1369,1777804288880.188,11.126,1
15.449,1370,1777804288891.314,11.126,1
15.460,1371,1777804288902.439,11.126,1
15.471,1372,1777804288913.566,11.127,1
15.483,1373,1777804288924.692,11.125,1
15.494,1374,1777804288935.817,11.126,1
15.505,1375,1777804288946.944,11.127,1
15.516,1376,1777804288958.070,11.126,1
15.527,1377,1777804288969.196,11.126,1
15.538,1378,1777804288980.322,11.127,1
15.549,1379,1777804288991.448,11.125,1
15.561,1380,1777804289002.573,11.126,1
15.572,1381,1777804289013.700,11.127,1
15.583,1382,1777804289024.826,11.126,1
15.594,1383,1777804289035.952,11.126,1
15.605,1384,1777804289047.078,11.127,1
15.616,1385,1777804289058.204,11.126,1
15.627,1386,1777804289069.330,11.125,1
15.638,1387,1777804289080.456,11.127,1
15.650,1388,1777804289091.582,11.126,1
15.661,1389,1777804289102.708,11.126,1
15.672,1390,1777804289113.834,11.127,1
15.683,1391,1777804289124.960,11.126,1
15.694,1392,1777804289136.086,11.125,1
15.705,1393,1777804289147.212,11.127,1
15.716,1394,1777804289158.338,11.126,1
15.727,1395,1777804289169.464,11.126,1
15.738,1396,1777804289180.591,11.127,1
15.750,1397,1777804289191.716,11.126,1
15.761,1398,1777804289202.842,11.125,1
15.772,1399,1777804289213.969,11.127,1
15.783,1400,1777804289225.094,11.126,1
15.794,1401,1777804289236.220,11.126,1
15.805,1402,1777804289247.347,11.127,1
15.817,1403,1777804289258.472,11.126,1
15.828,1404,1777804289269.598,11.125,1
15.839,1405,1777804289280.724,11.126,1
15.850,1406,1777804289291.850,11.127,1
15.861,1407,1777804289302.976,11.126,1
15.872,1408,1777804289314.102,11.126,1
15.883,1409,1777804289325.229,11.127,1
15.894,1410,1777804289336.354,11.125,1
15.906,1411,1777804289347.480,11.126,1
15.917,1412,1777804289358.606,11.127,1
15.928,1413,1777804289369.732,11.126,1
15.939,1414,1777804289380.858,11.126,1
15.950,1415,1777804289391.985,11.127,1
15.961,1416,1777804289403.110,11.125,1
15.972,1417,1777804289414.236,11.126,1
15.983,1418,1777804289425.363,11.127,1
15.995,1419,1777804289436.488,11.126,1
16.005,1420,1777804289447.614,11.126,1
16.017,1421,1777804289458.741,11.127,1
16.028,1422,1777804289469.866,11.125,1
16.039,1423,1777804289480.992,11.126,1
16.050,1424,1777804289492.119,11.127,1
16.061,1425,1777804289503.244,11.126,1
16.072,1426,1777804289514.370,11.126,1
16.083,1427,1777804289525.497,11.126,1
16.095,1428,1777804289536.622,11.126,1
16.106,1429,1777804289547.748,11.126,1
16.117,1430,1777804289558.875,11.127,1
16.128,1431,1777804289570.000,11.126,1
16.139,1432,1777804289581.126,11.126,1
16.151,1433,1777804289592.253,11.126,1
16.161,1434,1777804289603.378,11.126,1
16.172,1435,1777804289614.504,11.126,1
16.183,1436,1777804289625.631,11.127,1
16.195,1437,1777804289636.757,11.126,1
16.206,1438,1777804289647.882,11.125,1
16.217,1439,1777804289659.009,11.127,1
16.228,1440,1777804289670.135,11.126,1
16.239,1441,1777804289681.260,11.126,1
16.250,1442,1777804289692.387,11.127,1
16.261,1443,1777804289703.513,11.126,1
16.273,1444,1777804289714.638,11.125,1
16.284,1445,1777804289725.764,11.126,1
16.295,1446,1777804289736.891,11.127,1
16.306,1447,1777804289748.016,11.126,1
16.317,1448,1777804289759.142,11.126,1
16.328,1449,1777804289770.269,11.127,1
16.339,1450,1777804289781.394,11.125,1
16.350,1451,1777804289792.520,11.126,1
16.361,1452,1777804289803.647,11.127,1
16.373,1453,1777804289814.772,11.126,1
16.384,1454,1777804289825.898,11.126,1
16.395,1455,1777804289837.025,11.126,1
16.406,1456,1777804289848.150,11.126,1
16.417,1457,1777804289859.276,11.126,1
16.428,1458,1777804289870.403,11.127,1
16.439,1459,1777804289881.529,11.126,1
16.450,1460,1777804289892.654,11.125,1
16.462,1461,1777804289903.781,11.127,1
16.473,1462,1777804289914.907,11.126,1
16.484,1463,1777804289926.032,11.126,1
16.495,1464,1777804289937.159,11.127,1
16.506,1465,1777804289948.285,11.126,1
16.517,1466,1777804289959.411,11.126,1
16.528,1467,1777804289970.538,11.127,1
16.539,1468,1777804289981.664,11.126,1
16.551,1469,1777804289992.790,11.126,1
16.562,1470,1777804290003.916,11.127,1
16.573,1471,1777804290015.042,11.126,1
16.584,1472,1777804290026.168,11.126,1
16.595,1473,1777804290037.295,11.127,1
16.606,1474,1777804290048.421,11.126,1
16.617,1475,1777804290059.546,11.126,1
16.628,1476,1777804290070.673,11.127,1
16.640,1477,1777804290081.799,11.126,1
16.651,1478,1777804290092.925,11.126,1
16.662,1479,1777804290104.052,11.127,1
16.673,1480,1777804290115.177,11.126,1
16.684,1481,1777804290126.303,11.126,1
16.695,1482,1777804290137.430,11.127,1
16.707,1483,1777804290148.556,11.126,1
16.718,1484,1777804290159.682,11.126,1
16.729,1485,1777804290170.808,11.126,1
16.740,1486,1777804290181.935,11.127,1
16.751,1487,1777804290193.060,11.126,1
16.762,1488,1777804290204.186,11.126,1
16.773,1489,1777804290215.313,11.127,1
16.784,1490,1777804290226.439,11.126,1
16.795,1491,1777804290237.565,11.126,1
16.807,1492,1777804290248.691,11.127,1
16.818,1493,1777804290259.817,11.126,1
16.829,1494,1777804290270.943,11.126,1
16.840,1495,1777804290282.070,11.127,1
16.851,1496,1777804290293.196,11.126,1
16.862,1497,1777804290304.322,11.126,1
16.873,1498,1777804290315.448,11.127,1
16.884,1499,1777804290326.574,11.126,1
16.896,1500,1777804290337.700,11.126,1
16.907,1501,1777804290348.827,11.127,1
16.918,1502,1777804290359.953,11.126,1
16.929,1503,1777804290371.079,11.126,1
16.940,1504,1777804290382.205,11.127,1
16.951,1505,1777804290393.331,11.126,1
16.962,1506,1777804290404.457,11.126,1
16.974,1507,1777804290415.584,11.127,1
16.985,1508,1777804290426.710,11.126,1
16.996,1509,1777804290437.836,11.126,1
17.007,1510,1777804290448.962,11.127,1
17.018,1511,1777804290460.088,11.126,1
17.029,1512,1777804290471.214,11.126,1
17.040,1513,1777804290482.341,11.127,1
17.051,1514,1777804290493.467,11.126,1
17.062,1515,1777804290504.593,11.126,1
17.074,1516,1777804290515.719,11.127,1
17.085,1517,1777804290526.845,11.126,1
17.096,1518,1777804290537.971,11.126,1
17.107,1519,1777804290549.098,11.127,1
17.118,1520,1777804290560.224,11.126,1
17.129,1521,1777804290571.350,11.126,1
17.140,1522,1777804290582.476,11.127,1
17.151,1523,1777804290593.602,11.126,1
17.163,1524,1777804290604.728,11.126,1
17.174,1525,1777804290615.854,11.126,1
17.185,1526,1777804290626.981,11.127,1
17.197,1527,1777804290638.107,11.126,1
17.207,1528,1777804290649.232,11.126,1
17.218,1529,1777804290660.359,11.127,1
17.229,1530,1777804290671.485,11.126,1
17.241,1531,1777804290682.611,11.126,1
17.252,1532,1777804290693.738,11.127,1
17.263,1533,1777804290704.864,11.126,1
17.274,1534,1777804290715.990,11.126,1
17.285,1535,1777804290727.116,11.127,1
17.296,1536,1777804290738.242,11.126,1
17.307,1537,1777804290749.368,11.126,1
17.319,1538,1777804290760.495,11.127,1
17.330,1539,1777804290771.621,11.126,1
17.341,1540,1777804290782.747,11.126,1
17.352,1541,1777804290793.873,11.127,1
17.363,1542,1777804290804.999,11.126,1
17.374,1543,1777804290816.125,11.126,1
17.385,1544,1777804290827.252,11.127,1
17.396,1545,1777804290838.378,11.126,1
17.407,1546,1777804290849.504,11.126,1
17.418,1547,1777804290860.630,11.127,1
17.430,1548,1777804290871.756,11.126,1
17.441,1549,1777804290882.882,11.126,1
17.452,1550,1777804290894.009,11.127,1
17.463,1551,1777804290905.135,11.126,1
17.474,1552,1777804290916.260,11.126,1
17.485,1553,1777804290927.387,11.127,1
17.497,1554,1777804290938.513,11.126,1
17.508,1555,1777804290949.639,11.126,1
17.519,1556,1777804290960.766,11.127,1
17.530,1557,1777804290971.892,11.126,1
17.541,1558,1777804290983.018,11.126,1
17.552,1559,1777804290994.145,11.127,1
17.563,1560,1777804291005.271,11.126,1
17.574,1561,1777804291016.396,11.126,1
17.586,1562,1777804291027.523,11.127,1
17.597,1563,1777804291038.649,11.126,1
17.608,1564,1777804291049.775,11.126,1
17.619,1565,1777804291060.901,11.126,1
17.630,1566,1777804291072.028,11.127,1
17.641,1567,1777804291083.153,11.126,1
17.652,1568,1777804291094.279,11.126,1
17.663,1569,1777804291105.406,11.127,1
17.674,1570,1777804291116.532,11.126,1
17.685,1571,1777804291127.658,11.126,1
17.697,1572,1777804291138.785,11.127,1
17.708,1573,1777804291149.910,11.126,1
17.719,1574,1777804291161.036,11.126,1
17.730,1575,1777804291172.163,11.127,1
17.741,1576,1777804291183.289,11.126,1
17.752,1577,1777804291194.415,11.126,1
17.763,1578,1777804291205.542,11.127,1
17.775,1579,1777804291216.668,11.126,1
17.786,1580,1777804291227.793,11.126,1
17.797,1581,1777804291238.920,11.127,1
17.808,1582,1777804291250.046,11.126,1
17.819,1583,1777804291261.172,11.126,1
17.830,1584,1777804291272.299,11.127,1
17.842,1585,1777804291283.425,11.126,1
17.852,1586,1777804291294.551,11.126,1
17.864,1587,1777804291305.677,11.127,1
17.875,1588,1777804291316.803,11.126,1
17.886,1589,1777804291327.929,11.126,1
17.897,1590,1777804291339.056,11.127,1
17.908,1591,1777804291350.182,11.126,1
17.919,1592,1777804291361.308,11.126,1
17.930,1593,1777804291372.435,11.127,1
17.941,1594,1777804291383.561,11.126,1
17.953,1595,1777804291394.687,11.126,1
17.964,1596,1777804291405.813,11.127,1
17.975,1597,1777804291416.939,11.126,1
17.986,1598,1777804291428.065,11.126,1
17.997,1599,1777804291439.192,11.127,1
18.008,1600,1777804291450.318,11.126,1
18.019,1601,1777804291461.444,11.126,1
18.031,1602,1777804291472.571,11.127,1
18.042,1603,1777804291483.696,11.126,1
18.053,1604,1777804291494.822,11.126,1
18.064,1605,1777804291505.948,11.126,1
18.075,1606,1777804291517.075,11.127,1
18.086,1607,1777804291528.201,11.126,1
18.097,1608,1777804291539.327,11.126,1
18.108,1609,1777804291550.454,11.127,1
18.119,1610,1777804291561.579,11.126,1
18.131,1611,1777804291572.705,11.126,1
18.142,1612,1777804291583.832,11.127,1
18.153,1613,1777804291594.958,11.126,1
18.164,1614,1777804291606.084,11.126,1
18.175,1615,1777804291617.211,11.127,1
18.186,1616,1777804291628.337,11.126,1
18.198,1617,1777804291639.462,11.126,1
18.209,1618,1777804291650.589,11.127,1
18.220,1619,1777804291661.715,11.126,1
18.231,1620,1777804291672.841,11.126,1
18.242,1621,1777804291683.968,11.127,1
18.253,1622,1777804291695.094,11.126,1
18.264,1623,1777804291706.220,11.126,1
18.275,1624,1777804291717.347,11.127,1
18.287,1625,1777804291728.472,11.126,1
18.298,1626,1777804291739.598,11.126,1
18.309,1627,1777804291750.725,11.127,1
18.320,1628,1777804291761.851,11.126,1
18.331,1629,1777804291772.977,11.126,1
18.342,1630,1777804291784.104,11.127,1
18.353,1631,1777804291795.230,11.126,1
18.364,1632,1777804291806.355,11.126,1
18.375,1633,1777804291817.482,11.127,1
18.386,1634,1777804291828.608,11.126,1
18.398,1635,1777804291839.734,11.126,1
18.409,1636,1777804291850.861,11.127,1
18.420,1637,1777804291861.987,11.126,1
18.431,1638,1777804291873.113,11.126,1
18.442,1639,1777804291884.240,11.127,1
18.453,1640,1777804291895.365,11.126,1
18.464,1641,1777804291906.491,11.126,1
18.475,1642,1777804291917.618,11.127,1
18.487,1643,1777804291928.744,11.125,1
18.498,1644,1777804291939.869,11.126,1
18.509,1645,1777804291950.995,11.126,1
18.520,1646,1777804291962.122,11.127,1
18.531,1647,1777804291973.248,11.126,1
18.542,1648,1777804291984.373,11.126,1
18.553,1649,1777804291995.500,11.126,1
18.565,1650,1777804292006.625,11.126,1
18.576,1651,1777804292017.751,11.126,1
18.587,1652,1777804292028.878,11.127,1
18.598,1653,1777804292040.004,11.126,1
18.609,1654,1777804292051.129,11.126,1
18.620,1655,1777804292062.256,11.126,1
18.631,1656,1777804292073.382,11.126,1
18.642,1657,1777804292084.507,11.126,1
18.653,1658,1777804292095.634,11.127,1
18.665,1659,1777804292106.760,11.126,1
18.676,1660,1777804292117.885,11.125,1
18.687,1661,1777804292129.012,11.127,1
18.698,1662,1777804292140.138,11.126,1
18.709,1663,1777804292151.263,11.126,1
18.720,1664,1777804292162.390,11.127,1
18.731,1665,1777804292173.516,11.126,1
18.743,1666,1777804292184.641,11.125,1
18.754,1667,1777804292195.768,11.127,1
18.765,1668,1777804292206.894,11.126,1
18.776,1669,1777804292218.020,11.126,1
18.787,1670,1777804292229.146,11.127,1
18.798,1671,1777804292240.272,11.126,1
18.809,1672,1777804292251.397,11.125,1
18.820,1673,1777804292262.524,11.127,1
18.832,1674,1777804292273.650,11.126,1
18.843,1675,1777804292284.776,11.126,1
18.854,1676,1777804292295.902,11.127,1
18.865,1677,1777804292307.028,11.125,1
18.876,1678,1777804292318.154,11.126,1
18.887,1679,1777804292329.280,11.127,1
18.898,1680,1777804292340.406,11.126,1
18.909,1681,1777804292351.532,11.126,1
18.921,1682,1777804292362.658,11.127,1
18.932,1683,1777804292373.784,11.125,1
18.943,1684,1777804292384.910,11.126,1
18.954,1685,1777804292396.035,11.126,1
18.965,1686,1777804292407.162,11.127,1
18.976,1687,1777804292418.288,11.126,1
18.987,1688,1777804292429.413,11.125,1
18.998,1689,1777804292440.540,11.127,1
19.010,1690,1777804292451.666,11.126,1
19.021,1691,1777804292462.792,11.126,1
19.032,1692,1777804292473.918,11.127,1
19.043,1693,1777804292485.044,11.125,1
19.054,1694,1777804292496.169,11.126,1
19.065,1695,1777804292507.296,11.127,1
19.076,1696,1777804292518.422,11.126,1
19.087,1697,1777804292529.548,11.126,1
19.099,1698,1777804292540.674,11.126,1
19.110,1699,1777804292551.800,11.126,1
19.121,1700,1777804292562.926,11.126,1
19.132,1701,1777804292574.052,11.127,1
19.143,1702,1777804292585.178,11.126,1
19.154,1703,1777804292596.303,11.125,1
19.165,1704,1777804292607.430,11.127,1
19.176,1705,1777804292618.556,11.126,1
19.188,1706,1777804292629.682,11.126,1
19.199,1707,1777804292640.808,11.127,1
19.210,1708,1777804292651.934,11.126,1
19.221,1709,1777804292663.060,11.125,1
19.232,1710,1777804292674.186,11.127,1
19.243,1711,1777804292685.312,11.126,1
19.254,1712,1777804292696.438,11.126,1
19.265,1713,1777804292707.564,11.127,1
19.277,1714,1777804292718.690,11.125,1
19.288,1715,1777804292729.816,11.126,1
19.299,1716,1777804292740.942,11.127,1
19.310,1717,1777804292752.068,11.126,1
19.321,1718,1777804292763.194,11.125,1
19.332,1719,1777804292774.320,11.127,1
19.343,1720,1777804292785.446,11.126,1
19.355,1721,1777804292796.572,11.126,1
19.366,1722,1777804292807.698,11.127,1
19.377,1723,1777804292818.824,11.126,1
19.388,1724,1777804292829.950,11.125,1
19.399,1725,1777804292841.075,11.126,1
19.410,1726,1777804292852.202,11.127,1
19.421,1727,1777804292863.328,11.126,1
19.432,1728,1777804292874.453,11.125,1
19.443,1729,1777804292885.580,11.127,1
19.455,1730,1777804292896.706,11.126,1
19.466,1731,1777804292907.832,11.126,1
19.477,1732,1777804292918.958,11.127,1
19.488,1733,1777804292930.084,11.126,1
19.500,1734,1777804292941.210,11.126,1
19.511,1735,1777804292952.337,11.127,1
19.521,1736,1777804292963.463,11.126,1
19.532,1737,1777804292974.589,11.126,1
19.544,1738,1777804292985.715,11.127,1
19.555,1739,1777804292996.841,11.126,1
19.566,1740,1777804293007.967,11.126,1
19.577,1741,1777804293019.094,11.127,1
19.588,1742,1777804293030.220,11.126,1
19.599,1743,1777804293041.345,11.126,1
19.610,1744,1777804293052.472,11.127,1
19.622,1745,1777804293063.598,11.126,1
19.633,1746,1777804293074.724,11.126,1
19.644,1747,1777804293085.851,11.127,1
19.655,1748,1777804293096.977,11.126,1
19.666,1749,1777804293108.103,11.126,1
19.677,1750,1777804293119.229,11.127,1
19.688,1751,1777804293130.355,11.126,1
19.699,1752,1777804293141.481,11.126,1
19.711,1753,1777804293152.608,11.127,1
19.722,1754,1777804293163.734,11.126,1
19.733,1755,1777804293174.860,11.126,1
19.744,1756,1777804293185.987,11.127,1
19.755,1757,1777804293197.112,11.126,1
19.766,1758,1777804293208.238,11.126,1
19.777,1759,1777804293219.365,11.127,1
19.788,1760,1777804293230.491,11.126,1
19.799,1761,1777804293241.617,11.126,1
19.811,1762,1777804293252.743,11.127,1
19.822,1763,1777804293263.869,11.126,1
19.833,1764,1777804293274.995,11.126,1
19.844,1765,1777804293286.121,11.126,1
19.855,1766,1777804293297.248,11.127,1
19.866,1767,1777804293308.374,11.126,1
19.877,1768,1777804293319.500,11.126,1
19.888,1769,1777804293330.626,11.127,1
19.900,1770,1777804293341.752,11.126,1
19.911,1771,1777804293352.878,11.126,1
19.922,1772,1777804293364.005,11.127,1
19.933,1773,1777804293375.131,11.126,1
19.944,1774,1777804293386.257,11.126,1
19.955,1775,1777804293397.384,11.127,1
19.966,1776,1777804293408.509,11.126,1
19.977,1777,1777804293419.635,11.126,1
19.989,1778,1777804293430.762,11.127,1
20.000,1779,1777804293441.888,11.126,1
20.011,1780,1777804293453.014,11.126,1
20.022,1781,1777804293464.141,11.127,1
20.033,1782,1777804293475.266,11.126,1
20.044,1783,1777804293486.392,11.126,1
20.055,1784,1777804293497.519,11.127,1
20.066,1785,1777804293508.645,11.126,1
20.078,1786,1777804293519.771,11.126,1
20.089,1787,1777804293530.898,11.127,1
20.100,1788,1777804293542.023,11.126,1
20.111,1789,1777804293553.149,11.126,1
20.122,1790,1777804293564.276,11.127,1
20.133,1791,1777804293575.402,11.126,1
20.144,1792,1777804293586.528,11.126,1
20.156,1793,1777804293597.655,11.127,1
20.167,1794,1777804293608.781,11.126,1
20.178,1795,1777804293619.906,11.126,1
20.189,1796,1777804293631.033,11.127,1
20.200,1797,1777804293642.159,11.126,1
20.211,1798,1777804293653.285,11.126,1
20.222,1799,1777804293664.412,11.127,1
20.234,1800,1777804293675.538,11.126,1
20.245,1801,1777804293686.664,11.126,1
20.256,1802,1777804293697.790,11.127,1
20.267,1803,1777804293708.916,11.126,1
20.278,1804,1777804293720.042,11.126,1
20.289,1805,1777804293731.168,11.126,1
20.300,1806,1777804293742.295,11.127,1
20.312,1807,1777804293753.421,11.126,1
20.322,1808,1777804293764.546,11.126,1
20.334,1809,1777804293775.673,11.127,1
20.345,1810,1777804293786.799,11.126,1
20.356,1811,1777804293797.925,11.126,1
20.367,1812,1777804293809.052,11.127,1
20.378,1813,1777804293820.178,11.126,1
20.389,1814,1777804293831.303,11.126,1
20.400,1815,1777804293842.430,11.127,1
20.411,1816,1777804293853.556,11.126,1
20.423,1817,1777804293864.682,11.126,1
20.434,1818,1777804293875.809,11.127,1
20.445,1819,1777804293886.935,11.126,1
20.456,1820,1777804293898.061,11.126,1
20.467,1821,1777804293909.188,11.127,1
20.478,1822,1777804293920.313,11.126,1
20.490,1823,1777804293931.439,11.126,1
20.501,1824,1777804293942.566,11.127,1
20.512,1825,1777804293953.692,11.126,1
20.523,1826,1777804293964.818,11.126,1
20.534,1827,1777804293975.945,11.127,1
20.545,1828,1777804293987.071,11.126,1
20.556,1829,1777804293998.196,11.126,1
20.567,1830,1777804294009.323,11.127,1
20.578,1831,1777804294020.449,11.126,1
20.589,1832,1777804294031.575,11.126,1
20.601,1833,1777804294042.702,11.127,1
20.612,1834,1777804294053.828,11.126,1
20.623,1835,1777804294064.953,11.126,1
20.634,1836,1777804294076.080,11.127,1
20.645,1837,1777804294087.206,11.126,1
20.656,1838,1777804294098.332,11.126,1
20.667,1839,1777804294109.459,11.127,1
20.679,1840,1777804294120.585,11.126,1
20.690,1841,1777804294131.710,11.126,1
20.701,1842,1777804294142.837,11.127,1
20.712,1843,1777804294153.963,11.126,1
20.723,1844,1777804294165.089,11.126,1
20.734,1845,1777804294176.215,11.126,1
20.745,1846,1777804294187.342,11.127,1
20.757,1847,1777804294198.468,11.126,1
20.768,1848,1777804294209.594,11.126,1
20.779,1849,1777804294220.720,11.127,1
20.790,1850,1777804294231.846,11.126,1
20.801,1851,1777804294242.972,11.126,1
20.812,1852,1777804294254.099,11.127,1
20.823,1853,1777804294265.225,11.126,1
20.834,1854,1777804294276.351,11.126,1
20.845,1855,1777804294287.478,11.127,1
20.856,1856,1777804294298.603,11.126,1
20.868,1857,1777804294309.729,11.126,1
20.879,1858,1777804294320.856,11.127,1
20.890,1859,1777804294331.982,11.126,1
20.901,1860,1777804294343.108,11.126,1
20.912,1861,1777804294354.235,11.127,1
20.923,1862,1777804294365.361,11.126,1
20.934,1863,1777804294376.486,11.126,1
20.945,1864,1777804294387.613,11.127,1
20.957,1865,1777804294398.739,11.126,1
20.968,1866,1777804294409.865,11.126,1
20.979,1867,1777804294420.992,11.127,1
20.990,1868,1777804294432.118,11.126,1
21.001,1869,1777804294443.243,11.126,1
21.012,1870,1777804294454.370,11.127,1
21.023,1871,1777804294465.496,11.126,1
21.034,1872,1777804294476.622,11.126,1
21.046,1873,1777804294487.749,11.127,1
21.057,1874,1777804294498.875,11.126,1
21.068,1875,1777804294510.001,11.126,1
21.079,1876,1777804294521.127,11.127,1
21.090,1877,1777804294532.253,11.126,1
21.101,1878,1777804294543.379,11.126,1
21.112,1879,1777804294554.506,11.127,1
21.123,1880,1777804294565.632,11.126,1
21.135,1881,1777804294576.758,11.126,1
21.146,1882,1777804294587.885,11.127,1
21.157,1883,1777804294599.010,11.126,1
21.168,1884,1777804294610.136,11.126,1
21.180,1885,1777804294621.262,11.126,1
21.191,1886,1777804294632.389,11.127,1
21.202,1887,1777804294643.515,11.126,1
21.213,1888,1777804294654.641,11.126,1
21.224,1889,1777804294665.768,11.127,1
21.235,1890,1777804294676.894,11.126,1
21.246,1891,1777804294688.020,11.126,1
21.257,1892,1777804294699.146,11.127,1
21.268,1893,1777804294710.272,11.126,1
21.279,1894,1777804294721.398,11.126,1
21.290,1895,1777804294732.525,11.127,1
21.302,1896,1777804294743.651,11.126,1
21.313,1897,1777804294754.777,11.126,1
21.324,1898,1777804294765.904,11.127,1
21.335,1899,1777804294777.030,11.126,1
21.346,1900,1777804294788.155,11.126,1
21.357,1901,1777804294799.282,11.127,1
21.368,1902,1777804294810.408,11.126,1
21.380,1903,1777804294821.534,11.126,1
21.390,1904,1777804294832.661,11.127,1
21.402,1905,1777804294843.787,11.126,1
21.413,1906,1777804294854.913,11.126,1
21.424,1907,1777804294866.040,11.127,1
21.435,1908,1777804294877.165,11.126,1
21.446,1909,1777804294888.291,11.126,1
21.457,1910,1777804294899.418,11.127,1
21.468,1911,1777804294910.544,11.126,1
21.480,1912,1777804294921.670,11.126,1
21.491,1913,1777804294932.797,11.127,1
21.502,1914,1777804294943.922,11.126,1
21.513,1915,1777804294955.048,11.126,1
21.524,1916,1777804294966.175,11.127,1
21.535,1917,1777804294977.301,11.126,1
21.546,1918,1777804294988.427,11.126,1
21.558,1919,1777804294999.554,11.127,1
21.569,1920,1777804295010.679,11.126,1
21.580,1921,1777804295021.805,11.126,1
21.591,1922,1777804295032.932,11.127,1
21.602,1923,1777804295044.058,11.126,1
21.613,1924,1777804295055.184,11.126,1
21.624,1925,1777804295066.310,11.126,1
21.635,1926,1777804295077.437,11.127,1
21.647,1927,1777804295088.562,11.126,1
21.658,1928,1777804295099.688,11.126,1
21.669,1929,1777804295110.815,11.127,1
21.680,1930,1777804295121.941,11.126,1
21.691,1931,1777804295133.067,11.126,1
21.702,1932,1777804295144.193,11.127,1
21.713,1933,1777804295155.319,11.126,1
21.724,1934,1777804295166.445,11.126,1
21.736,1935,1777804295177.572,11.127,1
21.746,1936,1777804295188.698,11.126,1
21.758,1937,1777804295199.824,11.126,1
21.769,1938,1777804295210.950,11.127,1
21.780,1939,1777804295222.076,11.126,1
21.791,1940,1777804295233.202,11.126,1
21.803,1941,1777804295244.329,11.127,1
21.813,1942,1777804295255.455,11.126,1
21.824,1943,1777804295266.581,11.126,1
21.836,1944,1777804295277.708,11.127,1
21.847,1945,1777804295288.833,11.126,1
21.858,1946,1777804295299.959,11.126,1
21.869,1947,1777804295311.086,11.127,1
21.880,1948,1777804295322.212,11.126,1
21.891,1949,1777804295333.338,11.126,1
21.902,1950,1777804295344.465,11.127,1
21.914,1951,1777804295355.590,11.126,1
21.925,1952,1777804295366.716,11.126,1
21.936,1953,1777804295377.843,11.127,1
21.947,1954,1777804295388.969,11.126,1
21.958,1955,1777804295400.095,11.126,1
21.969,1956,1777804295411.222,11.127,1
21.980,1957,1777804295422.347,11.126,1
21.992,1958,1777804295433.473,11.126,1
22.002,1959,1777804295444.600,11.127,1
22.014,1960,1777804295455.726,11.126,1
22.025,1961,1777804295466.852,11.126,1
22.036,1962,1777804295477.979,11.127,1
22.047,1963,1777804295489.104,11.126,1
22.058,1964,1777804295500.230,11.126,1
22.069,1965,1777804295511.356,11.126,1
22.080,1966,1777804295522.483,11.127,1
22.091,1967,1777804295533.609,11.126,1
22.103,1968,1777804295544.735,11.126,1
22.114,1969,1777804295555.862,11.127,1
22.125,1970,1777804295566.988,11.126,1
22.136,1971,1777804295578.113,11.126,1
22.147,1972,1777804295589.240,11.127,1
22.158,1973,1777804295600.366,11.126,1
22.169,1974,1777804295611.492,11.126,1
22.180,1975,1777804295622.619,11.127,1
22.192,1976,1777804295633.745,11.126,1
22.203,1977,1777804295644.870,11.126,1
22.214,1978,1777804295655.997,11.127,1
22.225,1979,1777804295667.123,11.126,1
22.236,1980,1777804295678.249,11.126,1
22.247,1981,1777804295689.376,11.127,1
22.258,1982,1777804295700.502,11.126,1
22.269,1983,1777804295711.627,11.126,1
22.281,1984,1777804295722.754,11.127,1
22.292,1985,1777804295733.880,11.126,1
22.303,1986,1777804295745.006,11.126,1
22.314,1987,1777804295756.133,11.127,1
22.325,1988,1777804295767.259,11.126,1
22.337,1989,1777804295778.385,11.126,1
22.348,1990,1777804295789.511,11.127,1
22.359,1991,1777804295800.637,11.126,1
22.370,1992,1777804295811.763,11.126,1
22.381,1993,1777804295822.890,11.127,1
22.392,1994,1777804295834.016,11.126,1
22.403,1995,1777804295845.142,11.126,1
22.414,1996,1777804295856.269,11.127,1
22.425,1997,1777804295867.395,11.126,1
22.436,1998,1777804295878.520,11.126,1
22.447,1999,1777804295889.647,11.127,1
22.459,2000,1777804295900.773,11.126,1
22.470,2001,1777804295911.899,11.126,1
22.481,2002,1777804295923.025,11.126,1
22.492,2003,1777804295934.151,11.126,1
22.503,2004,1777804295945.277,11.126,1
22.515,2005,1777804295956.403,11.126,1
22.525,2006,1777804295967.529,11.126,1
22.536,2007,1777804295978.655,11.126,1
22.548,2008,1777804295989.781,11.126,1
22.559,2009,1777804296000.907,11.127,1
22.570,2010,1777804296012.033,11.126,1
22.581,2011,1777804296023.158,11.125,1
22.592,2012,1777804296034.285,11.127,1
22.603,2013,1777804296045.411,11.126,1
22.614,2014,1777804296056.537,11.126,1
22.626,2015,1777804296067.663,11.126,1
22.637,2016,1777804296078.789,11.126,1
22.648,2017,1777804296089.915,11.126,1
22.659,2018,1777804296101.041,11.127,1
22.670,2019,1777804296112.167,11.125,1
22.681,2020,1777804296123.292,11.126,1
22.692,2021,1777804296134.419,11.127,1
22.703,2022,1777804296145.545,11.126,1
22.714,2023,1777804296156.670,11.125,1
22.726,2024,1777804296167.797,11.127,1
22.737,2025,1777804296178.923,11.126,1
22.748,2026,1777804296190.049,11.126,1
22.759,2027,1777804296201.175,11.127,1
22.770,2028,1777804296212.301,11.125,1
22.781,2029,1777804296223.427,11.126,1
22.792,2030,1777804296234.553,11.127,1
22.804,2031,1777804296245.679,11.126,1
22.815,2032,1777804296256.804,11.125,1
22.826,2033,1777804296267.931,11.127,1
22.837,2034,1777804296279.057,11.126,1
22.848,2035,1777804296290.182,11.125,1
22.859,2036,1777804296301.309,11.127,1
22.870,2037,1777804296312.435,11.126,1
22.882,2038,1777804296323.561,11.126,1
22.892,2039,1777804296334.687,11.127,1
22.904,2040,1777804296345.813,11.125,1
22.915,2041,1777804296356.938,11.126,1
22.926,2042,1777804296368.065,11.127,1
22.937,2043,1777804296379.191,11.125,1
22.948,2044,1777804296390.316,11.126,1
22.959,2045,1777804296401.442,11.126,1
22.970,2046,1777804296412.569,11.127,1
22.982,2047,1777804296423.694,11.125,1
22.993,2048,1777804296434.820,11.126,1
23.004,2049,1777804296445.947,11.127,1
23.015,2050,1777804296457.073,11.126,1
23.026,2051,1777804296468.198,11.125,1
23.037,2052,1777804296479.325,11.127,1
23.048,2053,1777804296490.450,11.126,1
23.059,2054,1777804296501.576,11.126,1
23.071,2055,1777804296512.703,11.126,1
23.082,2056,1777804296523.828,11.126,1
23.093,2057,1777804296534.954,11.126,1
23.104,2058,1777804296546.081,11.127,1
23.115,2059,1777804296557.206,11.125,1
23.126,2060,1777804296568.332,11.126,1
23.137,2061,1777804296579.459,11.127,1
23.148,2062,1777804296590.584,11.126,1
23.160,2063,1777804296601.710,11.125,1
23.171,2064,1777804296612.837,11.127,1
23.182,2065,1777804296623.962,11.126,1
23.193,2066,1777804296635.088,11.125,1
23.204,2067,1777804296646.215,11.127,1
23.215,2068,1777804296657.340,11.126,1
23.227,2069,1777804296668.466,11.126,1
23.238,2070,1777804296679.593,11.126,1
23.249,2071,1777804296690.718,11.126,1
23.260,2072,1777804296701.844,11.126,1
23.271,2073,1777804296712.971,11.127,1
23.282,2074,1777804296724.096,11.125,1
23.293,2075,1777804296735.222,11.126,1
23.304,2076,1777804296746.349,11.127,1
23.316,2077,1777804296757.474,11.125,1
23.326,2078,1777804296768.600,11.126,1
23.338,2079,1777804296779.727,11.127,1
23.349,2080,1777804296790.852,11.126,1
23.360,2081,1777804296801.978,11.125,1
23.371,2082,1777804296813.104,11.127,1
23.382,2083,1777804296824.230,11.126,1
23.393,2084,1777804296835.356,11.125,1
23.404,2085,1777804296846.481,11.126,1
23.415,2086,1777804296857.608,11.127,1
23.427,2087,1777804296868.734,11.126,1
23.438,2088,1777804296879.859,11.125,1
23.449,2089,1777804296890.986,11.127,1
23.460,2090,1777804296902.112,11.126,1
23.471,2091,1777804296913.237,11.125,1
23.482,2092,1777804296924.364,11.127,1
23.493,2093,1777804296935.490,11.126,1
23.504,2094,1777804296946.615,11.126,1
23.516,2095,1777804296957.742,11.126,1
23.527,2096,1777804296968.868,11.126,1
23.538,2097,1777804296979.993,11.126,1
23.549,2098,1777804296991.120,11.127,1
23.560,2099,1777804297002.246,11.125,1
23.571,2100,1777804297013.371,11.126,1
23.582,2101,1777804297024.498,11.127,1
23.593,2102,1777804297035.624,11.125,1
23.605,2103,1777804297046.749,11.126,1
23.616,2104,1777804297057.876,11.127,1
23.627,2105,1777804297069.001,11.125,1
23.638,2106,1777804297080.127,11.126,1
23.649,2107,1777804297091.254,11.127,1
23.660,2108,1777804297102.380,11.126,1
23.671,2109,1777804297113.505,11.125,1
23.683,2110,1777804297124.632,11.127,1
23.694,2111,1777804297135.758,11.126,1
23.705,2112,1777804297146.883,11.125,1
23.716,2113,1777804297158.010,11.127,1
23.727,2114,1777804297169.135,11.126,1
23.738,2115,1777804297180.261,11.125,1
23.749,2116,1777804297191.388,11.127,1
23.760,2117,1777804297202.513,11.126,1
23.771,2118,1777804297213.639,11.126,1
23.783,2119,1777804297224.766,11.126,1
23.794,2120,1777804297235.891,11.126,1
23.805,2121,1777804297247.017,11.126,1
23.816,2122,1777804297258.144,11.126,1
23.827,2123,1777804297269.269,11.126,1
23.838,2124,1777804297280.395,11.126,1
23.849,2125,1777804297291.521,11.125,1
23.860,2126,1777804297302.647,11.127,1
23.872,2127,1777804297313.773,11.126,1
23.883,2128,1777804297324.898,11.125,1
23.894,2129,1777804297336.025,11.127,1
23.905,2130,1777804297347.151,11.126,1
23.916,2131,1777804297358.276,11.125,1
23.927,2132,1777804297369.403,11.127,1
23.938,2133,1777804297380.529,11.126,1
23.949,2134,1777804297391.655,11.126,1
23.961,2135,1777804297402.781,11.126,1
23.972,2136,1777804297413.907,11.126,1
23.983,2137,1777804297425.032,11.126,1
23.994,2138,1777804297436.159,11.126,1
24.005,2139,1777804297447.285,11.126,1
24.016,2140,1777804297458.410,11.126,1
24.027,2141,1777804297469.537,11.126,1
24.039,2142,1777804297480.663,11.126,1
24.050,2143,1777804297491.788,11.126,1
24.061,2144,1777804297502.915,11.126,1
24.072,2145,1777804297514.041,11.126,1
24.083,2146,1777804297525.166,11.126,1
24.094,2147,1777804297536.293,11.126,1
24.105,2148,1777804297547.418,11.126,1
24.120,2149,1777804297558.544,11.126,1
24.128,2150,1777804297569.671,11.126,1
24.150,2152,1777804297591.922,22.251,2
24.161,2153,1777804297603.049,11.126,2
24.172,2154,1777804297614.174,11.126,2
24.183,2155,1777804297625.300,11.126,2
24.194,2156,1777804297636.427,11.126,2
24.205,2157,1777804297647.552,11.126,2
24.217,2158,1777804297658.678,11.126,2
24.228,2159,1777804297669.804,11.126,2
24.239,2160,1777804297680.930,11.126,2
24.250,2161,1777804297692.056,11.126,2
24.261,2162,1777804297703.182,11.126,2
24.272,2163,1777804297714.308,11.126,2
24.283,2164,1777804297725.434,11.126,2
24.294,2165,1777804297736.559,11.125,2
24.305,2166,1777804297747.686,11.127,2
24.317,2167,1777804297758.812,11.126,2
24.328,2168,1777804297769.937,11.125,2
24.339,2169,1777804297781.064,11.127,2
24.350,2170,1777804297792.190,11.126,2
24.361,2171,1777804297803.315,11.125,2
24.372,2172,1777804297814.442,11.127,2
24.383,2173,1777804297825.568,11.126,2
24.394,2174,1777804297836.693,11.125,2
24.406,2175,1777804297847.820,11.127,2
24.417,2176,1777804297858.946,11.126,2
24.428,2177,1777804297870.071,11.125,2
24.439,2178,1777804297881.198,11.127,2
24.450,2179,1777804297892.323,11.126,2
24.461,2180,1777804297903.449,11.125,2
24.472,2181,1777804297914.576,11.127,2
24.484,2182,1777804297925.701,11.126,2
24.495,2183,1777804297936.827,11.126,2
24.506,2184,1777804297947.954,11.127,2
24.517,2185,1777804297959.080,11.126,2
24.528,2186,1777804297970.206,11.126,2
24.539,2187,1777804297981.332,11.127,2
24.550,2188,1777804297992.458,11.126,2
24.561,2189,1777804298003.584,11.126,2
24.572,2190,1777804298014.711,11.127,2
24.584,2191,1777804298025.836,11.126,2
24.595,2192,1777804298036.962,11.126,2
24.606,2193,1777804298048.089,11.127,2
24.617,2194,1777804298059.215,11.126,2
24.628,2195,1777804298070.340,11.126,2
24.639,2196,1777804298081.467,11.127,2
24.650,2197,1777804298092.593,11.126,2
24.662,2198,1777804298103.719,11.126,2
24.673,2199,1777804298114.845,11.127,2
24.684,2200,1777804298125.971,11.126,2
24.695,2201,1777804298137.097,11.126,2
24.706,2202,1777804298148.224,11.127,2
24.717,2203,1777804298159.349,11.126,2
24.728,2204,1777804298170.475,11.126,2
24.739,2205,1777804298181.601,11.126,2
24.751,2206,1777804298192.728,11.127,2
24.762,2207,1777804298203.854,11.126,2
24.773,2208,1777804298214.979,11.126,2
24.784,2209,1777804298226.106,11.127,2
24.795,2210,1777804298237.232,11.126,2
24.806,2211,1777804298248.358,11.126,2
24.817,2212,1777804298259.484,11.127,2
24.828,2213,1777804298270.610,11.126,2
24.840,2214,1777804298281.736,11.126,2
24.851,2215,1777804298292.863,11.127,2
24.862,2216,1777804298303.988,11.126,2
24.873,2217,1777804298315.114,11.126,2
24.884,2218,1777804298326.241,11.127,2
24.895,2219,1777804298337.367,11.126,2
24.906,2220,1777804298348.492,11.126,2
24.917,2221,1777804298359.619,11.127,2
24.929,2222,1777804298370.745,11.126,2
24.940,2223,1777804298381.871,11.126,2
24.951,2224,1777804298392.998,11.127,2
24.962,2225,1777804298404.123,11.126,2
24.973,2226,1777804298415.249,11.126,2
24.984,2227,1777804298426.376,11.127,2
24.995,2228,1777804298437.501,11.126,2
25.006,2229,1777804298448.627,11.126,2
25.018,2230,1777804298459.754,11.127,2
25.029,2231,1777804298470.880,11.126,2
25.040,2232,1777804298482.006,11.126,2
25.051,2233,1777804298493.132,11.127,2
25.062,2234,1777804298504.258,11.126,2
25.073,2235,1777804298515.384,11.126,2
25.084,2236,1777804298526.510,11.127,2
25.095,2237,1777804298537.636,11.126,2
25.107,2238,1777804298548.762,11.126,2
25.118,2239,1777804298559.889,11.127,2
25.129,2240,1777804298571.015,11.126,2
25.140,2241,1777804298582.140,11.126,2
25.151,2242,1777804298593.267,11.127,2
25.162,2243,1777804298604.393,11.126,2
25.173,2244,1777804298615.519,11.126,2
25.184,2245,1777804298626.645,11.126,2
25.196,2246,1777804298637.771,11.127,2
25.207,2247,1777804298648.897,11.126,2
25.218,2248,1777804298660.023,11.126,2
25.229,2249,1777804298671.149,11.127,2
25.240,2250,1777804298682.275,11.126,2
25.251,2251,1777804298693.401,11.126,2
25.262,2252,1777804298704.528,11.127,2
25.274,2253,1777804298715.654,11.126,2
25.285,2254,1777804298726.779,11.126,2
25.296,2255,1777804298737.906,11.127,2
25.307,2256,1777804298749.032,11.126,2
25.318,2257,1777804298760.157,11.126,2
25.329,2258,1777804298771.284,11.127,2
25.340,2259,1777804298782.410,11.126,2
25.351,2260,1777804298793.536,11.126,2
25.362,2261,1777804298804.663,11.127,2
25.374,2262,1777804298815.788,11.126,2
25.385,2263,1777804298826.914,11.126,2
25.396,2264,1777804298838.041,11.127,2
25.407,2265,1777804298849.167,11.126,2
25.418,2266,1777804298860.292,11.126,2
25.429,2267,1777804298871.419,11.127,2
25.440,2268,1777804298882.545,11.126,2
25.452,2269,1777804298893.671,11.126,2
25.463,2270,1777804298904.797,11.127,2
25.474,2271,1777804298915.923,11.126,2
25.485,2272,1777804298927.049,11.126,2
25.496,2273,1777804298938.176,11.127,2
25.507,2274,1777804298949.301,11.125,2
25.518,2275,1777804298960.427,11.126,2
25.529,2276,1777804298971.553,11.127,2
25.540,2277,1777804298982.679,11.126,2
25.552,2278,1777804298993.805,11.125,2
25.563,2279,1777804299004.931,11.127,2
25.574,2280,1777804299016.057,11.126,2
25.585,2281,1777804299027.183,11.126,2
25.596,2282,1777804299038.309,11.126,2
25.607,2283,1777804299049.435,11.126,2
25.618,2284,1777804299060.561,11.126,2
25.630,2285,1777804299071.686,11.125,2
25.641,2286,1777804299082.813,11.127,2
25.652,2287,1777804299093.939,11.126,2
25.663,2288,1777804299105.064,11.126,2
25.675,2289,1777804299116.191,11.126,2
25.685,2290,1777804299127.317,11.126,2
25.696,2291,1777804299138.442,11.126,2
25.707,2292,1777804299149.569,11.127,2
25.718,2293,1777804299160.695,11.125,2
25.730,2294,1777804299171.820,11.126,2
25.741,2295,1777804299182.947,11.127,2
25.752,2296,1777804299194.073,11.125,2
25.763,2297,1777804299205.198,11.126,2
25.774,2298,1777804299216.325,11.127,2
25.785,2299,1777804299227.451,11.126,2
25.796,2300,1777804299238.576,11.125,2
25.808,2301,1777804299249.703,11.127,2
25.819,2302,1777804299260.829,11.126,2
25.830,2303,1777804299271.954,11.125,2
25.841,2304,1777804299283.081,11.127,2
25.852,2305,1777804299294.207,11.126,2
25.863,2306,1777804299305.332,11.126,2
25.874,2307,1777804299316.459,11.126,2
25.886,2308,1777804299327.584,11.126,2
25.897,2309,1777804299338.710,11.126,2
25.910,2310,1777804299349.837,11.126,2
25.919,2311,1777804299360.962,11.126,2
25.930,2312,1777804299372.088,11.126,2
25.941,2313,1777804299383.215,11.127,2
25.952,2314,1777804299394.340,11.125,2
25.963,2315,1777804299405.466,11.126,2
25.974,2316,1777804299416.593,11.127,2
25.986,2317,1777804299427.718,11.125,2
25.997,2318,1777804299438.844,11.126,2
26.008,2319,1777804299449.971,11.127,2
26.019,2320,1777804299461.096,11.125,2
26.030,2321,1777804299472.222,11.126,2
26.041,2322,1777804299483.349,11.127,2
26.053,2323,1777804299494.474,11.126,2
26.063,2324,1777804299505.600,11.125,2
26.075,2325,1777804299516.726,11.126,2
26.086,2326,1777804299527.852,11.127,2
26.097,2327,1777804299538.978,11.125,2
26.108,2328,1777804299550.104,11.126,2
26.119,2329,1777804299561.230,11.127,2
26.130,2330,1777804299572.356,11.125,2
26.141,2331,1777804299583.481,11.126,2
26.152,2332,1777804299594.608,11.127,2
26.164,2333,1777804299605.734,11.125,2
26.175,2334,1777804299616.859,11.126,2
26.186,2335,1777804299627.986,11.127,2
26.197,2336,1777804299639.112,11.125,2
26.208,2337,1777804299650.237,11.126,2
26.219,2338,1777804299661.364,11.127,2
26.230,2339,1777804299672.490,11.126,2
26.241,2340,1777804299683.615,11.125,2
26.253,2341,1777804299694.742,11.127,2
26.264,2342,1777804299705.868,11.126,2
26.275,2343,1777804299716.993,11.125,2
26.286,2344,1777804299728.120,11.127,2
26.297,2345,1777804299739.246,11.126,2
26.308,2346,1777804299750.371,11.125,2
26.320,2347,1777804299761.498,11.127,2
26.331,2348,1777804299772.624,11.126,2
26.342,2349,1777804299783.749,11.125,2
26.353,2350,1777804299794.876,11.127,2
26.364,2351,1777804299806.001,11.126,2
26.375,2352,1777804299817.127,11.125,2
26.386,2353,1777804299828.254,11.127,2
26.397,2354,1777804299839.379,11.126,2
26.408,2355,1777804299850.505,11.125,2
26.420,2356,1777804299861.632,11.127,2
26.431,2357,1777804299872.757,11.126,2
26.442,2358,1777804299883.883,11.125,2
26.453,2359,1777804299895.010,11.127,2
26.464,2360,1777804299906.135,11.126,2
26.475,2361,1777804299917.261,11.126,2
26.486,2362,1777804299928.388,11.127,2
26.497,2363,1777804299939.513,11.126,2
26.509,2364,1777804299950.639,11.126,2
26.520,2365,1777804299961.765,11.126,2
26.531,2366,1777804299972.892,11.127,2
26.542,2367,1777804299984.017,11.126,2
26.553,2368,1777804299995.143,11.126,2
26.564,2369,1777804300006.270,11.127,2
26.575,2370,1777804300017.396,11.126,2
26.587,2371,1777804300028.521,11.126,2
26.598,2372,1777804300039.648,11.127,2
26.609,2373,1777804300050.774,11.126,2
26.620,2374,1777804300061.899,11.126,2
26.631,2375,1777804300073.026,11.127,2
26.642,2376,1777804300084.152,11.126,2
26.653,2377,1777804300095.278,11.126,2
26.664,2378,1777804300106.404,11.127,2
26.675,2379,1777804300117.530,11.126,2
26.686,2380,1777804300128.656,11.126,2
26.698,2381,1777804300139.782,11.127,2
26.709,2382,1777804300150.908,11.126,2
26.720,2383,1777804300162.034,11.126,2
26.731,2384,1777804300173.161,11.127,2
26.742,2385,1777804300184.286,11.126,2
26.753,2386,1777804300195.412,11.126,2
26.764,2387,1777804300206.539,11.127,2
26.776,2388,1777804300217.665,11.126,2
26.787,2389,1777804300228.790,11.126,2
26.798,2390,1777804300239.917,11.127,2
26.809,2391,1777804300251.043,11.126,2
26.820,2392,1777804300262.168,11.126,2
26.831,2393,1777804300273.295,11.127,2
26.842,2394,1777804300284.421,11.126,2
26.853,2395,1777804300295.547,11.126,2
26.864,2396,1777804300306.673,11.127,2
26.876,2397,1777804300317.799,11.126,2
26.887,2398,1777804300328.925,11.126,2
26.898,2399,1777804300340.052,11.127,2
26.909,2400,1777804300351.177,11.125,2
26.920,2401,1777804300362.303,11.126,2
26.931,2402,1777804300373.430,11.127,2
26.942,2403,1777804300384.556,11.126,2
26.953,2404,1777804300395.681,11.126,2
26.965,2405,1777804300406.807,11.125,2
26.976,2406,1777804300417.934,11.127,2
26.987,2407,1777804300429.060,11.126,2
26.998,2408,1777804300440.185,11.126,2
27.009,2409,1777804300451.312,11.127,2
27.020,2410,1777804300462.438,11.126,2
27.031,2411,1777804300473.563,11.126,2
27.042,2412,1777804300484.690,11.127,2
27.054,2413,1777804300495.816,11.126,2
27.065,2414,1777804300506.942,11.126,2
27.076,2415,1777804300518.068,11.127,2
27.087,2416,1777804300529.194,11.126,2
27.098,2417,1777804300540.320,11.126,2
27.109,2418,1777804300551.447,11.127,2
27.120,2419,1777804300562.572,11.126,2
27.132,2420,1777804300573.698,11.126,2
27.143,2421,1777804300584.825,11.127,2
27.154,2422,1777804300595.950,11.126,2
27.165,2423,1777804300607.076,11.126,2
27.176,2424,1777804300618.203,11.127,2
27.187,2425,1777804300629.329,11.126,2
27.198,2426,1777804300640.454,11.126,2
27.210,2427,1777804300651.581,11.127,2
27.221,2428,1777804300662.707,11.126,2
27.232,2429,1777804300673.833,11.126,2
27.243,2430,1777804300684.959,11.127,2
27.254,2431,1777804300696.085,11.126,2
27.265,2432,1777804300707.211,11.126,2
27.276,2433,1777804300718.337,11.127,2
27.287,2434,1777804300729.463,11.126,2
27.299,2435,1777804300740.589,11.126,2
27.310,2436,1777804300751.716,11.127,2
27.321,2437,1777804300762.841,11.126,2
27.332,2438,1777804300773.967,11.126,2
27.343,2439,1777804300785.094,11.127,2
27.354,2440,1777804300796.219,11.126,2
27.365,2441,1777804300807.345,11.126,2
27.376,2442,1777804300818.472,11.127,2
27.387,2443,1777804300829.598,11.126,2
27.399,2444,1777804300840.723,11.126,2
27.410,2445,1777804300851.849,11.126,2
27.421,2446,1777804300862.976,11.127,2
27.432,2447,1777804300874.102,11.126,2
27.443,2448,1777804300885.227,11.126,2
27.454,2449,1777804300896.354,11.127,2
27.465,2450,1777804300907.480,11.126,2
27.476,2451,1777804300918.605,11.125,2
27.488,2452,1777804300929.732,11.127,2
27.499,2453,1777804300940.857,11.125,2
27.510,2454,1777804300951.983,11.126,2
27.521,2455,1777804300963.110,11.126,2
27.532,2456,1777804300974.235,11.126,2
27.543,2457,1777804300985.361,11.125,2
27.554,2458,1777804300996.488,11.127,2
27.565,2459,1777804301007.613,11.125,2
27.577,2460,1777804301018.739,11.126,2
27.588,2461,1777804301029.865,11.126,2
27.599,2462,1777804301040.991,11.126,2
27.610,2463,1777804301052.116,11.125,2
27.621,2464,1777804301063.243,11.127,2
27.632,2465,1777804301074.369,11.125,2
27.643,2466,1777804301085.494,11.126,2
27.655,2467,1777804301096.621,11.126,2
27.666,2468,1777804301107.747,11.126,2
27.677,2469,1777804301118.872,11.125,2
27.688,2470,1777804301129.999,11.127,2
27.699,2471,1777804301141.124,11.125,2
27.710,2472,1777804301152.250,11.126,2
27.721,2473,1777804301163.376,11.126,2
27.732,2474,1777804301174.502,11.126,2
27.744,2475,1777804301185.628,11.125,2
27.755,2476,1777804301196.754,11.127,2
27.766,2477,1777804301207.880,11.125,2
27.777,2478,1777804301219.006,11.126,2
27.788,2479,1777804301230.132,11.126,2
27.799,2480,1777804301241.258,11.126,2
27.810,2481,1777804301252.383,11.125,2
27.821,2482,1777804301263.510,11.127,2
27.833,2483,1777804301274.635,11.125,2
27.844,2484,1777804301285.761,11.126,2
27.855,2485,1777804301296.887,11.125,2
27.866,2486,1777804301308.013,11.127,2
27.877,2487,1777804301319.139,11.125,2
27.888,2488,1777804301330.265,11.126,2
27.899,2489,1777804301341.391,11.126,2
27.910,2490,1777804301352.517,11.125,2
27.921,2491,1777804301363.642,11.126,2
27.933,2492,1777804301374.769,11.126,2
27.944,2493,1777804301385.895,11.126,2
27.955,2494,1777804301397.020,11.125,2
27.966,2495,1777804301408.147,11.127,2
27.977,2496,1777804301419.272,11.125,2
27.988,2497,1777804301430.398,11.126,2
27.999,2498,1777804301441.524,11.126,2
28.010,2499,1777804301452.650,11.126,2
28.022,2500,1777804301463.776,11.125,2
28.033,2501,1777804301474.902,11.127,2
28.044,2502,1777804301486.028,11.125,2
28.055,2503,1777804301497.153,11.125,2
28.066,2504,1777804301508.280,11.127,2
28.077,2505,1777804301519.406,11.125,2
28.088,2506,1777804301530.531,11.126,2
28.100,2507,1777804301541.658,11.126,2
28.111,2508,1777804301552.783,11.126,2
28.122,2509,1777804301563.909,11.125,2
28.133,2510,1777804301575.036,11.127,2
28.144,2511,1777804301586.161,11.125,2
28.155,2512,1777804301597.287,11.125,2
28.166,2513,1777804301608.413,11.127,2
28.177,2514,1777804301619.539,11.125,2
28.189,2515,1777804301630.665,11.126,2
28.200,2516,1777804301641.791,11.126,2
28.211,2517,1777804301652.917,11.126,2
28.222,2518,1777804301664.042,11.125,2
28.233,2519,1777804301675.169,11.126,2
28.244,2520,1777804301686.294,11.126,2
28.256,2521,1777804301697.420,11.125,2
28.266,2522,1777804301708.547,11.127,2
28.278,2523,1777804301719.672,11.125,2
28.289,2524,1777804301730.798,11.125,2
28.300,2525,1777804301741.923,11.126,2
28.311,2526,1777804301753.050,11.126,2
28.322,2527,1777804301764.176,11.126,2
28.333,2528,1777804301775.301,11.125,2
28.345,2529,1777804301786.428,11.127,2
28.355,2530,1777804301797.553,11.125,2
28.367,2531,1777804301808.679,11.125,2
28.378,2532,1777804301819.805,11.127,2
28.389,2533,1777804301830.931,11.125,2
28.400,2534,1777804301842.057,11.126,2
28.411,2535,1777804301853.183,11.126,2
28.422,2536,1777804301864.309,11.125,2
28.433,2537,1777804301875.434,11.126,2
28.444,2538,1777804301886.561,11.126,2
28.456,2539,1777804301897.687,11.126,2
28.467,2540,1777804301908.812,11.125,2
28.478,2541,1777804301919.939,11.127,2
28.489,2542,1777804301931.064,11.126,2
28.500,2543,1777804301942.190,11.126,2
28.511,2544,1777804301953.317,11.127,2
28.522,2545,1777804301964.442,11.125,2
28.533,2546,1777804301975.568,11.126,2
28.545,2547,1777804301986.695,11.127,2
28.556,2548,1777804301997.821,11.126,2
28.567,2549,1777804302008.946,11.126,2
28.578,2550,1777804302020.073,11.127,2
28.589,2551,1777804302031.199,11.126,2
28.600,2552,1777804302042.324,11.125,2
28.611,2553,1777804302053.451,11.127,2
28.622,2554,1777804302064.577,11.126,2
28.634,2555,1777804302075.702,11.126,2
28.645,2556,1777804302086.829,11.127,2
28.656,2557,1777804302097.955,11.126,2
28.667,2558,1777804302109.081,11.126,2
28.678,2559,1777804302120.207,11.126,2
28.689,2560,1777804302131.333,11.126,2
28.700,2561,1777804302142.458,11.126,2
28.711,2562,1777804302153.585,11.127,2
28.723,2563,1777804302164.711,11.126,2
28.734,2564,1777804302175.837,11.126,2
28.745,2565,1777804302186.962,11.126,2
28.756,2566,1777804302198.089,11.126,2
28.767,2567,1777804302209.215,11.126,2
28.778,2568,1777804302220.340,11.126,2
28.790,2569,1777804302231.467,11.127,2
28.801,2570,1777804302242.593,11.126,2
28.812,2571,1777804302253.719,11.126,2
28.823,2572,1777804302264.845,11.127,2
28.834,2573,1777804302275.971,11.125,2
28.845,2574,1777804302287.096,11.126,2
28.856,2575,1777804302298.223,11.127,2
28.867,2576,1777804302309.349,11.126,2
28.878,2577,1777804302320.475,11.126,2
28.889,2578,1777804302331.601,11.127,2
28.901,2579,1777804302342.727,11.126,2
28.912,2580,1777804302353.853,11.125,2
28.923,2581,1777804302364.979,11.127,2
28.934,2582,1777804302376.105,11.126,2
28.945,2583,1777804302387.231,11.126,2
28.956,2584,1777804302398.357,11.127,2
28.967,2585,1777804302409.483,11.126,2
28.978,2586,1777804302420.609,11.125,2
28.990,2587,1777804302431.735,11.127,2
29.001,2588,1777804302442.861,11.126,2
29.012,2589,1777804302453.987,11.126,2
29.023,2590,1777804302465.114,11.127,2
29.034,2591,1777804302476.239,11.126,2
29.045,2592,1777804302487.365,11.126,2
29.056,2593,1777804302498.492,11.127,2
29.068,2594,1777804302509.617,11.125,2
29.079,2595,1777804302520.743,11.126,2
29.090,2596,1777804302531.870,11.127,2
29.101,2597,1777804302542.995,11.126,2
29.112,2598,1777804302554.121,11.126,2
29.123,2599,1777804302565.248,11.127,2
29.134,2600,1777804302576.373,11.125,2
29.145,2601,1777804302587.499,11.126,2
29.157,2602,1777804302598.626,11.127,2
29.168,2603,1777804302609.751,11.126,2
29.179,2604,1777804302620.877,11.126,2
29.190,2605,1777804302632.003,11.126,2
29.201,2606,1777804302643.130,11.127,2
29.212,2607,1777804302654.255,11.125,2
29.223,2608,1777804302665.381,11.126,2
29.234,2609,1777804302676.508,11.127,2
29.246,2610,1777804302687.633,11.126,2
29.257,2611,1777804302698.759,11.126,2
29.268,2612,1777804302709.886,11.127,2
29.279,2613,1777804302721.011,11.125,2
29.290,2614,1777804302732.137,11.126,2
29.301,2615,1777804302743.264,11.127,2
29.312,2616,1777804302754.389,11.126,2
29.323,2617,1777804302765.515,11.126,2
29.335,2618,1777804302776.642,11.127,2
29.346,2619,1777804302787.767,11.125,2
29.357,2620,1777804302798.893,11.126,2
29.368,2621,1777804302810.020,11.127,2
29.379,2622,1777804302821.146,11.126,2
29.390,2623,1777804302832.271,11.126,2
29.402,2624,1777804302843.398,11.127,2
29.412,2625,1777804302854.524,11.126,2
29.424,2626,1777804302865.649,11.125,2
29.435,2627,1777804302876.776,11.127,2
29.446,2628,1777804302887.902,11.126,2
29.457,2629,1777804302899.027,11.126,2
29.468,2630,1777804302910.154,11.127,2
29.479,2631,1777804302921.280,11.126,2
29.491,2632,1777804302932.405,11.125,2
29.502,2633,1777804302943.532,11.127,2
29.513,2634,1777804302954.658,11.126,2
29.524,2635,1777804302965.783,11.125,2
29.535,2636,1777804302976.910,11.127,2
29.546,2637,1777804302988.036,11.126,2
29.557,2638,1777804302999.161,11.126,2
29.568,2639,1777804303010.288,11.126,2
29.579,2640,1777804303021.414,11.126,2
29.591,2641,1777804303032.539,11.126,2
29.601,2642,1777804303043.666,11.127,2
29.613,2643,1777804303054.792,11.125,2
29.624,2644,1777804303065.917,11.126,2
29.635,2645,1777804303077.043,11.126,2
29.646,2646,1777804303088.169,11.126,2
29.657,2647,1777804303099.295,11.126,2
29.669,2648,1777804303110.421,11.126,2
29.679,2649,1777804303121.548,11.127,2
29.691,2650,1777804303132.673,11.125,2
29.702,2651,1777804303143.799,11.126,2
29.713,2652,1777804303154.926,11.127,2
29.724,2653,1777804303166.051,11.125,2
29.735,2654,1777804303177.177,11.126,2
29.746,2655,1777804303188.303,11.127,2
29.757,2656,1777804303199.429,11.126,2
29.769,2657,1777804303210.555,11.125,2
29.780,2658,1777804303221.681,11.127,2
29.791,2659,1777804303232.807,11.126,2
29.802,2660,1777804303243.933,11.125,2
29.813,2661,1777804303255.059,11.127,2
29.824,2662,1777804303266.185,11.126,2
29.835,2663,1777804303277.311,11.125,2
29.846,2664,1777804303288.437,11.127,2
29.858,2665,1777804303299.563,11.126,2
29.880,2667,1777804303321.815,22.252,3
29.891,2668,1777804303332.941,11.126,3
29.902,2669,1777804303344.067,11.126,3
29.913,2670,1777804303355.193,11.126,3
29.924,2671,1777804303366.319,11.126,3
29.936,2672,1777804303377.445,11.126,3
29.947,2673,1777804303388.571,11.127,3
29.958,2674,1777804303399.697,11.125,3
29.969,2675,1777804303410.823,11.126,3
29.980,2676,1777804303421.949,11.127,3
29.991,2677,1777804303433.075,11.125,3
30.002,2678,1777804303444.200,11.126,3
30.013,2679,1777804303455.327,11.127,3
30.024,2680,1777804303466.453,11.125,3
30.035,2681,1777804303477.578,11.126,3
30.047,2682,1777804303488.705,11.127,3
30.058,2683,1777804303499.831,11.126,3
30.069,2684,1777804303510.956,11.125,3
30.080,2685,1777804303522.082,11.126,3
30.091,2686,1777804303533.209,11.127,3
30.102,2687,1777804303544.334,11.125,3
30.113,2688,1777804303555.460,11.126,3
30.125,2689,1777804303566.587,11.127,3
30.136,2690,1777804303577.712,11.125,3
30.147,2691,1777804303588.838,11.126,3
30.158,2692,1777804303599.965,11.127,3
30.169,2693,1777804303611.090,11.125,3
30.181,2694,1777804303622.216,11.126,3
30.191,2695,1777804303633.343,11.127,3
30.203,2696,1777804303644.468,11.125,3
30.214,2697,1777804303655.594,11.126,3
30.225,2698,1777804303666.720,11.127,3
30.236,2699,1777804303677.846,11.126,3
30.247,2700,1777804303688.972,11.125,3
30.258,2701,1777804303700.098,11.127,3
30.270,2702,1777804303711.224,11.126,3
30.280,2703,1777804303722.350,11.125,3
30.292,2704,1777804303733.476,11.127,3
30.303,2705,1777804303744.602,11.126,3
30.314,2706,1777804303755.728,11.125,3
30.325,2707,1777804303766.854,11.127,3
30.336,2708,1777804303777.980,11.126,3
30.347,2709,1777804303789.105,11.125,3
30.358,2710,1777804303800.232,11.127,3
30.369,2711,1777804303811.358,11.126,3
30.380,2712,1777804303822.483,11.125,3
30.391,2713,1777804303833.610,11.127,3
30.403,2714,1777804303844.736,11.126,3
30.414,2715,1777804303855.861,11.125,3
30.425,2716,1777804303866.988,11.127,3
30.436,2717,1777804303878.114,11.126,3
30.447,2718,1777804303889.239,11.125,3
30.458,2719,1777804303900.366,11.127,3
30.469,2720,1777804303911.492,11.126,3
30.480,2721,1777804303922.617,11.126,3
30.492,2722,1777804303933.744,11.127,3
30.503,2723,1777804303944.870,11.126,3
30.514,2724,1777804303955.996,11.126,3
30.525,2725,1777804303967.122,11.126,3
30.536,2726,1777804303978.249,11.127,3
30.547,2727,1777804303989.375,11.126,3
30.558,2728,1777804304000.500,11.126,3
30.570,2729,1777804304011.627,11.127,3
30.581,2730,1777804304022.753,11.126,3
30.592,2731,1777804304033.879,11.126,3
30.603,2732,1777804304045.006,11.127,3
30.614,2733,1777804304056.131,11.126,3
30.625,2734,1777804304067.257,11.126,3
30.637,2735,1777804304078.384,11.127,3
30.647,2736,1777804304089.510,11.126,3
30.659,2737,1777804304100.636,11.126,3
30.670,2738,1777804304111.762,11.127,3
30.681,2739,1777804304122.888,11.126,3
30.692,2740,1777804304134.014,11.126,3
30.703,2741,1777804304145.141,11.127,3
30.714,2742,1777804304156.267,11.126,3
30.725,2743,1777804304167.393,11.126,3
30.736,2744,1777804304178.519,11.127,3
30.747,2745,1777804304189.645,11.126,3
30.759,2746,1777804304200.771,11.126,3
30.770,2747,1777804304211.898,11.127,3
30.781,2748,1777804304223.024,11.126,3
30.792,2749,1777804304234.149,11.126,3
30.804,2750,1777804304245.276,11.127,3
30.814,2751,1777804304256.402,11.126,3
30.825,2752,1777804304267.528,11.126,3
30.837,2753,1777804304278.655,11.127,3
30.848,2754,1777804304289.781,11.126,3
30.859,2755,1777804304300.906,11.126,3
30.870,2756,1777804304312.033,11.127,3
30.881,2757,1777804304323.159,11.126,3
30.892,2758,1777804304334.285,11.126,3
30.903,2759,1777804304345.412,11.127,3
30.914,2760,1777804304356.538,11.126,3
30.925,2761,1777804304367.663,11.126,3
30.937,2762,1777804304378.790,11.127,3
30.948,2763,1777804304389.916,11.126,3
30.959,2764,1777804304401.042,11.126,3
30.970,2765,1777804304412.168,11.126,3
30.981,2766,1777804304423.295,11.127,3
30.992,2767,1777804304434.420,11.126,3
31.003,2768,1777804304445.546,11.126,3
31.015,2769,1777804304456.673,11.127,3
31.026,2770,1777804304467.799,11.126,3
31.037,2771,1777804304478.925,11.126,3
31.048,2772,1777804304490.052,11.127,3
31.059,2773,1777804304501.177,11.126,3
31.070,2774,1777804304512.303,11.126,3
31.081,2775,1777804304523.430,11.127,3
31.092,2776,1777804304534.556,11.126,3
31.104,2777,1777804304545.682,11.126,3
31.115,2778,1777804304556.809,11.127,3
31.126,2779,1777804304567.934,11.126,3
31.137,2780,1777804304579.060,11.126,3
31.148,2781,1777804304590.187,11.127,3
31.159,2782,1777804304601.313,11.126,3
31.170,2783,1777804304612.439,11.126,3
31.181,2784,1777804304623.565,11.127,3
31.193,2785,1777804304634.691,11.126,3
31.204,2786,1777804304645.817,11.126,3
31.215,2787,1777804304656.944,11.127,3
31.226,2788,1777804304668.070,11.126,3
31.237,2789,1777804304679.196,11.126,3
31.248,2790,1777804304690.323,11.127,3
31.260,2791,1777804304701.448,11.126,3
31.270,2792,1777804304712.574,11.126,3
31.282,2793,1777804304723.701,11.127,3
31.293,2794,1777804304734.827,11.126,3
31.304,2795,1777804304745.953,11.126,3
31.315,2796,1777804304757.079,11.127,3
31.326,2797,1777804304768.205,11.126,3
31.337,2798,1777804304779.331,11.126,3
31.348,2799,1777804304790.458,11.127,3
31.359,2800,1777804304801.584,11.126,3
31.371,2801,1777804304812.709,11.126,3
31.382,2802,1777804304823.836,11.127,3
31.393,2803,1777804304834.962,11.126,3
31.404,2804,1777804304846.088,11.126,3
31.415,2805,1777804304857.214,11.126,3
31.437,2807,1777804304879.467,22.253,4
31.448,2808,1777804304890.592,11.126,4
31.460,2809,1777804304901.719,11.127,4
31.471,2810,1777804304912.845,11.126,4
31.482,2811,1777804304923.971,11.126,4
31.493,2812,1777804304935.097,11.127,4
31.504,2813,1777804304946.223,11.126,4
31.515,2814,1777804304957.349,11.126,4
31.527,2815,1777804304968.476,11.127,4
31.537,2816,1777804304979.601,11.126,4
31.549,2817,1777804304990.727,11.125,4
31.560,2818,1777804305001.854,11.127,4
31.571,2819,1777804305012.979,11.126,4
31.582,2820,1777804305024.105,11.126,4
31.593,2821,1777804305035.232,11.127,4
31.604,2822,1777804305046.357,11.126,4
31.615,2823,1777804305057.483,11.126,4
31.626,2824,1777804305068.610,11.127,4
31.638,2825,1777804305079.735,11.125,4
31.649,2826,1777804305090.861,11.126,4
31.660,2827,1777804305101.988,11.127,4
31.671,2828,1777804305113.114,11.126,4
31.682,2829,1777804305124.239,11.126,4
31.694,2830,1777804305135.366,11.127,4
31.705,2831,1777804305146.492,11.126,4
31.715,2832,1777804305157.617,11.125,4
31.727,2833,1777804305168.744,11.127,4
31.738,2834,1777804305179.870,11.126,4
31.749,2835,1777804305190.995,11.126,4
31.760,2836,1777804305202.122,11.127,4
31.771,2837,1777804305213.248,11.126,4
31.782,2838,1777804305224.374,11.126,4
31.793,2839,1777804305235.500,11.127,4
31.804,2840,1777804305246.626,11.125,4
31.816,2841,1777804305257.751,11.126,4
31.827,2842,1777804305268.878,11.127,4
31.838,2843,1777804305280.004,11.126,4
31.849,2844,1777804305291.130,11.126,4
31.860,2845,1777804305302.255,11.126,4
31.871,2846,1777804305313.382,11.126,4
31.883,2847,1777804305324.508,11.126,4
31.893,2848,1777804305335.633,11.126,4
31.905,2849,1777804305346.760,11.127,4
31.916,2850,1777804305357.886,11.126,4
31.927,2851,1777804305369.011,11.126,4
31.938,2852,1777804305380.138,11.127,4
31.949,2853,1777804305391.264,11.125,4
31.960,2854,1777804305402.389,11.126,4
31.972,2855,1777804305413.516,11.127,4
31.982,2856,1777804305424.642,11.126,4
31.994,2857,1777804305435.768,11.126,4
32.005,2858,1777804305446.894,11.127,4
32.016,2859,1777804305458.020,11.126,4
32.027,2860,1777804305469.146,11.125,4
32.038,2861,1777804305480.272,11.127,4
32.049,2862,1777804305491.398,11.126,4
32.060,2863,1777804305502.524,11.126,4
32.072,2864,1777804305513.650,11.127,4
32.083,2865,1777804305524.776,11.126,4
32.094,2866,1777804305535.902,11.125,4
32.105,2867,1777804305547.028,11.127,4
32.116,2868,1777804305558.154,11.126,4
32.127,2869,1777804305569.280,11.126,4
32.138,2870,1777804305580.406,11.127,4
32.149,2871,1777804305591.532,11.126,4
32.161,2872,1777804305602.658,11.125,4
32.172,2873,1777804305613.784,11.127,4
32.183,2874,1777804305624.910,11.126,4
32.194,2875,1777804305636.036,11.126,4
32.205,2876,1777804305647.163,11.127,4
32.216,2877,1777804305658.288,11.126,4
32.227,2878,1777804305669.414,11.125,4
32.238,2879,1777804305680.541,11.127,4
32.250,2880,1777804305691.666,11.126,4
32.261,2881,1777804305702.792,11.126,4
32.272,2882,1777804305713.919,11.127,4
32.283,2883,1777804305725.044,11.126,4
32.294,2884,1777804305736.170,11.125,4
32.305,2885,1777804305747.296,11.126,4
32.316,2886,1777804305758.422,11.127,4
32.327,2887,1777804305769.548,11.126,4
32.338,2888,1777804305780.674,11.126,4
32.350,2889,1777804305791.801,11.127,4
32.361,2890,1777804305802.926,11.125,4
32.372,2891,1777804305814.052,11.126,4
32.383,2892,1777804305825.178,11.127,4
32.394,2893,1777804305836.304,11.126,4
32.405,2894,1777804305847.430,11.126,4
32.416,2895,1777804305858.556,11.126,4
32.428,2896,1777804305869.682,11.126,4
32.439,2897,1777804305880.808,11.126,4
32.450,2898,1777804305891.935,11.127,4
32.461,2899,1777804305903.060,11.126,4
32.472,2900,1777804305914.186,11.126,4
32.483,2901,1777804305925.313,11.127,4
32.494,2902,1777804305936.438,11.126,4
32.505,2903,1777804305947.564,11.126,4
32.517,2904,1777804305958.691,11.127,4
32.528,2905,1777804305969.817,11.126,4
32.539,2906,1777804305980.943,11.126,4
32.550,2907,1777804305992.069,11.127,4
32.561,2908,1777804306003.195,11.126,4
32.572,2909,1777804306014.321,11.126,4
32.584,2910,1777804306025.448,11.127,4
32.594,2911,1777804306036.573,11.126,4
32.606,2912,1777804306047.699,11.126,4
32.617,2913,1777804306058.826,11.127,4
32.628,2914,1777804306069.952,11.126,4
32.639,2915,1777804306081.077,11.126,4
32.650,2916,1777804306092.204,11.127,4
32.661,2917,1777804306103.330,11.126,4
32.672,2918,1777804306114.456,11.126,4
32.683,2919,1777804306125.583,11.127,4
32.694,2920,1777804306136.708,11.126,4
32.706,2921,1777804306147.834,11.126,4
32.717,2922,1777804306158.961,11.127,4
32.728,2923,1777804306170.087,11.126,4
32.739,2924,1777804306181.212,11.126,4
32.750,2925,1777804306192.338,11.126,4
32.761,2926,1777804306203.465,11.127,4
32.772,2927,1777804306214.591,11.126,4
32.784,2928,1777804306225.716,11.126,4
32.795,2929,1777804306236.843,11.127,4
32.806,2930,1777804306247.969,11.126,4
32.817,2931,1777804306259.095,11.126,4
32.828,2932,1777804306270.221,11.127,4
32.839,2933,1777804306281.347,11.126,4
32.850,2934,1777804306292.473,11.126,4
32.861,2935,1777804306303.600,11.127,4
32.873,2936,1777804306314.726,11.126,4
32.884,2937,1777804306325.851,11.126,4
32.895,2938,1777804306336.978,11.127,4
32.906,2939,1777804306348.104,11.126,4
32.917,2940,1777804306359.230,11.126,4
32.928,2941,1777804306370.356,11.127,4
32.940,2942,1777804306381.482,11.126,4
32.951,2943,1777804306392.608,11.126,4
32.962,2944,1777804306403.735,11.127,4
32.973,2945,1777804306414.861,11.126,4
32.984,2946,1777804306425.986,11.126,4
32.995,2947,1777804306437.113,11.127,4
33.006,2948,1777804306448.239,11.126,4
33.028,2950,1777804306470.491,22.253,5
33.039,2951,1777804306481.617,11.126,5
33.051,2952,1777804306492.743,11.126,5
33.062,2953,1777804306503.870,11.127,5
33.073,2954,1777804306514.996,11.126,5
33.084,2955,1777804306526.121,11.126,5
33.095,2956,1777804306537.248,11.127,5
33.106,2957,1777804306548.374,11.126,5
33.117,2958,1777804306559.500,11.126,5
33.128,2959,1777804306570.626,11.127,5
33.140,2960,1777804306581.752,11.126,5
33.151,2961,1777804306592.878,11.126,5
33.162,2962,1777804306604.005,11.127,5
33.173,2963,1777804306615.130,11.126,5
33.184,2964,1777804306626.256,11.126,5
33.195,2965,1777804306637.382,11.126,5
33.206,2966,1777804306648.509,11.127,5
33.218,2967,1777804306659.635,11.126,5
33.229,2968,1777804306670.760,11.126,5
33.240,2969,1777804306681.887,11.127,5
33.251,2970,1777804306693.013,11.126,5
33.262,2971,1777804306704.139,11.126,5
33.273,2972,1777804306715.265,11.127,5
33.284,2973,1777804306726.391,11.126,5
33.295,2974,1777804306737.517,11.126,5
33.306,2975,1777804306748.644,11.127,5
33.318,2976,1777804306759.770,11.126,5
33.329,2977,1777804306770.895,11.126,5
33.340,2978,1777804306782.022,11.127,5
33.351,2979,1777804306793.148,11.126,5
33.362,2980,1777804306804.274,11.126,5
33.373,2981,1777804306815.400,11.127,5
33.384,2982,1777804306826.526,11.126,5
33.396,2983,1777804306837.652,11.126,5
33.407,2984,1777804306848.779,11.127,5
33.418,2985,1777804306859.905,11.126,5
33.429,2986,1777804306871.030,11.126,5
33.440,2987,1777804306882.157,11.127,5
33.451,2988,1777804306893.283,11.126,5
33.462,2989,1777804306904.409,11.126,5
33.473,2990,1777804306915.535,11.127,5
33.484,2991,1777804306926.661,11.126,5
33.496,2992,1777804306937.787,11.126,5
33.507,2993,1777804306948.914,11.127,5
33.518,2994,1777804306960.039,11.126,5
33.529,2995,1777804306971.165,11.126,5
33.540,2996,1777804306982.292,11.127,5
33.551,2997,1777804306993.418,11.126,5
33.562,2998,1777804307004.543,11.126,5
33.574,2999,1777804307015.670,11.127,5
33.585,3000,1777804307026.796,11.126,5
33.596,3001,1777804307037.922,11.126,5
33.607,3002,1777804307049.048,11.127,5
33.618,3003,1777804307060.174,11.126,5
33.629,3004,1777804307071.300,11.126,5
33.640,3005,1777804307082.426,11.126,5
33.651,3006,1777804307093.552,11.127,5
33.663,3007,1777804307104.678,11.126,5
33.674,3008,1777804307115.804,11.126,5
33.685,3009,1777804307126.931,11.127,5
33.696,3010,1777804307138.056,11.126,5
33.707,3011,1777804307149.182,11.126,5
33.718,3012,1777804307160.309,11.127,5
33.729,3013,1777804307171.435,11.126,5
33.740,3014,1777804307182.560,11.126,5
33.752,3015,1777804307193.687,11.127,5
33.763,3016,1777804307204.813,11.126,5
33.774,3017,1777804307215.938,11.126,5
33.785,3018,1777804307227.065,11.127,5
33.796,3019,1777804307238.191,11.126,5
33.807,3020,1777804307249.317,11.126,5
33.818,3021,1777804307260.444,11.127,5
33.829,3022,1777804307271.569,11.126,5
33.841,3023,1777804307282.695,11.126,5
33.852,3024,1777804307293.822,11.127,5
33.863,3025,1777804307304.948,11.126,5
33.874,3026,1777804307316.073,11.126,5
33.885,3027,1777804307327.200,11.127,5
33.896,3028,1777804307338.326,11.126,5
33.907,3029,1777804307349.452,11.126,5
33.918,3030,1777804307360.578,11.127,5
33.930,3031,1777804307371.704,11.126,5
33.941,3032,1777804307382.830,11.126,5
33.952,3033,1777804307393.957,11.127,5
33.963,3034,1777804307405.082,11.126,5
33.974,3035,1777804307416.208,11.126,5
33.985,3036,1777804307427.335,11.127,5
33.996,3037,1777804307438.461,11.126,5
34.007,3038,1777804307449.586,11.126,5
34.019,3039,1777804307460.713,11.127,5
34.030,3040,1777804307471.839,11.126,5
34.041,3041,1777804307482.965,11.126,5
34.052,3042,1777804307494.091,11.127,5
34.063,3043,1777804307505.217,11.126,5
34.074,3044,1777804307516.343,11.126,5
34.085,3045,1777804307527.469,11.126,5
34.096,3046,1777804307538.595,11.127,5
34.108,3047,1777804307549.721,11.126,5
34.119,3048,1777804307560.847,11.126,5
34.130,3049,1777804307571.974,11.127,5
34.141,3050,1777804307583.099,11.126,5
34.152,3051,1777804307594.225,11.126,5
34.163,3052,1777804307605.352,11.127,5
34.175,3053,1777804307616.478,11.126,5
34.185,3054,1777804307627.603,11.126,5
34.197,3055,1777804307638.730,11.127,5
34.208,3056,1777804307649.856,11.126,5
34.219,3057,1777804307660.982,11.126,5
34.230,3058,1777804307672.108,11.127,5
34.241,3059,1777804307683.234,11.126,5
34.252,3060,1777804307694.360,11.126,5
34.263,3061,1777804307705.487,11.127,5
34.274,3062,1777804307716.612,11.126,5
34.286,3063,1777804307727.738,11.126,5
34.297,3064,1777804307738.865,11.127,5
34.308,3065,1777804307749.991,11.126,5
34.319,3066,1777804307761.116,11.126,5
34.330,3067,1777804307772.243,11.127,5
34.341,3068,1777804307783.369,11.126,5
34.353,3069,1777804307794.495,11.126,5
34.363,3070,1777804307805.621,11.127,5
34.375,3071,1777804307816.747,11.126,5
34.386,3072,1777804307827.873,11.126,5
34.397,3073,1777804307839.000,11.127,5
34.408,3074,1777804307850.125,11.126,5
34.419,3075,1777804307861.251,11.126,5
34.430,3076,1777804307872.378,11.127,5
34.441,3077,1777804307883.504,11.126,5
34.452,3078,1777804307894.629,11.126,5
34.464,3079,1777804307905.756,11.127,5
34.475,3080,1777804307916.882,11.126,5
34.486,3081,1777804307928.008,11.126,5
34.497,3082,1777804307939.135,11.127,5
34.508,3083,1777804307950.260,11.126,5
34.519,3084,1777804307961.386,11.126,5
34.530,3085,1777804307972.511,11.125,5
34.541,3086,1777804307983.638,11.127,5
34.553,3087,1777804307994.764,11.125,5
34.564,3088,1777804308005.890,11.126,5
34.575,3089,1777804308017.016,11.127,5
34.586,3090,1777804308028.142,11.126,5
34.597,3091,1777804308039.268,11.126,5
34.608,3092,1777804308050.395,11.127,5
34.620,3093,1777804308061.520,11.126,5
34.630,3094,1777804308072.646,11.126,5
34.642,3095,1777804308083.773,11.127,5
34.653,3096,1777804308094.898,11.126,5
34.664,3097,1777804308106.024,11.126,5
34.675,3098,1777804308117.151,11.127,5
34.686,3099,1777804308128.277,11.126,5
34.698,3100,1777804308139.402,11.126,5
34.709,3101,1777804308150.529,11.127,5
34.719,3102,1777804308161.655,11.126,5
34.731,3103,1777804308172.781,11.126,5
34.742,3104,1777804308183.907,11.127,5
34.753,3105,1777804308195.033,11.126,5
34.764,3106,1777804308206.159,11.126,5
34.775,3107,1777804308217.285,11.127,5
34.786,3108,1777804308228.411,11.126,5
34.797,3109,1777804308239.537,11.126,5
34.808,3110,1777804308250.664,11.127,5
34.820,3111,1777804308261.789,11.126,5
34.831,3112,1777804308272.915,11.126,5
34.842,3113,1777804308284.042,11.127,5
34.853,3114,1777804308295.167,11.126,5
34.864,3115,1777804308306.293,11.125,5
34.875,3116,1777804308317.420,11.127,5
34.886,3117,1777804308328.545,11.126,5
34.898,3118,1777804308339.671,11.126,5
34.909,3119,1777804308350.798,11.127,5
34.920,3120,1777804308361.924,11.126,5
34.931,3121,1777804308373.049,11.126,5
34.942,3122,1777804308384.176,11.127,5
34.953,3123,1777804308395.302,11.126,5
34.964,3124,1777804308406.427,11.126,5
34.975,3125,1777804308417.553,11.126,5
34.987,3126,1777804308428.680,11.127,5
34.998,3127,1777804308439.806,11.126,5
35.009,3128,1777804308450.931,11.126,5
35.020,3129,1777804308462.058,11.127,5
35.031,3130,1777804308473.184,11.126,5
35.042,3131,1777804308484.310,11.126,5
35.053,3132,1777804308495.436,11.127,5
35.064,3133,1777804308506.562,11.126,5
35.076,3134,1777804308517.688,11.126,5
35.087,3135,1777804308528.814,11.127,5
35.098,3136,1777804308539.940,11.126,5
35.109,3137,1777804308551.066,11.125,5
35.120,3138,1777804308562.192,11.127,5
35.131,3139,1777804308573.318,11.126,5
35.142,3140,1777804308584.444,11.126,5
35.154,3141,1777804308595.571,11.127,5
35.165,3142,1777804308606.696,11.126,5
35.176,3143,1777804308617.822,11.126,5
35.187,3144,1777804308628.949,11.127,5
35.198,3145,1777804308640.074,11.126,5
35.209,3146,1777804308651.200,11.126,5
35.220,3147,1777804308662.327,11.127,5
35.231,3148,1777804308673.453,11.126,5
35.243,3149,1777804308684.578,11.126,5
35.254,3150,1777804308695.705,11.127,5
35.265,3151,1777804308706.831,11.126,5
35.276,3152,1777804308717.957,11.126,5
35.287,3153,1777804308729.083,11.127,5
35.298,3154,1777804308740.209,11.126,5
35.310,3155,1777804308751.335,11.126,5
35.320,3156,1777804308762.461,11.127,5
35.331,3157,1777804308773.587,11.125,5
35.343,3158,1777804308784.713,11.126,5
35.354,3159,1777804308795.839,11.127,5
35.365,3160,1777804308806.965,11.126,5
35.376,3161,1777804308818.091,11.126,5
35.387,3162,1777804308829.218,11.127,5
35.398,3163,1777804308840.343,11.126,5
35.409,3164,1777804308851.469,11.126,5
35.420,3165,1777804308862.595,11.126,5
35.432,3166,1777804308873.721,11.127,5
35.443,3167,1777804308884.847,11.126,5
35.454,3168,1777804308895.973,11.126,5
35.465,3169,1777804308907.100,11.127,5
35.476,3170,1777804308918.225,11.126,5
35.487,3171,1777804308929.351,11.126,5
35.498,3172,1777804308940.478,11.127,5
35.509,3173,1777804308951.604,11.126,5
35.521,3174,1777804308962.730,11.126,5
35.532,3175,1777804308973.856,11.127,5
35.543,3176,1777804308984.982,11.126,5
35.554,3177,1777804308996.108,11.126,5
35.565,3178,1777804309007.235,11.127,5
35.576,3179,1777804309018.361,11.126,5
35.587,3180,1777804309029.487,11.126,5
35.599,3181,1777804309040.614,11.127,5
35.610,3182,1777804309051.739,11.126,5
35.621,3183,1777804309062.865,11.126,5
35.632,3184,1777804309073.992,11.127,5
35.643,3185,1777804309085.118,11.126,5
35.654,3186,1777804309096.244,11.126,5
35.665,3187,1777804309107.370,11.127,5
35.676,3188,1777804309118.496,11.126,5
35.688,3189,1777804309129.622,11.126,5
35.699,3190,1777804309140.749,11.127,5
35.710,3191,1777804309151.875,11.126,5
35.721,3192,1777804309163.001,11.126,5
35.732,3193,1777804309174.127,11.127,5
35.743,3194,1777804309185.253,11.126,5
35.754,3195,1777804309196.379,11.126,5
35.765,3196,1777804309207.506,11.127,5
35.777,3197,1777804309218.632,11.126,5
35.788,3198,1777804309229.758,11.126,5
35.799,3199,1777804309240.885,11.127,5
35.810,3200,1777804309252.010,11.126,5
35.821,3201,1777804309263.136,11.126,5
35.832,3202,1777804309274.263,11.127,5
35.843,3203,1777804309285.389,11.126,5
35.854,3204,1777804309296.515,11.126,5
35.865,3205,1777804309307.640,11.126,5
35.877,3206,1777804309318.767,11.127,5
35.888,3207,1777804309329.893,11.126,5
35.899,3208,1777804309341.019,11.126,5
35.910,3209,1777804309352.146,11.127,5
35.921,3210,1777804309363.272,11.126,5
35.932,3211,1777804309374.397,11.126,5
35.943,3212,1777804309385.524,11.127,5
35.955,3213,1777804309396.650,11.126,5
35.966,3214,1777804309407.776,11.126,5
35.977,3215,1777804309418.903,11.127,5
35.999,3217,1777804309441.155,22.252,6
36.010,3218,1777804309452.281,11.127,6
36.021,3219,1777804309463.407,11.126,6
36.032,3220,1777804309474.533,11.126,6
36.043,3221,1777804309485.660,11.127,6
36.055,3222,1777804309496.786,11.126,6
36.066,3223,1777804309507.912,11.126,6
36.077,3224,1777804309519.039,11.127,6
36.088,3225,1777804309530.164,11.126,6
36.099,3226,1777804309541.290,11.126,6
36.110,3227,1777804309552.417,11.127,6
36.121,3228,1777804309563.543,11.126,6
36.132,3229,1777804309574.669,11.126,6
36.144,3230,1777804309585.795,11.127,6
36.155,3231,1777804309596.921,11.126,6
36.166,3232,1777804309608.047,11.126,6
36.177,3233,1777804309619.174,11.127,6
36.188,3234,1777804309630.300,11.126,6
36.199,3235,1777804309641.426,11.126,6
36.210,3236,1777804309652.552,11.127,6
36.221,3237,1777804309663.678,11.126,6
36.233,3238,1777804309674.804,11.126,6
36.244,3239,1777804309685.931,11.127,6
36.255,3240,1777804309697.057,11.126,6
36.266,3241,1777804309708.183,11.126,6
36.277,3242,1777804309719.310,11.127,6
36.288,3243,1777804309730.436,11.126,6
36.299,3244,1777804309741.561,11.126,6
36.310,3245,1777804309752.687,11.126,6
36.322,3246,1777804309763.814,11.127,6
36.333,3247,1777804309774.940,11.126,6
36.344,3248,1777804309786.066,11.126,6
36.355,3249,1777804309797.193,11.127,6
36.366,3250,1777804309808.319,11.126,6
36.377,3251,1777804309819.444,11.126,6
36.388,3252,1777804309830.571,11.127,6
36.400,3253,1777804309841.697,11.126,6
36.411,3254,1777804309852.823,11.126,6
36.422,3255,1777804309863.950,11.127,6
36.433,3256,1777804309875.076,11.126,6
36.444,3257,1777804309886.201,11.126,6
36.455,3258,1777804309897.328,11.127,6
36.466,3259,1777804309908.454,11.126,6
36.477,3260,1777804309919.580,11.126,6
36.489,3261,1777804309930.707,11.127,6
36.500,3262,1777804309941.833,11.126,6
36.511,3263,1777804309952.958,11.126,6
36.522,3264,1777804309964.085,11.127,6
36.533,3265,1777804309975.211,11.126,6
36.544,3266,1777804309986.336,11.126,6
36.555,3267,1777804309997.463,11.127,6
36.566,3268,1777804310008.589,11.126,6
36.578,3269,1777804310019.715,11.126,6
36.589,3270,1777804310030.842,11.127,6
36.600,3271,1777804310041.967,11.126,6
36.611,3272,1777804310053.093,11.126,6
36.622,3273,1777804310064.220,11.127,6
36.633,3274,1777804310075.346,11.126,6
36.645,3275,1777804310086.471,11.126,6
36.655,3276,1777804310097.598,11.127,6
36.667,3277,1777804310108.724,11.126,6
36.678,3278,1777804310119.850,11.126,6
36.689,3279,1777804310130.977,11.127,6
36.700,3280,1777804310142.102,11.126,6
36.711,3281,1777804310153.228,11.126,6
36.722,3282,1777804310164.355,11.127,6
36.733,3283,1777804310175.480,11.126,6
36.744,3284,1777804310186.606,11.126,6
36.756,3285,1777804310197.732,11.126,6
36.767,3286,1777804310208.859,11.127,6
36.778,3287,1777804310219.985,11.126,6
36.789,3288,1777804310231.110,11.126,6
36.800,3289,1777804310242.237,11.127,6
36.811,3290,1777804310253.363,11.126,6
36.822,3291,1777804310264.489,11.126,6
36.833,3292,1777804310275.615,11.127,6
36.845,3293,1777804310286.741,11.126,6
36.856,3294,1777804310297.867,11.126,6
36.867,3295,1777804310308.994,11.127,6
36.878,3296,1777804310320.120,11.126,6
36.889,3297,1777804310331.245,11.126,6
36.900,3298,1777804310342.372,11.127,6
36.911,3299,1777804310353.498,11.126,6
36.922,3300,1777804310364.624,11.126,6
36.934,3301,1777804310375.750,11.127,6
36.945,3302,1777804310386.876,11.126,6
36.956,3303,1777804310398.002,11.126,6
36.967,3304,1777804310409.129,11.127,6
36.979,3305,1777804310420.254,11.126,6
36.990,3306,1777804310431.380,11.126,6
37.001,3307,1777804310442.507,11.127,6
37.011,3308,1777804310453.633,11.126,6
37.023,3309,1777804310464.759,11.126,6
37.034,3310,1777804310475.885,11.127,6
37.045,3311,1777804310487.011,11.126,6
37.056,3312,1777804310498.137,11.126,6
37.067,3313,1777804310509.264,11.127,6
37.078,3314,1777804310520.389,11.126,6
37.089,3315,1777804310531.515,11.126,6
37.100,3316,1777804310542.642,11.127,6
37.112,3317,1777804310553.768,11.126,6
37.123,3318,1777804310564.894,11.126,6
37.134,3319,1777804310576.020,11.127,6
37.145,3320,1777804310587.146,11.126,6
37.156,3321,1777804310598.272,11.126,6
37.167,3322,1777804310609.399,11.127,6
37.178,3323,1777804310620.524,11.126,6
37.190,3324,1777804310631.650,11.126,6
37.201,3325,1777804310642.776,11.126,6
37.212,3326,1777804310653.903,11.127,6
37.223,3327,1777804310665.029,11.126,6
37.234,3328,1777804310676.154,11.126,6
37.245,3329,1777804310687.281,11.127,6
37.256,3330,1777804310698.407,11.126,6
37.267,3331,1777804310709.533,11.126,6
37.279,3332,1777804310720.659,11.127,6
37.290,3333,1777804310731.785,11.126,6
37.301,3334,1777804310742.911,11.126,6
37.312,3335,1777804310754.038,11.127,6
37.323,3336,1777804310765.164,11.126,6
37.334,3337,1777804310776.289,11.126,6
37.345,3338,1777804310787.416,11.127,6
37.356,3339,1777804310798.542,11.126,6
37.367,3340,1777804310809.668,11.126,6
37.379,3341,1777804310820.794,11.127,6
37.390,3342,1777804310831.920,11.126,6
37.401,3343,1777804310843.046,11.126,6
37.412,3344,1777804310854.173,11.127,6
37.423,3345,1777804310865.299,11.126,6
37.435,3346,1777804310876.424,11.126,6
37.445,3347,1777804310887.551,11.127,6
37.456,3348,1777804310898.677,11.126,6
37.468,3349,1777804310909.803,11.126,6
37.479,3350,1777804310920.929,11.126,6
37.490,3351,1777804310932.055,11.126,6
37.501,3352,1777804310943.181,11.126,6
37.512,3353,1777804310954.307,11.126,6
37.524,3354,1777804310965.433,11.126,6
37.534,3355,1777804310976.559,11.126,6
37.546,3356,1777804310987.685,11.126,6
37.557,3357,1777804310998.811,11.126,6
37.568,3358,1777804311009.937,11.126,6
37.579,3359,1777804311021.063,11.126,6
37.590,3360,1777804311032.189,11.126,6
37.601,3361,1777804311043.314,11.126,6
37.613,3362,1777804311054.441,11.126,6
37.624,3363,1777804311065.567,11.126,6
37.635,3364,1777804311076.692,11.126,6
37.646,3365,1777804311087.818,11.125,6
37.657,3366,1777804311098.945,11.127,6
37.668,3367,1777804311110.070,11.126,6
37.679,3368,1777804311121.196,11.125,6
37.690,3369,1777804311132.323,11.127,6
37.701,3370,1777804311143.448,11.126,6
37.712,3371,1777804311154.574,11.125,6
37.723,3372,1777804311165.700,11.127,6
37.735,3373,1777804311176.826,11.126,6
37.746,3374,1777804311187.952,11.125,6
37.757,3375,1777804311199.078,11.127,6
37.768,3376,1777804311210.204,11.126,6
37.779,3377,1777804311221.330,11.125,6
37.790,3378,1777804311232.456,11.127,6
37.801,3379,1777804311243.582,11.126,6
37.813,3380,1777804311254.708,11.125,6
37.824,3381,1777804311265.834,11.127,6
37.835,3382,1777804311276.960,11.126,6
37.846,3383,1777804311288.085,11.125,6
37.857,3384,1777804311299.212,11.127,6
37.868,3385,1777804311310.338,11.126,6
37.880,3386,1777804311321.463,11.125,6
37.890,3387,1777804311332.590,11.127,6
37.902,3388,1777804311343.716,11.126,6
37.913,3389,1777804311354.841,11.125,6
37.924,3390,1777804311365.968,11.127,6
37.935,3391,1777804311377.094,11.126,6
37.946,3392,1777804311388.219,11.125,6
37.957,3393,1777804311399.346,11.127,6
37.968,3394,1777804311410.472,11.126,6
37.980,3395,1777804311421.597,11.125,6
37.991,3396,1777804311432.724,11.127,6
38.002,3397,1777804311443.850,11.126,6
38.013,3398,1777804311454.975,11.125,6
38.024,3399,1777804311466.102,11.127,6
38.035,3400,1777804311477.228,11.126,6
38.046,3401,1777804311488.353,11.125,6
38.057,3402,1777804311499.480,11.127,6
38.068,3403,1777804311510.605,11.126,6
38.080,3404,1777804311521.731,11.125,6
38.091,3405,1777804311532.857,11.126,6
38.102,3406,1777804311543.983,11.126,6
38.113,3407,1777804311555.109,11.126,6
38.124,3408,1777804311566.235,11.126,6
38.135,3409,1777804311577.361,11.126,6
38.146,3410,1777804311588.487,11.126,6
38.158,3411,1777804311599.613,11.126,6
38.169,3412,1777804311610.739,11.126,6
38.180,3413,1777804311621.865,11.126,6
38.191,3414,1777804311632.990,11.126,6
38.202,3415,1777804311644.117,11.126,6
38.213,3416,1777804311655.243,11.126,6
38.224,3417,1777804311666.368,11.126,6
38.235,3418,1777804311677.495,11.126,6
38.246,3419,1777804311688.621,11.126,6
38.258,3420,1777804311699.746,11.126,6
38.269,3421,1777804311710.873,11.126,6
38.280,3422,1777804311721.999,11.126,6
38.291,3423,1777804311733.124,11.126,6
38.302,3424,1777804311744.251,11.126,6
38.313,3425,1777804311755.376,11.126,6
38.324,3426,1777804311766.502,11.125,6
38.336,3427,1777804311777.629,11.127,6
38.347,3428,1777804311788.754,11.126,6
38.358,3429,1777804311799.880,11.125,6
38.369,3430,1777804311811.007,11.127,6
38.380,3431,1777804311822.132,11.126,6
38.391,3432,1777804311833.258,11.125,6
38.402,3433,1777804311844.385,11.127,6
38.413,3434,1777804311855.510,11.126,6
38.424,3435,1777804311866.636,11.125,6
38.436,3436,1777804311877.762,11.127,6
38.447,3437,1777804311888.888,11.126,6
38.458,3438,1777804311900.014,11.125,6
38.469,3439,1777804311911.140,11.127,6
38.480,3440,1777804311922.266,11.126,6
38.491,3441,1777804311933.392,11.126,6
38.502,3442,1777804311944.519,11.127,6
38.514,3443,1777804311955.644,11.126,6
38.525,3444,1777804311966.770,11.126,6
38.536,3445,1777804311977.896,11.126,6
38.547,3446,1777804311989.022,11.127,6
38.558,3447,1777804312000.148,11.126,6
38.569,3448,1777804312011.274,11.126,6
38.580,3449,1777804312022.401,11.127,6
38.591,3450,1777804312033.527,11.126,6
38.603,3451,1777804312044.652,11.126,6
38.614,3452,1777804312055.779,11.127,6
38.625,3453,1777804312066.905,11.126,6
38.636,3454,1777804312078.031,11.126,6
38.647,3455,1777804312089.157,11.127,6
38.658,3456,1777804312100.283,11.126,6
38.669,3457,1777804312111.409,11.126,6
38.680,3458,1777804312122.535,11.127,6
38.692,3459,1777804312133.661,11.126,6
38.703,3460,1777804312144.787,11.126,6
38.714,3461,1777804312155.914,11.127,6
38.725,3462,1777804312167.040,11.126,6
38.736,3463,1777804312178.165,11.126,6
38.747,3464,1777804312189.292,11.127,6
38.758,3465,1777804312200.418,11.126,6
38.769,3466,1777804312211.543,11.126,6
38.780,3467,1777804312222.670,11.127,6
38.793,3468,1777804312233.796,11.126,6
38.803,3469,1777804312244.922,11.126,6
38.814,3470,1777804312256.048,11.127,6
38.825,3471,1777804312267.174,11.126,6
38.836,3472,1777804312278.300,11.126,6
38.847,3473,1777804312289.427,11.127,6
38.858,3474,1777804312300.552,11.126,6
38.870,3475,1777804312311.678,11.126,6
38.881,3476,1777804312322.805,11.127,6
38.892,3477,1777804312333.931,11.126,6
38.903,3478,1777804312345.056,11.126,6
38.914,3479,1777804312356.183,11.127,6
38.925,3480,1777804312367.309,11.126,6
38.936,3481,1777804312378.435,11.126,6
38.947,3482,1777804312389.561,11.127,6
38.959,3483,1777804312400.687,11.126,6
38.970,3484,1777804312411.813,11.126,6
38.981,3485,1777804312422.938,11.126,6
38.992,3486,1777804312434.065,11.127,6
39.003,3487,1777804312445.191,11.126,6
39.014,3488,1777804312456.317,11.126,6
39.025,3489,1777804312467.444,11.127,6
39.036,3490,1777804312478.569,11.126,6
39.048,3491,1777804312489.695,11.126,6
39.059,3492,1777804312500.822,11.127,6
39.070,3493,1777804312511.948,11.126,6
39.081,3494,1777804312523.073,11.126,6
39.092,3495,1777804312534.200,11.127,6
39.103,3496,1777804312545.326,11.126,6
39.114,3497,1777804312556.451,11.126,6
39.125,3498,1777804312567.578,11.127,6
39.137,3499,1777804312578.704,11.126,6
39.148,3500,1777804312589.830,11.126,6
39.159,3501,1777804312600.956,11.127,6
39.170,3502,1777804312612.082,11.126,6
39.181,3503,1777804312623.208,11.126,6
39.192,3504,1777804312634.335,11.127,6
39.203,3505,1777804312645.460,11.126,6
39.214,3506,1777804312656.586,11.126,6
39.226,3507,1777804312667.713,11.127,6
39.237,3508,1777804312678.839,11.126,6
39.248,3509,1777804312689.964,11.126,6
39.259,3510,1777804312701.091,11.127,6
39.270,3511,1777804312712.217,11.126,6
39.281,3512,1777804312723.343,11.126,6
39.292,3513,1777804312734.469,11.127,6
39.303,3514,1777804312745.595,11.126,6
39.314,3515,1777804312756.721,11.126,6
39.326,3516,1777804312767.847,11.127,6
39.337,3517,1777804312778.973,11.126,6
39.348,3518,1777804312790.099,11.126,6
39.359,3519,1777804312801.226,11.127,6
39.370,3520,1777804312812.352,11.126,6
39.381,3521,1777804312823.477,11.126,6
39.393,3522,1777804312834.604,11.127,6
39.404,3523,1777804312845.730,11.126,6
39.415,3524,1777804312856.855,11.126,6
39.426,3525,1777804312867.981,11.126,6
39.437,3526,1777804312879.108,11.127,6
39.448,3527,1777804312890.234,11.126,6
39.459,3528,1777804312901.359,11.126,6
39.470,3529,1777804312912.486,11.127,6
39.481,3530,1777804312923.612,11.126,6
39.493,3531,1777804312934.738,11.126,6
39.504,3532,1777804312945.865,11.127,6
39.515,3533,1777804312956.990,11.126,6
39.526,3534,1777804312968.116,11.126,6
39.537,3535,1777804312979.243,11.127,6
39.548,3536,1777804312990.369,11.126,6
39.559,3537,1777804313001.495,11.126,6
39.570,3538,1777804313012.621,11.127,6
39.582,3539,1777804313023.747,11.126,6
39.593,3540,1777804313034.873,11.126,6
39.604,3541,1777804313046.000,11.127,6
39.615,3542,1777804313057.126,11.126,6
39.626,3543,1777804313068.251,11.126,6
39.637,3544,1777804313079.378,11.127,6
39.649,3545,1777804313090.504,11.126,6
39.659,3546,1777804313101.630,11.126,6
39.671,3547,1777804313112.757,11.127,6
39.682,3548,1777804313123.883,11.126,6
39.693,3549,1777804313135.008,11.126,6
39.704,3550,1777804313146.135,11.127,6
39.715,3551,1777804313157.261,11.126,6
39.726,3552,1777804313168.387,11.126,6
39.737,3553,1777804313179.514,11.127,6
39.748,3554,1777804313190.639,11.126,6
39.760,3555,1777804313201.765,11.126,6
39.771,3556,1777804313212.892,11.127,6
39.782,3557,1777804313224.018,11.126,6
39.793,3558,1777804313235.144,11.126,6
39.804,3559,1777804313246.271,11.127,6
39.816,3560,1777804313257.396,11.126,6
39.826,3561,1777804313268.522,11.126,6
39.838,3562,1777804313279.649,11.127,6
39.849,3563,1777804313290.775,11.126,6
39.860,3564,1777804313301.900,11.126,6
39.871,3565,1777804313313.026,11.126,6
39.882,3566,1777804313324.153,11.127,6
39.893,3567,1777804313335.279,11.126,6
39.904,3568,1777804313346.405,11.126,6
39.916,3569,1777804313357.531,11.127,6
39.926,3570,1777804313368.657,11.126,6
39.938,3571,1777804313379.783,11.126,6
39.949,3572,1777804313390.910,11.127,6
39.960,3573,1777804313402.036,11.126,6
39.971,3574,1777804313413.162,11.126,6
39.982,3575,1777804313424.288,11.127,6
39.993,3576,1777804313435.414,11.126,6
40.005,3577,1777804313446.540,11.126,6
40.015,3578,1777804313457.667,11.127,6
40.027,3579,1777804313468.793,11.126,6
40.038,3580,1777804313479.918,11.126,6
40.049,3581,1777804313491.045,11.127,6
40.060,3582,1777804313502.171,11.126,6
40.072,3583,1777804313513.297,11.126,6
40.082,3584,1777804313524.424,11.127,6
40.094,3585,1777804313535.550,11.126,6
40.104,3586,1777804313546.675,11.126,6
40.116,3587,1777804313557.802,11.127,6
40.127,3588,1777804313568.928,11.126,6
40.138,3589,1777804313580.054,11.126,6
40.149,3590,1777804313591.181,11.127,6
40.160,3591,1777804313602.306,11.126,6
40.172,3592,1777804313613.432,11.126,6
40.182,3593,1777804313624.559,11.127,6
40.194,3594,1777804313635.685,11.126,6
40.205,3595,1777804313646.811,11.126,6
40.216,3596,1777804313657.938,11.127,6
40.227,3597,1777804313669.063,11.126,6
40.238,3598,1777804313680.189,11.126,6
40.249,3599,1777804313691.316,11.127,6
40.261,3600,1777804313702.442,11.126,6
40.272,3601,1777804313713.568,11.126,6
40.283,3602,1777804313724.694,11.127,6
40.294,3603,1777804313735.820,11.126,6
40.305,3604,1777804313746.946,11.126,6
40.316,3605,1777804313758.072,11.126,6
40.327,3606,1777804313769.199,11.127,6
40.339,3607,1777804313780.324,11.126,6
40.349,3608,1777804313791.450,11.126,6
40.361,3609,1777804313802.577,11.127,6
40.372,3610,1777804313813.703,11.126,6
40.383,3611,1777804313824.829,11.126,6
40.394,3612,1777804313835.956,11.127,6
40.405,3613,1777804313847.081,11.126,6
40.416,3614,1777804313858.207,11.126,6
40.427,3615,1777804313869.334,11.127,6
40.438,3616,1777804313880.460,11.126,6
40.449,3617,1777804313891.586,11.126,6
40.461,3618,1777804313902.712,11.127,6
40.472,3619,1777804313913.838,11.126,6
40.483,3620,1777804313924.964,11.126,6
40.494,3621,1777804313936.091,11.127,6
40.505,3622,1777804313947.216,11.125,6
40.516,3623,1777804313958.342,11.126,6
40.527,3624,1777804313969.468,11.126,6
40.539,3625,1777804313980.594,11.126,6
40.550,3626,1777804313991.719,11.125,6
40.561,3627,1777804314002.846,11.127,6
40.572,3628,1777804314013.972,11.125,6
40.583,3629,1777804314025.097,11.126,6
40.594,3630,1777804314036.224,11.127,6
40.605,3631,1777804314047.350,11.125,6
40.616,3632,1777804314058.475,11.126,6
40.627,3633,1777804314069.602,11.126,6
40.639,3634,1777804314080.728,11.126,6
40.650,3635,1777804314091.853,11.125,6
40.661,3636,1777804314102.980,11.127,6
40.672,3637,1777804314114.105,11.125,6
40.683,3638,1777804314125.231,11.126,6
40.694,3639,1777804314136.358,11.127,6
40.705,3640,1777804314147.483,11.125,6
40.716,3641,1777804314158.609,11.126,6
40.728,3642,1777804314169.735,11.126,6
40.739,3643,1777804314180.861,11.126,6
40.750,3644,1777804314191.987,11.125,6
40.761,3645,1777804314203.112,11.126,6
40.772,3646,1777804314214.239,11.126,6
40.783,3647,1777804314225.365,11.126,6
40.794,3648,1777804314236.490,11.125,6
40.805,3649,1777804314247.617,11.127,6
40.817,3650,1777804314258.742,11.125,6
40.828,3651,1777804314269.868,11.126,6
40.839,3652,1777804314280.995,11.127,6
40.850,3653,1777804314292.120,11.125,6
40.861,3654,1777804314303.246,11.126,6
40.872,3655,1777804314314.372,11.126,6
40.883,3656,1777804314325.498,11.126,6
40.895,3657,1777804314336.624,11.125,6
40.906,3658,1777804314347.750,11.127,6
40.917,3659,1777804314358.876,11.125,6
40.928,3660,1777804314370.001,11.126,6
40.939,3661,1777804314381.128,11.126,6
40.950,3662,1777804314392.254,11.126,6
40.961,3663,1777804314403.379,11.125,6
40.972,3664,1777804314414.506,11.127,6
40.984,3665,1777804314425.631,11.125,6
40.995,3666,1777804314436.757,11.126,6
41.006,3667,1777804314447.884,11.127,6
41.017,3668,1777804314459.009,11.125,6
41.028,3669,1777804314470.135,11.126,6
41.039,3670,1777804314481.261,11.126,6
41.050,3671,1777804314492.387,11.126,6
41.061,3672,1777804314503.513,11.125,6
41.072,3673,1777804314514.639,11.127,6
41.084,3674,1777804314525.765,11.125,6
41.095,3675,1777804314536.891,11.126,6
41.106,3676,1777804314548.017,11.126,6
41.117,3677,1777804314559.143,11.126,6
41.128,3678,1777804314570.268,11.125,6
41.139,3679,1777804314581.395,11.127,6
41.150,3680,1777804314592.521,11.125,6
41.161,3681,1777804314603.646,11.126,6
41.173,3682,1777804314614.773,11.126,6
41.184,3683,1777804314625.898,11.126,6
41.195,3684,1777804314637.024,11.125,6
41.206,3685,1777804314648.150,11.126,6
41.217,3686,1777804314659.276,11.126,6
41.228,3687,1777804314670.402,11.126,6
41.239,3688,1777804314681.527,11.125,6
41.251,3689,1777804314692.654,11.127,6
41.262,3690,1777804314703.780,11.125,6
41.273,3691,1777804314714.905,11.126,6
41.284,3692,1777804314726.032,11.126,6
41.295,3693,1777804314737.157,11.126,6
41.306,3694,1777804314748.283,11.125,6
41.317,3695,1777804314759.410,11.127,6
41.328,3696,1777804314770.535,11.125,6
41.339,3697,1777804314781.661,11.126,6
41.351,3698,1777804314792.787,11.126,6
41.362,3699,1777804314803.913,11.126,6
41.373,3700,1777804314815.039,11.125,6
41.384,3701,1777804314826.165,11.127,6
41.395,3702,1777804314837.291,11.125,6
41.406,3703,1777804314848.417,11.126,6
41.417,3704,1777804314859.543,11.126,6
41.428,3705,1777804314870.669,11.126,6
41.440,3706,1777804314881.794,11.125,6
41.451,3707,1777804314892.921,11.127,6
41.462,3708,1777804314904.046,11.125,6
41.473,3709,1777804314915.172,11.126,6
41.485,3710,1777804314926.299,11.127,6
41.495,3711,1777804314937.425,11.126,6
41.506,3712,1777804314948.550,11.126,6
41.518,3713,1777804314959.677,11.127,6
41.529,3714,1777804314970.803,11.126,6
41.540,3715,1777804314981.928,11.125,6
41.551,3716,1777804314993.055,11.127,6
41.562,3717,1777804315004.181,11.126,6
41.573,3718,1777804315015.306,11.126,6
41.584,3719,1777804315026.433,11.127,6
41.596,3720,1777804315037.559,11.126,6
41.607,3721,1777804315048.685,11.126,6
41.618,3722,1777804315059.811,11.127,6
41.629,3723,1777804315070.937,11.126,6
41.640,3724,1777804315082.063,11.126,6
41.651,3725,1777804315093.188,11.126,6
41.662,3726,1777804315104.315,11.126,6
41.673,3727,1777804315115.441,11.126,6
41.684,3728,1777804315126.566,11.126,6
41.695,3729,1777804315137.693,11.127,6
41.707,3730,1777804315148.819,11.126,6
41.718,3731,1777804315159.945,11.126,6
41.729,3732,1777804315171.071,11.127,6
41.740,3733,1777804315182.197,11.126,6
41.751,3734,1777804315193.323,11.126,6
41.762,3735,1777804315204.449,11.127,6
41.773,3736,1777804315215.575,11.126,6
41.785,3737,1777804315226.701,11.125,6
41.796,3738,1777804315237.827,11.127,6
41.807,3739,1777804315248.953,11.126,6
41.818,3740,1777804315260.079,11.126,6
41.829,3741,1777804315271.206,11.127,6
41.840,3742,1777804315282.331,11.126,6
41.851,3743,1777804315293.457,11.126,6
41.862,3744,1777804315304.584,11.127,6
41.874,3745,1777804315315.709,11.126,6
41.885,3746,1777804315326.835,11.125,6
41.896,3747,1777804315337.962,11.127,6
41.907,3748,1777804315349.087,11.126,6
41.918,3749,1777804315360.213,11.126,6
41.929,3750,1777804315371.340,11.127,6
41.940,3751,1777804315382.466,11.126,6
41.951,3752,1777804315393.591,11.126,6
41.962,3753,1777804315404.718,11.127,6
41.974,3754,1777804315415.844,11.126,6
41.985,3755,1777804315426.969,11.126,6
41.996,3756,1777804315438.096,11.127,6
42.007,3757,1777804315449.222,11.125,6
42.018,3758,1777804315460.347,11.126,6
42.030,3759,1777804315471.474,11.127,6
42.041,3760,1777804315482.600,11.126,6
42.052,3761,1777804315493.726,11.126,6
42.063,3762,1777804315504.852,11.127,6
42.074,3763,1777804315515.978,11.126,6
42.085,3764,1777804315527.104,11.126,6
42.096,3765,1777804315538.229,11.125,6
42.107,3766,1777804315549.356,11.127,6
42.118,3767,1777804315560.482,11.126,6
42.130,3768,1777804315571.607,11.126,6
42.141,3769,1777804315582.734,11.127,6
42.152,3770,1777804315593.860,11.126,6
42.163,3771,1777804315604.986,11.126,6
42.174,3772,1777804315616.112,11.127,6
42.185,3773,1777804315627.238,11.126,6
42.196,3774,1777804315638.364,11.125,6
42.208,3775,1777804315649.490,11.127,6
42.219,3776,1777804315660.616,11.126,6
42.230,3777,1777804315671.742,11.126,6
42.241,3778,1777804315682.868,11.127,6
42.252,3779,1777804315693.994,11.126,6
42.263,3780,1777804315705.120,11.126,6
42.274,3781,1777804315716.247,11.127,6
42.285,3782,1777804315727.372,11.126,6
42.297,3783,1777804315738.498,11.125,6
42.307,3784,1777804315749.625,11.127,6
42.319,3785,1777804315760.750,11.126,6
42.330,3786,1777804315771.876,11.126,6
42.341,3787,1777804315783.003,11.127,6
42.352,3788,1777804315794.128,11.126,6
42.363,3789,1777804315805.254,11.126,6
42.374,3790,1777804315816.381,11.127,6
42.385,3791,1777804315827.507,11.126,6
42.396,3792,1777804315838.632,11.125,6
42.408,3793,1777804315849.759,11.127,6
42.419,3794,1777804315860.885,11.126,6
42.430,3795,1777804315872.010,11.126,6
42.441,3796,1777804315883.137,11.127,6
42.452,3797,1777804315894.263,11.126,6
42.463,3798,1777804315905.388,11.126,6
42.474,3799,1777804315916.515,11.127,6
42.485,3800,1777804315927.641,11.125,6
42.497,3801,1777804315938.766,11.126,6
42.508,3802,1777804315949.893,11.127,6
42.519,3803,1777804315961.019,11.125,6
42.530,3804,1777804315972.144,11.126,6
42.541,3805,1777804315983.270,11.126,6
42.552,3806,1777804315994.397,11.127,6
42.563,3807,1777804316005.522,11.125,6
42.574,3808,1777804316016.648,11.126,6
42.586,3809,1777804316027.775,11.127,6
42.597,3810,1777804316038.900,11.125,6
42.608,3811,1777804316050.026,11.126,6
42.619,3812,1777804316061.153,11.127,6
42.630,3813,1777804316072.278,11.126,6
42.641,3814,1777804316083.404,11.125,6
42.652,3815,1777804316094.531,11.127,6
42.663,3816,1777804316105.656,11.126,6
42.675,3817,1777804316116.782,11.125,6
42.686,3818,1777804316127.908,11.127,6
42.697,3819,1777804316139.034,11.126,6
42.708,3820,1777804316150.160,11.126,6
42.719,3821,1777804316161.286,11.126,6
42.731,3822,1777804316172.412,11.126,6
42.741,3823,1777804316183.538,11.126,6
42.752,3824,1777804316194.665,11.127,6
42.764,3825,1777804316205.790,11.125,6
42.775,3826,1777804316216.916,11.126,6
42.786,3827,1777804316228.042,11.127,6
42.797,3828,1777804316239.168,11.125,6
42.808,3829,1777804316250.294,11.126,6
42.820,3830,1777804316261.420,11.127,6
42.830,3831,1777804316272.546,11.125,6
42.842,3832,1777804316283.672,11.126,6
42.853,3833,1777804316294.798,11.127,6
42.864,3834,1777804316305.924,11.126,6
42.875,3835,1777804316317.050,11.125,6
42.886,3836,1777804316328.176,11.127,6
42.897,3837,1777804316339.302,11.126,6
42.909,3838,1777804316350.427,11.125,6
42.920,3839,1777804316361.554,11.127,6
42.931,3840,1777804316372.680,11.126,6
42.942,3841,1777804316383.806,11.126,6
42.953,3842,1777804316394.932,11.126,6
42.964,3843,1777804316406.058,11.126,6
42.975,3844,1777804316417.184,11.126,6
42.986,3845,1777804316428.309,11.125,6
42.998,3846,1777804316439.436,11.127,6
43.009,3847,1777804316450.562,11.126,6
43.019,3848,1777804316461.687,11.125,6
43.031,3849,1777804316472.814,11.127,6
43.042,3850,1777804316483.939,11.126,6
43.053,3851,1777804316495.065,11.126,6
43.064,3852,1777804316506.192,11.126,6
43.075,3853,1777804316517.317,11.126,6
43.086,3854,1777804316528.443,11.126,6
43.098,3855,1777804316539.570,11.126,6
43.109,3856,1777804316550.695,11.126,6
43.120,3857,1777804316561.821,11.126,6
43.131,3858,1777804316572.948,11.127,6
43.142,3859,1777804316584.073,11.125,6
43.153,3860,1777804316595.199,11.126,6
43.164,3861,1777804316606.326,11.127,6
43.175,3862,1777804316617.451,11.125,6
43.186,3863,1777804316628.577,11.126,6
43.198,3864,1777804316639.704,11.127,6
43.209,3865,1777804316650.829,11.125,6
43.220,3866,1777804316661.955,11.126,6
43.231,3867,1777804316673.082,11.127,6
43.242,3868,1777804316684.207,11.125,6
43.254,3869,1777804316695.333,11.126,6
43.264,3870,1777804316706.459,11.127,6
43.275,3871,1777804316717.585,11.126,6
43.287,3872,1777804316728.711,11.125,6
43.298,3873,1777804316739.837,11.127,6
43.309,3874,1777804316750.963,11.126,6
43.320,3875,1777804316762.089,11.125,6
43.331,3876,1777804316773.215,11.127,6
43.342,3877,1777804316784.341,11.126,6
43.353,3878,1777804316795.467,11.125,6
43.365,3879,1777804316806.593,11.127,6
43.376,3880,1777804316817.719,11.126,6
43.387,3881,1777804316828.844,11.125,6
43.398,3882,1777804316839.971,11.127,6
43.409,3883,1777804316851.097,11.126,6
43.420,3884,1777804316862.222,11.125,6
43.432,3885,1777804316873.348,11.126,6
43.442,3886,1777804316884.475,11.127,6
43.453,3887,1777804316895.601,11.126,6
43.465,3888,1777804316906.726,11.125,6
43.476,3889,1777804316917.853,11.127,6
43.487,3890,1777804316928.979,11.126,6
43.498,3891,1777804316940.104,11.126,6
43.509,3892,1777804316951.231,11.126,6
43.520,3893,1777804316962.356,11.126,6
43.531,3894,1777804316973.482,11.126,6
43.542,3895,1777804316984.609,11.127,6
43.554,3896,1777804316995.735,11.126,6
43.565,3897,1777804317006.860,11.125,6
43.576,3898,1777804317017.987,11.127,6
43.587,3899,1777804317029.113,11.126,6
43.598,3900,1777804317040.238,11.126,6
43.609,3901,1777804317051.365,11.127,6
43.620,3902,1777804317062.490,11.125,6
43.631,3903,1777804317073.616,11.126,6
43.643,3904,1777804317084.743,11.127,6
43.654,3905,1777804317095.869,11.126,6
43.665,3906,1777804317106.994,11.126,6
43.676,3907,1777804317118.121,11.126,6
43.687,3908,1777804317129.247,11.126,6
43.698,3909,1777804317140.372,11.126,6
43.709,3910,1777804317151.499,11.127,6
43.720,3911,1777804317162.625,11.126,6
43.732,3912,1777804317173.750,11.125,6
43.743,3913,1777804317184.877,11.127,6
43.754,3914,1777804317196.003,11.126,6
43.765,3915,1777804317207.128,11.126,6
43.776,3916,1777804317218.255,11.127,6
43.787,3917,1777804317229.381,11.125,6
43.798,3918,1777804317240.506,11.126,6
43.810,3919,1777804317251.633,11.127,6
43.821,3920,1777804317262.759,11.126,6
43.832,3921,1777804317273.884,11.125,6
43.843,3922,1777804317285.011,11.127,6
43.854,3923,1777804317296.137,11.126,6
43.865,3924,1777804317307.262,11.126,6
43.876,3925,1777804317318.388,11.126,6
43.887,3926,1777804317329.515,11.126,6
43.899,3927,1777804317340.640,11.126,6
43.910,3928,1777804317351.766,11.126,6
43.921,3929,1777804317362.893,11.127,6
43.932,3930,1777804317374.018,11.125,6
43.943,3931,1777804317385.144,11.126,6
43.954,3932,1777804317396.271,11.127,6
43.965,3933,1777804317407.396,11.126,6
43.976,3934,1777804317418.522,11.126,6
43.987,3935,1777804317429.649,11.126,6
43.999,3936,1777804317440.774,11.126,6
44.010,3937,1777804317451.900,11.126,6
44.021,3938,1777804317463.027,11.127,6
44.032,3939,1777804317474.152,11.125,6
44.043,3940,1777804317485.278,11.126,6
44.054,3941,1777804317496.405,11.127,6
44.065,3942,1777804317507.531,11.126,6
44.076,3943,1777804317518.656,11.125,6
44.088,3944,1777804317529.783,11.127,6
44.099,3945,1777804317540.908,11.126,6
44.110,3946,1777804317552.034,11.126,6
44.121,3947,1777804317563.161,11.127,6
44.132,3948,1777804317574.286,11.125,6
44.143,3949,1777804317585.412,11.126,6
44.154,3950,1777804317596.539,11.127,6
44.166,3951,1777804317607.665,11.126,6
44.177,3952,1777804317618.790,11.125,6
44.188,3953,1777804317629.917,11.127,6
44.199,3954,1777804317641.042,11.126,6
44.210,3955,1777804317652.168,11.126,6
44.221,3956,1777804317663.295,11.126,6
44.232,3957,1777804317674.420,11.126,6
44.243,3958,1777804317685.546,11.126,6
44.255,3959,1777804317696.673,11.127,6
44.266,3960,1777804317707.798,11.125,6
44.277,3961,1777804317718.924,11.126,6
44.288,3962,1777804317730.051,11.127,6
44.299,3963,1777804317741.177,11.126,6
44.310,3964,1777804317752.302,11.125,6
44.321,3965,1777804317763.428,11.126,6
44.332,3966,1777804317774.554,11.127,6
44.343,3967,1777804317785.680,11.126,6
44.355,3968,1777804317796.806,11.125,6
44.366,3969,1777804317807.932,11.127,6
44.377,3970,1777804317819.058,11.126,6
44.388,3971,1777804317830.184,11.126,6
44.399,3972,1777804317841.310,11.126,6
44.410,3973,1777804317852.436,11.126,6
44.422,3974,1777804317863.562,11.126,6
44.433,3975,1777804317874.688,11.127,6
44.444,3976,1777804317885.814,11.125,6
44.455,3977,1777804317896.940,11.126,6
44.466,3978,1777804317908.066,11.127,6
44.477,3979,1777804317919.192,11.126,6
44.488,3980,1777804317930.318,11.125,6
44.500,3981,1777804317941.444,11.126,6
44.511,3982,1777804317952.570,11.126,6
44.522,3983,1777804317963.695,11.125,6
44.533,3984,1777804317974.822,11.127,6
44.544,3985,1777804317985.948,11.125,6
44.555,3986,1777804317997.073,11.125,6
44.566,3987,1777804318008.200,11.127,6
44.577,3988,1777804318019.325,11.125,6
44.589,3989,1777804318030.451,11.126,6
44.599,3990,1777804318041.577,11.126,6
44.611,3991,1777804318052.703,11.126,6
44.622,3992,1777804318063.829,11.125,6
44.633,3993,1777804318074.955,11.126,6
44.644,3994,1777804318086.081,11.126,6
44.655,3995,1777804318097.206,11.125,6
44.666,3996,1777804318108.333,11.127,6
44.678,3997,1777804318119.458,11.125,6
44.688,3998,1777804318130.584,11.125,6
44.700,3999,1777804318141.711,11.127,6
44.711,4000,1777804318152.836,11.125,6
44.722,4001,1777804318163.962,11.125,6
44.733,4002,1777804318175.088,11.127,6
44.744,4003,1777804318186.214,11.125,6
44.755,4004,1777804318197.340,11.126,6
44.766,4005,1777804318208.465,11.125,6
44.777,4006,1777804318219.592,11.126,6
44.789,4007,1777804318230.717,11.126,6
44.800,4008,1777804318241.843,11.125,6
44.811,4009,1777804318252.969,11.127,6
44.822,4010,1777804318264.095,11.125,6
44.833,4011,1777804318275.220,11.125,6
44.844,4012,1777804318286.347,11.127,6
44.855,4013,1777804318297.473,11.125,6
44.867,4014,1777804318308.598,11.125,6
44.878,4015,1777804318319.725,11.127,6
44.889,4016,1777804318330.850,11.125,6
44.900,4017,1777804318341.976,11.126,6
44.911,4018,1777804318353.103,11.126,6
44.922,4019,1777804318364.228,11.125,6
44.933,4020,1777804318375.354,11.126,6
44.945,4021,1777804318386.480,11.126,6
44.955,4022,1777804318397.606,11.125,6
44.967,4023,1777804318408.731,11.126,6
44.978,4024,1777804318419.858,11.126,6
44.989,4025,1777804318430.983,11.125,6
45.000,4026,1777804318442.109,11.126,6
45.011,4027,1777804318453.236,11.126,6
45.022,4028,1777804318464.361,11.126,6
45.034,4029,1777804318475.487,11.125,6
45.045,4030,1777804318486.613,11.126,6
45.056,4031,1777804318497.739,11.126,6
45.067,4032,1777804318508.865,11.125,6
45.078,4033,1777804318519.991,11.126,6
45.089,4034,1777804318531.117,11.126,6
45.100,4035,1777804318542.242,11.125,6
45.111,4036,1777804318553.369,11.126,6
45.122,4037,1777804318564.494,11.126,6
45.134,4038,1777804318575.620,11.125,6
45.145,4039,1777804318586.746,11.126,6
45.156,4040,1777804318597.872,11.126,6
45.167,4041,1777804318608.998,11.125,6
45.178,4042,1777804318620.124,11.126,6
45.189,4043,1777804318631.250,11.126,6
45.200,4044,1777804318642.375,11.125,6
45.211,4045,1777804318653.501,11.125,6
45.222,4046,1777804318664.627,11.127,6
45.234,4047,1777804318675.753,11.125,6
45.245,4048,1777804318686.878,11.125,6
45.256,4049,1777804318698.005,11.127,6
45.267,4050,1777804318709.131,11.125,6
45.278,4051,1777804318720.256,11.125,6
45.289,4052,1777804318731.383,11.127,6
45.300,4053,1777804318742.508,11.125,6
45.311,4054,1777804318753.634,11.125,6
45.323,4055,1777804318764.760,11.126,6
45.334,4056,1777804318775.886,11.126,6
45.345,4057,1777804318787.011,11.125,6
45.356,4058,1777804318798.138,11.126,6
45.367,4059,1777804318809.264,11.126,6
45.378,4060,1777804318820.389,11.125,6
45.389,4061,1777804318831.516,11.126,6
45.401,4062,1777804318842.641,11.126,6
45.412,4063,1777804318853.767,11.125,6
45.423,4064,1777804318864.893,11.126,6
45.434,4065,1777804318876.019,11.125,6
45.445,4066,1777804318887.145,11.126,6
45.456,4067,1777804318898.271,11.126,6
45.467,4068,1777804318909.396,11.125,6
45.478,4069,1777804318920.522,11.126,6
45.489,4070,1777804318931.649,11.127,6
45.501,4071,1777804318942.775,11.126,6
45.512,4072,1777804318953.900,11.126,6
45.523,4073,1777804318965.027,11.127,6
45.534,4074,1777804318976.153,11.126,6
45.545,4075,1777804318987.278,11.125,6
45.556,4076,1777804318998.405,11.127,6
45.568,4077,1777804319009.531,11.126,6
45.579,4078,1777804319020.656,11.126,6
45.590,4079,1777804319031.783,11.127,6
45.601,4080,1777804319042.909,11.126,6
45.612,4081,1777804319054.035,11.126,6
45.623,4082,1777804319065.161,11.127,6
45.634,4083,1777804319076.287,11.125,6
45.646,4084,1777804319087.413,11.126,6
45.656,4085,1777804319098.538,11.126,6
45.668,4086,1777804319109.665,11.127,6
45.679,4087,1777804319120.791,11.126,6
45.690,4088,1777804319131.917,11.126,6
45.701,4089,1777804319143.043,11.127,6
45.712,4090,1777804319154.169,11.126,6
45.723,4091,1777804319165.294,11.125,6
45.735,4092,1777804319176.421,11.127,6
45.746,4093,1777804319187.547,11.126,6
45.756,4094,1777804319198.673,11.126,6
45.768,4095,1777804319209.799,11.127,6
45.779,4096,1777804319220.925,11.126,6
45.790,4097,1777804319232.051,11.126,6
45.801,4098,1777804319243.177,11.126,6
45.812,4099,1777804319254.303,11.126,6
45.823,4100,1777804319265.429,11.126,6
45.834,4101,1777804319276.555,11.127,6
45.846,4102,1777804319287.681,11.126,6
45.857,4103,1777804319298.807,11.126,6
45.868,4104,1777804319309.934,11.127,6
45.879,4105,1777804319321.059,11.125,6
45.890,4106,1777804319332.185,11.126,6
45.901,4107,1777804319343.312,11.127,6
45.912,4108,1777804319354.437,11.126,6
45.923,4109,1777804319365.563,11.126,6
45.935,4110,1777804319376.690,11.127,6
45.946,4111,1777804319387.815,11.126,6
45.957,4112,1777804319398.941,11.125,6
45.968,4113,1777804319410.068,11.127,6
45.980,4114,1777804319421.193,11.126,6
45.990,4115,1777804319432.319,11.126,6
46.001,4116,1777804319443.446,11.127,6
46.013,4117,1777804319454.572,11.126,6
46.024,4118,1777804319465.697,11.126,6
46.035,4119,1777804319476.824,11.126,6
46.046,4120,1777804319487.949,11.126,6
46.057,4121,1777804319499.075,11.126,6
46.068,4122,1777804319510.202,11.127,6
46.079,4123,1777804319521.328,11.126,6
46.090,4124,1777804319532.453,11.126,6
46.102,4125,1777804319543.579,11.125,6
46.113,4126,1777804319554.706,11.127,6
46.124,4127,1777804319565.831,11.126,6
46.135,4128,1777804319576.957,11.126,6
46.146,4129,1777804319588.084,11.127,6
46.157,4130,1777804319599.209,11.126,6
46.168,4131,1777804319610.335,11.126,6
46.179,4132,1777804319621.462,11.126,6
46.191,4133,1777804319632.587,11.126,6
46.202,4134,1777804319643.713,11.126,6
46.213,4135,1777804319654.840,11.127,6
46.224,4136,1777804319665.966,11.126,6
46.235,4137,1777804319677.091,11.126,6
46.246,4138,1777804319688.218,11.126,6
46.257,4139,1777804319699.344,11.126,6
46.268,4140,1777804319710.469,11.126,6
46.280,4141,1777804319721.596,11.127,6
46.291,4142,1777804319732.722,11.126,6
46.302,4143,1777804319743.847,11.126,6
46.313,4144,1777804319754.974,11.127,6
46.324,4145,1777804319766.100,11.125,6
46.335,4146,1777804319777.225,11.126,6
46.346,4147,1777804319788.352,11.127,6
46.358,4148,1777804319799.478,11.126,6
46.368,4149,1777804319810.604,11.126,6
46.380,4150,1777804319821.730,11.127,6
46.391,4151,1777804319832.856,11.125,6
46.402,4152,1777804319843.981,11.126,6
46.413,4153,1777804319855.108,11.127,6
46.424,4154,1777804319866.234,11.126,6
46.435,4155,1777804319877.360,11.126,6
46.446,4156,1777804319888.486,11.127,6
46.457,4157,1777804319899.612,11.125,6
46.469,4158,1777804319910.738,11.126,6
46.480,4159,1777804319921.865,11.127,6
46.491,4160,1777804319932.990,11.126,6
46.502,4161,1777804319944.116,11.126,6
46.513,4162,1777804319955.243,11.127,6
46.524,4163,1777804319966.369,11.126,6
46.535,4164,1777804319977.495,11.126,6
46.547,4165,1777804319988.621,11.126,6
46.558,4166,1777804319999.748,11.127,6
46.569,4167,1777804320010.874,11.126,6
46.580,4168,1777804320022.000,11.126,6
46.591,4169,1777804320033.126,11.127,6
46.602,4170,1777804320044.252,11.126,6
46.614,4171,1777804320055.378,11.126,6
46.625,4172,1777804320066.505,11.127,6
46.636,4173,1777804320077.631,11.126,6
46.647,4174,1777804320088.757,11.126,6
46.658,4175,1777804320099.884,11.127,6
46.669,4176,1777804320111.010,11.126,6
46.680,4177,1777804320122.136,11.126,6
46.691,4178,1777804320133.263,11.127,6
46.702,4179,1777804320144.388,11.126,6
46.714,4180,1777804320155.514,11.126,6
46.725,4181,1777804320166.641,11.127,6
46.736,4182,1777804320177.767,11.126,6
46.747,4183,1777804320188.893,11.126,6
46.758,4184,1777804320200.020,11.127,6
46.769,4185,1777804320211.146,11.126,6
46.780,4186,1777804320222.272,11.126,6
46.791,4187,1777804320233.399,11.127,6
46.802,4188,1777804320244.525,11.126,6
46.814,4189,1777804320255.651,11.126,6
46.825,4190,1777804320266.778,11.127,6
46.836,4191,1777804320277.904,11.126,6
46.847,4192,1777804320289.029,11.126,6
46.858,4193,1777804320300.156,11.127,6
46.869,4194,1777804320311.282,11.126,6
46.880,4195,1777804320322.408,11.126,6
46.891,4196,1777804320333.535,11.127,6
46.903,4197,1777804320344.661,11.126,6
46.914,4198,1777804320355.787,11.126,6
46.925,4199,1777804320366.914,11.127,6
46.936,4200,1777804320378.040,11.126,6
46.947,4201,1777804320389.166,11.126,6
46.958,4202,1777804320400.292,11.127,6
46.969,4203,1777804320411.418,11.126,6
46.981,4204,1777804320422.544,11.126,6
46.991,4205,1777804320433.670,11.126,6
47.003,4206,1777804320444.797,11.127,6
47.014,4207,1777804320455.923,11.126,6
47.026,4208,1777804320467.049,11.126,6
47.036,4209,1777804320478.176,11.127,6
47.047,4210,1777804320489.302,11.126,6
47.058,4211,1777804320500.428,11.126,6
47.069,4212,1777804320511.555,11.127,6
47.081,4213,1777804320522.681,11.126,6
47.092,4214,1777804320533.807,11.126,6
47.103,4215,1777804320544.934,11.127,6
47.114,4216,1777804320556.060,11.126,6
47.125,4217,1777804320567.186,11.126,6
47.137,4218,1777804320578.312,11.127,6
47.147,4219,1777804320589.438,11.126,6
47.158,4220,1777804320600.564,11.126,6
47.170,4221,1777804320611.691,11.127,6
47.181,4222,1777804320622.817,11.126,6
47.192,4223,1777804320633.943,11.126,6
47.203,4224,1777804320645.070,11.127,6
47.214,4225,1777804320656.196,11.126,6
47.225,4226,1777804320667.322,11.126,6
47.237,4227,1777804320678.449,11.127,6
47.248,4228,1777804320689.575,11.126,6
47.259,4229,1777804320700.701,11.126,6
47.270,4230,1777804320711.828,11.127,6
47.281,4231,1777804320722.954,11.126,6
47.292,4232,1777804320734.079,11.126,6
47.303,4233,1777804320745.206,11.127,6
47.314,4234,1777804320756.332,11.126,6
47.325,4235,1777804320767.458,11.126,6
47.336,4236,1777804320778.585,11.127,6
47.348,4237,1777804320789.711,11.126,6
47.359,4238,1777804320800.837,11.126,6
47.370,4239,1777804320811.964,11.127,6
47.381,4240,1777804320823.090,11.126,6
47.392,4241,1777804320834.216,11.126,6
47.403,4242,1777804320845.343,11.127,6
47.414,4243,1777804320856.469,11.126,6
47.425,4244,1777804320867.595,11.126,6
47.437,4245,1777804320878.721,11.126,6
47.448,4246,1777804320889.848,11.127,6
47.459,4247,1777804320900.974,11.126,6
47.470,4248,1777804320912.099,11.126,6
47.481,4249,1777804320923.226,11.127,6
47.492,4250,1777804320934.352,11.126,6
47.503,4251,1777804320945.478,11.126,6
47.514,4252,1777804320956.604,11.127,6
47.526,4253,1777804320967.730,11.126,6
47.537,4254,1777804320978.856,11.126,6
47.548,4255,1777804320989.983,11.127,6
47.559,4256,1777804321001.109,11.126,6
47.570,4257,1777804321012.234,11.126,6
47.581,4258,1777804321023.361,11.127,6
47.593,4259,1777804321034.487,11.126,6
47.604,4260,1777804321045.613,11.126,6
47.615,4261,1777804321056.740,11.127,6
47.626,4262,1777804321067.865,11.126,6
47.637,4263,1777804321078.991,11.126,6
47.648,4264,1777804321090.118,11.127,6
47.659,4265,1777804321101.243,11.126,6
47.670,4266,1777804321112.369,11.126,6
47.681,4267,1777804321123.496,11.127,6
47.693,4268,1777804321134.622,11.126,6
47.704,4269,1777804321145.748,11.126,6
47.715,4270,1777804321156.874,11.127,6
47.726,4271,1777804321168.000,11.126,6
47.737,4272,1777804321179.126,11.126,6
47.748,4273,1777804321190.253,11.127,6
47.759,4274,1777804321201.378,11.126,6
47.771,4275,1777804321212.504,11.126,6
47.781,4276,1777804321223.631,11.127,6
47.793,4277,1777804321234.757,11.126,6
47.804,4278,1777804321245.883,11.126,6
47.815,4279,1777804321257.009,11.127,6
47.826,4280,1777804321268.135,11.126,6
47.837,4281,1777804321279.261,11.126,6
47.848,4282,1777804321290.387,11.127,6
47.859,4283,1777804321301.513,11.126,6
47.871,4284,1777804321312.639,11.126,6
47.882,4285,1777804321323.765,11.126,6
47.893,4286,1777804321334.892,11.127,6
47.904,4287,1777804321346.017,11.126,6
47.915,4288,1777804321357.143,11.126,6
47.926,4289,1777804321368.270,11.127,6
47.938,4290,1777804321379.396,11.126,6
47.949,4291,1777804321390.521,11.126,6
47.959,4292,1777804321401.648,11.127,6
47.971,4293,1777804321412.774,11.126,6
47.982,4294,1777804321423.900,11.126,6
47.993,4295,1777804321435.027,11.127,6
48.004,4296,1777804321446.152,11.126,6
48.015,4297,1777804321457.278,11.126,6
48.027,4298,1777804321468.405,11.127,6
48.038,4299,1777804321479.531,11.126,6
48.048,4300,1777804321490.656,11.126,6
48.060,4301,1777804321501.783,11.127,6
48.071,4302,1777804321512.909,11.126,6
48.082,4303,1777804321524.035,11.126,6
48.093,4304,1777804321535.162,11.127,6
48.104,4305,1777804321546.287,11.126,6
48.116,4306,1777804321557.413,11.126,6
48.127,4307,1777804321568.540,11.127,6
48.137,4308,1777804321579.666,11.126,6
48.149,4309,1777804321590.791,11.126,6
48.160,4310,1777804321601.918,11.127,6
48.171,4311,1777804321613.044,11.126,6
48.182,4312,1777804321624.170,11.126,6
48.193,4313,1777804321635.296,11.127,6
48.205,4314,1777804321646.422,11.126,6
48.216,4315,1777804321657.548,11.126,6
48.227,4316,1777804321668.675,11.127,6
48.238,4317,1777804321679.801,11.126,6
48.249,4318,1777804321690.926,11.126,6
48.260,4319,1777804321702.053,11.127,6
48.271,4320,1777804321713.179,11.126,6
48.282,4321,1777804321724.305,11.126,6
48.294,4322,1777804321735.431,11.127,6
48.304,4323,1777804321746.557,11.126,6
48.316,4324,1777804321757.683,11.126,6
48.327,4325,1777804321768.809,11.126,6
48.338,4326,1777804321779.936,11.127,6
48.349,4327,1777804321791.061,11.126,6
48.360,4328,1777804321802.187,11.126,6
48.371,4329,1777804321813.314,11.127,6
48.382,4330,1777804321824.440,11.126,6
48.393,4331,1777804321835.565,11.126,6
48.405,4332,1777804321846.692,11.127,6
48.416,4333,1777804321857.818,11.126,6
48.427,4334,1777804321868.944,11.126,6
48.438,4335,1777804321880.071,11.127,6
48.449,4336,1777804321891.196,11.126,6
48.460,4337,1777804321902.322,11.126,6
48.471,4338,1777804321913.449,11.127,6
48.482,4339,1777804321924.574,11.126,6
48.493,4340,1777804321935.700,11.126,6
48.505,4341,1777804321946.827,11.127,6
48.516,4342,1777804321957.953,11.126,6
48.527,4343,1777804321969.079,11.126,6
48.538,4344,1777804321980.205,11.127,6
48.549,4345,1777804321991.331,11.126,6
48.560,4346,1777804322002.457,11.126,6
48.571,4347,1777804322013.583,11.127,6
48.583,4348,1777804322024.709,11.126,6
48.594,4349,1777804322035.835,11.126,6
48.605,4350,1777804322046.962,11.127,6
48.616,4351,1777804322058.087,11.126,6
48.627,4352,1777804322069.213,11.126,6
48.638,4353,1777804322080.340,11.127,6
48.649,4354,1777804322091.466,11.126,6
48.660,4355,1777804322102.592,11.126,6
48.672,4356,1777804322113.718,11.127,6
48.683,4357,1777804322124.844,11.126,6
48.694,4358,1777804322135.970,11.126,6
48.705,4359,1777804322147.096,11.127,6
48.716,4360,1777804322158.222,11.126,6
48.727,4361,1777804322169.348,11.126,6
48.738,4362,1777804322180.475,11.127,6
48.749,4363,1777804322191.600,11.126,6
48.761,4364,1777804322202.726,11.126,6
48.772,4365,1777804322213.852,11.126,6
48.783,4366,1777804322224.979,11.127,6
48.794,4367,1777804322236.104,11.126,6
48.805,4368,1777804322247.230,11.126,6
48.816,4369,1777804322258.357,11.127,6
48.827,4370,1777804322269.483,11.126,6
48.838,4371,1777804322280.608,11.126,6
48.850,4372,1777804322291.735,11.127,6
48.861,4373,1777804322302.861,11.126,6
48.872,4374,1777804322313.987,11.126,6
48.883,4375,1777804322325.113,11.127,6
48.894,4376,1777804322336.239,11.126,6
48.905,4377,1777804322347.365,11.126,6
48.916,4378,1777804322358.492,11.127,6
48.927,4379,1777804322369.617,11.126,6
48.939,4380,1777804322380.743,11.126,6
48.950,4381,1777804322391.870,11.127,6
48.961,4382,1777804322402.996,11.126,6
48.972,4383,1777804322414.121,11.126,6
48.983,4384,1777804322425.248,11.127,6
48.995,4385,1777804322436.374,11.126,6
49.005,4386,1777804322447.500,11.126,6
49.016,4387,1777804322458.626,11.127,6
49.028,4388,1777804322469.752,11.126,6
49.039,4389,1777804322480.878,11.126,6
49.050,4390,1777804322492.005,11.127,6
49.061,4391,1777804322503.130,11.126,6
49.072,4392,1777804322514.256,11.126,6
49.083,4393,1777804322525.383,11.127,6
49.094,4394,1777804322536.509,11.126,6
49.105,4395,1777804322547.634,11.126,6
49.117,4396,1777804322558.761,11.127,6
49.128,4397,1777804322569.887,11.126,6
49.139,4398,1777804322581.012,11.126,6
49.150,4399,1777804322592.139,11.127,6
49.161,4400,1777804322603.265,11.126,6
49.172,4401,1777804322614.391,11.126,6
49.183,4402,1777804322625.518,11.127,6
49.195,4403,1777804322636.643,11.126,6
49.206,4404,1777804322647.769,11.126,6
49.217,4405,1777804322658.895,11.126,6
49.228,4406,1777804322670.021,11.127,6
49.239,4407,1777804322681.147,11.126,6
49.250,4408,1777804322692.273,11.126,6
49.261,4409,1777804322703.400,11.127,6
49.272,4410,1777804322714.526,11.126,6
49.283,4411,1777804322725.651,11.126,6
49.295,4412,1777804322736.778,11.127,6
49.306,4413,1777804322747.904,11.126,6
49.317,4414,1777804322759.030,11.126,6
49.328,4415,1777804322770.156,11.127,6
49.339,4416,1777804322781.282,11.126,6
49.350,4417,1777804322792.408,11.126,6
49.362,4418,1777804322803.535,11.127,6
49.373,4419,1777804322814.660,11.126,6
49.384,4420,1777804322825.786,11.126,6
49.395,4421,1777804322836.913,11.127,6
49.406,4422,1777804322848.039,11.126,6
49.417,4423,1777804322859.164,11.126,6
49.428,4424,1777804322870.291,11.127,6
49.439,4425,1777804322881.417,11.126,6
49.450,4426,1777804322892.542,11.126,6
49.461,4427,1777804322903.669,11.127,6
49.473,4428,1777804322914.795,11.126,6
49.484,4429,1777804322925.921,11.125,6
49.495,4430,1777804322937.047,11.127,6
49.506,4431,1777804322948.173,11.126,6
49.517,4432,1777804322959.299,11.126,6
49.529,4433,1777804322970.426,11.127,6
49.540,4434,1777804322981.551,11.126,6
49.551,4435,1777804322992.677,11.126,6
49.562,4436,1777804323003.804,11.127,6
49.573,4437,1777804323014.929,11.126,6
49.584,4438,1777804323026.055,11.126,6
49.595,4439,1777804323037.182,11.127,6
49.606,4440,1777804323048.308,11.126,6
49.618,4441,1777804323059.433,11.126,6
49.628,4442,1777804323070.560,11.127,6
49.640,4443,1777804323081.686,11.126,6
49.651,4444,1777804323092.812,11.126,6
49.662,4445,1777804323103.937,11.126,6
49.673,4446,1777804323115.064,11.127,6
49.684,4447,1777804323126.190,11.126,6
49.695,4448,1777804323137.315,11.126,6
49.706,4449,1777804323148.442,11.127,6
49.718,4450,1777804323159.568,11.126,6
49.729,4451,1777804323170.694,11.126,6
49.740,4452,1777804323181.820,11.127,6
49.751,4453,1777804323192.946,11.126,6
49.762,4454,1777804323204.072,11.125,6
49.773,4455,1777804323215.198,11.127,6
49.784,4456,1777804323226.324,11.125,6
49.795,4457,1777804323237.450,11.126,6
49.806,4458,1777804323248.576,11.127,6
49.818,4459,1777804323259.702,11.126,6
49.829,4460,1777804323270.828,11.126,6
49.840,4461,1777804323281.955,11.127,6
49.851,4462,1777804323293.080,11.126,6
49.862,4463,1777804323304.206,11.126,6
49.873,4464,1777804323315.333,11.127,6
49.885,4465,1777804323326.458,11.126,6
49.895,4466,1777804323337.584,11.126,6
49.907,4467,1777804323348.711,11.127,6
49.918,4468,1777804323359.837,11.126,6
49.929,4469,1777804323370.962,11.126,6
49.940,4470,1777804323382.089,11.127,6
49.951,4471,1777804323393.215,11.126,6
49.962,4472,1777804323404.341,11.126,6
49.973,4473,1777804323415.467,11.127,6
49.984,4474,1777804323426.593,11.126,6
49.995,4475,1777804323437.719,11.126,6
50.007,4476,1777804323448.845,11.127,6
50.018,4477,1777804323459.971,11.126,6
50.029,4478,1777804323471.097,11.126,6
50.040,4479,1777804323482.224,11.127,6
50.051,4480,1777804323493.349,11.125,6
50.062,4481,1777804323504.475,11.126,6
50.073,4482,1777804323515.602,11.127,6
50.085,4483,1777804323526.727,11.126,6
50.096,4484,1777804323537.853,11.126,6
50.107,4485,1777804323548.979,11.126,6
50.118,4486,1777804323560.105,11.127,6
50.129,4487,1777804323571.231,11.126,6
50.140,4488,1777804323582.357,11.126,6
50.151,4489,1777804323593.484,11.127,6
50.163,4490,1777804323604.609,11.126,6
50.174,4491,1777804323615.735,11.126,6
50.185,4492,1777804323626.862,11.127,6
50.196,4493,1777804323637.988,11.126,6
50.207,4494,1777804323649.113,11.126,6
50.218,4495,1777804323660.240,11.127,6
50.229,4496,1777804323671.366,11.126,6
50.240,4497,1777804323682.491,11.126,6
50.251,4498,1777804323693.618,11.127,6
50.263,4499,1777804323704.744,11.126,6
50.274,4500,1777804323715.870,11.126,6
50.285,4501,1777804323726.996,11.127,6
50.296,4502,1777804323738.122,11.126,6
50.307,4503,1777804323749.248,11.125,6
50.318,4504,1777804323760.374,11.127,6
50.329,4505,1777804323771.500,11.126,6
50.340,4506,1777804323782.626,11.126,6
50.352,4507,1777804323793.752,11.127,6
50.363,4508,1777804323804.878,11.126,6
50.374,4509,1777804323816.004,11.126,6
50.385,4510,1777804323827.131,11.127,6
50.396,4511,1777804323838.256,11.126,6
50.407,4512,1777804323849.382,11.126,6
50.418,4513,1777804323860.509,11.127,6
50.430,4514,1777804323871.635,11.126,6
50.441,4515,1777804323882.760,11.126,6
50.452,4516,1777804323893.887,11.127,6
50.463,4517,1777804323905.013,11.126,6
50.474,4518,1777804323916.138,11.126,6
50.485,4519,1777804323927.265,11.127,6
50.496,4520,1777804323938.391,11.126,6
50.507,4521,1777804323949.517,11.126,6
50.518,4522,1777804323960.644,11.127,6
50.530,4523,1777804323971.770,11.126,6
50.541,4524,1777804323982.895,11.126,6
50.552,4525,1777804323994.021,11.126,6
50.563,4526,1777804324005.148,11.127,6
50.574,4527,1777804324016.274,11.126,6
50.586,4528,1777804324027.400,11.126,6
50.597,4529,1777804324038.527,11.127,6
50.608,4530,1777804324049.652,11.126,6
50.619,4531,1777804324060.778,11.126,6
50.630,4532,1777804324071.905,11.127,6
50.641,4533,1777804324083.031,11.126,6
50.652,4534,1777804324094.157,11.126,6
50.663,4535,1777804324105.283,11.127,6
50.674,4536,1777804324116.409,11.126,6
50.686,4537,1777804324127.535,11.126,6
50.697,4538,1777804324138.662,11.127,6
50.708,4539,1777804324149.788,11.126,6
50.719,4540,1777804324160.914,11.126,6
50.730,4541,1777804324172.041,11.127,6
50.741,4542,1777804324183.167,11.126,6
50.752,4543,1777804324194.292,11.126,6
50.763,4544,1777804324205.419,11.127,6
50.774,4545,1777804324216.545,11.126,6
50.785,4546,1777804324227.671,11.126,6
50.797,4547,1777804324238.798,11.127,6
50.808,4548,1777804324249.923,11.126,6
50.819,4549,1777804324261.049,11.126,6
50.830,4550,1777804324272.176,11.127,6
50.841,4551,1777804324283.302,11.126,6
50.852,4552,1777804324294.428,11.126,6
50.863,4553,1777804324305.555,11.127,6
50.875,4554,1777804324316.680,11.126,6
50.886,4555,1777804324327.806,11.126,6
50.897,4556,1777804324338.933,11.127,6
50.908,4557,1777804324350.059,11.126,6
50.919,4558,1777804324361.185,11.126,6
50.930,4559,1777804324372.312,11.127,6
50.942,4560,1777804324383.438,11.126,6
50.953,4561,1777804324394.563,11.126,6
50.964,4562,1777804324405.690,11.127,6
50.975,4563,1777804324416.816,11.126,6
50.986,4564,1777804324427.942,11.126,6
50.997,4565,1777804324439.068,11.126,6
51.008,4566,1777804324450.195,11.127,6
51.019,4567,1777804324461.320,11.126,6
51.030,4568,1777804324472.446,11.126,6
51.042,4569,1777804324483.573,11.127,6
51.053,4570,1777804324494.699,11.126,6
51.064,4571,1777804324505.825,11.126,6
51.075,4572,1777804324516.952,11.127,6
51.086,4573,1777804324528.077,11.126,6
51.097,4574,1777804324539.203,11.126,6
51.108,4575,1777804324550.330,11.127,6
51.119,4576,1777804324561.456,11.126,6
51.131,4577,1777804324572.582,11.126,6
51.142,4578,1777804324583.709,11.127,6
51.153,4579,1777804324594.834,11.126,6
51.164,4580,1777804324605.960,11.126,6
51.175,4581,1777804324617.087,11.127,6
51.186,4582,1777804324628.213,11.126,6
51.197,4583,1777804324639.339,11.126,6
51.209,4584,1777804324650.466,11.127,6
51.220,4585,1777804324661.592,11.126,6
51.231,4586,1777804324672.718,11.126,6
51.242,4587,1777804324683.844,11.127,6
51.253,4588,1777804324694.970,11.126,6
51.264,4589,1777804324706.096,11.126,6
51.275,4590,1777804324717.223,11.127,6
51.286,4591,1777804324728.349,11.126,6
51.298,4592,1777804324739.475,11.126,6
51.309,4593,1777804324750.601,11.127,6
51.320,4594,1777804324761.727,11.126,6
51.331,4595,1777804324772.853,11.126,6
51.342,4596,1777804324783.980,11.127,6
51.353,4597,1777804324795.106,11.126,6
51.364,4598,1777804324806.232,11.126,6
51.375,4599,1777804324817.359,11.127,6
51.386,4600,1777804324828.484,11.126,6
51.397,4601,1777804324839.610,11.126,6
51.409,4602,1777804324850.737,11.127,6
51.420,4603,1777804324861.863,11.126,6
51.431,4604,1777804324872.989,11.126,6
51.442,4605,1777804324884.115,11.126,6
51.453,4606,1777804324895.241,11.127,6
51.464,4607,1777804324906.367,11.126,6
51.475,4608,1777804324917.493,11.126,6
51.486,4609,1777804324928.620,11.127,6
51.498,4610,1777804324939.746,11.126,6
51.509,4611,1777804324950.871,11.125,6
51.520,4612,1777804324961.998,11.127,6
51.531,4613,1777804324973.123,11.125,6
51.542,4614,1777804324984.249,11.126,6
51.553,4615,1777804324995.376,11.127,6
51.564,4616,1777804325006.501,11.125,6
51.575,4617,1777804325017.627,11.126,6
51.587,4618,1777804325028.754,11.127,6
51.598,4619,1777804325039.879,11.125,6
51.609,4620,1777804325051.005,11.126,6
51.620,4621,1777804325062.132,11.127,6
51.632,4622,1777804325073.257,11.125,6
51.642,4623,1777804325084.383,11.126,6
51.654,4624,1777804325095.509,11.126,6
51.664,4625,1777804325106.635,11.126,6
51.676,4626,1777804325117.761,11.126,6
51.687,4627,1777804325128.887,11.126,6
51.698,4628,1777804325140.013,11.126,6
51.709,4629,1777804325151.138,11.125,6
51.720,4630,1777804325162.265,11.127,6
51.731,4631,1777804325173.391,11.126,6
51.743,4632,1777804325184.516,11.125,6
51.753,4633,1777804325195.643,11.127,6
51.765,4634,1777804325206.769,11.126,6
51.776,4635,1777804325217.894,11.125,6
51.787,4636,1777804325229.021,11.127,6
51.798,4637,1777804325240.147,11.126,6
51.809,4638,1777804325251.272,11.125,6
51.821,4639,1777804325262.399,11.127,6
51.831,4640,1777804325273.524,11.125,6
51.842,4641,1777804325284.650,11.126,6
51.854,4642,1777804325295.777,11.127,6
51.865,4643,1777804325306.902,11.125,6
51.876,4644,1777804325318.028,11.126,6
51.887,4645,1777804325329.154,11.125,6
51.898,4646,1777804325340.280,11.127,6
51.910,4647,1777804325351.406,11.126,6
51.921,4648,1777804325362.531,11.125,6
51.931,4649,1777804325373.658,11.127,6
51.943,4650,1777804325384.784,11.126,6
51.954,4651,1777804325395.909,11.125,6
51.965,4652,1777804325407.036,11.127,6
51.976,4653,1777804325418.162,11.125,6
51.987,4654,1777804325429.287,11.126,6
51.999,4655,1777804325440.414,11.127,6
52.010,4656,1777804325451.540,11.125,6
52.021,4657,1777804325462.665,11.126,6
52.032,4658,1777804325473.792,11.127,6
52.043,4659,1777804325484.917,11.125,6
52.054,4660,1777804325496.043,11.126,6
52.065,4661,1777804325507.170,11.126,6
52.076,4662,1777804325518.295,11.126,6
52.087,4663,1777804325529.421,11.126,6
52.098,4664,1777804325540.548,11.126,6
52.110,4665,1777804325551.673,11.126,6
52.121,4666,1777804325562.799,11.125,6
52.132,4667,1777804325573.926,11.127,6
52.143,4668,1777804325585.051,11.126,6
52.154,4669,1777804325596.177,11.125,6
52.165,4670,1777804325607.303,11.127,6
52.176,4671,1777804325618.429,11.125,6
52.187,4672,1777804325629.555,11.126,6
52.199,4673,1777804325640.681,11.127,6
52.210,4674,1777804325651.807,11.125,6
52.221,4675,1777804325662.933,11.126,6
52.232,4676,1777804325674.059,11.127,6
52.243,4677,1777804325685.185,11.125,6
52.254,4678,1777804325696.311,11.126,6
52.265,4679,1777804325707.437,11.126,6
52.276,4680,1777804325718.563,11.126,6
52.288,4681,1777804325729.688,11.126,6
52.299,4682,1777804325740.815,11.126,6
52.310,4683,1777804325751.941,11.126,6
52.321,4684,1777804325763.066,11.125,6
52.332,4685,1777804325774.192,11.126,6
52.343,4686,1777804325785.319,11.127,6
52.354,4687,1777804325796.444,11.125,6
52.365,4688,1777804325807.570,11.126,6
52.376,4689,1777804325818.696,11.126,6
52.388,4690,1777804325829.822,11.126,6
52.399,4691,1777804325840.948,11.126,6
52.410,4692,1777804325852.074,11.126,6
52.421,4693,1777804325863.200,11.126,6
52.432,4694,1777804325874.325,11.125,6
52.444,4695,1777804325885.452,11.127,6
52.454,4696,1777804325896.578,11.126,6
52.466,4697,1777804325907.703,11.125,6
52.477,4698,1777804325918.830,11.127,6
52.488,4699,1777804325929.956,11.125,6
52.499,4700,1777804325941.081,11.126,6
52.510,4701,1777804325952.208,11.126,6
52.521,4702,1777804325963.333,11.126,6
52.532,4703,1777804325974.459,11.125,6
52.543,4704,1777804325985.586,11.127,6
52.555,4705,1777804325996.711,11.125,6
52.566,4706,1777804326007.837,11.126,6
52.577,4707,1777804326018.963,11.126,6
52.588,4708,1777804326030.089,11.126,6
52.599,4709,1777804326041.215,11.125,6
52.610,4710,1777804326052.341,11.127,6
52.621,4711,1777804326063.467,11.125,6
52.632,4712,1777804326074.593,11.126,6
52.643,4713,1777804326085.719,11.127,6
52.655,4714,1777804326096.845,11.125,6
52.666,4715,1777804326107.970,11.125,6
52.677,4716,1777804326119.097,11.127,6
52.688,4717,1777804326130.223,11.126,6
52.699,4718,1777804326141.348,11.125,6
52.711,4719,1777804326152.475,11.127,6
52.721,4720,1777804326163.600,11.125,6
52.733,4721,1777804326174.726,11.125,6
52.744,4722,1777804326185.853,11.127,6
52.755,4723,1777804326196.978,11.126,6
52.766,4724,1777804326208.104,11.125,6
52.777,4725,1777804326219.229,11.125,6
52.788,4726,1777804326230.356,11.127,6
52.799,4727,1777804326241.481,11.125,6
52.810,4728,1777804326252.607,11.126,6
52.822,4729,1777804326263.734,11.126,6
52.833,4730,1777804326274.859,11.126,6
52.844,4731,1777804326285.985,11.125,6
52.855,4732,1777804326297.112,11.127,6
52.866,4733,1777804326308.237,11.125,6
52.877,4734,1777804326319.363,11.126,6
52.889,4735,1777804326330.489,11.126,6
52.900,4736,1777804326341.615,11.126,6
52.911,4737,1777804326352.740,11.125,6
52.922,4738,1777804326363.867,11.127,6
52.933,4739,1777804326374.993,11.125,6
52.944,4740,1777804326386.118,11.126,6
52.955,4741,1777804326397.245,11.126,6
52.967,4742,1777804326408.371,11.126,6
52.978,4743,1777804326419.496,11.125,6
52.989,4744,1777804326430.623,11.127,6
53.000,4745,1777804326441.748,11.125,6
53.011,4746,1777804326452.874,11.126,6
53.022,4747,1777804326464.000,11.126,6
53.033,4748,1777804326475.126,11.126,6
53.044,4749,1777804326486.252,11.125,6
53.055,4750,1777804326497.378,11.127,6
53.066,4751,1777804326508.504,11.125,6
53.077,4752,1777804326519.629,11.125,6
53.089,4753,1777804326530.756,11.127,6
53.100,4754,1777804326541.882,11.125,6
53.111,4755,1777804326553.007,11.126,6
53.122,4756,1777804326564.134,11.126,6
53.133,4757,1777804326575.260,11.126,6
53.144,4758,1777804326586.385,11.125,6
53.156,4759,1777804326597.512,11.127,6
53.166,4760,1777804326608.637,11.125,6
53.178,4761,1777804326619.763,11.126,6
53.189,4762,1777804326630.889,11.126,6
53.200,4763,1777804326642.015,11.126,6
53.211,4764,1777804326653.141,11.125,6
53.222,4765,1777804326664.266,11.125,6
53.233,4766,1777804326675.393,11.127,6
53.245,4767,1777804326686.518,11.125,6
53.256,4768,1777804326697.644,11.126,6
53.267,4769,1777804326708.771,11.126,6
53.278,4770,1777804326719.896,11.126,6
53.289,4771,1777804326731.022,11.125,6
53.300,4772,1777804326742.148,11.127,6
53.311,4773,1777804326753.274,11.125,6
53.322,4774,1777804326764.400,11.126,6
53.334,4775,1777804326775.526,11.126,6
53.345,4776,1777804326786.652,11.125,6
53.356,4777,1777804326797.777,11.126,6
53.367,4778,1777804326808.904,11.126,6
53.378,4779,1777804326820.030,11.126,6
53.389,4780,1777804326831.155,11.125,6
53.400,4781,1777804326842.282,11.127,6
53.411,4782,1777804326853.407,11.125,6
53.422,4783,1777804326864.533,11.126,6
53.433,4784,1777804326875.659,11.126,6
53.445,4785,1777804326886.785,11.125,6
53.457,4786,1777804326897.911,11.126,6
53.467,4787,1777804326909.037,11.126,6
53.478,4788,1777804326920.163,11.126,6
53.489,4789,1777804326931.288,11.125,6
53.500,4790,1777804326942.415,11.127,6
53.511,4791,1777804326953.541,11.125,6
53.523,4792,1777804326964.666,11.125,6
53.534,4793,1777804326975.793,11.127,6
53.545,4794,1777804326986.918,11.125,6
53.556,4795,1777804326998.044,11.126,6
53.567,4796,1777804327009.170,11.126,6
53.578,4797,1777804327020.296,11.125,6
53.589,4798,1777804327031.422,11.126,6
53.601,4799,1777804327042.548,11.126,6
53.612,4800,1777804327053.674,11.126,6
53.623,4801,1777804327064.799,11.125,6
53.634,4802,1777804327075.926,11.126,6
53.645,4803,1777804327087.052,11.126,6
53.656,4804,1777804327098.177,11.125,6
53.667,4805,1777804327109.302,11.125,6
53.678,4806,1777804327120.429,11.127,6
53.689,4807,1777804327131.555,11.125,6
53.701,4808,1777804327142.680,11.125,6
53.712,4809,1777804327153.807,11.127,6
53.723,4810,1777804327164.932,11.125,6
53.734,4811,1777804327176.058,11.126,6
53.745,4812,1777804327187.185,11.126,6
53.756,4813,1777804327198.310,11.125,6
53.767,4814,1777804327209.436,11.126,6
53.778,4815,1777804327220.562,11.126,6
53.790,4816,1777804327231.688,11.125,6
53.801,4817,1777804327242.813,11.126,6
53.812,4818,1777804327253.940,11.126,6
53.823,4819,1777804327265.065,11.125,6
53.834,4820,1777804327276.191,11.126,6
53.845,4821,1777804327287.318,11.126,6
53.856,4822,1777804327298.443,11.125,6
53.867,4823,1777804327309.569,11.126,6
53.879,4824,1777804327320.695,11.126,6
53.890,4825,1777804327331.821,11.125,6
53.901,4826,1777804327342.947,11.126,6
53.912,4827,1777804327354.073,11.126,6
53.923,4828,1777804327365.198,11.125,6
53.934,4829,1777804327376.324,11.126,6
53.946,4830,1777804327387.451,11.126,6
53.956,4831,1777804327398.576,11.125,6
53.968,4832,1777804327409.702,11.126,6
53.979,4833,1777804327420.828,11.126,6
53.990,4834,1777804327431.954,11.125,6
54.001,4835,1777804327443.080,11.126,6
54.012,4836,1777804327454.206,11.126,6
54.023,4837,1777804327465.332,11.125,6
54.034,4838,1777804327476.457,11.126,6
54.045,4839,1777804327487.584,11.126,6
54.057,4840,1777804327498.709,11.125,6
54.068,4841,1777804327509.835,11.126,6
54.079,4842,1777804327520.961,11.126,6
54.090,4843,1777804327532.087,11.125,6
54.101,4844,1777804327543.213,11.126,6
54.112,4845,1777804327554.338,11.125,6
54.123,4846,1777804327565.465,11.126,6
54.134,4847,1777804327576.590,11.125,6
54.146,4848,1777804327587.716,11.126,6
54.157,4849,1777804327598.842,11.126,6
54.168,4850,1777804327609.968,11.125,6
54.179,4851,1777804327621.094,11.126,6
54.190,4852,1777804327632.220,11.126,6
54.201,4853,1777804327643.345,11.125,6
54.212,4854,1777804327654.471,11.125,6
54.224,4855,1777804327665.598,11.127,6
54.235,4856,1777804327676.723,11.125,6
54.246,4857,1777804327687.849,11.125,6
54.257,4858,1777804327698.975,11.127,6
54.268,4859,1777804327710.101,11.125,6
54.279,4860,1777804327721.226,11.125,6
54.290,4861,1777804327732.353,11.126,6
54.301,4862,1777804327743.479,11.126,6
54.312,4863,1777804327754.604,11.125,6
54.324,4864,1777804327765.730,11.126,6
54.335,4865,1777804327776.856,11.125,6
54.346,4866,1777804327787.982,11.126,6
54.357,4867,1777804327799.108,11.126,6
54.368,4868,1777804327810.234,11.125,6
54.379,4869,1777804327821.359,11.125,6
54.391,4870,1777804327832.486,11.127,6
54.402,4871,1777804327843.611,11.125,6
54.413,4872,1777804327854.737,11.125,6
54.424,4873,1777804327865.864,11.127,6
54.435,4874,1777804327876.989,11.125,6
54.446,4875,1777804327888.115,11.125,6
54.457,4876,1777804327899.241,11.126,6
54.468,4877,1777804327910.366,11.125,6
54.479,4878,1777804327921.492,11.126,6
54.490,4879,1777804327932.619,11.127,6
54.502,4880,1777804327943.744,11.125,6
54.513,4881,1777804327954.870,11.126,6
54.524,4882,1777804327965.997,11.127,6
54.535,4883,1777804327977.122,11.125,6
54.546,4884,1777804327988.248,11.126,6
54.557,4885,1777804327999.374,11.126,6
54.568,4886,1777804328010.500,11.127,6
54.580,4887,1777804328021.626,11.125,6
54.591,4888,1777804328032.752,11.126,6
54.602,4889,1777804328043.878,11.127,6
54.613,4890,1777804328055.004,11.126,6
54.624,4891,1777804328066.130,11.125,6
54.635,4892,1777804328077.256,11.127,6
54.646,4893,1777804328088.382,11.126,6
54.657,4894,1777804328099.508,11.125,6
54.668,4895,1777804328110.634,11.127,6
54.680,4896,1777804328121.760,11.126,6
54.691,4897,1777804328132.886,11.126,6
54.702,4898,1777804328144.012,11.126,6
54.713,4899,1777804328155.138,11.126,6
54.724,4900,1777804328166.264,11.126,6
54.735,4901,1777804328177.390,11.127,6
54.746,4902,1777804328188.516,11.125,6
54.757,4903,1777804328199.642,11.126,6
54.769,4904,1777804328210.768,11.127,6
54.780,4905,1777804328221.894,11.125,6
54.791,4906,1777804328233.020,11.126,6
54.802,4907,1777804328244.146,11.127,6
54.813,4908,1777804328255.272,11.126,6
54.824,4909,1777804328266.397,11.125,6
54.835,4910,1777804328277.524,11.127,6
54.846,4911,1777804328288.650,11.126,6
54.858,4912,1777804328299.776,11.126,6
54.869,4913,1777804328310.902,11.126,6
54.880,4914,1777804328322.028,11.126,6
54.891,4915,1777804328333.154,11.126,6
54.902,4916,1777804328344.280,11.126,6
54.913,4917,1777804328355.406,11.126,6
54.924,4918,1777804328366.531,11.126,6
54.936,4919,1777804328377.658,11.127,6
54.947,4920,1777804328388.784,11.125,6
54.958,4921,1777804328399.909,11.126,6
54.969,4922,1777804328411.036,11.127,6
54.981,4923,1777804328422.162,11.125,6
54.991,4924,1777804328433.287,11.126,6
55.002,4925,1777804328444.413,11.126,6
55.014,4926,1777804328455.540,11.127,6
55.025,4927,1777804328466.665,11.125,6
55.036,4928,1777804328477.791,11.126,6
55.047,4929,1777804328488.918,11.127,6
55.058,4930,1777804328500.043,11.126,6
55.069,4931,1777804328511.169,11.125,6
55.080,4932,1777804328522.296,11.127,6
55.092,4933,1777804328533.421,11.126,6
55.102,4934,1777804328544.547,11.125,6
55.114,4935,1777804328555.674,11.127,6
55.125,4936,1777804328566.799,11.126,6
55.136,4937,1777804328577.925,11.125,6
55.147,4938,1777804328589.052,11.127,6
55.158,4939,1777804328600.177,11.126,6
55.169,4940,1777804328611.303,11.126,6
55.181,4941,1777804328622.429,11.126,6
55.191,4942,1777804328633.555,11.126,6
55.203,4943,1777804328644.681,11.126,6
55.214,4944,1777804328655.808,11.127,6
55.225,4945,1777804328666.933,11.125,6
55.236,4946,1777804328678.059,11.126,6
55.247,4947,1777804328689.186,11.127,6
55.258,4948,1777804328700.311,11.125,6
55.269,4949,1777804328711.437,11.126,6
55.280,4950,1777804328722.563,11.127,6
55.292,4951,1777804328733.689,11.126,6
55.303,4952,1777804328744.815,11.125,6
55.314,4953,1777804328755.941,11.127,6
55.325,4954,1777804328767.067,11.126,6
55.336,4955,1777804328778.193,11.125,6
55.347,4956,1777804328789.319,11.127,6
55.359,4957,1777804328800.445,11.126,6
55.369,4958,1777804328811.571,11.125,6
55.381,4959,1777804328822.697,11.127,6
55.392,4960,1777804328833.823,11.126,6
55.403,4961,1777804328844.949,11.126,6
55.414,4962,1777804328856.075,11.126,6
55.425,4963,1777804328867.201,11.126,6
55.436,4964,1777804328878.327,11.126,6
55.447,4965,1777804328889.452,11.125,6
55.459,4966,1777804328900.579,11.127,6
55.470,4967,1777804328911.705,11.126,6
55.481,4968,1777804328922.831,11.126,6
55.492,4969,1777804328933.957,11.127,6
55.503,4970,1777804328945.083,11.126,6
55.514,4971,1777804328956.209,11.126,6
55.525,4972,1777804328967.336,11.127,6
55.536,4973,1777804328978.462,11.126,6
55.547,4974,1777804328989.588,11.126,6
55.559,4975,1777804329000.715,11.127,6
55.570,4976,1777804329011.841,11.126,6
55.581,4977,1777804329022.967,11.126,6
55.592,4978,1777804329034.094,11.127,6
55.603,4979,1777804329045.219,11.126,6
55.614,4980,1777804329056.345,11.126,6
55.625,4981,1777804329067.472,11.127,6
55.637,4982,1777804329078.598,11.126,6
55.648,4983,1777804329089.724,11.126,6
55.659,4984,1777804329100.851,11.127,6
55.670,4985,1777804329111.977,11.126,6
55.681,4986,1777804329123.103,11.126,6
55.692,4987,1777804329134.230,11.127,6
55.703,4988,1777804329145.356,11.126,6
55.714,4989,1777804329156.482,11.126,6
55.725,4990,1777804329167.609,11.127,6
55.737,4991,1777804329178.734,11.126,6
55.748,4992,1777804329189.860,11.126,6
55.759,4993,1777804329200.987,11.127,6
55.770,4994,1777804329212.113,11.126,6
55.781,4995,1777804329223.239,11.126,6
55.792,4996,1777804329234.366,11.127,6
55.803,4997,1777804329245.492,11.126,6
55.814,4998,1777804329256.618,11.126,6
55.826,4999,1777804329267.745,11.127,6
55.837,5000,1777804329278.871,11.126,6
55.848,5001,1777804329289.997,11.126,6
55.859,5002,1777804329301.124,11.127,6
55.870,5003,1777804329312.250,11.126,6
55.881,5004,1777804329323.375,11.126,6
55.892,5005,1777804329334.501,11.126,6
55.904,5006,1777804329345.628,11.127,6
55.915,5007,1777804329356.754,11.126,6
55.926,5008,1777804329367.880,11.126,6
55.937,5009,1777804329379.007,11.127,6
55.948,5010,1777804329390.133,11.126,6
55.959,5011,1777804329401.259,11.126,6
55.970,5012,1777804329412.386,11.127,6
55.981,5013,1777804329423.512,11.126,6
55.993,5014,1777804329434.638,11.126,6
56.004,5015,1777804329445.765,11.127,6
56.015,5016,1777804329456.891,11.126,6
56.026,5017,1777804329468.017,11.126,6
56.037,5018,1777804329479.144,11.127,6
56.048,5019,1777804329490.270,11.126,6
56.060,5020,1777804329501.396,11.126,6
56.071,5021,1777804329512.522,11.127,6
56.081,5022,1777804329523.648,11.126,6
56.093,5023,1777804329534.774,11.126,6
56.104,5024,1777804329545.901,11.127,6
56.115,5025,1777804329557.027,11.126,6
56.126,5026,1777804329568.153,11.126,6
56.137,5027,1777804329579.280,11.127,6
56.148,5028,1777804329590.406,11.126,6
56.159,5029,1777804329601.532,11.126,6
56.171,5030,1777804329612.659,11.127,6
56.182,5031,1777804329623.785,11.126,6
56.193,5032,1777804329634.911,11.126,6
56.204,5033,1777804329646.038,11.127,6
56.215,5034,1777804329657.164,11.126,6
56.226,5035,1777804329668.290,11.126,6
56.238,5036,1777804329679.417,11.127,6
56.249,5037,1777804329690.542,11.126,6
56.260,5038,1777804329701.668,11.126,6
56.271,5039,1777804329712.795,11.127,6
56.282,5040,1777804329723.921,11.126,6
56.293,5041,1777804329735.047,11.126,6
56.304,5042,1777804329746.174,11.127,6
56.315,5043,1777804329757.300,11.126,6
56.326,5044,1777804329768.426,11.126,6
56.337,5045,1777804329779.552,11.126,6
56.349,5046,1777804329790.679,11.127,6
56.360,5047,1777804329801.805,11.126,6
56.371,5048,1777804329812.931,11.126,6
56.382,5049,1777804329824.058,11.127,6
56.393,5050,1777804329835.184,11.126,6
56.404,5051,1777804329846.310,11.126,6
56.416,5052,1777804329857.437,11.127,6
56.426,5053,1777804329868.563,11.126,6
56.438,5054,1777804329879.689,11.126,6
56.449,5055,1777804329890.816,11.127,6
56.460,5056,1777804329901.942,11.126,6
56.471,5057,1777804329913.067,11.126,6
56.482,5058,1777804329924.194,11.127,6
56.493,5059,1777804329935.320,11.125,6
56.504,5060,1777804329946.445,11.126,6
56.515,5061,1777804329957.572,11.126,6
56.527,5062,1777804329968.698,11.126,6
56.538,5063,1777804329979.823,11.125,6
56.549,5064,1777804329990.949,11.126,6
56.560,5065,1777804330002.075,11.126,6
56.571,5066,1777804330013.201,11.125,6
56.582,5067,1777804330024.327,11.127,6
56.594,5068,1777804330035.453,11.125,6
56.604,5069,1777804330046.578,11.125,6
56.615,5070,1777804330057.705,11.127,6
56.627,5071,1777804330068.831,11.125,6
56.638,5072,1777804330079.956,11.126,6
56.649,5073,1777804330091.083,11.126,6
56.660,5074,1777804330102.208,11.125,6
56.671,5075,1777804330113.334,11.126,6
56.682,5076,1777804330124.460,11.126,6
56.694,5077,1777804330135.586,11.126,6
56.704,5078,1777804330146.712,11.125,6
56.716,5079,1777804330157.838,11.126,6
56.727,5080,1777804330168.964,11.126,6
56.738,5081,1777804330180.089,11.125,6
56.749,5082,1777804330191.216,11.127,6
56.760,5083,1777804330202.342,11.125,6
56.771,5084,1777804330213.467,11.125,6
56.782,5085,1777804330224.593,11.126,6
56.794,5086,1777804330235.719,11.126,6
56.805,5087,1777804330246.845,11.125,6
56.816,5088,1777804330257.970,11.126,6
56.827,5089,1777804330269.097,11.126,6
56.838,5090,1777804330280.223,11.126,6
56.849,5091,1777804330291.348,11.125,6
56.860,5092,1777804330302.475,11.126,6
56.872,5093,1777804330313.600,11.126,6
56.883,5094,1777804330324.726,11.125,6
56.894,5095,1777804330335.852,11.126,6
56.905,5096,1777804330346.978,11.126,6
56.916,5097,1777804330358.104,11.125,6
56.938,5099,1777804330380.356,22.252,7
56.950,5100,1777804330391.481,11.125,7
56.960,5101,1777804330402.608,11.127,7
56.972,5102,1777804330413.733,11.125,7
56.983,5103,1777804330424.859,11.125,7
56.994,5104,1777804330435.986,11.127,7
57.005,5105,1777804330447.111,11.125,7
57.016,5106,1777804330458.237,11.125,7
57.027,5107,1777804330469.363,11.127,7
57.038,5108,1777804330480.489,11.125,7
57.049,5109,1777804330491.614,11.125,7
57.061,5110,1777804330502.741,11.127,7
57.072,5111,1777804330513.866,11.125,7
57.083,5112,1777804330524.992,11.125,7
57.094,5113,1777804330536.119,11.127,7
57.105,5114,1777804330547.244,11.125,7
57.116,5115,1777804330558.370,11.125,7
57.127,5116,1777804330569.496,11.127,7
57.138,5117,1777804330580.622,11.125,7
57.150,5118,1777804330591.747,11.125,7
57.161,5119,1777804330602.874,11.127,7
57.172,5120,1777804330614.000,11.125,7
57.183,5121,1777804330625.125,11.125,7
57.194,5122,1777804330636.252,11.127,7
57.205,5123,1777804330647.377,11.125,7
57.217,5124,1777804330658.503,11.125,7
57.227,5125,1777804330669.628,11.125,7
57.239,5126,1777804330680.755,11.127,7
57.250,5127,1777804330691.880,11.125,7
57.261,5128,1777804330703.006,11.125,7
57.272,5129,1777804330714.133,11.127,7
57.284,5130,1777804330725.258,11.125,7
57.294,5131,1777804330736.384,11.125,7
57.306,5132,1777804330747.510,11.127,7
57.317,5133,1777804330758.636,11.125,7
57.328,5134,1777804330769.761,11.125,7
57.339,5135,1777804330780.888,11.127,7
57.350,5136,1777804330792.013,11.125,7
57.361,5137,1777804330803.139,11.125,7
57.372,5138,1777804330814.265,11.126,7
57.383,5139,1777804330825.391,11.126,7
57.395,5140,1777804330836.517,11.125,7
57.406,5141,1777804330847.643,11.126,7
57.417,5142,1777804330858.769,11.126,7
57.428,5143,1777804330869.894,11.125,7
57.439,5144,1777804330881.021,11.126,7
57.450,5145,1777804330892.146,11.125,7
57.461,5146,1777804330903.272,11.126,7
57.472,5147,1777804330914.398,11.126,7
57.483,5148,1777804330925.524,11.126,7
57.494,5149,1777804330936.650,11.126,7
57.506,5150,1777804330947.777,11.127,7
57.517,5151,1777804330958.902,11.126,7
57.528,5152,1777804330970.028,11.126,7
57.539,5153,1777804330981.155,11.127,7
57.550,5154,1777804330992.281,11.126,7
57.561,5155,1777804331003.406,11.126,7
57.572,5156,1777804331014.533,11.127,7
57.583,5157,1777804331025.659,11.126,7
57.595,5158,1777804331036.784,11.126,7
57.606,5159,1777804331047.911,11.127,7
57.617,5160,1777804331059.037,11.126,7
57.628,5161,1777804331070.163,11.126,7
57.639,5162,1777804331081.289,11.127,7
57.650,5163,1777804331092.415,11.126,7
57.661,5164,1777804331103.541,11.126,7
57.672,5165,1777804331114.667,11.126,7
57.684,5166,1777804331125.793,11.127,7
57.695,5167,1777804331136.919,11.126,7
57.706,5168,1777804331148.044,11.125,7
57.717,5169,1777804331159.171,11.127,7
57.728,5170,1777804331170.297,11.126,7
57.739,5171,1777804331181.423,11.126,7
57.750,5172,1777804331192.549,11.127,7
57.761,5173,1777804331203.675,11.126,7
57.773,5174,1777804331214.801,11.126,7
57.784,5175,1777804331225.927,11.127,7
57.795,5176,1777804331237.053,11.126,7
57.806,5177,1777804331248.179,11.126,7
57.817,5178,1777804331259.306,11.127,7
57.828,5179,1777804331270.431,11.126,7
57.839,5180,1777804331281.557,11.126,7
57.850,5181,1777804331292.684,11.127,7
57.862,5182,1777804331303.810,11.126,7
57.873,5183,1777804331314.935,11.126,7
57.884,5184,1777804331326.062,11.127,7
57.895,5185,1777804331337.188,11.126,7
57.906,5186,1777804331348.313,11.126,7
57.917,5187,1777804331359.440,11.127,7
57.928,5188,1777804331370.566,11.126,7
57.939,5189,1777804331381.692,11.126,7
57.951,5190,1777804331392.818,11.127,7
57.962,5191,1777804331403.944,11.126,7
57.973,5192,1777804331415.070,11.126,7
57.984,5193,1777804331426.197,11.127,7
57.995,5194,1777804331437.322,11.126,7
58.006,5195,1777804331448.448,11.126,7
58.017,5196,1777804331459.575,11.127,7
58.028,5197,1777804331470.700,11.126,7
58.040,5198,1777804331481.826,11.126,7
58.051,5199,1777804331492.953,11.127,7
58.062,5200,1777804331504.079,11.126,7
58.073,5201,1777804331515.204,11.126,7
58.084,5202,1777804331526.331,11.127,7
58.095,5203,1777804331537.457,11.126,7
58.106,5204,1777804331548.583,11.126,7
58.118,5205,1777804331559.708,11.126,7
58.129,5206,1777804331570.835,11.127,7
58.140,5207,1777804331581.961,11.126,7
58.151,5208,1777804331593.086,11.126,7
58.162,5209,1777804331604.213,11.127,7
58.173,5210,1777804331615.339,11.126,7
58.184,5211,1777804331626.465,11.126,7
58.196,5212,1777804331637.591,11.127,7
58.207,5213,1777804331648.717,11.126,7
58.218,5214,1777804331659.843,11.126,7
58.229,5215,1777804331670.969,11.127,7
58.240,5216,1777804331682.095,11.126,7
58.251,5217,1777804331693.221,11.125,7
58.262,5218,1777804331704.348,11.127,7
58.273,5219,1777804331715.473,11.125,7
58.284,5220,1777804331726.599,11.126,7
58.296,5221,1777804331737.726,11.127,7
58.307,5222,1777804331748.851,11.126,7
58.318,5223,1777804331759.977,11.126,7
58.329,5224,1777804331771.104,11.127,7
58.340,5225,1777804331782.229,11.126,7
58.351,5226,1777804331793.355,11.126,7
58.362,5227,1777804331804.482,11.127,7
58.373,5228,1777804331815.608,11.126,7
58.385,5229,1777804331826.733,11.126,7
58.396,5230,1777804331837.860,11.127,7
58.407,5231,1777804331848.986,11.126,7
58.418,5232,1777804331860.112,11.126,7
58.429,5233,1777804331871.238,11.127,7
58.440,5234,1777804331882.364,11.126,7
58.451,5235,1777804331893.490,11.126,7
58.463,5236,1777804331904.616,11.127,7
58.474,5237,1777804331915.742,11.126,7
58.485,5238,1777804331926.868,11.126,7
58.496,5239,1777804331937.995,11.127,7
58.507,5240,1777804331949.120,11.126,7
58.518,5241,1777804331960.246,11.126,7
58.529,5242,1777804331971.373,11.126,7
58.540,5243,1777804331982.498,11.126,7
58.552,5244,1777804331993.624,11.126,7
58.563,5245,1777804332004.750,11.126,7
58.574,5246,1777804332015.876,11.127,7
58.585,5247,1777804332027.002,11.126,7
58.596,5248,1777804332038.128,11.125,7
58.607,5249,1777804332049.254,11.127,7
58.618,5250,1777804332060.380,11.126,7
58.629,5251,1777804332071.506,11.126,7
58.640,5252,1777804332082.633,11.127,7
58.652,5253,1777804332093.758,11.125,7
58.663,5254,1777804332104.884,11.126,7
58.674,5255,1777804332116.010,11.127,7
58.685,5256,1777804332127.136,11.126,7
58.696,5257,1777804332138.262,11.126,7
58.707,5258,1777804332149.389,11.127,7
58.718,5259,1777804332160.514,11.125,7
58.729,5260,1777804332171.640,11.126,7
58.741,5261,1777804332182.767,11.127,7
58.752,5262,1777804332193.892,11.126,7
58.763,5263,1777804332205.018,11.126,7
58.774,5264,1777804332216.145,11.127,7
58.785,5265,1777804332227.270,11.125,7
58.796,5266,1777804332238.396,11.126,7
58.807,5267,1777804332249.523,11.127,7
58.818,5268,1777804332260.648,11.126,7
58.830,5269,1777804332271.774,11.126,7
58.841,5270,1777804332282.901,11.126,7
58.852,5271,1777804332294.026,11.126,7
58.863,5272,1777804332305.152,11.126,7
58.874,5273,1777804332316.279,11.127,7
58.885,5274,1777804332327.405,11.126,7
58.896,5275,1777804332338.530,11.125,7
58.908,5276,1777804332349.657,11.127,7
58.919,5277,1777804332360.782,11.126,7
58.930,5278,1777804332371.908,11.126,7
58.941,5279,1777804332383.035,11.127,7
58.952,5280,1777804332394.161,11.126,7
58.963,5281,1777804332405.286,11.125,7
58.974,5282,1777804332416.413,11.127,7
58.985,5283,1777804332427.539,11.126,7
58.997,5284,1777804332438.664,11.126,7
59.008,5285,1777804332449.790,11.125,7
59.019,5286,1777804332460.917,11.127,7
59.030,5287,1777804332472.042,11.126,7
59.041,5288,1777804332483.168,11.126,7
59.052,5289,1777804332494.295,11.127,7
59.063,5290,1777804332505.420,11.126,7
59.074,5291,1777804332516.546,11.125,7
59.086,5292,1777804332527.673,11.127,7
59.097,5293,1777804332538.798,11.126,7
59.108,5294,1777804332549.924,11.126,7
59.119,5295,1777804332561.051,11.127,7
59.130,5296,1777804332572.176,11.125,7
59.141,5297,1777804332583.302,11.126,7
59.152,5298,1777804332594.429,11.127,7
59.163,5299,1777804332605.554,11.126,7
59.174,5300,1777804332616.680,11.126,7
59.186,5301,1777804332627.807,11.126,7
59.197,5302,1777804332638.932,11.126,7
59.208,5303,1777804332650.058,11.126,7
59.219,5304,1777804332661.185,11.127,7
59.230,5305,1777804332672.311,11.126,7
59.241,5306,1777804332683.436,11.125,7
59.253,5307,1777804332694.563,11.127,7
59.264,5308,1777804332705.688,11.126,7
59.275,5309,1777804332716.814,11.126,7
59.286,5310,1777804332727.941,11.127,7
59.297,5311,1777804332739.066,11.125,7
59.308,5312,1777804332750.192,11.126,7
59.319,5313,1777804332761.319,11.127,7
59.330,5314,1777804332772.445,11.126,7
59.341,5315,1777804332783.570,11.125,7
59.352,5316,1777804332794.697,11.127,7
59.364,5317,1777804332805.823,11.126,7
59.375,5318,1777804332816.948,11.126,7
59.386,5319,1777804332828.075,11.127,7
59.397,5320,1777804332839.200,11.125,7
59.408,5321,1777804332850.326,11.126,7
59.419,5322,1777804332861.453,11.127,7
59.430,5323,1777804332872.579,11.126,7
59.442,5324,1777804332883.704,11.125,7
59.453,5325,1777804332894.830,11.126,7
59.464,5326,1777804332905.957,11.127,7
59.475,5327,1777804332917.082,11.126,7
59.486,5328,1777804332928.208,11.125,7
59.497,5329,1777804332939.334,11.127,7
59.508,5330,1777804332950.460,11.126,7
59.520,5331,1777804332961.586,11.125,7
59.531,5332,1777804332972.712,11.127,7
59.542,5333,1777804332983.838,11.126,7
59.553,5334,1777804332994.964,11.125,7
59.564,5335,1777804333006.090,11.127,7
59.575,5336,1777804333017.216,11.126,7
59.586,5337,1777804333028.342,11.125,7
59.598,5338,1777804333039.468,11.127,7
59.608,5339,1777804333050.594,11.125,7
59.620,5340,1777804333061.719,11.126,7
59.631,5341,1777804333072.846,11.127,7
59.642,5342,1777804333083.972,11.125,7
59.653,5343,1777804333095.097,11.126,7
59.664,5344,1777804333106.224,11.127,7
59.675,5345,1777804333117.350,11.125,7
59.687,5346,1777804333128.475,11.126,7
59.698,5347,1777804333139.602,11.126,7
59.709,5348,1777804333150.728,11.126,7
59.720,5349,1777804333161.853,11.126,7
59.731,5350,1777804333172.980,11.126,7
59.742,5351,1777804333184.105,11.126,7
59.753,5352,1777804333195.231,11.126,7
59.764,5353,1777804333206.358,11.126,7
59.776,5354,1777804333217.483,11.126,7
59.787,5355,1777804333228.609,11.125,7
59.798,5356,1777804333239.736,11.127,7
59.809,5357,1777804333250.861,11.126,7
59.820,5358,1777804333261.987,11.125,7
59.831,5359,1777804333273.114,11.127,7
59.842,5360,1777804333284.239,11.125,7
59.853,5361,1777804333295.365,11.126,7
59.864,5362,1777804333306.491,11.127,7
59.875,5363,1777804333317.617,11.125,7
59.887,5364,1777804333328.743,11.126,7
59.898,5365,1777804333339.868,11.126,7
59.909,5366,1777804333350.995,11.126,7
59.920,5367,1777804333362.121,11.126,7
59.931,5368,1777804333373.246,11.125,7
59.942,5369,1777804333384.373,11.127,7
59.953,5370,1777804333395.499,11.126,7
59.964,5371,1777804333406.624,11.125,7
59.976,5372,1777804333417.751,11.127,7
59.987,5373,1777804333428.876,11.125,7
59.998,5374,1777804333440.002,11.126,7
60.009,5375,1777804333451.129,11.127,7
