# which inertial sample is which camera frame, from the hardware trigger
# frame_period_s=0.011127811  (89.864933712 Hz, measured from this session's own trigger pulses -- the camera does not run at 90.000)
# trigger_pulses=5589  pulses_the_imu_missed=0
# t_bar_s is the exposure time in the BAR's clock, the same clock as esp_timestamp_us in imu/raw_imu.csv
# imu_sample is a row index into imu/raw_imu.csv; tagged=0 means the inertial stream missed that pulse and the time is interpolated
frame,video_row,t_bar_s,imu_sample,tagged
0,0,60.618455,6,1
1,1,60.629589,17,1
2,2,60.640724,28,1
3,3,60.651859,39,1
4,4,60.662996,50,1
5,5,60.674133,61,1
6,6,60.685267,72,1
7,7,60.696403,83,1
8,8,60.707538,94,1
9,9,60.718674,104,1
10,10,60.729809,115,1
11,11,60.740943,126,1
12,12,60.752080,137,1
13,13,60.763216,148,1
14,14,60.774350,159,1
15,15,60.785486,170,1
16,16,60.796621,181,1
17,17,60.807755,192,1
18,18,60.818892,203,1
19,19,60.830026,214,1
20,20,60.841163,225,1
21,21,60.852298,236,1
22,22,60.863432,247,1
23,23,60.874567,258,1
24,24,60.885705,269,1
25,25,60.896841,280,1
26,26,60.907973,291,1
27,27,60.919109,302,1
28,28,60.930246,313,1
29,29,60.941382,324,1
30,30,60.952517,335,1
31,31,60.963651,346,1
32,32,60.974788,357,1
33,33,60.985922,368,1
34,34,60.997060,379,1
35,35,61.008194,390,1
36,36,61.019330,401,1
37,37,61.030465,412,1
38,38,61.041598,423,1
39,39,61.052734,434,1
40,40,61.063872,445,1
41,41,61.075005,456,1
42,42,61.086142,467,1
43,43,61.097278,478,1
44,44,61.108412,489,1
45,45,61.119548,500,1
46,46,61.130683,511,1
47,47,61.141819,522,1
48,48,61.152955,533,1
49,49,61.164102,544,1
50,50,61.175223,555,1
51,51,61.186361,566,1
52,52,61.197496,577,1
53,53,61.208631,588,1
54,54,61.219766,599,1
55,55,61.230903,610,1
56,56,61.242037,621,1
57,57,61.253173,632,1
58,58,61.264308,643,1
59,59,61.275442,654,1
60,60,61.286577,665,1
61,61,61.297715,676,1
62,62,61.308850,687,1
63,63,61.319984,698,1
64,64,61.331119,709,1
65,65,61.342254,720,1
66,66,61.353391,731,1
67,67,61.364528,742,1
68,68,61.375663,753,1
69,69,61.386797,764,1
70,70,61.397931,775,1
71,71,61.409067,786,1
72,72,61.420205,797,1
73,73,61.431340,808,1
74,74,61.441461,818,1
75,75,61.452596,829,1
76,76,61.463734,840,1
77,77,61.474867,851,1
78,78,61.486004,862,1
79,79,61.497140,873,1
80,80,61.508273,884,1
81,81,61.519409,895,1
82,82,61.530544,906,1
83,83,61.541681,917,1
84,84,61.552815,928,1
85,85,61.563953,939,1
86,86,61.575099,950,1
87,87,61.586223,961,1
88,88,61.597358,972,1
89,89,61.608493,983,1
90,90,61.619627,994,1
91,91,61.630764,1005,1
92,92,61.641900,1016,1
93,93,61.653036,1027,1
94,94,61.664170,1038,1
95,95,61.675306,1049,1
96,96,61.686440,1060,1
97,97,61.697576,1071,1
98,98,61.708711,1082,1
99,99,61.719847,1093,1
100,100,61.730983,1104,1
101,101,61.742118,1115,1
102,102,61.753253,1126,1
103,103,61.764389,1137,1
104,104,61.775524,1148,1
105,105,61.786660,1159,1
106,106,61.797796,1170,1
107,107,61.808931,1181,1
108,108,61.820067,1192,1
109,109,61.831200,1203,1
110,110,61.842335,1214,1
111,111,61.853473,1225,1
112,112,61.864608,1236,1
113,113,61.875741,1247,1
114,114,61.886877,1258,1
115,115,61.898015,1269,1
116,116,61.909149,1280,1
117,117,61.920286,1291,1
118,118,61.931418,1302,1
119,119,61.942556,1313,1
120,120,61.953690,1324,1
121,121,61.964825,1335,1
122,122,61.975963,1346,1
123,123,61.987103,1357,1
124,124,61.998233,1368,1
125,125,62.009369,1379,1
126,126,62.020503,1390,1
127,127,62.031640,1401,1
128,128,62.042775,1412,1
129,129,62.053910,1423,1
130,130,62.065045,1434,1
131,131,62.076179,1445,1
132,132,62.087316,1456,1
133,133,62.098450,1467,1
134,134,62.109587,1478,1
135,135,62.120720,1489,1
136,136,62.131857,1500,1
137,137,62.142991,1511,1
138,138,62.154128,1522,1
139,139,62.165264,1533,1
140,140,62.176400,1544,1
141,141,62.187533,1555,1
142,142,62.198670,1566,1
143,143,62.209805,1577,1
144,144,62.220939,1588,1
145,145,62.232074,1599,1
146,146,62.243211,1610,1
147,147,62.254346,1621,1
148,148,62.265481,1632,1
149,149,62.276618,1643,1
150,150,62.287753,1654,1
151,151,62.298888,1665,1
152,152,62.310025,1676,1
153,153,62.321158,1687,1
154,154,62.332295,1698,1
155,155,62.343429,1709,1
156,156,62.354566,1720,1
157,157,62.365700,1731,1
158,158,62.376837,1742,1
159,159,62.387972,1753,1
160,160,62.399107,1764,1
161,161,62.410241,1775,1
162,162,62.421379,1786,1
163,163,62.432514,1797,1
164,164,62.443650,1808,1
165,165,62.454785,1819,1
166,166,62.465919,1830,1
167,167,62.477054,1841,1
168,168,62.488190,1852,1
169,169,62.499326,1863,1
170,170,62.510462,1874,1
171,171,62.521595,1885,1
172,172,62.532732,1896,1
173,173,62.543867,1907,1
174,174,62.555002,1918,1
175,175,62.566139,1929,1
176,176,62.577274,1940,1
177,177,62.588408,1951,1
178,178,62.599544,1962,1
179,179,62.610678,1973,1
180,180,62.621816,1984,1
181,181,62.632951,1995,1
182,182,62.644099,2006,1
183,183,62.655220,2017,1
184,184,62.666355,2028,1
185,185,62.677491,2039,1
186,186,62.688628,2050,1
187,187,62.699764,2061,1
188,188,62.710899,2072,1
189,189,62.722033,2083,1
190,190,62.733169,2094,1
191,191,62.744306,2105,1
192,192,62.755441,2116,1
193,193,62.766576,2127,1
194,194,62.777709,2138,1
195,195,62.788845,2149,1
196,196,62.799980,2160,1
197,197,62.811118,2171,1
198,198,62.822253,2182,1
199,199,62.833388,2193,1
200,200,62.844522,2204,1
201,201,62.855659,2215,1
202,202,62.866795,2226,1
203,203,62.877931,2237,1
204,204,62.889064,2248,1
205,205,62.900199,2259,1
206,206,62.911336,2270,1
207,207,62.921460,2280,1
208,208,62.932593,2291,1
209,209,62.943730,2302,1
210,210,62.954863,2313,1
211,211,62.966001,2324,1
212,212,62.977135,2335,1
213,213,62.988270,2346,1
214,214,62.999406,2357,1
215,215,63.010543,2368,1
216,216,63.021676,2379,1
217,217,63.032814,2390,1
218,218,63.043947,2401,1
219,219,63.055084,2412,1
220,220,63.066219,2423,1
221,221,63.077355,2434,1
222,222,63.088490,2445,1
223,223,63.099625,2456,1
224,224,63.110762,2467,1
225,225,63.121897,2478,1
226,226,63.133030,2489,1
227,227,63.144167,2500,1
228,228,63.155303,2511,1
229,229,63.166439,2522,1
230,230,63.177573,2533,1
231,231,63.188709,2544,1
232,232,63.199842,2555,1
233,233,63.210978,2566,1
234,234,63.222116,2577,1
235,235,63.233251,2588,1
236,236,63.244386,2599,1
237,237,63.255521,2610,1
238,238,63.266656,2621,1
239,239,63.277793,2632,1
240,240,63.288927,2643,1
241,241,63.300064,2654,1
242,242,63.311197,2665,1
243,243,63.322332,2676,1
244,244,63.333469,2687,1
245,245,63.344604,2698,1
246,246,63.355741,2709,1
247,247,63.366875,2720,1
248,248,63.378011,2731,1
249,249,63.389146,2742,1
250,250,63.400280,2753,1
251,251,63.411418,2764,1
252,252,63.422553,2775,1
253,253,63.433687,2786,1
254,254,63.444824,2797,1
255,255,63.455959,2808,1
256,256,63.467102,2819,1
257,257,63.478228,2830,1
258,258,63.489365,2841,1
259,259,63.500501,2852,1
260,260,63.511636,2863,1
261,261,63.522769,2874,1
262,262,63.533907,2885,1
263,263,63.545040,2896,1
264,264,63.556176,2907,1
265,265,63.567312,2918,1
266,266,63.578446,2929,1
267,267,63.589583,2940,1
268,268,63.600718,2951,1
269,269,63.611853,2962,1
270,270,63.622990,2973,1
271,271,63.634126,2984,1
272,272,63.645261,2995,1
273,273,63.656395,3006,1
274,274,63.667531,3017,1
275,275,63.678667,3028,1
276,276,63.689803,3039,1
277,277,63.700936,3050,1
278,278,63.712072,3061,1
279,279,63.723208,3072,1
280,280,63.734344,3083,1
281,281,63.745479,3094,1
282,282,63.756613,3105,1
283,283,63.767751,3116,1
284,284,63.778885,3127,1
285,285,63.790019,3138,1
286,286,63.801157,3149,1
287,287,63.812290,3160,1
288,288,63.823427,3171,1
289,289,63.834563,3182,1
290,290,63.845696,3193,1
291,291,63.856832,3204,1
292,292,63.867968,3215,1
293,293,63.879108,3226,1
294,294,63.890240,3237,1
295,295,63.901375,3248,1
296,296,63.912509,3259,1
297,297,63.923646,3270,1
298,298,63.934780,3281,1
299,299,63.945915,3292,1
300,300,63.957050,3303,1
301,301,63.968188,3314,1
302,302,63.979321,3325,1
303,303,63.990456,3336,1
304,304,64.001594,3347,1
305,305,64.012730,3358,1
306,306,64.023863,3369,1
307,307,64.035000,3380,1
308,308,64.046134,3391,1
309,309,64.057271,3402,1
310,310,64.068404,3413,1
311,311,64.079541,3424,1
312,312,64.090676,3435,1
313,313,64.101810,3446,1
314,314,64.112947,3457,1
315,315,64.124082,3468,1
316,316,64.135219,3479,1
317,317,64.146355,3490,1
318,318,64.157487,3501,1
319,319,64.168624,3512,1
320,320,64.179760,3523,1
321,321,64.190895,3534,1
322,322,64.202031,3545,1
323,323,64.213166,3556,1
324,324,64.224300,3567,1
325,325,64.235435,3578,1
326,326,64.246571,3589,1
327,327,64.257708,3600,1
328,328,64.268843,3611,1
329,329,64.279977,3622,1
330,330,64.291113,3633,1
331,331,64.302248,3644,1
332,332,64.313385,3655,1
333,333,64.324520,3666,1
334,334,64.335654,3677,1
335,335,64.346790,3688,1
336,336,64.357926,3699,1
337,337,64.369063,3710,1
338,338,64.380196,3721,1
339,339,64.390321,3731,1
340,340,64.401455,3742,1
341,341,64.412592,3753,1
342,342,64.423727,3764,1
343,343,64.434862,3775,1
344,344,64.445998,3786,1
345,345,64.457131,3797,1
346,346,64.468267,3808,1
347,347,64.479403,3819,1
348,348,64.490539,3830,1
349,349,64.501675,3841,1
350,350,64.512811,3852,1
351,351,64.523945,3863,1
352,352,64.535079,3874,1
353,353,64.546214,3885,1
354,354,64.557351,3896,1
355,355,64.568487,3907,1
356,356,64.579621,3918,1
357,357,64.590757,3929,1
358,358,64.601892,3940,1
359,359,64.613027,3951,1
360,360,64.624165,3962,1
361,361,64.635299,3973,1
362,362,64.646433,3984,1
363,363,64.657568,3995,1
364,364,64.668706,4006,1
365,365,64.679842,4017,1
366,366,64.690977,4028,1
367,367,64.702111,4039,1
368,368,64.713247,4050,1
369,369,64.724383,4061,1
370,370,64.735519,4072,1
371,371,64.746653,4083,1
372,372,64.757787,4094,1
373,373,64.768924,4105,1
374,374,64.780058,4116,1
375,375,64.791194,4127,1
376,376,64.802331,4138,1
377,377,64.813464,4149,1
378,378,64.824602,4160,1
379,379,64.835737,4171,1
380,380,64.846871,4182,1
381,381,64.858008,4193,1
382,382,64.869143,4204,1
383,383,64.880279,4215,1
384,384,64.891412,4226,1
385,385,64.902548,4237,1
386,386,64.913683,4248,1
387,387,64.924820,4259,1
388,388,64.935955,4270,1
389,389,64.947100,4281,1
390,390,64.958226,4292,1
391,391,64.969361,4303,1
392,392,64.980497,4314,1
393,393,64.991631,4325,1
394,394,65.002768,4336,1
395,395,65.013902,4347,1
396,396,65.025038,4358,1
397,397,65.036175,4369,1
398,398,65.047309,4380,1
399,399,65.058444,4391,1
400,400,65.069581,4402,1
401,401,65.080714,4413,1
402,402,65.091852,4424,1
403,403,65.102987,4435,1
404,404,65.114120,4446,1
405,405,65.125257,4457,1
406,406,65.136392,4468,1
407,407,65.147526,4479,1
408,408,65.158664,4490,1
409,409,65.169798,4501,1
410,410,65.180934,4512,1
411,411,65.192070,4523,1
412,412,65.203206,4534,1
413,413,65.214339,4545,1
414,414,65.225474,4556,1
415,415,65.236612,4567,1
416,416,65.247746,4578,1
417,417,65.258883,4589,1
418,418,65.270017,4600,1
419,419,65.281151,4611,1
420,420,65.292288,4622,1
421,421,65.303424,4633,1
422,422,65.314559,4644,1
423,423,65.325694,4655,1
424,424,65.336830,4666,1
425,425,65.347966,4677,1
426,426,65.359104,4688,1
427,427,65.370235,4699,1
428,428,65.381371,4710,1
429,429,65.392507,4721,1
430,430,65.403641,4732,1
431,431,65.414778,4743,1
432,432,65.425914,4754,1
433,433,65.437048,4765,1
434,434,65.448183,4776,1
435,435,65.459319,4787,1
436,436,65.470455,4798,1
437,437,65.481591,4809,1
438,438,65.492725,4820,1
439,439,65.503860,4831,1
440,440,65.514997,4842,1
441,441,65.526133,4853,1
442,442,65.537267,4864,1
443,443,65.548402,4875,1
444,444,65.559537,4886,1
445,445,65.570673,4897,1
446,446,65.581809,4908,1
447,447,65.592943,4919,1
448,448,65.604080,4930,1
449,449,65.615214,4941,1
450,450,65.626349,4952,1
451,451,65.637485,4963,1
452,452,65.648622,4974,1
453,453,65.659756,4985,1
454,454,65.670893,4996,1
455,455,65.682027,5007,1
456,456,65.693164,5018,1
457,457,65.704298,5029,1
458,458,65.716779,5040,1
459,459,65.726569,5050,1
460,460,65.737703,5061,1
461,461,65.748841,5072,1
462,462,65.759974,5083,1
463,463,65.771112,5094,1
464,464,65.782247,5105,1
465,465,65.793382,5116,1
466,466,65.804516,5127,1
467,467,65.815651,5138,1
468,468,65.826786,5149,1
469,469,65.837923,5160,1
470,470,65.849057,5171,1
471,471,65.860195,5182,1
472,472,65.870317,5192,1
473,473,65.881452,5203,1
474,474,65.892588,5214,1
475,475,65.903722,5225,1
476,476,65.914858,5236,1
477,477,65.925994,5247,1
478,478,65.937130,5258,1
479,479,65.948264,5269,1
480,480,65.959400,5280,1
481,481,65.970536,5291,1
482,482,65.981671,5302,1
483,483,65.992806,5313,1
484,484,66.003940,5324,1
485,485,66.015076,5335,1
486,486,66.026213,5346,1
487,487,66.037349,5357,1
488,488,66.048483,5368,1
489,489,66.059618,5379,1
490,490,66.070754,5390,1
491,491,66.081890,5401,1
492,492,66.093024,5412,1
493,493,66.104161,5423,1
494,494,66.115294,5434,1
495,495,66.126432,5445,1
496,496,66.137567,5456,1
497,497,66.148701,5467,1
498,498,66.159836,5478,1
499,499,66.170972,5489,1
500,500,66.182109,5500,1
501,501,66.193244,5511,1
502,502,66.204378,5522,1
503,503,66.215515,5533,1
504,504,66.226650,5544,1
505,505,66.237786,5555,1
506,506,66.248919,5566,1
507,507,66.260058,5577,1
508,508,66.271190,5588,1
509,509,66.282328,5599,1
510,510,66.293462,5610,1
511,511,66.304599,5621,1
512,512,66.315733,5632,1
513,513,66.326869,5643,1
514,514,66.338004,5654,1
515,515,66.349139,5665,1
516,516,66.360273,5676,1
517,517,66.371409,5687,1
518,518,66.382545,5698,1
519,519,66.393682,5709,1
520,520,66.404817,5720,1
521,521,66.415952,5731,1
522,522,66.427100,5742,1
523,523,66.438221,5753,1
524,524,66.449358,5764,1
525,525,66.460494,5775,1
526,526,66.471630,5786,1
527,527,66.482763,5797,1
528,528,66.493901,5808,1
529,529,66.505035,5819,1
530,530,66.516171,5830,1
531,531,66.527307,5841,1
532,532,66.538440,5852,1
533,533,66.549577,5863,1
534,534,66.560712,5874,1
535,535,66.571846,5885,1
536,536,66.582984,5896,1
537,537,66.594118,5907,1
538,538,66.605255,5918,1
539,539,66.616390,5929,1
540,540,66.627525,5940,1
541,541,66.638660,5951,1
542,542,66.649794,5962,1
543,543,66.660930,5973,1
544,544,66.672068,5984,1
545,545,66.683200,5995,1
546,546,66.694336,6006,1
547,547,66.705473,6017,1
548,548,66.716609,6028,1
549,549,66.727743,6039,1
550,550,66.738878,6050,1
551,551,66.750015,6061,1
552,552,66.761150,6072,1
553,553,66.772286,6083,1
554,554,66.783419,6094,1
555,555,66.794554,6105,1
556,556,66.805691,6116,1
557,557,66.816825,6127,1
558,558,66.827963,6138,1
559,559,66.839104,6149,1
560,560,66.850231,6160,1
561,561,66.861369,6171,1
562,562,66.872502,6182,1
563,563,66.883638,6193,1
564,564,66.894775,6204,1
565,565,66.905911,6215,1
566,566,66.917045,6226,1
567,567,66.928181,6237,1
568,568,66.939315,6248,1
569,569,66.950450,6259,1
570,570,66.961586,6270,1
571,571,66.972722,6281,1
572,572,66.983859,6292,1
573,573,66.994992,6303,1
574,574,67.006128,6314,1
575,575,67.017264,6325,1
576,576,67.028398,6336,1
577,577,67.039533,6347,1
578,578,67.050669,6358,1
579,579,67.061805,6369,1
580,580,67.072941,6380,1
581,581,67.084075,6391,1
582,582,67.095213,6402,1
583,583,67.106348,6413,1
584,584,67.117482,6424,1
585,585,67.128617,6435,1
586,586,67.139752,6446,1
587,587,67.150889,6457,1
588,588,67.162025,6468,1
589,589,67.173160,6479,1
590,590,67.184295,6490,1
591,591,67.195429,6501,1
592,592,67.206567,6512,1
593,593,67.217700,6523,1
594,594,67.228837,6534,1
595,595,67.239972,6545,1
596,596,67.251107,6556,1
597,597,67.262243,6567,1
598,598,67.273378,6578,1
599,599,67.284514,6589,1
600,600,67.295648,6600,1
601,601,67.306783,6611,1
602,602,67.317921,6622,1
603,603,67.329056,6633,1
604,604,67.340191,6644,1
605,605,67.350312,6654,1
606,606,67.361449,6665,1
607,607,67.372585,6676,1
608,608,67.383718,6687,1
609,609,67.394856,6698,1
610,610,67.405989,6709,1
611,611,67.417126,6720,1
612,612,67.428262,6731,1
613,613,67.439396,6742,1
614,614,67.450531,6753,1
615,615,67.461668,6764,1
616,616,67.472802,6775,1
617,617,67.483937,6786,1
618,618,67.495073,6797,1
619,619,67.506210,6808,1
620,620,67.517343,6819,1
621,621,67.528480,6830,1
622,622,67.539616,6841,1
623,623,67.550751,6852,1
624,624,67.561885,6863,1
625,625,67.573021,6874,1
626,626,67.584156,6885,1
627,627,67.595291,6896,1
628,628,67.606428,6907,1
629,629,67.617562,6918,1
630,630,67.628699,6929,1
631,631,67.639834,6940,1
632,632,67.650968,6951,1
633,633,67.662105,6962,1
634,634,67.673241,6973,1
635,635,67.684377,6984,1
636,636,67.695512,6995,1
637,637,67.706648,7006,1
638,638,67.717781,7017,1
639,639,67.728918,7028,1
640,640,67.740053,7039,1
641,641,67.751189,7050,1
642,642,67.762325,7061,1
643,643,67.773459,7072,1
644,644,67.784595,7083,1
645,645,67.795731,7094,1
646,646,67.806866,7105,1
647,647,67.818002,7116,1
648,648,67.829135,7127,1
649,649,67.840273,7138,1
650,650,67.851406,7149,1
651,651,67.862543,7160,1
652,652,67.873678,7171,1
653,653,67.884814,7182,1
654,654,67.895947,7193,1
655,655,67.907085,7204,1
656,656,67.918218,7215,1
657,657,67.929355,7226,1
658,658,67.940489,7237,1
659,659,67.951627,7248,1
660,660,67.962762,7259,1
661,661,67.973897,7270,1
662,662,67.985031,7281,1
663,663,67.996168,7292,1
664,664,68.007303,7303,1
665,665,68.018437,7314,1
666,666,68.029574,7325,1
667,667,68.040710,7336,1
668,668,68.051844,7347,1
669,669,68.062979,7358,1
670,670,68.074114,7369,1
671,671,68.085249,7380,1
672,672,68.096385,7391,1
673,673,68.107522,7402,1
674,674,68.118656,7413,1
675,675,68.129791,7424,1
676,676,68.140928,7435,1
677,677,68.152064,7446,1
678,678,68.163198,7457,1
679,679,68.174332,7468,1
680,680,68.185468,7479,1
681,681,68.196606,7490,1
682,682,68.207740,7501,1
683,683,68.218874,7512,1
684,684,68.230011,7523,1
685,685,68.241145,7534,1
686,686,68.252283,7545,1
687,687,68.263418,7556,1
688,688,68.274553,7567,1
689,689,68.285687,7578,1
690,690,68.296823,7589,1
691,691,68.307959,7600,1
692,692,68.319102,7611,1
693,693,68.330230,7622,1
694,694,68.341365,7633,1
695,695,68.352501,7644,1
696,696,68.363636,7655,1
697,-1,68.374770,7666,1
698,697,68.385905,7677,1
699,698,68.397043,7688,1
700,699,68.408178,7699,1
701,700,68.419312,7710,1
702,701,68.430447,7721,1
703,702,68.441584,7732,1
704,703,68.452718,7743,1
705,704,68.463854,7754,1
706,705,68.474989,7765,1
707,706,68.486126,7776,1
708,707,68.497259,7787,1
709,708,68.508396,7798,1
710,709,68.519530,7809,1
711,710,68.530666,7820,1
712,711,68.541802,7831,1
713,712,68.552936,7842,1
714,713,68.564073,7853,1
715,714,68.575209,7864,1
716,715,68.586344,7875,1
717,716,68.597479,7886,1
718,717,68.608615,7897,1
719,718,68.619749,7908,1
720,719,68.630886,7919,1
721,720,68.642022,7930,1
722,721,68.653158,7941,1
723,722,68.664290,7952,1
724,723,68.675427,7963,1
725,724,68.686564,7974,1
726,725,68.697699,7985,1
727,726,68.708833,7996,1
728,727,68.719968,8007,1
729,728,68.731105,8018,1
730,729,68.742239,8029,1
731,730,68.753374,8040,1
732,731,68.764511,8051,1
733,732,68.775647,8062,1
734,733,68.786780,8073,1
735,734,68.797918,8084,1
736,735,68.809051,8095,1
737,736,68.820186,8106,1
738,737,68.830311,8116,1
739,738,68.841446,8127,1
740,739,68.852580,8138,1
741,740,68.863715,8149,1
742,741,68.874851,8160,1
743,742,68.885988,8171,1
744,743,68.897124,8182,1
745,744,68.908257,8193,1
746,745,68.919395,8204,1
747,746,68.930528,8215,1
748,747,68.941665,8226,1
749,748,68.952800,8237,1
750,749,68.963936,8248,1
751,750,68.975070,8259,1
752,751,68.986207,8270,1
753,752,68.997342,8281,1
754,753,69.008477,8292,1
755,754,69.019613,8303,1
756,755,69.030748,8314,1
757,756,69.041882,8325,1
758,757,69.053019,8336,1
759,758,69.064154,8347,1
760,759,69.075291,8358,1
761,760,69.086426,8369,1
762,761,69.097561,8380,1
763,762,69.108696,8391,1
764,763,69.119831,8402,1
765,764,69.130968,8413,1
766,765,69.142104,8424,1
767,766,69.153238,8435,1
768,767,69.164372,8446,1
769,768,69.175507,8457,1
770,769,69.186644,8468,1
771,770,69.197780,8479,1
772,771,69.208915,8490,1
773,772,69.220050,8501,1
774,773,69.231186,8512,1
775,774,69.242322,8523,1
776,775,69.253456,8534,1
777,776,69.264592,8545,1
778,777,69.275726,8556,1
779,778,69.286861,8567,1
780,779,69.297997,8578,1
781,780,69.309132,8589,1
782,781,69.320270,8600,1
783,782,69.331405,8611,1
784,783,69.342538,8622,1
785,784,69.353675,8633,1
786,785,69.364810,8644,1
787,786,69.375945,8655,1
788,787,69.387081,8666,1
789,788,69.398215,8677,1
790,789,69.409353,8688,1
791,790,69.420488,8699,1
792,791,69.431621,8710,1
793,792,69.442758,8721,1
794,793,69.453893,8732,1
795,794,69.465030,8743,1
796,795,69.476165,8754,1
797,796,69.487298,8765,1
798,797,69.498436,8776,1
799,798,69.509571,8787,1
800,799,69.520706,8798,1
801,800,69.531842,8809,1
802,801,69.542977,8820,1
803,802,69.554111,8831,1
804,803,69.565248,8842,1
805,804,69.576383,8853,1
806,805,69.587519,8864,1
807,806,69.598653,8875,1
808,807,69.609789,8886,1
809,808,69.620926,8897,1
810,809,69.632059,8908,1
811,810,69.643194,8919,1
812,811,69.654331,8930,1
813,812,69.665465,8941,1
814,813,69.676601,8952,1
815,814,69.687738,8963,1
816,815,69.698873,8974,1
817,816,69.710007,8985,1
818,817,69.721143,8996,1
819,818,69.732278,9007,1
820,819,69.743413,9018,1
821,820,69.754549,9029,1
822,821,69.765684,9040,1
823,822,69.776821,9051,1
824,823,69.787954,9062,1
825,824,69.799100,9073,1
826,825,69.810227,9084,1
827,826,69.821361,9095,1
828,827,69.832498,9106,1
829,828,69.843631,9117,1
830,829,69.854767,9128,1
831,830,69.865904,9139,1
832,831,69.877040,9150,1
833,832,69.888175,9161,1
834,833,69.899309,9172,1
835,834,69.910446,9183,1
836,835,69.921581,9194,1
837,836,69.932716,9205,1
838,837,69.943852,9216,1
839,838,69.954987,9227,1
840,839,69.966123,9238,1
841,840,69.977259,9249,1
842,841,69.988392,9260,1
843,842,69.999529,9271,1
844,843,70.010662,9282,1
845,844,70.021798,9293,1
846,845,70.032933,9304,1
847,846,70.044070,9315,1
848,847,70.055206,9326,1
849,848,70.066341,9337,1
850,849,70.077475,9348,1
851,850,70.088613,9359,1
852,851,70.099747,9370,1
853,852,70.110883,9381,1
854,853,70.122017,9392,1
855,854,70.133152,9403,1
856,855,70.144288,9414,1
857,856,70.155425,9425,1
858,857,70.166558,9436,1
859,858,70.177694,9447,1
860,859,70.188829,9458,1
861,860,70.199965,9469,1
862,861,70.211105,9480,1
863,862,70.222237,9491,1
864,863,70.233373,9502,1
865,864,70.244508,9513,1
866,865,70.255642,9524,1
867,866,70.266778,9535,1
868,867,70.277914,9546,1
869,868,70.289049,9557,1
870,869,70.300186,9568,1
871,870,70.310307,9578,1
872,871,70.321444,9589,1
873,872,70.332577,9600,1
874,873,70.343714,9611,1
875,874,70.354849,9622,1
876,875,70.365985,9633,1
877,876,70.377121,9644,1
878,877,70.388255,9655,1
879,878,70.399391,9666,1
880,879,70.410525,9677,1
881,880,70.421662,9688,1
882,881,70.432796,9699,1
883,882,70.443933,9710,1
884,883,70.455068,9721,1
885,884,70.466204,9732,1
886,885,70.477340,9743,1
887,886,70.488475,9754,1
888,887,70.499610,9765,1
889,888,70.510744,9776,1
890,889,70.521881,9787,1
891,890,70.533016,9798,1
892,891,70.544151,9809,1
893,892,70.555286,9820,1
894,893,70.566422,9831,1
895,894,70.577558,9842,1
896,895,70.588693,9853,1
897,896,70.599828,9864,1
898,897,70.610962,9875,1
899,898,70.622104,9886,1
900,899,70.633235,9897,1
901,900,70.644370,9908,1
902,901,70.655506,9919,1
903,902,70.666642,9930,1
904,903,70.677776,9941,1
905,904,70.688912,9952,1
906,905,70.700045,9963,1
907,906,70.711181,9974,1
908,907,70.722319,9984,1
909,908,70.733453,9995,1
910,909,70.744589,10006,1
911,910,70.755723,10017,1
912,911,70.766858,10028,1
913,912,70.777993,10039,1
914,913,70.789131,10050,1
915,914,70.800266,10061,1
916,915,70.811402,10072,1
917,916,70.822536,10083,1
918,917,70.833670,10094,1
919,918,70.844808,10105,1
920,919,70.855943,10116,1
921,920,70.867079,10127,1
922,921,70.878214,10138,1
923,922,70.889348,10149,1
924,923,70.900485,10160,1
925,924,70.911620,10171,1
926,925,70.922756,10182,1
927,926,70.933891,10193,1
928,927,70.945025,10204,1
929,928,70.956161,10215,1
930,929,70.967298,10226,1
931,930,70.978431,10237,1
932,931,70.989568,10248,1
933,932,71.000703,10259,1
934,933,71.011839,10270,1
935,934,71.022975,10281,1
936,935,71.034109,10292,1
937,936,71.045243,10303,1
938,937,71.056381,10314,1
939,938,71.067516,10325,1
940,939,71.078650,10336,1
941,940,71.089785,10347,1
942,941,71.100922,10358,1
943,942,71.112058,10369,1
944,943,71.123193,10380,1
945,944,71.134329,10391,1
946,945,71.145464,10402,1
947,946,71.156597,10413,1
948,947,71.167735,10424,1
949,948,71.178869,10435,1
950,949,71.190006,10446,1
951,950,71.201140,10457,1
952,951,71.212276,10468,1
953,952,71.223412,10479,1
954,953,71.234547,10490,1
955,954,71.245683,10501,1
956,955,71.256817,10512,1
957,956,71.267954,10523,1
958,957,71.279100,10534,1
959,958,71.290224,10545,1
960,959,71.301358,10556,1
961,960,71.312494,10567,1
962,961,71.323630,10578,1
963,962,71.334765,10589,1
964,963,71.345899,10600,1
965,964,71.357036,10611,1
966,965,71.368172,10622,1
967,966,71.379306,10633,1
968,967,71.390443,10644,1
969,968,71.401578,10655,1
970,969,71.412714,10666,1
971,970,71.423847,10677,1
972,971,71.434982,10688,1
973,972,71.446120,10699,1
974,973,71.457255,10710,1
975,974,71.468390,10721,1
976,975,71.479524,10732,1
977,976,71.490662,10743,1
978,977,71.501796,10754,1
979,978,71.512930,10765,1
980,979,71.524068,10776,1
981,980,71.535203,10787,1
982,981,71.546338,10798,1
983,982,71.557474,10809,1
984,983,71.568607,10820,1
985,984,71.579745,10831,1
986,985,71.590880,10842,1
987,986,71.602015,10853,1
988,987,71.613151,10864,1
989,988,71.624287,10875,1
990,989,71.635421,10886,1
991,990,71.646555,10897,1
992,991,71.657693,10908,1
993,992,71.668826,10919,1
994,993,71.679964,10930,1
995,994,71.691103,10941,1
996,995,71.702235,10952,1
997,996,71.713369,10963,1
998,997,71.724505,10974,1
999,998,71.735640,10985,1
1000,999,71.746774,10996,1
1001,1000,71.757909,11007,1
1002,1001,71.769045,11018,1
1003,1002,71.780183,11029,1
1004,1003,71.790305,11039,1
1005,1004,71.801440,11050,1
1006,1005,71.812576,11061,1
1007,1006,71.823710,11072,1
1008,1007,71.834845,11083,1
1009,1008,71.845980,11094,1
1010,1009,71.857118,11105,1
1011,1010,71.868253,11116,1
1012,1011,71.879388,11127,1
1013,1012,71.890524,11138,1
1014,1013,71.901660,11149,1
1015,1014,71.912793,11160,1
1016,1015,71.923930,11171,1
1017,1016,71.935066,11182,1
1018,1017,71.946199,11193,1
1019,1018,71.957336,11204,1
1020,1019,71.968470,11215,1
1021,1020,71.979607,11226,1
1022,1021,71.990743,11237,1
1023,1022,72.001876,11248,1
1024,1023,72.013013,11259,1
1025,1024,72.024149,11270,1
1026,1025,72.035284,11281,1
1027,1026,72.046418,11292,1
1028,1027,72.057553,11303,1
1029,1028,72.068689,11314,1
1030,1029,72.079824,11325,1
1031,1030,72.090959,11336,1
1032,1031,72.102103,11347,1
1033,1032,72.113232,11358,1
1034,1033,72.124368,11369,1
1035,1034,72.135502,11380,1
1036,1035,72.146638,11391,1
1037,1036,72.157773,11402,1
1038,1037,72.168907,11413,1
1039,1038,72.180042,11424,1
1040,1039,72.191178,11435,1
1041,1040,72.202314,11446,1
1042,1041,72.213449,11457,1
1043,1042,72.224584,11468,1
1044,1043,72.235720,11479,1
1045,1044,72.246855,11490,1
1046,1045,72.257991,11501,1
1047,1046,72.269126,11512,1
1048,1047,72.280263,11523,1
1049,1048,72.291398,11534,1
1050,1049,72.302532,11545,1
1051,1050,72.313668,11556,1
1052,1051,72.324804,11567,1
1053,1052,72.335940,11578,1
1054,1053,72.347074,11589,1
1055,1054,72.358211,11600,1
1056,1055,72.369346,11611,1
1057,1056,72.380481,11622,1
1058,1057,72.391616,11633,1
1059,1058,72.402751,11644,1
1060,1059,72.413886,11655,1
1061,1060,72.425022,11666,1
1062,1061,72.436159,11677,1
1063,1062,72.447295,11688,1
1064,1063,72.458428,11699,1
1065,1064,72.469564,11710,1
1066,1065,72.480699,11721,1
1067,1066,72.491834,11732,1
1068,1067,72.502972,11743,1
1069,1068,72.514105,11754,1
1070,1069,72.525240,11765,1
1071,1070,72.536377,11776,1
1072,1071,72.547511,11787,1
1073,1072,72.558648,11798,1
1074,1073,72.569782,11809,1
1075,1074,72.580919,11820,1
1076,1075,72.592055,11831,1
1077,1076,72.603190,11842,1
1078,1077,72.614324,11853,1
1079,1078,72.625459,11864,1
1080,1079,72.636597,11875,1
1081,1080,72.647731,11886,1
1082,1081,72.658867,11897,1
1083,1082,72.670002,11908,1
1084,1083,72.681136,11919,1
1085,1084,72.692273,11930,1
1086,1085,72.703409,11941,1
1087,1086,72.714544,11952,1
1088,1087,72.725679,11963,1
1089,1088,72.736814,11974,1
1090,1089,72.747950,11985,1
1091,1090,72.759086,11996,1
1092,1091,72.770219,12007,1
1093,1092,72.781355,12018,1
1094,1093,72.792492,12029,1
1095,1094,72.803625,12040,1
1096,1095,72.814763,12051,1
1097,1096,72.825898,12062,1
1098,1097,72.837032,12073,1
1099,1098,72.848167,12084,1
1100,1099,72.859305,12095,1
1101,1100,72.870438,12106,1
1102,1101,72.881575,12117,1
1103,1102,72.892709,12128,1
1104,1103,72.903846,12139,1
1105,1104,72.914981,12150,1
1106,1105,72.926115,12161,1
1107,1106,72.937253,12172,1
1108,1107,72.948388,12183,1
1109,1108,72.959523,12194,1
1110,1109,72.970657,12205,1
1111,1110,72.981794,12216,1
1112,1111,72.992928,12227,1
1113,1112,73.004066,12238,1
1114,1113,73.015198,12249,1
1115,1114,73.026335,12260,1
1116,1115,73.037471,12271,1
1117,1116,73.048605,12282,1
1118,1117,73.059740,12293,1
1119,1118,73.070875,12304,1
1120,1119,73.082012,12315,1
1121,1120,73.093148,12326,1
1122,1121,73.104282,12337,1
1123,1122,73.115417,12348,1
1124,1123,73.126553,12359,1
1125,1124,73.137690,12370,1
1126,1125,73.148824,12381,1
1127,1126,73.159960,12392,1
1128,1127,73.171102,12403,1
1129,1128,73.182232,12414,1
1130,1129,73.193366,12425,1
1131,1130,73.204500,12436,1
1132,1131,73.215636,12447,1
1133,1132,73.226773,12458,1
1134,1133,73.237906,12469,1
1135,1134,73.249042,12480,1
1136,1135,73.260177,12491,1
1137,1136,73.270303,12501,1
1138,1137,73.281436,12512,1
1139,1138,73.292573,12523,1
1140,1139,73.303708,12534,1
1141,1140,73.314843,12545,1
1142,1141,73.325977,12556,1
1143,1142,73.337113,12567,1
1144,1143,73.348250,12578,1
1145,1144,73.359384,12589,1
1146,1145,73.370521,12600,1
1147,1146,73.381655,12611,1
1148,1147,73.392790,12622,1
1149,1148,73.403927,12633,1
1150,1149,73.415062,12644,1
1151,1150,73.426196,12655,1
1152,1151,73.437333,12666,1
1153,1152,73.448468,12677,1
1154,1153,73.459605,12688,1
1155,1154,73.470739,12699,1
1156,1155,73.481875,12710,1
1157,1156,73.493011,12721,1
1158,1157,73.504144,12732,1
1159,1158,73.515280,12743,1
1160,1159,73.526417,12754,1
1161,1160,73.537552,12765,1
1162,1161,73.548687,12776,1
1163,1162,73.559823,12787,1
1164,1163,73.570959,12798,1
1165,1164,73.582101,12809,1
1166,1165,73.593227,12820,1
1167,1166,73.604363,12831,1
1168,1167,73.615500,12842,1
1169,1168,73.626634,12853,1
1170,1169,73.637769,12864,1
1171,1170,73.648904,12875,1
1172,1171,73.660042,12886,1
1173,1172,73.671175,12897,1
1174,1173,73.682313,12908,1
1175,1174,73.693447,12919,1
1176,1175,73.704582,12930,1
1177,1176,73.715718,12941,1
1178,1177,73.726852,12952,1
1179,1178,73.737989,12963,1
1180,1179,73.749125,12974,1
1181,1180,73.760258,12985,1
1182,1181,73.771394,12996,1
1183,1182,73.782532,13007,1
1184,1183,73.793667,13018,1
1185,1184,73.804801,13029,1
1186,1185,73.815936,13040,1
1187,1186,73.827073,13051,1
1188,1187,73.838209,13062,1
1189,1188,73.849342,13073,1
1190,1189,73.860479,13084,1
1191,1190,73.871612,13095,1
1192,1191,73.882750,13106,1
1193,1192,73.893885,13117,1
1194,1193,73.905019,13128,1
1195,1194,73.916154,13139,1
1196,1195,73.927292,13150,1
1197,1196,73.938427,13161,1
1198,1197,73.949561,13172,1
1199,1198,73.960696,13183,1
1200,1199,73.971833,13194,1
1201,1200,73.982969,13205,1
1202,1201,73.994104,13216,1
1203,1202,74.005238,13227,1
1204,1203,74.016375,13238,1
1205,1204,74.027508,13249,1
1206,1205,74.038646,13260,1
1207,1206,74.049781,13271,1
1208,1207,74.060916,13282,1
1209,1208,74.072052,13293,1
1210,1209,74.083185,13304,1
1211,1210,74.094323,13315,1
1212,1211,74.105458,13326,1
1213,1212,74.116594,13337,1
1214,1213,74.127727,13348,1
1215,1214,74.138864,13359,1
1216,1215,74.150000,13370,1
1217,1216,74.161134,13381,1
1218,1217,74.172269,13392,1
1219,1218,74.183404,13403,1
1220,1219,74.194541,13414,1
1221,1220,74.205675,13425,1
1222,1221,74.216811,13436,1
1223,1222,74.227947,13447,1
1224,1223,74.239081,13458,1
1225,1224,74.250218,13469,1
1226,1225,74.261352,13480,1
1227,1226,74.272487,13491,1
1228,1227,74.283624,13502,1
1229,1228,74.294758,13513,1
1230,1229,74.305894,13524,1
1231,1230,74.317031,13535,1
1232,1231,74.328167,13546,1
1233,1232,74.339300,13557,1
1234,1233,74.350436,13568,1
1235,1234,74.361573,13579,1
1236,1235,74.372708,13590,1
1237,1236,74.383844,13601,1
1238,1237,74.394978,13612,1
1239,1238,74.406112,13623,1
1240,1239,74.417250,13634,1
1241,1240,74.428385,13645,1
1242,1241,74.439519,13656,1
1243,1242,74.450656,13667,1
1244,1243,74.461792,13678,1
1245,1244,74.472925,13689,1
1246,1245,74.484062,13700,1
1247,1246,74.495197,13711,1
1248,1247,74.506331,13722,1
1249,1248,74.517469,13733,1
1250,1249,74.528603,13744,1
1251,1250,74.539737,13755,1
1252,1251,74.550875,13766,1
1253,1252,74.562008,13777,1
1254,1253,74.573145,13788,1
1255,1254,74.584279,13799,1
1256,1255,74.595417,13810,1
1257,1256,74.606550,13821,1
1258,1257,74.617687,13832,1
1259,1258,74.628821,13843,1
1260,1259,74.639958,13854,1
1261,1260,74.651102,13865,1
1262,1261,74.662229,13876,1
1263,1262,74.673365,13887,1
1264,1263,74.684498,13898,1
1265,1264,74.695635,13909,1
1266,1265,74.706770,13920,1
1267,1266,74.717906,13931,1
1268,1267,74.729041,13942,1
1269,1268,74.739163,13952,1
1270,1269,74.750300,13963,1
1271,1270,74.761435,13974,1
1272,1271,74.772571,13985,1
1273,1272,74.783705,13996,1
1274,1273,74.794841,14007,1
1275,1274,74.805976,14018,1
1276,1275,74.817112,14029,1
1277,1276,74.828248,14040,1
1278,1277,74.839383,14051,1
1279,1278,74.850517,14062,1
1280,1279,74.861654,14073,1
1281,1280,74.872789,14084,1
1282,1281,74.883923,14095,1
1283,1282,74.895058,14106,1
1284,1283,74.906195,14117,1
1285,1284,74.917329,14128,1
1286,1285,74.928467,14139,1
1287,1286,74.939601,14150,1
1288,1287,74.950737,14161,1
1289,1288,74.961872,14172,1
1290,1289,74.973008,14183,1
1291,1290,74.984144,14194,1
1292,1291,74.995279,14205,1
1293,1292,75.006415,14216,1
1294,1293,75.017550,14227,1
1295,1294,75.028683,14238,1
1296,1295,75.039821,14249,1
1297,1296,75.050956,14260,1
1298,1297,75.062099,14271,1
1299,1298,75.073227,14282,1
1300,1299,75.084362,14293,1
1301,1300,75.095498,14304,1
1302,1301,75.106632,14315,1
1303,1302,75.117769,14326,1
1304,1303,75.128904,14337,1
1305,1304,75.140040,14348,1
1306,1305,75.151175,14359,1
1307,1306,75.162310,14370,1
1308,1307,75.173445,14381,1
1309,1308,75.184581,14392,1
1310,1309,75.195716,14403,1
1311,1310,75.206852,14414,1
1312,1311,75.217987,14425,1
1313,1312,75.229123,14436,1
1314,1313,75.240256,14447,1
1315,1314,75.251391,14458,1
1316,1315,75.262527,14469,1
1317,1316,75.273664,14480,1
1318,1317,75.284799,14491,1
1319,1318,75.295934,14502,1
1320,1319,75.307071,14513,1
1321,1320,75.318206,14524,1
1322,1321,75.329341,14535,1
1323,1322,75.340477,14546,1
1324,1323,75.351610,14557,1
1325,1324,75.362745,14568,1
1326,1325,75.373883,14579,1
1327,1326,75.385018,14590,1
1328,1327,75.396152,14601,1
1329,1328,75.407289,14612,1
1330,1329,75.418424,14623,1
1331,1330,75.429560,14634,1
1332,1331,75.440694,14645,1
1333,1332,75.451830,14656,1
1334,1333,75.462964,14667,1
1335,1334,75.474102,14678,1
1336,1335,75.485236,14689,1
1337,1336,75.496372,14700,1
1338,1337,75.507508,14711,1
1339,1338,75.518644,14722,1
1340,1339,75.529779,14733,1
1341,1340,75.540912,14744,1
1342,1341,75.552050,14755,1
1343,1342,75.563184,14766,1
1344,1343,75.574321,14777,1
1345,1344,75.585455,14788,1
1346,1345,75.596591,14799,1
1347,1346,75.607727,14810,1
1348,1347,75.618860,14821,1
1349,1348,75.629996,14832,1
1350,1349,75.641131,14843,1
1351,1350,75.652267,14854,1
1352,1351,75.663402,14865,1
1353,1352,75.674539,14876,1
1354,1353,75.685675,14887,1
1355,1354,75.696809,14898,1
1356,1355,75.707945,14909,1
1357,1356,75.719079,14919,1
1358,1357,75.730216,14930,1
1359,1358,75.741349,14941,1
1360,1359,75.752485,14952,1
1361,1360,75.763622,14963,1
1362,1361,75.774757,14974,1
1363,1362,75.785891,14985,1
1364,1363,75.797028,14996,1
1365,1364,75.808162,15007,1
1366,1365,75.819298,15018,1
1367,1366,75.830434,15029,1
1368,1367,75.841569,15040,1
1369,1368,75.852704,15051,1
1370,1369,75.863841,15062,1
1371,1370,75.874976,15073,1
1372,1371,75.886112,15084,1
1373,1372,75.897247,15095,1
1374,1373,75.908382,15106,1
1375,1374,75.919518,15117,1
1376,1375,75.930653,15128,1
1377,1376,75.941789,15139,1
1378,1377,75.952923,15150,1
1379,1378,75.964060,15161,1
1380,1379,75.975193,15172,1
1381,1380,75.986330,15183,1
1382,1381,75.997465,15194,1
1383,1382,76.008600,15205,1
1384,1383,76.019737,15216,1
1385,1384,76.030872,15227,1
1386,1385,76.042006,15238,1
1387,1386,76.053143,15249,1
1388,1387,76.064276,15260,1
1389,1388,76.075412,15271,1
1390,1389,76.086547,15282,1
1391,1390,76.097683,15293,1
1392,1391,76.108820,15304,1
1393,1392,76.119954,15315,1
1394,1393,76.131098,15326,1
1395,1394,76.142226,15337,1
1396,1395,76.153362,15348,1
1397,1396,76.164497,15359,1
1398,1397,76.175632,15370,1
1399,1398,76.186768,15381,1
1400,1399,76.197902,15392,1
1401,1400,76.209039,15403,1
1402,1401,76.219162,15413,1
1403,1402,76.230298,15424,1
1404,1403,76.241433,15435,1
1405,1404,76.252569,15446,1
1406,1405,76.263702,15457,1
1407,1406,76.274837,15468,1
1408,1407,76.285972,15479,1
1409,1408,76.297108,15490,1
1410,1409,76.308243,15501,1
1411,1410,76.319379,15512,1
1412,1411,76.330515,15523,1
1413,1412,76.341649,15534,1
1414,1413,76.352785,15545,1
1415,1414,76.363920,15556,1
1416,1415,76.375058,15567,1
1417,1416,76.386191,15578,1
1418,1417,76.397328,15589,1
1419,1418,76.408462,15600,1
1420,1419,76.419597,15611,1
1421,1420,76.430735,15622,1
1422,1421,76.441869,15633,1
1423,1422,76.453004,15644,1
1424,1423,76.464141,15655,1
1425,1424,76.475276,15666,1
1426,1425,76.486410,15677,1
1427,1426,76.497548,15688,1
1428,1427,76.508681,15699,1
1429,1428,76.519816,15710,1
1430,1429,76.530954,15721,1
1431,1430,76.542099,15732,1
1432,1431,76.553225,15743,1
1433,1432,76.564358,15754,1
1434,1433,76.575493,15765,1
1435,1434,76.586631,15776,1
1436,1435,76.597764,15787,1
1437,1436,76.608899,15798,1
1438,1437,76.620036,15809,1
1439,1438,76.631170,15820,1
1440,1439,76.642308,15831,1
1441,1440,76.653443,15842,1
1442,1441,76.664579,15853,1
1443,1442,76.675713,15864,1
1444,1443,76.686847,15875,1
1445,1444,76.697985,15886,1
1446,1445,76.709118,15897,1
1447,1446,76.720255,15908,1
1448,1447,76.731391,15919,1
1449,1448,76.742527,15930,1
1450,1449,76.753660,15941,1
1451,1450,76.764795,15952,1
1452,1451,76.775933,15963,1
1453,1452,76.787068,15974,1
1454,1453,76.798201,15985,1
1455,1454,76.809337,15996,1
1456,1455,76.820475,16007,1
1457,1456,76.831608,16018,1
1458,1457,76.842743,16029,1
1459,1458,76.853880,16040,1
1460,1459,76.865015,16051,1
1461,1460,76.876151,16062,1
1462,1461,76.887287,16073,1
1463,1462,76.898422,16084,1
1464,1463,76.909558,16095,1
1465,1464,76.920693,16106,1
1466,1465,76.931828,16117,1
1467,1466,76.942963,16128,1
1468,1467,76.954104,16139,1
1469,1468,76.965235,16150,1
1470,1469,76.976370,16161,1
1471,1470,76.987505,16172,1
1472,1471,76.998641,16183,1
1473,1472,77.009776,16194,1
1474,1473,77.020911,16205,1
1475,1474,77.032048,16216,1
1476,1475,77.043181,16227,1
1477,1476,77.054318,16238,1
1478,1477,77.065452,16249,1
1479,1478,77.076588,16260,1
1480,1479,77.087724,16271,1
1481,1480,77.098859,16282,1
1482,1481,77.109994,16293,1
1483,1482,77.121128,16304,1
1484,1483,77.132264,16315,1
1485,1484,77.143399,16326,1
1486,1485,77.154535,16337,1
1487,1486,77.165672,16348,1
1488,1487,77.176807,16359,1
1489,1488,77.187943,16370,1
1490,1489,77.199076,16381,1
1491,1490,77.210212,16392,1
1492,1491,77.221347,16403,1
1493,1492,77.232483,16414,1
1494,1493,77.243619,16425,1
1495,1494,77.254755,16436,1
1496,1495,77.265891,16447,1
1497,1496,77.277027,16458,1
1498,1497,77.288162,16469,1
1499,1498,77.299297,16480,1
1500,1499,77.310432,16491,1
1501,1500,77.321566,16502,1
1502,1501,77.332703,16513,1
1503,1502,77.343837,16524,1
1504,1503,77.354974,16535,1
1505,1504,77.366109,16546,1
1506,1505,77.377243,16557,1
1507,1506,77.388381,16568,1
1508,1507,77.399515,16579,1
1509,1508,77.410650,16590,1
1510,1509,77.421787,16601,1
1511,1510,77.432920,16612,1
1512,1511,77.444056,16623,1
1513,1512,77.455193,16634,1
1514,1513,77.466328,16645,1
1515,1514,77.477464,16656,1
1516,1515,77.488597,16667,1
1517,1516,77.499734,16678,1
1518,1517,77.510868,16689,1
1519,1518,77.522003,16700,1
1520,1519,77.533140,16711,1
1521,1520,77.544275,16722,1
1522,1521,77.555412,16733,1
1523,1522,77.566547,16744,1
1524,1523,77.577683,16755,1
1525,1524,77.588818,16766,1
1526,1525,77.599953,16777,1
1527,1526,77.611087,16788,1
1528,1527,77.622224,16799,1
1529,1528,77.633358,16810,1
1530,1529,77.644495,16821,1
1531,1530,77.655628,16832,1
1532,1531,77.666766,16843,1
1533,1532,77.677899,16854,1
1534,1533,77.689036,16865,1
1535,1534,77.699160,16875,1
1536,1535,77.710295,16886,1
1537,1536,77.721428,16897,1
1538,1537,77.732564,16908,1
1539,1538,77.743701,16919,1
1540,1539,77.754835,16930,1
1541,1540,77.765973,16941,1
1542,1541,77.777106,16952,1
1543,1542,77.788243,16963,1
1544,1543,77.799378,16974,1
1545,1544,77.810513,16985,1
1546,1545,77.821648,16996,1
1547,1546,77.832784,17007,1
1548,1547,77.843920,17018,1
1549,1548,77.855055,17029,1
1550,1549,77.866189,17040,1
1551,1550,77.877325,17051,1
1552,1551,77.888462,17062,1
1553,1552,77.899598,17073,1
1554,1553,77.910733,17084,1
1555,1554,77.921866,17095,1
1556,1555,77.933002,17106,1
1557,1556,77.944137,17117,1
1558,1557,77.955274,17128,1
1559,1558,77.966410,17139,1
1560,1559,77.977545,17150,1
1561,1560,77.988681,17161,1
1562,1561,77.999814,17172,1
1563,1562,78.010951,17183,1
1564,1563,78.022085,17194,1
1565,1564,78.033222,17205,1
1566,1565,78.044358,17216,1
1567,1566,78.055493,17227,1
1568,1567,78.066626,17238,1
1569,1568,78.077763,17249,1
1570,1569,78.088900,17260,1
1571,1570,78.100034,17271,1
1572,1571,78.111169,17282,1
1573,1572,78.122305,17293,1
1574,1573,78.133439,17304,1
1575,1574,78.144576,17315,1
1576,1575,78.155711,17326,1
1577,-1,78.166847,17337,1
1578,1576,78.177980,17348,1
1579,1577,78.189118,17359,1
1580,1578,78.200254,17370,1
1581,1579,78.211388,17381,1
1582,1580,78.222524,17392,1
1583,1581,78.233658,17403,1
1584,1582,78.244795,17414,1
1585,1583,78.255929,17425,1
1586,1584,78.267067,17436,1
1587,1585,78.278200,17447,1
1588,1586,78.289336,17458,1
1589,1587,78.300472,17469,1
1590,1588,78.311606,17480,1
1591,1589,78.322741,17491,1
1592,1590,78.333877,17502,1
1593,1591,78.345012,17513,1
1594,1592,78.356149,17524,1
1595,1593,78.367283,17535,1
1596,1594,78.378420,17546,1
1597,1595,78.389554,17557,1
1598,1596,78.400689,17568,1
1599,1597,78.411825,17579,1
1600,1598,78.422962,17590,1
1601,1599,78.434103,17601,1
1602,1600,78.445232,17612,1
1603,1601,78.456368,17623,1
1604,1602,78.467503,17634,1
1605,1603,78.478639,17645,1
1606,1604,78.489775,17656,1
1607,1605,78.500908,17667,1
1608,1606,78.512045,17678,1
1609,1607,78.523179,17689,1
1610,1608,78.534314,17700,1
1611,1609,78.545451,17711,1
1612,1610,78.556585,17722,1
1613,1611,78.567722,17733,1
1614,1612,78.578857,17744,1
1615,1613,78.589993,17755,1
1616,1614,78.601128,17766,1
1617,1615,78.612263,17777,1
1618,1616,78.623397,17788,1
1619,1617,78.634535,17799,1
1620,1618,78.645669,17810,1
1621,1619,78.656804,17821,1
1622,1620,78.667941,17832,1
1623,1621,78.679077,17843,1
1624,1622,78.690210,17854,1
1625,1623,78.701347,17865,1
1626,1624,78.712482,17876,1
1627,1625,78.723616,17887,1
1628,1626,78.734753,17898,1
1629,1627,78.745889,17909,1
1630,1628,78.757024,17920,1
1631,1629,78.768159,17931,1
1632,1630,78.779295,17942,1
1633,1631,78.790430,17953,1
1634,1632,78.801564,17964,1
1635,1633,78.812701,17975,1
1636,1634,78.823835,17986,1
1637,1635,78.834972,17997,1
1638,1636,78.846106,18008,1
1639,1637,78.857243,18019,1
1640,1638,78.868376,18030,1
1641,1639,78.879512,18041,1
1642,1640,78.890649,18052,1
1643,1641,78.901782,18063,1
1644,1642,78.912920,18074,1
1645,1643,78.924054,18085,1
1646,1644,78.935191,18096,1
1647,1645,78.946327,18107,1
1648,1646,78.957462,18118,1
1649,1647,78.968597,18129,1
1650,1648,78.979732,18140,1
1651,1649,78.990866,18151,1
1652,1650,79.002003,18162,1
1653,1651,79.013139,18173,1
1654,1652,79.024274,18184,1
1655,1653,79.035408,18195,1
1656,1654,79.046543,18206,1
1657,1655,79.057680,18217,1
1658,1656,79.068814,18228,1
1659,1657,79.079951,18239,1
1660,1658,79.091098,18250,1
1661,1659,79.102222,18261,1
1662,1660,79.113358,18272,1
1663,1661,79.124491,18283,1
1664,1662,79.135626,18294,1
1665,1663,79.146764,18305,1
1666,1664,79.157900,18316,1
1667,1665,79.169033,18327,1
1668,1666,79.179157,18337,1
1669,1667,79.190293,18348,1
1670,1668,79.201427,18359,1
1671,1669,79.212565,18370,1
1672,1670,79.223697,18381,1
1673,1671,79.234835,18392,1
1674,1672,79.245970,18403,1
1675,1673,79.257105,18414,1
1676,1674,79.268241,18425,1
1677,1675,79.279375,18436,1
1678,1676,79.290511,18447,1
1679,1677,79.301646,18458,1
1680,1678,79.312783,18469,1
1681,1679,79.323918,18480,1
1682,1680,79.335052,18491,1
1683,1681,79.346188,18502,1
1684,1682,79.357324,18513,1
1685,1683,79.368459,18524,1
1686,1684,79.379593,18535,1
1687,1685,79.390731,18546,1
1688,1686,79.401866,18557,1
1689,1687,79.413001,18568,1
1690,1688,79.424136,18579,1
1691,1689,79.435270,18590,1
1692,1690,79.446406,18601,1
1693,1691,79.457543,18612,1
1694,1692,79.468677,18623,1
1695,1693,79.479814,18634,1
1696,1694,79.490950,18645,1
1697,1695,79.502083,18656,1
1698,1696,79.513218,18667,1
1699,1697,79.524356,18678,1
1700,1698,79.535491,18689,1
1701,1699,79.546627,18700,1
1702,1700,79.557760,18711,1
1703,1701,79.568897,18722,1
1704,1702,79.580031,18733,1
1705,1703,79.591169,18744,1
1706,1704,79.602302,18755,1
1707,1705,79.613437,18766,1
1708,1706,79.624574,18777,1
1709,1707,79.635708,18788,1
1710,1708,79.646845,18799,1
1711,1709,79.657981,18810,1
1712,1710,79.669116,18821,1
1713,1711,79.680252,18832,1
1714,1712,79.691385,18843,1
1715,1713,79.702523,18854,1
1716,1714,79.713657,18865,1
1717,1715,79.724793,18876,1
1718,1716,79.735928,18887,1
1719,1717,79.747065,18898,1
1720,1718,79.758199,18909,1
1721,1719,79.769333,18920,1
1722,1720,79.780469,18931,1
1723,1721,79.791605,18942,1
1724,1722,79.802740,18953,1
1725,1723,79.813877,18964,1
1726,1724,79.825011,18975,1
1727,1725,79.836147,18986,1
1728,1726,79.847283,18997,1
1729,1727,79.858418,19008,1
1730,1728,79.869552,19019,1
1731,1729,79.880687,19030,1
1732,1730,79.891823,19041,1
1733,1731,79.902958,19052,1
1734,1732,79.914102,19063,1
1735,1733,79.925229,19074,1
1736,1734,79.936366,19085,1
1737,1735,79.947501,19096,1
1738,1736,79.958636,19107,1
1739,1737,79.969773,19118,1
1740,1738,79.980907,19129,1
1741,1739,79.992041,19140,1
1742,1740,80.003179,19151,1
1743,1741,80.014312,19162,1
1744,1742,80.025449,19173,1
1745,1743,80.036584,19184,1
1746,1744,80.047720,19195,1
1747,1745,80.058856,19206,1
1748,1746,80.069991,19217,1
1749,1747,80.081125,19228,1
1750,1748,80.092262,19239,1
1751,1749,80.103398,19250,1
1752,1750,80.114532,19261,1
1753,1751,80.125668,19272,1
1754,1752,80.136803,19283,1
1755,1753,80.147938,19294,1
1756,1754,80.159075,19305,1
1757,1755,80.170209,19316,1
1758,1756,80.181343,19327,1
1759,1757,80.192479,19338,1
1760,1758,80.203616,19349,1
1761,1759,80.214751,19360,1
1762,1760,80.225885,19371,1
1763,1761,80.237020,19382,1
1764,1762,80.248157,19393,1
1765,1763,80.259291,19404,1
1766,1764,80.270429,19415,1
1767,1765,80.281562,19426,1
1768,1766,80.292697,19437,1
1769,1767,80.303834,19448,1
1770,1768,80.314971,19459,1
1771,1769,80.326105,19470,1
1772,1770,80.337241,19481,1
1773,1771,80.348376,19492,1
1774,1772,80.359510,19503,1
1775,1773,80.370647,19514,1
1776,1774,80.381783,19525,1
1777,1775,80.392918,19536,1
1778,1776,80.404054,19547,1
1779,1777,80.415189,19558,1
1780,1778,80.426323,19569,1
1781,1779,80.437458,19580,1
1782,1780,80.448596,19591,1
1783,1781,80.459731,19602,1
1784,1782,80.470866,19613,1
1785,1783,80.481999,19624,1
1786,1784,80.493137,19635,1
1787,1785,80.504270,19646,1
1788,1786,80.515406,19657,1
1789,1787,80.526544,19668,1
1790,1788,80.537677,19679,1
1791,1789,80.548814,19690,1
1792,1790,80.559950,19701,1
1793,1791,80.571085,19712,1
1794,1792,80.582220,19723,1
1795,1793,80.593356,19734,1
1796,1794,80.604492,19745,1
1797,1795,80.615625,19756,1
1798,1796,80.626760,19767,1
1799,1797,80.637898,19778,1
1800,1798,80.648019,19788,1
1801,1799,80.659154,19799,1
1802,1800,80.670291,19810,1
1803,1801,80.681426,19821,1
1804,1802,80.692560,19832,1
1805,1803,80.703696,19843,1
1806,1804,80.714833,19854,1
1807,1805,80.725969,19865,1
1808,1806,80.737104,19876,1
1809,1807,80.748239,19887,1
1810,1808,80.759373,19898,1
1811,1809,80.770509,19909,1
1812,1810,80.781646,19920,1
1813,1811,80.792780,19931,1
1814,1812,80.803916,19942,1
1815,1813,80.815052,19953,1
1816,1814,80.826185,19964,1
1817,1815,80.837321,19975,1
1818,1816,80.848458,19986,1
1819,1817,80.859592,19997,1
1820,1818,80.870729,20008,1
1821,1819,80.881862,20019,1
1822,1820,80.892998,20030,1
1823,1821,80.904135,20041,1
1824,1822,80.915270,20052,1
1825,1823,80.926404,20063,1
1826,1824,80.937541,20074,1
1827,1825,80.948676,20085,1
1828,1826,80.959811,20096,1
1829,1827,80.970948,20107,1
1830,1828,80.982082,20118,1
1831,1829,80.993217,20129,1
1832,1830,81.004353,20140,1
1833,1831,81.015487,20151,1
1834,1832,81.026625,20162,1
1835,1833,81.037760,20173,1
1836,1834,81.048895,20184,1
1837,1835,81.060030,20195,1
1838,1836,81.071167,20206,1
1839,1837,81.082300,20217,1
1840,1838,81.093438,20228,1
1841,1839,81.104571,20239,1
1842,1840,81.115707,20250,1
1843,1841,81.126843,20261,1
1844,1842,81.137977,20272,1
1845,1843,81.149113,20283,1
1846,1844,81.160250,20294,1
1847,1845,81.171383,20305,1
1848,1846,81.182519,20316,1
1849,1847,81.193657,20327,1
1850,1848,81.204792,20338,1
1851,1849,81.215927,20349,1
1852,1850,81.227062,20360,1
1853,1851,81.238197,20371,1
1854,1852,81.249333,20382,1
1855,1853,81.260468,20393,1
1856,1854,81.271603,20404,1
1857,1855,81.282739,20415,1
1858,1856,81.293875,20426,1
1859,1857,81.305010,20437,1
1860,1858,81.316146,20448,1
1861,1859,81.327281,20459,1
1862,1860,81.338415,20470,1
1863,1861,81.349552,20481,1
1864,1862,81.360688,20492,1
1865,1863,81.371822,20503,1
1866,1864,81.382958,20514,1
1867,1865,81.394100,20525,1
1868,1866,81.405228,20536,1
1869,1867,81.416365,20547,1
1870,1868,81.427499,20558,1
1871,1869,81.438633,20569,1
1872,1870,81.449768,20580,1
1873,1871,81.460904,20591,1
1874,1872,81.472039,20602,1
1875,1873,81.483176,20613,1
1876,1874,81.494312,20624,1
1877,1875,81.505446,20635,1
1878,1876,81.516581,20646,1
1879,1877,81.527716,20657,1
1880,1878,81.538854,20668,1
1881,1879,81.549989,20679,1
1882,1880,81.561125,20690,1
1883,1881,81.572260,20701,1
1884,1882,81.583396,20712,1
1885,1883,81.594529,20723,1
1886,1884,81.605666,20734,1
1887,1885,81.616801,20745,1
1888,1886,81.627935,20756,1
1889,1887,81.639073,20767,1
1890,1888,81.650208,20778,1
1891,1889,81.661342,20789,1
1892,1890,81.672479,20800,1
1893,1891,81.683612,20811,1
1894,1892,81.694749,20822,1
1895,1893,81.705883,20833,1
1896,1894,81.717021,20844,1
1897,1895,81.728156,20855,1
1898,1896,81.739291,20866,1
1899,1897,81.750427,20877,1
1900,1898,81.761560,20888,1
1901,1899,81.772696,20899,1
1902,1900,81.783831,20910,1
1903,1901,81.794967,20921,1
1904,1902,81.806105,20932,1
1905,1903,81.817240,20943,1
1906,1904,81.828373,20954,1
1907,1905,81.839511,20965,1
1908,1906,81.850646,20976,1
1909,1907,81.861779,20987,1
1910,1908,81.872915,20998,1
1911,1909,81.884052,21009,1
1912,1910,81.895186,21020,1
1913,1911,81.906323,21031,1
1914,1912,81.917456,21042,1
1915,1913,81.928594,21053,1
1916,1914,81.939729,21064,1
1917,1915,81.950862,21075,1
1918,1916,81.962000,21086,1
1919,1917,81.973136,21097,1
1920,1918,81.984271,21108,1
1921,1919,81.995404,21119,1
1922,1920,82.006540,21130,1
1923,1921,82.017675,21141,1
1924,1922,82.028811,21152,1
1925,1923,82.039947,21163,1
1926,1924,82.051083,21174,1
1927,1925,82.062218,21185,1
1928,1926,82.073354,21196,1
1929,1927,82.084488,21207,1
1930,1928,82.095624,21218,1
1931,1929,82.106760,21229,1
1932,1930,82.117896,21240,1
1933,1931,82.128019,21250,1
1934,1932,82.139155,21261,1
1935,1933,82.150289,21272,1
1936,1934,82.161425,21283,1
1937,1935,82.172558,21294,1
1938,1936,82.183694,21305,1
1939,1937,82.194832,21316,1
1940,1938,82.205965,21327,1
1941,1939,82.217109,21338,1
1942,1940,82.228237,21349,1
1943,1941,82.239373,21360,1
1944,1942,82.250508,21371,1
1945,1943,82.261643,21382,1
1946,1944,82.272778,21393,1
1947,1945,82.283915,21404,1
1948,1946,82.295050,21415,1
1949,1947,82.306184,21426,1
1950,1948,82.317321,21437,1
1951,1949,82.328457,21448,1
1952,1950,82.339591,21459,1
1953,1951,82.350727,21470,1
1954,1952,82.361863,21481,1
1955,1953,82.372998,21492,1
1956,1954,82.384134,21503,1
1957,1955,82.395268,21514,1
1958,1956,82.406404,21525,1
1959,1957,82.417540,21536,1
1960,1958,82.428675,21547,1
1961,1959,82.439808,21558,1
1962,1960,82.450945,21569,1
1963,1961,82.462080,21580,1
1964,1962,82.473216,21591,1
1965,1963,82.484353,21602,1
1966,1964,82.495486,21613,1
1967,1965,82.506622,21624,1
1968,1966,82.517757,21635,1
1969,1967,82.528892,21646,1
1970,1968,82.540030,21657,1
1971,1969,82.551164,21668,1
1972,1970,82.562298,21679,1
1973,1971,82.573435,21690,1
1974,1972,82.584569,21701,1
1975,1973,82.595705,21712,1
1976,1974,82.606840,21723,1
1977,1975,82.617975,21734,1
1978,1976,82.629112,21745,1
1979,1977,82.640248,21756,1
1980,1978,82.651383,21767,1
1981,1979,82.662519,21778,1
1982,1980,82.673653,21789,1
1983,1981,82.684789,21800,1
1984,1982,82.695925,21811,1
1985,1983,82.707062,21822,1
1986,1984,82.718194,21833,1
1987,1985,82.729332,21844,1
1988,1986,82.740466,21855,1
1989,1987,82.751601,21866,1
1990,1988,82.762737,21877,1
1991,1989,82.773873,21888,1
1992,1990,82.785007,21899,1
1993,1991,82.796144,21910,1
1994,1992,82.807279,21921,1
1995,1993,82.818415,21932,1
1996,1994,82.829548,21943,1
1997,1995,82.840685,21954,1
1998,1996,82.851819,21965,1
1999,1997,82.862954,21976,1
2000,1998,82.874101,21987,1
2001,1999,82.885225,21998,1
2002,2000,82.896363,22009,1
2003,2001,82.907496,22020,1
2004,2002,82.918632,22031,1
2005,2003,82.929767,22042,1
2006,2004,82.940904,22053,1
2007,2005,82.952039,22064,1
2008,2006,82.963175,22075,1
2009,2007,82.974311,22086,1
2010,2008,82.985446,22097,1
2011,2009,82.996580,22108,1
2012,2010,83.007715,22119,1
2013,2011,83.018852,22130,1
2014,2012,83.029988,22141,1
2015,2013,83.041121,22152,1
2016,2014,83.052258,22163,1
2017,2015,83.063392,22174,1
2018,2016,83.074529,22185,1
2019,2017,83.085663,22196,1
2020,2018,83.096798,22207,1
2021,2019,83.107936,22218,1
2022,2020,83.119069,22229,1
2023,2021,83.130205,22240,1
2024,2022,83.141341,22251,1
2025,2023,83.152475,22262,1
2026,2024,83.163612,22273,1
2027,2025,83.174747,22284,1
2028,2026,83.185883,22295,1
2029,2027,83.197017,22306,1
2030,2028,83.208154,22317,1
2031,2029,83.219288,22328,1
2032,2030,83.230425,22339,1
2033,2031,83.241561,22350,1
2034,2032,83.252696,22361,1
2035,2033,83.263830,22372,1
2036,2034,83.274966,22383,1
2037,2035,83.286109,22394,1
2038,2036,83.297237,22405,1
2039,2037,83.308371,22416,1
2040,2038,83.319507,22427,1
2041,2039,83.330643,22438,1
2042,2040,83.341779,22449,1
2043,2041,83.352913,22460,1
2044,2042,83.364051,22471,1
2045,2043,83.375184,22482,1
2046,2044,83.386319,22493,1
2047,2045,83.397455,22504,1
2048,2046,83.408592,22515,1
2049,2047,83.419727,22526,1
2050,2048,83.430863,22537,1
2051,2049,83.441998,22548,1
2052,2050,83.453133,22559,1
2053,2051,83.464270,22570,1
2054,2052,83.475405,22581,1
2055,2053,83.486540,22592,1
2056,2054,83.497675,22603,1
2057,2055,83.508809,22614,1
2058,2056,83.519944,22625,1
2059,2057,83.531082,22636,1
2060,2058,83.542216,22647,1
2061,2059,83.553352,22658,1
2062,2060,83.564487,22669,1
2063,2061,83.575623,22680,1
2064,2062,83.586759,22691,1
2065,2063,83.596880,22701,1
2066,2064,83.608016,22712,1
2067,2065,83.619151,22723,1
2068,2066,83.630288,22734,1
2069,2067,83.641424,22745,1
2070,2068,83.652557,22756,1
2071,2069,83.663693,22767,1
2072,2070,83.674830,22778,1
2073,2071,83.685966,22789,1
2074,2072,83.697103,22800,1
2075,2073,83.708235,22811,1
2076,2074,83.719371,22822,1
2077,2075,83.730506,22833,1
2078,2076,83.741641,22844,1
2079,2077,83.752776,22855,1
2080,2078,83.763914,22866,1
2081,2079,83.775047,22877,1
2082,2080,83.786182,22888,1
2083,2081,83.797318,22899,1
2084,2082,83.808454,22910,1
2085,2083,83.819590,22921,1
2086,2084,83.830724,22932,1
2087,2085,83.841860,22943,1
2088,2086,83.852995,22954,1
2089,2087,83.864130,22965,1
2090,2088,83.875268,22976,1
2091,2089,83.886402,22987,1
2092,2090,83.897536,22998,1
2093,2091,83.908671,23009,1
2094,2092,83.919809,23020,1
2095,2093,83.930943,23031,1
2096,2094,83.942079,23042,1
2097,2095,83.953216,23053,1
2098,2096,83.964349,23064,1
2099,2097,83.975486,23075,1
2100,2098,83.986622,23086,1
2101,2099,83.997756,23097,1
2102,2100,84.008893,23108,1
2103,2101,84.020028,23119,1
2104,2102,84.031163,23130,1
2105,2103,84.042299,23141,1
2106,2104,84.053434,23152,1
2107,2105,84.064570,23163,1
2108,2106,84.075705,23174,1
2109,2107,84.086839,23185,1
2110,2108,84.097974,23196,1
2111,2109,84.109111,23207,1
2112,2110,84.120246,23218,1
2113,2111,84.131382,23229,1
2114,2112,84.142516,23240,1
2115,2113,84.153651,23251,1
2116,2114,84.164787,23262,1
2117,2115,84.175923,23273,1
2118,2116,84.187060,23284,1
2119,2117,84.198194,23295,1
2120,2118,84.209330,23306,1
2121,2119,84.220466,23317,1
2122,2120,84.231600,23328,1
2123,2121,84.242734,23339,1
2124,2122,84.253870,23350,1
2125,2123,84.265005,23361,1
2126,2124,84.276140,23372,1
2127,2125,84.287278,23383,1
2128,2126,84.298412,23394,1
2129,2127,84.309548,23405,1
2130,2128,84.320683,23416,1
2131,2129,84.331820,23427,1
2132,2130,84.342954,23438,1
2133,2131,84.354098,23449,1
2134,2132,84.365226,23460,1
2135,2133,84.376360,23471,1
2136,2134,84.387497,23482,1
2137,2135,84.398631,23493,1
2138,2136,84.409767,23504,1
2139,2137,84.420902,23515,1
2140,2138,84.432038,23526,1
2141,2139,84.443172,23537,1
2142,2140,84.454309,23548,1
2143,2141,84.465443,23559,1
2144,2142,84.476580,23570,1
2145,2143,84.487716,23581,1
2146,2144,84.498851,23592,1
2147,2145,84.509984,23603,1
2148,2146,84.521120,23614,1
2149,2147,84.532257,23625,1
2150,2148,84.543393,23636,1
2151,2149,84.554528,23647,1
2152,2150,84.565661,23658,1
2153,2151,84.576797,23669,1
2154,2152,84.587933,23680,1
2155,2153,84.599070,23691,1
2156,2154,84.610205,23702,1
2157,2155,84.621341,23713,1
2158,2156,84.632476,23724,1
2159,2157,84.643609,23735,1
2160,2158,84.654746,23746,1
2161,2159,84.665883,23757,1
2162,2160,84.677018,23768,1
2163,2161,84.688151,23779,1
2164,2162,84.699289,23790,1
2165,2163,84.710424,23801,1
2166,2164,84.721559,23812,1
2167,2165,84.732695,23823,1
2168,2166,84.743830,23834,1
2169,2167,84.754966,23845,1
2170,2168,84.766103,23856,1
2171,2169,84.777235,23867,1
2172,2170,84.788372,23878,1
2173,2171,84.799507,23889,1
2174,2172,84.810641,23900,1
2175,2173,84.821779,23911,1
2176,2174,84.832912,23922,1
2177,2175,84.844048,23933,1
2178,2176,84.855182,23944,1
2179,2177,84.866320,23955,1
2180,2178,84.877453,23966,1
2181,2179,84.888591,23977,1
2182,2180,84.899724,23988,1
2183,2181,84.910861,23999,1
2184,2182,84.921995,24010,1
2185,2183,84.933133,24021,1
2186,2184,84.944266,24032,1
2187,2185,84.955401,24043,1
2188,2186,84.966537,24054,1
2189,2187,84.977672,24065,1
2190,2188,84.988809,24076,1
2191,2189,84.999944,24087,1
2192,2190,85.011080,24098,1
2193,2191,85.022214,24109,1
2194,2192,85.033349,24120,1
2195,2193,85.044484,24131,1
2196,2194,85.055621,24142,1
2197,2195,85.066757,24153,1
2198,2196,85.076881,24163,1
2199,2197,85.088016,24174,1
2200,2198,85.099149,24185,1
2201,2199,85.110287,24196,1
2202,2200,85.121422,24207,1
2203,2201,85.132556,24218,1
2204,2202,85.143692,24229,1
2205,2203,85.154828,24240,1
2206,2204,85.165962,24251,1
2207,2205,85.177103,24262,1
2208,2206,85.188235,24273,1
2209,2207,85.199368,24284,1
2210,2208,85.210506,24295,1
2211,2209,85.221641,24306,1
2212,2210,85.232774,24317,1
2213,2211,85.243910,24328,1
2214,2212,85.255047,24339,1
2215,2213,85.266182,24350,1
2216,2214,85.277316,24361,1
2217,2215,85.288451,24372,1
2218,2216,85.299587,24383,1
2219,2217,85.310724,24394,1
2220,2218,85.321859,24405,1
2221,2219,85.332995,24416,1
2222,2220,85.344131,24427,1
2223,2221,85.355266,24438,1
2224,2222,85.366399,24449,1
2225,2223,85.377536,24460,1
2226,2224,85.388672,24471,1
2227,2225,85.399806,24482,1
2228,2226,85.410943,24493,1
2229,2227,85.422076,24504,1
2230,2228,85.433212,24515,1
2231,2229,85.444347,24526,1
2232,2230,85.455483,24537,1
2233,2231,85.466620,24548,1
2234,2232,85.477756,24559,1
2235,2233,85.488891,24570,1
2236,2234,85.500025,24581,1
2237,2235,85.511161,24592,1
2238,2236,85.522297,24603,1
2239,2237,85.533432,24614,1
2240,2238,85.544568,24625,1
2241,2239,85.555703,24636,1
2242,2240,85.566837,24647,1
2243,2241,85.577974,24658,1
2244,2242,85.589109,24669,1
2245,2243,85.600245,24680,1
2246,2244,85.611381,24691,1
2247,2245,85.622516,24702,1
2248,2246,85.633650,24713,1
2249,2247,85.644787,24724,1
2250,2248,85.655923,24735,1
2251,2249,85.667056,24746,1
2252,2250,85.678193,24757,1
2253,2251,85.689329,24768,1
2254,2252,85.700462,24779,1
2255,2253,85.711599,24790,1
2256,2254,85.722734,24800,1
2257,2255,85.733870,24811,1
2258,2256,85.745004,24822,1
2259,2257,85.756140,24833,1
2260,2258,85.767276,24844,1
2261,2259,85.778410,24855,1
2262,2260,85.789546,24866,1
2263,2261,85.800683,24877,1
2264,2262,85.811817,24888,1
2265,2263,85.822954,24899,1
2266,2264,85.834100,24910,1
2267,2265,85.845225,24921,1
2268,2266,85.856358,24932,1
2269,2267,85.867495,24943,1
2270,2268,85.878629,24954,1
2271,2269,85.889767,24965,1
2272,2270,85.900901,24976,1
2273,2271,85.912037,24987,1
2274,2272,85.923172,24998,1
2275,2273,85.934308,25009,1
2276,2274,85.945442,25020,1
2277,2275,85.956579,25031,1
2278,2276,85.967714,25042,1
2279,2277,85.978850,25053,1
2280,2278,85.989985,25064,1
2281,2279,86.001118,25075,1
2282,2280,86.012255,25086,1
2283,2281,86.023391,25097,1
2284,2282,86.034527,25108,1
2285,2283,86.045662,25119,1
2286,2284,86.056799,25130,1
2287,2285,86.067932,25141,1
2288,2286,86.079069,25152,1
2289,2287,86.090202,25163,1
2290,2288,86.101340,25174,1
2291,2289,86.112474,25185,1
2292,2290,86.123610,25196,1
2293,2291,86.134744,25207,1
2294,2292,86.145881,25218,1
2295,2293,86.157014,25229,1
2296,2294,86.168151,25240,1
2297,2295,86.179285,25251,1
2298,2296,86.190423,25262,1
2299,2297,86.201556,25273,1
2300,2298,86.212691,25284,1
2301,2299,86.223828,25295,1
2302,2300,86.234963,25306,1
2303,2301,86.246104,25317,1
2304,2302,86.257233,25328,1
2305,2303,86.268370,25339,1
2306,2304,86.279505,25350,1
2307,2305,86.290642,25361,1
2308,2306,86.301777,25372,1
2309,2307,86.312912,25383,1
2310,2308,86.324046,25394,1
2311,2309,86.335183,25405,1
2312,2310,86.346319,25416,1
2313,2311,86.357452,25427,1
2314,2312,86.368589,25438,1
2315,2313,86.379723,25449,1
2316,2314,86.390861,25460,1
2317,2315,86.401995,25471,1
2318,2316,86.413131,25482,1
2319,2317,86.424264,25493,1
2320,2318,86.435401,25504,1
2321,2319,86.446535,25515,1
2322,2320,86.457673,25526,1
2323,2321,86.468806,25537,1
2324,2322,86.479943,25548,1
2325,2323,86.491079,25559,1
2326,2324,86.502212,25570,1
2327,2325,86.513349,25581,1
2328,2326,86.524483,25592,1
2329,2327,86.535621,25603,1
2330,2328,86.546755,25614,1
2331,2329,86.556877,25624,1
2332,2330,86.568014,25635,1
2333,2331,86.579148,25646,1
2334,2332,86.590285,25657,1
2335,2333,86.601420,25668,1
2336,2334,86.612556,25679,1
2337,2335,86.623690,25690,1
2338,2336,86.634827,25701,1
2339,2337,86.645963,25712,1
2340,2338,86.657104,25723,1
2341,2339,86.668232,25734,1
2342,2340,86.679369,25745,1
2343,2341,86.690504,25756,1
2344,2342,86.701640,25767,1
2345,2343,86.712776,25778,1
2346,2344,86.723910,25789,1
2347,2345,86.735045,25800,1
2348,2346,86.746181,25811,1
2349,2347,86.757317,25822,1
2350,2348,86.768453,25833,1
2351,2349,86.779587,25844,1
2352,2350,86.790722,25855,1
2353,2351,86.801856,25866,1
2354,2352,86.812992,25877,1
2355,2353,86.824128,25888,1
2356,2354,86.835265,25899,1
2357,2355,86.846400,25910,1
2358,2356,86.857534,25921,1
2359,2357,86.868670,25932,1
2360,2358,86.879804,25943,1
2361,2359,86.890940,25954,1
2362,2360,86.902077,25965,1
2363,2361,86.913211,25976,1
2364,2362,86.924348,25987,1
2365,2363,86.935483,25998,1
2366,2364,86.946617,26009,1
2367,2365,86.957754,26020,1
2368,2366,86.968889,26031,1
2369,2367,86.980024,26042,1
2370,2368,86.991160,26053,1
2371,2369,87.002294,26064,1
2372,2370,87.013430,26075,1
2373,2371,87.024565,26086,1
2374,2372,87.035701,26097,1
2375,2373,87.046837,26108,1
2376,2374,87.057973,26119,1
2377,2375,87.069108,26130,1
2378,2376,87.080244,26141,1
2379,2377,87.091380,26152,1
2380,2378,87.102513,26163,1
2381,2379,87.113650,26174,1
2382,2380,87.124784,26185,1
2383,2381,87.135919,26196,1
2384,2382,87.147055,26207,1
2385,2383,87.158190,26218,1
2386,2384,87.169327,26229,1
2387,2385,87.180461,26240,1
2388,2386,87.191598,26251,1
2389,2387,87.202734,26262,1
2390,2388,87.213868,26273,1
2391,2389,87.225005,26284,1
2392,2390,87.236140,26295,1
2393,2391,87.247274,26306,1
2394,2392,87.258410,26317,1
2395,2393,87.269546,26328,1
2396,2394,87.280681,26339,1
2397,2395,87.291817,26350,1
2398,2396,87.302952,26361,1
2399,2397,87.314099,26372,1
2400,2398,87.325223,26383,1
2401,2399,87.336359,26394,1
2402,2400,87.347495,26405,1
2403,2401,87.358628,26416,1
2404,2402,87.369763,26427,1
2405,2403,87.380899,26438,1
2406,2404,87.392036,26449,1
2407,2405,87.403172,26460,1
2408,2406,87.414307,26471,1
2409,2407,87.425440,26482,1
2410,2408,87.436576,26493,1
2411,2409,87.447712,26504,1
2412,2410,87.458847,26515,1
2413,2411,87.469983,26526,1
2414,2412,87.481118,26537,1
2415,2413,87.492255,26548,1
2416,2414,87.503388,26559,1
2417,2415,87.514526,26570,1
2418,2416,87.525661,26581,1
2419,2417,87.536795,26592,1
2420,2418,87.547931,26603,1
2421,2419,87.559066,26614,1
2422,2420,87.570203,26625,1
2423,2421,87.581338,26636,1
2424,2422,87.592471,26647,1
2425,2423,87.603607,26658,1
2426,2424,87.614744,26669,1
2427,2425,87.625879,26680,1
2428,2426,87.637015,26691,1
2429,2427,87.648150,26702,1
2430,2428,87.659284,26713,1
2431,2429,87.670422,26724,1
2432,2430,87.681555,26735,1
2433,2431,87.692693,26746,1
2434,2432,87.703828,26757,1
2435,2433,87.714961,26768,1
2436,2434,87.726103,26779,1
2437,2435,87.737234,26790,1
2438,2436,87.748368,26801,1
2439,2437,87.759504,26812,1
2440,2438,87.770641,26823,1
2441,2439,87.781775,26834,1
2442,2440,87.792909,26845,1
2443,2441,87.804047,26856,1
2444,2442,87.815182,26867,1
2445,2443,87.826316,26878,1
2446,2444,87.837452,26889,1
2447,2445,87.848586,26900,1
2448,2446,87.859723,26911,1
2449,2447,87.870857,26922,1
2450,2448,87.881994,26933,1
2451,2449,87.893128,26944,1
2452,2450,87.904263,26955,1
2453,2451,87.915401,26966,1
2454,2452,87.926536,26977,1
2455,2453,87.937671,26988,1
2456,2454,87.948807,26999,1
2457,2455,87.959942,27010,1
2458,2456,87.971076,27021,1
2459,2457,87.982213,27032,1
2460,2458,87.993349,27043,1
2461,2459,88.004484,27054,1
2462,2460,88.015620,27065,1
2463,2461,88.025741,27075,1
2464,2462,88.036878,27086,1
2465,2463,88.048014,27097,1
2466,2464,88.059149,27108,1
2467,2465,88.070282,27119,1
2468,2466,88.081418,27130,1
2469,2467,88.092555,27141,1
2470,2468,88.103691,27152,1
2471,2469,88.114825,27163,1
2472,2470,88.125961,27174,1
2473,2471,88.137102,27185,1
2474,2472,88.148230,27196,1
2475,2473,88.159368,27207,1
2476,2474,88.170501,27218,1
2477,2475,88.181638,27229,1
2478,2476,88.192773,27240,1
2479,2477,88.203907,27251,1
2480,2478,88.215045,27262,1
2481,2479,88.226181,27273,1
2482,2480,88.237313,27284,1
2483,2481,88.248449,27295,1
2484,2482,88.259585,27306,1
2485,2483,88.270720,27317,1
2486,2484,88.281857,27328,1
2487,2485,88.292991,27339,1
2488,2486,88.304129,27350,1
2489,2487,88.315264,27361,1
2490,2488,88.326397,27372,1
2491,2489,88.337534,27383,1
2492,2490,88.348669,27394,1
2493,2491,88.359805,27405,1
2494,2492,88.370940,27416,1
2495,2493,88.382076,27427,1
2496,2494,88.393211,27438,1
2497,2495,88.404345,27449,1
2498,2496,88.415483,27460,1
2499,2497,88.426617,27471,1
2500,2498,88.437752,27482,1
2501,2499,88.448889,27493,1
2502,2500,88.460025,27504,1
2503,2501,88.471157,27515,1
2504,2502,88.482294,27526,1
2505,2503,88.493430,27537,1
2506,2504,88.504564,27548,1
2507,2505,88.515701,27559,1
2508,2506,88.526835,27570,1
2509,2507,88.537972,27581,1
2510,2508,88.549108,27592,1
2511,2509,88.560242,27603,1
2512,2510,88.571379,27614,1
2513,2511,88.582512,27625,1
2514,2512,88.593648,27636,1
2515,2513,88.604785,27647,1
2516,2514,88.615918,27658,1
2517,2515,88.627055,27669,1
2518,2516,88.638190,27680,1
2519,2517,88.649326,27691,1
2520,2518,88.660462,27702,1
2521,2519,88.671597,27713,1
2522,2520,88.682732,27724,1
2523,2521,88.693868,27735,1
2524,2522,88.705004,27746,1
2525,2523,88.716137,27757,1
2526,2524,88.727275,27768,1
2527,2525,88.738409,27779,1
2528,2526,88.749546,27790,1
2529,2527,88.760678,27801,1
2530,2528,88.771816,27812,1
2531,2529,88.782949,27823,1
2532,2530,88.794086,27834,1
2533,2531,88.805220,27845,1
2534,2532,88.816357,27856,1
2535,2533,88.827493,27867,1
2536,2534,88.838629,27878,1
2537,2535,88.849762,27889,1
2538,2536,88.860900,27900,1
2539,2537,88.872034,27911,1
2540,2538,88.883168,27922,1
2541,2539,88.894306,27933,1
2542,2540,88.905441,27944,1
2543,2541,88.916576,27955,1
2544,2542,88.927710,27966,1
2545,2543,88.938845,27977,1
2546,2544,88.949983,27988,1
2547,2545,88.961116,27999,1
2548,2546,88.972253,28010,1
2549,2547,88.983387,28021,1
2550,2548,88.994525,28032,1
2551,2549,89.005659,28043,1
2552,2550,89.016794,28054,1
2553,2551,89.027929,28065,1
2554,2552,89.039065,28076,1
2555,2553,89.050201,28087,1
2556,2554,89.061335,28098,1
2557,2555,89.072470,28109,1
2558,2556,89.083606,28120,1
2559,2557,89.094741,28131,1
2560,2558,89.105877,28142,1
2561,2559,89.117014,28153,1
2562,2560,89.128147,28164,1
2563,2561,89.139284,28175,1
2564,2562,89.150420,28186,1
2565,2563,89.161555,28197,1
2566,2564,89.172689,28208,1
2567,2565,89.183826,28219,1
2568,2566,89.194960,28230,1
2569,2567,89.206104,28241,1
2570,2568,89.217231,28252,1
2571,2569,89.228368,28263,1
2572,2570,89.239503,28274,1
2573,2571,89.250637,28285,1
2574,2572,89.261773,28296,1
2575,2573,89.272910,28307,1
2576,2574,89.284045,28318,1
2577,2575,89.295181,28329,1
2578,2576,89.306317,28340,1
2579,2577,89.317449,28351,1
2580,2578,89.328587,28362,1
2581,2579,89.339721,28373,1
2582,2580,89.350857,28384,1
2583,2581,89.361993,28395,1
2584,2582,89.373128,28406,1
2585,2583,89.384264,28417,1
2586,2584,89.395399,28428,1
2587,2585,89.406535,28439,1
2588,2586,89.417671,28450,1
2589,2587,89.428806,28461,1
2590,2588,89.439941,28472,1
2591,2589,89.451075,28483,1
2592,2590,89.462212,28494,1
2593,2591,89.473346,28505,1
2594,2592,89.484483,28516,1
2595,2593,89.495617,28527,1
2596,2594,89.505742,28537,1
2597,2595,89.516875,28548,1
2598,2596,89.528010,28559,1
2599,2597,89.539147,28570,1
2600,2598,89.550284,28581,1
2601,2599,89.561419,28592,1
2602,2600,89.572554,28603,1
2603,2601,89.583688,28614,1
2604,2602,89.594823,28625,1
2605,2603,89.605961,28636,1
2606,2604,89.617102,28647,1
2607,2605,89.628231,28658,1
2608,2606,89.639366,28669,1
2609,2607,89.650502,28680,1
2610,2608,89.661636,28691,1
2611,2609,89.672773,28702,1
2612,2610,89.683908,28713,1
2613,2611,89.695043,28724,1
2614,2612,89.706179,28735,1
2615,2613,89.717314,28746,1
2616,2614,89.728451,28757,1
2617,2615,89.739585,28768,1
2618,2616,89.750719,28779,1
2619,2617,89.761854,28790,1
2620,2618,89.772991,28801,1
2621,2619,89.784125,28812,1
2622,2620,89.795262,28823,1
2623,2621,89.806396,28834,1
2624,2622,89.817534,28845,1
2625,2623,89.828668,28856,1
2626,2624,89.839804,28867,1
2627,2625,89.850939,28878,1
2628,2626,89.862076,28889,1
2629,2627,89.873209,28900,1
2630,2628,89.884346,28911,1
2631,2629,89.895479,28922,1
2632,2630,89.906616,28933,1
2633,2631,89.917752,28944,1
2634,2632,89.928888,28955,1
2635,2633,89.940023,28966,1
2636,2634,89.951159,28977,1
2637,2635,89.962294,28988,1
2638,2636,89.973427,28999,1
2639,2637,89.984564,29010,1
2640,2638,89.995698,29021,1
2641,2639,90.006835,29032,1
2642,2640,90.017969,29043,1
2643,2641,90.029105,29054,1
2644,2642,90.040241,29065,1
2645,2643,90.051375,29076,1
2646,2644,90.062511,29087,1
2647,2645,90.073646,29098,1
2648,2646,90.084783,29109,1
2649,2647,90.095919,29120,1
2650,2648,90.107054,29131,1
2651,2649,90.118189,29142,1
2652,2650,90.129325,29153,1
2653,2651,90.140461,29164,1
2654,2652,90.151595,29175,1
2655,2653,90.162732,29186,1
2656,2654,90.173866,29197,1
2657,2655,90.185002,29208,1
2658,2656,90.196137,29219,1
2659,2657,90.207271,29230,1
2660,2658,90.218407,29241,1
2661,2659,90.229544,29252,1
2662,2660,90.240678,29263,1
2663,2661,90.251813,29274,1
2664,2662,90.262948,29285,1
2665,2663,90.274086,29296,1
2666,2664,90.285221,29307,1
2667,2665,90.296356,29318,1
2668,2666,90.307492,29329,1
2669,2667,90.318626,29340,1
2670,2668,90.329763,29351,1
2671,2669,90.340896,29362,1
2672,2670,90.352032,29373,1
2673,2671,90.363169,29384,1
2674,2672,90.374302,29395,1
2675,2673,90.385439,29406,1
2676,2674,90.396573,29417,1
2677,2675,90.407711,29428,1
2678,2676,90.418846,29439,1
2679,2677,90.429980,29450,1
2680,2678,90.441117,29461,1
2681,2679,90.452251,29472,1
2682,2680,90.463388,29483,1
2683,2681,90.474522,29494,1
2684,2682,90.485658,29505,1
2685,2683,90.496794,29516,1
2686,2684,90.507929,29527,1
2687,2685,90.519065,29538,1
2688,2686,90.530198,29549,1
2689,2687,90.541334,29560,1
2690,2688,90.552469,29571,1
2691,2689,90.563606,29582,1
2692,2690,90.574740,29593,1
2693,2691,90.585877,29604,1
2694,2692,90.597011,29615,1
2695,2693,90.608146,29626,1
2696,2694,90.619283,29637,1
2697,2695,90.630419,29648,1
2698,2696,90.641554,29659,1
2699,2697,90.652690,29670,1
2700,2698,90.663826,29681,1
2701,2699,90.674961,29692,1
2702,2700,90.686100,29703,1
2703,2701,90.697232,29714,1
2704,2702,90.708367,29725,1
2705,2703,90.719503,29735,1
2706,2704,90.730638,29746,1
2707,2705,90.741772,29757,1
2708,2706,90.752909,29768,1
2709,2707,90.764045,29779,1
2710,2708,90.775178,29790,1
2711,2709,90.786315,29801,1
2712,2710,90.797450,29812,1
2713,2711,90.808586,29823,1
2714,2712,90.819722,29834,1
2715,2713,90.830855,29845,1
2716,2714,90.841991,29856,1
2717,2715,90.853127,29867,1
2718,2716,90.864263,29878,1
2719,2717,90.875398,29889,1
2720,2718,90.886534,29900,1
2721,2719,90.897668,29911,1
2722,2720,90.908803,29922,1
2723,2721,90.919938,29933,1
2724,2722,90.931074,29944,1
2725,2723,90.942211,29955,1
2726,2724,90.953347,29966,1
2727,2725,90.964482,29977,1
2728,2726,90.974605,29987,1
2729,2727,90.985739,29998,1
2730,2728,90.996876,30009,1
2731,2729,91.008009,30020,1
2732,2730,91.019145,30031,1
2733,2731,91.030280,30042,1
2734,2732,91.041417,30053,1
2735,2733,91.052553,30064,1
2736,2734,91.063688,30075,1
2737,2735,91.074822,30086,1
2738,2736,91.085958,30097,1
2739,2737,91.097102,30108,1
2740,2738,91.108230,30119,1
2741,2739,91.119365,30130,1
2742,2740,91.130501,30141,1
2743,2741,91.141637,30152,1
2744,2742,91.152771,30163,1
2745,2743,91.163905,30174,1
2746,2744,91.175041,30185,1
2747,2745,91.186178,30196,1
2748,2746,91.197314,30207,1
2749,2747,91.208449,30218,1
2750,2748,91.219582,30229,1
2751,2749,91.230720,30240,1
2752,2750,91.241854,30251,1
2753,2751,91.252991,30262,1
2754,2752,91.264126,30273,1
2755,2753,91.275260,30284,1
2756,2754,91.286396,30295,1
2757,2755,91.297532,30306,1
2758,2756,91.308667,30317,1
2759,2757,91.319803,30328,1
2760,2758,91.330938,30339,1
2761,2759,91.342075,30350,1
2762,2760,91.353210,30361,1
2763,2761,91.364345,30372,1
2764,2762,91.375479,30383,1
2765,2763,91.386616,30394,1
2766,2764,91.397752,30405,1
2767,2765,91.408887,30416,1
2768,2766,91.420022,30427,1
2769,2767,91.431157,30438,1
2770,2768,91.442291,30449,1
2771,2769,91.453428,30460,1
2772,2770,91.464564,30471,1
2773,2771,91.475697,30482,1
2774,2772,91.486834,30493,1
2775,2773,91.497968,30504,1
2776,2774,91.509105,30515,1
2777,2775,91.520239,30526,1
2778,2776,91.531374,30537,1
2779,2777,91.542510,30548,1
2780,2778,91.553647,30559,1
2781,2779,91.564781,30570,1
2782,2780,91.575916,30581,1
2783,2781,91.587054,30592,1
2784,2782,91.598188,30603,1
2785,2783,91.609323,30614,1
2786,2784,91.620458,30625,1
2787,2785,91.631594,30636,1
2788,2786,91.642728,30647,1
2789,2787,91.653866,30658,1
2790,2788,91.665001,30669,1
2791,2789,91.676136,30680,1
2792,2790,91.687270,30691,1
2793,2791,91.698408,30702,1
2794,2792,91.709542,30713,1
2795,2793,91.720677,30724,1
2796,2794,91.731814,30735,1
2797,2795,91.742949,30746,1
2798,2796,91.754085,30757,1
2799,2797,91.765221,30768,1
2800,2798,91.776354,30779,1
2801,2799,91.787491,30790,1
2802,2800,91.798625,30801,1
2803,2801,91.809762,30812,1
2804,2802,91.820896,30823,1
2805,2803,91.832031,30834,1
2806,2804,91.843168,30845,1
2807,2805,91.854303,30856,1
2808,2806,91.865438,30867,1
2809,2807,91.876575,30878,1
2810,2808,91.887709,30889,1
2811,2809,91.898846,30900,1
2812,2810,91.909981,30911,1
2813,2811,91.921115,30922,1
2814,2812,91.932252,30933,1
2815,2813,91.943386,30944,1
2816,2814,91.954523,30955,1
2817,2815,91.965656,30966,1
2818,2816,91.976791,30977,1
2819,2817,91.987928,30988,1
2820,2818,91.999062,30999,1
2821,2819,92.010200,31010,1
2822,2820,92.021334,31021,1
2823,2821,92.032470,31032,1
2824,2822,92.043606,31043,1
2825,2823,92.054739,31054,1
2826,2824,92.065877,31065,1
2827,2825,92.077010,31076,1
2828,2826,92.088146,31087,1
2829,2827,92.099281,31098,1
2830,2828,92.110416,31109,1
2831,2829,92.121553,31120,1
2832,2830,92.132687,31131,1
2833,2831,92.143825,31142,1
2834,2832,92.154958,31153,1
2835,2833,92.166102,31164,1
2836,2834,92.177230,31175,1
2837,2835,92.188367,31186,1
2838,2836,92.199500,31197,1
2839,2837,92.210636,31208,1
2840,2838,92.221772,31219,1
2841,2839,92.232906,31230,1
2842,2840,92.244044,31241,1
2843,2841,92.255178,31252,1
2844,2842,92.266314,31263,1
2845,2843,92.277450,31274,1
2846,2844,92.288585,31285,1
2847,2845,92.299720,31296,1
2848,2846,92.310856,31307,1
2849,2847,92.321991,31318,1
2850,2848,92.333127,31329,1
2851,2849,92.344262,31340,1
2852,2850,92.355397,31351,1
2853,2851,92.366533,31362,1
2854,2852,92.377669,31373,1
2855,2853,92.388803,31384,1
2856,2854,92.399938,31395,1
2857,2855,92.411075,31406,1
2858,2856,92.422211,31417,1
2859,2857,92.433346,31428,1
2860,2858,92.444479,31439,1
2861,2859,92.454604,31449,1
2862,2860,92.465739,31460,1
2863,2861,92.476874,31471,1
2864,2862,92.488010,31482,1
2865,2863,92.499144,31493,1
2866,2864,92.510281,31504,1
2867,2865,92.521417,31515,1
2868,2866,92.532551,31526,1
2869,2867,92.543687,31537,1
2870,2868,92.554822,31548,1
2871,2869,92.565956,31559,1
2872,2870,92.577109,31570,1
2873,2871,92.588228,31581,1
2874,2872,92.599364,31592,1
2875,2873,92.610500,31603,1
2876,2874,92.621635,31614,1
2877,2875,92.632770,31625,1
2878,2876,92.643907,31636,1
2879,2877,92.655042,31647,1
2880,2878,92.666176,31658,1
2881,2879,92.677312,31669,1
2882,2880,92.688448,31680,1
2883,2881,92.699584,31691,1
2884,2882,92.710717,31702,1
2885,2883,92.721853,31713,1
2886,2884,92.732990,31724,1
2887,2885,92.744125,31735,1
2888,2886,92.755261,31746,1
2889,2887,92.766396,31757,1
2890,2888,92.777532,31768,1
2891,2889,92.788666,31779,1
2892,2890,92.799803,31790,1
2893,2891,92.810936,31801,1
2894,2892,92.822073,31812,1
2895,2893,92.833209,31823,1
2896,2894,92.844345,31834,1
2897,2895,92.855478,31845,1
2898,2896,92.866615,31856,1
2899,2897,92.877749,31867,1
2900,2898,92.888884,31878,1
2901,2899,92.900021,31889,1
2902,2900,92.911156,31900,1
2903,2901,92.922291,31911,1
2904,2902,92.933427,31922,1
2905,2903,92.944563,31933,1
2906,2904,92.955699,31944,1
2907,2905,92.966833,31955,1
2908,2906,92.977969,31966,1
2909,2907,92.989104,31977,1
2910,2908,93.000240,31988,1
2911,2909,93.011374,31999,1
2912,2910,93.022509,32010,1
2913,2911,93.033646,32021,1
2914,2912,93.044782,32032,1
2915,2913,93.055917,32043,1
2916,2914,93.067052,32054,1
2917,2915,93.078187,32065,1
2918,2916,93.089321,32076,1
2919,2917,93.100459,32087,1
2920,2918,93.111595,32098,1
2921,2919,93.122728,32109,1
2922,2920,93.133865,32120,1
2923,2921,93.145001,32131,1
2924,2922,93.156136,32142,1
2925,2923,93.167271,32153,1
2926,2924,93.178406,32164,1
2927,2925,93.189540,32175,1
2928,2926,93.200678,32186,1
2929,2927,93.211811,32197,1
2930,2928,93.222948,32208,1
2931,2929,93.234082,32219,1
2932,2930,93.245219,32230,1
2933,2931,93.256355,32241,1
2934,2932,93.267490,32252,1
2935,2933,93.278626,32263,1
2936,2934,93.289760,32274,1
2937,2935,93.300896,32285,1
2938,2936,93.312032,32296,1
2939,2937,93.323165,32307,1
2940,2938,93.334302,32318,1
2941,2939,93.345439,32329,1
2942,2940,93.356571,32340,1
2943,2941,93.367709,32351,1
2944,2942,93.378844,32362,1
2945,2943,93.389980,32373,1
2946,2944,93.401115,32384,1
2947,2945,93.412251,32395,1
2948,2946,93.423384,32406,1
2949,2947,93.434521,32417,1
2950,2948,93.445656,32428,1
2951,2949,93.456790,32439,1
2952,2950,93.467927,32450,1
2953,2951,93.479063,32461,1
2954,2952,93.490199,32472,1
2955,2953,93.501334,32483,1
2956,2954,93.512470,32494,1
2957,2955,93.523605,32505,1
2958,2956,93.534740,32516,1
2959,2957,93.545874,32527,1
2960,2958,93.557010,32538,1
2961,2959,93.568147,32549,1
2962,2960,93.579282,32560,1
2963,2961,93.590416,32571,1
2964,2962,93.601552,32582,1
2965,2963,93.612689,32593,1
2966,2964,93.623822,32604,1
2967,2965,93.634957,32615,1
2968,2966,93.646107,32626,1
2969,2967,93.657228,32637,1
2970,2968,93.668364,32648,1
2971,2969,93.679500,32659,1
2972,2970,93.690635,32670,1
2973,2971,93.701770,32681,1
2974,2972,93.712907,32692,1
2975,2973,93.724043,32703,1
2976,2974,93.735176,32714,1
2977,2975,93.746312,32725,1
2978,2976,93.757448,32736,1
2979,2977,93.768585,32747,1
2980,2978,93.779718,32758,1
2981,2979,93.790855,32769,1
2982,2980,93.801991,32780,1
2983,2981,93.813124,32791,1
2984,2982,93.824260,32802,1
2985,2983,93.835396,32813,1
2986,2984,93.846532,32824,1
2987,2985,93.857666,32835,1
2988,2986,93.868803,32846,1
2989,2987,93.879938,32857,1
2990,2988,93.891072,32868,1
2991,2989,93.902207,32879,1
2992,2990,93.913345,32890,1
2993,2991,93.923467,32900,1
2994,2992,93.934604,32911,1
2995,2993,93.945738,32922,1
2996,2994,93.956874,32933,1
2997,2995,93.968010,32944,1
2998,2996,93.979145,32955,1
2999,2997,93.990278,32966,1
3000,2998,94.001415,32977,1
3001,2999,94.012550,32988,1
3002,3000,94.023686,32999,1
3003,3001,94.034822,33010,1
3004,3002,94.045958,33021,1
3005,3003,94.057102,33032,1
3006,3004,94.068229,33043,1
3007,3005,94.079363,33054,1
3008,3006,94.090499,33065,1
3009,3007,94.101634,33076,1
3010,3008,94.112768,33087,1
3011,3009,94.123905,33098,1
3012,3010,94.135041,33109,1
3013,3011,94.146177,33120,1
3014,3012,94.157310,33131,1
3015,3013,94.168447,33142,1
3016,3014,94.179583,33153,1
3017,3015,94.190718,33164,1
3018,3016,94.201852,33175,1
3019,3017,94.212988,33186,1
3020,3018,94.224125,33197,1
3021,3019,94.235260,33208,1
3022,3020,94.246396,33219,1
3023,3021,94.257531,33230,1
3024,3022,94.268666,33241,1
3025,3023,94.279801,33252,1
3026,3024,94.290936,33263,1
3027,3025,94.302073,33274,1
3028,3026,94.313207,33285,1
3029,3027,94.324344,33296,1
3030,3028,94.335478,33307,1
3031,3029,94.346614,33318,1
3032,3030,94.357748,33329,1
3033,3031,94.368885,33340,1
3034,3032,94.380018,33351,1
3035,3033,94.391156,33362,1
3036,3034,94.402289,33373,1
3037,3035,94.413426,33384,1
3038,3036,94.424561,33395,1
3039,3037,94.435696,33406,1
3040,3038,94.446832,33417,1
3041,3039,94.457967,33428,1
3042,3040,94.469104,33439,1
3043,3041,94.480239,33450,1
3044,3042,94.491374,33461,1
3045,3043,94.502510,33472,1
3046,3044,94.513643,33483,1
3047,3045,94.524779,33494,1
3048,3046,94.535914,33505,1
3049,3047,94.547051,33516,1
3050,3048,94.558187,33527,1
3051,3049,94.569322,33538,1
3052,3050,94.580456,33549,1
3053,3051,94.591592,33560,1
3054,3052,94.602728,33571,1
3055,3053,94.613863,33582,1
3056,3054,94.624998,33593,1
3057,3055,94.636134,33604,1
3058,3056,94.647270,33615,1
3059,3057,94.658404,33626,1
3060,3058,94.669542,33637,1
3061,3059,94.680676,33648,1
3062,3060,94.691812,33659,1
3063,3061,94.702946,33670,1
3064,3062,94.714082,33681,1
3065,3063,94.725218,33692,1
3066,3064,94.736353,33703,1
3067,3065,94.747487,33714,1
3068,3066,94.758625,33725,1
3069,3067,94.769760,33736,1
3070,3068,94.780895,33747,1
3071,3069,94.792031,33758,1
3072,3070,94.803166,33769,1
3073,3071,94.814300,33780,1
3074,3072,94.825435,33791,1
3075,3073,94.836573,33802,1
3076,3074,94.847707,33813,1
3077,3075,94.858843,33824,1
3078,3076,94.869979,33835,1
3079,3077,94.881114,33846,1
3080,3078,94.892250,33857,1
3081,3079,94.903386,33868,1
3082,3080,94.914521,33879,1
3083,3081,94.925656,33890,1
3084,3082,94.936792,33901,1
3085,3083,94.947927,33912,1
3086,3084,94.959063,33923,1
3087,3085,94.970197,33934,1
3088,3086,94.981333,33945,1
3089,3087,94.992469,33956,1
3090,3088,95.003602,33967,1
3091,3089,95.014739,33978,1
3092,3090,95.025875,33989,1
3093,3091,95.037011,34000,1
3094,3092,95.048144,34011,1
3095,3093,95.059279,34022,1
3096,3094,95.070417,34033,1
3097,3095,95.081552,34044,1
3098,3096,95.092687,34055,1
3099,3097,95.103823,34066,1
3100,3098,95.114959,34077,1
3101,3099,95.126102,34088,1
3102,3100,95.137229,34099,1
3103,3101,95.148364,34110,1
3104,3102,95.159500,34121,1
3105,3103,95.170636,34132,1
3106,3104,95.181771,34143,1
3107,3105,95.192906,34154,1
3108,3106,95.204041,34165,1
3109,3107,95.215176,34176,1
3110,3108,95.226311,34187,1
3111,3109,95.237448,34198,1
3112,3110,95.248584,34209,1
3113,3111,95.259719,34220,1
3114,3112,95.270854,34231,1
3115,3113,95.281990,34242,1
3116,3114,95.293125,34253,1
3117,3115,95.304261,34264,1
3118,3116,95.315396,34275,1
3119,3117,95.326532,34286,1
3120,3118,95.337666,34297,1
3121,3119,95.348800,34308,1
3122,3120,95.359936,34319,1
3123,3121,95.371074,34330,1
3124,3122,95.382209,34341,1
3125,3123,95.393344,34352,1
3126,3124,95.403466,34362,1
3127,3125,95.414601,34373,1
3128,3126,95.425737,34384,1
3129,3127,95.436874,34395,1
3130,3128,95.448008,34406,1
3131,3129,95.459142,34417,1
3132,3130,95.470278,34428,1
3133,3131,95.481415,34439,1
3134,3132,95.492550,34450,1
3135,3133,95.503685,34461,1
3136,3134,95.514821,34472,1
3137,3135,95.525956,34483,1
3138,3136,95.537101,34494,1
3139,3137,95.548228,34505,1
3140,3138,95.559364,34516,1
3141,3139,95.570497,34527,1
3142,3140,95.581632,34538,1
3143,3141,95.592770,34549,1
3144,3142,95.603904,34560,1
3145,3143,95.615038,34571,1
3146,3144,95.626176,34582,1
3147,3145,95.637311,34593,1
3148,3146,95.648447,34604,1
3149,3147,95.659581,34615,1
3150,3148,95.670716,34626,1
3151,3149,95.681851,34637,1
3152,3150,95.692988,34648,1
3153,3151,95.704121,34659,1
3154,3152,95.716787,34670,1
3155,3153,95.726394,34680,1
3156,3154,95.737529,34691,1
3157,3155,95.748664,34702,1
3158,3156,95.759800,34713,1
3159,3157,95.770936,34724,1
3160,3158,95.782070,34735,1
3161,3159,95.793207,34746,1
3162,3160,95.804343,34757,1
3163,3161,95.815476,34768,1
3164,3162,95.826612,34779,1
3165,3163,95.837748,34790,1
3166,3164,95.848883,34801,1
3167,3165,95.860018,34812,1
3168,3166,95.871155,34823,1
3169,3167,95.882289,34834,1
3170,3168,95.893426,34845,1
3171,3169,95.904561,34856,1
3172,3170,95.915697,34867,1
3173,3171,95.926831,34878,1
3174,3172,95.937966,34889,1
3175,3173,95.949104,34900,1
3176,3174,95.960239,34911,1
3177,3175,95.971372,34922,1
3178,3176,95.982509,34933,1
3179,3177,95.993644,34944,1
3180,3178,96.004778,34955,1
3181,3179,96.015914,34966,1
3182,3180,96.027051,34977,1
3183,3181,96.038187,34988,1
3184,3182,96.049322,34999,1
3185,3183,96.060455,35010,1
3186,3184,96.071592,35021,1
3187,3185,96.082726,35032,1
3188,3186,96.093862,35043,1
3189,3187,96.104997,35054,1
3190,3188,96.116135,35065,1
3191,3189,96.127269,35076,1
3192,3190,96.138405,35087,1
3193,3191,96.149541,35098,1
3194,3192,96.160675,35109,1
3195,3193,96.171811,35120,1
3196,3194,96.182945,35131,1
3197,3195,96.194082,35142,1
3198,3196,96.205218,35153,1
3199,3197,96.216353,35164,1
3200,3198,96.227487,35175,1
3201,3199,96.238623,35186,1
3202,3200,96.249759,35197,1
3203,3201,96.260893,35208,1
3204,3202,96.272031,35219,1
3205,3203,96.283164,35230,1
3206,3204,96.294299,35241,1
3207,3205,96.305436,35252,1
3208,3206,96.316570,35263,1
3209,3207,96.327706,35274,1
3210,3208,96.338841,35285,1
3211,3209,96.349977,35296,1
3212,3210,96.361112,35307,1
3213,3211,96.372248,35318,1
3214,3212,96.383385,35329,1
3215,3213,96.394520,35340,1
3216,3214,96.405655,35351,1
3217,3215,96.416789,35362,1
3218,3216,96.427925,35373,1
3219,3217,96.439062,35384,1
3220,3218,96.450195,35395,1
3221,3219,96.461332,35406,1
3222,3220,96.472466,35417,1
3223,3221,96.483603,35428,1
3224,3222,96.494739,35439,1
3225,3223,96.505874,35450,1
3226,3224,96.517010,35461,1
3227,3225,96.528143,35472,1
3228,3226,96.539279,35483,1
3229,3227,96.550414,35494,1
3230,3228,96.561551,35505,1
3231,3229,96.572687,35516,1
3232,3230,96.583823,35527,1
3233,3231,96.594957,35538,1
3234,3232,96.606100,35549,1
3235,3233,96.617228,35560,1
3236,3234,96.628364,35571,1
3237,3235,96.639499,35582,1
3238,3236,96.650633,35593,1
3239,3237,96.661770,35604,1
3240,3238,96.672906,35615,1
3241,3239,96.684041,35626,1
3242,3240,96.695176,35637,1
3243,3241,96.706311,35648,1
3244,3242,96.717445,35659,1
3245,3243,96.728583,35670,1
3246,3244,96.739717,35681,1
3247,3245,96.750852,35692,1
3248,3246,96.761989,35703,1
3249,3247,96.773125,35714,1
3250,3248,96.784258,35725,1
3251,3249,96.795395,35736,1
3252,3250,96.806531,35747,1
3253,3251,96.817666,35758,1
3254,3252,96.828800,35769,1
3255,3253,96.839936,35780,1
3256,3254,96.851073,35791,1
3257,3255,96.862207,35802,1
3258,3256,96.872330,35812,1
3259,3257,96.883464,35823,1
3260,3258,96.894600,35834,1
3261,3259,96.905737,35845,1
3262,3260,96.916872,35856,1
3263,3261,96.928008,35867,1
3264,3262,96.939143,35878,1
3265,3263,96.950278,35889,1
3266,3264,96.961414,35900,1
3267,3265,96.972550,35911,1
3268,3266,96.983685,35922,1
3269,3267,96.994819,35933,1
3270,3268,97.005956,35944,1
3271,3269,97.017098,35955,1
3272,3270,97.028225,35966,1
3273,3271,97.039363,35977,1
3274,3272,97.050498,35988,1
3275,3273,97.061633,35999,1
3276,3274,97.072768,36010,1
3277,3275,97.083904,36021,1
3278,3276,97.095040,36032,1
3279,3277,97.106174,36043,1
3280,3278,97.117308,36054,1
3281,3279,97.128444,36065,1
3282,3280,97.139579,36076,1
3283,3281,97.150717,36087,1
3284,3282,97.161852,36098,1
3285,3283,97.172986,36109,1
3286,3284,97.184122,36120,1
3287,3285,97.195259,36131,1
3288,3286,97.206393,36142,1
3289,3287,97.217528,36153,1
3290,3288,97.228664,36164,1
3291,3289,97.239798,36175,1
3292,3290,97.250935,36186,1
3293,3291,97.262071,36197,1
3294,3292,97.273206,36208,1
3295,3293,97.284342,36219,1
3296,3294,97.295476,36230,1
3297,3295,97.306612,36241,1
3298,3296,97.317748,36252,1
3299,3297,97.328883,36263,1
3300,3298,97.340019,36274,1
3301,3299,97.351153,36285,1
3302,3300,97.362290,36296,1
3303,3301,97.373425,36307,1
3304,3302,97.384560,36318,1
3305,3303,97.395696,36329,1
3306,3304,97.406829,36340,1
3307,3305,97.417966,36351,1
3308,3306,97.429109,36362,1
3309,3307,97.440238,36373,1
3310,3308,97.451373,36384,1
3311,3309,97.462509,36395,1
3312,3310,97.473642,36406,1
3313,3311,97.484778,36417,1
3314,3312,97.495913,36428,1
3315,3313,97.507048,36439,1
3316,3314,97.518183,36450,1
3317,3315,97.529320,36461,1
3318,3316,97.540456,36472,1
3319,3317,97.551591,36483,1
3320,3318,97.562727,36494,1
3321,3319,97.573862,36505,1
3322,3320,97.584998,36516,1
3323,3321,97.596132,36527,1
3324,3322,97.607269,36538,1
3325,3323,97.618403,36549,1
3326,3324,97.629540,36560,1
3327,3325,97.640674,36571,1
3328,3326,97.651810,36582,1
3329,3327,97.662946,36593,1
3330,3328,97.674081,36604,1
3331,3329,97.685217,36615,1
3332,3330,97.696353,36626,1
3333,3331,97.707488,36637,1
3334,3332,97.718624,36648,1
3335,3333,97.729758,36659,1
3336,3334,97.740894,36670,1
3337,3335,97.752030,36681,1
3338,3336,97.763165,36692,1
3339,3337,97.774299,36703,1
3340,3338,97.785434,36714,1
3341,3339,97.796570,36725,1
3342,3340,97.807705,36736,1
3343,3341,97.818842,36747,1
3344,3342,97.829976,36758,1
3345,3343,97.841112,36769,1
3346,3344,97.852246,36780,1
3347,3345,97.863383,36791,1
3348,3346,97.874519,36802,1
3349,3347,97.885655,36813,1
3350,3348,97.896789,36824,1
3351,3349,97.907926,36835,1
3352,3350,97.919061,36846,1
3353,3351,97.930194,36857,1
3354,3352,97.941332,36868,1
3355,3353,97.952467,36879,1
3356,3354,97.963602,36890,1
3357,3355,97.974738,36901,1
3358,3356,97.985874,36912,1
3359,3357,97.997009,36923,1
3360,3358,98.008142,36934,1
3361,3359,98.019279,36945,1
3362,3360,98.030414,36956,1
3363,3361,98.041549,36967,1
3364,3362,98.052684,36978,1
3365,3363,98.063820,36989,1
3366,3364,98.074955,37000,1
3367,3365,98.086099,37011,1
3368,3366,98.097228,37022,1
3369,3367,98.108363,37033,1
3370,3368,98.119499,37044,1
3371,3369,98.130632,37055,1
3372,3370,98.141768,37066,1
3373,3371,98.152903,37077,1
3374,3372,98.164041,37088,1
3375,3373,98.175175,37099,1
3376,3374,98.186309,37110,1
3377,3375,98.197445,37121,1
3378,3376,98.208580,37132,1
3379,3377,98.219716,37143,1
3380,3378,98.230851,37154,1
3381,3379,98.241989,37165,1
3382,3380,98.253123,37176,1
3383,3381,98.264259,37187,1
3384,3382,98.275395,37198,1
3385,3383,98.286528,37209,1
3386,3384,98.297666,37220,1
3387,3385,98.308801,37231,1
3388,3386,98.319937,37242,1
3389,3387,98.331072,37253,1
3390,3388,98.342205,37264,1
3391,3389,98.352329,37274,1
3392,3390,98.363465,37285,1
3393,3391,98.374601,37296,1
3394,3392,98.385734,37307,1
3395,3393,98.396870,37318,1
3396,3394,98.408007,37329,1
3397,3395,98.419142,37340,1
3398,3396,98.430278,37351,1
3399,3397,98.441414,37362,1
3400,3398,98.452549,37373,1
3401,3399,98.463684,37384,1
3402,3400,98.474818,37395,1
3403,-1,98.485954,37406,1
3404,3401,98.497099,37417,1
3405,3402,98.508226,37428,1
3406,3403,98.519362,37439,1
3407,3404,98.530497,37450,1
3408,3405,98.541633,37461,1
3409,3406,98.552768,37472,1
3410,3407,98.563904,37483,1
3411,3408,98.575039,37494,1
3412,3409,98.586172,37505,1
3413,3410,98.597308,37516,1
3414,3411,98.608443,37527,1
3415,3412,98.619580,37538,1
3416,3413,98.630716,37549,1
3417,3414,98.641849,37560,1
3418,3415,98.652986,37571,1
3419,3416,98.664122,37582,1
3420,3417,98.675257,37593,1
3421,3418,98.686391,37604,1
3422,3419,98.697528,37615,1
3423,3420,98.708664,37626,1
3424,3421,98.719799,37637,1
3425,3422,98.730933,37648,1
3426,3423,98.742069,37659,1
3427,3424,98.753204,37670,1
3428,3425,98.764341,37681,1
3429,3426,98.775474,37692,1
3430,3427,98.786610,37703,1
3431,3428,98.797747,37714,1
3432,3429,98.808883,37725,1
3433,3430,98.820018,37736,1
3434,3431,98.831153,37747,1
3435,3432,98.842289,37758,1
3436,3433,98.853425,37769,1
3437,3434,98.864560,37780,1
3438,3435,98.875695,37791,1
3439,3436,98.886830,37802,1
3440,3437,98.897966,37813,1
3441,3438,98.909103,37824,1
3442,3439,98.920235,37835,1
3443,3440,98.931373,37846,1
3444,3441,98.942507,37857,1
3445,3442,98.953641,37868,1
3446,3443,98.964779,37879,1
3447,3444,98.975913,37890,1
3448,3445,98.987050,37901,1
3449,3446,98.998183,37912,1
3450,3447,99.009318,37923,1
3451,3448,99.020454,37934,1
3452,3449,99.031590,37945,1
3453,3450,99.042725,37956,1
3454,3451,99.053860,37967,1
3455,3452,99.064998,37978,1
3456,3453,99.076132,37989,1
3457,3454,99.087269,38000,1
3458,3455,99.098403,38011,1
3459,3456,99.109539,38022,1
3460,3457,99.120674,38033,1
3461,3458,99.131810,38044,1
3462,3459,99.142945,38055,1
3463,3460,99.154080,38066,1
3464,3461,99.165216,38077,1
3465,3462,99.176352,38088,1
3466,3463,99.187487,38099,1
3467,3464,99.198622,38110,1
3468,3465,99.209759,38121,1
3469,3466,99.220894,38132,1
3470,3467,99.232029,38143,1
3471,3468,99.243165,38154,1
3472,3469,99.254299,38165,1
3473,3470,99.265435,38176,1
3474,3471,99.276571,38187,1
3475,3472,99.287705,38198,1
3476,3473,99.298839,38209,1
3477,3474,99.309975,38220,1
3478,3475,99.321111,38231,1
3479,3476,99.332246,38242,1
3480,3477,99.343381,38253,1
3481,3478,99.354518,38264,1
3482,3479,99.365654,38275,1
3483,3480,99.376788,38286,1
3484,3481,99.387923,38297,1
3485,3482,99.399061,38308,1
3486,3483,99.410195,38319,1
3487,3484,99.421332,38330,1
3488,3485,99.432464,38341,1
3489,3486,99.443602,38352,1
3490,3487,99.454736,38363,1
3491,3488,99.465871,38374,1
3492,3489,99.477009,38385,1
3493,3490,99.488143,38396,1
3494,3491,99.499279,38407,1
3495,3492,99.510412,38418,1
3496,3493,99.521548,38429,1
3497,3494,99.532684,38440,1
3498,3495,99.543821,38451,1
3499,3496,99.554956,38462,1
3500,3497,99.566099,38473,1
3501,3498,99.577225,38484,1
3502,3499,99.588360,38495,1
3503,3500,99.599496,38506,1
3504,3501,99.610632,38517,1
3505,3502,99.621767,38528,1
3506,3503,99.632904,38539,1
3507,3504,99.644039,38550,1
3508,3505,99.655175,38561,1
3509,3506,99.666309,38572,1
3510,3507,99.677444,38583,1
3511,3508,99.688580,38594,1
3512,3509,99.699715,38605,1
3513,3510,99.710852,38616,1
3514,3511,99.721988,38627,1
3515,3512,99.733123,38638,1
3516,3513,99.744259,38649,1
3517,3514,99.755392,38660,1
3518,3515,99.766528,38671,1
3519,3516,99.777663,38682,1
3520,3517,99.788799,38693,1
3521,3518,99.799935,38704,1
3522,3519,99.811069,38715,1
3523,3520,99.821192,38725,1
3524,3521,99.832329,38736,1
3525,3522,99.843464,38747,1
3526,3523,99.854600,38758,1
3527,3524,99.865735,38769,1
3528,3525,99.876872,38780,1
3529,3526,99.888005,38791,1
3530,3527,99.899140,38802,1
3531,3528,99.910277,38813,1
3532,3529,99.921413,38824,1
3533,3530,99.932549,38835,1
3534,3531,99.943683,38846,1
3535,3532,99.954818,38857,1
3536,3533,99.965954,38868,1
3537,3534,99.977101,38879,1
3538,3535,99.988225,38890,1
3539,3536,99.999360,38901,1
3540,3537,100.010494,38912,1
3541,3538,100.021631,38923,1
3542,3539,100.032767,38934,1
3543,3540,100.043902,38945,1
3544,3541,100.055038,38956,1
3545,3542,100.066173,38967,1
3546,3543,100.077309,38978,1
3547,3544,100.088442,38989,1
3548,3545,100.099579,39000,1
3549,3546,100.110714,39011,1
3550,3547,100.121848,39022,1
3551,3548,100.132985,39033,1
3552,3549,100.144121,39044,1
3553,3550,100.155256,39055,1
3554,3551,100.166391,39066,1
3555,3552,100.177528,39077,1
3556,3553,100.188661,39088,1
3557,3554,100.199798,39099,1
3558,3555,100.210932,39110,1
3559,3556,100.222069,39121,1
3560,3557,100.233204,39132,1
3561,3558,100.244340,39143,1
3562,3559,100.255474,39154,1
3563,3560,100.266611,39165,1
3564,3561,100.277745,39176,1
3565,3562,100.288882,39187,1
3566,3563,100.300017,39198,1
3567,3564,100.311152,39209,1
3568,3565,100.322288,39220,1
3569,3566,100.333423,39231,1
3570,3567,100.344557,39242,1
3571,3568,100.355694,39253,1
3572,3569,100.366829,39264,1
3573,3570,100.377963,39275,1
3574,3571,100.389103,39286,1
3575,3572,100.400235,39297,1
3576,3573,100.411372,39308,1
3577,3574,100.422506,39319,1
3578,3575,100.433643,39330,1
3579,3576,100.444776,39341,1
3580,3577,100.455911,39352,1
3581,3578,100.467048,39363,1
3582,3579,100.478185,39374,1
3583,3580,100.489319,39385,1
3584,3581,100.500453,39396,1
3585,3582,100.511588,39407,1
3586,3583,100.522724,39418,1
3587,3584,100.533860,39429,1
3588,3585,100.544996,39440,1
3589,3586,100.556130,39451,1
3590,3587,100.567267,39462,1
3591,3588,100.578403,39473,1
3592,3589,100.589539,39484,1
3593,3590,100.600672,39495,1
3594,3591,100.611808,39506,1
3595,3592,100.622945,39517,1
3596,3593,100.634079,39528,1
3597,3594,100.645215,39539,1
3598,3595,100.656351,39550,1
3599,3596,100.667485,39561,1
3600,3597,100.678621,39572,1
3601,3598,100.689758,39583,1
3602,3599,100.700892,39594,1
3603,3600,100.712029,39605,1
3604,3601,100.723163,39615,1
3605,3602,100.734299,39626,1
3606,3603,100.745432,39637,1
3607,3604,100.756568,39648,1
3608,3605,100.767703,39659,1
3609,3606,100.778841,39670,1
3610,3607,100.789976,39681,1
3611,3608,100.801111,39692,1
3612,3609,100.812246,39703,1
3613,3610,100.823381,39714,1
3614,3611,100.834517,39725,1
3615,3612,100.845652,39736,1
3616,3613,100.856789,39747,1
3617,3614,100.867924,39758,1
3618,3615,100.879059,39769,1
3619,3616,100.890195,39780,1
3620,-1,100.901330,39791,1
3621,3617,100.912464,39802,1
3622,3618,100.923600,39813,1
3623,3619,100.934735,39824,1
3624,3620,100.945870,39835,1
3625,3621,100.957008,39846,1
3626,3622,100.968143,39857,1
3627,3623,100.979276,39868,1
3628,3624,100.990414,39879,1
3629,3625,101.001549,39890,1
3630,3626,101.012683,39901,1
3631,3627,101.023820,39912,1
3632,3628,101.034956,39923,1
3633,3629,101.046098,39934,1
3634,3630,101.057227,39945,1
3635,3631,101.068363,39956,1
3636,3632,101.079495,39967,1
3637,3633,101.090631,39978,1
3638,3634,101.101768,39989,1
3639,3635,101.112903,40000,1
3640,3636,101.124039,40011,1
3641,3637,101.135174,40022,1
3642,3638,101.146308,40033,1
3643,3639,101.157444,40044,1
3644,3640,101.168580,40055,1
3645,3641,101.179714,40066,1
3646,3642,101.190850,40077,1
3647,3643,101.201987,40088,1
3648,3644,101.213122,40099,1
3649,3645,101.224256,40110,1
3650,3646,101.235393,40121,1
3651,3647,101.246529,40132,1
3652,3648,101.257664,40143,1
3653,3649,101.268799,40154,1
3654,3650,101.279935,40165,1
3655,3651,101.291071,40176,1
3656,3652,101.301193,40186,1
3657,3653,101.312328,40197,1
3658,3654,101.323464,40208,1
3659,3655,101.334599,40219,1
3660,3656,101.345735,40230,1
3661,3657,101.356871,40241,1
3662,3658,101.368006,40252,1
3663,3659,101.379141,40263,1
3664,3660,101.390276,40274,1
3665,3661,101.401412,40285,1
3666,3662,101.412546,40296,1
3667,3663,101.423681,40307,1
3668,3664,101.434818,40318,1
3669,3665,101.445953,40329,1
3670,3666,101.457098,40340,1
3671,3667,101.468224,40351,1
3672,3668,101.479359,40362,1
3673,3669,101.490496,40373,1
3674,3670,101.501632,40384,1
3675,3671,101.512767,40395,1
3676,3672,101.523900,40406,1
3677,3673,101.535036,40417,1
3678,3674,101.546171,40428,1
3679,3675,101.557307,40439,1
3680,3676,101.568443,40450,1
3681,3677,101.579577,40461,1
3682,3678,101.590713,40472,1
3683,3679,101.601850,40483,1
3684,3680,101.612983,40494,1
3685,3681,101.624121,40505,1
3686,3682,101.635256,40516,1
3687,3683,101.646391,40527,1
3688,3684,101.657525,40538,1
3689,3685,101.668661,40549,1
3690,3686,101.679798,40560,1
3691,3687,101.690931,40571,1
3692,3688,101.702070,40582,1
3693,3689,101.713202,40593,1
3694,3690,101.724338,40604,1
3695,3691,101.735473,40615,1
3696,3692,101.746610,40626,1
3697,3693,101.757746,40637,1
3698,3694,101.768881,40648,1
3699,3695,101.780017,40659,1
3700,3696,101.791150,40670,1
3701,3697,101.802288,40681,1
3702,3698,101.813422,40692,1
3703,3699,101.824559,40703,1
3704,3700,101.835692,40714,1
3705,3701,101.846829,40725,1
3706,3702,101.857965,40736,1
3707,3703,101.869105,40747,1
3708,3704,101.880234,40758,1
3709,3705,101.891371,40769,1
3710,3706,101.902506,40780,1
3711,3707,101.913641,40791,1
3712,3708,101.924777,40802,1
3713,3709,101.935913,40813,1
3714,3710,101.947048,40824,1
3715,3711,101.958182,40835,1
3716,3712,101.969317,40846,1
3717,3713,101.980454,40857,1
3718,3714,101.991588,40868,1
3719,3715,102.002726,40879,1
3720,3716,102.013860,40890,1
3721,3717,102.024996,40901,1
3722,3718,102.036129,40912,1
3723,3719,102.047265,40923,1
3724,3720,102.058402,40934,1
3725,3721,102.069537,40945,1
3726,3722,102.080674,40956,1
3727,3723,102.091807,40967,1
3728,3724,102.102944,40978,1
3729,3725,102.114080,40989,1
3730,3726,102.125215,41000,1
3731,3727,102.136350,41011,1
3732,3728,102.147484,41022,1
3733,3729,102.158621,41033,1
3734,3730,102.169755,41044,1
3735,3731,102.180892,41055,1
3736,3732,102.192028,41066,1
3737,3733,102.203162,41077,1
3738,3734,102.214298,41088,1
3739,3735,102.225434,41099,1
3740,3736,102.236567,41110,1
3741,3737,102.247703,41121,1
3742,3738,102.258840,41132,1
3743,3739,102.269975,41143,1
3744,3740,102.281110,41154,1
3745,3741,102.292246,41165,1
3746,3742,102.303382,41176,1
3747,3743,102.314515,41187,1
3748,3744,102.325653,41198,1
3749,3745,102.336786,41209,1
3750,3746,102.347921,41220,1
3751,3747,102.359059,41231,1
3752,3748,102.370194,41242,1
3753,3749,102.381329,41253,1
3754,3750,102.392465,41264,1
3755,3751,102.403599,41275,1
3756,3752,102.414736,41286,1
3757,3753,102.425869,41297,1
3758,3754,102.437006,41308,1
3759,3755,102.448143,41319,1
3760,3756,102.459276,41330,1
3761,3757,102.470413,41341,1
3762,3758,102.481548,41352,1
3763,3759,102.492684,41363,1
3764,3760,102.503817,41374,1
3765,3761,102.514955,41385,1
3766,3762,102.526099,41396,1
3767,3763,102.537224,41407,1
3768,3764,102.548361,41418,1
3769,3765,102.559497,41429,1
3770,3766,102.570631,41440,1
3771,3767,102.581767,41451,1
3772,3768,102.592902,41462,1
3773,3769,102.604038,41473,1
3774,3770,102.615173,41484,1
3775,3771,102.626308,41495,1
3776,3772,102.637445,41506,1
3777,3773,102.648579,41517,1
3778,3774,102.659713,41528,1
3779,3775,102.670849,41539,1
3780,3776,102.681985,41550,1
3781,3777,102.693121,41561,1
3782,3778,102.704256,41572,1
3783,3779,102.715392,41583,1
3784,3780,102.726526,41594,1
3785,3781,102.737661,41605,1
3786,3782,102.748797,41616,1
3787,3783,102.759934,41627,1
3788,3784,102.770057,41637,1
3789,3785,102.781192,41648,1
3790,3786,102.792327,41659,1
3791,3787,102.803464,41670,1
3792,3788,102.814599,41681,1
3793,3789,102.825734,41692,1
3794,3790,102.836869,41703,1
3795,3791,102.848005,41714,1
3796,3792,102.859139,41725,1
3797,3793,102.870276,41736,1
3798,3794,102.881412,41747,1
3799,3795,102.892547,41758,1
3800,3796,102.903682,41769,1
3801,3797,102.914816,41780,1
3802,3798,102.925951,41791,1
3803,3799,102.937104,41802,1
3804,3800,102.948224,41813,1
3805,3801,102.959360,41824,1
3806,3802,102.970493,41835,1
3807,3803,102.981630,41846,1
3808,3804,102.992764,41857,1
3809,3805,103.003899,41868,1
3810,3806,103.015036,41879,1
3811,3807,103.026172,41890,1
3812,3808,103.037308,41901,1
3813,3809,103.048443,41912,1
3814,3810,103.059579,41923,1
3815,3811,103.070712,41934,1
3816,3812,103.081847,41945,1
3817,3813,103.092983,41956,1
3818,3814,103.104118,41967,1
3819,3815,103.115254,41978,1
3820,3816,103.126389,41989,1
3821,3817,103.137524,42000,1
3822,3818,103.148660,42011,1
3823,3819,103.159797,42022,1
3824,3820,103.170932,42033,1
3825,3821,103.182068,42044,1
3826,3822,103.193203,42055,1
3827,3823,103.204338,42066,1
3828,3824,103.215475,42077,1
3829,3825,103.226608,42088,1
3830,3826,103.237745,42099,1
3831,3827,103.248881,42110,1
3832,3828,103.260014,42121,1
3833,3829,103.271151,42132,1
3834,3830,103.282285,42143,1
3835,3831,103.293421,42154,1
3836,3832,103.304556,42165,1
3837,3833,103.315694,42176,1
3838,3834,103.326828,42187,1
3839,3835,103.337963,42198,1
3840,3836,103.349103,42209,1
3841,3837,103.360233,42220,1
3842,3838,103.371370,42231,1
3843,3839,103.382504,42242,1
3844,3840,103.393641,42253,1
3845,3841,103.404777,42264,1
3846,3842,103.415912,42275,1
3847,3843,103.427046,42286,1
3848,3844,103.438183,42297,1
3849,3845,103.449316,42308,1
3850,3846,103.460452,42319,1
3851,3847,103.471588,42330,1
3852,3848,103.482725,42341,1
3853,3849,103.493860,42352,1
3854,3850,103.504996,42363,1
3855,3851,103.516131,42374,1
3856,3852,103.527267,42385,1
3857,3853,103.538402,42396,1
3858,3854,103.549535,42407,1
3859,3855,103.560671,42418,1
3860,3856,103.571808,42429,1
3861,3857,103.582943,42440,1
3862,3858,103.594079,42451,1
3863,3859,103.605214,42462,1
3864,3860,103.616348,42473,1
3865,3861,103.627485,42484,1
3866,3862,103.638620,42495,1
3867,3863,103.649756,42506,1
3868,3864,103.660891,42517,1
3869,3865,103.672027,42528,1
3870,3866,103.683162,42539,1
3871,3867,103.694296,42550,1
3872,3868,103.705432,42561,1
3873,3869,103.716568,42572,1
3874,3870,103.727704,42583,1
3875,3871,103.738840,42594,1
3876,3872,103.749974,42605,1
3877,3873,103.761110,42616,1
3878,3874,103.772246,42627,1
3879,3875,103.783381,42638,1
3880,3876,103.794517,42649,1
3881,3877,103.805650,42660,1
3882,3878,103.816787,42671,1
3883,3879,103.827922,42682,1
3884,3880,103.839057,42693,1
3885,3881,103.850193,42704,1
3886,3882,103.861329,42715,1
3887,3883,103.872465,42726,1
3888,3884,103.883598,42737,1
3889,3885,103.894735,42748,1
3890,3886,103.905869,42759,1
3891,3887,103.917006,42770,1
3892,3888,103.928141,42781,1
3893,3889,103.939275,42792,1
3894,3890,103.950411,42803,1
3895,3891,103.961548,42814,1
3896,3892,103.972681,42825,1
3897,3893,103.983817,42836,1
3898,3894,103.994952,42847,1
3899,3895,104.006105,42858,1
3900,3896,104.017225,42869,1
3901,3897,104.028361,42880,1
3902,3898,104.039497,42891,1
3903,3899,104.050629,42902,1
3904,3900,104.061767,42913,1
3905,3901,104.072903,42924,1
3906,3902,104.084038,42935,1
3907,3903,104.095173,42946,1
3908,3904,104.106309,42957,1
3909,3905,104.117442,42968,1
3910,3906,104.128577,42979,1
3911,3907,104.139713,42990,1
3912,3908,104.150848,43001,1
3913,3909,104.161984,43012,1
3914,3910,104.173119,43023,1
3915,3911,104.184255,43034,1
3916,3912,104.195392,43045,1
3917,3913,104.206525,43056,1
3918,3914,104.217663,43067,1
3919,3915,104.228797,43078,1
3920,3916,104.239933,43089,1
3921,3917,104.250056,43099,1
3922,3918,104.261193,43110,1
3923,3919,104.272328,43121,1
3924,3920,104.283461,43132,1
3925,3921,104.294596,43143,1
3926,3922,104.305733,43154,1
3927,3923,104.316869,43165,1
3928,3924,104.328004,43176,1
3929,3925,104.339141,43187,1
3930,3926,104.350276,43198,1
3931,3927,104.361411,43209,1
3932,3928,104.372545,43220,1
3933,3929,104.383681,43231,1
3934,3930,104.394817,43242,1
3935,3931,104.405953,43253,1
3936,3932,104.417086,43264,1
3937,3933,104.428223,43275,1
3938,3934,104.439359,43286,1
3939,3935,104.450494,43297,1
3940,3936,104.461628,43308,1
3941,3937,104.472766,43319,1
3942,3938,104.483901,43330,1
3943,3939,104.495036,43341,1
3944,3940,104.506172,43352,1
3945,3941,104.517305,43363,1
3946,3942,104.528443,43374,1
3947,3943,104.539576,43385,1
3948,3944,104.550712,43396,1
3949,3945,104.561848,43407,1
3950,3946,104.572984,43418,1
3951,3947,104.584118,43429,1
3952,3948,104.595255,43440,1
3953,3949,104.606388,43451,1
3954,3950,104.617524,43462,1
3955,3951,104.628661,43473,1
3956,3952,104.639797,43484,1
3957,3953,104.650932,43495,1
3958,3954,104.662068,43506,1
3959,3955,104.673201,43517,1
3960,3956,104.684339,43528,1
3961,3957,104.695472,43539,1
3962,3958,104.706607,43550,1
3963,3959,104.717744,43561,1
3964,3960,104.728880,43572,1
3965,3961,104.740016,43583,1
3966,3962,104.751151,43594,1
3967,3963,104.762285,43605,1
3968,3964,104.773420,43616,1
3969,3965,104.784555,43627,1
3970,3966,104.795691,43638,1
3971,3967,104.806828,43649,1
3972,3968,104.817964,43660,1
3973,3969,104.829103,43671,1
3974,3970,104.840233,43682,1
3975,3971,104.851369,43693,1
3976,3972,104.862505,43704,1
3977,3973,104.873641,43715,1
3978,3974,104.884774,43726,1
3979,3975,104.895912,43737,1
3980,3976,104.907047,43748,1
3981,3977,104.918180,43759,1
3982,3978,104.929316,43770,1
3983,3979,104.940454,43781,1
3984,3980,104.951589,43792,1
3985,3981,104.962724,43803,1
3986,3982,104.973860,43814,1
3987,3983,104.984993,43825,1
3988,3984,104.996129,43836,1
3989,3985,105.007265,43847,1
3990,3986,105.018402,43858,1
3991,3987,105.029536,43869,1
3992,3988,105.040672,43880,1
3993,3989,105.051808,43891,1
3994,3990,105.062941,43902,1
3995,3991,105.074076,43913,1
3996,3992,105.085214,43924,1
3997,3993,105.096347,43935,1
3998,3994,105.107484,43946,1
3999,3995,105.118619,43957,1
4000,3996,105.129753,43968,1
4001,3997,105.140891,43979,1
4002,3998,105.152025,43990,1
4003,3999,105.163161,44001,1
4004,4000,105.174297,44012,1
4005,4001,105.185432,44023,1
4006,4002,105.196568,44034,1
4007,4003,105.207702,44045,1
4008,4004,105.218838,44056,1
4009,4005,105.229975,44067,1
4010,4006,105.241108,44078,1
4011,4007,105.252243,44089,1
4012,4008,105.263379,44100,1
4013,4009,105.274514,44111,1
4014,4010,105.285650,44122,1
4015,4011,105.296787,44133,1
4016,4012,105.307922,44144,1
4017,4013,105.319059,44155,1
4018,4014,105.330194,44166,1
4019,4015,105.341328,44177,1
4020,4016,105.352464,44188,1
4021,4017,105.363599,44199,1
4022,4018,105.374733,44210,1
4023,4019,105.385870,44221,1
4024,4020,105.397004,44232,1
4025,4021,105.408141,44243,1
4026,4022,105.419276,44254,1
4027,-1,105.430412,44265,1
4028,4023,105.441546,44276,1
4029,4024,105.452683,44287,1
4030,4025,105.463817,44298,1
4031,4026,105.474953,44309,1
4032,4027,105.486100,44320,1
4033,4028,105.497224,44331,1
4034,4029,105.508358,44342,1
4035,4030,105.519495,44353,1
4036,4031,105.530631,44364,1
4037,4032,105.541766,44375,1
4038,4033,105.552900,44386,1
4039,4034,105.564037,44397,1
4040,4035,105.575172,44408,1
4041,4036,105.586308,44419,1
4042,4037,105.597441,44430,1
4043,4038,105.608579,44441,1
4044,4039,105.619714,44452,1
4045,4040,105.630848,44463,1
4046,4041,105.641983,44474,1
4047,4042,105.653120,44485,1
4048,4043,105.664256,44496,1
4049,4044,105.675390,44507,1
4050,4045,105.686527,44518,1
4051,4046,105.697662,44529,1
4052,4047,105.708796,44540,1
4053,4048,105.718921,44550,1
4054,4049,105.730058,44561,1
4055,4050,105.741192,44572,1
4056,4051,105.752325,44583,1
4057,4052,105.763461,44594,1
4058,4053,105.774597,44605,1
4059,4054,105.785733,44616,1
4060,4055,105.796868,44627,1
4061,4056,105.808005,44638,1
4062,4057,105.819138,44649,1
4063,4058,105.830273,44660,1
4064,4059,105.841409,44671,1
4065,4060,105.852545,44682,1
4066,4061,105.863681,44693,1
4067,4062,105.874815,44704,1
4068,4063,105.885950,44715,1
4069,4064,105.897100,44726,1
4070,4065,105.908223,44737,1
4071,4066,105.919359,44748,1
4072,4067,105.930493,44759,1
4073,4068,105.941629,44770,1
4074,4069,105.952764,44781,1
4075,4070,105.963901,44792,1
4076,4071,105.975036,44803,1
4077,4072,105.986170,44814,1
4078,4073,105.997306,44825,1
4079,4074,106.008441,44836,1
4080,4075,106.019576,44847,1
4081,4076,106.030712,44858,1
4082,4077,106.041848,44869,1
4083,4078,106.052983,44880,1
4084,4079,106.064119,44891,1
4085,4080,106.075252,44902,1
4086,4081,106.086390,44913,1
4087,4082,106.097525,44924,1
4088,4083,106.108660,44935,1
4089,4084,106.119797,44946,1
4090,4085,106.130931,44957,1
4091,4086,106.142066,44968,1
4092,4087,106.153202,44979,1
4093,4088,106.164337,44990,1
4094,4089,106.175471,45001,1
4095,4090,106.186608,45012,1
4096,4091,106.197744,45023,1
4097,4092,106.208879,45034,1
4098,4093,106.220014,45045,1
4099,4094,106.231148,45056,1
4100,4095,106.242286,45067,1
4101,4096,106.253420,45078,1
4102,4097,106.264556,45089,1
4103,4098,106.275692,45100,1
4104,4099,106.286827,45111,1
4105,4100,106.297961,45122,1
4106,4101,106.309104,45133,1
4107,4102,106.320233,45144,1
4108,4103,106.331367,45155,1
4109,4104,106.342504,45166,1
4110,4105,106.353641,45177,1
4111,4106,106.364775,45188,1
4112,4107,106.375910,45199,1
4113,4108,106.387046,45210,1
4114,4109,106.398182,45221,1
4115,4110,106.409316,45232,1
4116,4111,106.420453,45243,1
4117,4112,106.431589,45254,1
4118,4113,106.442724,45265,1
4119,4114,106.453859,45276,1
4120,4115,106.464994,45287,1
4121,4116,106.476128,45298,1
4122,4117,106.487266,45309,1
4123,4118,106.498401,45320,1
4124,4119,106.509534,45331,1
4125,4120,106.520672,45342,1
4126,4121,106.531806,45353,1
4127,4122,106.542940,45364,1
4128,4123,106.554077,45375,1
4129,4124,106.565214,45386,1
4130,4125,106.576349,45397,1
4131,4126,106.587482,45408,1
4132,4127,106.598619,45419,1
4133,4128,106.609754,45430,1
4134,4129,106.620889,45441,1
4135,4130,106.632024,45452,1
4136,4131,106.643160,45463,1
4137,4132,106.654296,45474,1
4138,4133,106.665433,45485,1
4139,4134,106.676568,45496,1
4140,4135,106.687701,45507,1
4141,4136,106.698838,45518,1
4142,4137,106.709972,45529,1
4143,4138,106.721110,45540,1
4144,4139,106.732245,45551,1
4145,4140,106.743380,45562,1
4146,4141,106.754515,45573,1
4147,4142,106.765651,45584,1
4148,4143,106.776785,45595,1
4149,4144,106.787920,45606,1
4150,4145,106.799057,45617,1
4151,4146,106.810191,45628,1
4152,4147,106.821326,45639,1
4153,4148,106.832463,45650,1
4154,4149,106.843599,45661,1
4155,4150,106.854732,45672,1
4156,4151,106.865869,45683,1
4157,4152,106.877006,45694,1
4158,4153,106.888140,45705,1
4159,4154,106.899276,45716,1
4160,4155,106.910411,45727,1
4161,4156,106.921546,45738,1
4162,4157,106.932680,45749,1
4163,4158,106.943818,45760,1
4164,4159,106.954954,45771,1
4165,4160,106.966100,45782,1
4166,4161,106.977222,45793,1
4167,4162,106.988359,45804,1
4168,4163,106.999493,45815,1
4169,4164,107.010631,45826,1
4170,4165,107.021764,45837,1
4171,4166,107.032900,45848,1
4172,4167,107.044035,45859,1
4173,4168,107.055172,45870,1
4174,4169,107.066308,45881,1
4175,4170,107.077441,45892,1
4176,4171,107.088578,45903,1
4177,4172,107.099712,45914,1
4178,4173,107.110848,45925,1
4179,4174,107.121985,45936,1
4180,4175,107.133120,45947,1
4181,4176,107.144254,45958,1
4182,4177,107.155389,45969,1
4183,4178,107.166524,45980,1
4184,4179,107.177660,45991,1
4185,4180,107.188798,46002,1
4186,4181,107.198921,46012,1
4187,4182,107.210054,46023,1
4188,4183,107.221189,46034,1
4189,4184,107.232326,46045,1
4190,4185,107.243462,46056,1
4191,4186,107.254596,46067,1
4192,4187,107.265733,46078,1
4193,4188,107.276866,46089,1
4194,4189,107.288004,46100,1
4195,4190,107.299137,46111,1
4196,4191,107.310274,46122,1
4197,4192,107.321408,46133,1
4198,4193,107.332546,46144,1
4199,4194,107.343680,46155,1
4200,4195,107.354815,46166,1
4201,4196,107.365950,46177,1
4202,4197,107.377087,46188,1
4203,4198,107.388222,46199,1
4204,4199,107.399356,46210,1
4205,4200,107.410492,46221,1
4206,4201,107.421628,46232,1
4207,4202,107.432764,46243,1
4208,4203,107.443898,46254,1
4209,4204,107.455036,46265,1
4210,4205,107.466170,46276,1
4211,4206,107.477305,46287,1
4212,4207,107.488442,46298,1
4213,4208,107.499577,46309,1
4214,4209,107.510711,46320,1
4215,4210,107.521847,46331,1
4216,4211,107.532983,46342,1
4217,4212,107.544118,46353,1
4218,4213,107.555252,46364,1
4219,4214,107.566388,46375,1
4220,4215,107.577523,46386,1
4221,4216,107.588658,46397,1
4222,4217,107.599794,46408,1
4223,4218,107.610931,46419,1
4224,4219,107.622067,46430,1
4225,4220,107.633202,46441,1
4226,4221,107.644338,46452,1
4227,4222,107.655471,46463,1
4228,4223,107.666609,46474,1
4229,4224,107.677742,46485,1
4230,4225,107.688877,46496,1
4231,4226,107.700014,46507,1
4232,4227,107.711150,46518,1
4233,4228,107.722283,46529,1
4234,4229,107.733421,46540,1
4235,4230,107.744556,46551,1
4236,4231,107.755690,46562,1
4237,4232,107.766825,46573,1
4238,4233,107.777963,46584,1
4239,4234,107.789103,46595,1
4240,4235,107.800234,46606,1
4241,4236,107.811368,46617,1
4242,4237,107.822504,46628,1
4243,4238,107.833638,46639,1
4244,4239,107.844773,46650,1
4245,4240,107.855911,46661,1
4246,4241,107.867046,46672,1
4247,4242,107.878180,46683,1
4248,4243,107.889316,46694,1
4249,4244,107.900453,46705,1
4250,4245,107.911587,46716,1
4251,4246,107.922721,46727,1
4252,4247,107.933859,46738,1
4253,4248,107.944993,46749,1
4254,4249,107.956127,46760,1
4255,4250,107.967265,46771,1
4256,4251,107.978398,46782,1
4257,4252,107.989534,46793,1
4258,4253,108.000669,46804,1
4259,4254,108.011807,46815,1
4260,4255,108.022942,46826,1
4261,4256,108.034077,46837,1
4262,4257,108.045212,46848,1
4263,4258,108.056346,46859,1
4264,4259,108.067482,46870,1
4265,4260,108.078617,46881,1
4266,4261,108.089753,46892,1
4267,4262,108.100888,46903,1
4268,4263,108.112026,46914,1
4269,4264,108.123160,46925,1
4270,4265,108.134296,46936,1
4271,4266,108.145432,46947,1
4272,4267,108.156567,46958,1
4273,4268,108.167701,46969,1
4274,4269,108.178838,46980,1
4275,4270,108.189973,46991,1
4276,4271,108.201109,47002,1
4277,4272,108.212245,47013,1
4278,4273,108.223380,47024,1
4279,4274,108.234516,47035,1
4280,4275,108.245650,47046,1
4281,4276,108.256784,47057,1
4282,4277,108.267922,47068,1
4283,4278,108.279055,47079,1
4284,4279,108.290192,47090,1
4285,4280,108.301326,47101,1
4286,4281,108.312461,47112,1
4287,4282,108.323597,47123,1
4288,4283,108.334732,47134,1
4289,4284,108.345869,47145,1
4290,4285,108.357003,47156,1
4291,4286,108.368140,47167,1
4292,4287,108.379274,47178,1
4293,4288,108.390411,47189,1
4294,4289,108.401546,47200,1
4295,4290,108.412680,47211,1
4296,4291,108.423818,47222,1
4297,4292,108.434952,47233,1
4298,4293,108.446100,47244,1
4299,4294,108.457223,47255,1
4300,4295,108.468359,47266,1
4301,4296,108.479493,47277,1
4302,4297,108.490628,47288,1
4303,4298,108.501765,47299,1
4304,4299,108.512899,47310,1
4305,4300,108.524036,47321,1
4306,4301,108.535171,47332,1
4307,4302,108.546307,47343,1
4308,4303,108.557440,47354,1
4309,4304,108.568576,47365,1
4310,4305,108.579711,47376,1
4311,4306,108.590849,47387,1
4312,4307,108.601982,47398,1
4313,4308,108.613118,47409,1
4314,4309,108.624253,47420,1
4315,4310,108.635390,47431,1
4316,4311,108.646526,47442,1
4317,4312,108.657661,47453,1
4318,4313,108.667784,47463,1
4319,4314,108.678919,47474,1
4320,4315,108.690056,47485,1
4321,4316,108.701191,47496,1
4322,4317,108.712327,47507,1
4323,4318,108.723461,47518,1
4324,4319,108.734595,47529,1
4325,4320,108.745732,47540,1
4326,4321,108.756866,47551,1
4327,4322,108.768004,47562,1
4328,4323,108.779139,47573,1
4329,4324,108.790274,47584,1
4330,4325,108.801410,47595,1
4331,4326,108.812543,47606,1
4332,4327,108.823681,47617,1
4333,4328,108.834814,47628,1
4334,4329,108.845951,47639,1
4335,4330,108.857102,47650,1
4336,4331,108.868222,47661,1
4337,4332,108.879357,47672,1
4338,4333,108.890493,47683,1
4339,4334,108.901628,47694,1
4340,4335,108.912763,47705,1
4341,4336,108.923897,47716,1
4342,4337,108.935033,47727,1
4343,4338,108.946170,47738,1
4344,4339,108.957304,47749,1
4345,4340,108.968439,47760,1
4346,4341,108.979577,47771,1
4347,4342,108.990710,47782,1
4348,4343,109.001846,47793,1
4349,4344,109.012983,47804,1
4350,4345,109.024118,47815,1
4351,4346,109.035253,47826,1
4352,4347,109.046388,47837,1
4353,4348,109.057523,47848,1
4354,4349,109.068660,47859,1
4355,4350,109.079793,47870,1
4356,4351,109.090931,47881,1
4357,4352,109.102067,47892,1
4358,4353,109.113201,47903,1
4359,4354,109.124338,47914,1
4360,4355,109.135472,47925,1
4361,4356,109.146606,47936,1
4362,4357,109.157743,47947,1
4363,4358,109.168878,47958,1
4364,4359,109.180013,47969,1
4365,4360,109.191147,47980,1
4366,4361,109.202285,47991,1
4367,4362,109.213419,48002,1
4368,4363,109.224554,48013,1
4369,4364,109.235689,48024,1
4370,4365,109.246826,48035,1
4371,4366,109.257961,48046,1
4372,4367,109.269104,48057,1
4373,4368,109.280233,48068,1
4374,4369,109.291366,48079,1
4375,4370,109.302504,48090,1
4376,4371,109.313638,48101,1
4377,4372,109.324773,48112,1
4378,4373,109.335908,48123,1
4379,4374,109.347045,48134,1
4380,4375,109.358179,48145,1
4381,4376,109.369315,48156,1
4382,4377,109.380450,48167,1
4383,4378,109.391585,48178,1
4384,4379,109.402721,48189,1
4385,4380,109.413856,48200,1
4386,4381,109.424994,48211,1
4387,4382,109.436128,48222,1
4388,4383,109.447262,48233,1
4389,4384,109.458399,48244,1
4390,4385,109.469534,48255,1
4391,4386,109.480670,48266,1
4392,4387,109.491804,48277,1
4393,4388,109.502941,48288,1
4394,4389,109.514077,48299,1
4395,4390,109.525212,48310,1
4396,4391,109.536348,48321,1
4397,4392,109.547481,48332,1
4398,4393,109.558619,48343,1
4399,4394,109.569754,48354,1
4400,4395,109.580889,48365,1
4401,4396,109.592025,48376,1
4402,4397,109.603161,48387,1
4403,4398,109.614295,48398,1
4404,4399,109.625429,48409,1
4405,4400,109.636566,48420,1
4406,4401,109.647701,48431,1
4407,4402,109.658836,48442,1
4408,4403,109.669971,48453,1
4409,4404,109.681107,48464,1
4410,4405,109.692243,48475,1
4411,4406,109.703379,48486,1
4412,4407,109.714515,48497,1
4413,4408,109.725648,48508,1
4414,4409,109.736783,48519,1
4415,4410,109.747920,48530,1
4416,4411,109.759055,48541,1
4417,4412,109.770190,48552,1
4418,4413,109.781325,48563,1
4419,4414,109.792463,48574,1
4420,4415,109.803598,48585,1
4421,4416,109.814731,48596,1
4422,4417,109.825869,48607,1
4423,4418,109.837002,48618,1
4424,4419,109.848138,48629,1
4425,4420,109.859273,48640,1
4426,4421,109.870410,48651,1
4427,4422,109.881547,48662,1
4428,4423,109.892679,48673,1
4429,4424,109.903816,48684,1
4430,4425,109.914953,48695,1
4431,4426,109.926103,48706,1
4432,4427,109.937223,48717,1
4433,4428,109.948356,48728,1
4434,4429,109.959494,48739,1
4435,4430,109.970627,48750,1
4436,4431,109.981763,48761,1
4437,4432,109.992899,48772,1
4438,4433,110.004035,48783,1
4439,4434,110.015171,48794,1
4440,4435,110.026307,48805,1
4441,4436,110.037440,48816,1
4442,4437,110.048576,48827,1
4443,4438,110.059713,48838,1
4444,4439,110.070847,48849,1
4445,4440,110.081983,48860,1
4446,4441,110.093119,48871,1
4447,4442,110.104254,48882,1
4448,4443,110.115389,48893,1
4449,4444,110.126525,48904,1
4450,4445,110.137659,48915,1
4451,4446,110.147782,48925,1
4452,4447,110.158919,48936,1
4453,4448,110.170056,48947,1
4454,4449,110.181190,48958,1
4455,4450,110.192324,48969,1
4456,4451,110.203459,48980,1
4457,4452,110.214596,48991,1
4458,4453,110.225732,49002,1
4459,4454,110.236868,49013,1
4460,4455,110.248001,49024,1
4461,4456,110.259138,49035,1
4462,4457,110.270272,49046,1
4463,4458,110.281409,49057,1
4464,4459,110.292545,49068,1
4465,4460,110.303680,49079,1
4466,4461,110.314816,49090,1
4467,4462,110.325949,49101,1
4468,4463,110.337087,49112,1
4469,4464,110.348220,49123,1
4470,4465,110.359355,49134,1
4471,4466,110.370493,49145,1
4472,4467,110.381626,49156,1
4473,4468,110.392761,49167,1
4474,4469,110.403899,49178,1
4475,4470,110.415033,49189,1
4476,4471,110.426169,49200,1
4477,4472,110.437305,49211,1
4478,4473,110.448440,49222,1
4479,4474,110.459574,49233,1
4480,4475,110.470711,49244,1
4481,4476,110.481847,49255,1
4482,4477,110.492982,49266,1
4483,4478,110.504116,49277,1
4484,4479,110.515251,49288,1
4485,4480,110.526388,49299,1
4486,4481,110.537523,49310,1
4487,4482,110.548659,49321,1
4488,4483,110.559793,49332,1
4489,4484,110.570931,49343,1
4490,4485,110.582064,49354,1
4491,4486,110.593200,49365,1
4492,-1,110.604337,49376,1
4493,4487,110.615470,49387,1
4494,4488,110.626605,49398,1
4495,4489,110.637741,49409,1
4496,4490,110.648879,49420,1
4497,4491,110.660013,49431,1
4498,4492,110.671149,49442,1
4499,4493,110.682284,49453,1
4500,4494,110.693419,49464,1
4501,4495,110.704556,49475,1
4502,4496,110.716792,49486,1
4503,4497,110.726827,49496,1
4504,4498,110.737962,49507,1
4505,4499,110.749103,49518,1
4506,4500,110.760233,49529,1
4507,4501,110.771366,49540,1
4508,4502,110.782502,49551,1
4509,4503,110.793637,49562,1
4510,4504,110.804774,49573,1
4511,4505,110.815909,49584,1
4512,4506,110.827045,49595,1
4513,4507,110.838181,49606,1
4514,4508,110.849316,49617,1
4515,4509,110.860451,49628,1
4516,4510,110.871587,49639,1
4517,4511,110.882721,49650,1
4518,4512,110.893857,49661,1
4519,4513,110.904991,49672,1
4520,4514,110.916129,49683,1
4521,4515,110.927262,49694,1
4522,4516,110.938397,49705,1
4523,4517,110.949535,49716,1
4524,4518,110.960671,49727,1
4525,4519,110.971805,49738,1
4526,4520,110.982941,49749,1
4527,4521,110.994075,49760,1
4528,4522,111.005210,49771,1
4529,4523,111.016347,49782,1
4530,4524,111.027482,49793,1
4531,4525,111.038616,49804,1
4532,4526,111.049751,49815,1
4533,4527,111.060887,49826,1
4534,4528,111.072023,49837,1
4535,4529,111.083160,49848,1
4536,4530,111.094295,49859,1
4537,4531,111.105431,49870,1
4538,4532,111.116564,49881,1
4539,4533,111.127701,49892,1
4540,4534,111.138835,49903,1
4541,4535,111.149972,49914,1
4542,4536,111.161107,49925,1
4543,4537,111.172243,49936,1
4544,4538,111.183379,49947,1
4545,4539,111.194512,49958,1
4546,4540,111.205648,49969,1
4547,4541,111.216785,49980,1
4548,4542,111.227919,49991,1
4549,4543,111.239054,50002,1
4550,4544,111.250189,50013,1
4551,4545,111.261327,50024,1
4552,4546,111.272460,50035,1
4553,4547,111.283596,50046,1
4554,4548,111.294733,50057,1
4555,4549,111.305867,50068,1
4556,4550,111.317003,50079,1
4557,4551,111.328137,50090,1
4558,4552,111.339275,50101,1
4559,4553,111.350409,50112,1
4560,4554,111.361545,50123,1
4561,4555,111.372680,50134,1
4562,4556,111.383817,50145,1
4563,4557,111.394952,50156,1
4564,4558,111.406087,50167,1
4565,4559,111.417222,50178,1
4566,4560,111.428356,50189,1
4567,4561,111.439494,50200,1
4568,4562,111.450628,50211,1
4569,4563,111.461762,50222,1
4570,4564,111.472899,50233,1
4571,4565,111.484034,50244,1
4572,4566,111.495171,50255,1
4573,4567,111.506305,50266,1
4574,4568,111.517442,50277,1
4575,4569,111.528577,50288,1
4576,4570,111.539712,50299,1
4577,4571,111.550846,50310,1
4578,4572,111.561984,50321,1
4579,4573,111.573119,50332,1
4580,4574,111.584253,50343,1
4581,4575,111.595390,50354,1
4582,4576,111.606524,50365,1
4583,4577,111.616647,50375,1
4584,4578,111.627781,50386,1
4585,4579,111.638918,50397,1
4586,4580,111.650055,50408,1
4587,4581,111.661190,50419,1
4588,4582,111.672323,50430,1
4589,4583,111.683459,50441,1
4590,4584,111.694596,50452,1
4591,4585,111.705730,50463,1
4592,4586,111.716867,50474,1
4593,4587,111.728001,50485,1
4594,4588,111.739136,50496,1
4595,4589,111.750271,50507,1
4596,4590,111.761408,50518,1
4597,4591,111.772544,50529,1
4598,4592,111.783680,50540,1
4599,4593,111.794815,50551,1
4600,4594,111.805950,50562,1
4601,4595,111.817086,50573,1
4602,4596,111.828221,50584,1
4603,4597,111.839354,50595,1
4604,4598,111.850493,50606,1
4605,4599,111.861628,50617,1
4606,4600,111.872761,50628,1
4607,4601,111.883896,50639,1
4608,4602,111.895033,50650,1
4609,4603,111.906167,50661,1
4610,4604,111.917304,50672,1
4611,4605,111.928438,50683,1
4612,4606,111.939576,50694,1
4613,4607,111.950711,50705,1
4614,4608,111.961847,50716,1
4615,4609,111.972980,50727,1
4616,4610,111.984115,50738,1
4617,4611,111.995253,50749,1
4618,4612,112.006386,50760,1
4619,4613,112.017522,50771,1
4620,4614,112.028659,50782,1
4621,4615,112.039795,50793,1
4622,4616,112.050928,50804,1
4623,4617,112.062065,50815,1
4624,4618,112.073199,50826,1
4625,4619,112.084334,50837,1
4626,4620,112.095470,50848,1
4627,4621,112.106607,50859,1
4628,4622,112.117742,50870,1
4629,4623,112.128877,50881,1
4630,4624,112.140013,50892,1
4631,4625,112.151149,50903,1
4632,4626,112.162284,50914,1
4633,4627,112.173420,50925,1
4634,4628,112.184554,50936,1
4635,4629,112.195690,50947,1
4636,4630,112.206824,50958,1
4637,4631,112.217959,50969,1
4638,4632,112.229100,50980,1
4639,4633,112.240230,50991,1
4640,4634,112.251367,51002,1
4641,4635,112.262502,51013,1
4642,4636,112.273637,51024,1
4643,4637,112.284774,51035,1
4644,4638,112.295907,51046,1
4645,4639,112.307044,51057,1
4646,4640,112.318178,51068,1
4647,4641,112.329314,51079,1
4648,4642,112.340451,51090,1
4649,4643,112.351586,51101,1
4650,4644,112.362720,51112,1
4651,4645,112.373855,51123,1
4652,4646,112.384991,51134,1
4653,4647,112.396126,51145,1
4654,4648,112.407263,51156,1
4655,4649,112.418397,51167,1
4656,4650,112.429534,51178,1
4657,4651,112.440669,51189,1
4658,4652,112.451805,51200,1
4659,4653,112.462941,51211,1
4660,4654,112.474074,51222,1
4661,4655,112.485210,51233,1
4662,4656,112.496346,51244,1
4663,4657,112.507482,51255,1
4664,4658,112.518616,51266,1
4665,4659,112.529753,51277,1
4666,4660,112.540887,51288,1
4667,4661,112.552022,51299,1
4668,4662,112.563158,51310,1
4669,4663,112.574295,51321,1
4670,4664,112.585430,51332,1
4671,4665,112.596566,51343,1
4672,4666,112.607700,51354,1
4673,4667,112.618834,51365,1
4674,4668,112.629970,51376,1
4675,4669,112.641106,51387,1
4676,4670,112.652243,51398,1
4677,4671,112.663378,51409,1
4678,4672,112.674513,51420,1
4679,4673,112.685649,51431,1
4680,4674,112.696782,51442,1
4681,4675,112.707919,51453,1
4682,4676,112.719056,51464,1
4683,4677,112.730190,51475,1
4684,4678,112.741324,51486,1
4685,4679,112.752461,51497,1
4686,4680,112.763596,51508,1
4687,4681,112.774730,51519,1
4688,4682,112.785868,51530,1
4689,4683,112.797004,51541,1
4690,4684,112.808139,51552,1
4691,4685,112.819272,51563,1
4692,4686,112.830408,51574,1
4693,4687,112.841545,51585,1
4694,4688,112.852681,51596,1
4695,4689,112.863814,51607,1
4696,4690,112.874949,51618,1
4697,4691,112.886087,51629,1
4698,4692,112.897220,51640,1
4699,4693,112.908356,51651,1
4700,4694,112.919491,51662,1
4701,4695,112.930628,51673,1
4702,4696,112.941764,51684,1
4703,4697,112.952897,51695,1
4704,4698,112.964033,51706,1
4705,4699,112.975168,51717,1
4706,4700,112.986304,51728,1
4707,4701,112.997439,51739,1
4708,4702,113.008575,51750,1
4709,4703,113.019712,51761,1
4710,4704,113.030847,51772,1
4711,4705,113.041983,51783,1
4712,4706,113.053116,51794,1
4713,4707,113.064253,51805,1
4714,4708,113.075388,51816,1
4715,4709,113.086522,51827,1
4716,4710,113.096647,51837,1
4717,4711,113.107782,51848,1
4718,4712,113.118917,51859,1
4719,4713,113.130053,51870,1
4720,4714,113.141189,51881,1
4721,4715,113.152325,51892,1
4722,4716,113.163458,51903,1
4723,4717,113.174595,51914,1
4724,4718,113.185731,51925,1
4725,4719,113.196866,51936,1
4726,4720,113.208002,51947,1
4727,4721,113.219137,51958,1
4728,4722,113.230273,51969,1
4729,4723,113.241408,51980,1
4730,4724,113.252541,51991,1
4731,4725,113.263678,52002,1
4732,4726,113.274814,52013,1
4733,4727,113.285949,52024,1
4734,4728,113.297083,52035,1
4735,4729,113.308220,52046,1
4736,4730,113.319354,52057,1
4737,4731,113.330490,52068,1
4738,4732,113.341627,52079,1
4739,4733,113.352762,52090,1
4740,4734,113.363897,52101,1
4741,4735,113.375031,52112,1
4742,4736,113.386168,52123,1
4743,4737,113.397302,52134,1
4744,4738,113.408440,52145,1
4745,4739,113.419574,52156,1
4746,4740,113.430710,52167,1
4747,4741,113.441844,52178,1
4748,4742,113.452979,52189,1
4749,4743,113.464116,52200,1
4750,4744,113.475250,52211,1
4751,4745,113.486385,52222,1
4752,4746,113.497522,52233,1
4753,4747,113.508656,52244,1
4754,4748,113.519794,52255,1
4755,4749,113.530929,52266,1
4756,4750,113.542065,52277,1
4757,4751,113.553200,52288,1
4758,4752,113.564335,52299,1
4759,4753,113.575470,52310,1
4760,4754,113.586604,52321,1
4761,4755,113.597739,52332,1
4762,4756,113.608876,52343,1
4763,4757,113.620013,52354,1
4764,4758,113.631148,52365,1
4765,4759,113.642281,52376,1
4766,4760,113.653417,52387,1
4767,4761,113.664554,52398,1
4768,4762,113.675690,52409,1
4769,4763,113.686824,52420,1
4770,4764,113.697959,52431,1
4771,4765,113.709101,52442,1
4772,4766,113.720231,52453,1
4773,4767,113.731366,52464,1
4774,4768,113.742502,52475,1
4775,4769,113.753638,52486,1
4776,4770,113.764772,52497,1
4777,4771,113.775906,52508,1
4778,4772,113.787044,52519,1
4779,4773,113.798177,52530,1
4780,4774,113.809314,52541,1
4781,4775,113.820448,52552,1
4782,4776,113.831584,52563,1
4783,4777,113.842719,52574,1
4784,4778,113.853856,52585,1
4785,4779,113.864991,52596,1
4786,4780,113.876127,52607,1
4787,4781,113.887263,52618,1
4788,4782,113.898398,52629,1
4789,4783,113.909533,52640,1
4790,4784,113.920667,52651,1
4791,4785,113.931804,52662,1
4792,4786,113.942939,52673,1
4793,4787,113.954075,52684,1
4794,4788,113.965208,52695,1
4795,4789,113.976347,52706,1
4796,4790,113.987481,52717,1
4797,4791,113.998617,52728,1
4798,4792,114.009752,52739,1
4799,4793,114.020888,52750,1
4800,4794,114.032021,52761,1
4801,4795,114.043159,52772,1
4802,4796,114.054292,52783,1
4803,4797,114.065430,52794,1
4804,4798,114.076565,52805,1
4805,4799,114.087700,52816,1
4806,4800,114.098835,52827,1
4807,4801,114.109971,52838,1
4808,4802,114.121105,52849,1
4809,4803,114.132240,52860,1
4810,4804,114.143375,52871,1
4811,4805,114.154513,52882,1
4812,4806,114.165646,52893,1
4813,4807,114.176782,52904,1
4814,4808,114.187917,52915,1
4815,4809,114.199053,52926,1
4816,4810,114.210188,52937,1
4817,4811,114.221325,52948,1
4818,4812,114.232460,52959,1
4819,4813,114.243597,52970,1
4820,4814,114.254729,52981,1
4821,4815,114.265865,52992,1
4822,4816,114.277000,53003,1
4823,4817,114.288137,53014,1
4824,4818,114.299271,53025,1
4825,4819,114.310409,53036,1
4826,4820,114.321544,53047,1
4827,4821,114.332679,53058,1
4828,4822,114.343814,53069,1
4829,4823,114.354950,53080,1
4830,4824,114.366086,53091,1
4831,4825,114.377221,53102,1
4832,4826,114.388354,53113,1
4833,4827,114.399492,53124,1
4834,4828,114.410625,53135,1
4835,4829,114.421763,53146,1
4836,4830,114.432898,53157,1
4837,4831,114.444032,53168,1
4838,4832,114.455167,53179,1
4839,4833,114.466304,53190,1
4840,4834,114.477440,53201,1
4841,4835,114.488575,53212,1
4842,4836,114.499709,53223,1
4843,4837,114.510847,53234,1
4844,4838,114.521982,53245,1
4845,4839,114.533116,53256,1
4846,4840,114.544252,53267,1
4847,4841,114.555388,53278,1
4848,4842,114.565510,53288,1
4849,4843,114.576645,53299,1
4850,4844,114.587780,53310,1
4851,4845,114.598916,53321,1
4852,4846,114.610052,53332,1
4853,4847,114.621188,53343,1
4854,4848,114.632322,53354,1
4855,4849,114.643459,53365,1
4856,4850,114.654595,53376,1
4857,4851,114.665730,53387,1
4858,4852,114.676864,53398,1
4859,4853,114.688000,53409,1
4860,4854,114.699134,53420,1
4861,4855,114.710272,53431,1
4862,4856,114.721408,53442,1
4863,4857,114.732543,53453,1
4864,4858,114.743676,53464,1
4865,4859,114.754811,53475,1
4866,4860,114.765947,53486,1
4867,4861,114.777082,53497,1
4868,4862,114.788218,53508,1
4869,4863,114.799353,53519,1
4870,4864,114.810489,53530,1
4871,4865,114.821624,53541,1
4872,4866,114.832759,53552,1
4873,4867,114.843897,53563,1
4874,4868,114.855031,53574,1
4875,4869,114.866167,53585,1
4876,4870,114.877301,53596,1
4877,4871,114.888436,53607,1
4878,4872,114.899573,53618,1
4879,4873,114.910709,53629,1
4880,4874,114.921844,53640,1
4881,4875,114.932979,53651,1
4882,4876,114.944116,53662,1
4883,4877,114.955249,53673,1
4884,4878,114.966385,53684,1
4885,4879,114.977522,53695,1
4886,4880,114.988658,53706,1
4887,4881,114.999793,53717,1
4888,4882,115.010928,53728,1
4889,4883,115.022062,53739,1
4890,4884,115.033197,53750,1
4891,4885,115.044335,53761,1
4892,4886,115.055470,53772,1
4893,4887,115.066604,53783,1
4894,4888,115.077741,53794,1
4895,4889,115.088876,53805,1
4896,4890,115.100009,53816,1
4897,4891,115.111147,53827,1
4898,4892,115.122283,53838,1
4899,4893,115.133416,53849,1
4900,4894,115.144553,53860,1
4901,4895,115.155688,53871,1
4902,4896,115.166823,53882,1
4903,4897,115.177960,53893,1
4904,4898,115.189102,53904,1
4905,4899,115.200231,53915,1
4906,4900,115.211366,53926,1
4907,4901,115.222501,53937,1
4908,4902,115.233636,53948,1
4909,4903,115.244772,53959,1
4910,4904,115.255907,53970,1
4911,4905,115.267042,53981,1
4912,4906,115.278178,53992,1
4913,4907,115.289312,54003,1
4914,4908,115.300447,54014,1
4915,4909,115.311585,54025,1
4916,4910,115.322719,54036,1
4917,4911,115.333855,54047,1
4918,4912,115.344989,54058,1
4919,4913,115.356126,54069,1
4920,4914,115.367262,54080,1
4921,4915,115.378395,54091,1
4922,4916,115.389533,54102,1
4923,4917,115.400668,54113,1
4924,4918,115.411801,54124,1
4925,4919,115.422938,54135,1
4926,4920,115.434074,54146,1
4927,4921,115.445208,54157,1
4928,4922,115.456345,54168,1
4929,4923,115.467480,54179,1
4930,4924,115.478614,54190,1
4931,4925,115.489752,54201,1
4932,4926,115.500886,54212,1
4933,4927,115.512022,54223,1
4934,4928,115.523158,54234,1
4935,4929,115.534292,54245,1
4936,4930,115.545428,54256,1
4937,4931,115.556562,54267,1
4938,4932,115.567699,54278,1
4939,4933,115.578833,54289,1
4940,4934,115.589971,54300,1
4941,4935,115.601108,54311,1
4942,4936,115.612241,54322,1
4943,4937,115.623377,54333,1
4944,4938,115.634512,54344,1
4945,4939,115.645646,54355,1
4946,4940,115.656781,54366,1
4947,4941,115.667918,54377,1
4948,4942,115.679052,54388,1
4949,4943,115.690189,54399,1
4950,4944,115.701325,54410,1
4951,4945,115.712458,54421,1
4952,4946,115.723596,54431,1
4953,4947,115.734730,54442,1
4954,4948,115.745866,54453,1
4955,4949,115.757000,54464,1
4956,4950,115.768137,54475,1
4957,4951,115.779270,54486,1
4958,4952,115.790408,54497,1
4959,4953,115.801544,54508,1
4960,4954,115.812678,54519,1
4961,4955,115.823812,54530,1
4962,4956,115.834949,54541,1
4963,4957,115.846084,54552,1
4964,4958,115.857221,54563,1
4965,4959,115.868354,54574,1
4966,4960,115.879492,54585,1
4967,4961,115.890626,54596,1
4968,4962,115.901760,54607,1
4969,4963,115.912897,54618,1
4970,4964,115.924033,54629,1
4971,4965,115.935168,54640,1
4972,4966,115.946304,54651,1
4973,4967,115.957437,54662,1
4974,4968,115.968575,54673,1
4975,4969,115.979708,54684,1
4976,4970,115.990846,54695,1
4977,4971,116.001981,54706,1
4978,4972,116.013114,54717,1
4979,4973,116.024250,54728,1
4980,4974,116.035387,54739,1
4981,4975,116.045510,54749,1
4982,4976,116.056645,54760,1
4983,4977,116.067780,54771,1
4984,4978,116.078917,54782,1
4985,4979,116.090052,54793,1
4986,4980,116.101187,54804,1
4987,4981,116.112323,54815,1
4988,4982,116.123459,54826,1
4989,4983,116.134593,54837,1
4990,4984,116.145728,54848,1
4991,4985,116.156865,54859,1
4992,4986,116.167998,54870,1
4993,4987,116.179133,54881,1
4994,4988,116.190271,54892,1
4995,4989,116.201405,54903,1
4996,4990,116.212540,54914,1
4997,4991,116.223677,54925,1
4998,4992,116.234813,54936,1
4999,4993,116.245948,54947,1
5000,4994,116.257081,54958,1
5001,4995,116.268218,54969,1
5002,4996,116.279354,54980,1
5003,4997,116.290488,54991,1
5004,4998,116.301626,55002,1
5005,4999,116.312759,55013,1
5006,5000,116.323896,55024,1
5007,5001,116.335032,55035,1
5008,5002,116.346166,55046,1
5009,5003,116.357301,55057,1
5010,5004,116.368437,55068,1
5011,5005,116.379572,55079,1
5012,5006,116.390707,55090,1
5013,5007,116.401845,55101,1
5014,5008,116.412980,55112,1
5015,5009,116.424115,55123,1
5016,5010,116.435250,55134,1
5017,5011,116.446386,55145,1
5018,5012,116.457521,55156,1
5019,5013,116.468656,55167,1
5020,5014,116.479792,55178,1
5021,5015,116.490928,55189,1
5022,5016,116.502063,55200,1
5023,5017,116.513198,55211,1
5024,5018,116.524333,55222,1
5025,5019,116.535469,55233,1
5026,5020,116.546603,55244,1
5027,5021,116.557740,55255,1
5028,5022,116.568874,55266,1
5029,5023,116.580010,55277,1
5030,5024,116.591146,55288,1
5031,5025,116.602281,55299,1
5032,5026,116.613416,55310,1
5033,5027,116.624553,55321,1
5034,5028,116.635687,55332,1
5035,5029,116.646824,55343,1
5036,5030,116.657958,55354,1
5037,5031,116.669103,55365,1
5038,5032,116.680229,55376,1
5039,5033,116.691365,55387,1
5040,5034,116.702500,55398,1
5041,5035,116.713636,55409,1
5042,5036,116.724771,55420,1
5043,5037,116.735906,55431,1
5044,5038,116.747040,55442,1
5045,5039,116.758178,55453,1
5046,5040,116.769312,55464,1
5047,5041,116.780449,55475,1
5048,5042,116.791582,55486,1
5049,5043,116.802718,55497,1
5050,5044,116.813853,55508,1
5051,5045,116.824990,55519,1
5052,5046,116.836123,55530,1
5053,5047,116.847259,55541,1
5054,5048,116.858394,55552,1
5055,5049,116.869532,55563,1
5056,5050,116.880666,55574,1
5057,5051,116.891803,55585,1
5058,5052,116.902938,55596,1
5059,5053,116.914072,55607,1
5060,5054,116.925209,55618,1
5061,5055,116.936344,55629,1
5062,5056,116.947479,55640,1
5063,5057,116.958613,55651,1
5064,5058,116.969751,55662,1
5065,5059,116.980886,55673,1
5066,5060,116.992022,55684,1
5067,5061,117.003157,55695,1
5068,5062,117.014291,55706,1
5069,5063,117.025426,55717,1
5070,5064,117.036563,55728,1
5071,5065,117.047698,55739,1
5072,5066,117.058834,55750,1
5073,5067,117.069969,55761,1
5074,5068,117.081103,55772,1
5075,5069,117.092240,55783,1
5076,5070,117.103376,55794,1
5077,5071,117.114510,55805,1
5078,5072,117.125646,55816,1
5079,5073,117.136782,55827,1
5080,5074,117.147918,55838,1
5081,5075,117.159052,55849,1
5082,5076,117.170189,55860,1
5083,5077,117.181324,55871,1
5084,5078,117.192459,55882,1
5085,5079,117.203595,55893,1
5086,5080,117.214730,55904,1
5087,5081,117.225863,55915,1
5088,5082,117.237000,55926,1
5089,5083,117.248135,55937,1
5090,5084,117.259272,55948,1
5091,5085,117.270405,55959,1
5092,5086,117.281541,55970,1
5093,5087,117.292678,55981,1
5094,5088,117.303814,55992,1
5095,5089,117.314948,56003,1
5096,5090,117.326082,56014,1
5097,5091,117.337220,56025,1
5098,5092,117.348355,56036,1
5099,5093,117.359490,56047,1
5100,5094,117.370625,56058,1
5101,5095,117.381761,56069,1
5102,5096,117.392895,56080,1
5103,5097,117.404033,56091,1
5104,5098,117.415166,56102,1
5105,5099,117.426301,56113,1
5106,5100,117.437439,56124,1
5107,5101,117.448574,56135,1
5108,5102,117.459710,56146,1
5109,5103,117.470844,56157,1
5110,5104,117.481978,56168,1
5111,5105,117.493114,56179,1
5112,5106,117.504251,56190,1
5113,5107,117.514374,56200,1
5114,5108,117.525508,56211,1
5115,5109,117.536643,56222,1
5116,5110,117.547780,56233,1
5117,5111,117.558914,56244,1
5118,5112,117.570051,56255,1
5119,5113,117.581187,56266,1
5120,5114,117.592322,56277,1
5121,5115,117.603457,56288,1
5122,5116,117.614592,56299,1
5123,5117,117.625727,56310,1
5124,5118,117.636862,56321,1
5125,5119,117.647998,56332,1
5126,5120,117.659135,56343,1
5127,5121,117.670269,56354,1
5128,5122,117.681405,56365,1
5129,5123,117.692541,56376,1
5130,5124,117.703676,56387,1
5131,5125,117.714813,56398,1
5132,5126,117.725945,56409,1
5133,5127,117.737082,56420,1
5134,5128,117.748219,56431,1
5135,5129,117.759353,56442,1
5136,5130,117.770490,56453,1
5137,5131,117.781624,56464,1
5138,5132,117.792758,56475,1
5139,5133,117.803896,56486,1
5140,5134,117.815031,56497,1
5141,5135,117.826166,56508,1
5142,5136,117.837300,56519,1
5143,5137,117.848435,56530,1
5144,5138,117.859571,56541,1
5145,5139,117.870706,56552,1
5146,5140,117.881842,56563,1
5147,5141,117.892979,56574,1
5148,5142,117.904113,56585,1
5149,5143,117.915248,56596,1
5150,5144,117.926385,56607,1
5151,5145,117.937520,56618,1
5152,5146,117.948654,56629,1
5153,5147,117.959792,56640,1
5154,5148,117.970926,56651,1
5155,5149,117.982061,56662,1
5156,5150,117.993197,56673,1
5157,5151,118.004333,56684,1
5158,5152,118.015469,56695,1
5159,5153,118.026603,56706,1
5160,5154,118.037740,56717,1
5161,5155,118.048873,56728,1
5162,5156,118.060011,56739,1
5163,5157,118.071144,56750,1
5164,5158,118.082281,56761,1
5165,5159,118.093414,56772,1
5166,5160,118.104550,56783,1
5167,5161,118.115685,56794,1
5168,5162,118.126823,56805,1
5169,5163,118.137958,56816,1
5170,5164,118.149100,56827,1
5171,5165,118.160227,56838,1
5172,5166,118.171364,56849,1
5173,5167,118.182498,56860,1
5174,5168,118.193634,56871,1
5175,5169,118.204769,56882,1
5176,5170,118.215904,56893,1
5177,5171,118.227042,56904,1
5178,5172,118.238175,56915,1
5179,5173,118.249313,56926,1
5180,5174,118.260446,56937,1
5181,5175,118.271584,56948,1
5182,5176,118.282719,56959,1
5183,5177,118.293853,56970,1
5184,5178,118.304989,56981,1
5185,5179,118.316123,56992,1
5186,5180,118.327260,57003,1
5187,5181,118.338396,57014,1
5188,5182,118.349529,57025,1
5189,5183,118.360667,57036,1
5190,5184,118.371802,57047,1
5191,5185,118.382938,57058,1
5192,5186,118.394074,57069,1
5193,5187,118.405209,57080,1
5194,5188,118.416342,57091,1
5195,5189,118.427479,57102,1
5196,5190,118.438615,57113,1
5197,5191,118.449750,57124,1
5198,5192,118.460885,57135,1
5199,5193,118.472020,57146,1
5200,5194,118.483154,57157,1
5201,5195,118.494292,57168,1
5202,5196,118.505426,57179,1
5203,5197,118.516563,57190,1
5204,5198,118.527696,57201,1
5205,5199,118.538831,57212,1
5206,5200,118.549969,57223,1
5207,5201,118.561107,57234,1
5208,5202,118.572240,57245,1
5209,5203,118.583375,57256,1
5210,5204,118.594511,57267,1
5211,5205,118.605646,57278,1
5212,5206,118.616780,57289,1
5213,-1,118.627917,57300,1
5214,5207,118.639052,57311,1
5215,5208,118.650186,57322,1
5216,5209,118.661323,57333,1
5217,5210,118.672457,57344,1
5218,5211,118.683594,57355,1
5219,5212,118.694727,57366,1
5220,5213,118.705863,57377,1
5221,5214,118.716998,57388,1
5222,5215,118.728135,57399,1
5223,5216,118.739270,57410,1
5224,5217,118.750407,57421,1
5225,5218,118.761542,57432,1
5226,5219,118.772675,57443,1
5227,5220,118.783811,57454,1
5228,5221,118.794949,57465,1
5229,5222,118.806082,57476,1
5230,5223,118.817217,57487,1
5231,5224,118.828355,57498,1
5232,5225,118.839489,57509,1
5233,5226,118.850625,57520,1
5234,5227,118.861759,57531,1
5235,5228,118.872896,57542,1
5236,5229,118.884032,57553,1
5237,5230,118.895165,57564,1
5238,5231,118.906303,57575,1
5239,5232,118.917437,57586,1
5240,5233,118.928572,57597,1
5241,5234,118.939707,57608,1
5242,5235,118.950842,57619,1
5243,5236,118.961978,57630,1
5244,5237,118.973113,57641,1
5245,5238,118.984251,57652,1
5246,5239,118.994374,57662,1
5247,5240,119.005507,57673,1
5248,5241,119.016644,57684,1
5249,5242,119.027780,57695,1
5250,5243,119.038913,57706,1
5251,5244,119.050050,57717,1
5252,5245,119.061185,57728,1
5253,5246,119.072320,57739,1
5254,5247,119.083458,57750,1
5255,5248,119.094592,57761,1
5256,5249,119.105726,57772,1
5257,5250,119.116864,57783,1
5258,5251,119.127998,57794,1
5259,5252,119.139135,57805,1
5260,5253,119.150268,57816,1
5261,5254,119.161405,57827,1
5262,5255,119.172539,57838,1
5263,5256,119.183676,57849,1
5264,5257,119.194810,57860,1
5265,5258,119.205946,57871,1
5266,5259,119.217082,57882,1
5267,5260,119.228217,57893,1
5268,5261,119.239353,57904,1
5269,5262,119.250488,57915,1
5270,5263,119.261624,57926,1
5271,5264,119.272759,57937,1
5272,5265,119.283895,57948,1
5273,5266,119.295028,57959,1
5274,5267,119.306165,57970,1
5275,5268,119.317301,57981,1
5276,5269,119.328435,57992,1
5277,5270,119.339571,58003,1
5278,5271,119.350706,58014,1
5279,5272,119.361843,58025,1
5280,5273,119.372977,58036,1
5281,5274,119.384111,58047,1
5282,5275,119.395249,58058,1
5283,5276,119.406384,58069,1
5284,5277,119.417520,58080,1
5285,5278,119.428653,58091,1
5286,5279,119.439790,58102,1
5287,5280,119.450924,58113,1
5288,5281,119.462062,58124,1
5289,5282,119.473197,58135,1
5290,5283,119.484332,58146,1
5291,5284,119.495467,58157,1
5292,5285,119.506601,58168,1
5293,5286,119.517737,58179,1
5294,5287,119.528872,58190,1
5295,5288,119.540008,58201,1
5296,5289,119.551144,58212,1
5297,5290,119.562280,58223,1
5298,5291,119.573416,58234,1
5299,5292,119.584552,58245,1
5300,5293,119.595686,58256,1
5301,5294,119.606820,58267,1
5302,5295,119.617956,58278,1
5303,5296,119.629100,58289,1
5304,5297,119.640229,58300,1
5305,5298,119.651362,58311,1
5306,5299,119.662497,58322,1
5307,5300,119.673634,58333,1
5308,5301,119.684768,58344,1
5309,5302,119.695905,58355,1
5310,5303,119.707041,58366,1
5311,5304,119.718177,58377,1
5312,5305,119.729310,58388,1
5313,5306,119.740447,58399,1
5314,5307,119.751581,58410,1
5315,5308,119.762718,58421,1
5316,5309,119.773853,58432,1
5317,5310,119.784987,58443,1
5318,5311,119.796125,58454,1
5319,5312,119.807260,58465,1
5320,5313,119.818395,58476,1
5321,5314,119.829531,58487,1
5322,5315,119.840667,58498,1
5323,5316,119.851801,58509,1
5324,5317,119.862936,58520,1
5325,5318,119.874072,58531,1
5326,5319,119.885207,58542,1
5327,5320,119.896341,58553,1
5328,5321,119.907478,58564,1
5329,5322,119.918614,58575,1
5330,5323,119.929748,58586,1
5331,5324,119.940885,58597,1
5332,5325,119.952021,58608,1
5333,5326,119.963154,58619,1
5334,5327,119.974290,58630,1
5335,5328,119.985426,58641,1
5336,5329,119.996560,58652,1
5337,5330,120.007696,58663,1
5338,5331,120.018831,58674,1
5339,5332,120.029968,58685,1
5340,5333,120.041103,58696,1
5341,5334,120.052238,58707,1
5342,5335,120.063375,58718,1
5343,5336,120.074510,58729,1
5344,5337,120.085644,58740,1
5345,5338,120.096781,58751,1
5346,5339,120.107915,58762,1
5347,5340,120.119052,58773,1
5348,5341,120.130187,58784,1
5349,5342,120.141321,58795,1
5350,5343,120.152456,58806,1
5351,5344,120.163593,58817,1
5352,5345,120.174728,58828,1
5353,5346,120.185862,58839,1
5354,5347,120.197000,58850,1
5355,5348,120.208133,58861,1
5356,5349,120.219271,58872,1
5357,5350,120.230406,58883,1
5358,5351,120.241541,58894,1
5359,5352,120.252676,58905,1
5360,5353,120.263810,58916,1
5361,5354,120.274946,58927,1
5362,5355,120.286082,58938,1
5363,5356,120.297219,58949,1
5364,5357,120.308354,58960,1
5365,5358,120.319490,58971,1
5366,5359,120.330625,58982,1
5367,5360,120.341761,58993,1
5368,5361,120.352894,59004,1
5369,5362,120.364031,59015,1
5370,5363,120.375168,59026,1
5371,5364,120.386300,59037,1
5372,5365,120.397436,59048,1
5373,5366,120.408571,59059,1
5374,5367,120.419709,59070,1
5375,5368,120.430842,59081,1
5376,5369,120.441979,59092,1
5377,5370,120.453115,59103,1
5378,5371,120.463236,59113,1
5379,5372,120.474373,59124,1
5380,5373,120.485509,59135,1
5381,5374,120.496644,59146,1
5382,5375,120.507777,59157,1
5383,5376,120.518915,59168,1
5384,5377,120.530048,59179,1
5385,5378,120.541184,59190,1
5386,5379,120.552320,59201,1
5387,5380,120.563457,59212,1
5388,5381,120.574590,59223,1
5389,5382,120.585726,59234,1
5390,5383,120.596862,59245,1
5391,5384,120.607998,59256,1
5392,5385,120.619132,59267,1
5393,5386,120.630267,59278,1
5394,5387,120.641404,59289,1
5395,5388,120.652539,59300,1
5396,5389,120.663673,59311,1
5397,5390,120.674809,59322,1
5398,5391,120.685946,59333,1
5399,5392,120.697081,59344,1
5400,5393,120.708217,59355,1
5401,5394,120.719353,59365,1
5402,5395,120.730486,59376,1
5403,5396,120.741622,59387,1
5404,5397,120.752757,59398,1
5405,5398,120.763893,59409,1
5406,5399,120.775029,59420,1
5407,5400,120.786165,59431,1
5408,5401,120.797301,59442,1
5409,5402,120.808436,59453,1
5410,5403,120.819571,59464,1
5411,5404,120.830706,59475,1
5412,5405,120.841843,59486,1
5413,5406,120.852977,59497,1
5414,5407,120.864113,59508,1
5415,5408,120.875248,59519,1
5416,5409,120.886382,59530,1
5417,5410,120.897520,59541,1
5418,5411,120.908653,59552,1
5419,5412,120.919790,59563,1
5420,5413,120.930925,59574,1
5421,5414,120.942061,59585,1
5422,5415,120.953196,59596,1
5423,5416,120.964330,59607,1
5424,5417,120.975466,59618,1
5425,5418,120.986603,59629,1
5426,5419,120.997738,59640,1
5427,5420,121.008872,59651,1
5428,5421,121.020008,59662,1
5429,5422,121.031144,59673,1
5430,5423,121.042278,59684,1
5431,5424,121.053415,59695,1
5432,5425,121.064551,59706,1
5433,5426,121.075686,59717,1
5434,5427,121.086821,59728,1
5435,5428,121.097957,59739,1
5436,5429,121.109100,59750,1
5437,5430,121.120226,59761,1
5438,5431,121.131363,59772,1
5439,5432,121.142497,59783,1
5440,5433,121.153635,59794,1
5441,5434,121.164770,59805,1
5442,5435,121.175905,59816,1
5443,5436,121.187040,59827,1
5444,5437,121.198175,59838,1
5445,5438,121.209311,59849,1
5446,5439,121.220447,59860,1
5447,5440,121.231582,59871,1
5448,5441,121.242718,59882,1
5449,5442,121.253853,59893,1
5450,5443,121.264988,59904,1
5451,5444,121.276122,59915,1
5452,5445,121.287259,59926,1
5453,5446,121.298394,59937,1
5454,5447,121.309530,59948,1
5455,5448,121.320664,59959,1
5456,5449,121.331800,59970,1
5457,5450,121.342935,59981,1
5458,5451,121.354071,59992,1
5459,5452,121.365207,60003,1
5460,5453,121.376343,60014,1
5461,5454,121.387478,60025,1
5462,5455,121.398613,60036,1
5463,5456,121.409748,60047,1
5464,5457,121.420884,60058,1
5465,5458,121.432020,60069,1
5466,5459,121.443153,60080,1
5467,5460,121.454290,60091,1
5468,5461,121.465426,60102,1
5469,5462,121.476559,60113,1
5470,5463,121.487695,60124,1
5471,5464,121.498831,60135,1
5472,5465,121.509966,60146,1
5473,5466,121.521105,60157,1
5474,5467,121.532239,60168,1
5475,5468,121.543374,60179,1
5476,5469,121.554510,60190,1
5477,5470,121.565645,60201,1
5478,5471,121.576779,60212,1
5479,5472,121.587914,60223,1
5480,5473,121.599049,60234,1
5481,5474,121.610187,60245,1
5482,5475,121.621322,60256,1
5483,5476,121.632455,60267,1
5484,5477,121.643593,60278,1
5485,5478,121.654728,60289,1
5486,5479,121.665862,60300,1
5487,5480,121.676999,60311,1
5488,5481,121.688133,60322,1
5489,5482,121.699268,60333,1
5490,5483,121.710406,60344,1
5491,5484,121.721541,60355,1
5492,5485,121.732676,60366,1
5493,5486,121.743810,60377,1
5494,5487,121.754947,60388,1
5495,5488,121.766082,60399,1
5496,5489,121.777217,60410,1
5497,5490,121.788353,60421,1
5498,5491,121.799489,60432,1
5499,5492,121.810622,60443,1
5500,5493,121.821759,60454,1
5501,5494,121.832895,60465,1
5502,5495,121.844030,60476,1
5503,5496,121.855166,60487,1
5504,5497,121.866301,60498,1
5505,5498,121.877437,60509,1
5506,5499,121.888571,60520,1
5507,5500,121.899706,60531,1
5508,5501,121.910843,60542,1
5509,5502,121.921978,60553,1
5510,5503,121.933113,60564,1
5511,5504,121.943237,60574,1
5512,5505,121.954372,60585,1
5513,5506,121.965508,60596,1
5514,5507,121.976643,60607,1
5515,5508,121.987777,60618,1
5516,5509,121.998912,60629,1
5517,5510,122.010047,60640,1
5518,5511,122.021185,60651,1
5519,5512,122.032321,60662,1
5520,5513,122.043456,60673,1
5521,5514,122.054591,60684,1
5522,5515,122.065726,60695,1
5523,5516,122.076862,60706,1
5524,5517,122.087997,60717,1
5525,5518,122.099133,60728,1
5526,5519,122.110269,60739,1
5527,5520,122.121404,60750,1
5528,5521,122.132539,60761,1
5529,5522,122.143674,60772,1
5530,5523,122.154810,60783,1
5531,5524,122.165946,60794,1
5532,5525,122.177080,60805,1
5533,5526,122.188214,60816,1
5534,5527,122.199350,60827,1
5535,5528,122.210487,60838,1
5536,5529,122.221622,60849,1
5537,5530,122.232758,60860,1
5538,5531,122.243893,60871,1
5539,5532,122.255027,60882,1
5540,5533,122.266164,60893,1
5541,5534,122.277298,60904,1
5542,5535,122.288435,60915,1
5543,5536,122.299570,60926,1
5544,5537,122.310705,60937,1
5545,5538,122.321841,60948,1
5546,5539,122.332975,60959,1
5547,5540,122.344111,60970,1
5548,5541,122.355248,60981,1
5549,5542,122.366383,60992,1
5550,5543,122.377518,61003,1
5551,5544,122.388653,61014,1
5552,5545,122.399790,61025,1
5553,5546,122.410923,61036,1
5554,5547,122.422059,61047,1
5555,5548,122.433195,61058,1
5556,5549,122.444331,61069,1
5557,5550,122.455467,61080,1
5558,5551,122.466601,61091,1
5559,5552,122.477737,61102,1
5560,5553,122.488872,61113,1
5561,5554,122.500008,61124,1
5562,5555,122.511143,61135,1
5563,5556,122.522278,61146,1
5564,5557,122.533413,61157,1
5565,5558,122.544550,61168,1
5566,5559,122.555685,61179,1
5567,5560,122.566820,61190,1
5568,5561,122.577956,61201,1
5569,5562,122.589101,61212,1
5570,5563,122.600227,61223,1
5571,5564,122.611362,61234,1
5572,5565,122.622499,61245,1
5573,5566,122.633634,61256,1
5574,5567,122.644768,61267,1
5575,5568,122.655905,61278,1
5576,5569,122.667040,61289,1
5577,5570,122.678173,61300,1
5578,5571,122.689311,61311,1
5579,5572,122.700445,61322,1
5580,5573,122.711581,61333,1
5581,5574,122.722717,61344,1
5582,5575,122.733851,61355,1
5583,5576,122.744988,61366,1
5584,5577,122.756123,61377,1
5585,5578,122.767258,61388,1
5586,5579,122.778392,61399,1
5587,5580,122.789529,61410,1
5588,5581,122.800663,61421,1
5589,5582,122.811791,61421,0
