# which inertial sample is which camera frame, from the hardware trigger
# frame_period_s=0.011127785  (89.865145459 Hz, measured from this session's own trigger pulses -- the camera does not run at 90.000)
# trigger_pulses=5726  pulses_the_imu_missed=0
# t_bar_s is the exposure time in the BAR's clock, the same clock as esp_timestamp_us in imu/raw_imu.csv
# imu_sample is a row index into imu/raw_imu.csv; tagged=0 means the inertial stream missed that pulse and the time is interpolated
frame,video_row,t_bar_s,imu_sample,tagged
0,0,3018.449176,0,1
1,1,3018.460313,11,1
2,2,3018.471447,22,1
3,3,3018.482585,33,1
4,4,3018.493722,44,1
5,5,3018.504857,55,1
6,6,3018.515994,66,1
7,7,3018.527128,77,1
8,8,3018.537254,87,1
9,9,3018.548388,98,1
10,10,3018.559527,109,1
11,11,3018.570661,120,1
12,12,3018.581798,131,1
13,13,3018.592935,142,1
14,14,3018.604071,153,1
15,15,3018.615208,164,1
16,16,3018.626345,175,1
17,17,3018.637480,186,1
18,18,3018.648616,197,1
19,19,3018.659753,208,1
20,20,3018.670888,219,1
21,21,3018.682024,230,1
22,22,3018.693161,241,1
23,23,3018.704298,252,1
24,24,3018.715434,263,1
25,25,3018.726570,274,1
26,26,3018.737706,285,1
27,27,3018.748843,296,1
28,28,3018.759978,307,1
29,29,3018.771116,318,1
30,30,3018.782250,329,1
31,31,3018.793387,340,1
32,32,3018.804525,351,1
33,33,3018.815661,362,1
34,34,3018.826798,373,1
35,35,3018.837933,384,1
36,36,3018.849070,395,1
37,37,3018.860206,406,1
38,38,3018.871340,417,1
39,39,3018.882479,428,1
40,40,3018.893615,439,1
41,41,3018.904749,450,1
42,42,3018.915888,461,1
43,43,3018.927022,472,1
44,44,3018.938158,483,1
45,45,3018.949295,494,1
46,46,3018.960431,505,1
47,47,3018.971569,516,1
48,48,3018.982704,527,1
49,49,3018.993841,538,1
50,50,3019.004977,549,1
51,51,3019.016114,560,1
52,52,3019.027250,571,1
53,53,3019.038385,582,1
54,54,3019.049523,593,1
55,55,3019.060657,604,1
56,56,3019.071795,615,1
57,57,3019.082930,626,1
58,58,3019.094066,637,1
59,59,3019.105203,648,1
60,60,3019.116338,659,1
61,61,3019.127477,670,1
62,62,3019.138612,681,1
63,63,3019.149747,692,1
64,64,3019.160885,703,1
65,65,3019.172019,714,1
66,66,3019.183157,725,1
67,67,3019.194294,736,1
68,68,3019.205429,747,1
69,69,3019.216567,758,1
70,70,3019.227703,769,1
71,71,3019.238839,780,1
72,72,3019.249974,791,1
73,73,3019.261110,802,1
74,74,3019.272246,813,1
75,75,3019.283385,824,1
76,76,3019.294520,835,1
77,77,3019.305657,846,1
78,78,3019.316792,857,1
79,79,3019.327928,868,1
80,80,3019.339065,879,1
81,81,3019.350202,890,1
82,82,3019.361338,901,1
83,83,3019.372474,912,1
84,84,3019.383609,923,1
85,85,3019.394747,934,1
86,86,3019.405882,945,1
87,87,3019.417020,956,1
88,88,3019.428155,967,1
89,89,3019.439293,978,1
90,90,3019.450428,989,1
91,91,3019.461563,1000,1
92,92,3019.472699,1011,1
93,93,3019.483837,1022,1
94,94,3019.494971,1033,1
95,95,3019.506107,1044,1
96,96,3019.517244,1055,1
97,97,3019.528382,1066,1
98,98,3019.539516,1077,1
99,99,3019.550654,1088,1
100,100,3019.561789,1099,1
101,101,3019.572927,1110,1
102,102,3019.584061,1121,1
103,103,3019.595198,1132,1
104,104,3019.606335,1143,1
105,105,3019.617472,1154,1
106,106,3019.628608,1165,1
107,107,3019.639745,1176,1
108,108,3019.650882,1187,1
109,109,3019.662017,1198,1
110,110,3019.673153,1209,1
111,111,3019.684289,1220,1
112,112,3019.695426,1231,1
113,113,3019.706561,1242,1
114,114,3019.717697,1253,1
115,115,3019.728835,1264,1
116,116,3019.739971,1275,1
117,117,3019.751106,1286,1
118,118,3019.762242,1297,1
119,119,3019.773378,1308,1
120,120,3019.784516,1319,1
121,121,3019.795652,1330,1
122,122,3019.806787,1341,1
123,123,3019.817924,1352,1
124,124,3019.829062,1363,1
125,125,3019.840198,1374,1
126,126,3019.851335,1385,1
127,127,3019.862469,1396,1
128,128,3019.872592,1406,1
129,129,3019.883731,1417,1
130,130,3019.894866,1428,1
131,131,3019.906003,1439,1
132,132,3019.917139,1450,1
133,133,3019.928273,1461,1
134,134,3019.939411,1472,1
135,135,3019.950548,1483,1
136,136,3019.961683,1494,1
137,137,3019.972818,1505,1
138,138,3019.983957,1516,1
139,139,3019.995103,1527,1
140,140,3020.006228,1538,1
141,141,3020.017365,1549,1
142,142,3020.028500,1560,1
143,143,3020.039636,1571,1
144,144,3020.050773,1582,1
145,145,3020.061911,1593,1
146,146,3020.073047,1604,1
147,147,3020.084183,1615,1
148,148,3020.095320,1626,1
149,149,3020.106456,1637,1
150,150,3020.117591,1648,1
151,151,3020.128729,1659,1
152,152,3020.139865,1670,1
153,153,3020.150999,1681,1
154,154,3020.162135,1692,1
155,155,3020.173271,1703,1
156,156,3020.184410,1714,1
157,157,3020.195544,1725,1
158,158,3020.206682,1736,1
159,159,3020.217817,1747,1
160,160,3020.228955,1758,1
161,161,3020.240103,1769,1
162,162,3020.251227,1780,1
163,163,3020.262363,1791,1
164,164,3020.273500,1802,1
165,165,3020.284634,1813,1
166,166,3020.295772,1824,1
167,167,3020.306906,1835,1
168,168,3020.318044,1846,1
169,169,3020.329180,1857,1
170,170,3020.340318,1868,1
171,171,3020.351454,1879,1
172,172,3020.362589,1890,1
173,173,3020.373726,1901,1
174,174,3020.384862,1912,1
175,175,3020.395998,1923,1
176,176,3020.407133,1934,1
177,177,3020.418272,1945,1
178,178,3020.429407,1956,1
179,179,3020.440544,1967,1
180,180,3020.451678,1978,1
181,181,3020.462817,1989,1
182,182,3020.473952,2000,1
183,183,3020.485089,2011,1
184,184,3020.496225,2022,1
185,185,3020.507360,2033,1
186,186,3020.518498,2044,1
187,187,3020.529633,2055,1
188,188,3020.540770,2066,1
189,189,3020.551906,2077,1
190,190,3020.563042,2088,1
191,191,3020.574177,2099,1
192,192,3020.585316,2110,1
193,193,3020.596451,2121,1
194,194,3020.607586,2132,1
195,195,3020.618724,2143,1
196,196,3020.629861,2154,1
197,197,3020.640995,2165,1
198,198,3020.652131,2176,1
199,199,3020.663268,2187,1
200,200,3020.674404,2198,1
201,201,3020.685540,2209,1
202,202,3020.696678,2220,1
203,203,3020.707812,2231,1
204,204,3020.718951,2242,1
205,205,3020.730085,2253,1
206,206,3020.741224,2264,1
207,207,3020.752358,2275,1
208,208,3020.763494,2286,1
209,209,3020.774630,2297,1
210,210,3020.785769,2308,1
211,211,3020.796903,2319,1
212,212,3020.808039,2330,1
213,213,3020.819177,2341,1
214,214,3020.830313,2352,1
215,215,3020.841449,2363,1
216,216,3020.852584,2374,1
217,217,3020.863721,2385,1
218,218,3020.874857,2396,1
219,219,3020.885994,2407,1
220,220,3020.897129,2418,1
221,221,3020.908267,2429,1
222,222,3020.919402,2440,1
223,223,3020.930540,2451,1
224,224,3020.941676,2462,1
225,225,3020.952813,2473,1
226,226,3020.963949,2484,1
227,227,3020.975085,2495,1
228,228,3020.986219,2506,1
229,229,3020.997356,2517,1
230,230,3021.008494,2528,1
231,231,3021.019629,2539,1
232,232,3021.030765,2550,1
233,233,3021.041902,2561,1
234,234,3021.053037,2572,1
235,235,3021.064174,2583,1
236,236,3021.075309,2594,1
237,237,3021.086445,2605,1
238,238,3021.097583,2616,1
239,239,3021.108720,2627,1
240,240,3021.119856,2638,1
241,241,3021.130993,2649,1
242,242,3021.142128,2660,1
243,243,3021.153264,2671,1
244,244,3021.164400,2682,1
245,245,3021.175537,2693,1
246,246,3021.186674,2704,1
247,247,3021.196797,2714,1
248,248,3021.207932,2725,1
249,249,3021.219069,2736,1
250,250,3021.230204,2747,1
251,251,3021.241340,2758,1
252,252,3021.252479,2769,1
253,253,3021.263614,2780,1
254,254,3021.274749,2791,1
255,255,3021.285888,2802,1
256,256,3021.297024,2813,1
257,257,3021.308158,2824,1
258,258,3021.319296,2835,1
259,259,3021.330433,2846,1
260,260,3021.341570,2857,1
261,261,3021.352705,2868,1
262,262,3021.363842,2879,1
263,263,3021.374976,2890,1
264,264,3021.386114,2901,1
265,265,3021.397248,2912,1
266,266,3021.408387,2923,1
267,267,3021.419521,2934,1
268,268,3021.430658,2945,1
269,269,3021.441794,2956,1
270,270,3021.452931,2967,1
271,271,3021.464068,2978,1
272,272,3021.475203,2989,1
273,273,3021.486339,3000,1
274,274,3021.497476,3011,1
275,275,3021.508612,3022,1
276,276,3021.519748,3033,1
277,277,3021.530886,3044,1
278,278,3021.542020,3055,1
279,279,3021.553158,3066,1
280,280,3021.564294,3077,1
281,281,3021.575429,3088,1
282,282,3021.586567,3099,1
283,283,3021.597703,3110,1
284,284,3021.608840,3121,1
285,285,3021.619974,3132,1
286,286,3021.631110,3143,1
287,287,3021.642249,3154,1
288,288,3021.653385,3165,1
289,289,3021.664521,3176,1
290,290,3021.675656,3187,1
291,291,3021.686793,3198,1
292,292,3021.697930,3209,1
293,293,3021.709064,3220,1
294,294,3021.720202,3231,1
295,295,3021.731337,3242,1
296,296,3021.742473,3253,1
297,297,3021.753611,3264,1
298,298,3021.764747,3275,1
299,299,3021.775883,3286,1
300,300,3021.787020,3297,1
301,301,3021.798154,3308,1
302,302,3021.809290,3319,1
303,303,3021.820429,3330,1
304,304,3021.831565,3341,1
305,305,3021.842699,3352,1
306,306,3021.853838,3363,1
307,307,3021.864971,3374,1
308,308,3021.876108,3385,1
309,309,3021.887245,3396,1
310,310,3021.898381,3407,1
311,311,3021.909517,3418,1
312,312,3021.920655,3429,1
313,313,3021.931791,3440,1
314,314,3021.942926,3451,1
315,315,3021.954064,3462,1
316,316,3021.965200,3473,1
317,317,3021.976336,3484,1
318,318,3021.987470,3495,1
319,319,3021.998609,3506,1
320,320,3022.009743,3517,1
321,321,3022.020880,3528,1
322,322,3022.032017,3539,1
323,323,3022.043152,3550,1
324,324,3022.054290,3561,1
325,325,3022.065426,3572,1
326,326,3022.076561,3583,1
327,327,3022.087697,3594,1
328,328,3022.098835,3605,1
329,329,3022.109970,3616,1
330,330,3022.121107,3627,1
331,331,3022.132243,3638,1
332,332,3022.143378,3649,1
333,333,3022.154516,3660,1
334,334,3022.165653,3671,1
335,335,3022.176788,3682,1
336,336,3022.187923,3693,1
337,337,3022.199062,3704,1
338,338,3022.210196,3715,1
339,339,3022.221333,3726,1
340,340,3022.232469,3737,1
341,341,3022.243606,3748,1
342,342,3022.254742,3759,1
343,343,3022.265880,3770,1
344,344,3022.277015,3781,1
345,345,3022.288150,3792,1
346,346,3022.299287,3803,1
347,347,3022.310422,3814,1
348,348,3022.321561,3825,1
349,349,3022.332696,3836,1
350,350,3022.343832,3847,1
351,351,3022.354967,3858,1
352,352,3022.366107,3869,1
353,353,3022.377240,3880,1
354,354,3022.388377,3891,1
355,355,3022.399514,3902,1
356,356,3022.410650,3913,1
357,357,3022.421785,3924,1
358,358,3022.432921,3935,1
359,359,3022.444059,3946,1
360,360,3022.455196,3957,1
361,361,3022.466330,3968,1
362,362,3022.477466,3979,1
363,363,3022.488603,3990,1
364,364,3022.499740,4001,1
365,365,3022.510876,4012,1
366,366,3022.520999,4022,1
367,367,3022.532138,4033,1
368,368,3022.543274,4044,1
369,369,3022.554409,4055,1
370,370,3022.565544,4066,1
371,371,3022.576680,4077,1
372,372,3022.587819,4088,1
373,373,3022.598953,4099,1
374,374,3022.610102,4110,1
375,375,3022.621227,4121,1
376,376,3022.632364,4132,1
377,377,3022.643500,4143,1
378,378,3022.654635,4154,1
379,379,3022.665771,4165,1
380,380,3022.676907,4176,1
381,381,3022.688044,4187,1
382,382,3022.699179,4198,1
383,383,3022.710318,4209,1
384,384,3022.721453,4220,1
385,385,3022.732588,4231,1
386,386,3022.743725,4242,1
387,387,3022.754862,4253,1
388,388,3022.765999,4264,1
389,389,3022.777133,4275,1
390,390,3022.788271,4286,1
391,391,3022.799408,4297,1
392,392,3022.810543,4308,1
393,393,3022.821678,4319,1
394,394,3022.832816,4330,1
395,395,3022.843952,4341,1
396,396,3022.855089,4352,1
397,397,3022.866225,4363,1
398,398,3022.877360,4374,1
399,399,3022.888498,4385,1
400,400,3022.899632,4396,1
401,401,3022.910770,4407,1
402,402,3022.921905,4418,1
403,403,3022.933042,4429,1
404,404,3022.944179,4440,1
405,405,3022.955315,4451,1
406,406,3022.966450,4462,1
407,407,3022.977586,4473,1
408,408,3022.988722,4484,1
409,409,3022.999860,4495,1
410,410,3023.010997,4506,1
411,411,3023.022133,4517,1
412,412,3023.033268,4528,1
413,413,3023.044405,4539,1
414,414,3023.055541,4550,1
415,415,3023.066677,4561,1
416,416,3023.077814,4572,1
417,417,3023.088951,4583,1
418,418,3023.100087,4594,1
419,419,3023.111221,4605,1
420,420,3023.122360,4616,1
421,421,3023.133493,4627,1
422,422,3023.144631,4638,1
423,423,3023.155767,4649,1
424,424,3023.166903,4660,1
425,425,3023.178041,4671,1
426,426,3023.189177,4682,1
427,427,3023.200313,4693,1
428,428,3023.211449,4704,1
429,429,3023.222584,4715,1
430,430,3023.233720,4726,1
431,431,3023.244856,4737,1
432,432,3023.255994,4748,1
433,433,3023.267130,4759,1
434,434,3023.278265,4770,1
435,435,3023.289403,4781,1
436,436,3023.300539,4792,1
437,437,3023.311674,4803,1
438,438,3023.322812,4814,1
439,439,3023.333947,4825,1
440,440,3023.345085,4836,1
441,441,3023.356219,4847,1
442,442,3023.367358,4858,1
443,443,3023.378493,4869,1
444,444,3023.389630,4880,1
445,445,3023.400764,4891,1
446,446,3023.411902,4902,1
447,447,3023.423039,4913,1
448,448,3023.434174,4924,1
449,449,3023.445310,4935,1
450,450,3023.456447,4946,1
451,451,3023.467583,4957,1
452,452,3023.478719,4968,1
453,453,3023.489854,4979,1
454,454,3023.500993,4990,1
455,455,3023.512128,5001,1
456,456,3023.523265,5012,1
457,457,3023.534400,5023,1
458,458,3023.545538,5034,1
459,459,3023.556672,5045,1
460,460,3023.567808,5056,1
461,461,3023.578946,5067,1
462,462,3023.590080,5078,1
463,463,3023.601218,5089,1
464,464,3023.612353,5100,1
465,465,3023.623489,5111,1
466,466,3023.634627,5122,1
467,467,3023.645764,5133,1
468,468,3023.656898,5144,1
469,469,3023.668036,5155,1
470,470,3023.679173,5166,1
471,471,3023.690307,5177,1
472,472,3023.701444,5188,1
473,473,3023.712579,5199,1
474,474,3023.723718,5210,1
475,475,3023.734854,5221,1
476,476,3023.745990,5232,1
477,477,3023.757126,5243,1
478,478,3023.768263,5254,1
479,479,3023.779399,5265,1
480,480,3023.790533,5276,1
481,481,3023.801669,5287,1
482,482,3023.812806,5298,1
483,483,3023.823944,5309,1
484,484,3023.835079,5320,1
485,485,3023.845204,5330,1
486,486,3023.856340,5341,1
487,487,3023.867476,5352,1
488,488,3023.878613,5363,1
489,489,3023.889749,5374,1
490,490,3023.900886,5385,1
491,491,3023.912021,5396,1
492,492,3023.923158,5407,1
493,493,3023.934294,5418,1
494,494,3023.945430,5429,1
495,495,3023.956567,5440,1
496,496,3023.967703,5451,1
497,497,3023.978840,5462,1
498,498,3023.989975,5473,1
499,499,3024.001112,5484,1
500,500,3024.012247,5495,1
501,501,3024.023384,5506,1
502,502,3024.034521,5517,1
503,503,3024.045657,5528,1
504,504,3024.056793,5539,1
505,505,3024.067929,5550,1
506,506,3024.079064,5561,1
507,507,3024.090202,5572,1
508,508,3024.101338,5583,1
509,509,3024.112474,5594,1
510,510,3024.123611,5605,1
511,511,3024.134745,5616,1
512,512,3024.145881,5627,1
513,513,3024.157020,5638,1
514,514,3024.168155,5649,1
515,515,3024.179291,5660,1
516,516,3024.190428,5671,1
517,517,3024.201564,5682,1
518,518,3024.212699,5693,1
519,519,3024.223835,5704,1
520,520,3024.234972,5715,1
521,521,3024.246108,5726,1
522,522,3024.257246,5737,1
523,523,3024.268382,5748,1
524,524,3024.279516,5759,1
525,525,3024.290654,5770,1
526,526,3024.301791,5781,1
527,527,3024.312927,5792,1
528,528,3024.324062,5803,1
529,529,3024.335198,5814,1
530,530,3024.346334,5825,1
531,531,3024.357470,5836,1
532,532,3024.368608,5847,1
533,533,3024.379745,5858,1
534,534,3024.390881,5869,1
535,535,3024.402017,5880,1
536,536,3024.413152,5891,1
537,537,3024.424289,5902,1
538,538,3024.435426,5913,1
539,539,3024.446563,5924,1
540,540,3024.457699,5935,1
541,541,3024.468835,5946,1
542,542,3024.479970,5957,1
543,543,3024.491106,5968,1
544,544,3024.502242,5979,1
545,545,3024.513379,5990,1
546,546,3024.524516,6001,1
547,547,3024.535651,6012,1
548,548,3024.546787,6023,1
549,549,3024.557925,6034,1
550,550,3024.569061,6045,1
551,551,3024.580198,6056,1
552,552,3024.591332,6067,1
553,553,3024.602468,6078,1
554,554,3024.613607,6089,1
555,555,3024.624742,6100,1
556,556,3024.635877,6111,1
557,557,3024.647013,6122,1
558,558,3024.658152,6133,1
559,559,3024.669288,6144,1
560,560,3024.680424,6155,1
561,561,3024.691561,6166,1
562,562,3024.702694,6177,1
563,563,3024.713831,6188,1
564,564,3024.724968,6199,1
565,565,3024.736112,6210,1
566,566,3024.747241,6221,1
567,567,3024.758378,6232,1
568,568,3024.769514,6243,1
569,569,3024.780648,6254,1
570,570,3024.791784,6265,1
571,571,3024.802923,6276,1
572,572,3024.814057,6287,1
573,573,3024.825195,6298,1
574,574,3024.836330,6309,1
575,575,3024.847466,6320,1
576,576,3024.858605,6331,1
577,577,3024.869741,6342,1
578,578,3024.880877,6353,1
579,579,3024.892013,6364,1
580,580,3024.903147,6375,1
581,581,3024.914286,6386,1
582,582,3024.925420,6397,1
583,583,3024.936557,6408,1
584,584,3024.947694,6419,1
585,585,3024.958830,6430,1
586,586,3024.969967,6441,1
587,587,3024.981107,6452,1
588,588,3024.992238,6463,1
589,589,3025.003375,6474,1
590,590,3025.014512,6485,1
591,591,3025.025648,6496,1
592,592,3025.036783,6507,1
593,593,3025.047920,6518,1
594,594,3025.059057,6529,1
595,595,3025.070193,6540,1
596,596,3025.081327,6551,1
597,597,3025.092464,6562,1
598,598,3025.103602,6573,1
599,599,3025.114739,6584,1
600,600,3025.125875,6595,1
601,601,3025.137009,6606,1
602,602,3025.148145,6617,1
603,603,3025.159284,6628,1
604,604,3025.170417,6639,1
605,605,3025.180543,6649,1
606,606,3025.191679,6660,1
607,607,3025.202816,6671,1
608,608,3025.213952,6682,1
609,609,3025.225086,6693,1
610,610,3025.236225,6704,1
611,611,3025.247361,6715,1
612,612,3025.258495,6726,1
613,613,3025.269633,6737,1
614,614,3025.280770,6748,1
615,615,3025.291906,6759,1
616,616,3025.303043,6770,1
617,617,3025.314178,6781,1
618,618,3025.325313,6792,1
619,619,3025.336451,6803,1
620,620,3025.347586,6814,1
621,621,3025.358724,6825,1
622,622,3025.369860,6836,1
623,623,3025.380996,6847,1
624,624,3025.392132,6858,1
625,625,3025.403267,6869,1
626,626,3025.414404,6880,1
627,627,3025.425539,6891,1
628,628,3025.436676,6902,1
629,629,3025.447812,6913,1
630,630,3025.458948,6924,1
631,631,3025.470087,6935,1
632,632,3025.481223,6946,1
633,633,3025.492359,6957,1
634,634,3025.503494,6968,1
635,635,3025.514632,6979,1
636,636,3025.525766,6990,1
637,637,3025.536904,7001,1
638,638,3025.548039,7012,1
639,639,3025.559177,7023,1
640,640,3025.570312,7034,1
641,641,3025.581448,7045,1
642,642,3025.592586,7056,1
643,643,3025.603721,7067,1
644,644,3025.614856,7078,1
645,645,3025.625993,7089,1
646,646,3025.637130,7100,1
647,647,3025.648267,7111,1
648,648,3025.659402,7122,1
649,649,3025.670539,7133,1
650,650,3025.681674,7144,1
651,651,3025.692811,7155,1
652,652,3025.703946,7166,1
653,653,3025.716791,7177,1
654,654,3025.726219,7187,1
655,655,3025.737355,7198,1
656,656,3025.748491,7209,1
657,657,3025.759629,7220,1
658,658,3025.770766,7231,1
659,659,3025.781902,7242,1
660,660,3025.793036,7253,1
661,661,3025.804173,7264,1
662,662,3025.815309,7275,1
663,663,3025.826446,7286,1
664,664,3025.837583,7297,1
665,665,3025.848719,7308,1
666,666,3025.859856,7319,1
667,667,3025.870991,7330,1
668,668,3025.882128,7341,1
669,669,3025.893263,7352,1
670,670,3025.904398,7363,1
671,671,3025.915537,7374,1
672,672,3025.926674,7385,1
673,673,3025.937807,7396,1
674,674,3025.948945,7407,1
675,675,3025.960082,7418,1
676,676,3025.971218,7429,1
677,677,3025.982355,7440,1
678,678,3025.993489,7451,1
679,679,3026.004625,7462,1
680,680,3026.015763,7473,1
681,681,3026.026899,7484,1
682,682,3026.038034,7495,1
683,683,3026.049171,7506,1
684,684,3026.060307,7517,1
685,685,3026.071442,7528,1
686,686,3026.082580,7539,1
687,687,3026.093717,7550,1
688,688,3026.104854,7561,1
689,689,3026.115989,7572,1
690,690,3026.127126,7583,1
691,691,3026.138261,7594,1
692,692,3026.149396,7605,1
693,693,3026.160533,7616,1
694,694,3026.171672,7627,1
695,695,3026.182806,7638,1
696,696,3026.193942,7649,1
697,697,3026.205079,7660,1
698,698,3026.216214,7671,1
699,699,3026.227353,7682,1
700,700,3026.238486,7693,1
701,701,3026.249625,7704,1
702,702,3026.260761,7715,1
703,703,3026.271897,7726,1
704,704,3026.283031,7737,1
705,705,3026.294170,7748,1
706,706,3026.305306,7759,1
707,707,3026.316442,7770,1
708,708,3026.327578,7781,1
709,709,3026.338714,7792,1
710,710,3026.349851,7803,1
711,711,3026.360988,7814,1
712,712,3026.372124,7825,1
713,713,3026.383260,7836,1
714,714,3026.394394,7847,1
715,715,3026.405533,7858,1
716,716,3026.416668,7869,1
717,717,3026.427803,7880,1
718,718,3026.438942,7891,1
719,719,3026.450077,7902,1
720,720,3026.461213,7913,1
721,721,3026.472351,7924,1
722,722,3026.483484,7935,1
723,723,3026.494622,7946,1
724,724,3026.504746,7956,1
725,725,3026.515881,7967,1
726,726,3026.527017,7978,1
727,727,3026.538153,7989,1
728,728,3026.549289,8000,1
729,729,3026.560427,8011,1
730,730,3026.571564,8022,1
731,731,3026.582700,8033,1
732,732,3026.593836,8044,1
733,733,3026.604971,8055,1
734,734,3026.616111,8066,1
735,735,3026.627245,8077,1
736,736,3026.638382,8088,1
737,737,3026.649517,8099,1
738,738,3026.660654,8110,1
739,739,3026.671788,8121,1
740,740,3026.682925,8132,1
741,741,3026.694063,8143,1
742,742,3026.705199,8154,1
743,743,3026.716334,8165,1
744,744,3026.727472,8176,1
745,745,3026.738608,8187,1
746,746,3026.749745,8198,1
747,747,3026.760879,8209,1
748,748,3026.772017,8220,1
749,749,3026.783152,8231,1
750,750,3026.794289,8242,1
751,751,3026.805426,8253,1
752,752,3026.816561,8264,1
753,753,3026.827696,8275,1
754,754,3026.838834,8286,1
755,755,3026.849970,8297,1
756,756,3026.861107,8308,1
757,757,3026.872242,8319,1
758,758,3026.883379,8330,1
759,759,3026.894516,8341,1
760,760,3026.905652,8352,1
761,761,3026.916786,8363,1
762,762,3026.927925,8374,1
763,763,3026.939059,8385,1
764,764,3026.950197,8396,1
765,765,3026.961333,8407,1
766,766,3026.972469,8418,1
767,767,3026.983604,8429,1
768,768,3026.994743,8440,1
769,769,3027.005878,8451,1
770,770,3027.017013,8462,1
771,771,3027.028149,8473,1
772,772,3027.039288,8484,1
773,773,3027.050423,8495,1
774,774,3027.061560,8506,1
775,775,3027.072695,8517,1
776,776,3027.083833,8528,1
777,777,3027.094969,8539,1
778,778,3027.106107,8550,1
779,779,3027.117241,8561,1
780,780,3027.128377,8572,1
781,781,3027.139511,8583,1
782,782,3027.150648,8594,1
783,783,3027.161785,8605,1
784,784,3027.172922,8616,1
785,785,3027.184057,8627,1
786,786,3027.195193,8638,1
787,787,3027.206331,8649,1
788,788,3027.217468,8660,1
789,789,3027.228603,8671,1
790,790,3027.239740,8682,1
791,791,3027.250876,8693,1
792,792,3027.262013,8704,1
793,793,3027.273149,8715,1
794,794,3027.284283,8726,1
795,795,3027.295419,8737,1
796,796,3027.306556,8748,1
797,797,3027.317693,8759,1
798,798,3027.328828,8770,1
799,799,3027.339967,8781,1
800,800,3027.351107,8792,1
801,801,3027.362239,8803,1
802,802,3027.373376,8814,1
803,803,3027.384512,8825,1
804,804,3027.395648,8836,1
805,805,3027.406782,8847,1
806,806,3027.417921,8858,1
807,807,3027.429056,8869,1
808,808,3027.440192,8880,1
809,809,3027.451329,8891,1
810,810,3027.462465,8902,1
811,811,3027.473602,8913,1
812,812,3027.484737,8924,1
813,813,3027.495874,8935,1
814,814,3027.507009,8946,1
815,815,3027.518146,8957,1
816,816,3027.529282,8968,1
817,817,3027.540417,8979,1
818,818,3027.551555,8990,1
819,819,3027.562692,9001,1
820,820,3027.573826,9012,1
821,821,3027.584965,9023,1
822,822,3027.596111,9034,1
823,823,3027.607235,9045,1
824,824,3027.618371,9056,1
825,825,3027.629509,9067,1
826,826,3027.640644,9078,1
827,827,3027.651779,9089,1
828,828,3027.662918,9100,1
829,829,3027.674054,9111,1
830,830,3027.685191,9122,1
831,831,3027.696327,9133,1
832,832,3027.707461,9144,1
833,833,3027.718600,9155,1
834,834,3027.729734,9166,1
835,835,3027.740871,9177,1
836,836,3027.752008,9188,1
837,837,3027.763143,9199,1
838,838,3027.774281,9210,1
839,839,3027.785416,9221,1
840,840,3027.796553,9232,1
841,841,3027.807690,9243,1
842,842,3027.818826,9254,1
843,843,3027.828948,9264,1
844,844,3027.840086,9275,1
845,845,3027.851220,9286,1
846,846,3027.862358,9297,1
847,847,3027.873493,9308,1
848,848,3027.884631,9319,1
849,849,3027.895767,9330,1
850,850,3027.906902,9341,1
851,851,3027.918039,9352,1
852,852,3027.929174,9363,1
853,853,3027.940312,9374,1
854,854,3027.951447,9385,1
855,855,3027.962584,9396,1
856,856,3027.973721,9407,1
857,857,3027.984856,9418,1
858,858,3027.995994,9429,1
859,859,3028.007130,9440,1
860,860,3028.018264,9451,1
861,861,3028.029400,9462,1
862,862,3028.040539,9473,1
863,863,3028.051673,9484,1
864,864,3028.062810,9495,1
865,865,3028.073946,9506,1
866,866,3028.085082,9517,1
867,867,3028.096218,9528,1
868,868,3028.107355,9539,1
869,869,3028.118491,9550,1
870,870,3028.129629,9561,1
871,871,3028.140764,9572,1
872,872,3028.151899,9583,1
873,873,3028.163036,9594,1
874,874,3028.174172,9605,1
875,875,3028.185308,9616,1
876,876,3028.196444,9627,1
877,877,3028.207582,9638,1
878,878,3028.218718,9649,1
879,879,3028.229855,9660,1
880,880,3028.240992,9671,1
881,881,3028.252127,9682,1
882,882,3028.263264,9693,1
883,883,3028.274399,9704,1
884,884,3028.285535,9715,1
885,885,3028.296671,9726,1
886,886,3028.307809,9737,1
887,887,3028.318943,9748,1
888,888,3028.330082,9759,1
889,889,3028.341217,9770,1
890,890,3028.352354,9781,1
891,891,3028.363491,9792,1
892,892,3028.374627,9803,1
893,893,3028.385761,9814,1
894,894,3028.396899,9825,1
895,895,3028.408034,9836,1
896,896,3028.419172,9847,1
897,897,3028.430306,9858,1
898,898,3028.441443,9869,1
899,899,3028.452580,9880,1
900,900,3028.463716,9891,1
901,901,3028.474851,9902,1
902,902,3028.485987,9913,1
903,903,3028.497126,9924,1
904,904,3028.508262,9935,1
905,905,3028.519397,9946,1
906,906,3028.530533,9957,1
907,907,3028.541669,9968,1
908,908,3028.552807,9979,1
909,909,3028.563943,9990,1
910,910,3028.575080,10001,1
911,911,3028.586213,10012,1
912,912,3028.597351,10023,1
913,913,3028.608487,10034,1
914,914,3028.619622,10045,1
915,915,3028.630761,10056,1
916,916,3028.641895,10067,1
917,917,3028.653034,10078,1
918,918,3028.664169,10089,1
919,919,3028.675304,10100,1
920,920,3028.686442,10111,1
921,921,3028.697578,10122,1
922,922,3028.708715,10133,1
923,923,3028.719849,10144,1
924,924,3028.730985,10155,1
925,925,3028.742122,10166,1
926,926,3028.753259,10177,1
927,927,3028.764395,10188,1
928,928,3028.775532,10199,1
929,929,3028.786666,10210,1
930,930,3028.797803,10221,1
931,931,3028.808940,10232,1
932,932,3028.820076,10243,1
933,933,3028.831214,10254,1
934,934,3028.842348,10265,1
935,935,3028.853484,10276,1
936,936,3028.864622,10287,1
937,937,3028.875759,10298,1
938,938,3028.886895,10309,1
939,939,3028.898031,10320,1
940,940,3028.909167,10331,1
941,941,3028.920304,10342,1
942,942,3028.931439,10353,1
943,943,3028.942576,10364,1
944,944,3028.953710,10375,1
945,945,3028.964848,10386,1
946,946,3028.975984,10397,1
947,947,3028.987120,10408,1
948,948,3028.998255,10419,1
949,949,3029.009392,10430,1
950,950,3029.020530,10441,1
951,951,3029.031666,10452,1
952,952,3029.042800,10463,1
953,953,3029.053939,10474,1
954,954,3029.065074,10485,1
955,955,3029.076211,10496,1
956,956,3029.087346,10507,1
957,957,3029.098484,10518,1
958,958,3029.109619,10529,1
959,959,3029.120756,10540,1
960,960,3029.131892,10551,1
961,961,3029.143028,10562,1
962,962,3029.154166,10573,1
963,963,3029.164289,10583,1
964,964,3029.175423,10594,1
965,965,3029.186561,10605,1
966,966,3029.197696,10616,1
967,967,3029.208834,10627,1
968,968,3029.219970,10638,1
969,969,3029.231108,10649,1
970,970,3029.242243,10660,1
971,971,3029.253379,10671,1
972,972,3029.264515,10682,1
973,973,3029.275650,10693,1
974,974,3029.286787,10704,1
975,975,3029.297923,10715,1
976,976,3029.309060,10726,1
977,977,3029.320196,10737,1
978,978,3029.331331,10748,1
979,979,3029.342470,10759,1
980,980,3029.353606,10770,1
981,981,3029.364742,10781,1
982,982,3029.375879,10792,1
983,983,3029.387014,10803,1
984,984,3029.398148,10814,1
985,985,3029.409285,10825,1
986,986,3029.420421,10836,1
987,987,3029.431558,10847,1
988,988,3029.442695,10858,1
989,989,3029.453831,10869,1
990,990,3029.464966,10880,1
991,991,3029.476108,10891,1
992,992,3029.487240,10902,1
993,993,3029.498376,10913,1
994,994,3029.509512,10924,1
995,995,3029.520649,10935,1
996,996,3029.531784,10946,1
997,997,3029.542920,10957,1
998,998,3029.554057,10968,1
999,999,3029.565194,10979,1
1000,1000,3029.576331,10990,1
1001,1001,3029.587467,11001,1
1002,1002,3029.598603,11012,1
1003,1003,3029.609738,11023,1
1004,1004,3029.620876,11034,1
1005,1005,3029.632011,11045,1
1006,1006,3029.643148,11056,1
1007,1007,3029.654284,11067,1
1008,1008,3029.665420,11078,1
1009,1009,3029.676555,11089,1
1010,1010,3029.687692,11100,1
1011,1011,3029.698830,11111,1
1012,1012,3029.709966,11122,1
1013,1013,3029.721105,11133,1
1014,1014,3029.732238,11144,1
1015,1015,3029.743375,11155,1
1016,1016,3029.754509,11166,1
1017,1017,3029.765646,11177,1
1018,1018,3029.776782,11188,1
1019,1019,3029.787919,11199,1
1020,1020,3029.799056,11210,1
1021,1021,3029.810191,11221,1
1022,1022,3029.821328,11232,1
1023,1023,3029.832463,11243,1
1024,1024,3029.843600,11254,1
1025,1025,3029.854738,11265,1
1026,1026,3029.865873,11276,1
1027,1027,3029.877009,11287,1
1028,1028,3029.888146,11298,1
1029,1029,3029.899282,11309,1
1030,1030,3029.910419,11320,1
1031,1031,3029.921556,11331,1
1032,1032,3029.932692,11342,1
1033,1033,3029.943828,11353,1
1034,1034,3029.954964,11364,1
1035,1035,3029.966106,11375,1
1036,1036,3029.977237,11386,1
1037,1037,3029.988371,11397,1
1038,1038,3029.999507,11408,1
1039,1039,3030.010645,11419,1
1040,1040,3030.021781,11430,1
1041,1041,3030.032916,11441,1
1042,1042,3030.044053,11452,1
1043,1043,3030.055191,11463,1
1044,1044,3030.066326,11474,1
1045,1045,3030.077463,11485,1
1046,1046,3030.088598,11496,1
1047,1047,3030.099735,11507,1
1048,1048,3030.110870,11518,1
1049,1049,3030.122008,11529,1
1050,1050,3030.133144,11540,1
1051,1051,3030.144281,11551,1
1052,1052,3030.155417,11562,1
1053,1053,3030.166553,11573,1
1054,1054,3030.177687,11584,1
1055,1055,3030.188823,11595,1
1056,1056,3030.199962,11606,1
1057,1057,3030.211104,11617,1
1058,1058,3030.222233,11628,1
1059,1059,3030.233370,11639,1
1060,1060,3030.244505,11650,1
1061,1061,3030.255643,11661,1
1062,1062,3030.266780,11672,1
1063,1063,3030.277916,11683,1
1064,1064,3030.289050,11694,1
1065,1065,3030.300186,11705,1
1066,1066,3030.311322,11716,1
1067,1067,3030.322461,11727,1
1068,1068,3030.333595,11738,1
1069,1069,3030.344731,11749,1
1070,1070,3030.355869,11760,1
1071,1071,3030.367006,11771,1
1072,1072,3030.378142,11782,1
1073,1073,3030.389278,11793,1
1074,1074,3030.400414,11804,1
1075,1075,3030.411551,11815,1
1076,1076,3030.422688,11826,1
1077,1077,3030.433821,11837,1
1078,1078,3030.444960,11848,1
1079,1079,3030.456104,11859,1
1080,1080,3030.467232,11870,1
1081,1081,3030.478368,11881,1
1082,1082,3030.488492,11891,1
1083,1083,3030.499628,11902,1
1084,1084,3030.510763,11913,1
1085,1085,3030.521899,11924,1
1086,1086,3030.533038,11935,1
1087,1087,3030.544174,11946,1
1088,1088,3030.555308,11957,1
1089,1089,3030.566444,11968,1
1090,1090,3030.577583,11979,1
1091,1091,3030.588718,11990,1
1092,1092,3030.599853,12001,1
1093,1093,3030.610992,12012,1
1094,1094,3030.622128,12023,1
1095,1095,3030.633263,12034,1
1096,1096,3030.644401,12045,1
1097,1097,3030.655536,12056,1
1098,1098,3030.666671,12067,1
1099,1099,3030.677807,12078,1
1100,1100,3030.688946,12089,1
1101,1101,3030.700082,12100,1
1102,1102,3030.711217,12111,1
1103,1103,3030.722353,12121,1
1104,1104,3030.733488,12132,1
1105,1105,3030.744626,12143,1
1106,1106,3030.755763,12154,1
1107,1107,3030.766898,12165,1
1108,1108,3030.778034,12176,1
1109,1109,3030.789171,12187,1
1110,1110,3030.800306,12198,1
1111,1111,3030.811442,12209,1
1112,1112,3030.822580,12220,1
1113,1113,3030.833717,12231,1
1114,1114,3030.844852,12242,1
1115,1115,3030.855987,12253,1
1116,1116,3030.867123,12264,1
1117,1117,3030.878260,12275,1
1118,1118,3030.889396,12286,1
1119,1119,3030.900533,12297,1
1120,1120,3030.911669,12308,1
1121,1121,3030.922806,12319,1
1122,1122,3030.933943,12330,1
1123,1123,3030.945077,12341,1
1124,1124,3030.956215,12352,1
1125,1125,3030.967352,12363,1
1126,1126,3030.978487,12374,1
1127,1127,3030.989622,12385,1
1128,1128,3031.000759,12396,1
1129,1129,3031.011897,12407,1
1130,1130,3031.023032,12418,1
1131,1131,3031.034167,12429,1
1132,1132,3031.045305,12440,1
1133,1133,3031.056441,12451,1
1134,1134,3031.067578,12462,1
1135,1135,3031.078713,12473,1
1136,1136,3031.089850,12484,1
1137,1137,3031.100987,12495,1
1138,1138,3031.112122,12506,1
1139,1139,3031.123260,12517,1
1140,1140,3031.134395,12528,1
1141,1141,3031.145531,12539,1
1142,1142,3031.156668,12550,1
1143,1143,3031.167805,12561,1
1144,1144,3031.178941,12572,1
1145,1145,3031.190078,12583,1
1146,1146,3031.201213,12594,1
1147,1147,3031.212348,12605,1
1148,1148,3031.223484,12616,1
1149,1149,3031.234621,12627,1
1150,1150,3031.245759,12638,1
1151,1151,3031.256893,12649,1
1152,1152,3031.268029,12660,1
1153,1153,3031.279167,12671,1
1154,1154,3031.290304,12682,1
1155,1155,3031.301440,12693,1
1156,1156,3031.312577,12704,1
1157,1157,3031.323711,12715,1
1158,1158,3031.334849,12726,1
1159,1159,3031.345985,12737,1
1160,1160,3031.357120,12748,1
1161,1161,3031.368258,12759,1
1162,1162,3031.379394,12770,1
1163,1163,3031.390529,12781,1
1164,1164,3031.401666,12792,1
1165,1165,3031.412801,12803,1
1166,1166,3031.423937,12814,1
1167,1167,3031.435075,12825,1
1168,1168,3031.446211,12836,1
1169,1169,3031.457348,12847,1
1170,1170,3031.468485,12858,1
1171,1171,3031.479620,12869,1
1172,1172,3031.490757,12880,1
1173,1173,3031.501892,12891,1
1174,1174,3031.513029,12902,1
1175,1175,3031.524166,12913,1
1176,1176,3031.535301,12924,1
1177,1177,3031.546436,12935,1
1178,1178,3031.557574,12946,1
1179,1179,3031.568708,12957,1
1180,1180,3031.579847,12968,1
1181,1181,3031.590981,12979,1
1182,1182,3031.602118,12990,1
1183,1183,3031.613255,13001,1
1184,1184,3031.624390,13012,1
1185,1185,3031.635528,13023,1
1186,1186,3031.646664,13034,1
1187,1187,3031.657799,13045,1
1188,1188,3031.668937,13056,1
1189,1189,3031.680073,13067,1
1190,1190,3031.691209,13078,1
1191,1191,3031.702346,13089,1
1192,1192,3031.713480,13100,1
1193,1193,3031.724618,13111,1
1194,1194,3031.735754,13122,1
1195,1195,3031.746889,13133,1
1196,1196,3031.758025,13144,1
1197,1197,3031.769162,13155,1
1198,1198,3031.780299,13166,1
1199,1199,3031.791435,13177,1
1200,1200,3031.802571,13188,1
1201,1201,3031.812696,13198,1
1202,1202,3031.823831,13209,1
1203,1203,3031.834969,13220,1
1204,1204,3031.846108,13231,1
1205,1205,3031.857240,13242,1
1206,1206,3031.868378,13253,1
1207,1207,3031.879513,13264,1
1208,1208,3031.890650,13275,1
1209,1209,3031.901784,13286,1
1210,1210,3031.912921,13297,1
1211,1211,3031.924057,13308,1
1212,1212,3031.935194,13319,1
1213,1213,3031.946331,13330,1
1214,1214,3031.957466,13341,1
1215,1215,3031.968604,13352,1
1216,1216,3031.979739,13363,1
1217,1217,3031.990877,13374,1
1218,1218,3032.002012,13385,1
1219,1219,3032.013149,13396,1
1220,1220,3032.024283,13407,1
1221,1221,3032.035420,13418,1
1222,1222,3032.046559,13429,1
1223,1223,3032.057694,13440,1
1224,1224,3032.068828,13451,1
1225,1225,3032.079965,13462,1
1226,1226,3032.091105,13473,1
1227,1227,3032.102238,13484,1
1228,1228,3032.113375,13495,1
1229,1229,3032.124512,13506,1
1230,1230,3032.135647,13517,1
1231,1231,3032.146783,13528,1
1232,1232,3032.157920,13539,1
1233,1233,3032.169055,13550,1
1234,1234,3032.180191,13561,1
1235,1235,3032.191329,13572,1
1236,1236,3032.202464,13583,1
1237,1237,3032.213602,13594,1
1238,1238,3032.224738,13605,1
1239,1239,3032.235874,13616,1
1240,1240,3032.247010,13627,1
1241,1241,3032.258147,13638,1
1242,1242,3032.269281,13649,1
1243,1243,3032.280417,13660,1
1244,1244,3032.291555,13671,1
1245,1245,3032.302691,13682,1
1246,1246,3032.313828,13693,1
1247,1247,3032.324965,13704,1
1248,1248,3032.336107,13715,1
1249,1249,3032.347236,13726,1
1250,1250,3032.358374,13737,1
1251,1251,3032.369507,13748,1
1252,1252,3032.380644,13759,1
1253,1253,3032.391782,13770,1
1254,1254,3032.402916,13781,1
1255,1255,3032.414052,13792,1
1256,1256,3032.425191,13803,1
1257,1257,3032.436328,13814,1
1258,1258,3032.447464,13825,1
1259,1259,3032.458600,13836,1
1260,1260,3032.469735,13847,1
1261,1261,3032.480872,13858,1
1262,1262,3032.492008,13869,1
1263,1263,3032.503145,13880,1
1264,1264,3032.514279,13891,1
1265,1265,3032.525415,13902,1
1266,1266,3032.536554,13913,1
1267,1267,3032.547689,13924,1
1268,1268,3032.558824,13935,1
1269,1269,3032.569962,13946,1
1270,1270,3032.581105,13957,1
1271,1271,3032.592235,13968,1
1272,1272,3032.603369,13979,1
1273,1273,3032.614506,13990,1
1274,1274,3032.625642,14001,1
1275,1275,3032.636780,14012,1
1276,1276,3032.647915,14023,1
1277,1277,3032.659051,14034,1
1278,1278,3032.670189,14045,1
1279,1279,3032.681326,14056,1
1280,1280,3032.692462,14067,1
1281,1281,3032.703598,14078,1
1282,1282,3032.714732,14089,1
1283,1283,3032.725868,14100,1
1284,1284,3032.737004,14111,1
1285,1285,3032.748141,14122,1
1286,1286,3032.759277,14133,1
1287,1287,3032.770414,14144,1
1288,1288,3032.781551,14155,1
1289,1289,3032.792686,14166,1
1290,1290,3032.803824,14177,1
1291,1291,3032.814958,14188,1
1292,1292,3032.826104,14199,1
1293,1293,3032.837231,14210,1
1294,1294,3032.848369,14221,1
1295,1295,3032.859504,14232,1
1296,1296,3032.870642,14243,1
1297,1297,3032.881777,14254,1
1298,1298,3032.892914,14265,1
1299,1299,3032.904050,14276,1
1300,1300,3032.915186,14287,1
1301,1301,3032.926321,14298,1
1302,1302,3032.937459,14309,1
1303,1303,3032.948594,14320,1
1304,1304,3032.959731,14331,1
1305,1305,3032.970866,14342,1
1306,1306,3032.982004,14353,1
1307,1307,3032.993140,14364,1
1308,1308,3033.004275,14375,1
1309,1309,3033.015411,14386,1
1310,1310,3033.026549,14397,1
1311,1311,3033.037686,14408,1
1312,1312,3033.048822,14419,1
1313,1313,3033.059958,14430,1
1314,1314,3033.071101,14441,1
1315,1315,3033.082229,14452,1
1316,1316,3033.093366,14463,1
1317,1317,3033.104503,14474,1
1318,1318,3033.115640,14485,1
1319,1319,3033.126774,14496,1
1320,1320,3033.136900,14506,1
1321,1321,3033.148034,14517,1
1322,1322,3033.159170,14528,1
1323,1323,3033.170308,14539,1
1324,1324,3033.181445,14550,1
1325,1325,3033.192581,14561,1
1326,1326,3033.203715,14572,1
1327,1327,3033.214854,14583,1
1328,1328,3033.225988,14594,1
1329,1329,3033.237125,14605,1
1330,1330,3033.248263,14616,1
1331,1331,3033.259399,14627,1
1332,1332,3033.270534,14638,1
1333,1333,3033.281669,14649,1
1334,1334,3033.292808,14660,1
1335,1335,3033.303942,14671,1
1336,1336,3033.315080,14682,1
1337,1337,3033.326214,14693,1
1338,1338,3033.337353,14704,1
1339,1339,3033.348489,14715,1
1340,1340,3033.359625,14726,1
1341,1341,3033.370762,14737,1
1342,1342,3033.381898,14748,1
1343,1343,3033.393033,14759,1
1344,1344,3033.404170,14770,1
1345,1345,3033.415305,14781,1
1346,1346,3033.426441,14792,1
1347,1347,3033.437577,14803,1
1348,1348,3033.448713,14814,1
1349,1349,3033.459851,14825,1
1350,1350,3033.470988,14836,1
1351,1351,3033.482123,14847,1
1352,1352,3033.493260,14858,1
1353,1353,3033.504394,14869,1
1354,1354,3033.515533,14880,1
1355,1355,3033.526668,14891,1
1356,1356,3033.537804,14902,1
1357,1357,3033.548941,14913,1
1358,1358,3033.560076,14924,1
1359,1359,3033.571213,14935,1
1360,1360,3033.582349,14946,1
1361,1361,3033.593487,14957,1
1362,1362,3033.604621,14968,1
1363,1363,3033.615759,14979,1
1364,1364,3033.626894,14990,1
1365,1365,3033.638031,15001,1
1366,1366,3033.649167,15012,1
1367,1367,3033.660305,15023,1
1368,1368,3033.671440,15034,1
1369,1369,3033.682576,15045,1
1370,1370,3033.693713,15056,1
1371,1371,3033.704849,15067,1
1372,1372,3033.715986,15078,1
1373,1373,3033.727121,15089,1
1374,1374,3033.738258,15100,1
1375,1375,3033.749393,15111,1
1376,1376,3033.760530,15122,1
1377,1377,3033.771668,15133,1
1378,1378,3033.782803,15144,1
1379,1379,3033.793938,15155,1
1380,1380,3033.805074,15166,1
1381,1381,3033.816211,15177,1
1382,1382,3033.827347,15188,1
1383,1383,3033.838485,15199,1
1384,1384,3033.849621,15210,1
1385,1385,3033.860757,15221,1
1386,1386,3033.871894,15232,1
1387,1387,3033.883030,15243,1
1388,1388,3033.894166,15254,1
1389,1389,3033.905300,15265,1
1390,1390,3033.916437,15276,1
1391,1391,3033.927575,15287,1
1392,1392,3033.938711,15298,1
1393,1393,3033.949847,15309,1
1394,1394,3033.960984,15320,1
1395,1395,3033.972120,15331,1
1396,1396,3033.983254,15342,1
1397,1397,3033.994393,15353,1
1398,1398,3034.005527,15364,1
1399,1399,3034.016663,15375,1
1400,1400,3034.027800,15386,1
1401,1401,3034.038937,15397,1
1402,1402,3034.050073,15408,1
1403,1403,3034.061210,15419,1
1404,1404,3034.072347,15430,1
1405,1405,3034.083482,15441,1
1406,1406,3034.094619,15452,1
1407,1407,3034.105755,15463,1
1408,1408,3034.116892,15474,1
1409,1409,3034.128028,15485,1
1410,1410,3034.139162,15496,1
1411,1411,3034.150300,15507,1
1412,1412,3034.161436,15518,1
1413,1413,3034.172571,15529,1
1414,1414,3034.183709,15540,1
1415,1415,3034.194844,15551,1
1416,1416,3034.205982,15562,1
1417,1417,3034.217116,15573,1
1418,1418,3034.228252,15584,1
1419,1419,3034.239389,15595,1
1420,1420,3034.250525,15606,1
1421,1421,3034.261664,15617,1
1422,1422,3034.272797,15628,1
1423,1423,3034.283935,15639,1
1424,1424,3034.295070,15650,1
1425,1425,3034.306209,15661,1
1426,1426,3034.317345,15672,1
1427,1427,3034.328480,15683,1
1428,1428,3034.339617,15694,1
1429,1429,3034.350752,15705,1
1430,1430,3034.361890,15716,1
1431,1431,3034.373026,15727,1
1432,1432,3034.384162,15738,1
1433,1433,3034.395298,15749,1
1434,1434,3034.406433,15760,1
1435,1435,3034.417571,15771,1
1436,1436,3034.428707,15782,1
1437,1437,3034.439844,15793,1
1438,1438,3034.450980,15804,1
1439,1439,3034.461109,15814,1
1440,1440,3034.472240,15825,1
1441,1441,3034.483377,15836,1
1442,1442,3034.494513,15847,1
1443,1443,3034.505647,15858,1
1444,1444,3034.516785,15869,1
1445,1445,3034.527921,15880,1
1446,1446,3034.539056,15891,1
1447,1447,3034.550193,15902,1
1448,1448,3034.561328,15913,1
1449,1449,3034.572466,15924,1
1450,1450,3034.583603,15935,1
1451,1451,3034.594737,15946,1
1452,1452,3034.605875,15957,1
1453,1453,3034.617011,15968,1
1454,1454,3034.628148,15979,1
1455,1455,3034.639284,15990,1
1456,1456,3034.650420,16001,1
1457,1457,3034.661557,16012,1
1458,1458,3034.672693,16023,1
1459,1459,3034.683829,16034,1
1460,1460,3034.694963,16045,1
1461,1461,3034.706107,16056,1
1462,1462,3034.717236,16067,1
1463,1463,3034.728373,16078,1
1464,1464,3034.739511,16089,1
1465,1465,3034.750647,16100,1
1466,1466,3034.761781,16111,1
1467,1467,3034.772920,16122,1
1468,1468,3034.784055,16133,1
1469,1469,3034.795190,16144,1
1470,1470,3034.806328,16155,1
1471,1471,3034.817463,16166,1
1472,1472,3034.828599,16177,1
1473,1473,3034.839737,16188,1
1474,1474,3034.850873,16199,1
1475,1475,3034.862009,16210,1
1476,1476,3034.873146,16221,1
1477,1477,3034.884282,16232,1
1478,1478,3034.895419,16243,1
1479,1479,3034.906554,16254,1
1480,1480,3034.917691,16265,1
1481,1481,3034.928826,16276,1
1482,1482,3034.939964,16287,1
1483,1483,3034.951106,16298,1
1484,1484,3034.962234,16309,1
1485,1485,3034.973372,16320,1
1486,1486,3034.984508,16331,1
1487,1487,3034.995645,16342,1
1488,1488,3035.006780,16353,1
1489,1489,3035.017917,16364,1
1490,1490,3035.029051,16375,1
1491,1491,3035.040188,16386,1
1492,1492,3035.051326,16397,1
1493,1493,3035.062461,16408,1
1494,1494,3035.073597,16419,1
1495,1495,3035.084735,16430,1
1496,1496,3035.095870,16441,1
1497,1497,3035.107005,16452,1
1498,1498,3035.118143,16463,1
1499,1499,3035.129279,16474,1
1500,1500,3035.140416,16485,1
1501,1501,3035.151553,16496,1
1502,1502,3035.162687,16507,1
1503,1503,3035.173825,16518,1
1504,1504,3035.184961,16529,1
1505,1505,3035.196103,16540,1
1506,1506,3035.207232,16551,1
1507,1507,3035.218370,16562,1
1508,1508,3035.229506,16573,1
1509,1509,3035.240643,16584,1
1510,1510,3035.251779,16595,1
1511,1511,3035.262915,16606,1
1512,1512,3035.274049,16617,1
1513,1513,3035.285186,16628,1
1514,1514,3035.296324,16639,1
1515,1515,3035.307458,16650,1
1516,1516,3035.318595,16661,1
1517,1517,3035.329732,16672,1
1518,1518,3035.340868,16683,1
1519,1519,3035.352005,16694,1
1520,1520,3035.363142,16705,1
1521,1521,3035.374278,16716,1
1522,1522,3035.385415,16727,1
1523,1523,3035.396551,16738,1
1524,1524,3035.407686,16749,1
1525,1525,3035.418823,16760,1
1526,1526,3035.429960,16771,1
1527,1527,3035.441103,16782,1
1528,1528,3035.452231,16793,1
1529,1529,3035.463367,16804,1
1530,1530,3035.474503,16815,1
1531,1531,3035.485638,16826,1
1532,1532,3035.496775,16837,1
1533,1533,3035.507912,16848,1
1534,1534,3035.519047,16859,1
1535,1535,3035.530186,16870,1
1536,1536,3035.541320,16881,1
1537,1537,3035.552456,16892,1
1538,1538,3035.563594,16903,1
1539,1539,3035.574729,16914,1
1540,1540,3035.585867,16925,1
1541,1541,3035.597004,16936,1
1542,1542,3035.608139,16947,1
1543,1543,3035.619276,16958,1
1544,1544,3035.630412,16969,1
1545,1545,3035.641549,16980,1
1546,1546,3035.652683,16991,1
1547,1547,3035.663821,17002,1
1548,1548,3035.674956,17013,1
1549,1549,3035.686102,17024,1
1550,1550,3035.697229,17035,1
1551,1551,3035.708366,17046,1
1552,1552,3035.719500,17056,1
1553,1553,3035.730637,17067,1
1554,1554,3035.741773,17078,1
1555,1555,3035.752909,17089,1
1556,1556,3035.764046,17100,1
1557,1557,3035.775183,17111,1
1558,1558,3035.786318,17122,1
1559,1559,3035.796443,17132,1
1560,1560,3035.807580,17143,1
1561,1561,3035.818716,17154,1
1562,1562,3035.829851,17165,1
1563,1563,3035.840988,17176,1
1564,1564,3035.852124,17187,1
1565,1565,3035.863260,17198,1
1566,1566,3035.874398,17209,1
1567,1567,3035.885533,17220,1
1568,1568,3035.896668,17231,1
1569,1569,3035.907806,17242,1
1570,1570,3035.918941,17253,1
1571,1571,3035.930079,17264,1
1572,1572,3035.941215,17275,1
1573,1573,3035.952350,17286,1
1574,1574,3035.963488,17297,1
1575,1575,3035.974623,17308,1
1576,1576,3035.985760,17319,1
1577,1577,3035.996897,17330,1
1578,1578,3036.008032,17341,1
1579,1579,3036.019168,17352,1
1580,1580,3036.030306,17363,1
1581,1581,3036.041440,17374,1
1582,1582,3036.052577,17385,1
1583,1583,3036.063715,17396,1
1584,1584,3036.074848,17407,1
1585,1585,3036.085985,17418,1
1586,1586,3036.097122,17429,1
1587,1587,3036.108258,17440,1
1588,1588,3036.119393,17451,1
1589,1589,3036.130532,17462,1
1590,1590,3036.141666,17473,1
1591,1591,3036.152802,17484,1
1592,1592,3036.163940,17495,1
1593,1593,3036.175077,17506,1
1594,1594,3036.186211,17517,1
1595,1595,3036.197348,17528,1
1596,1596,3036.208483,17539,1
1597,1597,3036.219622,17550,1
1598,1598,3036.230758,17561,1
1599,1599,3036.241893,17572,1
1600,1600,3036.253031,17583,1
1601,1601,3036.264165,17594,1
1602,1602,3036.275301,17605,1
1603,1603,3036.286439,17616,1
1604,1604,3036.297574,17627,1
1605,1605,3036.308710,17638,1
1606,1606,3036.319848,17649,1
1607,1607,3036.330984,17660,1
1608,1608,3036.342119,17671,1
1609,1609,3036.353255,17682,1
1610,1610,3036.364392,17693,1
1611,1611,3036.375529,17704,1
1612,1612,3036.386666,17715,1
1613,1613,3036.397801,17726,1
1614,1614,3036.408936,17737,1
1615,1615,3036.420073,17748,1
1616,1616,3036.431210,17759,1
1617,1617,3036.442347,17770,1
1618,1618,3036.453482,17781,1
1619,1619,3036.464619,17792,1
1620,1620,3036.475756,17803,1
1621,1621,3036.486891,17814,1
1622,1622,3036.498027,17825,1
1623,1623,3036.509163,17836,1
1624,1624,3036.520299,17847,1
1625,1625,3036.531437,17858,1
1626,1626,3036.542573,17869,1
1627,1627,3036.553709,17880,1
1628,1628,3036.564845,17891,1
1629,1629,3036.575982,17902,1
1630,1630,3036.587117,17913,1
1631,1631,3036.598255,17924,1
1632,1632,3036.609392,17935,1
1633,1633,3036.620526,17946,1
1634,1634,3036.631662,17957,1
1635,1635,3036.642800,17968,1
1636,1636,3036.653935,17979,1
1637,1637,3036.665073,17990,1
1638,1638,3036.676207,18001,1
1639,1639,3036.687345,18012,1
1640,1640,3036.698481,18023,1
1641,1641,3036.709616,18034,1
1642,1642,3036.720752,18045,1
1643,1643,3036.731891,18056,1
1644,1644,3036.743026,18067,1
1645,1645,3036.754163,18078,1
1646,1646,3036.765297,18089,1
1647,1647,3036.776433,18100,1
1648,1648,3036.787570,18111,1
1649,1649,3036.798706,18122,1
1650,1650,3036.809843,18133,1
1651,1651,3036.820981,18144,1
1652,1652,3036.832116,18155,1
1653,1653,3036.843252,18166,1
1654,1654,3036.854390,18177,1
1655,1655,3036.865523,18188,1
1656,1656,3036.876662,18199,1
1657,1657,3036.887798,18210,1
1658,1658,3036.898933,18221,1
1659,1659,3036.910071,18232,1
1660,1660,3036.921205,18243,1
1661,1661,3036.932341,18254,1
1662,1662,3036.943479,18265,1
1663,1663,3036.954616,18276,1
1664,1664,3036.965752,18287,1
1665,1665,3036.976889,18298,1
1666,1666,3036.988023,18309,1
1667,1667,3036.999159,18320,1
1668,1668,3037.010295,18331,1
1669,1669,3037.021432,18342,1
1670,1670,3037.032568,18353,1
1671,1671,3037.043706,18364,1
1672,1672,3037.054840,18375,1
1673,1673,3037.065977,18386,1
1674,1674,3037.077114,18397,1
1675,1675,3037.088251,18408,1
1676,1676,3037.099388,18419,1
1677,1677,3037.110523,18430,1
1678,1678,3037.120647,18440,1
1679,1679,3037.131784,18451,1
1680,1680,3037.142919,18462,1
1681,1681,3037.154054,18473,1
1682,1682,3037.165193,18484,1
1683,1683,3037.176328,18495,1
1684,1684,3037.187466,18506,1
1685,1685,3037.198601,18517,1
1686,1686,3037.209736,18528,1
1687,1687,3037.220872,18539,1
1688,1688,3037.232009,18550,1
1689,1689,3037.243145,18561,1
1690,1690,3037.254280,18572,1
1691,1691,3037.265419,18583,1
1692,1692,3037.276554,18594,1
1693,1693,3037.287692,18605,1
1694,1694,3037.298825,18616,1
1695,1695,3037.309963,18627,1
1696,1696,3037.321105,18638,1
1697,1697,3037.332234,18649,1
1698,1698,3037.343373,18660,1
1699,1699,3037.354509,18671,1
1700,1700,3037.365644,18682,1
1701,1701,3037.376780,18693,1
1702,1702,3037.387918,18704,1
1703,1703,3037.399053,18715,1
1704,1704,3037.410191,18726,1
1705,1705,3037.421324,18737,1
1706,1706,3037.432462,18748,1
1707,1707,3037.443600,18759,1
1708,1708,3037.454733,18770,1
1709,1709,3037.465872,18781,1
1710,1710,3037.477008,18792,1
1711,1711,3037.488144,18803,1
1712,1712,3037.499280,18814,1
1713,1713,3037.510417,18825,1
1714,1714,3037.521551,18836,1
1715,1715,3037.532689,18847,1
1716,1716,3037.543825,18858,1
1717,1717,3037.554960,18869,1
1718,1718,3037.566103,18880,1
1719,1719,3037.577235,18891,1
1720,1720,3037.588370,18902,1
1721,1721,3037.599505,18913,1
1722,1722,3037.610643,18924,1
1723,1723,3037.621779,18935,1
1724,1724,3037.632916,18946,1
1725,1725,3037.644051,18957,1
1726,1726,3037.655188,18968,1
1727,1727,3037.666324,18979,1
1728,1728,3037.677461,18990,1
1729,1729,3037.688595,19001,1
1730,1730,3037.699732,19012,1
1731,1731,3037.710868,19023,1
1732,1732,3037.722005,19034,1
1733,1733,3037.733140,19045,1
1734,1734,3037.744278,19056,1
1735,1735,3037.755414,19067,1
1736,1736,3037.766551,19078,1
1737,1737,3037.777687,19089,1
1738,1738,3037.788822,19100,1
1739,1739,3037.799960,19111,1
1740,1740,3037.811108,19122,1
1741,1741,3037.822231,19133,1
1742,1742,3037.833368,19144,1
1743,1743,3037.844504,19155,1
1744,1744,3037.855640,19166,1
1745,1745,3037.866778,19177,1
1746,1746,3037.877912,19188,1
1747,1747,3037.889050,19199,1
1748,1748,3037.900186,19210,1
1749,1749,3037.911320,19221,1
1750,1750,3037.922459,19232,1
1751,1751,3037.933595,19243,1
1752,1752,3037.944731,19254,1
1753,1753,3037.955867,19265,1
1754,1754,3037.967002,19276,1
1755,1755,3037.978138,19287,1
1756,1756,3037.989276,19298,1
1757,1757,3038.000413,19309,1
1758,1758,3038.011549,19320,1
1759,1759,3038.022685,19331,1
1760,1760,3038.033821,19342,1
1761,1761,3038.044956,19353,1
1762,1762,3038.056103,19364,1
1763,1763,3038.067230,19375,1
1764,1764,3038.078366,19386,1
1765,1765,3038.089502,19397,1
1766,1766,3038.100640,19408,1
1767,1767,3038.111773,19419,1
1768,1768,3038.122911,19430,1
1769,1769,3038.134046,19441,1
1770,1770,3038.145182,19452,1
1771,1771,3038.156319,19463,1
1772,1772,3038.167457,19474,1
1773,1773,3038.178593,19485,1
1774,1774,3038.189729,19496,1
1775,1775,3038.200865,19507,1
1776,1776,3038.212000,19518,1
1777,1777,3038.223138,19529,1
1778,1778,3038.234275,19540,1
1779,1779,3038.245411,19551,1
1780,1780,3038.256545,19562,1
1781,1781,3038.267682,19573,1
1782,1782,3038.278817,19584,1
1783,1783,3038.289956,19595,1
1784,1784,3038.301103,19606,1
1785,1785,3038.312227,19617,1
1786,1786,3038.323364,19628,1
1787,1787,3038.334499,19639,1
1788,1788,3038.345636,19650,1
1789,1789,3038.356772,19661,1
1790,1790,3038.367908,19672,1
1791,1791,3038.379046,19683,1
1792,1792,3038.390182,19694,1
1793,1793,3038.401319,19705,1
1794,1794,3038.412453,19716,1
1795,1795,3038.423589,19727,1
1796,1796,3038.434727,19738,1
1797,1797,3038.444851,19748,1
1798,1798,3038.455985,19759,1
1799,1799,3038.467122,19770,1
1800,1800,3038.478258,19781,1
1801,1801,3038.489396,19792,1
1802,1802,3038.500532,19803,1
1803,1803,3038.511667,19814,1
1804,1804,3038.522804,19825,1
1805,1805,3038.533941,19836,1
1806,1806,3038.545076,19847,1
1807,1807,3038.556214,19858,1
1808,1808,3038.567349,19869,1
1809,1809,3038.578486,19880,1
1810,1810,3038.589623,19891,1
1811,1811,3038.600758,19902,1
1812,1812,3038.611894,19913,1
1813,1813,3038.623030,19924,1
1814,1814,3038.634167,19935,1
1815,1815,3038.645304,19946,1
1816,1816,3038.656439,19957,1
1817,1817,3038.667574,19968,1
1818,1818,3038.678711,19979,1
1819,1819,3038.689848,19990,1
1820,1820,3038.700985,20001,1
1821,1821,3038.712119,20012,1
1822,1822,3038.723256,20023,1
1823,1823,3038.734394,20034,1
1824,1824,3038.745530,20045,1
1825,1825,3038.756666,20056,1
1826,1826,3038.767802,20067,1
1827,1827,3038.778939,20078,1
1828,1828,3038.790076,20089,1
1829,1829,3038.801212,20100,1
1830,1830,3038.812348,20111,1
1831,1831,3038.823483,20122,1
1832,1832,3038.834621,20133,1
1833,1833,3038.845756,20144,1
1834,1834,3038.856892,20155,1
1835,1835,3038.868029,20166,1
1836,1836,3038.879165,20177,1
1837,1837,3038.890300,20188,1
1838,1838,3038.901439,20199,1
1839,1839,3038.912575,20210,1
1840,1840,3038.923711,20221,1
1841,1841,3038.934847,20232,1
1842,1842,3038.945983,20243,1
1843,1843,3038.957120,20254,1
1844,1844,3038.968254,20265,1
1845,1845,3038.979390,20276,1
1846,1846,3038.990528,20287,1
1847,1847,3039.001664,20298,1
1848,1848,3039.012799,20309,1
1849,1849,3039.023935,20320,1
1850,1850,3039.035073,20331,1
1851,1851,3039.046210,20342,1
1852,1852,3039.057344,20353,1
1853,1853,3039.068482,20364,1
1854,1854,3039.079618,20375,1
1855,1855,3039.090754,20386,1
1856,1856,3039.101891,20397,1
1857,1857,3039.113028,20408,1
1858,1858,3039.124164,20419,1
1859,1859,3039.135298,20430,1
1860,1860,3039.146435,20441,1
1861,1861,3039.157571,20452,1
1862,1862,3039.168706,20463,1
1863,1863,3039.179843,20474,1
1864,1864,3039.190980,20485,1
1865,1865,3039.202115,20496,1
1866,1866,3039.213252,20507,1
1867,1867,3039.224388,20518,1
1868,1868,3039.235525,20529,1
1869,1869,3039.246662,20540,1
1870,1870,3039.257799,20551,1
1871,1871,3039.268934,20562,1
1872,1872,3039.280069,20573,1
1873,1873,3039.291206,20584,1
1874,1874,3039.302344,20595,1
1875,1875,3039.313478,20606,1
1876,1876,3039.324616,20617,1
1877,1877,3039.335752,20628,1
1878,1878,3039.346889,20639,1
1879,1879,3039.358023,20650,1
1880,1880,3039.369162,20661,1
1881,1881,3039.380298,20672,1
1882,1882,3039.391434,20683,1
1883,1883,3039.402571,20694,1
1884,1884,3039.413704,20705,1
1885,1885,3039.424842,20716,1
1886,1886,3039.435978,20727,1
1887,1887,3039.447113,20738,1
1888,1888,3039.458250,20749,1
1889,1889,3039.469388,20760,1
1890,1890,3039.480524,20771,1
1891,1891,3039.491658,20782,1
1892,1892,3039.502796,20793,1
1893,1893,3039.513931,20804,1
1894,1894,3039.525069,20815,1
1895,1895,3039.536206,20826,1
1896,1896,3039.547342,20837,1
1897,1897,3039.558476,20848,1
1898,1898,3039.569614,20859,1
1899,1899,3039.580750,20870,1
1900,1900,3039.591886,20881,1
1901,1901,3039.603024,20892,1
1902,1902,3039.614160,20903,1
1903,1903,3039.625294,20914,1
1904,1904,3039.636431,20925,1
1905,1905,3039.647569,20936,1
1906,1906,3039.658702,20947,1
1907,1907,3039.669840,20958,1
1908,1908,3039.680977,20969,1
1909,1909,3039.692112,20980,1
1910,1910,3039.703247,20991,1
1911,1911,3039.714386,21002,1
1912,1912,3039.725521,21013,1
1913,1913,3039.736656,21024,1
1914,1914,3039.747792,21035,1
1915,1915,3039.758930,21046,1
1916,1916,3039.769054,21056,1
1917,1917,3039.780189,21067,1
1918,1918,3039.791326,21078,1
1919,1919,3039.802463,21089,1
1920,1920,3039.813600,21100,1
1921,1921,3039.824736,21111,1
1922,1922,3039.835871,21122,1
1923,1923,3039.847006,21133,1
1924,1924,3039.858145,21144,1
1925,1925,3039.869280,21155,1
1926,1926,3039.880418,21166,1
1927,1927,3039.891553,21177,1
1928,1928,3039.902690,21188,1
1929,1929,3039.913827,21199,1
1930,1930,3039.924963,21210,1
1931,1931,3039.936104,21221,1
1932,1932,3039.947233,21232,1
1933,1933,3039.958372,21243,1
1934,1934,3039.969508,21254,1
1935,1935,3039.980644,21265,1
1936,1936,3039.991779,21276,1
1937,1937,3040.002914,21287,1
1938,1938,3040.014051,21298,1
1939,1939,3040.025188,21309,1
1940,1940,3040.036326,21320,1
1941,1941,3040.047459,21331,1
1942,1942,3040.058596,21342,1
1943,1943,3040.069735,21353,1
1944,1944,3040.080870,21364,1
1945,1945,3040.092007,21375,1
1946,1946,3040.103143,21386,1
1947,1947,3040.114279,21397,1
1948,1948,3040.125416,21408,1
1949,1949,3040.136551,21419,1
1950,1950,3040.147687,21430,1
1951,1951,3040.158822,21441,1
1952,1952,3040.169960,21452,1
1953,1953,3040.181105,21463,1
1954,1954,3040.192233,21474,1
1955,1955,3040.203369,21485,1
1956,1956,3040.214504,21496,1
1957,1957,3040.225640,21507,1
1958,1958,3040.236777,21518,1
1959,1959,3040.247912,21529,1
1960,1960,3040.259049,21540,1
1961,1961,3040.270187,21551,1
1962,1962,3040.281321,21562,1
1963,1963,3040.292459,21573,1
1964,1964,3040.303594,21584,1
1965,1965,3040.314730,21595,1
1966,1966,3040.325868,21606,1
1967,1967,3040.337003,21617,1
1968,1968,3040.348139,21628,1
1969,1969,3040.359277,21639,1
1970,1970,3040.370413,21650,1
1971,1971,3040.381548,21661,1
1972,1972,3040.392685,21672,1
1973,1973,3040.403820,21683,1
1974,1974,3040.414958,21694,1
1975,1975,3040.426102,21705,1
1976,1976,3040.437231,21716,1
1977,1977,3040.448365,21727,1
1978,1978,3040.459504,21738,1
1979,1979,3040.470639,21749,1
1980,1980,3040.481776,21760,1
1981,1981,3040.492910,21771,1
1982,1982,3040.504049,21782,1
1983,1983,3040.515184,21793,1
1984,1984,3040.526321,21804,1
1985,1985,3040.537457,21815,1
1986,1986,3040.548593,21826,1
1987,1987,3040.559730,21837,1
1988,1988,3040.570866,21848,1
1989,1989,3040.582003,21859,1
1990,1990,3040.593137,21870,1
1991,1991,3040.604275,21881,1
1992,1992,3040.615410,21892,1
1993,1993,3040.626547,21903,1
1994,1994,3040.637684,21914,1
1995,1995,3040.648820,21925,1
1996,1996,3040.659957,21936,1
1997,1997,3040.671104,21947,1
1998,1998,3040.682228,21958,1
1999,1999,3040.693363,21969,1
2000,2000,3040.704500,21980,1
2001,2001,3040.716796,21991,1
2002,2002,3040.726774,22001,1
2003,2003,3040.737908,22012,1
2004,2004,3040.749047,22023,1
2005,2005,3040.760182,22034,1
2006,2006,3040.771319,22045,1
2007,2007,3040.782456,22056,1
2008,2008,3040.793590,22067,1
2009,2009,3040.804727,22078,1
2010,2010,3040.815864,22089,1
2011,2011,3040.827000,22100,1
2012,2012,3040.838135,22111,1
2013,2013,3040.849273,22122,1
2014,2014,3040.860409,22133,1
2015,2015,3040.871545,22144,1
2016,2016,3040.882680,22155,1
2017,2017,3040.893816,22166,1
2018,2018,3040.904953,22177,1
2019,2019,3040.916102,22188,1
2020,2020,3040.927227,22199,1
2021,2021,3040.938364,22210,1
2022,2022,3040.949498,22221,1
2023,2023,3040.960634,22232,1
2024,2024,3040.971772,22243,1
2025,2025,3040.982908,22254,1
2026,2026,3040.994044,22265,1
2027,2027,3041.005181,22276,1
2028,2028,3041.016317,22287,1
2029,2029,3041.027454,22298,1
2030,2030,3041.038588,22309,1
2031,2031,3041.049724,22320,1
2032,2032,3041.060861,22331,1
2033,2033,3041.071998,22342,1
2034,2034,3041.083134,22353,1
2035,2035,3041.094270,22364,1
2036,2036,3041.104394,22374,1
2037,2037,3041.115530,22385,1
2038,2038,3041.126666,22396,1
2039,2039,3041.137804,22407,1
2040,2040,3041.148940,22418,1
2041,2041,3041.160075,22429,1
2042,2042,3041.171211,22440,1
2043,2043,3041.182347,22451,1
2044,2044,3041.193484,22462,1
2045,2045,3041.204621,22473,1
2046,2046,3041.215757,22484,1
2047,2047,3041.226894,22495,1
2048,2048,3041.238028,22506,1
2049,2049,3041.249165,22517,1
2050,2050,3041.260302,22528,1
2051,2051,3041.271439,22539,1
2052,2052,3041.282576,22550,1
2053,2053,3041.293709,22561,1
2054,2054,3041.304846,22572,1
2055,2055,3041.315982,22583,1
2056,2056,3041.327121,22594,1
2057,2057,3041.338257,22605,1
2058,2058,3041.349391,22616,1
2059,2059,3041.360530,22627,1
2060,2060,3041.371664,22638,1
2061,2061,3041.382802,22649,1
2062,2062,3041.393936,22660,1
2063,2063,3041.405073,22671,1
2064,2064,3041.416210,22682,1
2065,2065,3041.427346,22693,1
2066,2066,3041.438481,22704,1
2067,2067,3041.449620,22715,1
2068,2068,3041.460755,22726,1
2069,2069,3041.471890,22737,1
2070,2070,3041.483027,22748,1
2071,2071,3041.494162,22759,1
2072,2072,3041.505301,22770,1
2073,2073,3041.516435,22781,1
2074,2074,3041.527574,22792,1
2075,2075,3041.538708,22803,1
2076,2076,3041.549844,22814,1
2077,2077,3041.560982,22825,1
2078,2078,3041.572118,22836,1
2079,2079,3041.583255,22847,1
2080,2080,3041.594391,22858,1
2081,2081,3041.605527,22869,1
2082,2082,3041.616661,22880,1
2083,2083,3041.627797,22891,1
2084,2084,3041.638934,22902,1
2085,2085,3041.650072,22913,1
2086,2086,3041.661208,22924,1
2087,2087,3041.672344,22935,1
2088,2088,3041.683480,22946,1
2089,2089,3041.694615,22957,1
2090,2090,3041.705753,22968,1
2091,2091,3041.716888,22979,1
2092,2092,3041.728025,22990,1
2093,2093,3041.739163,23001,1
2094,2094,3041.750297,23012,1
2095,2095,3041.761433,23023,1
2096,2096,3041.772571,23034,1
2097,2097,3041.783707,23045,1
2098,2098,3041.794841,23056,1
2099,2099,3041.805980,23067,1
2100,2100,3041.817116,23078,1
2101,2101,3041.828253,23089,1
2102,2102,3041.839389,23100,1
2103,2103,3041.850525,23111,1
2104,2104,3041.861661,23122,1
2105,2105,3041.872798,23133,1
2106,2106,3041.883933,23144,1
2107,2107,3041.895070,23155,1
2108,2108,3041.906206,23166,1
2109,2109,3041.917342,23177,1
2110,2110,3041.928478,23188,1
2111,2111,3041.939613,23199,1
2112,2112,3041.950752,23210,1
2113,2113,3041.961888,23221,1
2114,2114,3041.973023,23232,1
2115,2115,3041.984159,23243,1
2116,2116,3041.995295,23254,1
2117,2117,3042.006432,23265,1
2118,2118,3042.017570,23276,1
2119,2119,3042.028705,23287,1
2120,2120,3042.039840,23298,1
2121,2121,3042.050978,23309,1
2122,2122,3042.062114,23320,1
2123,2123,3042.073250,23331,1
2124,2124,3042.084387,23342,1
2125,2125,3042.095522,23353,1
2126,2126,3042.106658,23364,1
2127,2127,3042.117796,23375,1
2128,2128,3042.128932,23386,1
2129,2129,3042.140066,23397,1
2130,2130,3042.151204,23408,1
2131,2131,3042.162340,23419,1
2132,2132,3042.173477,23430,1
2133,2133,3042.184614,23441,1
2134,2134,3042.195748,23452,1
2135,2135,3042.206884,23463,1
2136,2136,3042.218021,23474,1
2137,2137,3042.229159,23485,1
2138,2138,3042.240293,23496,1
2139,2139,3042.251430,23507,1
2140,2140,3042.262567,23518,1
2141,2141,3042.273703,23529,1
2142,2142,3042.284838,23540,1
2143,2143,3042.295976,23551,1
2144,2144,3042.307110,23562,1
2145,2145,3042.318248,23573,1
2146,2146,3042.329383,23584,1
2147,2147,3042.340519,23595,1
2148,2148,3042.351656,23606,1
2149,2149,3042.362794,23617,1
2150,2150,3042.373930,23628,1
2151,2151,3042.385066,23639,1
2152,2152,3042.396202,23650,1
2153,2153,3042.407337,23661,1
2154,2154,3042.418474,23672,1
2155,2155,3042.428598,23682,1
2156,2156,3042.439733,23693,1
2157,2157,3042.450872,23704,1
2158,2158,3042.462008,23715,1
2159,2159,3042.473144,23726,1
2160,2160,3042.484280,23737,1
2161,-1,3042.495417,23748,1
2162,2161,3042.506553,23759,1
2163,2162,3042.517687,23770,1
2164,2163,3042.528825,23781,1
2165,2164,3042.539960,23792,1
2166,2165,3042.551105,23803,1
2167,2166,3042.562233,23814,1
2168,2167,3042.573371,23825,1
2169,2168,3042.584506,23836,1
2170,2169,3042.595643,23847,1
2171,2170,3042.606779,23858,1
2172,2171,3042.617916,23869,1
2173,2172,3042.629052,23880,1
2174,2173,3042.640188,23891,1
2175,2174,3042.651325,23902,1
2176,2175,3042.662461,23913,1
2177,2176,3042.673595,23924,1
2178,2177,3042.684733,23935,1
2179,2178,3042.695870,23946,1
2180,2179,3042.707005,23957,1
2181,2180,3042.718140,23968,1
2182,2181,3042.729277,23979,1
2183,2182,3042.740415,23990,1
2184,2183,3042.751549,24001,1
2185,2184,3042.762686,24012,1
2186,2185,3042.773824,24023,1
2187,2186,3042.784960,24034,1
2188,2187,3042.796104,24045,1
2189,2188,3042.807230,24056,1
2190,2189,3042.818368,24067,1
2191,2190,3042.829503,24078,1
2192,2191,3042.840641,24089,1
2193,2192,3042.851776,24100,1
2194,2193,3042.862912,24111,1
2195,2194,3042.874050,24122,1
2196,2195,3042.885184,24133,1
2197,2196,3042.896320,24144,1
2198,2197,3042.907457,24155,1
2199,2198,3042.918593,24166,1
2200,2199,3042.929731,24177,1
2201,2200,3042.940867,24188,1
2202,2201,3042.952002,24199,1
2203,2202,3042.963139,24210,1
2204,2203,3042.974276,24221,1
2205,2204,3042.985410,24232,1
2206,2205,3042.996547,24243,1
2207,2206,3043.007683,24254,1
2208,2207,3043.018822,24265,1
2209,2208,3043.029957,24276,1
2210,2209,3043.041101,24287,1
2211,2210,3043.052230,24298,1
2212,2211,3043.063366,24309,1
2213,2212,3043.074501,24320,1
2214,2213,3043.085637,24331,1
2215,2214,3043.096775,24342,1
2216,2215,3043.107912,24353,1
2217,2216,3043.119048,24364,1
2218,2217,3043.130184,24375,1
2219,2218,3043.141320,24386,1
2220,2219,3043.152455,24397,1
2221,2220,3043.163592,24408,1
2222,2221,3043.174727,24419,1
2223,2222,3043.185866,24430,1
2224,2223,3043.197001,24441,1
2225,2224,3043.208138,24452,1
2226,2225,3043.219274,24463,1
2227,2226,3043.230410,24474,1
2228,2227,3043.241546,24485,1
2229,2228,3043.252681,24496,1
2230,2229,3043.263818,24507,1
2231,2230,3043.274955,24518,1
2232,2231,3043.286103,24529,1
2233,2232,3043.297226,24540,1
2234,2233,3043.308363,24551,1
2235,2234,3043.319499,24562,1
2236,2235,3043.330635,24573,1
2237,2236,3043.341773,24584,1
2238,2237,3043.352908,24595,1
2239,2238,3043.364046,24606,1
2240,2239,3043.375180,24617,1
2241,2240,3043.386316,24628,1
2242,2241,3043.397453,24639,1
2243,2242,3043.408591,24650,1
2244,2243,3043.419727,24661,1
2245,2244,3043.430863,24672,1
2246,2245,3043.441999,24683,1
2247,2246,3043.453135,24694,1
2248,2247,3043.464272,24705,1
2249,2248,3043.475407,24716,1
2250,2249,3043.486545,24727,1
2251,2250,3043.497681,24738,1
2252,2251,3043.508816,24749,1
2253,2252,3043.519954,24760,1
2254,2253,3043.531089,24771,1
2255,2254,3043.542225,24782,1
2256,2255,3043.553360,24793,1
2257,2256,3043.564497,24804,1
2258,2257,3043.575635,24815,1
2259,2258,3043.586771,24826,1
2260,2259,3043.597907,24837,1
2261,2260,3043.609043,24848,1
2262,2261,3043.620178,24859,1
2263,2262,3043.631314,24870,1
2264,2263,3043.642451,24881,1
2265,2264,3043.653587,24892,1
2266,2265,3043.664725,24903,1
2267,2266,3043.675862,24914,1
2268,2267,3043.686998,24925,1
2269,2268,3043.698134,24936,1
2270,2269,3043.709270,24947,1
2271,2270,3043.720405,24958,1
2272,2271,3043.731543,24969,1
2273,2272,3043.742677,24980,1
2274,2273,3043.752801,24990,1
2275,2274,3043.763937,25001,1
2276,2275,3043.775073,25012,1
2277,2276,3043.786211,25023,1
2278,2277,3043.797346,25034,1
2279,2278,3043.808484,25045,1
2280,2279,3043.819620,25056,1
2281,2280,3043.830755,25067,1
2282,2281,3043.841893,25078,1
2283,2282,3043.853029,25089,1
2284,2283,3043.864164,25100,1
2285,2284,3043.875302,25111,1
2286,2285,3043.886438,25122,1
2287,2286,3043.897575,25133,1
2288,2287,3043.908709,25144,1
2289,2288,3043.919846,25155,1
2290,2289,3043.930984,25166,1
2291,2290,3043.942120,25177,1
2292,2291,3043.953255,25188,1
2293,2292,3043.964390,25199,1
2294,2293,3043.975528,25210,1
2295,2294,3043.986664,25221,1
2296,2295,3043.997801,25232,1
2297,2296,3044.008937,25243,1
2298,2297,3044.020074,25254,1
2299,2298,3044.031209,25265,1
2300,2299,3044.042346,25276,1
2301,2300,3044.053482,25287,1
2302,2301,3044.064618,25298,1
2303,2302,3044.075753,25309,1
2304,2303,3044.086892,25320,1
2305,2304,3044.098025,25331,1
2306,2305,3044.109163,25342,1
2307,2306,3044.120300,25353,1
2308,2307,3044.131434,25364,1
2309,2308,3044.142572,25375,1
2310,2309,3044.153708,25386,1
2311,2310,3044.164845,25397,1
2312,2311,3044.175979,25408,1
2313,2312,3044.187116,25419,1
2314,2313,3044.198253,25430,1
2315,2314,3044.209391,25441,1
2316,2315,3044.220526,25452,1
2317,2316,3044.231662,25463,1
2318,2317,3044.242799,25474,1
2319,2318,3044.253935,25485,1
2320,2319,3044.265069,25496,1
2321,2320,3044.276208,25507,1
2322,2321,3044.287342,25518,1
2323,2322,3044.298481,25529,1
2324,2323,3044.309615,25540,1
2325,2324,3044.320753,25551,1
2326,2325,3044.331889,25562,1
2327,2326,3044.343026,25573,1
2328,2327,3044.354160,25584,1
2329,2328,3044.365297,25595,1
2330,2329,3044.376434,25606,1
2331,2330,3044.387571,25617,1
2332,2331,3044.398707,25628,1
2333,2332,3044.409843,25639,1
2334,2333,3044.420979,25650,1
2335,2334,3044.432116,25661,1
2336,2335,3044.443252,25672,1
2337,2336,3044.454386,25683,1
2338,2337,3044.465522,25694,1
2339,2338,3044.476661,25705,1
2340,2339,3044.487797,25716,1
2341,2340,3044.498933,25727,1
2342,2341,3044.510067,25738,1
2343,2342,3044.521206,25749,1
2344,2343,3044.532340,25760,1
2345,2344,3044.543479,25771,1
2346,2345,3044.554613,25782,1
2347,2346,3044.565749,25793,1
2348,2347,3044.576887,25804,1
2349,2348,3044.588022,25815,1
2350,2349,3044.599159,25826,1
2351,2350,3044.610294,25837,1
2352,2351,3044.621432,25848,1
2353,2352,3044.632569,25859,1
2354,2353,3044.643703,25870,1
2355,2354,3044.654839,25881,1
2356,2355,3044.665976,25892,1
2357,2356,3044.677113,25903,1
2358,2357,3044.688250,25914,1
2359,2358,3044.699385,25925,1
2360,2359,3044.710521,25936,1
2361,2360,3044.721659,25947,1
2362,2361,3044.732795,25958,1
2363,2362,3044.743930,25969,1
2364,2363,3044.755068,25980,1
2365,2364,3044.766203,25991,1
2366,2365,3044.777340,26002,1
2367,2366,3044.788474,26013,1
2368,2367,3044.799611,26024,1
2369,2368,3044.810748,26035,1
2370,2369,3044.821885,26046,1
2371,2370,3044.833021,26057,1
2372,2371,3044.844156,26068,1
2373,2372,3044.855294,26079,1
2374,2373,3044.866428,26090,1
2375,2374,3044.877565,26101,1
2376,2375,3044.888703,26112,1
2377,2376,3044.899837,26123,1
2378,2377,3044.910973,26134,1
2379,2378,3044.922110,26145,1
2380,2379,3044.933248,26156,1
2381,2380,3044.944384,26167,1
2382,2381,3044.955520,26178,1
2383,2382,3044.966657,26189,1
2384,2383,3044.977793,26200,1
2385,2384,3044.988930,26211,1
2386,2385,3045.000064,26222,1
2387,2386,3045.011200,26233,1
2388,2387,3045.022336,26244,1
2389,2388,3045.033473,26255,1
2390,2389,3045.044608,26266,1
2391,2390,3045.055745,26277,1
2392,2391,3045.066883,26288,1
2393,2392,3045.077005,26298,1
2394,2393,3045.088143,26309,1
2395,2394,3045.099278,26320,1
2396,2395,3045.110415,26331,1
2397,2396,3045.121552,26342,1
2398,2397,3045.132689,26353,1
2399,2398,3045.143823,26364,1
2400,2399,3045.154960,26375,1
2401,2400,3045.166109,26386,1
2402,2401,3045.177232,26397,1
2403,2402,3045.188370,26408,1
2404,2403,3045.199505,26419,1
2405,2404,3045.210640,26430,1
2406,2405,3045.221776,26441,1
2407,2406,3045.232915,26452,1
2408,2407,3045.244051,26463,1
2409,2408,3045.255186,26474,1
2410,2409,3045.266322,26485,1
2411,2410,3045.277460,26496,1
2412,2411,3045.288596,26507,1
2413,2412,3045.299733,26518,1
2414,2413,3045.310868,26529,1
2415,2414,3045.322004,26540,1
2416,2415,3045.333141,26551,1
2417,2416,3045.344276,26562,1
2418,2417,3045.355412,26573,1
2419,2418,3045.366551,26584,1
2420,2419,3045.377687,26595,1
2421,2420,3045.388821,26606,1
2422,2421,3045.399958,26617,1
2423,2422,3045.411103,26628,1
2424,2423,3045.422232,26639,1
2425,2424,3045.433366,26650,1
2426,2425,3045.444504,26661,1
2427,2426,3045.455638,26672,1
2428,2427,3045.466775,26683,1
2429,2428,3045.477911,26694,1
2430,2429,3045.489048,26705,1
2431,2430,3045.500184,26716,1
2432,2431,3045.511321,26727,1
2433,2432,3045.522458,26738,1
2434,2433,3045.533595,26749,1
2435,2434,3045.544729,26760,1
2436,2435,3045.555866,26771,1
2437,2436,3045.567003,26782,1
2438,2437,3045.578139,26793,1
2439,2438,3045.589275,26804,1
2440,2439,3045.600412,26815,1
2441,2440,3045.611549,26826,1
2442,2441,3045.622683,26837,1
2443,2442,3045.633820,26848,1
2444,2443,3045.644957,26859,1
2445,2444,3045.656102,26870,1
2446,2445,3045.667228,26881,1
2447,2446,3045.678366,26892,1
2448,2447,3045.689501,26903,1
2449,2448,3045.700636,26914,1
2450,2449,3045.711774,26925,1
2451,2450,3045.722911,26936,1
2452,2451,3045.734047,26947,1
2453,2452,3045.745183,26958,1
2454,2453,3045.756319,26969,1
2455,2454,3045.767456,26980,1
2456,2455,3045.778591,26991,1
2457,2456,3045.789729,27002,1
2458,2457,3045.800863,27013,1
2459,2458,3045.812000,27024,1
2460,2459,3045.823137,27035,1
2461,2460,3045.834272,27046,1
2462,2461,3045.845410,27057,1
2463,2462,3045.856544,27068,1
2464,2463,3045.867683,27079,1
2465,2464,3045.878817,27090,1
2466,2465,3045.889955,27101,1
2467,2466,3045.901089,27112,1
2468,2467,3045.912227,27123,1
2469,2468,3045.923364,27134,1
2470,2469,3045.934500,27145,1
2471,2470,3045.945637,27156,1
2472,2471,3045.956770,27167,1
2473,2472,3045.967908,27178,1
2474,2473,3045.979045,27189,1
2475,2474,3045.990179,27200,1
2476,2475,3046.001316,27211,1
2477,2476,3046.012452,27222,1
2478,2477,3046.023588,27233,1
2479,2478,3046.034726,27244,1
2480,2479,3046.045863,27255,1
2481,2480,3046.056997,27266,1
2482,2481,3046.068133,27277,1
2483,2482,3046.079270,27288,1
2484,2483,3046.090406,27299,1
2485,2484,3046.101544,27310,1
2486,2485,3046.112680,27321,1
2487,2486,3046.123817,27332,1
2488,2487,3046.134953,27343,1
2489,2488,3046.146089,27354,1
2490,2489,3046.157225,27365,1
2491,2490,3046.168362,27376,1
2492,2491,3046.179498,27387,1
2493,2492,3046.190634,27398,1
2494,2493,3046.201770,27409,1
2495,2494,3046.212906,27420,1
2496,2495,3046.224043,27431,1
2497,2496,3046.235177,27442,1
2498,2497,3046.246316,27453,1
2499,2498,3046.257450,27464,1
2500,2499,3046.268589,27475,1
2501,2500,3046.279723,27486,1
2502,2501,3046.290859,27497,1
2503,2502,3046.301996,27508,1
2504,2503,3046.313132,27519,1
2505,2504,3046.324270,27530,1
2506,2505,3046.335405,27541,1
2507,2506,3046.346542,27552,1
2508,2507,3046.357679,27563,1
2509,2508,3046.368815,27574,1
2510,2509,3046.379951,27585,1
2511,2510,3046.391086,27596,1
2512,2511,3046.401211,27606,1
2513,2512,3046.412347,27617,1
2514,2513,3046.423482,27628,1
2515,2514,3046.434619,27639,1
2516,2515,3046.445757,27650,1
2517,2516,3046.456891,27661,1
2518,2517,3046.468029,27672,1
2519,2518,3046.479166,27683,1
2520,2519,3046.490300,27694,1
2521,2520,3046.501436,27705,1
2522,2521,3046.512574,27716,1
2523,2522,3046.523710,27727,1
2524,2523,3046.534845,27738,1
2525,2524,3046.545981,27749,1
2526,2525,3046.557118,27760,1
2527,2526,3046.568256,27771,1
2528,2527,3046.579392,27782,1
2529,2528,3046.590526,27793,1
2530,2529,3046.601663,27804,1
2531,2530,3046.612798,27815,1
2532,2531,3046.623937,27826,1
2533,2532,3046.635071,27837,1
2534,2533,3046.646209,27848,1
2535,2534,3046.657343,27859,1
2536,2535,3046.668480,27870,1
2537,2536,3046.679616,27881,1
2538,2537,3046.690753,27892,1
2539,2538,3046.701889,27903,1
2540,2539,3046.713027,27914,1
2541,2540,3046.724163,27925,1
2542,2541,3046.735299,27936,1
2543,2542,3046.746436,27947,1
2544,2543,3046.757573,27958,1
2545,2544,3046.768707,27969,1
2546,2545,3046.779844,27980,1
2547,2546,3046.790980,27991,1
2548,2547,3046.802117,28002,1
2549,2548,3046.813251,28013,1
2550,2549,3046.824390,28024,1
2551,2550,3046.835524,28035,1
2552,2551,3046.846662,28046,1
2553,2552,3046.857799,28057,1
2554,2553,3046.868934,28068,1
2555,2554,3046.880071,28079,1
2556,2555,3046.891205,28090,1
2557,2556,3046.902344,28101,1
2558,2557,3046.913478,28112,1
2559,2558,3046.924616,28123,1
2560,2559,3046.935750,28134,1
2561,2560,3046.946887,28145,1
2562,2561,3046.958023,28156,1
2563,2562,3046.969160,28167,1
2564,2563,3046.980297,28178,1
2565,2564,3046.991432,28189,1
2566,2565,3047.002570,28200,1
2567,2566,3047.013707,28211,1
2568,2567,3047.024842,28222,1
2569,2568,3047.035979,28233,1
2570,2569,3047.047114,28244,1
2571,2570,3047.058249,28255,1
2572,2571,3047.069386,28266,1
2573,2572,3047.080524,28277,1
2574,2573,3047.091661,28288,1
2575,2574,3047.102794,28299,1
2576,2575,3047.113931,28310,1
2577,2576,3047.125069,28321,1
2578,2577,3047.136206,28332,1
2579,2578,3047.147342,28343,1
2580,2579,3047.158476,28354,1
2581,2580,3047.169614,28365,1
2582,2581,3047.180750,28376,1
2583,2582,3047.191887,28387,1
2584,2583,3047.203023,28398,1
2585,2584,3047.214160,28409,1
2586,2585,3047.225296,28420,1
2587,2586,3047.236432,28431,1
2588,2587,3047.247567,28442,1
2589,2588,3047.258702,28453,1
2590,2589,3047.269840,28464,1
2591,2590,3047.280975,28475,1
2592,2591,3047.292111,28486,1
2593,2592,3047.303249,28497,1
2594,2593,3047.314384,28508,1
2595,2594,3047.325522,28519,1
2596,2595,3047.336658,28530,1
2597,2596,3047.347795,28541,1
2598,2597,3047.358930,28552,1
2599,2598,3047.370065,28563,1
2600,2599,3047.381201,28574,1
2601,2600,3047.392338,28585,1
2602,2601,3047.403475,28596,1
2603,2602,3047.414612,28607,1
2604,2603,3047.425748,28618,1
2605,2604,3047.436883,28629,1
2606,2605,3047.448022,28640,1
2607,2606,3047.459158,28651,1
2608,2607,3047.470294,28662,1
2609,2608,3047.481429,28673,1
2610,2609,3047.492565,28684,1
2611,2610,3047.503702,28695,1
2612,2611,3047.514839,28706,1
2613,2612,3047.525973,28717,1
2614,2613,3047.537110,28728,1
2615,2614,3047.548246,28739,1
2616,2615,3047.559382,28750,1
2617,2616,3047.570520,28761,1
2618,2617,3047.581656,28772,1
2619,2618,3047.592793,28783,1
2620,2619,3047.603929,28794,1
2621,2620,3047.615064,28805,1
2622,2621,3047.626199,28816,1
2623,2622,3047.637338,28827,1
2624,2623,3047.648472,28838,1
2625,2624,3047.659608,28849,1
2626,2625,3047.670747,28860,1
2627,2626,3047.681883,28871,1
2628,2627,3047.693020,28882,1
2629,2628,3047.704156,28893,1
2630,2629,3047.715292,28904,1
2631,2630,3047.726428,28915,1
2632,2631,3047.736552,28925,1
2633,2632,3047.747686,28936,1
2634,2633,3047.758824,28947,1
2635,2634,3047.769960,28958,1
2636,2635,3047.781103,28969,1
2637,2636,3047.792232,28980,1
2638,2637,3047.803368,28991,1
2639,2638,3047.814506,29002,1
2640,2639,3047.825640,29013,1
2641,2640,3047.836777,29024,1
2642,2641,3047.847914,29035,1
2643,2642,3047.859051,29046,1
2644,2643,3047.870187,29057,1
2645,2644,3047.881323,29068,1
2646,2645,3047.892460,29079,1
2647,2646,3047.903595,29090,1
2648,2647,3047.914732,29101,1
2649,2648,3047.925868,29112,1
2650,2649,3047.937003,29123,1
2651,2650,3047.948141,29134,1
2652,2651,3047.959277,29145,1
2653,2652,3047.970412,29156,1
2654,2653,3047.981549,29167,1
2655,2654,3047.992684,29178,1
2656,2655,3048.003822,29189,1
2657,2656,3048.014959,29200,1
2658,2657,3048.026103,29211,1
2659,2658,3048.037232,29222,1
2660,2659,3048.048367,29233,1
2661,2660,3048.059504,29244,1
2662,2661,3048.070638,29255,1
2663,2662,3048.081776,29266,1
2664,2663,3048.092912,29277,1
2665,2664,3048.104048,29288,1
2666,2665,3048.115183,29299,1
2667,2666,3048.126320,29310,1
2668,2667,3048.137456,29321,1
2669,2668,3048.148594,29332,1
2670,2669,3048.159728,29343,1
2671,2670,3048.170865,29354,1
2672,2671,3048.182000,29365,1
2673,2672,3048.193137,29376,1
2674,2673,3048.204273,29387,1
2675,2674,3048.215411,29398,1
2676,2675,3048.226545,29409,1
2677,2676,3048.237682,29420,1
2678,2677,3048.248820,29431,1
2679,2678,3048.259956,29442,1
2680,2679,3048.271103,29453,1
2681,2680,3048.282227,29464,1
2682,2681,3048.293363,29475,1
2683,2682,3048.304501,29486,1
2684,2683,3048.315636,29497,1
2685,2684,3048.326774,29508,1
2686,2685,3048.337910,29519,1
2687,2686,3048.349044,29530,1
2688,2687,3048.360182,29541,1
2689,2688,3048.371319,29552,1
2690,2689,3048.382456,29563,1
2691,2690,3048.393590,29574,1
2692,2691,3048.404728,29585,1
2693,2692,3048.415865,29596,1
2694,2693,3048.426999,29607,1
2695,2694,3048.438137,29618,1
2696,2695,3048.449271,29629,1
2697,2696,3048.460408,29640,1
2698,2697,3048.471545,29651,1
2699,2698,3048.482680,29662,1
2700,2699,3048.493816,29673,1
2701,2700,3048.504955,29684,1
2702,2701,3048.516102,29695,1
2703,2702,3048.527227,29706,1
2704,2703,3048.538364,29717,1
2705,2704,3048.549498,29728,1
2706,2705,3048.560636,29739,1
2707,2706,3048.571770,29750,1
2708,2707,3048.582909,29761,1
2709,2708,3048.594045,29772,1
2710,2709,3048.605179,29783,1
2711,2710,3048.616316,29794,1
2712,2711,3048.627451,29805,1
2713,2712,3048.638590,29816,1
2714,2713,3048.649727,29827,1
2715,2714,3048.660861,29838,1
2716,2715,3048.671998,29849,1
2717,2716,3048.683133,29860,1
2718,2717,3048.694271,29871,1
2719,2718,3048.705407,29882,1
2720,2719,3048.716542,29893,1
2721,2720,3048.727678,29904,1
2722,2721,3048.738816,29915,1
2723,2722,3048.749950,29926,1
2724,2723,3048.761089,29937,1
2725,2724,3048.772223,29948,1
2726,2725,3048.783362,29959,1
2727,2726,3048.794496,29970,1
2728,2727,3048.805634,29981,1
2729,2728,3048.816770,29992,1
2730,2729,3048.827907,30003,1
2731,2730,3048.839042,30014,1
2732,2731,3048.850179,30025,1
2733,2732,3048.861315,30036,1
2734,2733,3048.872452,30047,1
2735,2734,3048.883587,30058,1
2736,2735,3048.894722,30069,1
2737,2736,3048.905858,30080,1
2738,2737,3048.916996,30091,1
2739,2738,3048.928131,30102,1
2740,2739,3048.939267,30113,1
2741,2740,3048.950405,30124,1
2742,2741,3048.961540,30135,1
2743,2742,3048.972678,30146,1
2744,2743,3048.983814,30157,1
2745,2744,3048.994950,30168,1
2746,2745,3049.006085,30179,1
2747,2746,3049.017223,30190,1
2748,2747,3049.028358,30201,1
2749,2748,3049.039493,30212,1
2750,2749,3049.050631,30223,1
2751,2750,3049.060756,30233,1
2752,2751,3049.071891,30244,1
2753,2752,3049.083028,30255,1
2754,2753,3049.094162,30266,1
2755,2754,3049.105299,30277,1
2756,2755,3049.116436,30288,1
2757,2756,3049.127572,30299,1
2758,2757,3049.138708,30310,1
2759,2758,3049.149845,30321,1
2760,2759,3049.160980,30332,1
2761,2760,3049.172119,30343,1
2762,2761,3049.183253,30354,1
2763,2762,3049.194391,30365,1
2764,2763,3049.205527,30376,1
2765,2764,3049.216662,30387,1
2766,2765,3049.227798,30398,1
2767,2766,3049.238934,30409,1
2768,2767,3049.250072,30420,1
2769,2768,3049.261206,30431,1
2770,2769,3049.272344,30442,1
2771,2770,3049.283482,30453,1
2772,2771,3049.294616,30464,1
2773,2772,3049.305754,30475,1
2774,2773,3049.316889,30486,1
2775,2774,3049.328026,30497,1
2776,2775,3049.339163,30508,1
2777,2776,3049.350297,30519,1
2778,2777,3049.361435,30530,1
2779,2778,3049.372571,30541,1
2780,2779,3049.383708,30552,1
2781,2780,3049.394842,30563,1
2782,2781,3049.405980,30574,1
2783,2782,3049.417116,30585,1
2784,2783,3049.428252,30596,1
2785,2784,3049.439389,30607,1
2786,2785,3049.450523,30618,1
2787,2786,3049.461662,30629,1
2788,2787,3049.472797,30640,1
2789,2788,3049.483934,30651,1
2790,2789,3049.495070,30662,1
2791,2790,3049.506205,30673,1
2792,2791,3049.517342,30684,1
2793,2792,3049.528479,30695,1
2794,2793,3049.539614,30706,1
2795,2794,3049.550751,30717,1
2796,2795,3049.561887,30728,1
2797,2796,3049.573025,30739,1
2798,2797,3049.584161,30750,1
2799,2798,3049.595295,30761,1
2800,2799,3049.606432,30772,1
2801,2800,3049.617570,30783,1
2802,2801,3049.628706,30794,1
2803,2802,3049.639842,30805,1
2804,2803,3049.650979,30816,1
2805,2804,3049.662115,30827,1
2806,2805,3049.673251,30838,1
2807,2806,3049.684387,30849,1
2808,2807,3049.695522,30860,1
2809,2808,3049.706657,30871,1
2810,2809,3049.717796,30882,1
2811,2810,3049.728932,30893,1
2812,2811,3049.740066,30904,1
2813,2812,3049.751204,30915,1
2814,2813,3049.762339,30926,1
2815,2814,3049.773476,30937,1
2816,2815,3049.784613,30948,1
2817,2816,3049.795748,30959,1
2818,2817,3049.806886,30970,1
2819,2818,3049.818020,30981,1
2820,2819,3049.829156,30992,1
2821,2820,3049.840295,31003,1
2822,2821,3049.851430,31014,1
2823,2822,3049.862566,31025,1
2824,2823,3049.873703,31036,1
2825,2824,3049.884839,31047,1
2826,2825,3049.895975,31058,1
2827,2826,3049.907113,31069,1
2828,2827,3049.918249,31080,1
2829,2828,3049.929385,31091,1
2830,2829,3049.940521,31102,1
2831,2830,3049.951658,31113,1
2832,2831,3049.962794,31124,1
2833,2832,3049.973928,31135,1
2834,2833,3049.985067,31146,1
2835,2834,3049.996201,31157,1
2836,2835,3050.007337,31168,1
2837,2836,3050.018475,31179,1
2838,2837,3050.029609,31190,1
2839,2838,3050.040747,31201,1
2840,2839,3050.051884,31212,1
2841,2840,3050.063020,31223,1
2842,2841,3050.074157,31234,1
2843,2842,3050.085293,31245,1
2844,2843,3050.096427,31256,1
2845,2844,3050.107565,31267,1
2846,2845,3050.118701,31278,1
2847,2846,3050.129838,31289,1
2848,2847,3050.140974,31300,1
2849,2848,3050.152111,31311,1
2850,2849,3050.163247,31322,1
2851,2850,3050.174381,31333,1
2852,2851,3050.185519,31344,1
2853,2852,3050.196654,31355,1
2854,2853,3050.207790,31366,1
2855,2854,3050.218927,31377,1
2856,2855,3050.230063,31388,1
2857,2856,3050.241200,31399,1
2858,2857,3050.252337,31410,1
2859,2858,3050.263472,31421,1
2860,2859,3050.274610,31432,1
2861,2860,3050.285744,31443,1
2862,2861,3050.296881,31454,1
2863,2862,3050.308017,31465,1
2864,2863,3050.319153,31476,1
2865,2864,3050.330289,31487,1
2866,2865,3050.341427,31498,1
2867,2866,3050.352563,31509,1
2868,2867,3050.363698,31520,1
2869,2868,3050.374836,31531,1
2870,2869,3050.384959,31541,1
2871,2870,3050.396105,31552,1
2872,2871,3050.407232,31563,1
2873,2872,3050.418367,31574,1
2874,2873,3050.429504,31585,1
2875,2874,3050.440640,31596,1
2876,2875,3050.451776,31607,1
2877,2876,3050.462914,31618,1
2878,2877,3050.474050,31629,1
2879,2878,3050.485184,31640,1
2880,2879,3050.496323,31651,1
2881,2880,3050.507457,31662,1
2882,2881,3050.518594,31673,1
2883,2882,3050.529729,31684,1
2884,2883,3050.540866,31695,1
2885,2884,3050.552002,31706,1
2886,2885,3050.563138,31717,1
2887,2886,3050.574275,31728,1
2888,2887,3050.585412,31739,1
2889,2888,3050.596548,31750,1
2890,2889,3050.607686,31761,1
2891,2890,3050.618822,31772,1
2892,2891,3050.629956,31783,1
2893,2892,3050.641101,31794,1
2894,2893,3050.652231,31805,1
2895,2894,3050.663367,31816,1
2896,2895,3050.674501,31827,1
2897,2896,3050.685639,31838,1
2898,2897,3050.696774,31849,1
2899,2898,3050.707911,31860,1
2900,2899,3050.719047,31871,1
2901,2900,3050.730184,31882,1
2902,2901,3050.741321,31893,1
2903,2902,3050.752455,31904,1
2904,2903,3050.763592,31915,1
2905,2904,3050.774730,31926,1
2906,2905,3050.785865,31937,1
2907,2906,3050.797002,31948,1
2908,2907,3050.808138,31959,1
2909,2908,3050.819275,31970,1
2910,2909,3050.830411,31981,1
2911,2910,3050.841547,31992,1
2912,2911,3050.852683,32003,1
2913,2912,3050.863820,32014,1
2914,2913,3050.874955,32025,1
2915,2914,3050.886103,32036,1
2916,2915,3050.897227,32047,1
2917,2916,3050.908364,32058,1
2918,2917,3050.919500,32069,1
2919,2918,3050.930636,32080,1
2920,2919,3050.941774,32091,1
2921,2920,3050.952910,32102,1
2922,2921,3050.964046,32113,1
2923,2922,3050.975182,32124,1
2924,2923,3050.986319,32135,1
2925,2924,3050.997454,32146,1
2926,2925,3051.008591,32157,1
2927,2926,3051.019726,32168,1
2928,2927,3051.030862,32179,1
2929,2928,3051.041998,32190,1
2930,2929,3051.053136,32201,1
2931,2930,3051.064271,32212,1
2932,2931,3051.075408,32223,1
2933,2932,3051.086543,32234,1
2934,2933,3051.097682,32245,1
2935,2934,3051.108817,32256,1
2936,2935,3051.119952,32267,1
2937,2936,3051.131088,32278,1
2938,2937,3051.142227,32289,1
2939,2938,3051.153361,32300,1
2940,2939,3051.164497,32311,1
2941,2940,3051.175634,32322,1
2942,2941,3051.186772,32333,1
2943,2942,3051.197908,32344,1
2944,2943,3051.209043,32355,1
2945,2944,3051.220180,32366,1
2946,2945,3051.231314,32377,1
2947,2946,3051.242453,32388,1
2948,2947,3051.253590,32399,1
2949,2948,3051.264726,32410,1
2950,2949,3051.275860,32421,1
2951,2950,3051.286996,32432,1
2952,2951,3051.298133,32443,1
2953,2952,3051.309271,32454,1
2954,2953,3051.320407,32465,1
2955,2954,3051.331543,32476,1
2956,2955,3051.342677,32487,1
2957,2956,3051.353816,32498,1
2958,2957,3051.364950,32509,1
2959,2958,3051.376086,32520,1
2960,2959,3051.387223,32531,1
2961,2960,3051.398361,32542,1
2962,2961,3051.409497,32553,1
2963,2962,3051.420633,32564,1
2964,2963,3051.431767,32575,1
2965,2964,3051.442905,32586,1
2966,2965,3051.454042,32597,1
2967,2966,3051.465178,32608,1
2968,2967,3051.476313,32619,1
2969,2968,3051.487449,32630,1
2970,2969,3051.498587,32641,1
2971,2970,3051.509722,32652,1
2972,2971,3051.520859,32663,1
2973,2972,3051.531995,32674,1
2974,2973,3051.543132,32685,1
2975,2974,3051.554269,32696,1
2976,2975,3051.565404,32707,1
2977,2976,3051.576541,32718,1
2978,2977,3051.587677,32729,1
2979,2978,3051.598812,32740,1
2980,2979,3051.609950,32751,1
2981,2980,3051.621087,32762,1
2982,2981,3051.632221,32773,1
2983,2982,3051.643357,32784,1
2984,2983,3051.654494,32795,1
2985,2984,3051.665632,32806,1
2986,2985,3051.676768,32817,1
2987,2986,3051.687903,32828,1
2988,2987,3051.699039,32839,1
2989,2988,3051.709162,32849,1
2990,2989,3051.720299,32860,1
2991,2990,3051.731436,32871,1
2992,2991,3051.742573,32882,1
2993,2992,3051.753709,32893,1
2994,2993,3051.764843,32904,1
2995,2994,3051.775981,32915,1
2996,2995,3051.787117,32926,1
2997,2996,3051.798252,32937,1
2998,2997,3051.809391,32948,1
2999,2998,3051.820526,32959,1
3000,2999,3051.831661,32970,1
3001,3000,3051.842799,32981,1
3002,3001,3051.853935,32992,1
3003,3002,3051.865070,33003,1
3004,3003,3051.876208,33014,1
3005,3004,3051.887344,33025,1
3006,3005,3051.898480,33036,1
3007,3006,3051.909617,33047,1
3008,3007,3051.920753,33058,1
3009,3008,3051.931890,33069,1
3010,3009,3051.943024,33080,1
3011,3010,3051.954160,33091,1
3012,3011,3051.965298,33102,1
3013,3012,3051.976433,33113,1
3014,3013,3051.987569,33124,1
3015,3014,3051.998705,33135,1
3016,3015,3052.009844,33146,1
3017,3016,3052.020978,33157,1
3018,3017,3052.032116,33168,1
3019,3018,3052.043252,33179,1
3020,3019,3052.054389,33190,1
3021,3020,3052.065524,33201,1
3022,3021,3052.076659,33212,1
3023,3022,3052.087795,33223,1
3024,3023,3052.098931,33234,1
3025,3024,3052.110069,33245,1
3026,3025,3052.121206,33256,1
3027,3026,3052.132342,33267,1
3028,3027,3052.143479,33278,1
3029,3028,3052.154615,33289,1
3030,3029,3052.165749,33300,1
3031,3030,3052.176888,33311,1
3032,3031,3052.188022,33322,1
3033,3032,3052.199158,33333,1
3034,3033,3052.210296,33344,1
3035,3034,3052.221433,33355,1
3036,3035,3052.232569,33366,1
3037,3036,3052.243705,33377,1
3038,3037,3052.254841,33388,1
3039,3038,3052.265975,33399,1
3040,3039,3052.277112,33410,1
3041,3040,3052.288251,33421,1
3042,3041,3052.299387,33432,1
3043,3042,3052.310521,33443,1
3044,3043,3052.321657,33454,1
3045,3044,3052.332794,33465,1
3046,3045,3052.343929,33476,1
3047,3046,3052.355067,33487,1
3048,3047,3052.366203,33498,1
3049,3048,3052.377341,33509,1
3050,3049,3052.388476,33520,1
3051,3050,3052.399611,33531,1
3052,3051,3052.410750,33542,1
3053,3052,3052.421886,33553,1
3054,3053,3052.433020,33564,1
3055,3054,3052.444157,33575,1
3056,3055,3052.455295,33586,1
3057,3056,3052.466431,33597,1
3058,3057,3052.477567,33608,1
3059,3058,3052.488703,33619,1
3060,3059,3052.499837,33630,1
3061,3060,3052.510974,33641,1
3062,3061,3052.522110,33652,1
3063,3062,3052.533249,33663,1
3064,3063,3052.544385,33674,1
3065,3064,3052.555520,33685,1
3066,3065,3052.566657,33696,1
3067,3066,3052.577792,33707,1
3068,3067,3052.588928,33718,1
3069,3068,3052.600066,33729,1
3070,3069,3052.611202,33740,1
3071,3070,3052.622339,33751,1
3072,3071,3052.633473,33762,1
3073,3072,3052.644609,33773,1
3074,3073,3052.655747,33784,1
3075,3074,3052.666884,33795,1
3076,3075,3052.678018,33806,1
3077,3076,3052.689156,33817,1
3078,3077,3052.700292,33828,1
3079,3078,3052.711427,33839,1
3080,3079,3052.722563,33850,1
3081,3080,3052.733701,33861,1
3082,3081,3052.744836,33872,1
3083,3082,3052.755973,33883,1
3084,3083,3052.767110,33894,1
3085,3084,3052.778244,33905,1
3086,3085,3052.789383,33916,1
3087,3086,3052.800517,33927,1
3088,3087,3052.811654,33938,1
3089,3088,3052.822791,33949,1
3090,3089,3052.833927,33960,1
3091,3090,3052.845064,33971,1
3092,3091,3052.856199,33982,1
3093,3092,3052.867337,33993,1
3094,3093,3052.878472,34004,1
3095,3094,3052.889608,34015,1
3096,3095,3052.900745,34026,1
3097,3096,3052.911881,34037,1
3098,3097,3052.923016,34048,1
3099,3098,3052.934153,34059,1
3100,3099,3052.945289,34070,1
3101,3100,3052.956426,34081,1
3102,3101,3052.967563,34092,1
3103,3102,3052.978699,34103,1
3104,3103,3052.989834,34114,1
3105,3104,3053.000972,34125,1
3106,3105,3053.012108,34136,1
3107,3106,3053.023242,34147,1
3108,3107,3053.033367,34157,1
3109,3108,3053.044503,34168,1
3110,3109,3053.055639,34179,1
3111,3110,3053.066777,34190,1
3112,3111,3053.077914,34201,1
3113,3112,3053.089048,34212,1
3114,3113,3053.100186,34223,1
3115,3114,3053.111322,34234,1
3116,3115,3053.122456,34245,1
3117,3116,3053.133595,34256,1
3118,3117,3053.144729,34267,1
3119,3118,3053.155865,34278,1
3120,3119,3053.167003,34289,1
3121,3120,3053.178140,34300,1
3122,3121,3053.189275,34311,1
3123,3122,3053.200412,34322,1
3124,3123,3053.211549,34333,1
3125,3124,3053.222683,34344,1
3126,3125,3053.233819,34355,1
3127,3126,3053.244958,34366,1
3128,3127,3053.256103,34377,1
3129,3128,3053.267228,34388,1
3130,3129,3053.278364,34399,1
3131,3130,3053.289502,34410,1
3132,3131,3053.300638,34421,1
3133,3132,3053.311773,34432,1
3134,3133,3053.322911,34443,1
3135,3134,3053.334047,34454,1
3136,3135,3053.345182,34465,1
3137,3136,3053.356320,34476,1
3138,3137,3053.367456,34487,1
3139,3138,3053.378593,34498,1
3140,3139,3053.389729,34509,1
3141,3140,3053.400866,34520,1
3142,3141,3053.412001,34531,1
3143,3142,3053.423137,34542,1
3144,3143,3053.434274,34553,1
3145,3144,3053.445410,34564,1
3146,3145,3053.456547,34575,1
3147,3146,3053.467682,34586,1
3148,3147,3053.478819,34597,1
3149,3148,3053.489954,34608,1
3150,3149,3053.501103,34619,1
3151,3150,3053.512227,34630,1
3152,3151,3053.523364,34641,1
3153,3152,3053.534501,34652,1
3154,3153,3053.545637,34663,1
3155,3154,3053.556772,34674,1
3156,3155,3053.567909,34685,1
3157,3156,3053.579045,34696,1
3158,3157,3053.590180,34707,1
3159,3158,3053.601316,34718,1
3160,3159,3053.612453,34729,1
3161,3160,3053.623589,34740,1
3162,3161,3053.634728,34751,1
3163,3162,3053.645864,34762,1
3164,3163,3053.657000,34773,1
3165,3164,3053.668136,34784,1
3166,3165,3053.679272,34795,1
3167,3166,3053.690409,34806,1
3168,3167,3053.701545,34817,1
3169,3168,3053.712679,34828,1
3170,3169,3053.723817,34839,1
3171,3170,3053.734951,34850,1
3172,3171,3053.746089,34861,1
3173,3172,3053.757226,34872,1
3174,3173,3053.768362,34883,1
3175,3174,3053.779499,34894,1
3176,3175,3053.790633,34905,1
3177,3176,3053.801769,34916,1
3178,3177,3053.812906,34927,1
3179,3178,3053.824044,34938,1
3180,3179,3053.835180,34949,1
3181,3180,3053.846316,34960,1
3182,3181,3053.857451,34971,1
3183,3182,3053.868588,34982,1
3184,3183,3053.879726,34993,1
3185,3184,3053.890861,35004,1
3186,3185,3053.901997,35015,1
3187,3186,3053.913134,35026,1
3188,3187,3053.924270,35037,1
3189,3188,3053.935404,35048,1
3190,3189,3053.946541,35059,1
3191,3190,3053.957678,35070,1
3192,3191,3053.968814,35081,1
3193,3192,3053.979950,35092,1
3194,3193,3053.991086,35103,1
3195,3194,3054.002222,35114,1
3196,3195,3054.013361,35125,1
3197,3196,3054.024497,35136,1
3198,3197,3054.035631,35147,1
3199,3198,3054.046767,35158,1
3200,3199,3054.057903,35169,1
3201,3200,3054.069042,35180,1
3202,3201,3054.080176,35191,1
3203,3202,3054.091315,35202,1
3204,3203,3054.102450,35213,1
3205,3204,3054.113586,35224,1
3206,3205,3054.124723,35235,1
3207,3206,3054.135859,35246,1
3208,3207,3054.146996,35257,1
3209,3208,3054.158131,35268,1
3210,3209,3054.169268,35279,1
3211,3210,3054.180405,35290,1
3212,3211,3054.191541,35301,1
3213,3212,3054.202675,35312,1
3214,3213,3054.213813,35323,1
3215,3214,3054.224950,35334,1
3216,3215,3054.236085,35345,1
3217,3216,3054.247220,35356,1
3218,3217,3054.258359,35367,1
3219,3218,3054.269494,35378,1
3220,3219,3054.280631,35389,1
3221,3220,3054.291767,35400,1
3222,3221,3054.302901,35411,1
3223,3222,3054.314038,35422,1
3224,3223,3054.325175,35433,1
3225,3224,3054.336310,35444,1
3226,3225,3054.347447,35455,1
3227,3226,3054.357572,35465,1
3228,3227,3054.368708,35476,1
3229,3228,3054.379843,35487,1
3230,3229,3054.390981,35498,1
3231,3230,3054.402115,35509,1
3232,3231,3054.413254,35520,1
3233,3232,3054.424389,35531,1
3234,3233,3054.435525,35542,1
3235,3234,3054.446663,35553,1
3236,3235,3054.457798,35564,1
3237,3236,3054.468935,35575,1
3238,3237,3054.480071,35586,1
3239,3238,3054.491207,35597,1
3240,3239,3054.502342,35608,1
3241,3240,3054.513480,35619,1
3242,3241,3054.524616,35630,1
3243,3242,3054.535752,35641,1
3244,3243,3054.546889,35652,1
3245,3244,3054.558024,35663,1
3246,3245,3054.569161,35674,1
3247,3246,3054.580298,35685,1
3248,3247,3054.591434,35696,1
3249,3248,3054.602571,35707,1
3250,3249,3054.613705,35718,1
3251,3250,3054.624843,35729,1
3252,3251,3054.635979,35740,1
3253,3252,3054.647114,35751,1
3254,3253,3054.658252,35762,1
3255,3254,3054.669388,35773,1
3256,3255,3054.680522,35784,1
3257,3256,3054.691661,35795,1
3258,3257,3054.702797,35806,1
3259,3258,3054.713932,35817,1
3260,3259,3054.725067,35828,1
3261,3260,3054.736206,35839,1
3262,3261,3054.747342,35850,1
3263,3262,3054.758478,35861,1
3264,3263,3054.769614,35872,1
3265,3264,3054.780750,35883,1
3266,3265,3054.791886,35894,1
3267,3266,3054.803023,35905,1
3268,3267,3054.814159,35916,1
3269,3268,3054.825295,35927,1
3270,3269,3054.836431,35938,1
3271,3270,3054.847569,35949,1
3272,3271,3054.858705,35960,1
3273,3272,3054.869839,35971,1
3274,3273,3054.880975,35982,1
3275,3274,3054.892113,35993,1
3276,3275,3054.903250,36004,1
3277,3276,3054.914385,36015,1
3278,3277,3054.925522,36026,1
3279,3278,3054.936656,36037,1
3280,3279,3054.947794,36048,1
3281,3280,3054.958931,36059,1
3282,3281,3054.970065,36070,1
3283,3282,3054.981203,36081,1
3284,3283,3054.992338,36092,1
3285,3284,3055.003476,36103,1
3286,3285,3055.014612,36114,1
3287,3286,3055.025747,36125,1
3288,3287,3055.036883,36136,1
3289,3288,3055.048022,36147,1
3290,3289,3055.059156,36158,1
3291,3290,3055.070293,36169,1
3292,3291,3055.081428,36180,1
3293,3292,3055.092565,36191,1
3294,3293,3055.103701,36202,1
3295,3294,3055.114838,36213,1
3296,3295,3055.125975,36224,1
3297,3296,3055.137111,36235,1
3298,3297,3055.148247,36246,1
3299,3298,3055.159382,36257,1
3300,3299,3055.170519,36268,1
3301,3300,3055.181656,36279,1
3302,3301,3055.192792,36290,1
3303,3302,3055.203929,36301,1
3304,3303,3055.215065,36312,1
3305,3304,3055.226199,36323,1
3306,3305,3055.237338,36334,1
3307,3306,3055.248472,36345,1
3308,3307,3055.259608,36356,1
3309,3308,3055.270746,36367,1
3310,3309,3055.281884,36378,1
3311,3310,3055.293019,36389,1
3312,3311,3055.304156,36400,1
3313,3312,3055.315292,36411,1
3314,3313,3055.326428,36422,1
3315,3314,3055.337564,36433,1
3316,3315,3055.348700,36444,1
3317,3316,3055.359835,36455,1
3318,3317,3055.370974,36466,1
3319,3318,3055.382107,36477,1
3320,3319,3055.393246,36488,1
3321,3320,3055.404381,36499,1
3322,3321,3055.415518,36510,1
3323,3322,3055.426654,36521,1
3324,3323,3055.437791,36532,1
3325,3324,3055.448925,36543,1
3326,3325,3055.460062,36554,1
3327,3326,3055.471198,36565,1
3328,3327,3055.482336,36576,1
3329,3328,3055.493473,36587,1
3330,3329,3055.504607,36598,1
3331,3330,3055.515744,36609,1
3332,3331,3055.526881,36620,1
3333,3332,3055.538017,36631,1
3334,3333,3055.549154,36642,1
3335,3334,3055.560290,36653,1
3336,3335,3055.571426,36664,1
3337,3336,3055.582563,36675,1
3338,3337,3055.593699,36686,1
3339,3338,3055.604833,36697,1
3340,3339,3055.615970,36708,1
3341,3340,3055.627105,36719,1
3342,3341,3055.638243,36730,1
3343,3342,3055.649380,36741,1
3344,3343,3055.660516,36752,1
3345,3344,3055.671651,36763,1
3346,3345,3055.682789,36774,1
3347,3346,3055.692911,36784,1
3348,3347,3055.704048,36795,1
3349,3348,3055.716802,36806,1
3350,3349,3055.726320,36816,1
3351,3350,3055.737457,36827,1
3352,3351,3055.748594,36838,1
3353,3352,3055.759730,36849,1
3354,3353,3055.770865,36860,1
3355,3354,3055.782001,36871,1
3356,3355,3055.793137,36882,1
3357,3356,3055.804273,36893,1
3358,3357,3055.815411,36904,1
3359,3358,3055.826548,36915,1
3360,3359,3055.837685,36926,1
3361,3360,3055.848820,36937,1
3362,3361,3055.859955,36948,1
3363,3362,3055.871105,36959,1
3364,3363,3055.882228,36970,1
3365,3364,3055.893364,36981,1
3366,3365,3055.904502,36992,1
3367,3366,3055.915637,37003,1
3368,3367,3055.926773,37014,1
3369,3368,3055.937909,37025,1
3370,3369,3055.949047,37036,1
3371,3370,3055.960182,37047,1
3372,3371,3055.971318,37058,1
3373,3372,3055.982455,37069,1
3374,3373,3055.993591,37080,1
3375,3374,3056.004729,37091,1
3376,3375,3056.015865,37102,1
3377,3376,3056.027000,37113,1
3378,3377,3056.038135,37124,1
3379,3378,3056.049273,37135,1
3380,3379,3056.060410,37146,1
3381,3380,3056.071546,37157,1
3382,3381,3056.082681,37168,1
3383,3382,3056.093817,37179,1
3384,3383,3056.104956,37190,1
3385,3384,3056.116103,37201,1
3386,3385,3056.127227,37212,1
3387,3386,3056.138364,37223,1
3388,3387,3056.149498,37234,1
3389,3388,3056.160635,37245,1
3390,3389,3056.171771,37256,1
3391,3390,3056.182908,37267,1
3392,3391,3056.194046,37278,1
3393,3392,3056.205181,37289,1
3394,3393,3056.216317,37300,1
3395,3394,3056.227453,37311,1
3396,3395,3056.238589,37322,1
3397,3396,3056.249725,37333,1
3398,3397,3056.260862,37344,1
3399,3398,3056.271999,37355,1
3400,3399,3056.283134,37366,1
3401,3400,3056.294272,37377,1
3402,3401,3056.305406,37388,1
3403,3402,3056.316544,37399,1
3404,3403,3056.327680,37410,1
3405,3404,3056.338817,37421,1
3406,3405,3056.349953,37432,1
3407,3406,3056.361089,37443,1
3408,3407,3056.372226,37454,1
3409,3408,3056.383362,37465,1
3410,3409,3056.394497,37476,1
3411,3410,3056.405632,37487,1
3412,3411,3056.416771,37498,1
3413,3412,3056.427905,37509,1
3414,3413,3056.439042,37520,1
3415,3414,3056.450179,37531,1
3416,3415,3056.461314,37542,1
3417,3416,3056.472450,37553,1
3418,3417,3056.483589,37564,1
3419,3418,3056.494722,37575,1
3420,3419,3056.505861,37586,1
3421,3420,3056.516995,37597,1
3422,3421,3056.528131,37608,1
3423,3422,3056.539269,37619,1
3424,3423,3056.550405,37630,1
3425,3424,3056.561541,37641,1
3426,3425,3056.572679,37652,1
3427,3426,3056.583814,37663,1
3428,3427,3056.594950,37674,1
3429,3428,3056.606086,37685,1
3430,3429,3056.617221,37696,1
3431,3430,3056.628358,37707,1
3432,3431,3056.639496,37718,1
3433,3432,3056.650632,37729,1
3434,3433,3056.661768,37740,1
3435,3434,3056.672905,37751,1
3436,3435,3056.684041,37762,1
3437,3436,3056.695177,37773,1
3438,3437,3056.706313,37784,1
3439,3438,3056.717448,37795,1
3440,3439,3056.728584,37806,1
3441,3440,3056.739723,37817,1
3442,3441,3056.750857,37828,1
3443,3442,3056.761993,37839,1
3444,3443,3056.773131,37850,1
3445,3444,3056.784267,37861,1
3446,3445,3056.795404,37872,1
3447,3446,3056.806540,37883,1
3448,3447,3056.817676,37894,1
3449,3448,3056.828810,37905,1
3450,3449,3056.839948,37916,1
3451,3450,3056.851085,37927,1
3452,3451,3056.862221,37938,1
3453,3452,3056.873357,37949,1
3454,3453,3056.884494,37960,1
3455,3454,3056.895629,37971,1
3456,3455,3056.906766,37982,1
3457,3456,3056.917901,37993,1
3458,3457,3056.929039,38004,1
3459,3458,3056.940174,38015,1
3460,3459,3056.951312,38026,1
3461,3460,3056.962448,38037,1
3462,3461,3056.973582,38048,1
3463,3462,3056.984721,38059,1
3464,3463,3056.995857,38070,1
3465,3464,3057.006992,38081,1
3466,3465,3057.017117,38091,1
3467,3466,3057.028253,38102,1
3468,3467,3057.039390,38113,1
3469,3468,3057.050525,38124,1
3470,3469,3057.061660,38135,1
3471,3470,3057.072798,38146,1
3472,3471,3057.083934,38157,1
3473,3472,3057.095071,38168,1
3474,3473,3057.106207,38179,1
3475,3474,3057.117343,38190,1
3476,3475,3057.128477,38201,1
3477,3476,3057.139614,38212,1
3478,3477,3057.150751,38223,1
3479,3478,3057.161888,38234,1
3480,3479,3057.173025,38245,1
3481,3480,3057.184161,38256,1
3482,3481,3057.195297,38267,1
3483,3482,3057.206434,38278,1
3484,3483,3057.217569,38289,1
3485,3484,3057.228705,38300,1
3486,3485,3057.239842,38311,1
3487,3486,3057.250978,38322,1
3488,3487,3057.262114,38333,1
3489,3488,3057.273250,38344,1
3490,3489,3057.284386,38355,1
3491,3490,3057.295523,38366,1
3492,3491,3057.306660,38377,1
3493,3492,3057.317794,38388,1
3494,3493,3057.328930,38399,1
3495,3494,3057.340067,38410,1
3496,3495,3057.351203,38421,1
3497,3496,3057.362339,38432,1
3498,3497,3057.373477,38443,1
3499,3498,3057.384613,38454,1
3500,3499,3057.395748,38465,1
3501,3500,3057.406884,38476,1
3502,3501,3057.418023,38487,1
3503,3502,3057.429158,38498,1
3504,3503,3057.440295,38509,1
3505,3504,3057.451432,38520,1
3506,3505,3057.462569,38531,1
3507,3506,3057.473702,38542,1
3508,3507,3057.484839,38553,1
3509,3508,3057.495977,38564,1
3510,3509,3057.507111,38575,1
3511,3510,3057.518247,38586,1
3512,3511,3057.529386,38597,1
3513,3512,3057.540520,38608,1
3514,3513,3057.551658,38619,1
3515,3514,3057.562792,38630,1
3516,3515,3057.573930,38641,1
3517,3516,3057.585065,38652,1
3518,3517,3057.596201,38663,1
3519,3518,3057.607338,38674,1
3520,3519,3057.618475,38685,1
3521,3520,3057.629610,38696,1
3522,3521,3057.640748,38707,1
3523,3522,3057.651885,38718,1
3524,3523,3057.663020,38729,1
3525,3524,3057.674156,38740,1
3526,3525,3057.685293,38751,1
3527,3526,3057.696430,38762,1
3528,3527,3057.707565,38773,1
3529,3528,3057.718701,38784,1
3530,3529,3057.729838,38795,1
3531,3530,3057.740974,38806,1
3532,3531,3057.752110,38817,1
3533,3532,3057.763246,38828,1
3534,3533,3057.774383,38839,1
3535,3534,3057.785518,38850,1
3536,3535,3057.796656,38861,1
3537,3536,3057.807792,38872,1
3538,3537,3057.818926,38883,1
3539,3538,3057.830064,38894,1
3540,3539,3057.841201,38905,1
3541,3540,3057.852337,38916,1
3542,3541,3057.863474,38927,1
3543,3542,3057.874608,38938,1
3544,3543,3057.885746,38949,1
3545,3544,3057.896882,38960,1
3546,3545,3057.908019,38971,1
3547,3546,3057.919155,38982,1
3548,3547,3057.930291,38993,1
3549,3548,3057.941426,39004,1
3550,3549,3057.952564,39015,1
3551,3550,3057.963698,39026,1
3552,3551,3057.974837,39037,1
3553,3552,3057.985972,39048,1
3554,3553,3057.997108,39059,1
3555,3554,3058.008245,39070,1
3556,3555,3058.019381,39081,1
3557,3556,3058.030517,39092,1
3558,3557,3058.041655,39103,1
3559,3558,3058.052789,39114,1
3560,3559,3058.063925,39125,1
3561,3560,3058.075062,39136,1
3562,3561,3058.086198,39147,1
3563,3562,3058.097335,39158,1
3564,3563,3058.108471,39169,1
3565,3564,3058.119607,39180,1
3566,3565,3058.130744,39191,1
3567,3566,3058.141881,39202,1
3568,3567,3058.153017,39213,1
3569,3568,3058.164154,39224,1
3570,3569,3058.175289,39235,1
3571,3570,3058.186424,39246,1
3572,3571,3058.197563,39257,1
3573,3572,3058.208698,39268,1
3574,3573,3058.219835,39279,1
3575,3574,3058.230971,39290,1
3576,3575,3058.242108,39301,1
3577,3576,3058.253241,39312,1
3578,3577,3058.264380,39323,1
3579,3578,3058.275516,39334,1
3580,3579,3058.286652,39345,1
3581,3580,3058.297788,39356,1
3582,3581,3058.308923,39367,1
3583,3582,3058.320059,39378,1
3584,3583,3058.331197,39389,1
3585,3584,3058.341319,39399,1
3586,3585,3058.352458,39410,1
3587,3586,3058.363593,39421,1
3588,3587,3058.374729,39432,1
3589,3588,3058.385865,39443,1
3590,3589,3058.397002,39454,1
3591,3590,3058.408139,39465,1
3592,3591,3058.419273,39476,1
3593,3592,3058.430412,39487,1
3594,3593,3058.441548,39498,1
3595,3594,3058.452684,39509,1
3596,3595,3058.463820,39520,1
3597,3596,3058.474956,39531,1
3598,3597,3058.486102,39542,1
3599,3598,3058.497229,39553,1
3600,3599,3058.508365,39564,1
3601,3600,3058.519502,39575,1
3602,3601,3058.530636,39586,1
3603,3602,3058.541773,39597,1
3604,3603,3058.552909,39608,1
3605,3604,3058.564046,39619,1
3606,3605,3058.575181,39630,1
3607,3606,3058.586320,39641,1
3608,3607,3058.597454,39652,1
3609,3608,3058.608590,39663,1
3610,3609,3058.619726,39674,1
3611,3610,3058.630865,39685,1
3612,3611,3058.642001,39696,1
3613,3612,3058.653137,39707,1
3614,3613,3058.664272,39718,1
3615,3614,3058.675410,39729,1
3616,3615,3058.686545,39740,1
3617,3616,3058.697681,39751,1
3618,3617,3058.708818,39762,1
3619,3618,3058.719955,39773,1
3620,3619,3058.731102,39784,1
3621,3620,3058.742227,39795,1
3622,3621,3058.753363,39806,1
3623,3622,3058.764500,39817,1
3624,3623,3058.775634,39828,1
3625,3624,3058.786772,39839,1
3626,3625,3058.797907,39850,1
3627,3626,3058.809044,39861,1
3628,3627,3058.820181,39872,1
3629,3628,3058.831317,39883,1
3630,3629,3058.842454,39894,1
3631,3630,3058.853589,39905,1
3632,3631,3058.864727,39916,1
3633,3632,3058.875862,39927,1
3634,3633,3058.886999,39938,1
3635,3634,3058.898133,39949,1
3636,3635,3058.909271,39960,1
3637,3636,3058.920408,39971,1
3638,3637,3058.931544,39982,1
3639,3638,3058.942679,39993,1
3640,3639,3058.953817,40004,1
3641,3640,3058.964953,40015,1
3642,3641,3058.976087,40026,1
3643,3642,3058.987225,40037,1
3644,3643,3058.998361,40048,1
3645,3644,3059.009496,40059,1
3646,3645,3059.020632,40070,1
3647,3646,3059.031770,40081,1
3648,3647,3059.042904,40092,1
3649,3648,3059.054043,40103,1
3650,3649,3059.065179,40114,1
3651,3650,3059.076315,40125,1
3652,3651,3059.087451,40136,1
3653,3652,3059.098586,40147,1
3654,3653,3059.109723,40158,1
3655,3654,3059.120861,40169,1
3656,3655,3059.131995,40180,1
3657,3656,3059.143131,40191,1
3658,3657,3059.154267,40202,1
3659,3658,3059.165404,40213,1
3660,3659,3059.176542,40224,1
3661,3660,3059.187676,40235,1
3662,3661,3059.198813,40246,1
3663,3662,3059.209950,40257,1
3664,3663,3059.221087,40268,1
3665,3664,3059.232221,40279,1
3666,3665,3059.243359,40290,1
3667,3666,3059.254494,40301,1
3668,3667,3059.265632,40312,1
3669,3668,3059.276769,40323,1
3670,3669,3059.287903,40334,1
3671,3670,3059.299039,40345,1
3672,3671,3059.310177,40356,1
3673,3672,3059.321314,40367,1
3674,3673,3059.332448,40378,1
3675,3674,3059.343584,40389,1
3676,3675,3059.354722,40400,1
3677,3676,3059.365857,40411,1
3678,3677,3059.376993,40422,1
3679,3678,3059.388129,40433,1
3680,3679,3059.399266,40444,1
3681,3680,3059.410401,40455,1
3682,3681,3059.421539,40466,1
3683,3682,3059.432676,40477,1
3684,3683,3059.443811,40488,1
3685,3684,3059.454947,40499,1
3686,3685,3059.466084,40510,1
3687,3686,3059.477221,40521,1
3688,3687,3059.488358,40532,1
3689,3688,3059.499494,40543,1
3690,3689,3059.510629,40554,1
3691,3690,3059.521765,40565,1
3692,3691,3059.532901,40576,1
3693,3692,3059.544039,40587,1
3694,3693,3059.555173,40598,1
3695,3694,3059.566312,40609,1
3696,3695,3059.577448,40620,1
3697,3696,3059.588582,40631,1
3698,3697,3059.599718,40642,1
3699,3698,3059.610855,40653,1
3700,3699,3059.621992,40664,1
3701,3700,3059.633129,40675,1
3702,3701,3059.644265,40686,1
3703,3702,3059.655401,40697,1
3704,3703,3059.665526,40707,1
3705,3704,3059.676662,40718,1
3706,3705,3059.687796,40729,1
3707,3706,3059.698933,40740,1
3708,3707,3059.710071,40751,1
3709,3708,3059.721207,40762,1
3710,3709,3059.732341,40773,1
3711,3710,3059.743480,40784,1
3712,3711,3059.754614,40795,1
3713,3712,3059.765750,40806,1
3714,3713,3059.776889,40817,1
3715,3714,3059.788025,40828,1
3716,3715,3059.799161,40839,1
3717,3716,3059.810295,40850,1
3718,3717,3059.821432,40861,1
3719,3718,3059.832571,40872,1
3720,3719,3059.843705,40883,1
3721,3720,3059.854841,40894,1
3722,3721,3059.865978,40905,1
3723,3722,3059.877113,40916,1
3724,3723,3059.888251,40927,1
3725,3724,3059.899387,40938,1
3726,3725,3059.910523,40949,1
3727,3726,3059.921658,40960,1
3728,3727,3059.932797,40971,1
3729,3728,3059.943932,40982,1
3730,3729,3059.955069,40993,1
3731,3730,3059.966204,41004,1
3732,3731,3059.977340,41015,1
3733,3732,3059.988476,41026,1
3734,3733,3059.999612,41037,1
3735,3734,3060.010748,41048,1
3736,3735,3060.021886,41059,1
3737,3736,3060.033022,41070,1
3738,3737,3060.044157,41081,1
3739,3738,3060.055295,41092,1
3740,3739,3060.066429,41103,1
3741,3740,3060.077568,41114,1
3742,3741,3060.088703,41125,1
3743,3742,3060.099838,41136,1
3744,3743,3060.110976,41147,1
3745,3744,3060.122112,41158,1
3746,3745,3060.133249,41169,1
3747,3746,3060.144385,41180,1
3748,3747,3060.155521,41191,1
3749,3748,3060.166658,41202,1
3750,3749,3060.177792,41213,1
3751,3750,3060.188931,41224,1
3752,3751,3060.200067,41235,1
3753,3752,3060.211201,41246,1
3754,3753,3060.222338,41257,1
3755,3754,3060.233474,41268,1
3756,3755,3060.244611,41279,1
3757,3756,3060.255749,41290,1
3758,3757,3060.266885,41301,1
3759,3758,3060.278021,41312,1
3760,3759,3060.289155,41323,1
3761,3760,3060.300293,41334,1
3762,3761,3060.311427,41345,1
3763,3762,3060.322564,41356,1
3764,3763,3060.333700,41367,1
3765,3764,3060.344839,41378,1
3766,3765,3060.355973,41389,1
3767,3766,3060.367109,41400,1
3768,3767,3060.378245,41411,1
3769,3768,3060.389384,41422,1
3770,3769,3060.400518,41433,1
3771,3770,3060.411654,41444,1
3772,3771,3060.422793,41455,1
3773,3772,3060.433927,41466,1
3774,3773,3060.445063,41477,1
3775,3774,3060.456202,41488,1
3776,3775,3060.467335,41499,1
3777,3776,3060.478472,41510,1
3778,3777,3060.489610,41521,1
3779,3778,3060.500746,41532,1
3780,3779,3060.511883,41543,1
3781,3780,3060.523017,41554,1
3782,3781,3060.534155,41565,1
3783,3782,3060.545292,41576,1
3784,3783,3060.556426,41587,1
3785,3784,3060.567563,41598,1
3786,3785,3060.578699,41609,1
3787,3786,3060.589836,41620,1
3788,3787,3060.600971,41631,1
3789,3788,3060.612111,41642,1
3790,3789,3060.623245,41653,1
3791,3790,3060.634381,41664,1
3792,3791,3060.645518,41675,1
3793,3792,3060.656652,41686,1
3794,3793,3060.667789,41697,1
3795,3794,3060.678925,41708,1
3796,3795,3060.690062,41719,1
3797,3796,3060.701199,41730,1
3798,3797,3060.712334,41741,1
3799,3798,3060.723470,41751,1
3800,3799,3060.734608,41762,1
3801,3800,3060.745745,41773,1
3802,3801,3060.756879,41784,1
3803,3802,3060.768015,41795,1
3804,3803,3060.779153,41806,1
3805,3804,3060.790289,41817,1
3806,3805,3060.801424,41828,1
3807,3806,3060.812563,41839,1
3808,3807,3060.823696,41850,1
3809,3808,3060.834834,41861,1
3810,3809,3060.845971,41872,1
3811,3810,3060.857105,41883,1
3812,3811,3060.868243,41894,1
3813,3812,3060.879379,41905,1
3814,3813,3060.890515,41916,1
3815,3814,3060.901650,41927,1
3816,3815,3060.912787,41938,1
3817,3816,3060.923924,41949,1
3818,3817,3060.935062,41960,1
3819,3818,3060.946195,41971,1
3820,3819,3060.957333,41982,1
3821,3820,3060.968468,41993,1
3822,3821,3060.979606,42004,1
3823,3822,3060.989730,42014,1
3824,3823,3061.000864,42025,1
3825,3824,3061.012001,42036,1
3826,3825,3061.023139,42047,1
3827,3826,3061.034275,42058,1
3828,3827,3061.045409,42069,1
3829,3828,3061.056548,42080,1
3830,3829,3061.067683,42091,1
3831,3830,3061.078818,42102,1
3832,3831,3061.089956,42113,1
3833,3832,3061.101103,42124,1
3834,3833,3061.112229,42135,1
3835,3834,3061.123365,42146,1
3836,3835,3061.134500,42157,1
3837,3836,3061.145636,42168,1
3838,3837,3061.156773,42179,1
3839,3838,3061.167911,42190,1
3840,3839,3061.179047,42201,1
3841,3840,3061.190182,42212,1
3842,3841,3061.201320,42223,1
3843,3842,3061.212455,42234,1
3844,3843,3061.223591,42245,1
3845,3844,3061.234726,42256,1
3846,3845,3061.245865,42267,1
3847,3846,3061.257000,42278,1
3848,3847,3061.268135,42289,1
3849,3848,3061.279272,42300,1
3850,3849,3061.290408,42311,1
3851,3850,3061.301544,42322,1
3852,3851,3061.312682,42333,1
3853,3852,3061.323817,42344,1
3854,3853,3061.334954,42355,1
3855,3854,3061.346102,42366,1
3856,3855,3061.357228,42377,1
3857,3856,3061.368362,42388,1
3858,3857,3061.379500,42399,1
3859,3858,3061.390635,42410,1
3860,3859,3061.401772,42421,1
3861,3860,3061.412907,42432,1
3862,3861,3061.424045,42443,1
3863,3862,3061.435179,42454,1
3864,3863,3061.446315,42465,1
3865,3864,3061.457454,42476,1
3866,3865,3061.468590,42487,1
3867,3866,3061.479726,42498,1
3868,3867,3061.490860,42509,1
3869,3868,3061.501998,42520,1
3870,3869,3061.513134,42531,1
3871,3870,3061.524270,42542,1
3872,3871,3061.535405,42553,1
3873,3872,3061.546544,42564,1
3874,3873,3061.557680,42575,1
3875,3874,3061.568817,42586,1
3876,3875,3061.579953,42597,1
3877,3876,3061.591088,42608,1
3878,3877,3061.602223,42619,1
3879,3878,3061.613362,42630,1
3880,3879,3061.624496,42641,1
3881,3880,3061.635633,42652,1
3882,3881,3061.646768,42663,1
3883,3882,3061.657906,42674,1
3884,3883,3061.669043,42685,1
3885,3884,3061.680180,42696,1
3886,3885,3061.691315,42707,1
3887,3886,3061.702450,42718,1
3888,3887,3061.713587,42729,1
3889,3888,3061.724724,42740,1
3890,3889,3061.735859,42751,1
3891,3890,3061.746995,42762,1
3892,3891,3061.758133,42773,1
3893,3892,3061.769268,42784,1
3894,3893,3061.780405,42795,1
3895,3894,3061.791540,42806,1
3896,3895,3061.802678,42817,1
3897,3896,3061.813815,42828,1
3898,3897,3061.824950,42839,1
3899,3898,3061.836085,42850,1
3900,3899,3061.847223,42861,1
3901,3900,3061.858360,42872,1
3902,3901,3061.869496,42883,1
3903,3902,3061.880631,42894,1
3904,3903,3061.891768,42905,1
3905,3904,3061.902904,42916,1
3906,3905,3061.914039,42927,1
3907,3906,3061.925177,42938,1
3908,3907,3061.936313,42949,1
3909,3908,3061.947450,42960,1
3910,3909,3061.958586,42971,1
3911,3910,3061.969720,42982,1
3912,3911,3061.980857,42993,1
3913,3912,3061.991995,43004,1
3914,3913,3062.003131,43015,1
3915,3914,3062.014268,43026,1
3916,3915,3062.025403,43037,1
3917,3916,3062.036538,43048,1
3918,3917,3062.047676,43059,1
3919,3918,3062.058813,43070,1
3920,3919,3062.069948,43081,1
3921,3920,3062.081083,43092,1
3922,3921,3062.092222,43103,1
3923,3922,3062.103357,43114,1
3924,3923,3062.114492,43125,1
3925,3924,3062.125628,43136,1
3926,3925,3062.136766,43147,1
3927,3926,3062.147903,43158,1
3928,3927,3062.159037,43169,1
3929,3928,3062.170175,43180,1
3930,3929,3062.181312,43191,1
3931,3930,3062.192446,43202,1
3932,3931,3062.203582,43213,1
3933,3932,3062.214719,43224,1
3934,3933,3062.225857,43235,1
3935,3934,3062.236991,43246,1
3936,3935,3062.248128,43257,1
3937,3936,3062.259265,43268,1
3938,3937,3062.270400,43279,1
3939,3938,3062.281536,43290,1
3940,3939,3062.292675,43301,1
3941,3940,3062.303811,43312,1
3942,3941,3062.313933,43322,1
3943,3942,3062.325069,43333,1
3944,3943,3062.336207,43344,1
3945,3944,3062.347343,43355,1
3946,3945,3062.358480,43366,1
3947,3946,3062.369615,43377,1
3948,3947,3062.380750,43388,1
3949,3948,3062.391889,43399,1
3950,3949,3062.403025,43410,1
3951,3950,3062.414160,43421,1
3952,3951,3062.425295,43432,1
3953,3952,3062.436434,43443,1
3954,3953,3062.447568,43454,1
3955,3954,3062.458705,43465,1
3956,3955,3062.469840,43476,1
3957,3956,3062.480977,43487,1
3958,3957,3062.492115,43498,1
3959,3958,3062.503249,43509,1
3960,3959,3062.514386,43520,1
3961,3960,3062.525522,43531,1
3962,3961,3062.536660,43542,1
3963,3962,3062.547794,43553,1
3964,3963,3062.558932,43564,1
3965,3964,3062.570068,43575,1
3966,3965,3062.581205,43586,1
3967,3966,3062.592340,43597,1
3968,3967,3062.603476,43608,1
3969,3968,3062.614614,43619,1
3970,3969,3062.625751,43630,1
3971,3970,3062.636887,43641,1
3972,3971,3062.648022,43652,1
3973,3972,3062.659159,43663,1
3974,3973,3062.670295,43674,1
3975,3974,3062.681432,43685,1
3976,3975,3062.692566,43696,1
3977,3976,3062.703704,43707,1
3978,3977,3062.714840,43718,1
3979,3978,3062.725975,43729,1
3980,3979,3062.737112,43740,1
3981,3980,3062.748248,43751,1
3982,3981,3062.759386,43762,1
3983,3982,3062.770522,43773,1
3984,3983,3062.781658,43784,1
3985,3984,3062.792794,43795,1
3986,3985,3062.803931,43806,1
3987,3986,3062.815067,43817,1
3988,3987,3062.826202,43828,1
3989,3988,3062.837339,43839,1
3990,3989,3062.848475,43850,1
3991,3990,3062.859611,43861,1
3992,3991,3062.870749,43872,1
3993,3992,3062.881884,43883,1
3994,3993,3062.893021,43894,1
3995,3994,3062.904158,43905,1
3996,3995,3062.915294,43916,1
3997,3996,3062.926428,43927,1
3998,3997,3062.937566,43938,1
3999,3998,3062.948700,43949,1
4000,3999,3062.959836,43960,1
4001,4000,3062.970973,43971,1
4002,4001,3062.982109,43982,1
4003,4002,3062.993247,43993,1
4004,4003,3063.004384,44004,1
4005,4004,3063.015520,44015,1
4006,4005,3063.026656,44026,1
4007,4006,3063.037793,44037,1
4008,4007,3063.048927,44048,1
4009,4008,3063.060064,44059,1
4010,4009,3063.071200,44070,1
4011,4010,3063.082338,44081,1
4012,4011,3063.093472,44092,1
4013,4012,3063.104610,44103,1
4014,4013,3063.115747,44114,1
4015,4014,3063.126882,44125,1
4016,4015,3063.138018,44136,1
4017,4016,3063.149155,44147,1
4018,4017,3063.160292,44158,1
4019,4018,3063.171428,44169,1
4020,4019,3063.182565,44180,1
4021,4020,3063.193699,44191,1
4022,4021,3063.204837,44202,1
4023,4022,3063.215972,44213,1
4024,4023,3063.227109,44224,1
4025,4024,3063.238245,44235,1
4026,4025,3063.249382,44246,1
4027,4026,3063.260518,44257,1
4028,4027,3063.271655,44268,1
4029,4028,3063.282789,44279,1
4030,4029,3063.293927,44290,1
4031,4030,3063.305064,44301,1
4032,4031,3063.316198,44312,1
4033,4032,3063.327334,44323,1
4034,4033,3063.338471,44334,1
4035,4034,3063.349609,44345,1
4036,4035,3063.360743,44356,1
4037,4036,3063.371881,44367,1
4038,4037,3063.383016,44378,1
4039,4038,3063.394154,44389,1
4040,4039,3063.405290,44400,1
4041,4040,3063.416424,44411,1
4042,4041,3063.427563,44422,1
4043,4042,3063.438698,44433,1
4044,4043,3063.449834,44444,1
4045,4044,3063.460971,44455,1
4046,4045,3063.472111,44466,1
4047,4046,3063.483242,44477,1
4048,4047,3063.494379,44488,1
4049,4048,3063.505517,44499,1
4050,4049,3063.516651,44510,1
4051,4050,3063.527789,44521,1
4052,4051,3063.538923,44532,1
4053,4052,3063.550060,44543,1
4054,4053,3063.561197,44554,1
4055,4054,3063.572333,44565,1
4056,4055,3063.583469,44576,1
4057,4056,3063.594606,44587,1
4058,4057,3063.605741,44598,1
4059,4058,3063.616877,44609,1
4060,4059,3063.628015,44620,1
4061,4060,3063.639152,44631,1
4062,4061,3063.649275,44641,1
4063,4062,3063.660409,44652,1
4064,4063,3063.671548,44663,1
4065,4064,3063.682684,44674,1
4066,4065,3063.693819,44685,1
4067,4066,3063.704957,44696,1
4068,4067,3063.716104,44707,1
4069,4068,3063.727229,44718,1
4070,4069,3063.738364,44729,1
4071,4070,3063.749501,44740,1
4072,4071,3063.760636,44751,1
4073,4072,3063.771775,44762,1
4074,4073,3063.782910,44773,1
4075,4074,3063.794047,44784,1
4076,4075,3063.805181,44795,1
4077,4076,3063.816317,44806,1
4078,4077,3063.827455,44817,1
4079,4078,3063.838590,44828,1
4080,4079,3063.849727,44839,1
4081,4080,3063.860864,44850,1
4082,4081,3063.872001,44861,1
4083,4082,3063.883135,44872,1
4084,4083,3063.894271,44883,1
4085,4084,3063.905408,44894,1
4086,4085,3063.916546,44905,1
4087,4086,3063.927683,44916,1
4088,4087,3063.938818,44927,1
4089,4088,3063.949955,44938,1
4090,4089,3063.961103,44949,1
4091,4090,3063.972227,44960,1
4092,4091,3063.983364,44971,1
4093,4092,3063.994500,44982,1
4094,4093,3064.005634,44993,1
4095,4094,3064.016770,45004,1
4096,4095,3064.027909,45015,1
4097,4096,3064.039043,45026,1
4098,4097,3064.050179,45037,1
4099,4098,3064.061317,45048,1
4100,4099,3064.072452,45059,1
4101,4100,3064.083590,45070,1
4102,4101,3064.094726,45081,1
4103,4102,3064.105862,45092,1
4104,4103,3064.116997,45103,1
4105,4104,3064.128135,45114,1
4106,4105,3064.139272,45125,1
4107,4106,3064.150408,45136,1
4108,4107,3064.161544,45147,1
4109,4108,3064.172680,45158,1
4110,4109,3064.183817,45169,1
4111,4110,3064.194953,45180,1
4112,4111,3064.206087,45191,1
4113,4112,3064.217225,45202,1
4114,4113,3064.228359,45213,1
4115,4114,3064.239496,45224,1
4116,4115,3064.250634,45235,1
4117,4116,3064.261768,45246,1
4118,4117,3064.272906,45257,1
4119,4118,3064.284042,45268,1
4120,4119,3064.295177,45279,1
4121,4120,3064.306316,45290,1
4122,4121,3064.317452,45301,1
4123,4122,3064.328586,45312,1
4124,4123,3064.339725,45323,1
4125,4124,3064.350860,45334,1
4126,4125,3064.361995,45345,1
4127,4126,3064.373131,45356,1
4128,4127,3064.384267,45367,1
4129,4128,3064.395405,45378,1
4130,4129,3064.406540,45389,1
4131,4130,3064.417678,45400,1
4132,4131,3064.428813,45411,1
4133,4132,3064.439950,45422,1
4134,4133,3064.451087,45433,1
4135,4134,3064.462224,45444,1
4136,4135,3064.473359,45455,1
4137,4136,3064.484494,45466,1
4138,4137,3064.495630,45477,1
4139,4138,3064.506768,45488,1
4140,4139,3064.517903,45499,1
4141,4140,3064.529041,45510,1
4142,4141,3064.540176,45521,1
4143,4142,3064.551313,45532,1
4144,4143,3064.562449,45543,1
4145,4144,3064.573586,45554,1
4146,4145,3064.584722,45565,1
4147,4146,3064.595859,45576,1
4148,4147,3064.606995,45587,1
4149,4148,3064.618132,45598,1
4150,4149,3064.629265,45609,1
4151,4150,3064.640404,45620,1
4152,4151,3064.651538,45631,1
4153,4152,3064.662675,45642,1
4154,4153,3064.673812,45653,1
4155,4154,3064.684947,45664,1
4156,4155,3064.696084,45675,1
4157,4156,3064.707221,45686,1
4158,4157,3064.718355,45697,1
4159,4158,3064.729492,45708,1
4160,4159,3064.740629,45719,1
4161,4160,3064.751767,45730,1
4162,4161,3064.762903,45741,1
4163,4162,3064.774037,45752,1
4164,4163,3064.785174,45763,1
4165,4164,3064.796311,45774,1
4166,4165,3064.807448,45785,1
4167,4166,3064.818584,45796,1
4168,4167,3064.829721,45807,1
4169,4168,3064.840855,45818,1
4170,4169,3064.851991,45829,1
4171,4170,3064.863129,45840,1
4172,4171,3064.874265,45851,1
4173,4172,3064.885401,45862,1
4174,4173,3064.896537,45873,1
4175,4174,3064.907675,45884,1
4176,4175,3064.918808,45895,1
4177,4176,3064.929946,45906,1
4178,4177,3064.941081,45917,1
4179,4178,3064.952219,45928,1
4180,4179,3064.963354,45939,1
4181,4180,3064.973478,45949,1
4182,4181,3064.984616,45960,1
4183,4182,3064.995751,45971,1
4184,4183,3065.006887,45982,1
4185,4184,3065.018023,45993,1
4186,4185,3065.029161,46004,1
4187,4186,3065.040297,46015,1
4188,4187,3065.051433,46026,1
4189,4188,3065.062570,46037,1
4190,4189,3065.073707,46048,1
4191,4190,3065.084843,46059,1
4192,4191,3065.095978,46070,1
4193,4192,3065.107113,46081,1
4194,4193,3065.118251,46092,1
4195,4194,3065.129387,46103,1
4196,4195,3065.140523,46114,1
4197,4196,3065.151658,46125,1
4198,4197,3065.162795,46136,1
4199,4198,3065.173931,46147,1
4200,4199,3065.185069,46158,1
4201,4200,3065.196205,46169,1
4202,4201,3065.207342,46180,1
4203,4202,3065.218478,46191,1
4204,4203,3065.229612,46202,1
4205,4204,3065.240750,46213,1
4206,4205,3065.251886,46224,1
4207,4206,3065.263021,46235,1
4208,4207,3065.274159,46246,1
4209,4208,3065.285296,46257,1
4210,4209,3065.296431,46268,1
4211,4210,3065.307569,46279,1
4212,4211,3065.318705,46290,1
4213,4212,3065.329841,46301,1
4214,4213,3065.340975,46312,1
4215,4214,3065.352111,46323,1
4216,4215,3065.363247,46334,1
4217,4216,3065.374385,46345,1
4218,4217,3065.385520,46356,1
4219,4218,3065.396656,46367,1
4220,4219,3065.407793,46378,1
4221,4220,3065.418931,46389,1
4222,4221,3065.430066,46400,1
4223,4222,3065.441204,46411,1
4224,4223,3065.452339,46422,1
4225,4224,3065.463474,46433,1
4226,4225,3065.474612,46444,1
4227,4226,3065.485748,46455,1
4228,4227,3065.496884,46466,1
4229,4228,3065.508019,46477,1
4230,4229,3065.519157,46488,1
4231,4230,3065.530293,46499,1
4232,4231,3065.541428,46510,1
4233,4232,3065.552566,46521,1
4234,4233,3065.563700,46532,1
4235,4234,3065.574837,46543,1
4236,4235,3065.585974,46554,1
4237,4236,3065.597110,46565,1
4238,4237,3065.608246,46576,1
4239,4238,3065.619384,46587,1
4240,4239,3065.630520,46598,1
4241,4240,3065.641657,46609,1
4242,4241,3065.652792,46620,1
4243,4242,3065.663928,46631,1
4244,4243,3065.675065,46642,1
4245,4244,3065.686201,46653,1
4246,4245,3065.697335,46664,1
4247,4246,3065.708472,46675,1
4248,4247,3065.719610,46685,1
4249,4248,3065.730747,46696,1
4250,4249,3065.741881,46707,1
4251,4250,3065.753019,46718,1
4252,4251,3065.764156,46729,1
4253,4252,3065.775291,46740,1
4254,4253,3065.786427,46751,1
4255,4254,3065.797564,46762,1
4256,4255,3065.808700,46773,1
4257,4256,3065.819835,46784,1
4258,4257,3065.830971,46795,1
4259,4258,3065.842107,46806,1
4260,4259,3065.853244,46817,1
4261,4260,3065.864382,46828,1
4262,4261,3065.875518,46839,1
4263,4262,3065.886654,46850,1
4264,4263,3065.897788,46861,1
4265,4264,3065.908926,46872,1
4266,4265,3065.920062,46883,1
4267,4266,3065.931198,46894,1
4268,4267,3065.942334,46905,1
4269,4268,3065.953472,46916,1
4270,4269,3065.964608,46927,1
4271,4270,3065.975744,46938,1
4272,4271,3065.986881,46949,1
4273,4272,3065.998017,46960,1
4274,4273,3066.009154,46971,1
4275,4274,3066.020290,46982,1
4276,4275,3066.031426,46993,1
4277,4276,3066.042561,47004,1
4278,4277,3066.053696,47015,1
4279,4278,3066.064835,47026,1
4280,4279,3066.075970,47037,1
4281,4280,3066.087107,47048,1
4282,4281,3066.098243,47059,1
4283,4282,3066.109378,47070,1
4284,4283,3066.120516,47081,1
4285,4284,3066.131650,47092,1
4286,4285,3066.142787,47103,1
4287,4286,3066.153925,47114,1
4288,4287,3066.165060,47125,1
4289,4288,3066.176198,47136,1
4290,4289,3066.187332,47147,1
4291,4290,3066.198469,47158,1
4292,4291,3066.209604,47169,1
4293,4292,3066.220743,47180,1
4294,4293,3066.231879,47191,1
4295,4294,3066.243015,47202,1
4296,4295,3066.254151,47213,1
4297,4296,3066.265288,47224,1
4298,4297,3066.276424,47235,1
4299,4298,3066.287559,47246,1
4300,4299,3066.297684,47256,1
4301,4300,3066.308820,47267,1
4302,4301,3066.319956,47278,1
4303,4302,3066.331102,47289,1
4304,4303,3066.342230,47300,1
4305,4304,3066.353364,47311,1
4306,4305,3066.364502,47322,1
4307,4306,3066.375637,47333,1
4308,4307,3066.386774,47344,1
4309,4308,3066.397911,47355,1
4310,4309,3066.409047,47366,1
4311,4310,3066.420181,47377,1
4312,4311,3066.431319,47388,1
4313,4312,3066.442454,47399,1
4314,4313,3066.453592,47410,1
4315,4314,3066.464729,47421,1
4316,4315,3066.475864,47432,1
4317,4316,3066.487001,47443,1
4318,4317,3066.498137,47454,1
4319,4318,3066.509273,47465,1
4320,4319,3066.520410,47476,1
4321,4320,3066.531544,47487,1
4322,4321,3066.542683,47498,1
4323,4322,3066.553818,47509,1
4324,4323,3066.564954,47520,1
4325,4324,3066.576090,47531,1
4326,4325,3066.587228,47542,1
4327,4326,3066.598362,47553,1
4328,4327,3066.609498,47564,1
4329,4328,3066.620634,47575,1
4330,4329,3066.631773,47586,1
4331,4330,3066.642907,47597,1
4332,4331,3066.654043,47608,1
4333,4332,3066.665180,47619,1
4334,4333,3066.676317,47630,1
4335,4334,3066.687452,47641,1
4336,4335,3066.698590,47652,1
4337,4336,3066.709725,47663,1
4338,4337,3066.720863,47674,1
4339,4338,3066.731997,47685,1
4340,4339,3066.743135,47696,1
4341,4340,3066.754269,47707,1
4342,4341,3066.765406,47718,1
4343,4342,3066.776542,47729,1
4344,4343,3066.787681,47740,1
4345,4344,3066.798816,47751,1
4346,4345,3066.809951,47762,1
4347,4346,3066.821087,47773,1
4348,4347,3066.832226,47784,1
4349,4348,3066.843359,47795,1
4350,4349,3066.854496,47806,1
4351,4350,3066.865634,47817,1
4352,4351,3066.876770,47828,1
4353,4352,3066.887906,47839,1
4354,4353,3066.899042,47850,1
4355,4354,3066.910178,47861,1
4356,4355,3066.921314,47872,1
4357,4356,3066.932452,47883,1
4358,4357,3066.943588,47894,1
4359,4358,3066.954725,47905,1
4360,4359,3066.965861,47916,1
4361,4360,3066.976995,47927,1
4362,4361,3066.988134,47938,1
4363,4362,3066.999269,47949,1
4364,4363,3067.010404,47960,1
4365,4364,3067.021540,47971,1
4366,4365,3067.032679,47982,1
4367,4366,3067.043813,47993,1
4368,4367,3067.054949,48004,1
4369,4368,3067.066087,48015,1
4370,4369,3067.077224,48026,1
4371,4370,3067.088358,48037,1
4372,4371,3067.099496,48048,1
4373,4372,3067.110632,48059,1
4374,4373,3067.121769,48070,1
4375,4374,3067.132903,48081,1
4376,4375,3067.144039,48092,1
4377,4376,3067.155175,48103,1
4378,4377,3067.166312,48114,1
4379,4378,3067.177448,48125,1
4380,4379,3067.188584,48136,1
4381,4380,3067.199721,48147,1
4382,4381,3067.210857,48158,1
4383,4382,3067.221993,48169,1
4384,4383,3067.233130,48180,1
4385,4384,3067.244267,48191,1
4386,4385,3067.255404,48202,1
4387,4386,3067.266538,48213,1
4388,4387,3067.277676,48224,1
4389,4388,3067.288813,48235,1
4390,4389,3067.299947,48246,1
4391,4390,3067.311085,48257,1
4392,4391,3067.322221,48268,1
4393,4392,3067.333358,48279,1
4394,4393,3067.344492,48290,1
4395,4394,3067.355628,48301,1
4396,4395,3067.366767,48312,1
4397,4396,3067.377902,48323,1
4398,4397,3067.389037,48334,1
4399,4398,3067.400173,48345,1
4400,4399,3067.411310,48356,1
4401,4400,3067.422446,48367,1
4402,4401,3067.433585,48378,1
4403,4402,3067.444718,48389,1
4404,4403,3067.455857,48400,1
4405,4404,3067.466992,48411,1
4406,4405,3067.478129,48422,1
4407,4406,3067.489263,48433,1
4408,4407,3067.500401,48444,1
4409,4408,3067.511538,48455,1
4410,4409,3067.522674,48466,1
4411,4410,3067.533809,48477,1
4412,4411,3067.544947,48488,1
4413,4412,3067.556083,48499,1
4414,4413,3067.567220,48510,1
4415,4414,3067.578356,48521,1
4416,4415,3067.589492,48532,1
4417,4416,3067.600627,48543,1
4418,4417,3067.611765,48554,1
4419,4418,3067.621889,48564,1
4420,4419,3067.633023,48575,1
4421,4420,3067.644161,48586,1
4422,4421,3067.655298,48597,1
4423,4422,3067.666434,48608,1
4424,4423,3067.677568,48619,1
4425,4424,3067.688706,48630,1
4426,4425,3067.699841,48641,1
4427,4426,3067.710978,48652,1
4428,4427,3067.722114,48663,1
4429,4428,3067.733250,48674,1
4430,4429,3067.744387,48685,1
4431,4430,3067.755523,48696,1
4432,4431,3067.766660,48707,1
4433,4432,3067.777797,48718,1
4434,4433,3067.788933,48729,1
4435,4434,3067.800067,48740,1
4436,4435,3067.811205,48751,1
4437,4436,3067.822342,48762,1
4438,4437,3067.833476,48773,1
4439,4438,3067.844614,48784,1
4440,4439,3067.855751,48795,1
4441,4440,3067.866886,48806,1
4442,4441,3067.878022,48817,1
4443,4442,3067.889159,48828,1
4444,4443,3067.900293,48839,1
4445,4444,3067.911430,48850,1
4446,4445,3067.922569,48861,1
4447,4446,3067.933705,48872,1
4448,4447,3067.944838,48883,1
4449,4448,3067.955976,48894,1
4450,4449,3067.967111,48905,1
4451,4450,3067.978248,48916,1
4452,4451,3067.989385,48927,1
4453,4452,3068.000523,48938,1
4454,4453,3068.011657,48949,1
4455,4454,3068.022795,48960,1
4456,4455,3068.033930,48971,1
4457,4456,3068.045068,48982,1
4458,4457,3068.056204,48993,1
4459,4459,3068.067338,49004,1
4460,-1,3068.078476,49015,1
4461,4460,3068.089612,49026,1
4462,4461,3068.100747,49037,1
4463,4462,3068.111883,49048,1
4464,4463,3068.123019,49059,1
4465,4464,3068.134158,49070,1
4466,4465,3068.145294,49081,1
4467,4466,3068.156428,49092,1
4468,4467,3068.167565,49103,1
4469,4468,3068.178702,49114,1
4470,4469,3068.189838,49125,1
4471,4470,3068.200975,49136,1
4472,4471,3068.212109,49147,1
4473,4472,3068.223246,49158,1
4474,4473,3068.234382,49169,1
4475,4474,3068.245518,49180,1
4476,4475,3068.256657,49191,1
4477,4476,3068.267793,49202,1
4478,4477,3068.278930,49213,1
4479,4478,3068.290063,49224,1
4480,4479,3068.301202,49235,1
4481,4480,3068.312337,49246,1
4482,4481,3068.323475,49257,1
4483,4482,3068.334609,49268,1
4484,4483,3068.345747,49279,1
4485,4484,3068.356881,49290,1
4486,4485,3068.368019,49301,1
4487,4486,3068.379156,49312,1
4488,4487,3068.390291,49323,1
4489,4488,3068.401428,49334,1
4490,4489,3068.412566,49345,1
4491,4490,3068.423699,49356,1
4492,4491,3068.434835,49367,1
4493,4492,3068.445971,49378,1
4494,4493,3068.457108,49389,1
4495,4494,3068.468244,49400,1
4496,4495,3068.479381,49411,1
4497,4496,3068.490518,49422,1
4498,4497,3068.501655,49433,1
4499,4498,3068.512790,49444,1
4500,4499,3068.523927,49455,1
4501,4500,3068.535064,49466,1
4502,4501,3068.546198,49477,1
4503,4502,3068.557336,49488,1
4504,4503,3068.568470,49499,1
4505,4504,3068.579607,49510,1
4506,4505,3068.590744,49521,1
4507,4506,3068.601880,49532,1
4508,4507,3068.613016,49543,1
4509,4508,3068.624151,49554,1
4510,4509,3068.635290,49565,1
4511,4510,3068.646426,49576,1
4512,4511,3068.657563,49587,1
4513,4512,3068.668699,49598,1
4514,4513,3068.679833,49609,1
4515,4514,3068.690970,49620,1
4516,4515,3068.702105,49631,1
4517,4516,3068.713243,49642,1
4518,4517,3068.724380,49653,1
4519,4518,3068.735514,49664,1
4520,4519,3068.746652,49675,1
4521,4520,3068.757789,49686,1
4522,4521,3068.768923,49697,1
4523,4522,3068.780062,49708,1
4524,4523,3068.791198,49719,1
4525,4524,3068.802335,49730,1
4526,4525,3068.813470,49741,1
4527,4526,3068.824605,49752,1
4528,4527,3068.835741,49763,1
4529,4528,3068.846879,49774,1
4530,4529,3068.858013,49785,1
4531,4530,3068.869150,49796,1
4532,4531,3068.880287,49807,1
4533,4532,3068.891422,49818,1
4534,4533,3068.902561,49829,1
4535,4534,3068.913696,49840,1
4536,4535,3068.924832,49851,1
4537,4536,3068.935969,49862,1
4538,4537,3068.946102,49872,1
4539,4538,3068.957229,49883,1
4540,4539,3068.968365,49894,1
4541,4540,3068.979501,49905,1
4542,4541,3068.990638,49916,1
4543,4542,3069.001774,49927,1
4544,4543,3069.012909,49938,1
4545,4544,3069.024047,49949,1
4546,4545,3069.035184,49960,1
4547,4546,3069.046319,49971,1
4548,4547,3069.057456,49982,1
4549,4548,3069.068592,49993,1
4550,4549,3069.079729,50004,1
4551,4550,3069.090863,50015,1
4552,4551,3069.102001,50026,1
4553,4552,3069.113135,50037,1
4554,4553,3069.124274,50048,1
4555,4554,3069.135410,50059,1
4556,4555,3069.146544,50070,1
4557,4556,3069.157682,50081,1
4558,4557,3069.168818,50092,1
4559,4558,3069.179954,50103,1
4560,4559,3069.191108,50114,1
4561,4560,3069.202228,50125,1
4562,4561,3069.213363,50136,1
4563,4562,3069.224499,50147,1
4564,4563,3069.235634,50158,1
4565,4564,3069.246773,50169,1
4566,4565,3069.257909,50180,1
4567,4566,3069.269045,50191,1
4568,4567,3069.280182,50202,1
4569,4568,3069.291317,50213,1
4570,4569,3069.302453,50224,1
4571,4570,3069.313590,50235,1
4572,4571,3069.324726,50246,1
4573,4572,3069.335861,50257,1
4574,4573,3069.346999,50268,1
4575,4574,3069.358133,50279,1
4576,4575,3069.369272,50290,1
4577,4576,3069.380406,50301,1
4578,4577,3069.391542,50312,1
4579,4578,3069.402680,50323,1
4580,4579,3069.413816,50334,1
4581,4580,3069.424951,50345,1
4582,4581,3069.436090,50356,1
4583,4582,3069.447226,50367,1
4584,4583,3069.458361,50378,1
4585,4584,3069.469498,50389,1
4586,4585,3069.480634,50400,1
4587,4586,3069.491771,50411,1
4588,4587,3069.502906,50422,1
4589,4588,3069.514042,50433,1
4590,4589,3069.525177,50444,1
4591,4590,3069.536314,50455,1
4592,4591,3069.547450,50466,1
4593,4592,3069.558586,50477,1
4594,4593,3069.569725,50488,1
4595,4594,3069.580860,50499,1
4596,4595,3069.591995,50510,1
4597,4596,3069.603133,50521,1
4598,4597,3069.614268,50532,1
4599,4598,3069.625404,50543,1
4600,4599,3069.636543,50554,1
4601,4600,3069.647676,50565,1
4602,4601,3069.658815,50576,1
4603,4602,3069.669950,50587,1
4604,4603,3069.681085,50598,1
4605,4604,3069.692224,50609,1
4606,4605,3069.703358,50620,1
4607,4606,3069.714496,50631,1
4608,4607,3069.725633,50642,1
4609,4608,3069.736769,50653,1
4610,4609,3069.747903,50664,1
4611,4610,3069.759040,50675,1
4612,4611,3069.770175,50686,1
4613,4612,3069.781314,50697,1
4614,4613,3069.792450,50708,1
4615,4614,3069.803586,50719,1
4616,4615,3069.814722,50730,1
4617,4616,3069.825857,50741,1
4618,4617,3069.836995,50752,1
4619,4618,3069.848130,50763,1
4620,4619,3069.859268,50774,1
4621,4620,3069.870404,50785,1
4622,4621,3069.881539,50796,1
4623,4622,3069.892675,50807,1
4624,4623,3069.903811,50818,1
4625,4624,3069.914948,50829,1
4626,4625,3069.926084,50840,1
4627,4626,3069.937222,50851,1
4628,4627,3069.948358,50862,1
4629,4628,3069.959494,50873,1
4630,4629,3069.970631,50884,1
4631,4630,3069.981765,50895,1
4632,4631,3069.992902,50906,1
4633,4632,3070.004039,50917,1
4634,4633,3070.015175,50928,1
4635,4634,3070.026310,50939,1
4636,4635,3070.037448,50950,1
4637,4636,3070.048584,50961,1
4638,4637,3070.059721,50972,1
4639,4638,3070.070855,50983,1
4640,4639,3070.081993,50994,1
4641,4640,3070.093129,51005,1
4642,4641,3070.104266,51016,1
4643,4642,3070.115403,51027,1
4644,4643,3070.126539,51038,1
4645,4644,3070.137675,51049,1
4646,4645,3070.148811,51060,1
4647,4646,3070.159945,51071,1
4648,4647,3070.171083,51082,1
4649,4648,3070.182219,51093,1
4650,4649,3070.193357,51104,1
4651,4650,3070.204492,51115,1
4652,4651,3070.215626,51126,1
4653,4652,3070.226763,51137,1
4654,4653,3070.237901,51148,1
4655,4654,3070.249036,51159,1
4656,4655,3070.260172,51170,1
4657,4656,3070.270297,51180,1
4658,4657,3070.281434,51191,1
4659,4658,3070.292568,51202,1
4660,4659,3070.303706,51213,1
4661,4660,3070.314842,51224,1
4662,4661,3070.325977,51235,1
4663,4662,3070.337114,51246,1
4664,4663,3070.348251,51257,1
4665,4664,3070.359388,51268,1
4666,4665,3070.370525,51279,1
4667,4666,3070.381660,51290,1
4668,4667,3070.392794,51301,1
4669,4668,3070.403933,51312,1
4670,4669,3070.415069,51323,1
4671,4670,3070.426205,51334,1
4672,4671,3070.437341,51345,1
4673,4672,3070.448477,51356,1
4674,4673,3070.459612,51367,1
4675,4674,3070.470749,51378,1
4676,4675,3070.481885,51389,1
4677,4676,3070.493022,51400,1
4678,4677,3070.504159,51411,1
4679,4678,3070.515296,51422,1
4680,4679,3070.526432,51433,1
4681,4680,3070.537568,51444,1
4682,4681,3070.548704,51455,1
4683,4682,3070.559839,51466,1
4684,4683,3070.570977,51477,1
4685,4684,3070.582113,51488,1
4686,4685,3070.593248,51499,1
4687,4686,3070.604384,51510,1
4688,4687,3070.615522,51521,1
4689,4688,3070.626659,51532,1
4690,4689,3070.637794,51543,1
4691,4690,3070.648930,51554,1
4692,4691,3070.660067,51565,1
4693,-1,3070.671202,51576,1
4694,4692,3070.682340,51587,1
4695,4693,3070.693474,51598,1
4696,4694,3070.704610,51609,1
4697,4695,3070.716798,51620,1
4698,4696,3070.726885,51630,1
4699,4697,3070.738021,51641,1
4700,4698,3070.749157,51652,1
4701,4699,3070.760294,51663,1
4702,4700,3070.771429,51674,1
4703,4701,3070.782566,51685,1
4704,4702,3070.793702,51696,1
4705,4703,3070.804837,51707,1
4706,4704,3070.815974,51718,1
4707,4705,3070.827110,51729,1
4708,4706,3070.838246,51740,1
4709,4707,3070.849383,51751,1
4710,4708,3070.860520,51762,1
4711,4709,3070.871656,51773,1
4712,4710,3070.882792,51784,1
4713,4711,3070.893928,51795,1
4714,4712,3070.905065,51806,1
4715,4713,3070.916202,51817,1
4716,4714,3070.927338,51828,1
4717,4715,3070.938475,51839,1
4718,4716,3070.949611,51850,1
4719,4717,3070.960746,51861,1
4720,4718,3070.971881,51872,1
4721,4719,3070.983018,51883,1
4722,4720,3070.994154,51894,1
4723,4721,3071.005291,51905,1
4724,4722,3071.016429,51916,1
4725,4723,3071.027563,51927,1
4726,4724,3071.038701,51938,1
4727,4725,3071.049835,51949,1
4728,4726,3071.060974,51960,1
4729,4727,3071.072108,51971,1
4730,4728,3071.083245,51982,1
4731,4729,3071.094381,51993,1
4732,4730,3071.105517,52004,1
4733,4731,3071.116655,52015,1
4734,4732,3071.127789,52026,1
4735,4733,3071.138927,52037,1
4736,4734,3071.150062,52048,1
4737,4735,3071.161199,52059,1
4738,4736,3071.172337,52070,1
4739,4737,3071.183470,52081,1
4740,4738,3071.194607,52092,1
4741,4739,3071.205743,52103,1
4742,4740,3071.216882,52114,1
4743,4741,3071.228018,52125,1
4744,4742,3071.239152,52136,1
4745,4743,3071.250290,52147,1
4746,4744,3071.261426,52158,1
4747,4745,3071.272563,52169,1
4748,4746,3071.283697,52180,1
4749,4747,3071.294834,52191,1
4750,4748,3071.305971,52202,1
4751,4749,3071.317107,52213,1
4752,4750,3071.328243,52224,1
4753,4751,3071.339379,52235,1
4754,4752,3071.350516,52246,1
4755,4753,3071.361653,52257,1
4756,4754,3071.372789,52268,1
4757,4755,3071.383925,52279,1
4758,4756,3071.395062,52290,1
4759,4757,3071.406198,52301,1
4760,4758,3071.417332,52312,1
4761,4759,3071.428471,52323,1
4762,4760,3071.439606,52334,1
4763,4761,3071.450743,52345,1
4764,4762,3071.461880,52356,1
4765,4763,3071.473014,52367,1
4766,4764,3071.484151,52378,1
4767,4765,3071.495288,52389,1
4768,4766,3071.506425,52400,1
4769,4767,3071.517560,52411,1
4770,4768,3071.528696,52422,1
4771,4769,3071.539832,52433,1
4772,4770,3071.550970,52444,1
4773,4771,3071.562107,52455,1
4774,4772,3071.573242,52466,1
4775,4773,3071.584376,52477,1
4776,4774,3071.594503,52487,1
4777,4775,3071.605637,52498,1
4778,4776,3071.616775,52509,1
4779,4777,3071.627911,52520,1
4780,4778,3071.639046,52531,1
4781,4779,3071.650183,52542,1
4782,4780,3071.661320,52553,1
4783,4781,3071.672456,52564,1
4784,4782,3071.683590,52575,1
4785,4783,3071.694728,52586,1
4786,4784,3071.705865,52597,1
4787,4785,3071.717001,52608,1
4788,4786,3071.728135,52619,1
4789,4787,3071.739274,52630,1
4790,4788,3071.750410,52641,1
4791,4789,3071.761545,52652,1
4792,4790,3071.772681,52663,1
4793,4791,3071.783819,52674,1
4794,4792,3071.794953,52685,1
4795,4793,3071.806103,52696,1
4796,4794,3071.817228,52707,1
4797,4795,3071.828364,52718,1
4798,4796,3071.839499,52729,1
4799,4797,3071.850637,52740,1
4800,4798,3071.861772,52751,1
4801,4799,3071.872908,52762,1
4802,4800,3071.884046,52773,1
4803,4801,3071.895181,52784,1
4804,4802,3071.906317,52795,1
4805,4803,3071.917453,52806,1
4806,4804,3071.928590,52817,1
4807,4805,3071.939727,52828,1
4808,4806,3071.950863,52839,1
4809,4807,3071.962000,52850,1
4810,4808,3071.973136,52861,1
4811,4809,3071.984272,52872,1
4812,4810,3071.995409,52883,1
4813,4811,3072.006543,52894,1
4814,4812,3072.017681,52905,1
4815,4813,3072.028816,52916,1
4816,4814,3072.039953,52927,1
4817,4815,3072.051087,52938,1
4818,4816,3072.062224,52949,1
4819,4817,3072.073362,52960,1
4820,4818,3072.084499,52971,1
4821,4819,3072.095635,52982,1
4822,4820,3072.106769,52993,1
4823,4821,3072.117905,53004,1
4824,4822,3072.129044,53015,1
4825,4823,3072.140180,53026,1
4826,4824,3072.151315,53037,1
4827,4825,3072.162452,53048,1
4828,4826,3072.173587,53059,1
4829,4827,3072.184725,53070,1
4830,4828,3072.195861,53081,1
4831,4829,3072.206995,53092,1
4832,4830,3072.218134,53103,1
4833,4831,3072.229270,53114,1
4834,4832,3072.240404,53125,1
4835,4833,3072.251541,53136,1
4836,4834,3072.262677,53147,1
4837,4835,3072.273815,53158,1
4838,4836,3072.284950,53169,1
4839,4837,3072.296087,53180,1
4840,4838,3072.307224,53191,1
4841,4839,3072.318360,53202,1
4842,4840,3072.329496,53213,1
4843,4841,3072.340633,53224,1
4844,4842,3072.351767,53235,1
4845,4843,3072.362903,53246,1
4846,4844,3072.374042,53257,1
4847,4845,3072.385178,53268,1
4848,4846,3072.396313,53279,1
4849,4847,3072.407451,53290,1
4850,4848,3072.418586,53301,1
4851,4849,3072.429723,53312,1
4852,4850,3072.440859,53323,1
4853,4851,3072.451995,53334,1
4854,4852,3072.463132,53345,1
4855,4853,3072.474269,53356,1
4856,4854,3072.485405,53367,1
4857,4855,3072.496540,53378,1
4858,4856,3072.507676,53389,1
4859,4857,3072.518813,53400,1
4860,4858,3072.529949,53411,1
4861,4859,3072.541085,53422,1
4862,4860,3072.552220,53433,1
4863,4861,3072.563358,53444,1
4864,4862,3072.574493,53455,1
4865,4863,3072.585629,53466,1
4866,4864,3072.596765,53477,1
4867,4865,3072.607901,53488,1
4868,4866,3072.619040,53499,1
4869,4867,3072.630176,53510,1
4870,4868,3072.641313,53521,1
4871,4869,3072.652448,53532,1
4872,4870,3072.663585,53543,1
4873,4871,3072.674720,53554,1
4874,4872,3072.685857,53565,1
4875,4873,3072.696993,53576,1
4876,4874,3072.708130,53587,1
4877,4875,3072.719266,53598,1
4878,4876,3072.730403,53609,1
4879,4877,3072.741537,53620,1
4880,4878,3072.752675,53631,1
4881,4879,3072.763812,53642,1
4882,4880,3072.774947,53653,1
4883,4881,3072.786082,53664,1
4884,4882,3072.797218,53675,1
4885,4883,3072.808356,53686,1
4886,4884,3072.819492,53697,1
4887,4885,3072.830629,53708,1
4888,4886,3072.841763,53719,1
4889,4887,3072.852900,53730,1
4890,4888,3072.864038,53741,1
4891,4889,3072.875175,53752,1
4892,4890,3072.886310,53763,1
4893,4891,3072.897446,53774,1
4894,4892,3072.908583,53785,1
4895,4893,3072.919720,53796,1
4896,4894,3072.929843,53806,1
4897,4895,3072.940977,53817,1
4898,4896,3072.952114,53828,1
4899,4897,3072.963252,53839,1
4900,4898,3072.974387,53850,1
4901,4899,3072.985523,53861,1
4902,4900,3072.996660,53872,1
4903,4901,3073.007797,53883,1
4904,4902,3073.018933,53894,1
4905,4903,3073.030068,53905,1
4906,4904,3073.041206,53916,1
4907,4905,3073.052342,53927,1
4908,4906,3073.063479,53938,1
4909,4907,3073.074614,53949,1
4910,4908,3073.085751,53960,1
4911,4909,3073.096888,53971,1
4912,4910,3073.108024,53982,1
4913,4911,3073.119160,53993,1
4914,4912,3073.130297,54004,1
4915,4913,3073.141432,54015,1
4916,4914,3073.152568,54026,1
4917,4915,3073.163706,54037,1
4918,4916,3073.174840,54048,1
4919,4917,3073.185977,54059,1
4920,4918,3073.197112,54070,1
4921,4919,3073.208248,54081,1
4922,4920,3073.219384,54092,1
4923,4921,3073.230521,54103,1
4924,4922,3073.241658,54114,1
4925,4923,3073.252795,54125,1
4926,4924,3073.263931,54136,1
4927,4925,3073.275068,54147,1
4928,4926,3073.286203,54158,1
4929,4927,3073.297340,54169,1
4930,4928,3073.308476,54180,1
4931,4929,3073.319611,54191,1
4932,4930,3073.330748,54202,1
4933,4931,3073.341885,54213,1
4934,4932,3073.353020,54224,1
4935,4933,3073.364156,54235,1
4936,4934,3073.375292,54246,1
4937,4935,3073.386430,54257,1
4938,4936,3073.397568,54268,1
4939,4937,3073.408703,54279,1
4940,4938,3073.419839,54290,1
4941,4939,3073.430974,54301,1
4942,4940,3073.442110,54312,1
4943,4941,3073.453248,54323,1
4944,4942,3073.464383,54334,1
4945,4943,3073.475520,54345,1
4946,4944,3073.486655,54356,1
4947,4945,3073.497794,54367,1
4948,4946,3073.508930,54378,1
4949,4947,3073.520064,54389,1
4950,4948,3073.531203,54400,1
4951,4949,3073.542339,54411,1
4952,4950,3073.553475,54422,1
4953,4951,3073.564612,54433,1
4954,4952,3073.575747,54444,1
4955,4953,3073.586883,54455,1
4956,4954,3073.598020,54466,1
4957,4955,3073.609154,54477,1
4958,4956,3073.620292,54488,1
4959,4957,3073.631427,54499,1
4960,4958,3073.642565,54510,1
4961,4959,3073.653701,54521,1
4962,4960,3073.664838,54532,1
4963,4961,3073.675974,54543,1
4964,4962,3073.687110,54554,1
4965,4963,3073.698247,54565,1
4966,4964,3073.709381,54576,1
4967,4965,3073.720517,54587,1
4968,4966,3073.731654,54598,1
4969,4967,3073.742790,54609,1
4970,4968,3073.753927,54620,1
4971,4969,3073.765064,54631,1
4972,4970,3073.776199,54642,1
4973,4971,3073.787335,54653,1
4974,4972,3073.798473,54664,1
4975,4973,3073.809609,54675,1
4976,4974,3073.820744,54686,1
4977,4975,3073.831882,54697,1
4978,4976,3073.843016,54708,1
4979,4977,3073.854153,54719,1
4980,4978,3073.865290,54730,1
4981,4979,3073.876426,54741,1
4982,4980,3073.887563,54752,1
4983,4981,3073.898699,54763,1
4984,4982,3073.909834,54774,1
4985,4983,3073.920972,54785,1
4986,4984,3073.932108,54796,1
4987,4985,3073.943243,54807,1
4988,4986,3073.954381,54818,1
4989,4987,3073.965515,54829,1
4990,4988,3073.976652,54840,1
4991,4989,3073.987789,54851,1
4992,4990,3073.998924,54862,1
4993,4991,3074.010063,54873,1
4994,4992,3074.021197,54884,1
4995,4993,3074.032335,54895,1
4996,4994,3074.043470,54906,1
4997,4995,3074.054608,54917,1
4998,4996,3074.065742,54928,1
4999,4997,3074.076880,54939,1
5000,4998,3074.088015,54950,1
5001,4999,3074.099153,54961,1
5002,5000,3074.110287,54972,1
5003,5001,3074.121424,54983,1
5004,5002,3074.132562,54994,1
5005,5003,3074.143697,55005,1
5006,5004,3074.154833,55016,1
5007,5005,3074.165971,55027,1
5008,5006,3074.177108,55038,1
5009,5007,3074.188243,55049,1
5010,5008,3074.199379,55060,1
5011,5009,3074.210516,55071,1
5012,5010,3074.221651,55082,1
5013,5011,3074.232788,55093,1
5014,5012,3074.243924,55104,1
5015,5013,3074.254046,55114,1
5016,5014,3074.265185,55125,1
5017,5015,3074.276319,55136,1
5018,5016,3074.287457,55147,1
5019,5017,3074.298594,55158,1
5020,5018,3074.309730,55169,1
5021,5019,3074.320864,55180,1
5022,5020,3074.332002,55191,1
5023,5021,3074.343138,55202,1
5024,5022,3074.354273,55213,1
5025,5023,3074.365410,55224,1
5026,5024,3074.376546,55235,1
5027,5025,3074.387684,55246,1
5028,5026,3074.398819,55257,1
5029,5027,3074.409956,55268,1
5030,5028,3074.421104,55279,1
5031,5029,3074.432229,55290,1
5032,5030,3074.443365,55301,1
5033,5031,3074.454499,55312,1
5034,5032,3074.465636,55323,1
5035,5033,3074.476774,55334,1
5036,5034,3074.487909,55345,1
5037,5035,3074.499047,55356,1
5038,5036,3074.510182,55367,1
5039,5037,3074.521319,55378,1
5040,5038,3074.532454,55389,1
5041,5039,3074.543591,55400,1
5042,5040,3074.554727,55411,1
5043,5041,3074.565862,55422,1
5044,5042,3074.577001,55433,1
5045,5043,3074.588135,55444,1
5046,5044,3074.599271,55455,1
5047,5045,3074.610409,55466,1
5048,5046,3074.621543,55477,1
5049,5047,3074.632682,55488,1
5050,5048,3074.643818,55499,1
5051,5049,3074.654953,55510,1
5052,5050,3074.666089,55521,1
5053,5051,3074.677226,55532,1
5054,5052,3074.688361,55543,1
5055,5053,3074.699499,55554,1
5056,5054,3074.710635,55565,1
5057,5055,3074.721770,55576,1
5058,5056,3074.732906,55587,1
5059,5057,3074.744045,55598,1
5060,5058,3074.755181,55609,1
5061,5059,3074.766315,55620,1
5062,5060,3074.777452,55631,1
5063,5061,3074.788589,55642,1
5064,5062,3074.799725,55653,1
5065,5063,3074.810861,55664,1
5066,5064,3074.821999,55675,1
5067,5065,3074.833134,55686,1
5068,5066,3074.844270,55697,1
5069,5067,3074.855407,55708,1
5070,5068,3074.866543,55719,1
5071,5069,3074.877678,55730,1
5072,5070,3074.888817,55741,1
5073,5071,3074.899951,55752,1
5074,5072,3074.911089,55763,1
5075,5073,3074.922225,55774,1
5076,5074,3074.933359,55785,1
5077,5075,3074.944496,55796,1
5078,5076,3074.955633,55807,1
5079,5077,3074.966770,55818,1
5080,5078,3074.977907,55829,1
5081,5079,3074.989043,55840,1
5082,5080,3075.000179,55851,1
5083,5081,3075.011315,55862,1
5084,5082,3075.022451,55873,1
5085,5083,3075.033587,55884,1
5086,5084,3075.044724,55895,1
5087,5085,3075.055860,55906,1
5088,5086,3075.066995,55917,1
5089,5087,3075.078132,55928,1
5090,5088,3075.089269,55939,1
5091,5089,3075.100405,55950,1
5092,5090,3075.111540,55961,1
5093,5091,3075.122678,55972,1
5094,5092,3075.133814,55983,1
5095,5093,3075.144948,55994,1
5096,5094,3075.156085,56005,1
5097,5095,3075.167223,56016,1
5098,5096,3075.178358,56027,1
5099,5097,3075.189494,56038,1
5100,5098,3075.200630,56049,1
5101,5099,3075.211767,56060,1
5102,5100,3075.222904,56071,1
5103,5101,3075.234039,56082,1
5104,5102,3075.245177,56093,1
5105,5103,3075.256312,56104,1
5106,5104,3075.267450,56115,1
5107,5105,3075.278584,56126,1
5108,5106,3075.289722,56137,1
5109,5107,3075.300859,56148,1
5110,5108,3075.311993,56159,1
5111,5109,3075.323130,56170,1
5112,5110,3075.334267,56181,1
5113,5111,3075.345402,56192,1
5114,5112,3075.356540,56203,1
5115,5113,3075.367676,56214,1
5116,5114,3075.378813,56225,1
5117,5115,3075.389947,56236,1
5118,5116,3075.401085,56247,1
5119,5117,3075.412219,56258,1
5120,5118,3075.423356,56269,1
5121,5119,3075.434494,56280,1
5122,5120,3075.445629,56291,1
5123,5121,3075.456765,56302,1
5124,5122,3075.467902,56313,1
5125,5123,3075.479038,56324,1
5126,5124,3075.490174,56335,1
5127,5125,3075.501309,56346,1
5128,5126,3075.512448,56357,1
5129,5127,3075.523584,56368,1
5130,5128,3075.534719,56379,1
5131,5129,3075.545856,56390,1
5132,5130,3075.556991,56401,1
5133,5131,3075.568127,56412,1
5134,5132,3075.578253,56422,1
5135,5133,3075.589388,56433,1
5136,5134,3075.600525,56444,1
5137,5135,3075.611660,56455,1
5138,5136,3075.622797,56466,1
5139,5137,3075.633934,56477,1
5140,5138,3075.645071,56488,1
5141,5139,3075.656207,56499,1
5142,5140,3075.667343,56510,1
5143,5141,3075.678479,56521,1
5144,5142,3075.689615,56532,1
5145,5143,3075.700751,56543,1
5146,5144,3075.711887,56554,1
5147,5145,3075.723022,56565,1
5148,5146,3075.734160,56576,1
5149,5147,3075.745297,56587,1
5150,5148,3075.756433,56598,1
5151,5149,3075.767570,56609,1
5152,5150,3075.778705,56620,1
5153,5151,3075.789841,56631,1
5154,5152,3075.800978,56642,1
5155,5153,3075.812114,56653,1
5156,5154,3075.823251,56664,1
5157,5155,3075.834386,56675,1
5158,5156,3075.845522,56686,1
5159,5157,3075.856660,56697,1
5160,5158,3075.867796,56708,1
5161,5159,3075.878930,56719,1
5162,5160,3075.890069,56730,1
5163,5161,3075.901203,56741,1
5164,5162,3075.912339,56752,1
5165,5163,3075.923477,56763,1
5166,5164,3075.934612,56774,1
5167,5165,3075.945750,56785,1
5168,5166,3075.956885,56796,1
5169,5167,3075.968022,56807,1
5170,5168,3075.979158,56818,1
5171,5169,3075.990296,56829,1
5172,5170,3076.001430,56840,1
5173,5171,3076.012566,56851,1
5174,5172,3076.023704,56862,1
5175,5173,3076.034841,56873,1
5176,5174,3076.045975,56884,1
5177,5175,3076.057111,56895,1
5178,5176,3076.068247,56906,1
5179,5177,3076.079386,56917,1
5180,5178,3076.090522,56928,1
5181,5179,3076.101658,56939,1
5182,5180,3076.112794,56950,1
5183,5181,3076.123931,56961,1
5184,5182,3076.135067,56972,1
5185,5183,3076.146202,56983,1
5186,5184,3076.157340,56994,1
5187,5185,3076.168475,57005,1
5188,5186,3076.179610,57016,1
5189,5187,3076.190748,57027,1
5190,5188,3076.201884,57038,1
5191,5189,3076.213020,57049,1
5192,5190,3076.224157,57060,1
5193,5191,3076.235293,57071,1
5194,5192,3076.246428,57082,1
5195,5193,3076.257564,57093,1
5196,5194,3076.268702,57104,1
5197,5195,3076.279839,57115,1
5198,5196,3076.290975,57126,1
5199,5197,3076.302111,57137,1
5200,5198,3076.313247,57148,1
5201,5199,3076.324382,57159,1
5202,5200,3076.335518,57170,1
5203,5201,3076.346657,57181,1
5204,5202,3076.357792,57192,1
5205,5203,3076.368928,57203,1
5206,5204,3076.380065,57214,1
5207,5205,3076.391202,57225,1
5208,5206,3076.402338,57236,1
5209,5207,3076.413473,57247,1
5210,5208,3076.424610,57258,1
5211,5209,3076.435747,57269,1
5212,5210,3076.446883,57280,1
5213,5211,3076.458019,57291,1
5214,5212,3076.469156,57302,1
5215,5213,3076.480292,57313,1
5216,5214,3076.491429,57324,1
5217,5215,3076.502563,57335,1
5218,5216,3076.513700,57346,1
5219,5217,3076.524837,57357,1
5220,5218,3076.535973,57368,1
5221,5219,3076.547108,57379,1
5222,5220,3076.558245,57390,1
5223,5221,3076.569381,57401,1
5224,5222,3076.580518,57412,1
5225,5223,3076.591655,57423,1
5226,5224,3076.602791,57434,1
5227,5225,3076.613925,57445,1
5228,5226,3076.625062,57456,1
5229,5227,3076.636198,57467,1
5230,5228,3076.647336,57478,1
5231,5229,3076.658473,57489,1
5232,5230,3076.669607,57500,1
5233,5231,3076.680743,57511,1
5234,5232,3076.691881,57522,1
5235,5233,3076.703017,57533,1
5236,5234,3076.714153,57544,1
5237,5235,3076.725290,57555,1
5238,5236,3076.736427,57566,1
5239,5237,3076.747562,57577,1
5240,5238,3076.758699,57588,1
5241,5239,3076.769833,57599,1
5242,5240,3076.780971,57610,1
5243,5241,3076.792108,57621,1
5244,5242,3076.803242,57632,1
5245,5243,3076.814378,57643,1
5246,5244,3076.825515,57654,1
5247,5245,3076.836653,57665,1
5248,5246,3076.847787,57676,1
5249,5247,3076.858926,57687,1
5250,5248,3076.870061,57698,1
5251,5249,3076.881196,57709,1
5252,5250,3076.892332,57720,1
5253,5251,3076.902456,57730,1
5254,5252,3076.913594,57741,1
5255,5253,3076.924729,57752,1
5256,5254,3076.935867,57763,1
5257,5255,3076.947001,57774,1
5258,5256,3076.958140,57785,1
5259,5257,3076.969276,57796,1
5260,5258,3076.980411,57807,1
5261,5259,3076.991548,57818,1
5262,5260,3077.002685,57829,1
5263,5261,3077.013820,57840,1
5264,5262,3077.024955,57851,1
5265,5263,3077.036103,57862,1
5266,5264,3077.047228,57873,1
5267,5265,3077.058366,57884,1
5268,5266,3077.069502,57895,1
5269,5267,3077.080639,57906,1
5270,5268,3077.091775,57917,1
5271,5269,3077.102910,57928,1
5272,5270,3077.114048,57939,1
5273,5271,3077.125182,57950,1
5274,5272,3077.136318,57961,1
5275,5273,3077.147454,57972,1
5276,5274,3077.158591,57983,1
5277,5275,3077.169727,57994,1
5278,5276,3077.180865,58005,1
5279,5277,3077.192000,58016,1
5280,5278,3077.203137,58027,1
5281,5279,3077.214274,58038,1
5282,5280,3077.225410,58049,1
5283,5281,3077.236547,58060,1
5284,5282,3077.247681,58071,1
5285,5283,3077.258817,58082,1
5286,5284,3077.269953,58093,1
5287,5285,3077.281103,58104,1
5288,5286,3077.292227,58115,1
5289,5287,3077.303364,58126,1
5290,5288,3077.314499,58137,1
5291,5289,3077.325637,58148,1
5292,5290,3077.336771,58159,1
5293,5291,3077.347908,58170,1
5294,5292,3077.359045,58181,1
5295,5293,3077.370180,58192,1
5296,5294,3077.381317,58203,1
5297,5295,3077.392454,58214,1
5298,5296,3077.403590,58225,1
5299,5297,3077.414727,58236,1
5300,5298,3077.425862,58247,1
5301,5299,3077.437001,58258,1
5302,5300,3077.448135,58269,1
5303,5301,3077.459272,58280,1
5304,5302,3077.470406,58291,1
5305,5303,3077.481542,58302,1
5306,5304,3077.492681,58313,1
5307,5305,3077.503816,58324,1
5308,5306,3077.514953,58335,1
5309,5307,3077.526089,58346,1
5310,5308,3077.537225,58357,1
5311,5309,3077.548361,58368,1
5312,5310,3077.559498,58379,1
5313,5311,3077.570635,58390,1
5314,5312,3077.581769,58401,1
5315,5313,3077.592905,58412,1
5316,5314,3077.604044,58423,1
5317,5315,3077.615179,58434,1
5318,5316,3077.626315,58445,1
5319,5317,3077.637452,58456,1
5320,5318,3077.648588,58467,1
5321,5319,3077.659723,58478,1
5322,5320,3077.670861,58489,1
5323,5321,3077.681995,58500,1
5324,5322,3077.693134,58511,1
5325,5323,3077.704268,58522,1
5326,5324,3077.715404,58533,1
5327,5325,3077.726542,58544,1
5328,5326,3077.737678,58555,1
5329,5327,3077.748815,58566,1
5330,5328,3077.759951,58577,1
5331,5329,3077.771086,58588,1
5332,5330,3077.782222,58599,1
5333,5331,3077.793361,58610,1
5334,5332,3077.804494,58621,1
5335,5333,3077.815632,58632,1
5336,5334,3077.826768,58643,1
5337,5335,3077.837903,58654,1
5338,5336,3077.849041,58665,1
5339,5337,3077.860177,58676,1
5340,5338,3077.871313,58687,1
5341,5339,3077.882450,58698,1
5342,5340,3077.893586,58709,1
5343,5341,3077.904721,58720,1
5344,5342,3077.915857,58731,1
5345,5343,3077.926996,58742,1
5346,5344,3077.938131,58753,1
5347,5345,3077.949266,58764,1
5348,5346,3077.960403,58775,1
5349,5347,3077.971541,58786,1
5350,5348,3077.982676,58797,1
5351,5349,3077.993812,58808,1
5352,5350,3078.004947,58819,1
5353,5351,3078.016084,58830,1
5354,5352,3078.027220,58841,1
5355,5353,3078.038358,58852,1
5356,5354,3078.049492,58863,1
5357,5355,3078.060631,58874,1
5358,5356,3078.071767,58885,1
5359,5357,3078.082901,58896,1
5360,5358,3078.094038,58907,1
5361,5359,3078.105174,58918,1
5362,5360,3078.116310,58929,1
5363,5361,3078.127447,58940,1
5364,5362,3078.138584,58951,1
5365,5363,3078.149719,58962,1
5366,5364,3078.160857,58973,1
5367,5365,3078.171993,58984,1
5368,5366,3078.183130,58995,1
5369,5367,3078.194264,59006,1
5370,5368,3078.205403,59017,1
5371,5369,3078.216536,59028,1
5372,5370,3078.226661,59038,1
5373,5371,3078.237799,59049,1
5374,5372,3078.248936,59060,1
5375,5373,3078.260071,59071,1
5376,5374,3078.271206,59082,1
5377,5375,3078.282344,59093,1
5378,5376,3078.293480,59104,1
5379,5377,3078.304616,59115,1
5380,5378,3078.315751,59126,1
5381,5379,3078.326888,59137,1
5382,5380,3078.338025,59148,1
5383,5381,3078.349160,59159,1
5384,5382,3078.360298,59170,1
5385,5383,3078.371434,59181,1
5386,5384,3078.382571,59192,1
5387,5385,3078.393706,59203,1
5388,5386,3078.404843,59214,1
5389,5387,3078.415977,59225,1
5390,5388,3078.427116,59236,1
5391,5389,3078.438252,59247,1
5392,5390,3078.449388,59258,1
5393,5391,3078.460522,59269,1
5394,5392,3078.471661,59280,1
5395,5393,3078.482795,59291,1
5396,5394,3078.493931,59302,1
5397,5395,3078.505069,59313,1
5398,5396,3078.516205,59324,1
5399,5397,3078.527342,59335,1
5400,5398,3078.538478,59346,1
5401,5399,3078.549614,59357,1
5402,5400,3078.560751,59368,1
5403,5401,3078.571886,59379,1
5404,5402,3078.583024,59390,1
5405,5403,3078.594159,59401,1
5406,5404,3078.605296,59412,1
5407,5405,3078.616432,59423,1
5408,5406,3078.627568,59434,1
5409,5407,3078.638703,59445,1
5410,5408,3078.649841,59456,1
5411,5409,3078.660978,59467,1
5412,5410,3078.672112,59478,1
5413,5411,3078.683248,59489,1
5414,5412,3078.694385,59500,1
5415,5413,3078.705523,59511,1
5416,5414,3078.716659,59522,1
5417,5415,3078.727795,59533,1
5418,5416,3078.738931,59544,1
5419,5417,3078.750067,59555,1
5420,5418,3078.761204,59566,1
5421,5419,3078.772340,59577,1
5422,5420,3078.783477,59588,1
5423,5421,3078.794613,59599,1
5424,5422,3078.805748,59610,1
5425,5423,3078.816883,59621,1
5426,5424,3078.828021,59632,1
5427,5425,3078.839156,59643,1
5428,5426,3078.850293,59654,1
5429,5427,3078.861430,59665,1
5430,5428,3078.872567,59676,1
5431,5429,3078.883703,59687,1
5432,5430,3078.894840,59698,1
5433,5431,3078.905976,59709,1
5434,5432,3078.917110,59720,1
5435,5433,3078.928248,59731,1
5436,5434,3078.939384,59742,1
5437,5435,3078.950518,59753,1
5438,5436,3078.961656,59764,1
5439,5437,3078.972792,59775,1
5440,5438,3078.983927,59786,1
5441,5439,3078.995066,59797,1
5442,5440,3079.006201,59808,1
5443,5441,3079.017338,59819,1
5444,5442,3079.028473,59830,1
5445,5443,3079.039611,59841,1
5446,5444,3079.050746,59852,1
5447,5445,3079.061881,59863,1
5448,5446,3079.073020,59874,1
5449,5447,3079.084155,59885,1
5450,5448,3079.095291,59896,1
5451,5449,3079.106429,59907,1
5452,5450,3079.117566,59918,1
5453,5451,3079.128699,59929,1
5454,5452,3079.139835,59940,1
5455,5453,3079.150971,59951,1
5456,5454,3079.162109,59962,1
5457,5455,3079.173244,59973,1
5458,5456,3079.184382,59984,1
5459,5457,3079.195517,59995,1
5460,5458,3079.206655,60006,1
5461,5459,3079.217791,60017,1
5462,5460,3079.228927,60028,1
5463,5461,3079.240063,60039,1
5464,5462,3079.251198,60050,1
5465,5463,3079.262336,60061,1
5466,5464,3079.273473,60072,1
5467,5465,3079.284607,60083,1
5468,5466,3079.295743,60094,1
5469,5467,3079.306880,60105,1
5470,5468,3079.318017,60116,1
5471,5469,3079.329152,60127,1
5472,5470,3079.340289,60138,1
5473,5471,3079.351427,60149,1
5474,5472,3079.362563,60160,1
5475,5473,3079.373697,60171,1
5476,5474,3079.384833,60182,1
5477,5475,3079.395969,60193,1
5478,5476,3079.407108,60204,1
5479,5477,3079.418243,60215,1
5480,5478,3079.429378,60226,1
5481,5479,3079.440515,60237,1
5482,5480,3079.451651,60248,1
5483,5481,3079.462789,60259,1
5484,5482,3079.473923,60270,1
5485,5483,3079.485062,60281,1
5486,5484,3079.496196,60292,1
5487,5485,3079.507332,60303,1
5488,5486,3079.518471,60314,1
5489,5487,3079.529606,60325,1
5490,5488,3079.540744,60336,1
5491,5489,3079.550865,60346,1
5492,5490,3079.562004,60357,1
5493,5491,3079.573138,60368,1
5494,5492,3079.584276,60379,1
5495,5493,3079.595412,60390,1
5496,5494,3079.606549,60401,1
5497,5495,3079.617685,60412,1
5498,5496,3079.628820,60423,1
5499,5497,3079.639955,60434,1
5500,5498,3079.651103,60445,1
5501,5499,3079.662229,60456,1
5502,5500,3079.673365,60467,1
5503,5501,3079.684502,60478,1
5504,5502,3079.695639,60489,1
5505,5503,3079.706775,60500,1
5506,5504,3079.717912,60511,1
5507,5505,3079.729047,60522,1
5508,5506,3079.740184,60533,1
5509,5507,3079.751320,60544,1
5510,5508,3079.762456,60555,1
5511,5509,3079.773592,60566,1
5512,5510,3079.784729,60577,1
5513,5511,3079.795864,60588,1
5514,5512,3079.807002,60599,1
5515,5513,3079.818138,60610,1
5516,5514,3079.829274,60621,1
5517,5515,3079.840409,60632,1
5518,5516,3079.851546,60643,1
5519,5517,3079.862681,60654,1
5520,5518,3079.873817,60665,1
5521,5519,3079.884955,60676,1
5522,5520,3079.896103,60687,1
5523,5521,3079.907227,60698,1
5524,5522,3079.918364,60709,1
5525,5523,3079.929500,60720,1
5526,5524,3079.940637,60731,1
5527,5525,3079.951771,60742,1
5528,5526,3079.962910,60753,1
5529,5527,3079.974044,60764,1
5530,5528,3079.985180,60775,1
5531,5529,3079.996318,60786,1
5532,5530,3080.007453,60797,1
5533,5531,3080.018589,60808,1
5534,5532,3080.029727,60819,1
5535,5533,3080.040864,60830,1
5536,5534,3080.052000,60841,1
5537,5535,3080.063135,60852,1
5538,5536,3080.074272,60863,1
5539,5537,3080.085408,60874,1
5540,5538,3080.096545,60885,1
5541,5539,3080.107680,60896,1
5542,5540,3080.118815,60907,1
5543,5541,3080.129952,60918,1
5544,5542,3080.141089,60929,1
5545,5543,3080.152225,60940,1
5546,5544,3080.163361,60951,1
5547,5545,3080.174497,60962,1
5548,5546,3080.185635,60973,1
5549,5547,3080.196771,60984,1
5550,5548,3080.207908,60995,1
5551,5549,3080.219043,61006,1
5552,5550,3080.230179,61017,1
5553,5551,3080.241315,61028,1
5554,5552,3080.252451,61039,1
5555,5553,3080.263587,61050,1
5556,5554,3080.274724,61061,1
5557,5555,3080.285862,61072,1
5558,5556,3080.296997,61083,1
5559,5557,3080.308134,61094,1
5560,5558,3080.319270,61105,1
5561,5559,3080.330405,61116,1
5562,5560,3080.341541,61127,1
5563,5561,3080.352678,61138,1
5564,5562,3080.363815,61149,1
5565,5563,3080.374952,61160,1
5566,5564,3080.386088,61171,1
5567,5565,3080.397223,61182,1
5568,5566,3080.408359,61193,1
5569,5567,3080.419495,61204,1
5570,5568,3080.430633,61215,1
5571,5569,3080.441769,61226,1
5572,5570,3080.452904,61237,1
5573,5571,3080.464042,61248,1
5574,5572,3080.475178,61259,1
5575,5573,3080.486312,61270,1
5576,5574,3080.497449,61281,1
5577,5575,3080.508586,61292,1
5578,5576,3080.519723,61303,1
5579,5577,3080.530859,61314,1
5580,5578,3080.541995,61325,1
5581,5579,3080.553132,61336,1
5582,5580,3080.564268,61347,1
5583,5581,3080.575404,61358,1
5584,5582,3080.586540,61369,1
5585,5583,3080.597677,61380,1
5586,5584,3080.608812,61391,1
5587,5585,3080.619949,61402,1
5588,5586,3080.631086,61413,1
5589,5587,3080.642222,61424,1
5590,5588,3080.653358,61435,1
5591,5589,3080.664493,61446,1
5592,5590,3080.675632,61457,1
5593,5591,3080.686768,61468,1
5594,5592,3080.697902,61479,1
5595,5593,3080.709040,61490,1
5596,5594,3080.720177,61500,1
5597,5595,3080.731311,61511,1
5598,5596,3080.742449,61522,1
5599,5597,3080.753583,61533,1
5600,5598,3080.764720,61544,1
5601,5599,3080.775858,61555,1
5602,5600,3080.786994,61566,1
5603,5601,3080.798130,61577,1
5604,5602,3080.809267,61588,1
5605,5603,3080.820401,61599,1
5606,5604,3080.831538,61610,1
5607,5605,3080.842676,61621,1
5608,5606,3080.853811,61632,1
5609,5607,3080.864947,61643,1
5610,5608,3080.875071,61653,1
5611,5609,3080.886208,61664,1
5612,5610,3080.897342,61675,1
5613,5611,3080.908480,61686,1
5614,5612,3080.919617,61697,1
5615,5613,3080.930753,61708,1
5616,5614,3080.941890,61719,1
5617,5615,3080.953026,61730,1
5618,5616,3080.964163,61741,1
5619,5617,3080.975298,61752,1
5620,5618,3080.986433,61763,1
5621,5619,3080.997571,61774,1
5622,5620,3081.008707,61785,1
5623,5621,3081.019841,61796,1
5624,5622,3081.030980,61807,1
5625,5623,3081.042117,61818,1
5626,5624,3081.053252,61829,1
5627,5625,3081.064388,61840,1
5628,5626,3081.075523,61851,1
5629,5627,3081.086661,61862,1
5630,5628,3081.097797,61873,1
5631,5629,3081.108932,61884,1
5632,5630,3081.120071,61895,1
5633,5631,3081.131206,61906,1
5634,5632,3081.142343,61917,1
5635,5633,3081.153477,61928,1
5636,5634,3081.164614,61939,1
5637,5635,3081.175750,61950,1
5638,5636,3081.186886,61961,1
5639,5637,3081.198022,61972,1
5640,5638,3081.209159,61983,1
5641,5639,3081.220297,61994,1
5642,5640,3081.231431,62005,1
5643,5641,3081.242570,62016,1
5644,5642,3081.253704,62027,1
5645,5643,3081.264841,62038,1
5646,5644,3081.275978,62049,1
5647,5645,3081.287114,62060,1
5648,5646,3081.298249,62071,1
5649,5647,3081.309386,62082,1
5650,5648,3081.320522,62093,1
5651,5649,3081.331657,62104,1
5652,5650,3081.342795,62115,1
5653,5651,3081.353931,62126,1
5654,5652,3081.365068,62137,1
5655,5653,3081.376203,62148,1
5656,5654,3081.387340,62159,1
5657,5655,3081.398477,62170,1
5658,5656,3081.409613,62181,1
5659,5657,3081.420749,62192,1
5660,5658,3081.431886,62203,1
5661,5659,3081.443022,62214,1
5662,5660,3081.454158,62225,1
5663,5661,3081.465295,62236,1
5664,5662,3081.476429,62247,1
5665,5663,3081.487567,62258,1
5666,5664,3081.498704,62269,1
5667,5665,3081.509838,62280,1
5668,5666,3081.520974,62291,1
5669,5667,3081.532113,62302,1
5670,5668,3081.543247,62313,1
5671,5669,3081.554385,62324,1
5672,5670,3081.565520,62335,1
5673,5671,3081.576657,62346,1
5674,5672,3081.587793,62357,1
5675,5673,3081.598929,62368,1
5676,5674,3081.610067,62379,1
5677,5675,3081.621201,62390,1
5678,5676,3081.632338,62401,1
5679,5677,3081.643476,62412,1
5680,5678,3081.654609,62423,1
5681,5679,3081.665746,62434,1
5682,5680,3081.676884,62445,1
5683,5681,3081.688019,62456,1
5684,5682,3081.699155,62467,1
5685,5683,3081.710291,62478,1
5686,5684,3081.721428,62489,1
5687,5685,3081.732565,62500,1
5688,5686,3081.743702,62511,1
5689,5687,3081.754837,62522,1
5690,5688,3081.765973,62533,1
5691,5689,3081.777110,62544,1
5692,5690,3081.788246,62555,1
5693,5691,3081.799383,62566,1
5694,5692,3081.810517,62577,1
5695,5693,3081.821654,62588,1
5696,5694,3081.832791,62599,1
5697,5695,3081.843928,62610,1
5698,5696,3081.855065,62621,1
5699,5697,3081.866201,62632,1
5700,5698,3081.877337,62643,1
5701,5699,3081.888473,62654,1
5702,5700,3081.899607,62665,1
5703,5701,3081.910746,62676,1
5704,5702,3081.921882,62687,1
5705,5703,3081.933019,62698,1
5706,5704,3081.944155,62709,1
5707,5705,3081.955291,62720,1
5708,5706,3081.966427,62731,1
5709,5707,3081.977563,62742,1
5710,5708,3081.988699,62753,1
5711,5709,3081.999837,62764,1
5712,5710,3082.010972,62775,1
5713,5711,3082.022110,62786,1
5714,5712,3082.033245,62797,1
5715,5713,3082.044381,62808,1
5716,5714,3082.055518,62819,1
5717,5715,3082.066653,62830,1
5718,5716,3082.077790,62841,1
5719,5717,3082.088926,62852,1
5720,5718,3082.100062,62863,1
5721,5719,3082.111199,62874,1
5722,5720,3082.122335,62885,1
5723,5721,3082.133471,62896,1
5724,5722,3082.144607,62907,1
