# which inertial sample is which camera frame, from the hardware trigger
# frame_period_s=0.011127709  (89.865756107 Hz, measured from this session's own trigger pulses -- the camera does not run at 90.000)
# trigger_pulses=3897  pulses_the_imu_missed=0
# t_bar_s is the exposure time in the BAR's clock, the same clock as esp_timestamp_us in imu/raw_imu.csv
# imu_sample is a row index into imu/raw_imu.csv; tagged=0 means the inertial stream missed that pulse and the time is interpolated
frame,video_row,t_bar_s,imu_sample,tagged
0,0,2493.742870,10,1
1,1,2493.754005,21,1
2,2,2493.765143,32,1
3,3,2493.776279,43,1
4,4,2493.787415,54,1
5,5,2493.798550,65,1
6,6,2493.809686,76,1
7,7,2493.820820,87,1
8,8,2493.831958,98,1
9,9,2493.843102,109,1
10,10,2493.854228,120,1
11,11,2493.865365,131,1
12,12,2493.876500,142,1
13,13,2493.887636,153,1
14,14,2493.898771,164,1
15,15,2493.909908,175,1
16,16,2493.921042,186,1
17,17,2493.932178,197,1
18,18,2493.943316,208,1
19,19,2493.954450,219,1
20,20,2493.965587,230,1
21,21,2493.976721,241,1
22,22,2493.987858,252,1
23,23,2493.998993,263,1
24,25,2494.010129,274,1
25,-1,2494.021265,285,1
26,26,2494.032402,296,1
27,27,2494.043538,307,1
28,28,2494.054671,318,1
29,29,2494.065809,329,1
30,30,2494.076943,340,1
31,31,2494.088080,351,1
32,32,2494.099216,362,1
33,33,2494.110353,373,1
34,34,2494.121488,384,1
35,35,2494.132623,395,1
36,36,2494.143758,406,1
37,37,2494.154895,417,1
38,38,2494.166032,428,1
39,39,2494.177165,439,1
40,40,2494.188303,450,1
41,41,2494.199438,461,1
42,42,2494.210572,472,1
43,43,2494.221709,483,1
44,44,2494.232845,494,1
45,45,2494.243982,505,1
46,46,2494.255117,516,1
47,47,2494.266254,527,1
48,48,2494.277389,538,1
49,49,2494.288524,549,1
50,50,2494.299661,560,1
51,51,2494.310795,571,1
52,52,2494.321933,582,1
53,53,2494.333067,593,1
54,54,2494.344202,604,1
55,55,2494.355340,615,1
56,56,2494.366474,626,1
57,57,2494.377611,637,1
58,58,2494.388747,648,1
59,59,2494.399881,659,1
60,60,2494.411016,670,1
61,61,2494.422152,681,1
62,62,2494.433288,692,1
63,63,2494.444425,703,1
64,64,2494.455561,714,1
65,65,2494.466696,725,1
66,66,2494.477833,736,1
67,67,2494.488968,747,1
68,68,2494.500103,758,1
69,69,2494.510228,768,1
70,70,2494.521362,779,1
71,71,2494.532499,790,1
72,72,2494.543635,801,1
73,73,2494.554771,812,1
74,74,2494.565906,823,1
75,75,2494.577043,834,1
76,76,2494.588177,845,1
77,77,2494.599313,856,1
78,78,2494.610449,867,1
79,79,2494.621585,878,1
80,80,2494.632721,889,1
81,81,2494.643857,900,1
82,82,2494.654993,911,1
83,83,2494.666129,922,1
84,84,2494.677265,933,1
85,85,2494.688401,944,1
86,86,2494.699536,955,1
87,87,2494.710672,966,1
88,88,2494.721807,977,1
89,89,2494.732942,988,1
90,90,2494.744080,999,1
91,91,2494.755215,1010,1
92,92,2494.766350,1021,1
93,93,2494.777487,1032,1
94,94,2494.788621,1043,1
95,95,2494.799758,1054,1
96,96,2494.810895,1065,1
97,97,2494.822030,1076,1
98,98,2494.833166,1087,1
99,99,2494.844300,1098,1
100,100,2494.855438,1109,1
101,101,2494.866573,1120,1
102,102,2494.877708,1131,1
103,103,2494.888843,1142,1
104,104,2494.899978,1153,1
105,105,2494.911115,1164,1
106,106,2494.922250,1175,1
107,107,2494.933386,1186,1
108,108,2494.944523,1197,1
109,109,2494.955659,1208,1
110,110,2494.966794,1219,1
111,111,2494.977931,1230,1
112,112,2494.989065,1241,1
113,113,2495.000202,1252,1
114,114,2495.011337,1263,1
115,115,2495.022474,1274,1
116,116,2495.033610,1285,1
117,117,2495.044745,1296,1
118,118,2495.055881,1307,1
119,119,2495.067017,1318,1
120,120,2495.078153,1329,1
121,121,2495.089287,1340,1
122,122,2495.100425,1351,1
123,123,2495.111560,1362,1
124,124,2495.122696,1373,1
125,125,2495.133832,1384,1
126,126,2495.144968,1395,1
127,127,2495.156105,1406,1
128,128,2495.167240,1417,1
129,129,2495.178375,1428,1
130,130,2495.189511,1439,1
131,131,2495.200646,1450,1
132,132,2495.211782,1461,1
133,133,2495.222919,1472,1
134,134,2495.234055,1483,1
135,135,2495.245188,1494,1
136,136,2495.256324,1505,1
137,137,2495.267461,1516,1
138,138,2495.278597,1527,1
139,139,2495.289731,1538,1
140,140,2495.300869,1549,1
141,141,2495.312002,1560,1
142,142,2495.323138,1571,1
143,143,2495.334274,1582,1
144,144,2495.345412,1593,1
145,145,2495.356546,1604,1
146,146,2495.367683,1615,1
147,147,2495.378820,1626,1
148,148,2495.389954,1637,1
149,149,2495.401100,1648,1
150,150,2495.412225,1659,1
151,151,2495.423361,1670,1
152,152,2495.434496,1681,1
153,153,2495.445633,1692,1
154,154,2495.456770,1703,1
155,155,2495.467904,1714,1
156,156,2495.479041,1725,1
157,157,2495.490177,1736,1
158,158,2495.501312,1747,1
159,159,2495.512448,1758,1
160,160,2495.523585,1769,1
161,161,2495.534720,1780,1
162,162,2495.545854,1791,1
163,163,2495.556992,1802,1
164,164,2495.568125,1813,1
165,165,2495.579264,1824,1
166,166,2495.590397,1835,1
167,167,2495.601535,1846,1
168,168,2495.612669,1857,1
169,169,2495.623806,1868,1
170,170,2495.634940,1879,1
171,171,2495.646078,1890,1
172,172,2495.657214,1901,1
173,173,2495.668348,1912,1
174,174,2495.679486,1923,1
175,175,2495.690620,1934,1
176,176,2495.701757,1945,1
177,177,2495.712893,1956,1
178,178,2495.724027,1967,1
179,179,2495.735163,1978,1
180,180,2495.746299,1989,1
181,181,2495.757435,2000,1
182,182,2495.768572,2011,1
183,183,2495.779705,2022,1
184,184,2495.790841,2033,1
185,185,2495.801979,2044,1
186,186,2495.813113,2055,1
187,187,2495.824249,2066,1
188,188,2495.835387,2077,1
189,189,2495.846521,2088,1
190,190,2495.857657,2099,1
191,191,2495.868792,2110,1
192,192,2495.879930,2121,1
193,193,2495.891064,2132,1
194,194,2495.902200,2143,1
195,195,2495.912324,2153,1
196,196,2495.923460,2164,1
197,197,2495.934595,2175,1
198,198,2495.945731,2186,1
199,199,2495.956866,2197,1
200,200,2495.968002,2208,1
201,201,2495.979139,2219,1
202,202,2495.990274,2230,1
203,203,2496.001411,2241,1
204,204,2496.012547,2252,1
205,205,2496.023682,2263,1
206,206,2496.034817,2274,1
207,207,2496.045953,2285,1
208,208,2496.057099,2296,1
209,209,2496.068226,2307,1
210,210,2496.079359,2318,1
211,211,2496.090495,2329,1
212,212,2496.101631,2340,1
213,213,2496.112769,2351,1
214,214,2496.123903,2362,1
215,215,2496.135039,2373,1
216,216,2496.146175,2384,1
217,217,2496.157311,2395,1
218,218,2496.168447,2406,1
219,219,2496.179582,2417,1
220,220,2496.190717,2428,1
221,221,2496.201855,2439,1
222,222,2496.212988,2450,1
223,223,2496.224127,2461,1
224,224,2496.235262,2472,1
225,225,2496.246397,2483,1
226,226,2496.257532,2494,1
227,227,2496.268667,2505,1
228,228,2496.279804,2516,1
229,229,2496.290939,2527,1
230,230,2496.302076,2538,1
231,231,2496.313212,2549,1
232,232,2496.324348,2560,1
233,233,2496.335484,2571,1
234,234,2496.346619,2582,1
235,235,2496.357754,2593,1
236,236,2496.368890,2604,1
237,237,2496.380027,2615,1
238,238,2496.391163,2626,1
239,239,2496.402297,2637,1
240,240,2496.413433,2648,1
241,241,2496.424570,2659,1
242,242,2496.435707,2670,1
243,243,2496.446841,2681,1
244,244,2496.457977,2692,1
245,245,2496.469113,2703,1
246,246,2496.480249,2714,1
247,247,2496.491384,2725,1
248,248,2496.502519,2736,1
249,249,2496.513657,2747,1
250,250,2496.524790,2758,1
251,251,2496.535928,2769,1
252,252,2496.547064,2780,1
253,253,2496.558199,2791,1
254,254,2496.569335,2802,1
255,255,2496.580472,2813,1
256,256,2496.591608,2824,1
257,257,2496.602741,2835,1
258,258,2496.613877,2846,1
259,259,2496.625012,2857,1
260,260,2496.636151,2868,1
261,261,2496.647286,2879,1
262,262,2496.658420,2890,1
263,263,2496.669558,2901,1
264,264,2496.680694,2912,1
265,265,2496.691828,2923,1
266,266,2496.702964,2934,1
267,267,2496.714104,2945,1
268,268,2496.725234,2956,1
269,269,2496.736372,2967,1
270,270,2496.747507,2978,1
271,271,2496.758642,2989,1
272,272,2496.769777,3000,1
273,273,2496.780914,3011,1
274,274,2496.792049,3022,1
275,275,2496.803187,3033,1
276,276,2496.814323,3044,1
277,277,2496.825459,3055,1
278,278,2496.836592,3066,1
279,279,2496.847729,3077,1
280,280,2496.858866,3088,1
281,281,2496.870001,3099,1
282,282,2496.881138,3110,1
283,283,2496.892274,3121,1
284,284,2496.903409,3132,1
285,285,2496.914544,3143,1
286,286,2496.925681,3154,1
287,287,2496.936814,3165,1
288,288,2496.947953,3176,1
289,289,2496.959086,3187,1
290,290,2496.970222,3198,1
291,291,2496.981359,3209,1
292,292,2496.992495,3220,1
293,293,2497.003632,3231,1
294,294,2497.014765,3242,1
295,295,2497.025901,3253,1
296,296,2497.037037,3264,1
297,297,2497.048174,3275,1
298,298,2497.059308,3286,1
299,299,2497.070446,3297,1
300,300,2497.081580,3308,1
301,301,2497.092715,3319,1
302,302,2497.103853,3330,1
303,303,2497.114988,3341,1
304,304,2497.126122,3352,1
305,305,2497.137260,3363,1
306,306,2497.148396,3374,1
307,307,2497.159531,3385,1
308,308,2497.170667,3396,1
309,309,2497.181803,3407,1
310,310,2497.192937,3418,1
311,311,2497.204073,3429,1
312,312,2497.215211,3440,1
313,313,2497.226345,3451,1
314,314,2497.237482,3462,1
315,315,2497.248619,3473,1
316,316,2497.259754,3484,1
317,317,2497.270890,3495,1
318,318,2497.282026,3506,1
319,319,2497.293160,3517,1
320,320,2497.304295,3528,1
321,321,2497.315434,3539,1
322,322,2497.325556,3549,1
323,323,2497.336690,3560,1
324,324,2497.347828,3571,1
325,325,2497.358962,3582,1
326,326,2497.370104,3593,1
327,327,2497.381235,3604,1
328,328,2497.392369,3615,1
329,329,2497.403505,3626,1
330,330,2497.414642,3637,1
331,331,2497.425777,3648,1
332,332,2497.436914,3659,1
333,333,2497.448049,3670,1
334,334,2497.459186,3681,1
335,335,2497.470321,3692,1
336,336,2497.481457,3703,1
337,337,2497.492591,3714,1
338,338,2497.503727,3725,1
339,339,2497.514863,3736,1
340,340,2497.526001,3747,1
341,341,2497.537136,3758,1
342,342,2497.548272,3769,1
343,343,2497.559406,3780,1
344,344,2497.570541,3791,1
345,345,2497.581679,3802,1
346,346,2497.592813,3813,1
347,347,2497.603950,3824,1
348,348,2497.615098,3835,1
349,349,2497.626221,3846,1
350,350,2497.637359,3857,1
351,351,2497.648493,3868,1
352,352,2497.659628,3879,1
353,353,2497.670764,3890,1
354,354,2497.681900,3901,1
355,355,2497.693036,3912,1
356,356,2497.704171,3923,1
357,357,2497.715309,3934,1
358,358,2497.726442,3945,1
359,359,2497.737580,3956,1
360,360,2497.748714,3967,1
361,361,2497.759852,3978,1
362,362,2497.770987,3989,1
363,363,2497.782123,4000,1
364,364,2497.793257,4011,1
365,365,2497.804394,4022,1
366,366,2497.815529,4033,1
367,367,2497.826664,4044,1
368,368,2497.837802,4055,1
369,369,2497.848938,4066,1
370,370,2497.860073,4077,1
371,371,2497.871207,4088,1
372,372,2497.882344,4099,1
373,373,2497.893479,4110,1
374,374,2497.904616,4121,1
375,375,2497.915753,4132,1
376,376,2497.926889,4143,1
377,377,2497.938022,4154,1
378,378,2497.949159,4165,1
379,379,2497.960295,4176,1
380,380,2497.971431,4187,1
381,381,2497.982567,4198,1
382,382,2497.993701,4209,1
383,383,2498.004837,4220,1
384,384,2498.015973,4231,1
385,385,2498.027111,4242,1
386,386,2498.038246,4253,1
387,387,2498.049380,4264,1
388,388,2498.060516,4275,1
389,389,2498.071654,4286,1
390,390,2498.082790,4297,1
391,391,2498.093923,4308,1
392,392,2498.105060,4319,1
393,393,2498.116197,4330,1
394,394,2498.127332,4341,1
395,395,2498.138467,4352,1
396,396,2498.149605,4363,1
397,397,2498.160739,4374,1
398,398,2498.171876,4385,1
399,399,2498.183011,4396,1
400,400,2498.194147,4407,1
401,401,2498.205282,4418,1
402,402,2498.216419,4429,1
403,403,2498.227554,4440,1
404,404,2498.238691,4451,1
405,405,2498.249824,4462,1
406,406,2498.260960,4473,1
407,407,2498.272105,4484,1
408,408,2498.283231,4495,1
409,409,2498.294367,4506,1
410,410,2498.305504,4517,1
411,411,2498.316641,4528,1
412,412,2498.327775,4539,1
413,413,2498.338912,4550,1
414,414,2498.350048,4561,1
415,415,2498.361182,4572,1
416,416,2498.372317,4583,1
417,417,2498.383454,4594,1
418,418,2498.394589,4605,1
419,419,2498.405726,4616,1
420,420,2498.416862,4627,1
421,421,2498.427997,4638,1
422,422,2498.439134,4649,1
423,423,2498.450269,4660,1
424,424,2498.461406,4671,1
425,425,2498.472541,4682,1
426,426,2498.483677,4693,1
427,427,2498.494812,4704,1
428,428,2498.505948,4715,1
429,429,2498.517085,4726,1
430,430,2498.528220,4737,1
431,431,2498.539357,4748,1
432,432,2498.550492,4759,1
433,433,2498.561627,4770,1
434,434,2498.572764,4781,1
435,435,2498.583898,4792,1
436,436,2498.595035,4803,1
437,437,2498.606169,4814,1
438,438,2498.617305,4825,1
439,439,2498.628440,4836,1
440,440,2498.639577,4847,1
441,441,2498.650713,4858,1
442,442,2498.661848,4869,1
443,443,2498.672984,4880,1
444,444,2498.684120,4891,1
445,445,2498.695257,4902,1
446,446,2498.706391,4913,1
447,447,2498.717529,4924,1
448,448,2498.727650,4934,1
449,449,2498.738787,4945,1
450,450,2498.749924,4956,1
451,451,2498.761059,4967,1
452,452,2498.772195,4978,1
453,453,2498.783331,4989,1
454,454,2498.794467,5000,1
455,455,2498.805603,5011,1
456,456,2498.816738,5022,1
457,457,2498.827875,5033,1
458,458,2498.839011,5044,1
459,459,2498.850146,5055,1
460,460,2498.861280,5066,1
461,461,2498.872415,5077,1
462,462,2498.883551,5088,1
463,463,2498.894688,5099,1
464,464,2498.905825,5110,1
465,465,2498.916961,5121,1
466,466,2498.928102,5132,1
467,467,2498.939232,5143,1
468,468,2498.950368,5154,1
469,469,2498.961504,5165,1
470,470,2498.972638,5176,1
471,471,2498.983773,5187,1
472,472,2498.994911,5198,1
473,473,2499.006047,5209,1
474,474,2499.017181,5220,1
475,475,2499.028319,5231,1
476,476,2499.039454,5242,1
477,477,2499.050588,5253,1
478,478,2499.061724,5264,1
479,479,2499.072862,5275,1
480,480,2499.083995,5286,1
481,481,2499.095131,5297,1
482,482,2499.106268,5308,1
483,483,2499.117405,5319,1
484,484,2499.128541,5330,1
485,485,2499.139674,5341,1
486,486,2499.150810,5352,1
487,487,2499.161947,5363,1
488,488,2499.173084,5374,1
489,489,2499.184219,5385,1
490,490,2499.195353,5396,1
491,491,2499.206489,5407,1
492,492,2499.217625,5418,1
493,493,2499.228763,5429,1
494,494,2499.239898,5440,1
495,495,2499.251033,5451,1
496,496,2499.262170,5462,1
497,497,2499.273305,5473,1
498,498,2499.284439,5484,1
499,499,2499.295577,5495,1
500,500,2499.306712,5506,1
501,501,2499.317848,5517,1
502,502,2499.328985,5528,1
503,503,2499.340119,5539,1
504,504,2499.351254,5550,1
505,505,2499.362389,5561,1
506,506,2499.373526,5572,1
507,507,2499.384663,5583,1
508,508,2499.395799,5594,1
509,509,2499.406934,5605,1
510,510,2499.418070,5616,1
511,511,2499.429206,5627,1
512,512,2499.440340,5638,1
513,513,2499.451478,5649,1
514,514,2499.462612,5660,1
515,515,2499.473749,5671,1
516,516,2499.484885,5682,1
517,517,2499.496021,5693,1
518,518,2499.507155,5704,1
519,519,2499.518290,5715,1
520,520,2499.529429,5726,1
521,521,2499.540562,5737,1
522,522,2499.551699,5748,1
523,523,2499.562834,5759,1
524,524,2499.573972,5770,1
525,525,2499.585107,5781,1
526,526,2499.596242,5792,1
527,527,2499.607379,5803,1
528,528,2499.618513,5814,1
529,529,2499.629648,5825,1
530,530,2499.640785,5836,1
531,531,2499.651922,5847,1
532,532,2499.663058,5858,1
533,533,2499.674192,5869,1
534,534,2499.685327,5880,1
535,535,2499.696463,5891,1
536,536,2499.707600,5902,1
537,537,2499.718735,5913,1
538,538,2499.729872,5924,1
539,539,2499.741007,5935,1
540,540,2499.752142,5946,1
541,541,2499.763278,5957,1
542,542,2499.774415,5968,1
543,543,2499.785549,5979,1
544,544,2499.796685,5990,1
545,545,2499.807821,6001,1
546,546,2499.818959,6012,1
547,547,2499.830102,6023,1
548,548,2499.841228,6034,1
549,549,2499.852365,6045,1
550,550,2499.863502,6056,1
551,551,2499.874637,6067,1
552,552,2499.885771,6078,1
553,553,2499.896909,6089,1
554,554,2499.908045,6100,1
555,555,2499.919179,6111,1
556,556,2499.930314,6122,1
557,557,2499.941450,6133,1
558,558,2499.952588,6144,1
559,559,2499.963723,6155,1
560,560,2499.974858,6166,1
561,561,2499.985993,6177,1
562,562,2499.997131,6188,1
563,563,2500.008267,6199,1
564,564,2500.019402,6210,1
565,565,2500.030536,6221,1
566,566,2500.041674,6232,1
567,567,2500.052809,6243,1
568,568,2500.063945,6254,1
569,569,2500.075081,6265,1
570,570,2500.086215,6276,1
571,571,2500.097352,6287,1
572,572,2500.108488,6298,1
573,573,2500.119625,6309,1
574,574,2500.130758,6320,1
575,575,2500.140882,6330,1
576,576,2500.152017,6341,1
577,577,2500.163155,6352,1
578,578,2500.174290,6363,1
579,579,2500.185427,6374,1
580,580,2500.196561,6385,1
581,581,2500.207697,6396,1
582,582,2500.218833,6407,1
583,583,2500.229968,6418,1
584,584,2500.241105,6429,1
585,585,2500.252240,6440,1
586,586,2500.263378,6451,1
587,587,2500.274513,6462,1
588,588,2500.285649,6473,1
589,589,2500.296783,6484,1
590,590,2500.307919,6495,1
591,591,2500.319057,6506,1
592,592,2500.330190,6517,1
593,593,2500.341328,6528,1
594,594,2500.352462,6539,1
595,595,2500.363599,6550,1
596,596,2500.374733,6561,1
597,597,2500.385871,6572,1
598,598,2500.397006,6583,1
599,599,2500.408142,6594,1
600,600,2500.419277,6605,1
601,601,2500.430413,6616,1
602,602,2500.441548,6627,1
603,603,2500.452686,6638,1
604,604,2500.463819,6649,1
605,605,2500.474955,6660,1
606,606,2500.486108,6671,1
607,607,2500.497228,6682,1
608,608,2500.508363,6693,1
609,609,2500.519498,6704,1
610,610,2500.530635,6715,1
611,611,2500.541771,6726,1
612,612,2500.552908,6737,1
613,613,2500.564041,6748,1
614,614,2500.575179,6759,1
615,615,2500.586313,6770,1
616,616,2500.597450,6781,1
617,617,2500.608587,6792,1
618,618,2500.619722,6803,1
619,619,2500.630857,6814,1
620,620,2500.641992,6825,1
621,621,2500.653129,6836,1
622,622,2500.664265,6847,1
623,623,2500.675401,6858,1
624,624,2500.686537,6869,1
625,625,2500.697670,6880,1
626,626,2500.708808,6891,1
627,627,2500.719944,6902,1
628,628,2500.731080,6913,1
629,629,2500.742215,6924,1
630,630,2500.753351,6935,1
631,631,2500.764487,6946,1
632,632,2500.775622,6957,1
633,633,2500.786757,6968,1
634,634,2500.797894,6979,1
635,635,2500.809028,6990,1
636,636,2500.820166,7001,1
637,637,2500.831300,7012,1
638,638,2500.842435,7023,1
639,639,2500.853571,7034,1
640,640,2500.864708,7045,1
641,641,2500.875843,7056,1
642,-1,2500.886978,7067,1
643,642,2500.898114,7078,1
644,643,2500.909250,7089,1
645,644,2500.920386,7100,1
646,645,2500.931522,7111,1
647,646,2500.942659,7122,1
648,647,2500.953796,7133,1
649,648,2500.964930,7144,1
650,649,2500.976065,7155,1
651,650,2500.987202,7166,1
652,651,2500.998338,7177,1
653,652,2501.009475,7188,1
654,653,2501.020610,7199,1
655,654,2501.031746,7210,1
656,655,2501.042882,7221,1
657,656,2501.054017,7232,1
658,657,2501.065152,7243,1
659,658,2501.076288,7254,1
660,659,2501.087425,7265,1
661,660,2501.098560,7276,1
662,661,2501.109696,7287,1
663,662,2501.120832,7298,1
664,663,2501.131966,7309,1
665,664,2501.143104,7320,1
666,665,2501.154238,7331,1
667,666,2501.165373,7342,1
668,667,2501.176509,7353,1
669,668,2501.187647,7364,1
670,669,2501.198782,7375,1
671,670,2501.209918,7386,1
672,671,2501.221053,7397,1
673,672,2501.232189,7408,1
674,673,2501.243325,7419,1
675,674,2501.254461,7430,1
676,675,2501.265597,7441,1
677,676,2501.276731,7452,1
678,677,2501.287866,7463,1
679,678,2501.299003,7474,1
680,679,2501.310140,7485,1
681,680,2501.321274,7496,1
682,681,2501.332412,7507,1
683,682,2501.343548,7518,1
684,683,2501.354683,7529,1
685,684,2501.365818,7540,1
686,685,2501.376954,7551,1
687,686,2501.388100,7562,1
688,687,2501.399227,7573,1
689,688,2501.410361,7584,1
690,689,2501.421497,7595,1
691,690,2501.432634,7606,1
692,691,2501.443768,7617,1
693,692,2501.454905,7628,1
694,693,2501.466039,7639,1
695,694,2501.477176,7650,1
696,695,2501.488313,7661,1
697,696,2501.499446,7672,1
698,697,2501.510583,7683,1
699,698,2501.521720,7694,1
700,699,2501.532854,7705,1
701,700,2501.542977,7715,1
702,701,2501.554114,7726,1
703,702,2501.565250,7737,1
704,703,2501.576385,7748,1
705,704,2501.587522,7759,1
706,705,2501.598658,7770,1
707,706,2501.609794,7781,1
708,707,2501.620930,7792,1
709,708,2501.632065,7803,1
710,709,2501.643201,7814,1
711,710,2501.654336,7825,1
712,711,2501.665472,7836,1
713,712,2501.676608,7847,1
714,713,2501.687743,7858,1
715,714,2501.698878,7869,1
716,715,2501.710016,7880,1
717,716,2501.721149,7891,1
718,717,2501.732287,7902,1
719,718,2501.743423,7913,1
720,719,2501.754557,7924,1
721,720,2501.765692,7935,1
722,721,2501.776828,7946,1
723,722,2501.787966,7957,1
724,723,2501.799104,7968,1
725,724,2501.810236,7979,1
726,725,2501.821374,7990,1
727,726,2501.832510,8001,1
728,727,2501.843645,8012,1
729,728,2501.854779,8023,1
730,729,2501.865915,8034,1
731,730,2501.877050,8045,1
732,731,2501.888187,8056,1
733,732,2501.899324,8067,1
734,733,2501.910458,8078,1
735,734,2501.921594,8089,1
736,735,2501.932731,8100,1
737,736,2501.943867,8111,1
738,737,2501.955000,8122,1
739,738,2501.966136,8133,1
740,739,2501.977273,8144,1
741,740,2501.988408,8155,1
742,741,2501.999545,8166,1
743,742,2502.010681,8177,1
744,743,2502.021817,8188,1
745,744,2502.032951,8199,1
746,745,2502.044104,8210,1
747,746,2502.055223,8221,1
748,747,2502.066359,8232,1
749,748,2502.077494,8243,1
750,749,2502.088630,8254,1
751,750,2502.099765,8265,1
752,751,2502.110903,8276,1
753,752,2502.122039,8287,1
754,753,2502.133175,8298,1
755,754,2502.144310,8309,1
756,755,2502.155446,8320,1
757,756,2502.166582,8331,1
758,757,2502.177716,8342,1
759,758,2502.188853,8353,1
760,759,2502.199988,8364,1
761,760,2502.211125,8375,1
762,761,2502.222259,8386,1
763,762,2502.233397,8397,1
764,763,2502.244531,8408,1
765,764,2502.255667,8419,1
766,765,2502.266802,8430,1
767,766,2502.277940,8441,1
768,767,2502.289076,8452,1
769,768,2502.300211,8463,1
770,769,2502.311348,8474,1
771,770,2502.322481,8485,1
772,771,2502.333618,8496,1
773,772,2502.344753,8507,1
774,773,2502.355889,8518,1
775,774,2502.367025,8529,1
776,775,2502.378162,8540,1
777,776,2502.389296,8551,1
778,777,2502.400432,8562,1
779,778,2502.411567,8573,1
780,779,2502.422704,8584,1
781,780,2502.433841,8595,1
782,781,2502.444977,8606,1
783,782,2502.456113,8617,1
784,783,2502.467248,8628,1
785,784,2502.478384,8639,1
786,785,2502.489520,8650,1
787,786,2502.500654,8661,1
788,787,2502.511791,8672,1
789,788,2502.522927,8683,1
790,789,2502.534062,8694,1
791,790,2502.545197,8705,1
792,791,2502.556334,8716,1
793,792,2502.567470,8727,1
794,793,2502.578606,8738,1
795,794,2502.589742,8749,1
796,795,2502.600877,8760,1
797,796,2502.612013,8771,1
798,797,2502.623149,8782,1
799,798,2502.634285,8793,1
800,799,2502.645420,8804,1
801,800,2502.656556,8815,1
802,801,2502.667690,8826,1
803,802,2502.678827,8837,1
804,803,2502.689962,8848,1
805,804,2502.701103,8859,1
806,805,2502.712233,8870,1
807,806,2502.723371,8881,1
808,807,2502.734506,8892,1
809,808,2502.745640,8903,1
810,809,2502.756778,8914,1
811,810,2502.767913,8925,1
812,811,2502.779049,8936,1
813,812,2502.790185,8947,1
814,813,2502.801322,8958,1
815,814,2502.812457,8969,1
816,815,2502.823593,8980,1
817,816,2502.834727,8991,1
818,817,2502.845864,9002,1
819,818,2502.856998,9013,1
820,819,2502.868136,9024,1
821,820,2502.879271,9035,1
822,821,2502.890407,9046,1
823,822,2502.901544,9057,1
824,823,2502.912679,9068,1
825,824,2502.923815,9079,1
826,825,2502.934950,9090,1
827,826,2502.946084,9101,1
828,827,2502.956210,9111,1
829,828,2502.967344,9122,1
830,829,2502.978481,9133,1
831,830,2502.989618,9144,1
832,831,2503.000753,9155,1
833,832,2503.011888,9166,1
834,833,2503.023024,9177,1
835,834,2503.034160,9188,1
836,835,2503.045294,9199,1
837,836,2503.056431,9210,1
838,837,2503.067568,9221,1
839,838,2503.078704,9232,1
840,839,2503.089839,9243,1
841,840,2503.100975,9254,1
842,841,2503.112109,9265,1
843,842,2503.123246,9276,1
844,843,2503.134382,9287,1
845,844,2503.145519,9298,1
846,845,2503.156654,9309,1
847,846,2503.167789,9320,1
848,847,2503.178923,9331,1
849,848,2503.190060,9342,1
850,849,2503.201197,9353,1
851,850,2503.212330,9364,1
852,851,2503.223469,9375,1
853,852,2503.234604,9386,1
854,853,2503.245739,9397,1
855,854,2503.256876,9408,1
856,855,2503.268011,9419,1
857,856,2503.279146,9430,1
858,857,2503.290283,9441,1
859,858,2503.301417,9452,1
860,859,2503.312554,9463,1
861,860,2503.323690,9474,1
862,861,2503.334826,9485,1
863,862,2503.345961,9496,1
864,863,2503.357105,9507,1
865,864,2503.368234,9518,1
866,865,2503.379367,9529,1
867,866,2503.390503,9540,1
868,867,2503.401641,9551,1
869,868,2503.412776,9562,1
870,869,2503.423913,9573,1
871,870,2503.435047,9584,1
872,871,2503.446183,9595,1
873,872,2503.457318,9606,1
874,873,2503.468454,9617,1
875,874,2503.479592,9628,1
876,875,2503.490727,9639,1
877,876,2503.501861,9650,1
878,877,2503.512997,9661,1
879,878,2503.524132,9672,1
880,879,2503.535268,9683,1
881,880,2503.546406,9694,1
882,881,2503.557542,9705,1
883,882,2503.568676,9716,1
884,883,2503.579813,9727,1
885,884,2503.590948,9738,1
886,885,2503.602083,9749,1
887,886,2503.613220,9760,1
888,887,2503.624354,9771,1
889,888,2503.635490,9782,1
890,889,2503.646627,9793,1
891,890,2503.657763,9804,1
892,891,2503.668899,9815,1
893,892,2503.680034,9826,1
894,893,2503.691171,9837,1
895,894,2503.702306,9848,1
896,895,2503.713442,9859,1
897,896,2503.724577,9870,1
898,897,2503.735712,9881,1
899,898,2503.746848,9892,1
900,899,2503.757985,9903,1
901,900,2503.769121,9914,1
902,901,2503.780255,9925,1
903,902,2503.791391,9936,1
904,903,2503.802528,9947,1
905,904,2503.813663,9958,1
906,905,2503.824800,9969,1
907,906,2503.835935,9980,1
908,907,2503.847072,9991,1
909,908,2503.858207,10002,1
910,909,2503.869343,10013,1
911,910,2503.880478,10024,1
912,911,2503.891613,10035,1
913,912,2503.902748,10046,1
914,913,2503.913884,10057,1
915,914,2503.925021,10068,1
916,915,2503.936157,10079,1
917,916,2503.947292,10090,1
918,917,2503.958430,10101,1
919,918,2503.969565,10112,1
920,919,2503.980699,10123,1
921,920,2503.991836,10134,1
922,921,2504.002973,10145,1
923,922,2504.014108,10156,1
924,923,2504.025242,10167,1
925,924,2504.036378,10178,1
926,925,2504.047515,10189,1
927,926,2504.058651,10200,1
928,927,2504.069786,10211,1
929,928,2504.080921,10222,1
930,929,2504.092058,10233,1
931,930,2504.103193,10244,1
932,931,2504.114328,10255,1
933,932,2504.125465,10266,1
934,933,2504.136601,10277,1
935,934,2504.147737,10288,1
936,935,2504.158873,10299,1
937,936,2504.170007,10310,1
938,937,2504.181143,10321,1
939,938,2504.192281,10332,1
940,939,2504.203416,10343,1
941,940,2504.214551,10354,1
942,941,2504.225688,10365,1
943,942,2504.236824,10376,1
944,943,2504.247957,10387,1
945,944,2504.259103,10398,1
946,945,2504.270230,10409,1
947,946,2504.281367,10420,1
948,947,2504.292501,10431,1
949,948,2504.303638,10442,1
950,949,2504.314775,10453,1
951,950,2504.325910,10464,1
952,951,2504.337043,10475,1
953,952,2504.348182,10486,1
954,953,2504.359315,10497,1
955,954,2504.369440,10507,1
956,955,2504.380575,10518,1
957,956,2504.391710,10529,1
958,957,2504.402846,10540,1
959,958,2504.413982,10551,1
960,959,2504.425120,10562,1
961,960,2504.436256,10573,1
962,961,2504.447391,10584,1
963,962,2504.458527,10595,1
964,963,2504.469662,10606,1
965,964,2504.480797,10617,1
966,965,2504.491933,10628,1
967,966,2504.503070,10639,1
968,967,2504.514203,10650,1
969,968,2504.525340,10661,1
970,969,2504.536475,10672,1
971,970,2504.547611,10683,1
972,971,2504.558747,10694,1
973,972,2504.569885,10705,1
974,973,2504.581019,10716,1
975,974,2504.592157,10727,1
976,975,2504.603290,10738,1
977,976,2504.614426,10749,1
978,977,2504.625561,10760,1
979,978,2504.636698,10771,1
980,979,2504.647833,10782,1
981,980,2504.658969,10793,1
982,981,2504.670105,10804,1
983,982,2504.681241,10815,1
984,983,2504.692378,10826,1
985,984,2504.703512,10837,1
986,985,2504.714649,10848,1
987,986,2504.725783,10859,1
988,987,2504.736920,10870,1
989,988,2504.748056,10881,1
990,989,2504.759191,10892,1
991,990,2504.770328,10903,1
992,991,2504.781462,10914,1
993,992,2504.792600,10925,1
994,993,2504.803736,10936,1
995,994,2504.814872,10947,1
996,995,2504.826007,10958,1
997,996,2504.837143,10969,1
998,997,2504.848279,10980,1
999,998,2504.859414,10991,1
1000,999,2504.870550,11002,1
1001,1000,2504.881684,11013,1
1002,1001,2504.892822,11024,1
1003,1002,2504.903957,11035,1
1004,1003,2504.915100,11046,1
1005,1004,2504.926229,11057,1
1006,1005,2504.937365,11068,1
1007,1006,2504.948501,11079,1
1008,1007,2504.959637,11090,1
1009,1008,2504.970771,11101,1
1010,1009,2504.981908,11112,1
1011,1010,2504.993044,11123,1
1012,1011,2505.004179,11134,1
1013,1012,2505.015314,11145,1
1014,1013,2505.026449,11156,1
1015,1014,2505.037585,11167,1
1016,1015,2505.048721,11178,1
1017,1016,2505.059856,11189,1
1018,1017,2505.070994,11200,1
1019,1018,2505.082129,11211,1
1020,1019,2505.093264,11222,1
1021,1020,2505.104401,11233,1
1022,1021,2505.115538,11244,1
1023,1022,2505.126672,11255,1
1024,1023,2505.137808,11266,1
1025,1024,2505.148945,11277,1
1026,1025,2505.160081,11288,1
1027,1026,2505.171216,11299,1
1028,1027,2505.182352,11310,1
1029,1028,2505.193488,11321,1
1030,1029,2505.204624,11332,1
1031,1030,2505.215757,11343,1
1032,1031,2505.226895,11354,1
1033,1032,2505.238029,11365,1
1034,1033,2505.249166,11376,1
1035,1034,2505.260301,11387,1
1036,1035,2505.271436,11398,1
1037,1036,2505.282573,11409,1
1038,1037,2505.293707,11420,1
1039,1038,2505.304845,11431,1
1040,1039,2505.315980,11442,1
1041,1040,2505.327116,11453,1
1042,1041,2505.338253,11464,1
1043,1042,2505.349387,11475,1
1044,1043,2505.360522,11486,1
1045,1044,2505.371659,11497,1
1046,1045,2505.382795,11508,1
1047,1046,2505.393931,11519,1
1048,1047,2505.405068,11530,1
1049,1048,2505.416203,11541,1
1050,1049,2505.427337,11552,1
1051,1050,2505.438473,11563,1
1052,1051,2505.449611,11574,1
1053,1052,2505.460747,11585,1
1054,1053,2505.471880,11596,1
1055,1054,2505.483018,11607,1
1056,1055,2505.494152,11618,1
1057,1056,2505.505287,11629,1
1058,1057,2505.516424,11640,1
1059,1058,2505.527560,11651,1
1060,1059,2505.538695,11662,1
1061,1060,2505.549830,11673,1
1062,1061,2505.560968,11684,1
1063,1062,2505.572104,11695,1
1064,1063,2505.583239,11706,1
1065,1064,2505.594374,11717,1
1066,1065,2505.605511,11728,1
1067,1066,2505.616645,11739,1
1068,1067,2505.627783,11750,1
1069,1068,2505.638919,11761,1
1070,1069,2505.650052,11772,1
1071,1070,2505.661189,11783,1
1072,1071,2505.672326,11794,1
1073,1072,2505.683461,11805,1
1074,1073,2505.694597,11816,1
1075,1074,2505.705733,11827,1
1076,1075,2505.716923,11838,1
1077,1076,2505.728003,11849,1
1078,1077,2505.739141,11860,1
1079,1078,2505.750274,11871,1
1080,1079,2505.761410,11882,1
1081,1080,2505.771536,11892,1
1082,1081,2505.782670,11903,1
1083,1082,2505.793805,11914,1
1084,1083,2505.804943,11925,1
1085,1084,2505.816076,11936,1
1086,1085,2505.827215,11947,1
1087,1086,2505.838349,11958,1
1088,1087,2505.849486,11969,1
1089,1088,2505.860620,11980,1
1090,1089,2505.871757,11991,1
1091,1090,2505.882893,12002,1
1092,1091,2505.894027,12013,1
1093,1092,2505.905165,12024,1
1094,1093,2505.916301,12035,1
1095,1094,2505.927434,12046,1
1096,1095,2505.938571,12057,1
1097,1096,2505.949708,12068,1
1098,1097,2505.960842,12079,1
1099,1098,2505.971979,12090,1
1100,1099,2505.983115,12101,1
1101,1100,2505.994249,12112,1
1102,1101,2506.005387,12123,1
1103,1102,2506.016522,12134,1
1104,1103,2506.027657,12145,1
1105,1104,2506.038792,12156,1
1106,1105,2506.049929,12167,1
1107,1106,2506.061064,12178,1
1108,1107,2506.072202,12189,1
1109,1108,2506.083337,12200,1
1110,1109,2506.094471,12211,1
1111,1110,2506.105608,12222,1
1112,1111,2506.116742,12233,1
1113,1112,2506.127878,12244,1
1114,1113,2506.139014,12255,1
1115,1114,2506.150150,12266,1
1116,1115,2506.161286,12277,1
1117,1116,2506.172423,12288,1
1118,1117,2506.183559,12299,1
1119,1118,2506.194693,12310,1
1120,1119,2506.205830,12321,1
1121,1120,2506.216966,12332,1
1122,1121,2506.228103,12343,1
1123,1122,2506.239237,12354,1
1124,1123,2506.250372,12365,1
1125,1124,2506.261508,12376,1
1126,1125,2506.272643,12387,1
1127,1126,2506.283781,12398,1
1128,1127,2506.294917,12409,1
1129,1128,2506.306053,12420,1
1130,1129,2506.317188,12431,1
1131,1130,2506.328324,12442,1
1132,1131,2506.339460,12453,1
1133,1132,2506.350595,12464,1
1134,1133,2506.361730,12475,1
1135,1134,2506.372867,12486,1
1136,1135,2506.384002,12497,1
1137,1136,2506.395139,12508,1
1138,1137,2506.406273,12519,1
1139,1138,2506.417408,12530,1
1140,1139,2506.428546,12541,1
1141,1140,2506.439682,12552,1
1142,1141,2506.450816,12563,1
1143,1142,2506.461954,12574,1
1144,1143,2506.473098,12585,1
1145,1144,2506.484223,12596,1
1146,1145,2506.495358,12607,1
1147,1146,2506.506497,12618,1
1148,1147,2506.517631,12629,1
1149,1148,2506.528767,12640,1
1150,1149,2506.539903,12651,1
1151,1150,2506.551039,12662,1
1152,1151,2506.562175,12673,1
1153,1152,2506.573309,12684,1
1154,1153,2506.584446,12695,1
1155,1154,2506.595583,12706,1
1156,1155,2506.606716,12717,1
1157,1156,2506.617853,12728,1
1158,1157,2506.628990,12739,1
1159,1158,2506.640123,12750,1
1160,1159,2506.651261,12761,1
1161,1160,2506.662395,12772,1
1162,1161,2506.673531,12783,1
1163,1162,2506.684669,12794,1
1164,1163,2506.695803,12805,1
1165,1164,2506.706940,12816,1
1166,1165,2506.718076,12827,1
1167,1166,2506.729210,12838,1
1168,1167,2506.740348,12849,1
1169,1168,2506.751481,12860,1
1170,1169,2506.762617,12871,1
1171,1170,2506.773755,12882,1
1172,1171,2506.784889,12893,1
1173,1172,2506.796026,12904,1
1174,1173,2506.807161,12915,1
1175,1174,2506.818296,12926,1
1176,1175,2506.829431,12937,1
1177,1176,2506.840567,12948,1
1178,1177,2506.851704,12959,1
1179,1178,2506.862841,12970,1
1180,1179,2506.873975,12981,1
1181,1180,2506.885112,12992,1
1182,1181,2506.896248,13003,1
1183,1182,2506.907385,13014,1
1184,1183,2506.918519,13025,1
1185,1184,2506.929656,13036,1
1186,1185,2506.940789,13047,1
1187,1186,2506.951925,13058,1
1188,1187,2506.963063,13069,1
1189,1188,2506.974196,13080,1
1190,1189,2506.985334,13091,1
1191,1190,2506.996471,13102,1
1192,1191,2507.007606,13113,1
1193,1192,2507.018740,13124,1
1194,1193,2507.029875,13135,1
1195,1194,2507.041011,13146,1
1196,1195,2507.052147,13157,1
1197,1196,2507.063285,13168,1
1198,1197,2507.074419,13179,1
1199,1198,2507.085554,13190,1
1200,1199,2507.096691,13201,1
1201,1200,2507.107828,13212,1
1202,1201,2507.118964,13223,1
1203,1202,2507.130104,13234,1
1204,1203,2507.141234,13245,1
1205,1204,2507.152369,13256,1
1206,1205,2507.163505,13267,1
1207,1206,2507.174641,13278,1
1208,1207,2507.184766,13288,1
1209,1208,2507.195900,13299,1
1210,1209,2507.207037,13310,1
1211,1210,2507.218173,13321,1
1212,1211,2507.229308,13332,1
1213,1212,2507.240443,13343,1
1214,1213,2507.251578,13354,1
1215,1214,2507.262714,13365,1
1216,1215,2507.273850,13376,1
1217,1216,2507.284988,13387,1
1218,1217,2507.296122,13398,1
1219,1218,2507.307260,13409,1
1220,1219,2507.318395,13420,1
1221,1220,2507.329531,13431,1
1222,1221,2507.340666,13442,1
1223,1222,2507.351801,13453,1
1224,1223,2507.362937,13464,1
1225,1224,2507.374073,13475,1
1226,1225,2507.385208,13486,1
1227,1226,2507.396344,13497,1
1228,1227,2507.407482,13508,1
1229,1228,2507.418617,13519,1
1230,1229,2507.429753,13530,1
1231,1230,2507.440889,13541,1
1232,1231,2507.452023,13552,1
1233,1232,2507.463160,13563,1
1234,1233,2507.474296,13574,1
1235,1234,2507.485429,13585,1
1236,1235,2507.496567,13596,1
1237,1236,2507.507702,13607,1
1238,1237,2507.518837,13618,1
1239,1238,2507.529975,13629,1
1240,1239,2507.541109,13640,1
1241,1240,2507.552246,13651,1
1242,1241,2507.563381,13662,1
1243,1242,2507.574518,13673,1
1244,1243,2507.585651,13684,1
1245,1244,2507.596787,13695,1
1246,1245,2507.607925,13706,1
1247,1246,2507.619060,13717,1
1248,1247,2507.630195,13728,1
1249,1248,2507.641332,13739,1
1250,1249,2507.652467,13750,1
1251,1250,2507.663604,13761,1
1252,1251,2507.674738,13772,1
1253,1252,2507.685876,13783,1
1254,1253,2507.697011,13794,1
1255,1254,2507.708147,13805,1
1256,1255,2507.719283,13816,1
1257,1256,2507.730417,13827,1
1258,1257,2507.741552,13838,1
1259,1258,2507.752688,13849,1
1260,1259,2507.763826,13860,1
1261,1260,2507.774962,13871,1
1262,1261,2507.786107,13882,1
1263,1262,2507.797233,13893,1
1264,1263,2507.808369,13904,1
1265,1264,2507.819505,13915,1
1266,1265,2507.830640,13926,1
1267,1266,2507.841775,13937,1
1268,1267,2507.852910,13948,1
1269,1268,2507.864048,13959,1
1270,1269,2507.875183,13970,1
1271,1270,2507.886317,13981,1
1272,1271,2507.897455,13992,1
1273,1272,2507.908590,14003,1
1274,1273,2507.919727,14014,1
1275,1274,2507.930863,14025,1
1276,1275,2507.941997,14036,1
1277,1276,2507.953132,14047,1
1278,1277,2507.964269,14058,1
1279,1278,2507.975405,14069,1
1280,1279,2507.986539,14080,1
1281,1280,2507.997677,14091,1
1282,1281,2508.008812,14102,1
1283,1282,2508.019949,14113,1
1284,1283,2508.031085,14124,1
1285,1284,2508.042220,14135,1
1286,1285,2508.053354,14146,1
1287,1286,2508.064492,14157,1
1288,1287,2508.075628,14168,1
1289,1288,2508.086762,14179,1
1290,1289,2508.097899,14190,1
1291,1290,2508.109034,14201,1
1292,1291,2508.120170,14212,1
1293,1292,2508.131307,14223,1
1294,1293,2508.142442,14234,1
1295,1294,2508.153577,14245,1
1296,1295,2508.164713,14256,1
1297,1296,2508.175849,14267,1
1298,1297,2508.186983,14278,1
1299,1298,2508.198120,14289,1
1300,1299,2508.209257,14300,1
1301,1300,2508.220393,14311,1
1302,1301,2508.231526,14322,1
1303,1302,2508.242663,14333,1
1304,1303,2508.253798,14344,1
1305,1304,2508.264936,14355,1
1306,1305,2508.276069,14366,1
1307,1306,2508.287206,14377,1
1308,1307,2508.298341,14388,1
1309,1308,2508.309477,14399,1
1310,1309,2508.320614,14410,1
1311,1310,2508.331749,14421,1
1312,1311,2508.342885,14432,1
1313,1312,2508.354021,14443,1
1314,1313,2508.365155,14454,1
1315,1314,2508.376291,14465,1
1316,1315,2508.387428,14476,1
1317,1316,2508.398564,14487,1
1318,1317,2508.409699,14498,1
1319,1318,2508.420836,14509,1
1320,1319,2508.431972,14520,1
1321,1320,2508.443108,14531,1
1322,1321,2508.454242,14542,1
1323,1322,2508.465378,14553,1
1324,1323,2508.476514,14564,1
1325,1324,2508.487649,14575,1
1326,1325,2508.498786,14586,1
1327,1326,2508.509922,14597,1
1328,1327,2508.521058,14608,1
1329,1328,2508.532192,14619,1
1330,1329,2508.543330,14630,1
1331,1330,2508.554464,14641,1
1332,1331,2508.565601,14652,1
1333,1332,2508.576735,14663,1
1334,1333,2508.587872,14674,1
1335,1334,2508.597995,14684,1
1336,1335,2508.609131,14695,1
1337,1336,2508.620266,14706,1
1338,1337,2508.631403,14717,1
1339,1338,2508.642539,14728,1
1340,1339,2508.653675,14739,1
1341,1340,2508.664809,14750,1
1342,1341,2508.675946,14761,1
1343,1342,2508.687081,14772,1
1344,1343,2508.698216,14783,1
1345,1344,2508.709352,14794,1
1346,1345,2508.720489,14805,1
1347,1346,2508.731625,14816,1
1348,1347,2508.742760,14827,1
1349,1348,2508.753895,14838,1
1350,1349,2508.765032,14849,1
1351,1350,2508.776168,14860,1
1352,1351,2508.787303,14871,1
1353,1352,2508.798438,14882,1
1354,1353,2508.809575,14893,1
1355,1354,2508.820710,14904,1
1356,1355,2508.831848,14915,1
1357,1356,2508.842982,14926,1
1358,1357,2508.854118,14937,1
1359,1358,2508.865255,14948,1
1360,1359,2508.876389,14959,1
1361,1360,2508.887524,14970,1
1362,1361,2508.898661,14981,1
1363,1362,2508.909798,14992,1
1364,1363,2508.920931,15003,1
1365,1364,2508.932067,15014,1
1366,1365,2508.943204,15025,1
1367,1366,2508.954339,15036,1
1368,1367,2508.965476,15047,1
1369,1368,2508.976612,15058,1
1370,1369,2508.987748,15069,1
1371,1370,2508.998883,15080,1
1372,1371,2509.010020,15091,1
1373,1372,2509.021154,15102,1
1374,1373,2509.032289,15113,1
1375,1374,2509.043425,15124,1
1376,1375,2509.054563,15135,1
1377,1376,2509.065697,15146,1
1378,1377,2509.076834,15157,1
1379,1378,2509.087969,15168,1
1380,1379,2509.099105,15179,1
1381,1380,2509.110241,15190,1
1382,1381,2509.121375,15201,1
1383,1382,2509.132511,15212,1
1384,1383,2509.143647,15223,1
1385,1384,2509.154782,15234,1
1386,1385,2509.165920,15245,1
1387,1386,2509.177057,15256,1
1388,1387,2509.188190,15267,1
1389,1388,2509.199327,15278,1
1390,1389,2509.210462,15289,1
1391,1390,2509.221598,15300,1
1392,1391,2509.232734,15311,1
1393,1392,2509.243870,15322,1
1394,1393,2509.255005,15333,1
1395,1394,2509.266142,15344,1
1396,1395,2509.277276,15355,1
1397,1396,2509.288414,15366,1
1398,1397,2509.299547,15377,1
1399,1398,2509.310683,15388,1
1400,1399,2509.321819,15399,1
1401,1400,2509.332955,15410,1
1402,1401,2509.344106,15421,1
1403,1402,2509.355226,15432,1
1404,1403,2509.366364,15443,1
1405,1404,2509.377500,15454,1
1406,1405,2509.388636,15465,1
1407,1406,2509.399772,15476,1
1408,1407,2509.410907,15487,1
1409,1408,2509.422042,15498,1
1410,1409,2509.433177,15509,1
1411,1410,2509.444313,15520,1
1412,1411,2509.455448,15531,1
1413,1412,2509.466586,15542,1
1414,1413,2509.477721,15553,1
1415,1414,2509.488856,15564,1
1416,1415,2509.499991,15575,1
1417,1416,2509.511129,15586,1
1418,1417,2509.522263,15597,1
1419,1418,2509.533400,15608,1
1420,1419,2509.544534,15619,1
1421,1420,2509.555670,15630,1
1422,1421,2509.566808,15641,1
1423,1422,2509.577943,15652,1
1424,1423,2509.589079,15663,1
1425,1424,2509.600215,15674,1
1426,1425,2509.611349,15685,1
1427,1426,2509.622486,15696,1
1428,1427,2509.633622,15707,1
1429,1428,2509.644756,15718,1
1430,1429,2509.655894,15729,1
1431,1430,2509.667031,15740,1
1432,1431,2509.678163,15751,1
1433,1432,2509.689300,15762,1
1434,1433,2509.700436,15773,1
1435,1434,2509.711571,15784,1
1436,1435,2509.722708,15795,1
1437,1436,2509.733842,15806,1
1438,1437,2509.744978,15817,1
1439,1438,2509.756115,15828,1
1440,1439,2509.767251,15839,1
1441,1440,2509.778388,15850,1
1442,1441,2509.789523,15861,1
1443,1442,2509.800657,15872,1
1444,1443,2509.811794,15883,1
1445,1444,2509.822931,15894,1
1446,1445,2509.834065,15905,1
1447,1446,2509.845201,15916,1
1448,1447,2509.856335,15927,1
1449,1448,2509.867471,15938,1
1450,1449,2509.878609,15949,1
1451,1450,2509.889745,15960,1
1452,1451,2509.900880,15971,1
1453,1452,2509.912016,15982,1
1454,1453,2509.923152,15993,1
1455,1454,2509.934288,16004,1
1456,1455,2509.945424,16015,1
1457,1456,2509.956559,16026,1
1458,1457,2509.967694,16037,1
1459,1458,2509.978829,16048,1
1460,1459,2509.989967,16059,1
1461,1460,2510.000101,16069,1
1462,1461,2510.011224,16080,1
1463,1462,2510.022362,16091,1
1464,1463,2510.033496,16102,1
1465,1464,2510.044633,16113,1
1466,1465,2510.055767,16124,1
1467,1466,2510.066904,16135,1
1468,1467,2510.078039,16146,1
1469,1468,2510.089175,16157,1
1470,1469,2510.100312,16168,1
1471,1470,2510.111447,16179,1
1472,1471,2510.122584,16190,1
1473,1472,2510.133717,16201,1
1474,1473,2510.144855,16212,1
1475,1474,2510.155991,16223,1
1476,1475,2510.167126,16234,1
1477,1476,2510.178260,16245,1
1478,1477,2510.189397,16256,1
1479,1478,2510.200532,16267,1
1480,1479,2510.211668,16278,1
1481,1480,2510.222804,16289,1
1482,1481,2510.233939,16300,1
1483,1482,2510.245077,16311,1
1484,1483,2510.256211,16322,1
1485,1484,2510.267349,16333,1
1486,1485,2510.278484,16344,1
1487,1486,2510.289618,16355,1
1488,1487,2510.300754,16366,1
1489,1488,2510.311890,16377,1
1490,1489,2510.323027,16388,1
1491,1490,2510.334162,16399,1
1492,1491,2510.345298,16410,1
1493,1492,2510.356433,16421,1
1494,1493,2510.367571,16432,1
1495,1494,2510.378706,16443,1
1496,1495,2510.389841,16454,1
1497,1496,2510.400977,16465,1
1498,1497,2510.412113,16476,1
1499,1498,2510.423247,16487,1
1500,1499,2510.434385,16498,1
1501,1500,2510.445519,16509,1
1502,1501,2510.456655,16520,1
1503,1502,2510.467791,16531,1
1504,1503,2510.478928,16542,1
1505,1504,2510.490062,16553,1
1506,1505,2510.501198,16564,1
1507,1506,2510.512336,16575,1
1508,1507,2510.523469,16586,1
1509,1508,2510.534605,16597,1
1510,1509,2510.545743,16608,1
1511,1510,2510.556879,16619,1
1512,1511,2510.568014,16630,1
1513,1512,2510.579150,16641,1
1514,1513,2510.590285,16652,1
1515,1514,2510.601421,16663,1
1516,-1,2510.612556,16674,1
1517,1515,2510.623692,16685,1
1518,1516,2510.634827,16696,1
1519,1517,2510.645963,16707,1
1520,1518,2510.657105,16718,1
1521,1519,2510.668237,16729,1
1522,1520,2510.679373,16740,1
1523,1521,2510.690506,16751,1
1524,1522,2510.701643,16762,1
1525,1523,2510.712780,16773,1
1526,1524,2510.723915,16783,1
1527,1525,2510.735050,16794,1
1528,1526,2510.746185,16805,1
1529,1527,2510.757322,16816,1
1530,1528,2510.768458,16827,1
1531,1529,2510.779593,16838,1
1532,1530,2510.790728,16849,1
1533,1531,2510.801863,16860,1
1534,1532,2510.813001,16871,1
1535,1533,2510.824135,16882,1
1536,1534,2510.835271,16893,1
1537,1535,2510.846407,16904,1
1538,1536,2510.857544,16915,1
1539,1537,2510.868680,16926,1
1540,1538,2510.879815,16937,1
1541,1539,2510.890950,16948,1
1542,1540,2510.902087,16959,1
1543,1541,2510.913223,16970,1
1544,1542,2510.924358,16981,1
1545,1543,2510.935494,16992,1
1546,1544,2510.946630,17003,1
1547,1545,2510.957767,17014,1
1548,1546,2510.968900,17025,1
1549,1547,2510.980037,17036,1
1550,1548,2510.991171,17047,1
1551,1549,2511.002309,17058,1
1552,1550,2511.013444,17069,1
1553,1551,2511.024580,17080,1
1554,1552,2511.035717,17091,1
1555,1553,2511.046850,17102,1
1556,1554,2511.057988,17113,1
1557,1555,2511.069124,17124,1
1558,1556,2511.080260,17135,1
1559,1557,2511.091395,17146,1
1560,1558,2511.102531,17157,1
1561,1559,2511.113666,17168,1
1562,1560,2511.124802,17179,1
1563,1561,2511.135936,17190,1
1564,1562,2511.147072,17201,1
1565,1563,2511.158209,17212,1
1566,1564,2511.169346,17223,1
1567,1565,2511.180481,17234,1
1568,1566,2511.191616,17245,1
1569,1567,2511.202752,17256,1
1570,1568,2511.213888,17267,1
1571,1569,2511.225024,17278,1
1572,1570,2511.236159,17289,1
1573,1571,2511.247294,17300,1
1574,1572,2511.258431,17311,1
1575,1573,2511.269565,17322,1
1576,1574,2511.280702,17333,1
1577,1575,2511.291840,17344,1
1578,1576,2511.302974,17355,1
1579,1577,2511.314111,17366,1
1580,1578,2511.325246,17377,1
1581,1579,2511.336382,17388,1
1582,1580,2511.347517,17399,1
1583,1581,2511.358654,17410,1
1584,1582,2511.369787,17421,1
1585,1583,2511.380925,17432,1
1586,1584,2511.392061,17443,1
1587,1585,2511.403197,17454,1
1588,1586,2511.413320,17464,1
1589,1587,2511.424456,17475,1
1590,1588,2511.435591,17486,1
1591,1589,2511.446728,17497,1
1592,1590,2511.457863,17508,1
1593,1591,2511.468998,17519,1
1594,1592,2511.480135,17530,1
1595,1593,2511.491269,17541,1
1596,1594,2511.502405,17552,1
1597,1595,2511.513541,17563,1
1598,1596,2511.524678,17574,1
1599,1597,2511.535813,17585,1
1600,1598,2511.546949,17596,1
1601,1599,2511.558083,17607,1
1602,1600,2511.569219,17618,1
1603,1601,2511.580357,17629,1
1604,1602,2511.591491,17640,1
1605,1603,2511.602626,17651,1
1606,1604,2511.613764,17662,1
1607,1605,2511.624898,17673,1
1608,1606,2511.636035,17684,1
1609,1607,2511.647170,17695,1
1610,1608,2511.658305,17706,1
1611,1609,2511.669443,17717,1
1612,1610,2511.680579,17728,1
1613,1611,2511.691714,17739,1
1614,1612,2511.702849,17750,1
1615,1613,2511.713986,17761,1
1616,1614,2511.725121,17772,1
1617,1615,2511.736257,17783,1
1618,1616,2511.747394,17794,1
1619,1617,2511.758528,17805,1
1620,1618,2511.769664,17816,1
1621,1619,2511.780798,17827,1
1622,1620,2511.791936,17838,1
1623,1621,2511.803071,17849,1
1624,1622,2511.814205,17860,1
1625,1623,2511.825342,17871,1
1626,1624,2511.836479,17882,1
1627,1625,2511.847615,17893,1
1628,1626,2511.858749,17904,1
1629,1627,2511.869886,17915,1
1630,1628,2511.881020,17926,1
1631,1629,2511.892158,17937,1
1632,1630,2511.903293,17948,1
1633,1631,2511.914427,17959,1
1634,1632,2511.925565,17970,1
1635,1633,2511.936699,17981,1
1636,1634,2511.947835,17992,1
1637,1635,2511.958970,18003,1
1638,1636,2511.970108,18014,1
1639,1637,2511.981243,18025,1
1640,1638,2511.992378,18036,1
1641,1639,2512.003513,18047,1
1642,1640,2512.014651,18058,1
1643,1641,2512.025787,18069,1
1644,1642,2512.036923,18080,1
1645,1643,2512.048060,18091,1
1646,1644,2512.059195,18102,1
1647,1645,2512.070330,18113,1
1648,1646,2512.081466,18124,1
1649,1647,2512.092601,18135,1
1650,1648,2512.103736,18146,1
1651,1649,2512.114873,18157,1
1652,1650,2512.126009,18168,1
1653,1651,2512.137143,18179,1
1654,1652,2512.148278,18190,1
1655,1653,2512.159415,18201,1
1656,1654,2512.170552,18212,1
1657,1655,2512.181688,18223,1
1658,1656,2512.192823,18234,1
1659,1657,2512.203959,18245,1
1660,1658,2512.215102,18256,1
1661,1659,2512.226231,18267,1
1662,1660,2512.237367,18278,1
1663,1661,2512.248501,18289,1
1664,1662,2512.259638,18300,1
1665,1663,2512.270773,18311,1
1666,1664,2512.281908,18322,1
1667,1665,2512.293045,18333,1
1668,1666,2512.304181,18344,1
1669,1667,2512.315316,18355,1
1670,1668,2512.326452,18366,1
1671,1669,2512.337587,18377,1
1672,1670,2512.348723,18388,1
1673,1671,2512.359860,18399,1
1674,1672,2512.370996,18410,1
1675,1673,2512.382131,18421,1
1676,1674,2512.393268,18432,1
1677,1675,2512.404402,18443,1
1678,1676,2512.415539,18454,1
1679,1677,2512.426672,18465,1
1680,1678,2512.437810,18476,1
1681,1679,2512.448944,18487,1
1682,1680,2512.460082,18498,1
1683,1681,2512.471217,18509,1
1684,1682,2512.482353,18520,1
1685,1683,2512.493489,18531,1
1686,1684,2512.504624,18542,1
1687,1685,2512.515761,18553,1
1688,1686,2512.526895,18564,1
1689,1687,2512.538032,18575,1
1690,1688,2512.549168,18586,1
1691,1689,2512.560302,18597,1
1692,1690,2512.571439,18608,1
1693,1691,2512.582574,18619,1
1694,1692,2512.593711,18630,1
1695,1693,2512.604847,18641,1
1696,1694,2512.615981,18652,1
1697,1695,2512.627119,18663,1
1698,1696,2512.638252,18674,1
1699,1697,2512.649388,18685,1
1700,1698,2512.660525,18696,1
1701,1699,2512.671661,18707,1
1702,1700,2512.682797,18718,1
1703,1701,2512.693932,18729,1
1704,1702,2512.705069,18740,1
1705,1703,2512.716204,18751,1
1706,1704,2512.727340,18762,1
1707,1705,2512.738476,18773,1
1708,1706,2512.749610,18784,1
1709,1707,2512.760746,18795,1
1710,1708,2512.771883,18806,1
1711,1709,2512.783019,18817,1
1712,1710,2512.794153,18828,1
1713,1711,2512.805288,18839,1
1714,1712,2512.816425,18850,1
1715,1713,2512.826548,18860,1
1716,1714,2512.837684,18871,1
1717,1715,2512.848820,18882,1
1718,1716,2512.859957,18893,1
1719,1717,2512.871100,18904,1
1720,1718,2512.882229,18915,1
1721,1719,2512.893364,18926,1
1722,1720,2512.904498,18937,1
1723,1721,2512.915635,18948,1
1724,1722,2512.926771,18959,1
1725,1723,2512.937906,18970,1
1726,1724,2512.949041,18981,1
1727,1725,2512.960177,18992,1
1728,1726,2512.971315,19003,1
1729,1727,2512.982451,19014,1
1730,1728,2512.993586,19025,1
1731,1729,2513.004722,19036,1
1732,1730,2513.015857,19047,1
1733,1731,2513.026992,19058,1
1734,1732,2513.038129,19069,1
1735,1733,2513.049263,19080,1
1736,1734,2513.060401,19091,1
1737,1735,2513.071537,19102,1
1738,1736,2513.082670,19113,1
1739,1737,2513.093809,19124,1
1740,1738,2513.104943,19135,1
1741,1739,2513.116080,19146,1
1742,1740,2513.127215,19157,1
1743,1741,2513.138351,19168,1
1744,1742,2513.149487,19179,1
1745,1743,2513.160623,19190,1
1746,1744,2513.171756,19201,1
1747,1745,2513.182893,19212,1
1748,1746,2513.194028,19223,1
1749,1747,2513.205166,19234,1
1750,1748,2513.216302,19245,1
1751,1749,2513.227437,19256,1
1752,1750,2513.238573,19267,1
1753,1751,2513.249707,19278,1
1754,1752,2513.260843,19289,1
1755,1753,2513.271980,19300,1
1756,1754,2513.283115,19311,1
1757,1755,2513.294251,19322,1
1758,1756,2513.305386,19333,1
1759,1757,2513.316521,19344,1
1760,1758,2513.327659,19355,1
1761,1759,2513.338794,19366,1
1762,1760,2513.349931,19377,1
1763,1761,2513.361067,19388,1
1764,1762,2513.372201,19399,1
1765,1763,2513.383338,19410,1
1766,1764,2513.394472,19421,1
1767,1765,2513.405610,19432,1
1768,1766,2513.416743,19443,1
1769,1767,2513.427879,19454,1
1770,1768,2513.439017,19465,1
1771,1769,2513.450151,19476,1
1772,1770,2513.461287,19487,1
1773,1771,2513.472422,19498,1
1774,1772,2513.483558,19509,1
1775,1773,2513.494696,19520,1
1776,1774,2513.505831,19531,1
1777,1775,2513.516968,19542,1
1778,1776,2513.528104,19553,1
1779,1777,2513.539237,19564,1
1780,1778,2513.550374,19575,1
1781,1779,2513.561510,19586,1
1782,1780,2513.572645,19597,1
1783,1781,2513.583781,19608,1
1784,1782,2513.594917,19619,1
1785,1783,2513.606052,19630,1
1786,1784,2513.617188,19641,1
1787,1785,2513.628323,19652,1
1788,1786,2513.639459,19663,1
1789,1787,2513.650596,19674,1
1790,1788,2513.661730,19685,1
1791,1789,2513.672868,19696,1
1792,1790,2513.684001,19707,1
1793,1791,2513.695139,19718,1
1794,1792,2513.706275,19729,1
1795,1793,2513.717409,19740,1
1796,1794,2513.728546,19751,1
1797,1795,2513.739682,19762,1
1798,1796,2513.750817,19773,1
1799,1797,2513.761952,19784,1
1800,1798,2513.773099,19795,1
1801,1799,2513.784223,19806,1
1802,1800,2513.795360,19817,1
1803,1801,2513.806495,19828,1
1804,1802,2513.817632,19839,1
1805,1803,2513.828771,19850,1
1806,1804,2513.839904,19861,1
1807,1805,2513.851040,19872,1
1808,1806,2513.862175,19883,1
1809,1807,2513.873312,19894,1
1810,1808,2513.884445,19905,1
1811,1809,2513.895584,19916,1
1812,1810,2513.906717,19927,1
1813,1811,2513.917853,19938,1
1814,1812,2513.928990,19949,1
1815,1813,2513.940126,19960,1
1816,1814,2513.951260,19971,1
1817,1815,2513.962397,19982,1
1818,1816,2513.973533,19993,1
1819,1817,2513.984667,20004,1
1820,1818,2513.995805,20015,1
1821,1819,2514.006939,20026,1
1822,1820,2514.018076,20037,1
1823,1821,2514.029212,20048,1
1824,1822,2514.040347,20059,1
1825,1823,2514.051484,20070,1
1826,1824,2514.062619,20081,1
1827,1825,2514.073754,20092,1
1828,1826,2514.084891,20103,1
1829,1827,2514.096025,20114,1
1830,1828,2514.107162,20125,1
1831,1829,2514.118298,20136,1
1832,1830,2514.129432,20147,1
1833,1831,2514.140570,20158,1
1834,1832,2514.151705,20169,1
1835,1833,2514.162839,20180,1
1836,1834,2514.173977,20191,1
1837,1835,2514.185111,20202,1
1838,1836,2514.196246,20213,1
1839,1837,2514.207384,20224,1
1840,1838,2514.218518,20235,1
1841,1839,2514.229654,20246,1
1842,1840,2514.239779,20256,1
1843,1841,2514.250914,20267,1
1844,1842,2514.262049,20278,1
1845,-1,2514.273185,20289,1
1846,1843,2514.284320,20300,1
1847,1844,2514.295456,20311,1
1848,1845,2514.306594,20322,1
1849,1846,2514.317729,20333,1
1850,1847,2514.328866,20344,1
1851,1848,2514.340000,20355,1
1852,1849,2514.351135,20366,1
1853,1850,2514.362270,20377,1
1854,1851,2514.373408,20388,1
1855,1852,2514.384543,20399,1
1856,1853,2514.395680,20410,1
1857,1854,2514.406814,20421,1
1858,1855,2514.417951,20432,1
1859,1856,2514.429086,20443,1
1860,1857,2514.440222,20454,1
1861,1858,2514.451358,20465,1
1862,1859,2514.462493,20476,1
1863,1860,2514.473628,20487,1
1864,1861,2514.484765,20498,1
1865,1862,2514.495900,20509,1
1866,1863,2514.507035,20520,1
1867,1864,2514.518173,20531,1
1868,1865,2514.529307,20542,1
1869,1866,2514.540445,20553,1
1870,1867,2514.551578,20564,1
1871,1868,2514.562716,20575,1
1872,1869,2514.573852,20586,1
1873,1870,2514.584986,20597,1
1874,1871,2514.596124,20608,1
1875,1872,2514.607257,20619,1
1876,1873,2514.618394,20630,1
1877,1874,2514.629529,20641,1
1878,1875,2514.640665,20652,1
1879,1876,2514.651800,20663,1
1880,1877,2514.662937,20674,1
1881,1878,2514.674073,20685,1
1882,1879,2514.685208,20696,1
1883,1880,2514.696346,20707,1
1884,1881,2514.707480,20718,1
1885,1882,2514.718617,20729,1
1886,1883,2514.729751,20740,1
1887,1884,2514.740887,20751,1
1888,1885,2514.752025,20762,1
1889,1886,2514.763159,20773,1
1890,1887,2514.774296,20784,1
1891,1888,2514.785429,20795,1
1892,1889,2514.796567,20806,1
1893,1890,2514.807702,20817,1
1894,1891,2514.818837,20828,1
1895,1892,2514.829975,20839,1
1896,1893,2514.841109,20850,1
1897,1894,2514.852246,20861,1
1898,1895,2514.863382,20872,1
1899,1896,2514.874518,20883,1
1900,1897,2514.885653,20894,1
1901,1898,2514.896789,20905,1
1902,1899,2514.907924,20916,1
1903,1900,2514.919061,20927,1
1904,1901,2514.930197,20938,1
1905,1902,2514.941332,20949,1
1906,1903,2514.952468,20960,1
1907,1904,2514.963602,20971,1
1908,1905,2514.974739,20982,1
1909,1906,2514.985875,20993,1
1910,1907,2514.997011,21004,1
1911,1908,2515.008145,21015,1
1912,1909,2515.019283,21026,1
1913,1910,2515.030417,21037,1
1914,1911,2515.041555,21048,1
1915,1912,2515.052689,21059,1
1916,1913,2515.063825,21070,1
1917,1914,2515.074959,21081,1
1918,1915,2515.086103,21092,1
1919,1916,2515.097233,21103,1
1920,1917,2515.108369,21114,1
1921,1918,2515.119504,21125,1
1922,1919,2515.130640,21136,1
1923,1920,2515.141775,21147,1
1924,1921,2515.152912,21158,1
1925,1922,2515.164046,21169,1
1926,1923,2515.175183,21180,1
1927,1924,2515.186318,21191,1
1928,1925,2515.197453,21202,1
1929,1926,2515.208590,21213,1
1930,1927,2515.219725,21224,1
1931,1928,2515.230863,21235,1
1932,1929,2515.241997,21246,1
1933,1930,2515.253134,21257,1
1934,1931,2515.264268,21268,1
1935,1932,2515.275404,21279,1
1936,1933,2515.286541,21290,1
1937,1934,2515.297677,21301,1
1938,1935,2515.308812,21312,1
1939,1936,2515.319948,21323,1
1940,1937,2515.331083,21334,1
1941,1938,2515.342218,21345,1
1942,1939,2515.353353,21356,1
1943,1940,2515.364491,21367,1
1944,1941,2515.375626,21378,1
1945,1942,2515.386762,21389,1
1946,1943,2515.397896,21400,1
1947,1944,2515.409034,21411,1
1948,1945,2515.420168,21422,1
1949,1946,2515.431305,21433,1
1950,1947,2515.442441,21444,1
1951,1948,2515.453578,21455,1
1952,1949,2515.464712,21466,1
1953,1950,2515.475849,21477,1
1954,1951,2515.486984,21488,1
1955,1952,2515.498121,21499,1
1956,1953,2515.509254,21510,1
1957,1954,2515.520392,21521,1
1958,1955,2515.531528,21532,1
1959,1956,2515.542664,21543,1
1960,1957,2515.553797,21554,1
1961,1958,2515.564933,21565,1
1962,1959,2515.576071,21576,1
1963,1960,2515.587207,21587,1
1964,1961,2515.598340,21598,1
1965,1962,2515.609478,21609,1
1966,1963,2515.620614,21620,1
1967,1964,2515.631749,21631,1
1968,1965,2515.642885,21642,1
1969,1966,2515.653008,21652,1
1970,1967,2515.664145,21663,1
1971,1968,2515.675280,21674,1
1972,1969,2515.686414,21685,1
1973,1970,2515.697552,21696,1
1974,1971,2515.708687,21707,1
1975,1972,2515.719822,21717,1
1976,1973,2515.730959,21728,1
1977,1974,2515.742102,21739,1
1978,1975,2515.753230,21750,1
1979,1976,2515.764367,21761,1
1980,1977,2515.775502,21772,1
1981,1978,2515.786636,21783,1
1982,1979,2515.797773,21794,1
1983,1980,2515.808909,21805,1
1984,1981,2515.820044,21816,1
1985,1982,2515.831181,21827,1
1986,1983,2515.842317,21838,1
1987,1984,2515.853450,21849,1
1988,1985,2515.864589,21860,1
1989,1986,2515.875723,21871,1
1990,1987,2515.886858,21882,1
1991,1988,2515.897995,21893,1
1992,1989,2515.909131,21904,1
1993,1990,2515.920265,21915,1
1994,1991,2515.931402,21926,1
1995,1992,2515.942536,21937,1
1996,1993,2515.953672,21948,1
1997,1994,2515.964808,21959,1
1998,1995,2515.975946,21970,1
1999,1996,2515.987081,21981,1
2000,1997,2515.998217,21992,1
2001,1998,2516.009352,22003,1
2002,1999,2516.020487,22014,1
2003,2000,2516.031623,22025,1
2004,2001,2516.042760,22036,1
2005,2002,2516.053897,22047,1
2006,2003,2516.065030,22058,1
2007,2004,2516.076167,22069,1
2008,2005,2516.087301,22080,1
2009,2006,2516.098440,22091,1
2010,2007,2516.109575,22102,1
2011,2008,2516.120710,22113,1
2012,2009,2516.131847,22124,1
2013,2010,2516.142982,22135,1
2014,2011,2516.154117,22146,1
2015,2012,2516.165254,22157,1
2016,2013,2516.176388,22168,1
2017,2014,2516.187523,22179,1
2018,2015,2516.198659,22190,1
2019,2016,2516.209795,22201,1
2020,2017,2516.220930,22212,1
2021,2018,2516.232068,22223,1
2022,2019,2516.243203,22234,1
2023,2020,2516.254338,22245,1
2024,2021,2516.265475,22256,1
2025,2022,2516.276611,22267,1
2026,2023,2516.287745,22278,1
2027,2024,2516.298881,22289,1
2028,2025,2516.310016,22300,1
2029,2026,2516.321154,22311,1
2030,2027,2516.332291,22322,1
2031,2028,2516.343424,22333,1
2032,2029,2516.354561,22344,1
2033,2030,2516.365697,22355,1
2034,2031,2516.376833,22366,1
2035,2032,2516.387969,22377,1
2036,2033,2516.399104,22388,1
2037,2034,2516.410241,22399,1
2038,2035,2516.421375,22410,1
2039,2036,2516.432510,22421,1
2040,2037,2516.443647,22432,1
2041,2038,2516.454783,22443,1
2042,2039,2516.465917,22454,1
2043,2040,2516.477055,22465,1
2044,2041,2516.488189,22476,1
2045,2042,2516.499326,22487,1
2046,2043,2516.510462,22498,1
2047,2044,2516.521598,22509,1
2048,2045,2516.532734,22520,1
2049,2046,2516.543869,22531,1
2050,2047,2516.555004,22542,1
2051,2048,2516.566140,22553,1
2052,2049,2516.577275,22564,1
2053,2050,2516.588413,22575,1
2054,2051,2516.599549,22586,1
2055,2052,2516.610682,22597,1
2056,2053,2516.621820,22608,1
2057,2054,2516.632954,22619,1
2058,2055,2516.644100,22630,1
2059,2056,2516.655226,22641,1
2060,2057,2516.666363,22652,1
2061,2058,2516.677499,22663,1
2062,2059,2516.688632,22674,1
2063,2060,2516.699771,22685,1
2064,2061,2516.710904,22696,1
2065,2062,2516.722042,22707,1
2066,2063,2516.733175,22718,1
2067,2064,2516.744314,22729,1
2068,2065,2516.755448,22740,1
2069,2066,2516.766584,22751,1
2070,2067,2516.777718,22762,1
2071,2068,2516.788857,22773,1
2072,2069,2516.799991,22784,1
2073,2070,2516.811127,22795,1
2074,2071,2516.822264,22806,1
2075,2072,2516.833397,22817,1
2076,2073,2516.844533,22828,1
2077,2074,2516.855671,22839,1
2078,2075,2516.866805,22850,1
2079,2076,2516.877942,22861,1
2080,2077,2516.889076,22872,1
2081,2078,2516.900212,22883,1
2082,2079,2516.911348,22894,1
2083,2080,2516.922485,22905,1
2084,2081,2516.933621,22916,1
2085,2082,2516.944757,22927,1
2086,2083,2516.955891,22938,1
2087,2084,2516.967029,22949,1
2088,2085,2516.978164,22960,1
2089,2086,2516.989298,22971,1
2090,2087,2517.000435,22982,1
2091,2088,2517.011571,22993,1
2092,2089,2517.022707,23004,1
2093,2090,2517.033841,23015,1
2094,2091,2517.044978,23026,1
2095,2092,2517.055105,23036,1
2096,2093,2517.066238,23047,1
2097,2094,2517.077373,23058,1
2098,2095,2517.088509,23069,1
2099,2096,2517.099645,23080,1
2100,2097,2517.110781,23091,1
2101,2098,2517.121915,23102,1
2102,2099,2517.133052,23113,1
2103,2100,2517.144188,23124,1
2104,2101,2517.155322,23135,1
2105,2102,2517.166458,23146,1
2106,2103,2517.177594,23157,1
2107,2104,2517.188731,23168,1
2108,2105,2517.199867,23179,1
2109,2106,2517.211003,23190,1
2110,2107,2517.222138,23201,1
2111,2108,2517.233275,23212,1
2112,2109,2517.244410,23223,1
2113,2110,2517.255544,23234,1
2114,2111,2517.266681,23245,1
2115,2112,2517.277816,23256,1
2116,2113,2517.288954,23267,1
2117,2114,2517.300087,23278,1
2118,2115,2517.311225,23289,1
2119,2116,2517.322358,23300,1
2120,2117,2517.333495,23311,1
2121,2118,2517.344630,23322,1
2122,2119,2517.355768,23333,1
2123,2120,2517.366903,23344,1
2124,2121,2517.378038,23355,1
2125,2122,2517.389175,23366,1
2126,2123,2517.400311,23377,1
2127,2124,2517.411444,23388,1
2128,2125,2517.422580,23399,1
2129,2126,2517.433718,23410,1
2130,2127,2517.444853,23421,1
2131,2128,2517.455987,23432,1
2132,2129,2517.467124,23443,1
2133,2130,2517.478259,23454,1
2134,2131,2517.489396,23465,1
2135,2132,2517.500532,23476,1
2136,2133,2517.511666,23487,1
2137,2134,2517.522803,23498,1
2138,2135,2517.533940,23509,1
2139,2136,2517.545074,23520,1
2140,2137,2517.556211,23531,1
2141,2138,2517.567347,23542,1
2142,2139,2517.578482,23553,1
2143,2140,2517.589619,23564,1
2144,2141,2517.600755,23575,1
2145,2142,2517.611888,23586,1
2146,2143,2517.623026,23597,1
2147,2144,2517.634159,23608,1
2148,2145,2517.645297,23619,1
2149,2146,2517.656433,23630,1
2150,2147,2517.667567,23641,1
2151,2148,2517.678702,23652,1
2152,2149,2517.689838,23663,1
2153,2150,2517.700977,23674,1
2154,2151,2517.712112,23685,1
2155,2152,2517.723248,23696,1
2156,2153,2517.734382,23707,1
2157,2154,2517.745519,23718,1
2158,2155,2517.756655,23729,1
2159,2156,2517.767790,23740,1
2160,2157,2517.778924,23751,1
2161,2158,2517.790063,23762,1
2162,2159,2517.801197,23773,1
2163,2160,2517.812333,23784,1
2164,2161,2517.823470,23795,1
2165,2162,2517.834603,23806,1
2166,2163,2517.845741,23817,1
2167,2164,2517.856875,23828,1
2168,2165,2517.868012,23839,1
2169,2166,2517.879148,23850,1
2170,2167,2517.890282,23861,1
2171,2168,2517.901419,23872,1
2172,2169,2517.912556,23883,1
2173,2170,2517.923691,23894,1
2174,2171,2517.934825,23905,1
2175,2172,2517.945963,23916,1
2176,2173,2517.957104,23927,1
2177,2174,2517.968234,23938,1
2178,2175,2517.979370,23949,1
2179,2176,2517.990505,23960,1
2180,2177,2518.001641,23971,1
2181,2178,2518.012778,23982,1
2182,2179,2518.023911,23993,1
2183,2180,2518.035047,24004,1
2184,2181,2518.046182,24015,1
2185,2182,2518.057319,24026,1
2186,-1,2518.068457,24037,1
2187,2183,2518.079591,24048,1
2188,2184,2518.090728,24059,1
2189,2185,2518.101863,24070,1
2190,2186,2518.112997,24081,1
2191,2187,2518.124133,24092,1
2192,2188,2518.135270,24103,1
2193,2189,2518.146407,24114,1
2194,2190,2518.157542,24125,1
2195,2191,2518.168677,24136,1
2196,2192,2518.179813,24147,1
2197,2193,2518.190950,24158,1
2198,2194,2518.202083,24169,1
2199,2195,2518.213220,24180,1
2200,2196,2518.224356,24191,1
2201,2197,2518.235493,24202,1
2202,2198,2518.246628,24213,1
2203,2199,2518.257764,24224,1
2204,2200,2518.268899,24235,1
2205,2201,2518.280035,24246,1
2206,2202,2518.291169,24257,1
2207,2203,2518.302307,24268,1
2208,2204,2518.313441,24279,1
2209,2205,2518.324577,24290,1
2210,2206,2518.335714,24301,1
2211,2207,2518.346848,24312,1
2212,2208,2518.357984,24323,1
2213,2209,2518.369120,24334,1
2214,2210,2518.380257,24345,1
2215,2211,2518.391391,24356,1
2216,2212,2518.402528,24367,1
2217,2213,2518.413663,24378,1
2218,2214,2518.424798,24389,1
2219,2215,2518.435936,24400,1
2220,2216,2518.447072,24411,1
2221,2217,2518.458208,24422,1
2222,2218,2518.468330,24432,1
2223,2219,2518.479465,24443,1
2224,2220,2518.490601,24454,1
2225,2221,2518.501738,24465,1
2226,2222,2518.512874,24476,1
2227,2223,2518.524008,24487,1
2228,2224,2518.535146,24498,1
2229,2225,2518.546282,24509,1
2230,2226,2518.557417,24520,1
2231,2227,2518.568553,24531,1
2232,2228,2518.579688,24542,1
2233,2229,2518.590824,24553,1
2234,2230,2518.601960,24564,1
2235,2231,2518.613100,24575,1
2236,2232,2518.624231,24586,1
2237,2233,2518.635367,24597,1
2238,2234,2518.646503,24608,1
2239,2235,2518.657637,24619,1
2240,2236,2518.668775,24630,1
2241,2237,2518.679909,24641,1
2242,2238,2518.691047,24652,1
2243,2239,2518.702182,24663,1
2244,2240,2518.713318,24674,1
2245,2241,2518.724452,24685,1
2246,2242,2518.735589,24696,1
2247,2243,2518.746724,24707,1
2248,2244,2518.757861,24718,1
2249,2245,2518.768995,24729,1
2250,2246,2518.780130,24740,1
2251,2247,2518.791268,24751,1
2252,2248,2518.802403,24762,1
2253,2249,2518.813539,24773,1
2254,2250,2518.824675,24784,1
2255,2251,2518.835810,24795,1
2256,2252,2518.846945,24806,1
2257,2253,2518.858081,24817,1
2258,2254,2518.869219,24828,1
2259,2255,2518.880352,24839,1
2260,2256,2518.891489,24850,1
2261,2257,2518.902626,24861,1
2262,2258,2518.913761,24872,1
2263,2259,2518.924897,24883,1
2264,2260,2518.936034,24894,1
2265,2261,2518.947169,24905,1
2266,2262,2518.958305,24916,1
2267,2263,2518.969440,24927,1
2268,2264,2518.980574,24938,1
2269,2265,2518.991711,24949,1
2270,2266,2519.002848,24960,1
2271,2267,2519.013983,24971,1
2272,2268,2519.025118,24982,1
2273,2269,2519.036255,24993,1
2274,2270,2519.047390,25004,1
2275,2271,2519.058525,25015,1
2276,2272,2519.069662,25026,1
2277,2273,2519.080796,25037,1
2278,2274,2519.091933,25048,1
2279,2275,2519.103070,25059,1
2280,2276,2519.114205,25070,1
2281,2277,2519.125340,25081,1
2282,2278,2519.136475,25092,1
2283,2279,2519.147611,25103,1
2284,2280,2519.158748,25114,1
2285,2281,2519.169885,25125,1
2286,2282,2519.181019,25136,1
2287,2283,2519.192156,25147,1
2288,2284,2519.203289,25158,1
2289,2285,2519.214426,25169,1
2290,2286,2519.225561,25180,1
2291,2287,2519.236697,25191,1
2292,2288,2519.247832,25202,1
2293,2289,2519.258968,25213,1
2294,2290,2519.270104,25224,1
2295,2291,2519.281242,25235,1
2296,2292,2519.292376,25246,1
2297,2293,2519.303513,25257,1
2298,2294,2519.314647,25268,1
2299,2295,2519.325784,25279,1
2300,2296,2519.336920,25290,1
2301,2297,2519.348056,25301,1
2302,2298,2519.359191,25312,1
2303,2299,2519.370328,25323,1
2304,2300,2519.381463,25334,1
2305,2301,2519.392599,25345,1
2306,2302,2519.403735,25356,1
2307,2303,2519.414871,25367,1
2308,2304,2519.426006,25378,1
2309,2305,2519.437142,25389,1
2310,2306,2519.448278,25400,1
2311,2307,2519.459413,25411,1
2312,2308,2519.470548,25422,1
2313,2309,2519.481683,25433,1
2314,2310,2519.492821,25444,1
2315,2311,2519.503955,25455,1
2316,2312,2519.515100,25466,1
2317,2313,2519.526228,25477,1
2318,2314,2519.537364,25488,1
2319,2315,2519.548498,25499,1
2320,2316,2519.559636,25510,1
2321,2317,2519.570769,25521,1
2322,2318,2519.581907,25532,1
2323,2319,2519.593042,25543,1
2324,2320,2519.604179,25554,1
2325,2321,2519.615313,25565,1
2326,2322,2519.626450,25576,1
2327,2323,2519.637585,25587,1
2328,2324,2519.648722,25598,1
2329,2325,2519.659856,25609,1
2330,2326,2519.670993,25620,1
2331,2327,2519.682129,25631,1
2332,2328,2519.693265,25642,1
2333,2329,2519.704400,25653,1
2334,2330,2519.715536,25664,1
2335,2331,2519.726672,25675,1
2336,2332,2519.737807,25686,1
2337,2333,2519.748941,25697,1
2338,2334,2519.760079,25708,1
2339,2335,2519.771213,25719,1
2340,2336,2519.782349,25730,1
2341,2337,2519.793484,25741,1
2342,2338,2519.804623,25752,1
2343,2339,2519.815758,25763,1
2344,2340,2519.826894,25774,1
2345,2341,2519.838027,25785,1
2346,2342,2519.849163,25796,1
2347,2343,2519.860299,25807,1
2348,2344,2519.871436,25818,1
2349,2345,2519.881561,25828,1
2350,2346,2519.892695,25839,1
2351,2347,2519.903832,25850,1
2352,2348,2519.914968,25861,1
2353,2349,2519.926102,25872,1
2354,2350,2519.937237,25883,1
2355,2351,2519.948375,25894,1
2356,2352,2519.959509,25905,1
2357,2353,2519.970646,25916,1
2358,2354,2519.981781,25927,1
2359,2355,2519.992917,25938,1
2360,2356,2520.004052,25949,1
2361,2357,2520.015190,25960,1
2362,2358,2520.026324,25971,1
2363,2359,2520.037459,25982,1
2364,2360,2520.048595,25993,1
2365,2361,2520.059731,26004,1
2366,2362,2520.070866,26015,1
2367,2363,2520.082004,26026,1
2368,2364,2520.093139,26037,1
2369,2365,2520.104275,26048,1
2370,2366,2520.115411,26059,1
2371,2367,2520.126547,26070,1
2372,2368,2520.137683,26081,1
2373,2369,2520.148819,26092,1
2374,2370,2520.159954,26103,1
2375,2371,2520.171105,26114,1
2376,2372,2520.182224,26125,1
2377,2373,2520.193361,26136,1
2378,2374,2520.204495,26147,1
2379,2375,2520.215631,26158,1
2380,2376,2520.226767,26169,1
2381,2377,2520.237905,26180,1
2382,2378,2520.249040,26191,1
2383,2379,2520.260175,26202,1
2384,2380,2520.271312,26213,1
2385,2381,2520.282446,26224,1
2386,2382,2520.293581,26235,1
2387,2383,2520.304719,26246,1
2388,2384,2520.315855,26257,1
2389,2385,2520.326990,26268,1
2390,2386,2520.338126,26279,1
2391,2387,2520.349260,26290,1
2392,2388,2520.360397,26301,1
2393,2389,2520.371532,26312,1
2394,2390,2520.382668,26323,1
2395,2391,2520.393804,26334,1
2396,2392,2520.404941,26345,1
2397,2393,2520.416077,26356,1
2398,2394,2520.427212,26367,1
2399,2395,2520.438348,26378,1
2400,2396,2520.449484,26389,1
2401,2397,2520.460618,26400,1
2402,2398,2520.471756,26411,1
2403,2399,2520.482891,26422,1
2404,2400,2520.494026,26433,1
2405,2401,2520.505160,26444,1
2406,2402,2520.516298,26455,1
2407,2403,2520.527433,26466,1
2408,2404,2520.538568,26477,1
2409,2405,2520.549706,26488,1
2410,2406,2520.560841,26499,1
2411,2407,2520.571977,26510,1
2412,2408,2520.583112,26521,1
2413,2409,2520.594248,26532,1
2414,2410,2520.605384,26543,1
2415,2411,2520.616520,26554,1
2416,2412,2520.627654,26565,1
2417,2413,2520.638792,26576,1
2418,2414,2520.649928,26587,1
2419,2415,2520.661062,26598,1
2420,2416,2520.672199,26609,1
2421,2417,2520.683335,26620,1
2422,2418,2520.694471,26631,1
2423,2419,2520.705606,26642,1
2424,2420,2520.716798,26652,1
2425,2421,2520.727876,26663,1
2426,2422,2520.739013,26674,1
2427,2423,2520.750150,26685,1
2428,2424,2520.761285,26696,1
2429,2425,2520.772419,26707,1
2430,2426,2520.783554,26718,1
2431,2427,2520.794692,26729,1
2432,2428,2520.805828,26740,1
2433,2429,2520.816963,26751,1
2434,2430,2520.828105,26762,1
2435,2431,2520.839235,26773,1
2436,2432,2520.850371,26784,1
2437,2433,2520.861507,26795,1
2438,2434,2520.872641,26806,1
2439,2435,2520.883777,26817,1
2440,2436,2520.894914,26828,1
2441,2437,2520.906050,26839,1
2442,2438,2520.917186,26850,1
2443,2439,2520.928320,26861,1
2444,2440,2520.939456,26872,1
2445,2441,2520.950592,26883,1
2446,2442,2520.961727,26894,1
2447,2443,2520.972864,26905,1
2448,2444,2520.984000,26916,1
2449,2445,2520.995134,26927,1
2450,2446,2521.006272,26938,1
2451,2447,2521.017405,26949,1
2452,2448,2521.028543,26960,1
2453,2449,2521.039677,26971,1
2454,2450,2521.050814,26982,1
2455,2451,2521.061951,26993,1
2456,2452,2521.073087,27004,1
2457,2453,2521.084220,27015,1
2458,2454,2521.095357,27026,1
2459,2455,2521.106492,27037,1
2460,2456,2521.117627,27048,1
2461,2457,2521.128766,27059,1
2462,2458,2521.139901,27070,1
2463,2459,2521.151037,27081,1
2464,2460,2521.162170,27092,1
2465,2461,2521.173308,27103,1
2466,2462,2521.184442,27114,1
2467,2463,2521.195579,27125,1
2468,2464,2521.206713,27136,1
2469,2465,2521.217850,27147,1
2470,2466,2521.228987,27158,1
2471,2467,2521.240122,27169,1
2472,2468,2521.251256,27180,1
2473,2469,2521.262393,27191,1
2474,2470,2521.273530,27202,1
2475,2471,2521.284665,27213,1
2476,2472,2521.294790,27223,1
2477,2473,2521.305924,27234,1
2478,2474,2521.317062,27245,1
2479,2475,2521.328196,27256,1
2480,2476,2521.339332,27267,1
2481,2477,2521.350466,27278,1
2482,2478,2521.361601,27289,1
2483,2479,2521.372737,27300,1
2484,2480,2521.383875,27311,1
2485,2481,2521.395011,27322,1
2486,2482,2521.406146,27333,1
2487,2483,2521.417282,27344,1
2488,2484,2521.428418,27355,1
2489,2485,2521.439552,27366,1
2490,2486,2521.450687,27377,1
2491,2487,2521.461825,27388,1
2492,2488,2521.472961,27399,1
2493,2489,2521.484106,27410,1
2494,2490,2521.495231,27421,1
2495,2491,2521.506366,27432,1
2496,2492,2521.517504,27443,1
2497,2493,2521.528639,27454,1
2498,2494,2521.539776,27465,1
2499,2495,2521.550912,27476,1
2500,2496,2521.562047,27487,1
2501,2497,2521.573181,27498,1
2502,2498,2521.584318,27509,1
2503,2499,2521.595455,27520,1
2504,2500,2521.606589,27531,1
2505,2501,2521.617724,27542,1
2506,2502,2521.628860,27553,1
2507,2503,2521.639998,27564,1
2508,2504,2521.651131,27575,1
2509,2505,2521.662268,27586,1
2510,2506,2521.673403,27597,1
2511,2507,2521.684539,27608,1
2512,2508,2521.695676,27619,1
2513,2509,2521.706812,27630,1
2514,2510,2521.717946,27641,1
2515,2511,2521.729082,27652,1
2516,2512,2521.740219,27663,1
2517,2513,2521.751354,27674,1
2518,2514,2521.762490,27685,1
2519,2515,2521.773625,27696,1
2520,2516,2521.784763,27707,1
2521,2517,2521.795896,27718,1
2522,2518,2521.807033,27729,1
2523,2519,2521.818168,27740,1
2524,2520,2521.829306,27751,1
2525,2521,2521.840440,27762,1
2526,2522,2521.851577,27773,1
2527,2523,2521.862713,27784,1
2528,2524,2521.873846,27795,1
2529,2525,2521.884984,27806,1
2530,2526,2521.896118,27817,1
2531,2527,2521.907256,27828,1
2532,2528,2521.918390,27839,1
2533,2529,2521.929526,27850,1
2534,2530,2521.940662,27861,1
2535,2531,2521.951797,27872,1
2536,2532,2521.962934,27883,1
2537,2533,2521.974070,27894,1
2538,2534,2521.985206,27905,1
2539,2535,2521.996341,27916,1
2540,2536,2522.007476,27927,1
2541,2537,2522.018613,27938,1
2542,2538,2522.029749,27949,1
2543,2539,2522.040885,27960,1
2544,2540,2522.052021,27971,1
2545,2541,2522.063156,27982,1
2546,2542,2522.074290,27993,1
2547,2543,2522.085427,28004,1
2548,2544,2522.096563,28015,1
2549,2545,2522.107699,28026,1
2550,2546,2522.118835,28037,1
2551,2547,2522.129969,28048,1
2552,2548,2522.141107,28059,1
2553,2549,2522.152243,28070,1
2554,2550,2522.163376,28081,1
2555,2551,2522.174512,28092,1
2556,2552,2522.185650,28103,1
2557,2553,2522.196785,28114,1
2558,2554,2522.207919,28125,1
2559,2555,2522.219055,28136,1
2560,2556,2522.230191,28147,1
2561,2557,2522.241326,28158,1
2562,2558,2522.252462,28169,1
2563,2559,2522.263599,28180,1
2564,2560,2522.274734,28191,1
2565,2561,2522.285870,28202,1
2566,2562,2522.297006,28213,1
2567,2563,2522.308141,28224,1
2568,2564,2522.319278,28235,1
2569,2565,2522.330414,28246,1
2570,2566,2522.341551,28257,1
2571,2567,2522.352684,28268,1
2572,2568,2522.363820,28279,1
2573,2569,2522.374956,28290,1
2574,2570,2522.386102,28301,1
2575,2571,2522.397227,28312,1
2576,2572,2522.408362,28323,1
2577,2573,2522.419500,28334,1
2578,2574,2522.430636,28345,1
2579,2575,2522.441772,28356,1
2580,2576,2522.452907,28367,1
2581,2577,2522.464043,28378,1
2582,2578,2522.475179,28389,1
2583,2579,2522.486314,28400,1
2584,2580,2522.497450,28411,1
2585,2581,2522.508585,28422,1
2586,2582,2522.519720,28433,1
2587,2583,2522.530858,28444,1
2588,2584,2522.541992,28455,1
2589,2585,2522.553128,28466,1
2590,2586,2522.564265,28477,1
2591,2587,2522.575399,28488,1
2592,2588,2522.586537,28499,1
2593,2589,2522.597670,28510,1
2594,2590,2522.608806,28521,1
2595,2591,2522.619944,28532,1
2596,2592,2522.631079,28543,1
2597,2593,2522.642215,28554,1
2598,2594,2522.653350,28565,1
2599,2595,2522.664485,28576,1
2600,2596,2522.675622,28587,1
2601,2597,2522.686759,28598,1
2602,2598,2522.697894,28609,1
2603,2599,2522.708017,28619,1
2604,2600,2522.719152,28630,1
2605,2601,2522.730290,28641,1
2606,2602,2522.741423,28652,1
2607,2603,2522.752559,28663,1
2608,2604,2522.763696,28674,1
2609,2605,2522.774832,28685,1
2610,2606,2522.785968,28696,1
2611,2607,2522.797105,28707,1
2612,2608,2522.808239,28718,1
2613,2609,2522.819375,28729,1
2614,2610,2522.830509,28740,1
2615,2611,2522.841647,28751,1
2616,2612,2522.852782,28762,1
2617,2613,2522.863919,28773,1
2618,2614,2522.875052,28784,1
2619,2615,2522.886188,28795,1
2620,2616,2522.897325,28806,1
2621,2617,2522.908461,28817,1
2622,2618,2522.919597,28828,1
2623,2619,2522.930732,28839,1
2624,2620,2522.941867,28850,1
2625,2621,2522.953003,28861,1
2626,2622,2522.964138,28872,1
2627,2623,2522.975276,28883,1
2628,2624,2522.986410,28894,1
2629,2625,2522.997545,28905,1
2630,2626,2523.008682,28916,1
2631,2627,2523.019819,28927,1
2632,2628,2523.030953,28938,1
2633,2629,2523.042100,28949,1
2634,2630,2523.053226,28960,1
2635,2631,2523.064361,28971,1
2636,2632,2523.075498,28982,1
2637,2633,2523.086633,28993,1
2638,2634,2523.097769,29004,1
2639,2635,2523.108905,29015,1
2640,2636,2523.120041,29026,1
2641,2637,2523.131176,29037,1
2642,2638,2523.142310,29048,1
2643,2639,2523.153448,29059,1
2644,2640,2523.164582,29070,1
2645,2641,2523.175718,29081,1
2646,2642,2523.186853,29092,1
2647,2643,2523.197989,29103,1
2648,2644,2523.209124,29114,1
2649,2645,2523.220261,29125,1
2650,2646,2523.231397,29136,1
2651,2647,2523.242532,29147,1
2652,2648,2523.253669,29158,1
2653,2649,2523.264806,29169,1
2654,2650,2523.275941,29180,1
2655,2651,2523.287077,29191,1
2656,2652,2523.298212,29202,1
2657,2653,2523.309347,29213,1
2658,2654,2523.320484,29224,1
2659,2655,2523.331618,29235,1
2660,2656,2523.342754,29246,1
2661,2657,2523.353890,29257,1
2662,2658,2523.365026,29268,1
2663,2659,2523.376162,29279,1
2664,2660,2523.387297,29290,1
2665,2661,2523.398432,29301,1
2666,2662,2523.409568,29312,1
2667,2663,2523.420704,29323,1
2668,2664,2523.431841,29334,1
2669,2665,2523.442977,29345,1
2670,2666,2523.454114,29356,1
2671,2667,2523.465249,29367,1
2672,2668,2523.476383,29378,1
2673,2669,2523.487521,29389,1
2674,2670,2523.498656,29400,1
2675,2671,2523.509793,29411,1
2676,2672,2523.520928,29422,1
2677,2673,2523.532062,29433,1
2678,2674,2523.543200,29444,1
2679,2675,2523.554333,29455,1
2680,2676,2523.565471,29466,1
2681,2677,2523.576606,29477,1
2682,2678,2523.587742,29488,1
2683,2679,2523.598878,29499,1
2684,2680,2523.610014,29510,1
2685,2681,2523.621148,29521,1
2686,2682,2523.632285,29532,1
2687,2683,2523.643421,29543,1
2688,2684,2523.654555,29554,1
2689,2685,2523.665693,29565,1
2690,2686,2523.676829,29576,1
2691,2687,2523.687962,29587,1
2692,2688,2523.699104,29598,1
2693,2689,2523.710234,29609,1
2694,2690,2523.721371,29620,1
2695,2691,2523.732508,29631,1
2696,2692,2523.743641,29642,1
2697,2693,2523.754778,29653,1
2698,2694,2523.765913,29664,1
2699,2695,2523.777049,29675,1
2700,2696,2523.788184,29686,1
2701,2697,2523.799320,29697,1
2702,2698,2523.810456,29708,1
2703,2699,2523.821593,29719,1
2704,2700,2523.832729,29730,1
2705,2701,2523.843863,29741,1
2706,2702,2523.855001,29752,1
2707,2703,2523.866136,29763,1
2708,2704,2523.877272,29774,1
2709,2705,2523.888408,29785,1
2710,2706,2523.899543,29796,1
2711,2707,2523.910677,29807,1
2712,2708,2523.921815,29818,1
2713,2709,2523.932949,29829,1
2714,2710,2523.944087,29840,1
2715,2711,2523.955223,29851,1
2716,2712,2523.966358,29862,1
2717,2713,2523.977492,29873,1
2718,2714,2523.988630,29884,1
2719,2715,2523.999765,29895,1
2720,2716,2524.010900,29906,1
2721,2717,2524.022035,29917,1
2722,2718,2524.033172,29928,1
2723,2719,2524.044309,29939,1
2724,2720,2524.055445,29950,1
2725,2721,2524.066580,29961,1
2726,2722,2524.077713,29972,1
2727,2723,2524.088851,29983,1
2728,2724,2524.099987,29994,1
2729,2725,2524.111122,30005,1
2730,2726,2524.121247,30015,1
2731,2727,2524.132382,30026,1
2732,2728,2524.143518,30037,1
2733,2729,2524.154653,30048,1
2734,2730,2524.165789,30059,1
2735,2731,2524.176923,30070,1
2736,2732,2524.188060,30081,1
2737,2733,2524.199196,30092,1
2738,2734,2524.210332,30103,1
2739,2735,2524.221467,30114,1
2740,2736,2524.232602,30125,1
2741,2737,2524.243739,30136,1
2742,2738,2524.254876,30147,1
2743,2739,2524.266009,30158,1
2744,2740,2524.277145,30169,1
2745,2741,2524.288283,30180,1
2746,2742,2524.299416,30191,1
2747,2743,2524.310554,30202,1
2748,2744,2524.321689,30213,1
2749,2745,2524.332825,30224,1
2750,2746,2524.343961,30235,1
2751,2747,2524.355103,30246,1
2752,2748,2524.366231,30257,1
2753,2749,2524.377367,30268,1
2754,2750,2524.388505,30279,1
2755,2751,2524.399640,30290,1
2756,2752,2524.410775,30301,1
2757,2753,2524.421911,30312,1
2758,2754,2524.433046,30323,1
2759,2755,2524.444183,30334,1
2760,2756,2524.455319,30345,1
2761,2757,2524.466453,30356,1
2762,2758,2524.477589,30367,1
2763,2759,2524.488726,30378,1
2764,2760,2524.499860,30389,1
2765,2761,2524.510996,30400,1
2766,2762,2524.522133,30411,1
2767,2763,2524.533270,30422,1
2768,2764,2524.544404,30433,1
2769,2765,2524.555541,30444,1
2770,2766,2524.566676,30455,1
2771,2767,2524.577813,30466,1
2772,2768,2524.588946,30477,1
2773,2769,2524.600084,30488,1
2774,2770,2524.611218,30499,1
2775,2771,2524.622355,30510,1
2776,2772,2524.633489,30521,1
2777,2773,2524.644627,30532,1
2778,2774,2524.655761,30543,1
2779,2775,2524.666898,30554,1
2780,2776,2524.678033,30565,1
2781,2777,2524.689170,30576,1
2782,2778,2524.700305,30587,1
2783,2779,2524.711440,30598,1
2784,2780,2524.722575,30609,1
2785,2781,2524.733711,30620,1
2786,2782,2524.744848,30631,1
2787,2783,2524.755984,30642,1
2788,2784,2524.767119,30653,1
2789,2785,2524.778255,30664,1
2790,2786,2524.789392,30675,1
2791,2787,2524.800525,30686,1
2792,2788,2524.811663,30697,1
2793,2789,2524.822797,30708,1
2794,2790,2524.833933,30719,1
2795,2791,2524.845069,30730,1
2796,2792,2524.856205,30741,1
2797,2793,2524.867342,30752,1
2798,2794,2524.878477,30763,1
2799,2795,2524.889613,30774,1
2800,2796,2524.900749,30785,1
2801,2797,2524.911884,30796,1
2802,2798,2524.923020,30807,1
2803,2799,2524.934155,30818,1
2804,2800,2524.945292,30829,1
2805,2801,2524.956426,30840,1
2806,2802,2524.967563,30851,1
2807,2803,2524.978698,30862,1
2808,2804,2524.989835,30873,1
2809,2805,2525.000969,30884,1
2810,2806,2525.012107,30895,1
2811,2807,2525.023243,30906,1
2812,2808,2525.034378,30917,1
2813,2809,2525.045515,30928,1
2814,2810,2525.056650,30939,1
2815,2811,2525.067783,30950,1
2816,2812,2525.078921,30961,1
2817,2813,2525.090057,30972,1
2818,2814,2525.101193,30983,1
2819,2815,2525.112328,30994,1
2820,2816,2525.123465,31005,1
2821,2817,2525.134598,31016,1
2822,2818,2525.145735,31027,1
2823,2819,2525.156871,31038,1
2824,2820,2525.168005,31049,1
2825,2821,2525.179143,31060,1
2826,2822,2525.190279,31071,1
2827,2823,2525.201413,31082,1
2828,2824,2525.212549,31093,1
2829,2825,2525.223687,31104,1
2830,2826,2525.234820,31115,1
2831,2827,2525.245958,31126,1
2832,2828,2525.257111,31137,1
2833,2829,2525.268229,31148,1
2834,2830,2525.279365,31159,1
2835,2831,2525.290499,31170,1
2836,2832,2525.301637,31181,1
2837,2833,2525.312773,31192,1
2838,2834,2525.323908,31203,1
2839,2835,2525.335044,31214,1
2840,2836,2525.346179,31225,1
2841,2837,2525.357314,31236,1
2842,2838,2525.368449,31247,1
2843,2839,2525.379585,31258,1
2844,2840,2525.390721,31269,1
2845,2841,2525.401856,31280,1
2846,2842,2525.412992,31291,1
2847,2843,2525.424128,31302,1
2848,2844,2525.435266,31313,1
2849,2845,2525.446399,31324,1
2850,2846,2525.457537,31335,1
2851,2847,2525.468672,31346,1
2852,2848,2525.479809,31357,1
2853,2849,2525.490942,31368,1
2854,2850,2525.502079,31379,1
2855,2851,2525.513216,31390,1
2856,2852,2525.524352,31401,1
2857,2853,2525.534473,31411,1
2858,2854,2525.545611,31422,1
2859,2855,2525.556747,31433,1
2860,2856,2525.567881,31444,1
2861,2857,2525.579017,31455,1
2862,2858,2525.590154,31466,1
2863,2859,2525.601289,31477,1
2864,2860,2525.612424,31488,1
2865,2861,2525.623559,31499,1
2866,2862,2525.634695,31510,1
2867,2863,2525.645830,31521,1
2868,2864,2525.656969,31532,1
2869,2865,2525.668103,31543,1
2870,2866,2525.679239,31554,1
2871,2867,2525.690375,31565,1
2872,2868,2525.701511,31576,1
2873,2869,2525.712646,31587,1
2874,2870,2525.723783,31597,1
2875,2871,2525.734919,31608,1
2876,2872,2525.746053,31619,1
2877,2873,2525.757188,31630,1
2878,2874,2525.768325,31641,1
2879,2875,2525.779462,31652,1
2880,2876,2525.790597,31663,1
2881,2877,2525.801732,31674,1
2882,2878,2525.812867,31685,1
2883,2879,2525.824004,31696,1
2884,2880,2525.835138,31707,1
2885,2881,2525.846274,31718,1
2886,2882,2525.857410,31729,1
2887,2883,2525.868547,31740,1
2888,2884,2525.879682,31751,1
2889,2885,2525.890819,31762,1
2890,2886,2525.901955,31773,1
2891,2887,2525.913099,31784,1
2892,2888,2525.924227,31795,1
2893,2889,2525.935362,31806,1
2894,2890,2525.946496,31817,1
2895,2891,2525.957632,31828,1
2896,2892,2525.968767,31839,1
2897,2893,2525.979904,31850,1
2898,2894,2525.991041,31861,1
2899,2895,2526.002174,31872,1
2900,2896,2526.013313,31883,1
2901,2897,2526.024448,31894,1
2902,2898,2526.035583,31905,1
2903,2899,2526.046720,31916,1
2904,2900,2526.057853,31927,1
2905,2901,2526.068991,31938,1
2906,2902,2526.080125,31949,1
2907,2903,2526.091263,31960,1
2908,2904,2526.102398,31971,1
2909,2905,2526.113532,31982,1
2910,2906,2526.124668,31993,1
2911,2907,2526.135804,32004,1
2912,2908,2526.146942,32015,1
2913,2909,2526.158077,32026,1
2914,2910,2526.169213,32037,1
2915,2911,2526.180347,32048,1
2916,2912,2526.191484,32059,1
2917,2913,2526.202619,32070,1
2918,2914,2526.213754,32081,1
2919,2915,2526.224891,32092,1
2920,2916,2526.236025,32103,1
2921,2917,2526.247162,32114,1
2922,2918,2526.258298,32125,1
2923,2919,2526.269433,32136,1
2924,2920,2526.280570,32147,1
2925,2921,2526.291705,32158,1
2926,2922,2526.302841,32169,1
2927,2923,2526.313976,32180,1
2928,2924,2526.325112,32191,1
2929,2925,2526.336249,32202,1
2930,2926,2526.347383,32213,1
2931,2927,2526.358519,32224,1
2932,2928,2526.369657,32235,1
2933,2929,2526.380792,32246,1
2934,2930,2526.391926,32257,1
2935,2931,2526.403062,32268,1
2936,2932,2526.414198,32279,1
2937,2933,2526.425335,32290,1
2938,2934,2526.436469,32301,1
2939,2935,2526.447607,32312,1
2940,2936,2526.458742,32323,1
2941,2937,2526.469879,32334,1
2942,2938,2526.481013,32345,1
2943,2939,2526.492148,32356,1
2944,2940,2526.503285,32367,1
2945,2941,2526.514421,32378,1
2946,2942,2526.525557,32389,1
2947,2943,2526.536693,32400,1
2948,2944,2526.547827,32411,1
2949,2945,2526.558962,32422,1
2950,2946,2526.570105,32433,1
2951,2947,2526.581235,32444,1
2952,2948,2526.592371,32455,1
2953,2949,2526.603508,32466,1
2954,2950,2526.614641,32477,1
2955,2951,2526.625779,32488,1
2956,2952,2526.636915,32499,1
2957,2953,2526.648048,32510,1
2958,2954,2526.659184,32521,1
2959,2955,2526.670322,32532,1
2960,2956,2526.681456,32543,1
2961,2957,2526.692592,32554,1
2962,2958,2526.703727,32565,1
2963,2959,2526.714864,32576,1
2964,2960,2526.725998,32587,1
2965,2961,2526.737136,32598,1
2966,2962,2526.748271,32609,1
2967,2963,2526.759408,32620,1
2968,2964,2526.770542,32631,1
2969,2965,2526.781677,32642,1
2970,2966,2526.792815,32653,1
2971,2967,2526.803950,32664,1
2972,2968,2526.815085,32675,1
2973,2969,2526.826222,32686,1
2974,2970,2526.837358,32697,1
2975,2971,2526.848493,32708,1
2976,2972,2526.859627,32719,1
2977,2973,2526.870764,32730,1
2978,2974,2526.881901,32741,1
2979,2975,2526.893036,32752,1
2980,2976,2526.904172,32763,1
2981,2977,2526.915307,32774,1
2982,2978,2526.926442,32785,1
2983,2979,2526.937579,32796,1
2984,2980,2526.947704,32806,1
2985,2981,2526.958837,32817,1
2986,2982,2526.969973,32828,1
2987,2983,2526.981110,32839,1
2988,2984,2526.992247,32850,1
2989,2985,2527.003383,32861,1
2990,2986,2527.014518,32872,1
2991,2987,2527.025652,32883,1
2992,2988,2527.036789,32894,1
2993,2989,2527.047926,32905,1
2994,2990,2527.059061,32916,1
2995,2991,2527.070197,32927,1
2996,2992,2527.081333,32938,1
2997,2993,2527.092466,32949,1
2998,2994,2527.103604,32960,1
2999,2995,2527.114737,32971,1
3000,2996,2527.125876,32982,1
3001,2997,2527.137009,32993,1
3002,2998,2527.148147,33004,1
3003,2999,2527.159283,33015,1
3004,3000,2527.170417,33026,1
3005,3001,2527.181554,33037,1
3006,3002,2527.192690,33048,1
3007,3003,2527.203825,33059,1
3008,3004,2527.214961,33070,1
3009,3005,2527.226102,33081,1
3010,3006,2527.237232,33092,1
3011,3007,2527.248367,33103,1
3012,3008,2527.259505,33114,1
3013,3009,2527.270638,33125,1
3014,3010,2527.281776,33136,1
3015,3011,2527.292911,33147,1
3016,3012,2527.304048,33158,1
3017,-1,2527.315184,33169,1
3018,3013,2527.326317,33180,1
3019,3014,2527.337454,33191,1
3020,3015,2527.348591,33202,1
3021,3016,2527.359725,33213,1
3022,3017,2527.370861,33224,1
3023,3018,2527.381996,33235,1
3024,3019,2527.393133,33246,1
3025,3020,2527.404269,33257,1
3026,3021,2527.415404,33268,1
3027,3022,2527.426539,33279,1
3028,3023,2527.437675,33290,1
3029,3024,2527.448812,33301,1
3030,3025,2527.459948,33312,1
3031,3026,2527.471084,33323,1
3032,3027,2527.482220,33334,1
3033,3028,2527.493354,33345,1
3034,3029,2527.504492,33356,1
3035,3030,2527.515627,33367,1
3036,3031,2527.526762,33378,1
3037,3032,2527.537898,33389,1
3038,3033,2527.549034,33400,1
3039,3034,2527.560170,33411,1
3040,3035,2527.571306,33422,1
3041,3036,2527.582441,33433,1
3042,3037,2527.593575,33444,1
3043,3038,2527.604711,33455,1
3044,3039,2527.615847,33466,1
3045,3040,2527.626982,33477,1
3046,3041,2527.638118,33488,1
3047,3042,2527.649256,33499,1
3048,3043,2527.660392,33510,1
3049,3044,2527.671526,33521,1
3050,3045,2527.682663,33532,1
3051,3046,2527.693799,33543,1
3052,3047,2527.704935,33554,1
3053,3048,2527.716071,33565,1
3054,3049,2527.727205,33576,1
3055,3050,2527.738340,33587,1
3056,3051,2527.749477,33598,1
3057,3052,2527.760614,33609,1
3058,3053,2527.771749,33620,1
3059,3054,2527.782884,33631,1
3060,3055,2527.794020,33642,1
3061,3056,2527.805156,33653,1
3062,3057,2527.816290,33664,1
3063,3058,2527.827427,33675,1
3064,3059,2527.838563,33686,1
3065,3060,2527.849698,33697,1
3066,3061,2527.860835,33708,1
3067,3062,2527.871969,33719,1
3068,3063,2527.883105,33730,1
3069,3064,2527.894242,33741,1
3070,3065,2527.905376,33752,1
3071,3066,2527.916512,33763,1
3072,3067,2527.927650,33774,1
3073,3068,2527.938785,33785,1
3074,3069,2527.949921,33796,1
3075,3070,2527.961056,33807,1
3076,3071,2527.972192,33818,1
3077,3072,2527.983328,33829,1
3078,3073,2527.994465,33840,1
3079,3074,2528.005598,33851,1
3080,3075,2528.016734,33862,1
3081,3076,2528.027872,33873,1
3082,3077,2528.039008,33884,1
3083,3078,2528.050141,33895,1
3084,3079,2528.061280,33906,1
3085,3080,2528.072413,33917,1
3086,3081,2528.083550,33928,1
3087,3082,2528.094686,33939,1
3088,3083,2528.105821,33950,1
3089,3084,2528.116958,33961,1
3090,3085,2528.128102,33972,1
3091,3086,2528.139228,33983,1
3092,3087,2528.150364,33994,1
3093,3088,2528.161499,34005,1
3094,3089,2528.172636,34016,1
3095,3090,2528.183772,34027,1
3096,3091,2528.194908,34038,1
3097,3092,2528.206043,34049,1
3098,3093,2528.217180,34060,1
3099,3094,2528.228316,34071,1
3100,3095,2528.239449,34082,1
3101,3096,2528.250586,34093,1
3102,3097,2528.261722,34104,1
3103,3098,2528.272856,34115,1
3104,3099,2528.283994,34126,1
3105,3100,2528.295130,34137,1
3106,3101,2528.306266,34148,1
3107,3102,2528.317401,34159,1
3108,3103,2528.328538,34170,1
3109,3104,2528.339673,34181,1
3110,3105,2528.350807,34192,1
3111,3106,2528.360932,34202,1
3112,3107,2528.372068,34213,1
3113,3108,2528.383201,34224,1
3114,3109,2528.394339,34235,1
3115,3110,2528.405475,34246,1
3116,3111,2528.416610,34257,1
3117,3112,2528.427747,34268,1
3118,3113,2528.438883,34279,1
3119,3114,2528.450016,34290,1
3120,3115,2528.461152,34301,1
3121,3116,2528.472289,34312,1
3122,3117,2528.483424,34323,1
3123,3118,2528.494559,34334,1
3124,3119,2528.505695,34345,1
3125,3120,2528.516833,34356,1
3126,3121,2528.527969,34367,1
3127,3122,2528.539106,34378,1
3128,3123,2528.550238,34389,1
3129,3124,2528.561376,34400,1
3130,3125,2528.572510,34411,1
3131,3126,2528.583646,34422,1
3132,3127,2528.594782,34433,1
3133,3128,2528.605917,34444,1
3134,3129,2528.617054,34455,1
3135,3130,2528.628188,34466,1
3136,3131,2528.639324,34477,1
3137,3132,2528.650460,34488,1
3138,3133,2528.661597,34499,1
3139,3134,2528.672731,34510,1
3140,3135,2528.683869,34521,1
3141,3136,2528.695005,34532,1
3142,3137,2528.706140,34543,1
3143,3138,2528.717277,34554,1
3144,3139,2528.728410,34565,1
3145,3140,2528.739546,34576,1
3146,3141,2528.750682,34587,1
3147,3142,2528.761819,34598,1
3148,3143,2528.772955,34609,1
3149,3144,2528.784100,34620,1
3150,3145,2528.795227,34631,1
3151,3146,2528.806362,34642,1
3152,3147,2528.817498,34653,1
3153,3148,2528.828632,34664,1
3154,3149,2528.839769,34675,1
3155,3150,2528.850903,34686,1
3156,3151,2528.862041,34697,1
3157,3152,2528.873175,34708,1
3158,3153,2528.884313,34719,1
3159,3154,2528.895449,34730,1
3160,3155,2528.906584,34741,1
3161,3156,2528.917720,34752,1
3162,3157,2528.928856,34763,1
3163,3158,2528.939990,34774,1
3164,3159,2528.951127,34785,1
3165,3160,2528.962261,34796,1
3166,3161,2528.973398,34807,1
3167,3162,2528.984534,34818,1
3168,3163,2528.995669,34829,1
3169,3164,2529.006804,34840,1
3170,3165,2529.017939,34851,1
3171,3166,2529.029078,34862,1
3172,3167,2529.040211,34873,1
3173,3168,2529.051347,34884,1
3174,3169,2529.062484,34895,1
3175,3170,2529.073619,34906,1
3176,3171,2529.084755,34917,1
3177,3172,2529.095891,34928,1
3178,3173,2529.107027,34939,1
3179,3174,2529.118162,34950,1
3180,3175,2529.129298,34961,1
3181,3176,2529.140434,34972,1
3182,3177,2529.151568,34983,1
3183,3178,2529.162706,34994,1
3184,3179,2529.173841,35005,1
3185,3180,2529.184978,35016,1
3186,3181,2529.196114,35027,1
3187,3182,2529.207248,35038,1
3188,3183,2529.218383,35049,1
3189,3184,2529.229520,35060,1
3190,3185,2529.240657,35071,1
3191,3186,2529.251791,35082,1
3192,3187,2529.262926,35093,1
3193,3188,2529.274062,35104,1
3194,3189,2529.285199,35115,1
3195,3190,2529.296335,35126,1
3196,3191,2529.307469,35137,1
3197,3192,2529.318606,35148,1
3198,3193,2529.329741,35159,1
3199,3194,2529.340878,35170,1
3200,3195,2529.352013,35181,1
3201,3196,2529.363148,35192,1
3202,3197,2529.374285,35203,1
3203,3198,2529.385421,35214,1
3204,3199,2529.396555,35225,1
3205,3200,2529.407691,35236,1
3206,3201,2529.418829,35247,1
3207,3202,2529.429965,35258,1
3208,3203,2529.441102,35269,1
3209,3204,2529.452236,35280,1
3210,3205,2529.463371,35291,1
3211,3206,2529.474506,35302,1
3212,3207,2529.485642,35313,1
3213,3208,2529.496777,35324,1
3214,3209,2529.507914,35335,1
3215,3210,2529.519050,35346,1
3216,3211,2529.530185,35357,1
3217,3212,2529.541321,35368,1
3218,3213,2529.552455,35379,1
3219,3214,2529.563591,35390,1
3220,3215,2529.574728,35401,1
3221,3216,2529.585863,35412,1
3222,3217,2529.597001,35423,1
3223,3218,2529.608136,35434,1
3224,3219,2529.619271,35445,1
3225,3220,2529.630406,35456,1
3226,3221,2529.641543,35467,1
3227,3222,2529.652679,35478,1
3228,3223,2529.663813,35489,1
3229,3224,2529.674949,35500,1
3230,3225,2529.686099,35511,1
3231,3226,2529.697222,35522,1
3232,3227,2529.708358,35533,1
3233,3228,2529.719493,35544,1
3234,3229,2529.730630,35555,1
3235,3230,2529.741765,35566,1
3236,3231,2529.752901,35577,1
3237,3232,2529.764035,35588,1
3238,3233,2529.774159,35598,1
3239,3234,2529.785297,35609,1
3240,3235,2529.796430,35620,1
3241,3236,2529.807568,35631,1
3242,3237,2529.818703,35642,1
3243,3238,2529.829838,35653,1
3244,3239,2529.840975,35664,1
3245,3240,2529.852111,35675,1
3246,3241,2529.863246,35686,1
3247,3242,2529.874381,35697,1
3248,3243,2529.885517,35708,1
3249,3244,2529.896652,35719,1
3250,3245,2529.907787,35730,1
3251,3246,2529.918926,35741,1
3252,3247,2529.930061,35752,1
3253,3248,2529.941197,35763,1
3254,3249,2529.952332,35774,1
3255,3250,2529.963468,35785,1
3256,3251,2529.974604,35796,1
3257,3252,2529.985739,35807,1
3258,3253,2529.996876,35818,1
3259,3254,2530.008010,35829,1
3260,3255,2530.019145,35840,1
3261,3256,2530.030282,35851,1
3262,3257,2530.041419,35862,1
3263,3258,2530.052555,35873,1
3264,3259,2530.063689,35884,1
3265,3260,2530.074824,35895,1
3266,3261,2530.085960,35906,1
3267,3262,2530.097104,35917,1
3268,3263,2530.108233,35928,1
3269,3264,2530.119368,35939,1
3270,3265,2530.130504,35950,1
3271,3266,2530.141640,35961,1
3272,3267,2530.152774,35972,1
3273,3268,2530.163912,35983,1
3274,3269,2530.175048,35994,1
3275,3270,2530.186183,36005,1
3276,3271,2530.197318,36016,1
3277,3272,2530.208454,36027,1
3278,3273,2530.219591,36038,1
3279,3274,2530.230724,36049,1
3280,3275,2530.241860,36060,1
3281,3276,2530.252998,36071,1
3282,3277,2530.264133,36082,1
3283,3278,2530.275270,36093,1
3284,3279,2530.286403,36104,1
3285,3280,2530.297539,36115,1
3286,3281,2530.308676,36126,1
3287,3282,2530.319812,36137,1
3288,3283,2530.330948,36148,1
3289,3284,2530.342083,36159,1
3290,3285,2530.353220,36170,1
3291,3286,2530.364354,36181,1
3292,3287,2530.375491,36192,1
3293,3288,2530.386626,36203,1
3294,3289,2530.397761,36214,1
3295,3290,2530.408897,36225,1
3296,3291,2530.420034,36236,1
3297,3292,2530.431170,36247,1
3298,3293,2530.442306,36258,1
3299,3294,2530.453440,36269,1
3300,3295,2530.464576,36280,1
3301,3296,2530.475713,36291,1
3302,3297,2530.486847,36302,1
3303,3298,2530.497984,36313,1
3304,3299,2530.509118,36324,1
3305,3300,2530.520254,36335,1
3306,3301,2530.531391,36346,1
3307,3302,2530.542527,36357,1
3308,3303,2530.553661,36368,1
3309,3304,2530.564798,36379,1
3310,3305,2530.575933,36390,1
3311,3306,2530.587070,36401,1
3312,3307,2530.598204,36412,1
3313,3308,2530.609341,36423,1
3314,3309,2530.620478,36434,1
3315,3310,2530.631614,36445,1
3316,3311,2530.642749,36456,1
3317,3312,2530.653883,36467,1
3318,3313,2530.665019,36478,1
3319,3314,2530.676156,36489,1
3320,3315,2530.687292,36500,1
3321,3316,2530.698426,36511,1
3322,3317,2530.709563,36522,1
3323,3318,2530.720697,36532,1
3324,3319,2530.731833,36543,1
3325,3320,2530.742971,36554,1
3326,3321,2530.754105,36565,1
3327,3322,2530.765241,36576,1
3328,3323,2530.776378,36587,1
3329,3324,2530.787512,36598,1
3330,3325,2530.798650,36609,1
3331,3326,2530.809783,36620,1
3332,3327,2530.820921,36631,1
3333,3328,2530.832057,36642,1
3334,3329,2530.843193,36653,1
3335,3330,2530.854329,36664,1
3336,3331,2530.865463,36675,1
3337,3332,2530.876600,36686,1
3338,3333,2530.887735,36697,1
3339,3334,2530.898869,36708,1
3340,3335,2530.910008,36719,1
3341,3336,2530.921143,36730,1
3342,3337,2530.932277,36741,1
3343,3338,2530.943415,36752,1
3344,3339,2530.954551,36763,1
3345,3340,2530.965686,36774,1
3346,3341,2530.976820,36785,1
3347,3342,2530.987958,36796,1
3348,3343,2530.999102,36807,1
3349,3344,2531.010229,36818,1
3350,3345,2531.021365,36829,1
3351,3346,2531.032500,36840,1
3352,3347,2531.043634,36851,1
3353,3348,2531.054772,36862,1
3354,3349,2531.065907,36873,1
3355,3350,2531.077043,36884,1
3356,3351,2531.088177,36895,1
3357,3352,2531.099316,36906,1
3358,3353,2531.110450,36917,1
3359,3354,2531.121584,36928,1
3360,3355,2531.132722,36939,1
3361,3356,2531.143857,36950,1
3362,3357,2531.154993,36961,1
3363,3358,2531.166128,36972,1
3364,3359,2531.177266,36983,1
3365,3360,2531.187389,36993,1
3366,3361,2531.198524,37004,1
3367,3362,2531.209661,37015,1
3368,3363,2531.220794,37026,1
3369,3364,2531.231931,37037,1
3370,3365,2531.243069,37048,1
3371,3366,2531.254202,37059,1
3372,3367,2531.265339,37070,1
3373,3368,2531.276473,37081,1
3374,3369,2531.287609,37092,1
3375,3370,2531.298745,37103,1
3376,3371,2531.309882,37114,1
3377,3372,2531.321016,37125,1
3378,3373,2531.332154,37136,1
3379,3374,2531.343290,37147,1
3380,3375,2531.354425,37158,1
3381,3376,2531.365561,37169,1
3382,3377,2531.376694,37180,1
3383,3378,2531.387833,37191,1
3384,3379,2531.398966,37202,1
3385,3380,2531.410102,37213,1
3386,3381,2531.421237,37224,1
3387,3382,2531.432376,37235,1
3388,3383,2531.443511,37246,1
3389,3384,2531.454647,37257,1
3390,3385,2531.465781,37268,1
3391,3386,2531.476917,37279,1
3392,3387,2531.488054,37290,1
3393,3388,2531.499189,37301,1
3394,3389,2531.510325,37312,1
3395,3390,2531.521461,37323,1
3396,3391,2531.532597,37334,1
3397,3392,2531.543731,37345,1
3398,3393,2531.554867,37356,1
3399,3394,2531.566005,37367,1
3400,3395,2531.577140,37378,1
3401,3396,2531.588274,37389,1
3402,3397,2531.599412,37400,1
3403,3398,2531.610545,37411,1
3404,3399,2531.621681,37422,1
3405,3400,2531.632818,37433,1
3406,3401,2531.643955,37444,1
3407,3402,2531.655099,37455,1
3408,3403,2531.666226,37466,1
3409,3404,2531.677360,37477,1
3410,3405,2531.688498,37488,1
3411,3406,2531.699633,37499,1
3412,3407,2531.710770,37510,1
3413,3408,2531.721905,37521,1
3414,3409,2531.733041,37532,1
3415,3410,2531.744176,37543,1
3416,3411,2531.755313,37554,1
3417,3412,2531.766448,37565,1
3418,3413,2531.777584,37576,1
3419,3414,2531.788717,37587,1
3420,3415,2531.799854,37598,1
3421,3416,2531.810989,37609,1
3422,3417,2531.822127,37620,1
3423,3418,2531.833262,37631,1
3424,3419,2531.844397,37642,1
3425,3420,2531.855532,37653,1
3426,3421,2531.866668,37664,1
3427,3422,2531.877804,37675,1
3428,3423,2531.888942,37686,1
3429,3424,2531.900075,37697,1
3430,3425,2531.911213,37708,1
3431,3426,2531.922347,37719,1
3432,3427,2531.933483,37730,1
3433,3428,2531.944619,37741,1
3434,3429,2531.955756,37752,1
3435,3430,2531.966890,37763,1
3436,3431,2531.978027,37774,1
3437,3432,2531.989161,37785,1
3438,3433,2532.000298,37796,1
3439,3434,2532.011434,37807,1
3440,3435,2532.022568,37818,1
3441,3436,2532.033706,37829,1
3442,3437,2532.044840,37840,1
3443,3438,2532.055976,37851,1
3444,3439,2532.067114,37862,1
3445,3440,2532.078249,37873,1
3446,3441,2532.089383,37884,1
3447,3442,2532.100521,37895,1
3448,3443,2532.111655,37906,1
3449,3444,2532.122791,37917,1
3450,3445,2532.133927,37928,1
3451,3446,2532.145064,37939,1
3452,3447,2532.156197,37950,1
3453,3448,2532.167333,37961,1
3454,3449,2532.178470,37972,1
3455,3450,2532.189607,37983,1
3456,3451,2532.200743,37994,1
3457,3452,2532.211878,38005,1
3458,3453,2532.223013,38016,1
3459,3454,2532.234148,38027,1
3460,3455,2532.245285,38038,1
3461,3456,2532.256421,38049,1
3462,3457,2532.267557,38060,1
3463,3458,2532.278692,38071,1
3464,3459,2532.289829,38082,1
3465,3460,2532.300964,38093,1
3466,3461,2532.312104,38104,1
3467,3462,2532.323234,38115,1
3468,3463,2532.334370,38126,1
3469,3464,2532.345508,38137,1
3470,3465,2532.356641,38148,1
3471,3466,2532.367778,38159,1
3472,3467,2532.378914,38170,1
3473,3468,2532.390050,38181,1
3474,3469,2532.401186,38192,1
3475,3470,2532.412320,38203,1
3476,3471,2532.423457,38214,1
3477,3472,2532.434593,38225,1
3478,3473,2532.445729,38236,1
3479,3474,2532.456863,38247,1
3480,3475,2532.468000,38258,1
3481,3476,2532.479136,38269,1
3482,3477,2532.490272,38280,1
3483,3478,2532.501408,38291,1
3484,3479,2532.512541,38302,1
3485,3480,2532.523679,38313,1
3486,3481,2532.534814,38324,1
3487,3482,2532.545951,38335,1
3488,3483,2532.557084,38346,1
3489,3484,2532.568222,38357,1
3490,3485,2532.579356,38368,1
3491,3486,2532.590493,38379,1
3492,3487,2532.600617,38389,1
3493,3488,2532.611751,38400,1
3494,3489,2532.622888,38411,1
3495,3490,2532.634023,38422,1
3496,3491,2532.645158,38433,1
3497,3492,2532.656295,38444,1
3498,3493,2532.667432,38455,1
3499,3494,2532.678568,38466,1
3500,3495,2532.689701,38477,1
3501,3496,2532.700837,38488,1
3502,3497,2532.711974,38499,1
3503,3498,2532.723109,38510,1
3504,3499,2532.734244,38521,1
3505,3500,2532.745380,38532,1
3506,3501,2532.756516,38543,1
3507,3502,2532.767654,38554,1
3508,3503,2532.778789,38565,1
3509,3504,2532.789923,38576,1
3510,3505,2532.801062,38587,1
3511,3506,2532.812194,38598,1
3512,3507,2532.823331,38609,1
3513,3508,2532.834467,38620,1
3514,3509,2532.845603,38631,1
3515,3510,2532.856740,38642,1
3516,3511,2532.867874,38653,1
3517,3512,2532.879011,38664,1
3518,3513,2532.890147,38675,1
3519,3514,2532.901283,38686,1
3520,3515,2532.912417,38697,1
3521,3516,2532.923554,38708,1
3522,3517,2532.934690,38719,1
3523,3518,2532.945826,38730,1
3524,3519,2532.956959,38741,1
3525,3520,2532.968103,38752,1
3526,3521,2532.979231,38763,1
3527,3522,2532.990369,38774,1
3528,3523,2533.001502,38785,1
3529,3524,2533.012638,38796,1
3530,3525,2533.023775,38807,1
3531,3526,2533.034912,38818,1
3532,3527,2533.046047,38829,1
3533,3528,2533.057182,38840,1
3534,3529,2533.068317,38851,1
3535,3530,2533.079455,38862,1
3536,3531,2533.090589,38873,1
3537,3532,2533.101727,38884,1
3538,3533,2533.112862,38895,1
3539,3534,2533.123996,38906,1
3540,3535,2533.135133,38917,1
3541,3536,2533.146267,38928,1
3542,3537,2533.157405,38939,1
3543,3538,2533.168539,38950,1
3544,3539,2533.179677,38961,1
3545,3540,2533.190812,38972,1
3546,3541,2533.201947,38983,1
3547,3542,2533.213083,38994,1
3548,3543,2533.224217,39005,1
3549,3544,2533.235354,39016,1
3550,3545,2533.246489,39027,1
3551,3546,2533.257626,39038,1
3552,3547,2533.268761,39049,1
3553,3548,2533.279896,39060,1
3554,3549,2533.291033,39071,1
3555,3550,2533.302170,39082,1
3556,3551,2533.313304,39093,1
3557,3552,2533.324441,39104,1
3558,3553,2533.335578,39115,1
3559,3554,2533.346713,39126,1
3560,3555,2533.357849,39137,1
3561,3556,2533.368984,39148,1
3562,3557,2533.380119,39159,1
3563,3558,2533.391254,39170,1
3564,3559,2533.402390,39181,1
3565,3560,2533.413527,39192,1
3566,3561,2533.424664,39203,1
3567,3562,2533.435797,39214,1
3568,3563,2533.446932,39225,1
3569,3564,2533.458070,39236,1
3570,3565,2533.469206,39247,1
3571,3566,2533.480341,39258,1
3572,3567,2533.491478,39269,1
3573,3568,2533.502612,39280,1
3574,3569,2533.513750,39291,1
3575,3570,2533.524885,39302,1
3576,3571,2533.536020,39313,1
3577,3572,2533.547157,39324,1
3578,3573,2533.558292,39335,1
3579,3574,2533.569428,39346,1
3580,3575,2533.580564,39357,1
3581,3576,2533.591699,39368,1
3582,3577,2533.602835,39379,1
3583,3578,2533.613971,39390,1
3584,3579,2533.625105,39401,1
3585,3580,2533.636242,39412,1
3586,3581,2533.647379,39423,1
3587,3582,2533.658513,39434,1
3588,3583,2533.669648,39445,1
3589,3584,2533.680785,39456,1
3590,3585,2533.691919,39467,1
3591,3586,2533.703058,39478,1
3592,3587,2533.714193,39489,1
3593,3588,2533.725328,39500,1
3594,3589,2533.736465,39511,1
3595,3590,2533.747598,39522,1
3596,3591,2533.758736,39533,1
3597,3592,2533.769871,39544,1
3598,3593,2533.781007,39555,1
3599,3594,2533.792142,39566,1
3600,3595,2533.803279,39577,1
3601,3596,2533.814413,39588,1
3602,3597,2533.825551,39599,1
3603,3598,2533.836686,39610,1
3604,3599,2533.847820,39621,1
3605,3600,2533.858958,39632,1
3606,3601,2533.870101,39643,1
3607,3602,2533.881228,39654,1
3608,3603,2533.892365,39665,1
3609,3604,2533.903498,39676,1
3610,3605,2533.914636,39687,1
3611,3606,2533.925772,39698,1
3612,3607,2533.936906,39709,1
3613,3608,2533.948043,39720,1
3614,3609,2533.959179,39731,1
3615,3610,2533.970314,39742,1
3616,3611,2533.981449,39753,1
3617,3612,2533.992586,39764,1
3618,3613,2534.002709,39774,1
3619,3614,2534.013845,39785,1
3620,3615,2534.024982,39796,1
3621,3616,2534.036117,39807,1
3622,3617,2534.047253,39818,1
3623,3618,2534.058389,39829,1
3624,3619,2534.069525,39840,1
3625,3620,2534.080661,39851,1
3626,3621,2534.091794,39862,1
3627,3622,2534.102931,39873,1
3628,3623,2534.114068,39884,1
3629,3624,2534.125203,39895,1
3630,3625,2534.136338,39906,1
3631,3626,2534.147474,39917,1
3632,3627,2534.158609,39928,1
3633,3628,2534.169747,39939,1
3634,3629,2534.180883,39950,1
3635,3630,2534.192016,39961,1
3636,3631,2534.203152,39972,1
3637,3632,2534.214287,39983,1
3638,3633,2534.225425,39994,1
3639,3634,2534.236560,40005,1
3640,3635,2534.247696,40016,1
3641,3636,2534.258832,40027,1
3642,3637,2534.269966,40038,1
3643,3638,2534.281104,40049,1
3644,3639,2534.292240,40060,1
3645,3640,2534.303376,40071,1
3646,3641,2534.314511,40082,1
3647,3642,2534.325645,40093,1
3648,3643,2534.336782,40104,1
3649,3644,2534.347919,40115,1
3650,3645,2534.359055,40126,1
3651,3646,2534.370189,40137,1
3652,3647,2534.381324,40148,1
3653,3648,2534.392459,40159,1
3654,3649,2534.403597,40170,1
3655,3650,2534.414733,40181,1
3656,3651,2534.425867,40192,1
3657,3652,2534.437003,40203,1
3658,3653,2534.448138,40214,1
3659,3654,2534.459274,40225,1
3660,3655,2534.470412,40236,1
3661,3656,2534.481547,40247,1
3662,3657,2534.492682,40258,1
3663,3658,2534.503817,40269,1
3664,3659,2534.514953,40280,1
3665,3660,2534.526099,40291,1
3666,3661,2534.537227,40302,1
3667,3662,2534.548361,40313,1
3668,3663,2534.559498,40324,1
3669,3664,2534.570633,40335,1
3670,3665,2534.581768,40346,1
3671,3666,2534.592905,40357,1
3672,3667,2534.604040,40368,1
3673,3668,2534.615177,40379,1
3674,3669,2534.626313,40390,1
3675,3670,2534.637448,40401,1
3676,3671,2534.648582,40412,1
3677,3672,2534.659719,40423,1
3678,3673,2534.670856,40434,1
3679,3674,2534.681989,40445,1
3680,3675,2534.693127,40456,1
3681,3676,2534.704262,40467,1
3682,3677,2534.715396,40478,1
3683,3678,2534.726534,40489,1
3684,3679,2534.737670,40500,1
3685,3680,2534.748804,40511,1
3686,3681,2534.759940,40522,1
3687,3682,2534.771077,40533,1
3688,3683,2534.782213,40544,1
3689,3684,2534.793348,40555,1
3690,3685,2534.804483,40566,1
3691,3686,2534.815620,40577,1
3692,3687,2534.826755,40588,1
3693,3688,2534.837891,40599,1
3694,3689,2534.849028,40610,1
3695,3690,2534.860163,40621,1
3696,3691,2534.871297,40632,1
3697,3692,2534.882432,40643,1
3698,3693,2534.893570,40654,1
3699,3694,2534.904705,40665,1
3700,3695,2534.915842,40676,1
3701,3696,2534.926976,40687,1
3702,3697,2534.938112,40698,1
3703,3698,2534.949247,40709,1
3704,3699,2534.960385,40720,1
3705,3700,2534.971521,40731,1
3706,3701,2534.982657,40742,1
3707,3702,2534.993792,40753,1
3708,3703,2535.004928,40764,1
3709,3704,2535.016062,40775,1
3710,3705,2535.027199,40786,1
3711,3706,2535.038335,40797,1
3712,3707,2535.049469,40808,1
3713,3708,2535.060606,40819,1
3714,3709,2535.071742,40830,1
3715,3710,2535.082878,40841,1
3716,3711,2535.094015,40852,1
3717,3712,2535.105150,40863,1
3718,3713,2535.116283,40874,1
3719,3714,2535.127421,40885,1
3720,3715,2535.138557,40896,1
3721,3716,2535.149692,40907,1
3722,3717,2535.160829,40918,1
3723,3718,2535.171963,40929,1
3724,3719,2535.183104,40940,1
3725,3720,2535.194236,40951,1
3726,3721,2535.205370,40962,1
3727,3722,2535.216506,40973,1
3728,3723,2535.227641,40984,1
3729,3724,2535.238777,40995,1
3730,3725,2535.249914,41006,1
3731,3726,2535.261050,41017,1
3732,3727,2535.272185,41028,1
3733,3728,2535.283321,41039,1
3734,-1,2535.294458,41050,1
3735,3729,2535.305591,41061,1
3736,3730,2535.316728,41072,1
3737,3731,2535.327864,41083,1
3738,3732,2535.338999,41094,1
3739,3733,2535.350134,41105,1
3740,3734,2535.361272,41116,1
3741,3735,2535.372406,41127,1
3742,3736,2535.383542,41138,1
3743,3737,2535.394677,41149,1
3744,3738,2535.405815,41160,1
3745,3739,2535.415938,41170,1
3746,3740,2535.427074,41181,1
3747,3741,2535.438210,41192,1
3748,3742,2535.449346,41203,1
3749,3743,2535.460479,41214,1
3750,3744,2535.471618,41225,1
3751,3745,2535.482752,41236,1
3752,3746,2535.493888,41247,1
3753,3747,2535.505025,41258,1
3754,3748,2535.516159,41269,1
3755,3749,2535.527295,41280,1
3756,3750,2535.538430,41291,1
3757,3751,2535.549567,41302,1
3758,3752,2535.560702,41313,1
3759,3753,2535.571837,41324,1
3760,3754,2535.582975,41335,1
3761,3755,2535.594109,41346,1
3762,3756,2535.605246,41357,1
3763,3757,2535.616382,41368,1
3764,3758,2535.627518,41379,1
3765,3759,2535.638651,41390,1
3766,3760,2535.649789,41401,1
3767,3761,2535.660926,41412,1
3768,3762,2535.672061,41423,1
3769,3763,2535.683196,41434,1
3770,3764,2535.694330,41445,1
3771,3765,2535.705466,41456,1
3772,3766,2535.716800,41466,1
3773,3767,2535.727738,41477,1
3774,3768,2535.738875,41488,1
3775,3769,2535.750011,41499,1
3776,3770,2535.761147,41510,1
3777,3771,2535.772282,41521,1
3778,3772,2535.783418,41532,1
3779,3773,2535.794554,41543,1
3780,3774,2535.805688,41554,1
3781,3775,2535.816824,41565,1
3782,3776,2535.827962,41576,1
3783,3777,2535.839102,41587,1
3784,3778,2535.850234,41598,1
3785,3779,2535.861368,41609,1
3786,3780,2535.872505,41620,1
3787,3781,2535.883640,41631,1
3788,3782,2535.894776,41642,1
3789,3783,2535.905911,41653,1
3790,3784,2535.917046,41664,1
3791,3785,2535.928183,41675,1
3792,3786,2535.939318,41686,1
3793,3787,2535.950455,41697,1
3794,3788,2535.961588,41708,1
3795,3789,2535.972724,41719,1
3796,3790,2535.983862,41730,1
3797,3791,2535.994998,41741,1
3798,3792,2536.006134,41752,1
3799,3793,2536.017269,41763,1
3800,3794,2536.028405,41774,1
3801,3795,2536.039540,41785,1
3802,3796,2536.050676,41796,1
3803,3797,2536.061811,41807,1
3804,3798,2536.072946,41818,1
3805,3799,2536.084082,41829,1
3806,3800,2536.095219,41840,1
3807,3801,2536.106356,41851,1
3808,3802,2536.117491,41862,1
3809,3803,2536.128625,41873,1
3810,3804,2536.139763,41884,1
3811,3805,2536.150896,41895,1
3812,3806,2536.162034,41906,1
3813,3807,2536.173169,41917,1
3814,3808,2536.184304,41928,1
3815,3809,2536.195442,41939,1
3816,3810,2536.206575,41950,1
3817,3811,2536.217713,41961,1
3818,3812,2536.228847,41972,1
3819,3813,2536.239985,41983,1
3820,3814,2536.251121,41994,1
3821,3815,2536.262255,42005,1
3822,3816,2536.273391,42016,1
3823,3817,2536.284526,42027,1
3824,3818,2536.295664,42038,1
3825,3819,2536.306799,42049,1
3826,3820,2536.317933,42060,1
3827,3821,2536.329069,42071,1
3828,3822,2536.340204,42082,1
3829,3823,2536.351342,42093,1
3830,3824,2536.362477,42104,1
3831,3825,2536.373613,42115,1
3832,3826,2536.384747,42126,1
3833,3827,2536.395884,42137,1
3834,3828,2536.407020,42148,1
3835,3829,2536.418156,42159,1
3836,3830,2536.429292,42170,1
3837,3831,2536.440427,42181,1
3838,3832,2536.451564,42192,1
3839,3833,2536.462698,42203,1
3840,3834,2536.473834,42214,1
3841,3835,2536.484969,42225,1
3842,3836,2536.496105,42236,1
3843,3837,2536.507240,42247,1
3844,3838,2536.518379,42258,1
3845,3839,2536.529512,42269,1
3846,3840,2536.540648,42280,1
3847,3841,2536.551785,42291,1
3848,3842,2536.562921,42302,1
3849,3843,2536.574058,42313,1
3850,3844,2536.585192,42324,1
3851,3845,2536.596328,42335,1
3852,3846,2536.607465,42346,1
3853,3847,2536.618601,42357,1
3854,3848,2536.629734,42368,1
3855,3849,2536.640871,42379,1
3856,3850,2536.652007,42390,1
3857,3851,2536.663141,42401,1
3858,3852,2536.674278,42412,1
3859,3853,2536.685413,42423,1
3860,3854,2536.696550,42434,1
3861,3855,2536.707686,42445,1
3862,3856,2536.718821,42456,1
3863,3857,2536.729958,42467,1
3864,3858,2536.741100,42478,1
3865,3859,2536.752228,42489,1
3866,3860,2536.763365,42500,1
3867,3861,2536.774501,42511,1
3868,3862,2536.785636,42522,1
3869,3863,2536.796773,42533,1
3870,3864,2536.807907,42544,1
3871,3865,2536.819042,42555,1
3872,3866,2536.829167,42565,1
3873,3867,2536.840301,42576,1
3874,3868,2536.851439,42587,1
3875,3869,2536.862575,42598,1
3876,3870,2536.873709,42609,1
3877,3871,2536.884846,42620,1
3878,3872,2536.895981,42631,1
3879,3873,2536.907115,42642,1
3880,3874,2536.918251,42653,1
3881,3875,2536.929388,42664,1
3882,3876,2536.940522,42675,1
3883,3877,2536.951659,42686,1
3884,3878,2536.962794,42697,1
3885,3879,2536.973931,42708,1
3886,3880,2536.985068,42719,1
3887,3881,2536.996204,42730,1
3888,3882,2537.007338,42741,1
3889,3883,2537.018474,42752,1
3890,3884,2537.029609,42763,1
3891,3885,2537.040746,42774,1
3892,3886,2537.051882,42785,1
3893,3887,2537.063017,42796,1
3894,3888,2537.074153,42807,1
3895,3889,2537.085290,42818,1
3896,3890,2537.096425,42829,1
3897,3891,2537.107553,42829,0
