# which inertial sample is which camera frame, from the hardware trigger
# frame_period_s=0.011127773  (89.865239790 Hz, measured from this session's own trigger pulses -- the camera does not run at 90.000)
# trigger_pulses=5634  pulses_the_imu_missed=0
# t_bar_s is the exposure time in the BAR's clock, the same clock as esp_timestamp_us in imu/raw_imu.csv
# imu_sample is a row index into imu/raw_imu.csv; tagged=0 means the inertial stream missed that pulse and the time is interpolated
frame,video_row,t_bar_s,imu_sample,tagged
0,0,60.694695,10,1
1,1,60.705832,21,1
2,2,60.716970,32,1
3,3,60.728106,43,1
4,4,60.739243,54,1
5,5,60.750381,65,1
6,6,60.761516,76,1
7,7,60.772654,87,1
8,8,60.783789,98,1
9,9,60.794927,109,1
10,10,60.806063,120,1
11,11,60.817202,131,1
12,12,60.828338,142,1
13,13,60.839473,153,1
14,14,60.850612,164,1
15,15,60.861748,175,1
16,16,60.872885,186,1
17,17,60.884021,197,1
18,18,60.895159,208,1
19,19,60.906296,219,1
20,20,60.917431,230,1
21,21,60.928569,241,1
22,22,60.939705,252,1
23,23,60.950841,263,1
24,24,60.961977,274,1
25,25,60.973116,285,1
26,26,60.984252,296,1
27,27,60.995387,307,1
28,28,61.006526,318,1
29,29,61.017661,329,1
30,30,61.028800,340,1
31,31,61.039937,351,1
32,32,61.051074,362,1
33,33,61.062208,373,1
34,34,61.073346,384,1
35,35,61.084483,395,1
36,36,61.095620,406,1
37,37,61.106755,417,1
38,38,61.117892,428,1
39,39,61.129031,439,1
40,40,61.140168,450,1
41,41,61.151302,461,1
42,42,61.162440,472,1
43,43,61.173577,483,1
44,44,61.184715,494,1
45,45,61.195851,505,1
46,46,61.206986,516,1
47,47,61.218124,527,1
48,48,61.229259,538,1
49,49,61.240398,549,1
50,50,61.251534,560,1
51,51,61.262671,571,1
52,52,61.273808,582,1
53,53,61.284943,593,1
54,54,61.296081,604,1
55,55,61.307218,615,1
56,56,61.318356,626,1
57,57,61.329491,637,1
58,58,61.340629,648,1
59,59,61.351764,659,1
60,60,61.362900,670,1
61,61,61.374040,681,1
62,62,61.385176,692,1
63,63,61.395301,702,1
64,64,61.406437,713,1
65,65,61.417572,724,1
66,66,61.428711,735,1
67,67,61.439847,746,1
68,68,61.450984,757,1
69,69,61.462119,768,1
70,70,61.473258,779,1
71,-1,61.484394,790,1
72,71,61.495532,801,1
73,72,61.506666,812,1
74,73,61.517804,823,1
75,74,61.528941,834,1
76,75,61.540078,845,1
77,76,61.551215,856,1
78,77,61.562350,867,1
79,78,61.573489,878,1
80,79,61.584623,889,1
81,80,61.595762,900,1
82,81,61.606899,911,1
83,82,61.618034,922,1
84,83,61.629173,933,1
85,84,61.640309,944,1
86,85,61.651445,955,1
87,86,61.662583,966,1
88,87,61.673718,977,1
89,88,61.684856,988,1
90,89,61.695993,999,1
91,90,61.707129,1010,1
92,91,61.718266,1021,1
93,92,61.729401,1032,1
94,93,61.740540,1043,1
95,94,61.751675,1054,1
96,95,61.762813,1065,1
97,96,61.773951,1076,1
98,97,61.785096,1087,1
99,98,61.796222,1098,1
100,99,61.807360,1109,1
101,100,61.818495,1120,1
102,101,61.829634,1131,1
103,102,61.840770,1142,1
104,103,61.851907,1153,1
105,104,61.863042,1164,1
106,105,61.874180,1175,1
107,106,61.885317,1186,1
108,107,61.896453,1197,1
109,108,61.907591,1208,1
110,109,61.918728,1219,1
111,110,61.929863,1230,1
112,111,61.941000,1241,1
113,112,61.952136,1252,1
114,113,61.963273,1263,1
115,114,61.974410,1274,1
116,115,61.985547,1285,1
117,116,61.996686,1296,1
118,117,62.007823,1307,1
119,118,62.018957,1318,1
120,119,62.030101,1329,1
121,120,62.041231,1340,1
122,121,62.052367,1351,1
123,122,62.063506,1362,1
124,123,62.074643,1373,1
125,124,62.085777,1384,1
126,125,62.096917,1395,1
127,126,62.108054,1406,1
128,127,62.119189,1417,1
129,128,62.130325,1428,1
130,129,62.141461,1439,1
131,130,62.152600,1450,1
132,131,62.163735,1461,1
133,132,62.174872,1472,1
134,133,62.186008,1483,1
135,134,62.197145,1494,1
136,135,62.208284,1505,1
137,136,62.219421,1516,1
138,137,62.230558,1527,1
139,138,62.241694,1538,1
140,139,62.252830,1549,1
141,140,62.263966,1560,1
142,141,62.275104,1571,1
143,142,62.286241,1582,1
144,143,62.297378,1593,1
145,144,62.308514,1604,1
146,145,62.319649,1615,1
147,146,62.330786,1626,1
148,147,62.341925,1637,1
149,148,62.353061,1648,1
150,149,62.364199,1659,1
151,150,62.375334,1670,1
152,151,62.386472,1681,1
153,152,62.397609,1692,1
154,153,62.408744,1703,1
155,154,62.419881,1714,1
156,155,62.431020,1725,1
157,156,62.442156,1736,1
158,157,62.453292,1747,1
159,158,62.464427,1758,1
160,159,62.475567,1769,1
161,160,62.486701,1780,1
162,161,62.497839,1791,1
163,162,62.508974,1802,1
164,163,62.520113,1813,1
165,164,62.531250,1824,1
166,165,62.542385,1835,1
167,166,62.553524,1846,1
168,167,62.564661,1857,1
169,168,62.575795,1868,1
170,169,62.586932,1879,1
171,170,62.598070,1890,1
172,171,62.609206,1901,1
173,172,62.620342,1912,1
174,173,62.631479,1923,1
175,174,62.642616,1934,1
176,175,62.652741,1944,1
177,176,62.663877,1955,1
178,177,62.675015,1966,1
179,178,62.686150,1977,1
180,179,62.697288,1988,1
181,180,62.708425,1999,1
182,181,62.719562,2010,1
183,182,62.730700,2021,1
184,183,62.741834,2032,1
185,184,62.752971,2043,1
186,185,62.764107,2054,1
187,186,62.775246,2065,1
188,187,62.786383,2076,1
189,188,62.797518,2087,1
190,189,62.808654,2098,1
191,190,62.819792,2109,1
192,191,62.830930,2120,1
193,192,62.842068,2131,1
194,193,62.853204,2142,1
195,194,62.864338,2153,1
196,195,62.875478,2164,1
197,196,62.886614,2175,1
198,197,62.897750,2186,1
199,198,62.908887,2197,1
200,199,62.920022,2208,1
201,200,62.931160,2219,1
202,201,62.942297,2230,1
203,202,62.953435,2241,1
204,203,62.964571,2252,1
205,204,62.975706,2263,1
206,205,62.986843,2274,1
207,206,62.997982,2285,1
208,207,63.009117,2296,1
209,208,63.020253,2307,1
210,209,63.031390,2318,1
211,210,63.042527,2329,1
212,211,63.053664,2340,1
213,212,63.064802,2351,1
214,213,63.075938,2362,1
215,214,63.087075,2373,1
216,215,63.098211,2384,1
217,216,63.109349,2395,1
218,217,63.120486,2406,1
219,218,63.131621,2417,1
220,219,63.142758,2428,1
221,220,63.153895,2439,1
222,221,63.165031,2450,1
223,222,63.176170,2461,1
224,223,63.187307,2472,1
225,224,63.198441,2483,1
226,225,63.209580,2494,1
227,226,63.220717,2505,1
228,227,63.231854,2516,1
229,228,63.242991,2527,1
230,229,63.254127,2538,1
231,230,63.265263,2549,1
232,231,63.276399,2560,1
233,232,63.287536,2571,1
234,233,63.298674,2582,1
235,234,63.309809,2593,1
236,235,63.320948,2604,1
237,236,63.332096,2615,1
238,237,63.343221,2626,1
239,238,63.354357,2637,1
240,239,63.365495,2648,1
241,240,63.376631,2659,1
242,241,63.387768,2670,1
243,242,63.398904,2681,1
244,243,63.410042,2692,1
245,244,63.421177,2703,1
246,245,63.432315,2714,1
247,246,63.443452,2725,1
248,247,63.454587,2736,1
249,248,63.465725,2747,1
250,249,63.476863,2758,1
251,250,63.487997,2769,1
252,251,63.499135,2780,1
253,252,63.510272,2791,1
254,253,63.521407,2802,1
255,254,63.532546,2813,1
256,255,63.543681,2824,1
257,256,63.554819,2835,1
258,257,63.565955,2846,1
259,258,63.577097,2857,1
260,259,63.588228,2868,1
261,260,63.599366,2879,1
262,261,63.610503,2890,1
263,262,63.621640,2901,1
264,263,63.632775,2912,1
265,264,63.643913,2923,1
266,265,63.655051,2934,1
267,266,63.666188,2945,1
268,267,63.677323,2956,1
269,268,63.688459,2967,1
270,269,63.699598,2978,1
271,270,63.710735,2989,1
272,271,63.721869,3000,1
273,272,63.733006,3011,1
274,273,63.744143,3022,1
275,274,63.755281,3033,1
276,275,63.766418,3044,1
277,276,63.777554,3055,1
278,277,63.788692,3066,1
279,278,63.799827,3077,1
280,279,63.810965,3088,1
281,280,63.822102,3099,1
282,281,63.833239,3110,1
283,282,63.844374,3121,1
284,283,63.855510,3132,1
285,284,63.866649,3143,1
286,285,63.877786,3154,1
287,286,63.888923,3165,1
288,287,63.900058,3176,1
289,288,63.910182,3186,1
290,289,63.921320,3197,1
291,290,63.932455,3208,1
292,291,63.943594,3219,1
293,292,63.954729,3230,1
294,293,63.965867,3241,1
295,294,63.977004,3252,1
296,295,63.988139,3263,1
297,296,63.999277,3274,1
298,297,64.010414,3285,1
299,298,64.021551,3296,1
300,299,64.032686,3307,1
301,300,64.043825,3318,1
302,301,64.054960,3329,1
303,302,64.066101,3340,1
304,303,64.077235,3351,1
305,304,64.088370,3362,1
306,305,64.099507,3373,1
307,306,64.110645,3384,1
308,307,64.121780,3395,1
309,308,64.132918,3406,1
310,309,64.144055,3417,1
311,310,64.155193,3428,1
312,311,64.166328,3439,1
313,312,64.177464,3450,1
314,313,64.188603,3461,1
315,314,64.199737,3472,1
316,315,64.210876,3483,1
317,316,64.222011,3494,1
318,317,64.233150,3505,1
319,318,64.244284,3516,1
320,319,64.255423,3527,1
321,320,64.266558,3538,1
322,321,64.277696,3549,1
323,322,64.288833,3560,1
324,323,64.299968,3571,1
325,324,64.311107,3582,1
326,325,64.322243,3593,1
327,326,64.333379,3604,1
328,327,64.344518,3615,1
329,328,64.355655,3626,1
330,329,64.366790,3637,1
331,330,64.377927,3648,1
332,331,64.389064,3659,1
333,332,64.400199,3670,1
334,333,64.411338,3681,1
335,334,64.422474,3692,1
336,335,64.433611,3703,1
337,-1,64.444746,3714,1
338,336,64.455883,3725,1
339,337,64.467021,3736,1
340,338,64.478158,3747,1
341,339,64.489293,3758,1
342,340,64.500432,3769,1
343,341,64.511567,3780,1
344,342,64.522705,3791,1
345,343,64.533840,3802,1
346,344,64.544979,3813,1
347,345,64.556116,3824,1
348,346,64.567253,3835,1
349,347,64.578387,3846,1
350,348,64.589525,3857,1
351,349,64.600662,3868,1
352,350,64.611798,3879,1
353,351,64.622936,3890,1
354,352,64.634073,3901,1
355,353,64.645210,3912,1
356,354,64.656346,3923,1
357,355,64.667483,3934,1
358,356,64.678619,3945,1
359,357,64.689756,3956,1
360,358,64.700891,3967,1
361,359,64.712028,3978,1
362,360,64.723167,3989,1
363,361,64.734303,4000,1
364,362,64.745441,4011,1
365,363,64.756575,4022,1
366,364,64.767713,4033,1
367,365,64.778849,4044,1
368,366,64.789987,4055,1
369,367,64.801124,4066,1
370,368,64.812261,4077,1
371,369,64.823398,4088,1
372,370,64.834533,4099,1
373,371,64.845669,4110,1
374,372,64.856808,4121,1
375,373,64.867944,4132,1
376,374,64.879081,4143,1
377,375,64.890218,4154,1
378,376,64.901355,4165,1
379,377,64.912492,4176,1
380,378,64.923627,4187,1
381,379,64.934765,4198,1
382,380,64.945902,4209,1
383,381,64.957039,4220,1
384,382,64.968176,4231,1
385,383,64.979313,4242,1
386,384,64.990449,4253,1
387,385,65.001585,4264,1
388,386,65.012722,4275,1
389,-1,65.023860,4286,1
390,387,65.034994,4297,1
391,388,65.046133,4308,1
392,389,65.057270,4319,1
393,390,65.068405,4330,1
394,391,65.079543,4341,1
395,392,65.090680,4352,1
396,393,65.101816,4363,1
397,394,65.112953,4374,1
398,395,65.124097,4385,1
399,396,65.135225,4396,1
400,397,65.146363,4407,1
401,398,65.157500,4418,1
402,399,65.167625,4428,1
403,400,65.178761,4439,1
404,401,65.189899,4450,1
405,402,65.201033,4461,1
406,403,65.212172,4472,1
407,404,65.223309,4483,1
408,405,65.234446,4494,1
409,406,65.245582,4505,1
410,407,65.256720,4516,1
411,408,65.267856,4527,1
412,409,65.278991,4538,1
413,410,65.290130,4549,1
414,411,65.301266,4560,1
415,412,65.312401,4571,1
416,414,65.323539,4582,1
417,-1,65.334675,4593,1
418,415,65.345811,4604,1
419,416,65.356950,4615,1
420,417,65.368103,4626,1
421,418,65.379224,4637,1
422,419,65.390359,4648,1
423,420,65.401495,4659,1
424,421,65.412632,4670,1
425,422,65.423768,4681,1
426,423,65.434905,4692,1
427,424,65.446043,4703,1
428,425,65.457180,4714,1
429,426,65.468315,4725,1
430,427,65.479454,4736,1
431,428,65.490590,4747,1
432,429,65.501726,4758,1
433,430,65.512864,4769,1
434,431,65.523999,4780,1
435,432,65.535136,4791,1
436,433,65.546275,4802,1
437,434,65.557411,4813,1
438,435,65.568548,4824,1
439,436,65.579683,4835,1
440,437,65.590820,4846,1
441,438,65.601959,4857,1
442,439,65.613101,4868,1
443,440,65.624230,4879,1
444,441,65.635367,4890,1
445,442,65.646504,4901,1
446,443,65.657642,4912,1
447,444,65.668778,4923,1
448,445,65.679916,4934,1
449,446,65.691053,4945,1
450,447,65.702189,4956,1
451,448,65.713325,4967,1
452,449,65.724461,4977,1
453,450,65.735600,4988,1
454,451,65.746736,4999,1
455,452,65.757874,5010,1
456,453,65.769008,5021,1
457,454,65.780147,5032,1
458,455,65.791282,5043,1
459,456,65.802418,5054,1
460,457,65.813555,5065,1
461,458,65.824694,5076,1
462,459,65.835830,5087,1
463,460,65.846966,5098,1
464,461,65.858105,5109,1
465,462,65.869239,5120,1
466,463,65.880378,5131,1
467,464,65.891515,5142,1
468,465,65.902651,5153,1
469,466,65.913788,5164,1
470,467,65.924923,5175,1
471,468,65.936062,5186,1
472,469,65.947198,5197,1
473,470,65.958334,5208,1
474,471,65.969471,5219,1
475,472,65.980608,5230,1
476,473,65.991744,5241,1
477,474,66.002881,5252,1
478,475,66.014016,5263,1
479,476,66.025156,5274,1
480,477,66.036290,5285,1
481,478,66.047427,5296,1
482,479,66.058564,5307,1
483,480,66.069702,5318,1
484,481,66.080837,5329,1
485,482,66.091976,5340,1
486,483,66.103112,5351,1
487,484,66.114249,5362,1
488,485,66.125386,5373,1
489,486,66.136521,5384,1
490,487,66.147660,5395,1
491,488,66.158795,5406,1
492,489,66.169931,5417,1
493,490,66.181070,5428,1
494,491,66.192205,5439,1
495,492,66.203343,5450,1
496,493,66.214480,5461,1
497,494,66.225615,5472,1
498,495,66.236752,5483,1
499,496,66.247889,5494,1
500,497,66.259026,5505,1
501,498,66.270164,5516,1
502,499,66.281300,5527,1
503,500,66.292438,5538,1
504,501,66.303574,5549,1
505,502,66.314710,5560,1
506,503,66.325848,5571,1
507,504,66.336983,5582,1
508,505,66.348119,5593,1
509,506,66.359257,5604,1
510,507,66.370395,5615,1
511,508,66.381531,5626,1
512,509,66.392667,5637,1
513,510,66.403803,5648,1
514,511,66.414941,5659,1
515,512,66.425064,5669,1
516,513,66.436204,5680,1
517,514,66.447338,5691,1
518,515,66.458475,5702,1
519,516,66.469613,5713,1
520,517,66.480750,5724,1
521,518,66.491885,5735,1
522,519,66.503022,5746,1
523,520,66.514158,5757,1
524,521,66.525295,5768,1
525,522,66.536433,5779,1
526,523,66.547570,5790,1
527,524,66.558706,5801,1
528,525,66.569842,5812,1
529,526,66.580979,5823,1
530,527,66.592118,5834,1
531,528,66.603254,5845,1
532,529,66.614391,5856,1
533,530,66.625526,5867,1
534,531,66.636664,5878,1
535,532,66.647800,5889,1
536,533,66.658939,5900,1
537,534,66.670073,5911,1
538,535,66.681211,5922,1
539,536,66.692348,5933,1
540,537,66.703483,5944,1
541,538,66.714622,5955,1
542,539,66.725757,5966,1
543,540,66.736896,5977,1
544,541,66.748032,5988,1
545,542,66.759167,5999,1
546,543,66.770304,6010,1
547,544,66.781442,6021,1
548,545,66.792579,6032,1
549,546,66.803714,6043,1
550,547,66.814852,6054,1
551,548,66.825989,6065,1
552,549,66.837126,6076,1
553,550,66.848261,6087,1
554,551,66.859401,6098,1
555,552,66.870537,6109,1
556,553,66.881671,6120,1
557,554,66.892810,6131,1
558,555,66.903945,6142,1
559,556,66.915095,6153,1
560,557,66.926220,6164,1
561,558,66.937357,6175,1
562,559,66.948494,6186,1
563,560,66.959629,6197,1
564,561,66.970767,6208,1
565,562,66.981904,6219,1
566,563,66.993041,6230,1
567,564,67.004176,6241,1
568,565,67.015314,6252,1
569,566,67.026449,6263,1
570,567,67.037586,6274,1
571,568,67.048724,6285,1
572,569,67.059862,6296,1
573,570,67.070996,6307,1
574,571,67.082135,6318,1
575,572,67.093272,6329,1
576,573,67.104409,6340,1
577,574,67.115545,6351,1
578,575,67.126683,6362,1
579,576,67.137818,6373,1
580,577,67.148955,6384,1
581,578,67.160098,6395,1
582,579,67.171229,6406,1
583,580,67.182366,6417,1
584,581,67.193501,6428,1
585,582,67.204640,6439,1
586,583,67.215776,6450,1
587,584,67.226912,6461,1
588,585,67.238050,6472,1
589,586,67.249185,6483,1
590,587,67.260324,6494,1
591,588,67.271460,6505,1
592,589,67.282597,6516,1
593,590,67.293733,6527,1
594,591,67.304870,6538,1
595,592,67.316008,6549,1
596,593,67.327144,6560,1
597,594,67.338279,6571,1
598,595,67.349415,6582,1
599,596,67.360553,6593,1
600,597,67.371691,6604,1
601,598,67.382827,6615,1
602,599,67.393965,6626,1
603,600,67.405100,6637,1
604,601,67.416237,6648,1
605,602,67.427374,6659,1
606,603,67.438512,6670,1
607,604,67.449648,6681,1
608,605,67.460783,6692,1
609,606,67.471920,6703,1
610,607,67.483059,6714,1
611,608,67.494195,6725,1
612,609,67.505331,6736,1
613,-1,67.516468,6747,1
614,610,67.527604,6758,1
615,611,67.538742,6769,1
616,612,67.549878,6780,1
617,613,67.561015,6791,1
618,614,67.572150,6802,1
619,615,67.583289,6813,1
620,616,67.594424,6824,1
621,617,67.605562,6835,1
622,618,67.616699,6846,1
623,619,67.627836,6857,1
624,620,67.638971,6868,1
625,621,67.650110,6879,1
626,622,67.661246,6890,1
627,623,67.671369,6900,1
628,624,67.682508,6911,1
629,625,67.693643,6922,1
630,626,67.704781,6933,1
631,627,67.715916,6944,1
632,628,67.727055,6955,1
633,629,67.738192,6966,1
634,630,67.749326,6977,1
635,631,67.760464,6988,1
636,632,67.771602,6999,1
637,633,67.782738,7010,1
638,634,67.793875,7021,1
639,635,67.805010,7032,1
640,636,67.816149,7043,1
641,637,67.827285,7054,1
642,638,67.838422,7065,1
643,639,67.849557,7076,1
644,640,67.860696,7087,1
645,642,67.871832,7098,1
646,-1,67.882967,7109,1
647,643,67.894105,7120,1
648,644,67.905242,7131,1
649,645,67.916380,7142,1
650,646,67.927514,7153,1
651,647,67.938651,7164,1
652,648,67.949788,7175,1
653,649,67.960926,7186,1
654,650,67.972064,7197,1
655,651,67.983198,7208,1
656,652,67.994336,7219,1
657,653,68.005473,7230,1
658,654,68.016611,7241,1
659,655,68.027747,7252,1
660,656,68.038884,7263,1
661,657,68.050022,7274,1
662,658,68.061155,7285,1
663,659,68.072294,7296,1
664,660,68.083430,7307,1
665,661,68.094567,7318,1
666,662,68.105703,7329,1
667,663,68.116841,7340,1
668,664,68.127978,7351,1
669,665,68.139114,7362,1
670,666,68.150251,7373,1
671,667,68.161386,7384,1
672,668,68.172525,7395,1
673,669,68.183661,7406,1
674,670,68.194799,7417,1
675,671,68.205935,7428,1
676,672,68.217072,7439,1
677,673,68.228207,7450,1
678,674,68.239345,7461,1
679,675,68.250482,7472,1
680,676,68.261619,7483,1
681,677,68.272756,7494,1
682,678,68.283892,7505,1
683,679,68.295028,7516,1
684,680,68.306165,7527,1
685,681,68.317301,7538,1
686,682,68.328438,7549,1
687,683,68.339576,7560,1
688,684,68.350712,7571,1
689,685,68.361849,7582,1
690,686,68.372985,7593,1
691,687,68.384124,7604,1
692,688,68.395259,7615,1
693,689,68.406397,7626,1
694,690,68.417534,7637,1
695,691,68.428669,7648,1
696,692,68.439807,7659,1
697,693,68.450942,7670,1
698,694,68.462079,7681,1
699,695,68.473215,7692,1
700,696,68.484355,7703,1
701,697,68.495492,7714,1
702,698,68.506628,7725,1
703,699,68.517762,7736,1
704,700,68.528899,7747,1
705,701,68.540036,7758,1
706,702,68.551175,7769,1
707,703,68.562309,7780,1
708,704,68.573449,7791,1
709,705,68.584586,7802,1
710,706,68.595720,7813,1
711,707,68.606858,7824,1
712,708,68.617996,7835,1
713,709,68.629131,7846,1
714,710,68.640268,7857,1
715,711,68.651404,7868,1
716,712,68.662541,7879,1
717,713,68.673680,7890,1
718,714,68.684814,7901,1
719,715,68.695951,7912,1
720,716,68.707097,7923,1
721,717,68.718226,7934,1
722,718,68.729362,7945,1
723,719,68.740498,7956,1
724,720,68.751636,7967,1
725,721,68.762773,7978,1
726,722,68.773909,7989,1
727,723,68.785046,8000,1
728,724,68.796182,8011,1
729,725,68.807320,8022,1
730,726,68.818455,8033,1
731,727,68.829592,8044,1
732,728,68.840731,8055,1
733,729,68.851865,8066,1
734,730,68.863003,8077,1
735,731,68.874139,8088,1
736,732,68.885276,8099,1
737,733,68.896415,8110,1
738,734,68.907549,8121,1
739,735,68.918686,8132,1
740,736,68.928812,8142,1
741,737,68.939947,8153,1
742,738,68.951095,8164,1
743,739,68.962221,8175,1
744,740,68.973359,8186,1
745,741,68.984496,8197,1
746,742,68.995631,8208,1
747,743,69.006767,8219,1
748,744,69.017906,8230,1
749,745,69.029043,8241,1
750,746,69.040180,8252,1
751,747,69.051316,8263,1
752,748,69.062451,8274,1
753,749,69.073589,8285,1
754,750,69.084725,8296,1
755,751,69.095864,8307,1
756,752,69.107001,8318,1
757,753,69.118135,8329,1
758,754,69.129274,8340,1
759,755,69.140411,8351,1
760,756,69.151548,8362,1
761,757,69.162682,8373,1
762,758,69.173819,8384,1
763,759,69.184956,8395,1
764,760,69.196099,8406,1
765,761,69.207231,8417,1
766,762,69.218367,8428,1
767,763,69.229505,8439,1
768,764,69.240642,8450,1
769,765,69.251776,8461,1
770,766,69.262914,8472,1
771,767,69.274051,8483,1
772,768,69.285186,8494,1
773,769,69.296325,8505,1
774,770,69.307461,8516,1
775,771,69.318599,8527,1
776,772,69.329736,8538,1
777,773,69.340873,8549,1
778,774,69.352007,8560,1
779,775,69.363144,8571,1
780,776,69.374281,8582,1
781,777,69.385420,8593,1
782,778,69.396554,8604,1
783,779,69.407693,8615,1
784,780,69.418829,8626,1
785,781,69.429965,8637,1
786,782,69.441103,8648,1
787,783,69.452238,8659,1
788,784,69.463376,8670,1
789,785,69.474512,8681,1
790,786,69.485649,8692,1
791,787,69.496787,8703,1
792,788,69.507923,8714,1
793,789,69.519061,8725,1
794,790,69.530197,8736,1
795,791,69.541332,8747,1
796,792,69.552470,8758,1
797,793,69.563605,8769,1
798,794,69.574744,8780,1
799,796,69.585879,8791,1
800,-1,69.597016,8802,1
801,797,69.608155,8813,1
802,798,69.619291,8824,1
803,799,69.630426,8835,1
804,800,69.641564,8846,1
805,801,69.652701,8857,1
806,802,69.663838,8868,1
807,803,69.674973,8879,1
808,804,69.686111,8890,1
809,805,69.697249,8901,1
810,806,69.708383,8912,1
811,807,69.719521,8923,1
812,808,69.730657,8934,1
813,809,69.741796,8945,1
814,810,69.752931,8956,1
815,811,69.764069,8967,1
816,812,69.775204,8978,1
817,813,69.786341,8989,1
818,814,69.797477,9000,1
819,815,69.808614,9011,1
820,816,69.819753,9022,1
821,817,69.830888,9033,1
822,818,69.842025,9044,1
823,819,69.853163,9055,1
824,820,69.864299,9066,1
825,821,69.875436,9077,1
826,822,69.886574,9088,1
827,823,69.897710,9099,1
828,824,69.908845,9110,1
829,825,69.919983,9121,1
830,826,69.931120,9132,1
831,827,69.942257,9143,1
832,828,69.953394,9154,1
833,829,69.964529,9165,1
834,830,69.975666,9176,1
835,831,69.986802,9187,1
836,832,69.997939,9198,1
837,833,70.009077,9209,1
838,834,70.020215,9220,1
839,835,70.031352,9231,1
840,836,70.042488,9242,1
841,837,70.053623,9253,1
842,838,70.064759,9264,1
843,839,70.075898,9275,1
844,840,70.087035,9286,1
845,841,70.098172,9297,1
846,842,70.109307,9308,1
847,843,70.120444,9319,1
848,844,70.131580,9330,1
849,845,70.142718,9341,1
850,846,70.153854,9352,1
851,847,70.164992,9363,1
852,848,70.176129,9374,1
853,849,70.186252,9384,1
854,850,70.197390,9395,1
855,851,70.208525,9406,1
856,852,70.219663,9417,1
857,853,70.230798,9428,1
858,854,70.241937,9439,1
859,855,70.253072,9450,1
860,856,70.264211,9461,1
861,857,70.275346,9472,1
862,858,70.286484,9483,1
863,859,70.297621,9494,1
864,860,70.308756,9505,1
865,861,70.319895,9516,1
866,862,70.331031,9527,1
867,863,70.342169,9538,1
868,864,70.353304,9549,1
869,865,70.364442,9560,1
870,866,70.375579,9571,1
871,867,70.386714,9582,1
872,868,70.397850,9593,1
873,869,70.408988,9604,1
874,870,70.420125,9615,1
875,871,70.431262,9626,1
876,872,70.442397,9637,1
877,873,70.453535,9648,1
878,874,70.464670,9659,1
879,875,70.475807,9670,1
880,876,70.486946,9681,1
881,877,70.498082,9692,1
882,878,70.509219,9703,1
883,879,70.520354,9714,1
884,880,70.531493,9725,1
885,881,70.542627,9736,1
886,882,70.553767,9747,1
887,883,70.564902,9758,1
888,884,70.576039,9769,1
889,885,70.587176,9780,1
890,886,70.598314,9791,1
891,887,70.609450,9802,1
892,888,70.620587,9813,1
893,889,70.631722,9824,1
894,890,70.642860,9835,1
895,891,70.653995,9846,1
896,892,70.665132,9857,1
897,893,70.676270,9868,1
898,894,70.687407,9879,1
899,895,70.698544,9890,1
900,896,70.709679,9901,1
901,897,70.720816,9911,1
902,898,70.731955,9922,1
903,899,70.743098,9933,1
904,900,70.754226,9944,1
905,901,70.765363,9955,1
906,902,70.776500,9966,1
907,903,70.787638,9977,1
908,904,70.798773,9988,1
909,905,70.809911,9999,1
910,906,70.821049,10010,1
911,907,70.832185,10021,1
912,908,70.843322,10032,1
913,909,70.854457,10043,1
914,910,70.865596,10054,1
915,911,70.876730,10065,1
916,912,70.887869,10076,1
917,913,70.899005,10087,1
918,914,70.910142,10098,1
919,915,70.921280,10109,1
920,916,70.932416,10120,1
921,917,70.943553,10131,1
922,918,70.954690,10142,1
923,919,70.965824,10153,1
924,920,70.976963,10164,1
925,921,70.988102,10175,1
926,922,70.999235,10186,1
927,923,71.010373,10197,1
928,924,71.021510,10208,1
929,925,71.032647,10219,1
930,926,71.043783,10230,1
931,927,71.054919,10241,1
932,928,71.066057,10252,1
933,929,71.077192,10263,1
934,930,71.088329,10274,1
935,931,71.099466,10285,1
936,932,71.110604,10296,1
937,933,71.121741,10307,1
938,934,71.132877,10318,1
939,935,71.144012,10329,1
940,936,71.155152,10340,1
941,937,71.166286,10351,1
942,938,71.177423,10362,1
943,939,71.188562,10373,1
944,940,71.199698,10384,1
945,941,71.210833,10395,1
946,942,71.221971,10406,1
947,943,71.233106,10417,1
948,944,71.244246,10428,1
949,945,71.255380,10439,1
950,946,71.266520,10450,1
951,947,71.277653,10461,1
952,948,71.288793,10472,1
953,949,71.299929,10483,1
954,950,71.311066,10494,1
955,951,71.322203,10505,1
956,952,71.333337,10516,1
957,953,71.344475,10527,1
958,954,71.355612,10538,1
959,955,71.366750,10549,1
960,956,71.377885,10560,1
961,957,71.389021,10571,1
962,958,71.400160,10582,1
963,959,71.411295,10593,1
964,960,71.422434,10604,1
965,961,71.433570,10615,1
966,962,71.443695,10625,1
967,963,71.454831,10636,1
968,964,71.465967,10647,1
969,965,71.477103,10658,1
970,966,71.488240,10669,1
971,967,71.499379,10680,1
972,968,71.510514,10691,1
973,969,71.521652,10702,1
974,970,71.532789,10713,1
975,971,71.543924,10724,1
976,972,71.555063,10735,1
977,973,71.566198,10746,1
978,974,71.577336,10757,1
979,975,71.588470,10768,1
980,976,71.599607,10779,1
981,977,71.610745,10790,1
982,978,71.621881,10801,1
983,979,71.633020,10812,1
984,980,71.644155,10823,1
985,981,71.655291,10834,1
986,982,71.666430,10845,1
987,983,71.677567,10856,1
988,984,71.688704,10867,1
989,985,71.699840,10878,1
990,986,71.710977,10889,1
991,987,71.722112,10900,1
992,988,71.733250,10911,1
993,989,71.744385,10922,1
994,990,71.755523,10933,1
995,991,71.766658,10944,1
996,992,71.777797,10955,1
997,993,71.788934,10966,1
998,994,71.800070,10977,1
999,995,71.811208,10988,1
1000,996,71.822342,10999,1
1001,997,71.833479,11010,1
1002,998,71.844617,11021,1
1003,999,71.855755,11032,1
1004,1000,71.866891,11043,1
1005,1001,71.878026,11054,1
1006,1002,71.889165,11065,1
1007,1003,71.900300,11076,1
1008,1004,71.911436,11087,1
1009,1005,71.922574,11098,1
1010,1006,71.933712,11109,1
1011,1007,71.944848,11120,1
1012,1008,71.955985,11131,1
1013,1009,71.967120,11142,1
1014,1010,71.978258,11153,1
1015,1011,71.989395,11164,1
1016,1012,72.000530,11175,1
1017,1013,72.011668,11186,1
1018,1014,72.022806,11197,1
1019,1015,72.033942,11208,1
1020,1016,72.045079,11219,1
1021,1017,72.056216,11230,1
1022,1018,72.067353,11241,1
1023,1019,72.078488,11252,1
1024,1020,72.089624,11263,1
1025,1021,72.100763,11274,1
1026,1022,72.111898,11285,1
1027,1023,72.123035,11296,1
1028,1024,72.134173,11307,1
1029,1025,72.145310,11318,1
1030,1026,72.156447,11329,1
1031,1027,72.167583,11340,1
1032,1028,72.178720,11351,1
1033,1029,72.189855,11362,1
1034,1030,72.200993,11373,1
1035,1031,72.212129,11384,1
1036,1032,72.223265,11395,1
1037,1033,72.234404,11406,1
1038,1034,72.245541,11417,1
1039,1035,72.256678,11428,1
1040,1036,72.267815,11439,1
1041,1037,72.278951,11450,1
1042,1038,72.290097,11461,1
1043,1039,72.301225,11472,1
1044,1040,72.312360,11483,1
1045,1041,72.323497,11494,1
1046,1042,72.334634,11505,1
1047,1043,72.345770,11516,1
1048,1044,72.356906,11527,1
1049,1045,72.368046,11538,1
1050,1046,72.379182,11549,1
1051,1047,72.390318,11560,1
1052,1048,72.401454,11571,1
1053,1049,72.412591,11582,1
1054,1050,72.423727,11593,1
1055,1051,72.434865,11604,1
1056,1052,72.446001,11615,1
1057,1053,72.457139,11626,1
1058,1054,72.468276,11637,1
1059,1055,72.479411,11648,1
1060,1056,72.490548,11659,1
1061,1057,72.501686,11670,1
1062,1058,72.512822,11681,1
1063,1059,72.523959,11692,1
1064,1060,72.535101,11703,1
1065,1061,72.546232,11714,1
1066,1062,72.557370,11725,1
1067,1063,72.568505,11736,1
1068,1064,72.579643,11747,1
1069,1065,72.590779,11758,1
1070,1066,72.601917,11769,1
1071,1067,72.613054,11780,1
1072,1068,72.624191,11791,1
1073,1069,72.635327,11802,1
1074,1070,72.646462,11813,1
1075,1071,72.657601,11824,1
1076,1072,72.668736,11835,1
1077,1073,72.679873,11846,1
1078,1074,72.691011,11857,1
1079,1075,72.701136,11867,1
1080,1076,72.712270,11878,1
1081,1077,72.723409,11889,1
1082,1078,72.734544,11900,1
1083,1079,72.745680,11911,1
1084,1080,72.756820,11922,1
1085,1081,72.767956,11933,1
1086,1082,72.779098,11944,1
1087,1083,72.790229,11955,1
1088,1084,72.801367,11966,1
1089,1085,72.812502,11977,1
1090,1086,72.823639,11988,1
1091,1087,72.834777,11999,1
1092,1088,72.845914,12010,1
1093,1089,72.857050,12021,1
1094,1090,72.868186,12032,1
1095,1091,72.879323,12043,1
1096,1092,72.890461,12054,1
1097,1093,72.901597,12065,1
1098,1094,72.912734,12076,1
1099,1095,72.923871,12087,1
1100,1096,72.935008,12098,1
1101,1097,72.946142,12109,1
1102,1098,72.957281,12120,1
1103,1099,72.968417,12131,1
1104,1100,72.979554,12142,1
1105,1101,72.990689,12153,1
1106,1102,73.001826,12164,1
1107,1103,73.012964,12175,1
1108,1104,73.024107,12186,1
1109,1105,73.035238,12197,1
1110,1106,73.046375,12208,1
1111,1107,73.057512,12219,1
1112,1108,73.068649,12230,1
1113,1109,73.079785,12241,1
1114,1110,73.090921,12252,1
1115,1111,73.102059,12263,1
1116,1112,73.113195,12274,1
1117,1113,73.124330,12285,1
1118,1114,73.135467,12296,1
1119,1115,73.146606,12307,1
1120,1116,73.157743,12318,1
1121,1117,73.168880,12329,1
1122,1118,73.180016,12340,1
1123,1119,73.191153,12351,1
1124,1120,73.202289,12362,1
1125,1121,73.213426,12373,1
1126,1122,73.224563,12384,1
1127,1123,73.235700,12395,1
1128,1124,73.246836,12406,1
1129,1125,73.257973,12417,1
1130,1126,73.269110,12428,1
1131,1127,73.280246,12439,1
1132,1128,73.291384,12450,1
1133,1129,73.302520,12461,1
1134,1130,73.313656,12472,1
1135,1131,73.324793,12483,1
1136,1132,73.335930,12494,1
1137,1133,73.347067,12505,1
1138,1134,73.358204,12516,1
1139,1135,73.369339,12527,1
1140,1136,73.380477,12538,1
1141,1137,73.391613,12549,1
1142,1138,73.402749,12560,1
1143,1139,73.413887,12571,1
1144,1140,73.425024,12582,1
1145,1141,73.436159,12593,1
1146,1142,73.447296,12604,1
1147,1143,73.458434,12615,1
1148,1144,73.469570,12626,1
1149,1145,73.480707,12637,1
1150,1146,73.491844,12648,1
1151,1147,73.502980,12659,1
1152,1148,73.514117,12670,1
1153,1149,73.525254,12681,1
1154,1150,73.536393,12692,1
1155,1151,73.547527,12703,1
1156,1152,73.558664,12714,1
1157,1153,73.569800,12725,1
1158,1154,73.580937,12736,1
1159,1155,73.592076,12747,1
1160,1156,73.603213,12758,1
1161,1157,73.614349,12769,1
1162,1158,73.625486,12780,1
1163,1159,73.636622,12791,1
1164,1160,73.647760,12802,1
1165,1161,73.658895,12813,1
1166,1162,73.670033,12824,1
1167,1163,73.681170,12835,1
1168,1164,73.692307,12846,1
1169,1165,73.703444,12857,1
1170,1166,73.714580,12868,1
1171,1167,73.725715,12879,1
1172,1168,73.736852,12890,1
1173,1169,73.747988,12901,1
1174,1170,73.759127,12912,1
1175,1171,73.770264,12923,1
1176,1172,73.781399,12934,1
1177,1173,73.792538,12945,1
1178,1174,73.803674,12956,1
1179,1175,73.814809,12967,1
1180,1176,73.825946,12978,1
1181,1177,73.837083,12989,1
1182,1178,73.848221,13000,1
1183,1179,73.859358,13011,1
1184,1180,73.870494,13022,1
1185,1181,73.881631,13033,1
1186,1182,73.892766,13044,1
1187,1183,73.903905,13055,1
1188,1184,73.915041,13066,1
1189,1185,73.926179,13077,1
1190,1186,73.937315,13088,1
1191,1187,73.948450,13099,1
1192,1188,73.958576,13109,1
1193,1189,73.969713,13120,1
1194,1190,73.980849,13131,1
1195,1191,73.991985,13142,1
1196,1192,74.003124,13153,1
1197,1193,74.014260,13164,1
1198,1194,74.025396,13175,1
1199,1195,74.036533,13186,1
1200,1196,74.047671,13197,1
1201,1197,74.058807,13208,1
1202,1198,74.069942,13219,1
1203,1199,74.081079,13230,1
1204,1200,74.092217,13241,1
1205,1201,74.103354,13252,1
1206,1202,74.114490,13263,1
1207,1203,74.125626,13274,1
1208,1204,74.136762,13285,1
1209,1205,74.147902,13296,1
1210,1206,74.159038,13307,1
1211,1207,74.170173,13318,1
1212,1208,74.181312,13329,1
1213,1209,74.192449,13340,1
1214,-1,74.203583,13351,1
1215,1210,74.214720,13362,1
1216,1211,74.225858,13373,1
1217,1212,74.236996,13384,1
1218,1213,74.248130,13395,1
1219,1214,74.259268,13406,1
1220,1215,74.270406,13417,1
1221,1216,74.281541,13428,1
1222,1217,74.292679,13439,1
1223,1218,74.303815,13450,1
1224,1219,74.314953,13461,1
1225,1220,74.326097,13472,1
1226,1221,74.337224,13483,1
1227,1222,74.348363,13494,1
1228,1223,74.359499,13505,1
1229,1224,74.370636,13516,1
1230,1225,74.381771,13527,1
1231,1226,74.392909,13538,1
1232,1227,74.404046,13549,1
1233,1228,74.415184,13560,1
1234,1229,74.426320,13571,1
1235,1230,74.437455,13582,1
1236,1231,74.448593,13593,1
1237,1232,74.459730,13604,1
1238,1233,74.470866,13615,1
1239,1234,74.482004,13626,1
1240,1235,74.493140,13637,1
1241,1236,74.504278,13648,1
1242,1237,74.515412,13659,1
1243,1238,74.526550,13670,1
1244,1239,74.537687,13681,1
1245,1240,74.548824,13692,1
1246,1241,74.559961,13703,1
1247,1242,74.571106,13714,1
1248,1243,74.582235,13725,1
1249,1244,74.593371,13736,1
1250,1245,74.604506,13747,1
1251,1246,74.615643,13758,1
1252,1247,74.626782,13769,1
1253,1248,74.637917,13780,1
1254,1249,74.649056,13791,1
1255,1250,74.660192,13802,1
1256,1251,74.671327,13813,1
1257,1252,74.682463,13824,1
1258,1253,74.693603,13835,1
1259,1254,74.704738,13846,1
1260,1255,74.715875,13857,1
1261,1256,74.727013,13868,1
1262,1257,74.738147,13879,1
1263,1258,74.749286,13890,1
1264,1259,74.760421,13901,1
1265,1260,74.771558,13912,1
1266,1261,74.782696,13923,1
1267,1262,74.793833,13934,1
1268,1263,74.804970,13945,1
1269,1264,74.816105,13956,1
1270,1265,74.827243,13967,1
1271,1266,74.838379,13978,1
1272,1267,74.849516,13989,1
1273,1268,74.860654,14000,1
1274,1269,74.871790,14011,1
1275,1270,74.882925,14022,1
1276,1271,74.894062,14033,1
1277,1272,74.905201,14044,1
1278,1273,74.916338,14055,1
1279,1274,74.927475,14066,1
1280,1275,74.938611,14077,1
1281,1276,74.949747,14088,1
1282,1277,74.960882,14099,1
1283,1278,74.972021,14110,1
1284,1279,74.983158,14121,1
1285,1280,74.994295,14132,1
1286,1281,75.005432,14143,1
1287,1282,75.016567,14154,1
1288,1283,75.027703,14165,1
1289,1284,75.038840,14176,1
1290,1285,75.049978,14187,1
1291,1286,75.061113,14198,1
1292,1287,75.072250,14209,1
1293,1288,75.083388,14220,1
1294,1289,75.094523,14231,1
1295,1290,75.105660,14242,1
1296,1291,75.116798,14253,1
1297,1292,75.127936,14264,1
1298,1293,75.139071,14275,1
1299,1294,75.150208,14286,1
1300,1295,75.161344,14297,1
1301,1296,75.172483,14308,1
1302,1297,75.183617,14319,1
1303,1298,75.194756,14330,1
1304,1299,75.205891,14341,1
1305,1300,75.216016,14351,1
1306,1301,75.227154,14362,1
1307,1302,75.238291,14373,1
1308,1303,75.249428,14384,1
1309,1304,75.260563,14395,1
1310,1305,75.271699,14406,1
1311,1306,75.282836,14417,1
1312,1307,75.293973,14428,1
1313,1308,75.305110,14439,1
1314,1309,75.316248,14450,1
1315,1310,75.327384,14461,1
1316,1311,75.338519,14472,1
1317,1312,75.349659,14483,1
1318,1313,75.360794,14494,1
1319,1314,75.371932,14505,1
1320,1315,75.383069,14516,1
1321,1316,75.394204,14527,1
1322,1317,75.405341,14538,1
1323,1318,75.416479,14549,1
1324,1319,75.427615,14560,1
1325,1320,75.438750,14571,1
1326,1321,75.449889,14582,1
1327,1322,75.461026,14593,1
1328,1323,75.472162,14604,1
1329,1324,75.483299,14615,1
1330,1325,75.494434,14626,1
1331,1326,75.505571,14637,1
1332,1327,75.516708,14648,1
1333,1328,75.527846,14659,1
1334,1329,75.538982,14670,1
1335,1330,75.550120,14681,1
1336,1331,75.561255,14692,1
1337,1332,75.572392,14703,1
1338,1333,75.583530,14714,1
1339,1334,75.594665,14725,1
1340,1335,75.605802,14736,1
1341,1336,75.616938,14747,1
1342,1337,75.628077,14758,1
1343,1338,75.639212,14769,1
1344,1339,75.650350,14780,1
1345,1340,75.661487,14791,1
1346,1341,75.672624,14802,1
1347,1342,75.683760,14813,1
1348,1343,75.694898,14824,1
1349,1344,75.706035,14835,1
1350,1345,75.717169,14845,1
1351,1346,75.728306,14856,1
1352,-1,75.739444,14867,1
1353,1347,75.750580,14878,1
1354,1348,75.761716,14889,1
1355,1349,75.772854,14900,1
1356,1350,75.783992,14911,1
1357,1351,75.795128,14922,1
1358,1352,75.806265,14933,1
1359,1353,75.817401,14944,1
1360,1354,75.828537,14955,1
1361,1355,75.839676,14966,1
1362,1356,75.850812,14977,1
1363,1357,75.861947,14988,1
1364,1358,75.873084,14999,1
1365,1359,75.884222,15010,1
1366,1360,75.895359,15021,1
1367,1361,75.906495,15032,1
1368,1362,75.917632,15043,1
1369,1363,75.928768,15054,1
1370,1364,75.939906,15065,1
1371,1365,75.951043,15076,1
1372,1366,75.962179,15087,1
1373,1367,75.973316,15098,1
1374,1368,75.984453,15109,1
1375,1369,75.995589,15120,1
1376,1370,76.006726,15131,1
1377,1371,76.017861,15142,1
1378,1372,76.028999,15153,1
1379,1373,76.040135,15164,1
1380,1374,76.051274,15175,1
1381,1375,76.062411,15186,1
1382,1376,76.073547,15197,1
1383,1377,76.084684,15208,1
1384,1378,76.095820,15219,1
1385,1379,76.106957,15230,1
1386,1380,76.118100,15241,1
1387,1381,76.129229,15252,1
1388,1382,76.140368,15263,1
1389,1383,76.151504,15274,1
1390,1384,76.162641,15285,1
1391,1385,76.173778,15296,1
1392,1386,76.184914,15307,1
1393,1387,76.196051,15318,1
1394,1388,76.207189,15329,1
1395,1389,76.218323,15340,1
1396,1390,76.229462,15351,1
1397,1391,76.240599,15362,1
1398,1392,76.251733,15373,1
1399,1393,76.262872,15384,1
1400,1394,76.274007,15395,1
1401,1395,76.285146,15406,1
1402,1396,76.296281,15417,1
1403,1397,76.307419,15428,1
1404,1398,76.318555,15439,1
1405,1399,76.329690,15450,1
1406,1400,76.340830,15461,1
1407,1401,76.351966,15472,1
1408,1402,76.363102,15483,1
1409,1403,76.374240,15494,1
1410,1404,76.385374,15505,1
1411,1405,76.396514,15516,1
1412,1406,76.407650,15527,1
1413,1407,76.418785,15538,1
1414,1408,76.429923,15549,1
1415,1409,76.441061,15560,1
1416,1410,76.452195,15571,1
1417,1411,76.463334,15582,1
1418,1412,76.473457,15592,1
1419,1413,76.484595,15603,1
1420,1414,76.495730,15614,1
1421,1415,76.506866,15625,1
1422,1416,76.518005,15636,1
1423,1417,76.529141,15647,1
1424,1418,76.540279,15658,1
1425,1419,76.551413,15669,1
1426,1420,76.562552,15680,1
1427,1421,76.573687,15691,1
1428,1422,76.584825,15702,1
1429,1423,76.595962,15713,1
1430,1424,76.607101,15724,1
1431,1425,76.618235,15735,1
1432,1426,76.629372,15746,1
1433,1427,76.640509,15757,1
1434,1428,76.651644,15768,1
1435,1429,76.662782,15779,1
1436,1430,76.673917,15790,1
1437,1431,76.685057,15801,1
1438,1432,76.696193,15812,1
1439,1433,76.707329,15823,1
1440,1434,76.718466,15834,1
1441,1435,76.729604,15845,1
1442,1436,76.740739,15856,1
1443,1437,76.751875,15867,1
1444,1438,76.763014,15878,1
1445,1439,76.774149,15889,1
1446,1440,76.785287,15900,1
1447,1441,76.796422,15911,1
1448,1442,76.807559,15922,1
1449,1443,76.818697,15933,1
1450,1444,76.829833,15944,1
1451,1445,76.840970,15955,1
1452,1446,76.852106,15966,1
1453,1447,76.863243,15977,1
1454,1448,76.874379,15988,1
1455,1449,76.885516,15999,1
1456,1450,76.896655,16010,1
1457,1451,76.907791,16021,1
1458,1452,76.918928,16032,1
1459,1453,76.930064,16043,1
1460,1454,76.941202,16054,1
1461,1455,76.952336,16065,1
1462,1456,76.963476,16076,1
1463,1457,76.974610,16087,1
1464,1458,76.985749,16098,1
1465,1459,76.996886,16109,1
1466,1460,77.008021,16120,1
1467,1461,77.019157,16131,1
1468,1462,77.030294,16142,1
1469,1463,77.041433,16153,1
1470,1464,77.052569,16164,1
1471,1465,77.063706,16175,1
1472,1466,77.074843,16186,1
1473,1467,77.085979,16197,1
1474,1468,77.097115,16208,1
1475,1469,77.108251,16219,1
1476,1470,77.119389,16230,1
1477,1471,77.130527,16241,1
1478,1472,77.141661,16252,1
1479,1473,77.152800,16263,1
1480,1474,77.163936,16274,1
1481,1475,77.175073,16285,1
1482,1476,77.186209,16296,1
1483,1477,77.197345,16307,1
1484,1478,77.208483,16318,1
1485,1479,77.219621,16329,1
1486,1480,77.230758,16340,1
1487,1481,77.241894,16351,1
1488,1482,77.253029,16362,1
1489,1483,77.264168,16373,1
1490,1484,77.275305,16384,1
1491,1485,77.286441,16395,1
1492,1486,77.297578,16406,1
1493,1487,77.308715,16417,1
1494,1488,77.319852,16428,1
1495,1489,77.330989,16439,1
1496,1490,77.342124,16450,1
1497,1491,77.353262,16461,1
1498,1492,77.364397,16472,1
1499,1493,77.375535,16483,1
1500,1494,77.386671,16494,1
1501,1495,77.397807,16505,1
1502,1496,77.408943,16516,1
1503,1497,77.420082,16527,1
1504,1498,77.431219,16538,1
1505,1499,77.442356,16549,1
1506,1500,77.453491,16560,1
1507,1501,77.464627,16571,1
1508,1502,77.475764,16582,1
1509,1503,77.486902,16593,1
1510,1504,77.498039,16604,1
1511,1505,77.509175,16615,1
1512,1506,77.520312,16626,1
1513,1507,77.531449,16637,1
1514,1508,77.542585,16648,1
1515,1509,77.553723,16659,1
1516,1510,77.564860,16670,1
1517,1511,77.575997,16681,1
1518,1512,77.587133,16692,1
1519,1513,77.598268,16703,1
1520,1514,77.609405,16714,1
1521,1515,77.620544,16725,1
1522,1516,77.631681,16736,1
1523,1517,77.642817,16747,1
1524,1518,77.653954,16758,1
1525,1519,77.665097,16769,1
1526,1520,77.676227,16780,1
1527,1521,77.687362,16791,1
1528,1522,77.698499,16802,1
1529,1523,77.709638,16813,1
1530,1524,77.720774,16824,1
1531,1525,77.730899,16834,1
1532,1526,77.742036,16845,1
1533,1527,77.753172,16856,1
1534,1528,77.764307,16867,1
1535,1529,77.775444,16878,1
1536,1530,77.786580,16889,1
1537,1531,77.797719,16900,1
1538,1532,77.808856,16911,1
1539,1533,77.819993,16922,1
1540,1534,77.831128,16933,1
1541,1535,77.842264,16944,1
1542,1536,77.853401,16955,1
1543,1537,77.864539,16966,1
1544,1538,77.875674,16977,1
1545,1539,77.886813,16988,1
1546,1540,77.897949,16999,1
1547,1541,77.909102,17010,1
1548,1542,77.920224,17021,1
1549,1543,77.931361,17032,1
1550,1544,77.942497,17043,1
1551,1545,77.953634,17054,1
1552,1546,77.964770,17065,1
1553,1547,77.975908,17076,1
1554,1548,77.987044,17087,1
1555,1549,77.998181,17098,1
1556,1550,78.009318,17109,1
1557,1551,78.020453,17120,1
1558,1552,78.031591,17131,1
1559,-1,78.042726,17142,1
1560,1553,78.053865,17153,1
1561,1554,78.065001,17164,1
1562,1555,78.076136,17175,1
1563,1556,78.087274,17186,1
1564,1557,78.098410,17197,1
1565,1558,78.109548,17208,1
1566,1559,78.120683,17219,1
1567,1560,78.131822,17230,1
1568,-1,78.142958,17241,1
1569,1561,78.154101,17252,1
1570,1562,78.165231,17263,1
1571,1563,78.176367,17274,1
1572,1564,78.187506,17285,1
1573,1565,78.198640,17296,1
1574,1566,78.209779,17307,1
1575,1567,78.220914,17318,1
1576,1568,78.232053,17329,1
1577,1569,78.243189,17340,1
1578,1570,78.254326,17351,1
1579,1571,78.265461,17362,1
1580,1572,78.276599,17373,1
1581,1573,78.287734,17384,1
1582,-1,78.298873,17395,1
1583,1574,78.310009,17406,1
1584,1575,78.321146,17417,1
1585,1576,78.332284,17428,1
1586,1577,78.343420,17439,1
1587,1578,78.354556,17450,1
1588,1579,78.365692,17461,1
1589,1580,78.376829,17472,1
1590,1581,78.387966,17483,1
1591,1582,78.399103,17494,1
1592,1583,78.410241,17505,1
1593,1584,78.421378,17516,1
1594,1585,78.432513,17527,1
1595,1586,78.443651,17538,1
1596,1587,78.454788,17549,1
1597,1588,78.465922,17560,1
1598,1589,78.477062,17571,1
1599,1590,78.488196,17582,1
1600,1591,78.499334,17593,1
1601,1592,78.510469,17604,1
1602,1593,78.521608,17615,1
1603,1594,78.532746,17626,1
1604,1595,78.543881,17637,1
1605,1596,78.555017,17648,1
1606,1597,78.566153,17659,1
1607,1598,78.577290,17670,1
1608,1599,78.588427,17681,1
1609,1600,78.599564,17692,1
1610,1601,78.610700,17703,1
1611,1602,78.621837,17714,1
1612,1603,78.632975,17725,1
1613,1604,78.644112,17736,1
1614,1605,78.655249,17747,1
1615,1606,78.666386,17758,1
1616,1607,78.677522,17769,1
1617,1608,78.688660,17780,1
1618,1609,78.699795,17791,1
1619,1610,78.710933,17802,1
1620,1611,78.722069,17813,1
1621,1612,78.733206,17824,1
1622,1613,78.744341,17835,1
1623,1614,78.755480,17846,1
1624,1615,78.766616,17857,1
1625,1616,78.777754,17868,1
1626,1617,78.788890,17879,1
1627,1618,78.800025,17890,1
1628,1619,78.811163,17901,1
1629,1620,78.822299,17912,1
1630,1621,78.833435,17923,1
1631,1622,78.844574,17934,1
1632,1623,78.855709,17945,1
1633,1624,78.866846,17956,1
1634,1625,78.877984,17967,1
1635,1626,78.889119,17978,1
1636,1627,78.900258,17989,1
1637,1628,78.911395,18000,1
1638,1629,78.922531,18011,1
1639,1630,78.933668,18022,1
1640,1631,78.944805,18033,1
1641,1632,78.955940,18044,1
1642,1633,78.967078,18055,1
1643,1634,78.978216,18066,1
1644,1635,78.988339,18076,1
1645,1636,78.999477,18087,1
1646,1637,79.010613,18098,1
1647,1638,79.021749,18109,1
1648,1639,79.032885,18120,1
1649,1640,79.044024,18131,1
1650,1641,79.055158,18142,1
1651,1642,79.066297,18153,1
1652,1643,79.077434,18164,1
1653,1644,79.088571,18175,1
1654,1645,79.099705,18186,1
1655,1646,79.110844,18197,1
1656,1647,79.121980,18208,1
1657,1648,79.133115,18219,1
1658,1649,79.144252,18230,1
1659,1650,79.155390,18241,1
1660,1651,79.166527,18252,1
1661,1652,79.177664,18263,1
1662,1653,79.188799,18274,1
1663,1654,79.199938,18285,1
1664,1655,79.211072,18296,1
1665,1656,79.222212,18307,1
1666,1657,79.233348,18318,1
1667,1658,79.244485,18329,1
1668,1659,79.255621,18340,1
1669,1660,79.266756,18351,1
1670,1661,79.277896,18362,1
1671,1662,79.289032,18373,1
1672,1663,79.300169,18384,1
1673,1664,79.311303,18395,1
1674,1665,79.322442,18406,1
1675,1666,79.333578,18417,1
1676,1667,79.344715,18428,1
1677,1668,79.355852,18439,1
1678,1669,79.366988,18450,1
1679,1670,79.378125,18461,1
1680,1671,79.389261,18472,1
1681,1672,79.400400,18483,1
1682,1673,79.411535,18494,1
1683,1674,79.422671,18505,1
1684,1675,79.433808,18516,1
1685,1676,79.444947,18527,1
1686,1677,79.456083,18538,1
1687,1678,79.467220,18549,1
1688,1679,79.478355,18560,1
1689,1680,79.489491,18571,1
1690,1681,79.500630,18582,1
1691,1682,79.511766,18593,1
1692,1683,79.522902,18604,1
1693,1684,79.534039,18615,1
1694,1685,79.545176,18626,1
1695,1686,79.556312,18637,1
1696,1687,79.567451,18648,1
1697,1688,79.578586,18659,1
1698,1689,79.589725,18670,1
1699,1690,79.600860,18681,1
1700,1691,79.611997,18692,1
1701,1692,79.623134,18703,1
1702,1693,79.634271,18714,1
1703,1694,79.645406,18725,1
1704,1695,79.656543,18736,1
1705,1696,79.667680,18747,1
1706,1697,79.678816,18758,1
1707,1698,79.689954,18769,1
1708,1699,79.701097,18780,1
1709,1700,79.712227,18791,1
1710,1701,79.723363,18802,1
1711,1702,79.734502,18813,1
1712,1703,79.745638,18824,1
1713,1704,79.756775,18835,1
1714,1705,79.767910,18846,1
1715,1706,79.779049,18857,1
1716,1707,79.790185,18868,1
1717,1708,79.801323,18879,1
1718,1709,79.812459,18890,1
1719,1710,79.823596,18901,1
1720,1711,79.834733,18912,1
1721,1712,79.845870,18923,1
1722,1713,79.857004,18934,1
1723,1714,79.868143,18945,1
1724,1715,79.879279,18956,1
1725,1716,79.890416,18967,1
1726,1717,79.901551,18978,1
1727,1718,79.912689,18989,1
1728,1719,79.923827,19000,1
1729,1720,79.934964,19011,1
1730,1721,79.946100,19022,1
1731,1722,79.957237,19033,1
1732,1723,79.968374,19044,1
1733,1724,79.979510,19055,1
1734,1725,79.990645,19066,1
1735,1726,80.001782,19077,1
1736,1727,80.012920,19088,1
1737,1728,80.024057,19099,1
1738,1729,80.035194,19110,1
1739,1730,80.046331,19121,1
1740,1731,80.057467,19132,1
1741,1732,80.068605,19143,1
1742,1733,80.079741,19154,1
1743,1734,80.090877,19165,1
1744,1735,80.102013,19176,1
1745,1736,80.113150,19187,1
1746,1737,80.124287,19198,1
1747,1738,80.135423,19209,1
1748,1739,80.146562,19220,1
1749,1740,80.157699,19231,1
1750,1741,80.168835,19242,1
1751,1742,80.179972,19253,1
1752,1743,80.191109,19264,1
1753,1744,80.202246,19275,1
1754,1745,80.213381,19286,1
1755,1746,80.224517,19297,1
1756,1747,80.235655,19308,1
1757,1748,80.245779,19318,1
1758,1749,80.256917,19329,1
1759,1750,80.268054,19340,1
1760,1751,80.279191,19351,1
1761,1752,80.290327,19362,1
1762,1753,80.301464,19373,1
1763,1754,80.312600,19384,1
1764,1755,80.323736,19395,1
1765,1756,80.334875,19406,1
1766,1757,80.346011,19417,1
1767,1758,80.357147,19428,1
1768,1759,80.368283,19439,1
1769,1760,80.379420,19450,1
1770,1761,80.390558,19461,1
1771,1762,80.401694,19472,1
1772,1763,80.412832,19483,1
1773,1764,80.423967,19494,1
1774,1765,80.435105,19505,1
1775,1766,80.446241,19516,1
1776,1767,80.457379,19527,1
1777,1768,80.468515,19538,1
1778,1769,80.479652,19549,1
1779,1770,80.490787,19560,1
1780,1771,80.501923,19571,1
1781,1772,80.513062,19582,1
1782,1773,80.524199,19593,1
1783,1774,80.535334,19604,1
1784,1775,80.546472,19615,1
1785,1776,80.557608,19626,1
1786,1777,80.568746,19637,1
1787,1778,80.579883,19648,1
1788,1779,80.591019,19659,1
1789,1780,80.602156,19670,1
1790,1781,80.613293,19681,1
1791,1782,80.624429,19692,1
1792,1783,80.635565,19703,1
1793,1784,80.646704,19714,1
1794,1785,80.657840,19725,1
1795,1786,80.668977,19736,1
1796,1787,80.680112,19747,1
1797,1788,80.691251,19758,1
1798,1789,80.702385,19769,1
1799,1790,80.713522,19780,1
1800,1791,80.724660,19790,1
1801,1792,80.735797,19801,1
1802,-1,80.746934,19812,1
1803,1793,80.758071,19823,1
1804,1794,80.769208,19834,1
1805,1795,80.780342,19845,1
1806,1796,80.791479,19856,1
1807,1797,80.802617,19867,1
1808,1798,80.813754,19878,1
1809,1799,80.824889,19889,1
1810,1800,80.836027,19900,1
1811,1801,80.847164,19911,1
1812,1802,80.858302,19922,1
1813,1803,80.869437,19933,1
1814,1804,80.880576,19944,1
1815,1805,80.891710,19955,1
1816,1806,80.902847,19966,1
1817,1807,80.913985,19977,1
1818,1808,80.925120,19988,1
1819,1809,80.936258,19999,1
1820,1810,80.947395,20010,1
1821,1811,80.958530,20021,1
1822,1812,80.969667,20032,1
1823,1814,80.980806,20043,1
1824,-1,80.991942,20054,1
1825,1815,81.003078,20065,1
1826,1816,81.014216,20076,1
1827,1817,81.025352,20087,1
1828,1818,81.036490,20098,1
1829,1819,81.047626,20109,1
1830,1820,81.058762,20120,1
1831,1821,81.069899,20131,1
1832,1822,81.081037,20142,1
1833,1823,81.092174,20153,1
1834,1824,81.103310,20164,1
1835,1825,81.114445,20175,1
1836,1826,81.125584,20186,1
1837,1827,81.136720,20197,1
1838,1828,81.147858,20208,1
1839,1829,81.158994,20219,1
1840,1830,81.170129,20230,1
1841,1831,81.181268,20241,1
1842,1832,81.192403,20252,1
1843,1833,81.203542,20263,1
1844,1834,81.214677,20274,1
1845,1835,81.225814,20285,1
1846,1836,81.236951,20296,1
1847,1837,81.248097,20307,1
1848,1838,81.259225,20318,1
1849,1839,81.270360,20329,1
1850,1840,81.281496,20340,1
1851,1841,81.292633,20351,1
1852,1842,81.303772,20362,1
1853,1843,81.314909,20373,1
1854,1844,81.326044,20384,1
1855,1845,81.337180,20395,1
1856,1846,81.348318,20406,1
1857,1847,81.359454,20417,1
1858,1848,81.370591,20428,1
1859,1849,81.381729,20439,1
1860,1850,81.392864,20450,1
1861,1851,81.404001,20461,1
1862,1852,81.415138,20472,1
1863,1853,81.426276,20483,1
1864,1854,81.437411,20494,1
1865,1855,81.448549,20505,1
1866,1856,81.459685,20516,1
1867,1857,81.470821,20527,1
1868,1858,81.481959,20538,1
1869,1859,81.493102,20549,1
1870,1860,81.503221,20559,1
1871,1861,81.514356,20570,1
1872,1862,81.525494,20581,1
1873,1863,81.536632,20592,1
1874,1864,81.547768,20603,1
1875,1865,81.558905,20614,1
1876,1866,81.570041,20625,1
1877,1867,81.581178,20636,1
1878,1868,81.592314,20647,1
1879,1869,81.603451,20658,1
1880,1870,81.614589,20669,1
1881,1871,81.625724,20680,1
1882,1872,81.636860,20691,1
1883,1873,81.647997,20702,1
1884,1874,81.659135,20713,1
1885,1875,81.670270,20724,1
1886,1876,81.681407,20735,1
1887,1877,81.692544,20746,1
1888,1878,81.703680,20757,1
1889,1879,81.714819,20768,1
1890,1880,81.725954,20779,1
1891,1881,81.737097,20790,1
1892,1882,81.748228,20801,1
1893,1883,81.759364,20812,1
1894,1884,81.770501,20823,1
1895,1885,81.781638,20834,1
1896,1886,81.792776,20845,1
1897,1887,81.803914,20856,1
1898,1888,81.815048,20867,1
1899,1889,81.826185,20878,1
1900,1890,81.837324,20889,1
1901,1891,81.848460,20900,1
1902,1892,81.859595,20911,1
1903,1893,81.870732,20922,1
1904,1894,81.881869,20933,1
1905,1895,81.893008,20944,1
1906,1896,81.904143,20955,1
1907,1897,81.915279,20966,1
1908,1898,81.926415,20977,1
1909,1899,81.937554,20988,1
1910,1900,81.948691,20999,1
1911,1901,81.959829,21010,1
1912,1902,81.970962,21021,1
1913,1903,81.982100,21032,1
1914,1904,81.993238,21043,1
1915,1905,82.004373,21054,1
1916,1906,82.015512,21065,1
1917,1907,82.026648,21076,1
1918,1908,82.037783,21087,1
1919,1909,82.048922,21098,1
1920,1910,82.060057,21109,1
1921,1911,82.071196,21120,1
1922,1912,82.082332,21131,1
1923,1913,82.093468,21142,1
1924,1914,82.104606,21153,1
1925,1915,82.115740,21164,1
1926,1916,82.126879,21175,1
1927,1917,82.138014,21186,1
1928,1918,82.149151,21197,1
1929,1919,82.160288,21208,1
1930,1920,82.171426,21219,1
1931,1921,82.182561,21230,1
1932,1922,82.193698,21241,1
1933,1923,82.204836,21252,1
1934,1924,82.215973,21263,1
1935,1925,82.227111,21274,1
1936,1926,82.238247,21285,1
1937,1927,82.249383,21296,1
1938,1928,82.260520,21307,1
1939,1929,82.271656,21318,1
1940,1930,82.282794,21329,1
1941,1931,82.293928,21340,1
1942,1932,82.305068,21351,1
1943,1933,82.316202,21362,1
1944,1934,82.327340,21373,1
1945,1935,82.338478,21384,1
1946,1936,82.349614,21395,1
1947,1937,82.360750,21406,1
1948,1938,82.371887,21417,1
1949,1939,82.383025,21428,1
1950,1940,82.394161,21439,1
1951,1941,82.405296,21450,1
1952,1942,82.416435,21461,1
1953,1943,82.427572,21472,1
1954,1944,82.438706,21483,1
1955,1945,82.449843,21494,1
1956,1946,82.460981,21505,1
1957,1947,82.472118,21516,1
1958,1948,82.483255,21527,1
1959,1949,82.494392,21538,1
1960,1950,82.505527,21549,1
1961,1951,82.516664,21560,1
1962,1952,82.527802,21571,1
1963,1953,82.538939,21582,1
1964,1954,82.550074,21593,1
1965,1955,82.561212,21604,1
1966,1956,82.572347,21615,1
1967,1957,82.583485,21626,1
1968,1958,82.594622,21637,1
1969,1959,82.605757,21648,1
1970,1960,82.616896,21659,1
1971,1961,82.628032,21670,1
1972,1962,82.639170,21681,1
1973,1963,82.650307,21692,1
1974,1964,82.661442,21703,1
1975,1965,82.672580,21714,1
1976,1966,82.683715,21725,1
1977,1967,82.694853,21736,1
1978,1968,82.705988,21747,1
1979,1969,82.717127,21758,1
1980,1970,82.728264,21769,1
1981,1971,82.739400,21780,1
1982,1972,82.750538,21791,1
1983,1973,82.760659,21801,1
1984,1974,82.771799,21812,1
1985,1975,82.782935,21823,1
1986,1976,82.794072,21834,1
1987,1977,82.805207,21845,1
1988,1978,82.816346,21856,1
1989,1979,82.827482,21867,1
1990,1980,82.838619,21878,1
1991,1981,82.849756,21889,1
1992,1982,82.860890,21900,1
1993,1983,82.872030,21911,1
1994,1984,82.883165,21922,1
1995,1985,82.894303,21933,1
1996,1986,82.905440,21944,1
1997,1987,82.916576,21955,1
1998,1988,82.927713,21966,1
1999,1989,82.938850,21977,1
2000,1990,82.949987,21988,1
2001,1991,82.961121,21999,1
2002,1992,82.972260,22010,1
2003,1993,82.983396,22021,1
2004,1994,82.994532,22032,1
2005,1995,83.005668,22043,1
2006,1996,83.016806,22054,1
2007,1997,83.027944,22065,1
2008,1998,83.039080,22076,1
2009,1999,83.050218,22087,1
2010,2000,83.061352,22098,1
2011,2001,83.072489,22109,1
2012,2002,83.083626,22120,1
2013,2003,83.094765,22131,1
2014,2004,83.105901,22142,1
2015,2005,83.117038,22153,1
2016,2006,83.128175,22164,1
2017,2007,83.139310,22175,1
2018,2008,83.150448,22186,1
2019,2009,83.161585,22197,1
2020,2010,83.172722,22208,1
2021,2011,83.183859,22219,1
2022,2012,83.194995,22230,1
2023,2013,83.206131,22241,1
2024,2014,83.217266,22252,1
2025,2015,83.228406,22263,1
2026,2016,83.239542,22274,1
2027,2017,83.250679,22285,1
2028,2018,83.261816,22296,1
2029,2019,83.272952,22307,1
2030,2020,83.284098,22318,1
2031,2021,83.295225,22329,1
2032,2022,83.306361,22340,1
2033,2023,83.317499,22351,1
2034,2024,83.328636,22362,1
2035,2025,83.339771,22373,1
2036,2026,83.350910,22384,1
2037,2027,83.362045,22395,1
2038,2028,83.373181,22406,1
2039,2029,83.384319,22417,1
2040,2030,83.395457,22428,1
2041,2031,83.406593,22439,1
2042,2032,83.417729,22450,1
2043,2033,83.428866,22461,1
2044,2034,83.440002,22472,1
2045,2035,83.451138,22483,1
2046,2036,83.462277,22494,1
2047,2037,83.473412,22505,1
2048,2038,83.484551,22516,1
2049,2039,83.495687,22527,1
2050,2040,83.506822,22538,1
2051,2041,83.517961,22549,1
2052,2042,83.529101,22560,1
2053,2043,83.540232,22571,1
2054,2044,83.551371,22582,1
2055,2045,83.562508,22593,1
2056,2046,83.573644,22604,1
2057,2047,83.584779,22615,1
2058,2048,83.595918,22626,1
2059,2049,83.607054,22637,1
2060,2050,83.618190,22648,1
2061,2051,83.629326,22659,1
2062,2052,83.640465,22670,1
2063,2053,83.651600,22681,1
2064,2054,83.662739,22692,1
2065,2055,83.673876,22703,1
2066,2056,83.685010,22714,1
2067,2057,83.696148,22725,1
2068,2058,83.707286,22736,1
2069,2059,83.718420,22747,1
2070,2060,83.729558,22758,1
2071,2061,83.740696,22769,1
2072,2062,83.751831,22780,1
2073,2063,83.762967,22791,1
2074,2064,83.774106,22802,1
2075,2065,83.785241,22813,1
2076,2066,83.796380,22824,1
2077,2067,83.807515,22835,1
2078,2068,83.818651,22846,1
2079,2069,83.829789,22857,1
2080,2070,83.840927,22868,1
2081,2071,83.852062,22879,1
2082,2072,83.863198,22890,1
2083,2073,83.874335,22901,1
2084,2074,83.885474,22912,1
2085,2075,83.896611,22923,1
2086,2076,83.907748,22934,1
2087,2077,83.918884,22945,1
2088,2078,83.930019,22956,1
2089,2079,83.941158,22967,1
2090,2080,83.952292,22978,1
2091,2081,83.963431,22989,1
2092,2082,83.974566,23000,1
2093,2083,83.985705,23011,1
2094,2084,83.996841,23022,1
2095,2085,84.007978,23033,1
2096,2086,84.018102,23043,1
2097,2087,84.029239,23054,1
2098,2088,84.040375,23065,1
2099,2089,84.051512,23076,1
2100,2090,84.062650,23087,1
2101,2091,84.073786,23098,1
2102,2092,84.084923,23109,1
2103,2093,84.096059,23120,1
2104,2094,84.107194,23131,1
2105,2095,84.118332,23142,1
2106,2096,84.129469,23153,1
2107,2097,84.140607,23164,1
2108,2098,84.151744,23175,1
2109,2099,84.162880,23186,1
2110,2100,84.174017,23197,1
2111,2101,84.185154,23208,1
2112,2102,84.196291,23219,1
2113,2103,84.207425,23230,1
2114,2104,84.218563,23241,1
2115,2105,84.229701,23252,1
2116,2106,84.240835,23263,1
2117,2107,84.251974,23274,1
2118,2108,84.263109,23285,1
2119,2109,84.274248,23296,1
2120,2110,84.285383,23307,1
2121,2111,84.296522,23318,1
2122,2112,84.307658,23329,1
2123,2113,84.318793,23340,1
2124,2114,84.329930,23351,1
2125,2115,84.341066,23362,1
2126,2116,84.352203,23373,1
2127,2117,84.363341,23384,1
2128,2118,84.374478,23395,1
2129,2119,84.385614,23406,1
2130,2120,84.396752,23417,1
2131,2121,84.407887,23428,1
2132,2122,84.419025,23439,1
2133,2123,84.430162,23450,1
2134,2124,84.441298,23461,1
2135,2125,84.452436,23472,1
2136,2126,84.463572,23483,1
2137,2127,84.474707,23494,1
2138,2128,84.485846,23505,1
2139,2129,84.496982,23516,1
2140,2130,84.508120,23527,1
2141,2131,84.519256,23538,1
2142,2132,84.530391,23549,1
2143,2133,84.541528,23560,1
2144,2134,84.552667,23571,1
2145,2135,84.563801,23582,1
2146,2136,84.574938,23593,1
2147,2137,84.586077,23604,1
2148,2138,84.597213,23615,1
2149,2139,84.608349,23626,1
2150,2140,84.619487,23637,1
2151,2141,84.630622,23648,1
2152,2142,84.641761,23659,1
2153,2143,84.652896,23670,1
2154,2144,84.664032,23681,1
2155,2145,84.675169,23692,1
2156,2146,84.686307,23703,1
2157,2147,84.697443,23714,1
2158,2148,84.708581,23725,1
2159,2149,84.719717,23736,1
2160,2150,84.730855,23747,1
2161,2151,84.741991,23758,1
2162,2152,84.753128,23769,1
2163,2153,84.764263,23780,1
2164,2154,84.775400,23791,1
2165,2155,84.786539,23802,1
2166,2156,84.797675,23813,1
2167,2157,84.808810,23824,1
2168,2158,84.819948,23835,1
2169,2159,84.831096,23846,1
2170,2160,84.842223,23857,1
2171,2161,84.853357,23868,1
2172,2162,84.864496,23879,1
2173,2163,84.875630,23890,1
2174,2164,84.886767,23901,1
2175,-1,84.897906,23912,1
2176,2165,84.909043,23923,1
2177,2166,84.920180,23934,1
2178,2167,84.931314,23945,1
2179,2168,84.942451,23956,1
2180,2169,84.953589,23967,1
2181,2170,84.964727,23978,1
2182,2171,84.975863,23989,1
2183,2172,84.986999,24000,1
2184,2173,84.998135,24011,1
2185,-1,85.009272,24022,1
2186,2174,85.020409,24033,1
2187,2175,85.031547,24044,1
2188,2176,85.042684,24055,1
2189,2177,85.053821,24066,1
2190,2178,85.064958,24077,1
2191,2179,85.076100,24088,1
2192,2180,85.087229,24099,1
2193,2181,85.098366,24110,1
2194,2182,85.109503,24121,1
2195,2183,85.120641,24132,1
2196,2184,85.131778,24143,1
2197,2185,85.142913,24154,1
2198,2186,85.154049,24165,1
2199,2187,85.165188,24176,1
2200,2188,85.176323,24187,1
2201,2189,85.187462,24198,1
2202,2190,85.198596,24209,1
2203,2191,85.209735,24220,1
2204,2192,85.220870,24231,1
2205,2193,85.232010,24242,1
2206,2194,85.243145,24253,1
2207,2195,85.254280,24264,1
2208,2196,85.264407,24274,1
2209,2197,85.275543,24285,1
2210,2198,85.286680,24296,1
2211,2199,85.297815,24307,1
2212,2200,85.308953,24318,1
2213,2201,85.320098,24329,1
2214,2202,85.331227,24340,1
2215,2203,85.342364,24351,1
2216,2204,85.353500,24362,1
2217,2205,85.364638,24373,1
2218,2206,85.375774,24384,1
2219,2207,85.386909,24395,1
2220,2208,85.398048,24406,1
2221,2209,85.409184,24417,1
2222,2210,85.420321,24428,1
2223,2211,85.431456,24439,1
2224,2212,85.442593,24450,1
2225,2213,85.453730,24461,1
2226,2214,85.464868,24472,1
2227,2215,85.476004,24483,1
2228,2216,85.487141,24494,1
2229,2217,85.498278,24505,1
2230,2218,85.509415,24516,1
2231,2219,85.520552,24527,1
2232,2220,85.531686,24538,1
2233,2221,85.542824,24549,1
2234,2222,85.553962,24560,1
2235,2223,85.565100,24571,1
2236,2224,85.576234,24582,1
2237,2225,85.587372,24593,1
2238,2226,85.598509,24604,1
2239,2227,85.609646,24615,1
2240,2228,85.620784,24626,1
2241,2229,85.631920,24637,1
2242,2230,85.643057,24648,1
2243,2231,85.654191,24659,1
2244,2232,85.665328,24670,1
2245,2233,85.676465,24681,1
2246,2234,85.687604,24692,1
2247,2235,85.698739,24703,1
2248,2236,85.709875,24714,1
2249,2237,85.721013,24725,1
2250,2238,85.732151,24736,1
2251,2239,85.743287,24747,1
2252,2240,85.754423,24758,1
2253,2241,85.765560,24769,1
2254,2242,85.776695,24780,1
2255,2243,85.787832,24791,1
2256,2244,85.798969,24802,1
2257,2245,85.810108,24813,1
2258,2246,85.821242,24824,1
2259,2247,85.832381,24835,1
2260,2248,85.843516,24846,1
2261,2249,85.854654,24857,1
2262,2250,85.865792,24868,1
2263,2251,85.876928,24879,1
2264,2252,85.888065,24890,1
2265,2253,85.899200,24901,1
2266,2254,85.910338,24912,1
2267,2255,85.921473,24923,1
2268,2256,85.932610,24934,1
2269,2257,85.943748,24945,1
2270,2258,85.954885,24956,1
2271,2259,85.966022,24967,1
2272,2260,85.977157,24978,1
2273,2261,85.988294,24989,1
2274,2262,85.999431,25000,1
2275,2263,86.010567,25011,1
2276,2264,86.021705,25022,1
2277,2265,86.032843,25033,1
2278,2266,86.043977,25044,1
2279,2267,86.055116,25055,1
2280,2268,86.066251,25066,1
2281,2269,86.077389,25077,1
2282,2270,86.088526,25088,1
2283,2271,86.099663,25099,1
2284,2272,86.110799,25110,1
2285,2273,86.121935,25121,1
2286,2274,86.133073,25132,1
2287,2275,86.144211,25143,1
2288,2276,86.155347,25154,1
2289,2277,86.166483,25165,1
2290,2278,86.177620,25176,1
2291,2279,86.188758,25187,1
2292,2280,86.199892,25198,1
2293,2281,86.211031,25209,1
2294,2282,86.222168,25220,1
2295,-1,86.233304,25231,1
2296,2283,86.244440,25242,1
2297,2284,86.255576,25253,1
2298,2285,86.266714,25264,1
2299,2286,86.277851,25275,1
2300,2287,86.288988,25286,1
2301,2288,86.300123,25297,1
2302,2289,86.311261,25308,1
2303,2290,86.322398,25319,1
2304,2291,86.333534,25330,1
2305,2292,86.344670,25341,1
2306,2293,86.355808,25352,1
2307,2294,86.366946,25363,1
2308,2295,86.378083,25374,1
2309,2296,86.389219,25385,1
2310,2297,86.400356,25396,1
2311,2298,86.411493,25407,1
2312,2299,86.422629,25418,1
2313,2300,86.433766,25429,1
2314,2301,86.444903,25440,1
2315,2302,86.456039,25451,1
2316,2303,86.467177,25462,1
2317,2304,86.478311,25473,1
2318,2305,86.489450,25484,1
2319,2306,86.500587,25495,1
2320,2307,86.511721,25506,1
2321,2308,86.521847,25516,1
2322,2309,86.532985,25527,1
2323,2310,86.544121,25538,1
2324,2311,86.555256,25549,1
2325,2312,86.566393,25560,1
2326,2313,86.577532,25571,1
2327,2314,86.588668,25582,1
2328,2315,86.599805,25593,1
2329,2316,86.610940,25604,1
2330,2317,86.622079,25615,1
2331,2318,86.633215,25626,1
2332,2319,86.644352,25637,1
2333,2320,86.655487,25648,1
2334,2321,86.666624,25659,1
2335,2322,86.677761,25670,1
2336,2323,86.688899,25681,1
2337,2324,86.700034,25692,1
2338,2325,86.711171,25703,1
2339,2326,86.722310,25714,1
2340,2327,86.733447,25725,1
2341,2328,86.744581,25736,1
2342,2329,86.755720,25747,1
2343,2330,86.766855,25758,1
2344,2331,86.777993,25769,1
2345,2332,86.789129,25780,1
2346,2333,86.800266,25791,1
2347,2334,86.811404,25802,1
2348,-1,86.822538,25813,1
2349,2335,86.833677,25824,1
2350,2336,86.844814,25835,1
2351,2337,86.855951,25846,1
2352,2338,86.867097,25857,1
2353,2339,86.878224,25868,1
2354,2340,86.889360,25879,1
2355,2341,86.900496,25890,1
2356,2342,86.911634,25901,1
2357,2343,86.922769,25912,1
2358,2344,86.933906,25923,1
2359,2345,86.945044,25934,1
2360,2346,86.956182,25945,1
2361,2347,86.967316,25956,1
2362,2348,86.978454,25967,1
2363,2349,86.989589,25978,1
2364,2350,87.000728,25989,1
2365,2351,87.011863,26000,1
2366,2352,87.023002,26011,1
2367,2353,87.034136,26022,1
2368,2354,87.045275,26033,1
2369,2355,87.056412,26044,1
2370,2356,87.067548,26055,1
2371,2357,87.078683,26066,1
2372,2358,87.089822,26077,1
2373,2359,87.100958,26088,1
2374,2360,87.112101,26099,1
2375,2361,87.123233,26110,1
2376,2362,87.134367,26121,1
2377,2363,87.145506,26132,1
2378,2364,87.156643,26143,1
2379,2365,87.167779,26154,1
2380,2366,87.178916,26165,1
2381,2367,87.190054,26176,1
2382,2368,87.201189,26187,1
2383,2369,87.212326,26198,1
2384,2370,87.223461,26209,1
2385,2371,87.234601,26220,1
2386,2372,87.245737,26231,1
2387,2373,87.256873,26242,1
2388,2374,87.268009,26253,1
2389,2375,87.279145,26264,1
2390,2376,87.290282,26275,1
2391,2377,87.301419,26286,1
2392,2378,87.312556,26297,1
2393,2379,87.323694,26308,1
2394,2380,87.334832,26319,1
2395,2381,87.345966,26330,1
2396,2382,87.357103,26341,1
2397,2383,87.368242,26352,1
2398,2384,87.379378,26363,1
2399,2385,87.390514,26374,1
2400,2386,87.401650,26385,1
2401,2387,87.412788,26396,1
2402,2388,87.423923,26407,1
2403,2389,87.435063,26418,1
2404,2390,87.446199,26429,1
2405,2391,87.457336,26440,1
2406,2392,87.468470,26451,1
2407,2393,87.479608,26462,1
2408,2394,87.490746,26473,1
2409,2395,87.501882,26484,1
2410,2396,87.513020,26495,1
2411,2397,87.524156,26506,1
2412,2398,87.535292,26517,1
2413,2399,87.546429,26528,1
2414,2400,87.557567,26539,1
2415,2401,87.568702,26550,1
2416,2402,87.579840,26561,1
2417,2403,87.590975,26572,1
2418,2404,87.602111,26583,1
2419,2405,87.613250,26594,1
2420,2406,87.624385,26605,1
2421,2407,87.635522,26616,1
2422,2408,87.646661,26627,1
2423,2409,87.657795,26638,1
2424,2410,87.668934,26649,1
2425,2411,87.680071,26660,1
2426,2412,87.691206,26671,1
2427,2413,87.702342,26682,1
2428,2414,87.713480,26693,1
2429,2415,87.724618,26704,1
2430,2416,87.735754,26715,1
2431,2417,87.746889,26726,1
2432,2418,87.758028,26737,1
2433,2419,87.769163,26748,1
2434,2420,87.779288,26758,1
2435,2421,87.790426,26769,1
2436,2422,87.801560,26780,1
2437,2423,87.812700,26791,1
2438,2424,87.823836,26802,1
2439,2425,87.834973,26813,1
2440,2426,87.846107,26824,1
2441,2427,87.857246,26835,1
2442,2428,87.868381,26846,1
2443,2429,87.879519,26857,1
2444,2430,87.890656,26868,1
2445,2431,87.901793,26879,1
2446,2432,87.912928,26890,1
2447,2433,87.924068,26901,1
2448,2434,87.935202,26912,1
2449,2435,87.946338,26923,1
2450,2436,87.957475,26934,1
2451,2437,87.968613,26945,1
2452,2438,87.979750,26956,1
2453,2439,87.990888,26967,1
2454,2440,88.002024,26978,1
2455,2441,88.013159,26989,1
2456,2442,88.024296,27000,1
2457,2443,88.035434,27011,1
2458,2444,88.046569,27022,1
2459,2445,88.057708,27033,1
2460,2446,88.068843,27044,1
2461,2447,88.079982,27055,1
2462,2448,88.091118,27066,1
2463,2449,88.102253,27077,1
2464,2450,88.113391,27088,1
2465,2451,88.124528,27099,1
2466,2452,88.135663,27110,1
2467,2453,88.146800,27121,1
2468,2454,88.157939,27132,1
2469,2455,88.169074,27143,1
2470,2456,88.180211,27154,1
2471,2457,88.191349,27165,1
2472,2458,88.202484,27176,1
2473,2459,88.213623,27187,1
2474,2460,88.224759,27198,1
2475,2461,88.235896,27209,1
2476,2462,88.247033,27220,1
2477,2463,88.258170,27231,1
2478,2464,88.269306,27242,1
2479,2465,88.280443,27253,1
2480,2466,88.291580,27264,1
2481,2467,88.302717,27275,1
2482,2468,88.313853,27286,1
2483,2469,88.324990,27297,1
2484,2470,88.336127,27308,1
2485,2471,88.347264,27319,1
2486,2472,88.358398,27330,1
2487,2473,88.369537,27341,1
2488,2474,88.380674,27352,1
2489,2475,88.391810,27363,1
2490,2476,88.402948,27374,1
2491,2477,88.414082,27385,1
2492,2478,88.425219,27396,1
2493,2479,88.436356,27407,1
2494,2480,88.447494,27418,1
2495,2481,88.458631,27429,1
2496,2482,88.469767,27440,1
2497,2483,88.480903,27451,1
2498,2484,88.492042,27462,1
2499,2485,88.503179,27473,1
2500,2486,88.514315,27484,1
2501,2487,88.525450,27495,1
2502,2488,88.536589,27506,1
2503,2489,88.547725,27517,1
2504,2490,88.558863,27528,1
2505,2491,88.569997,27539,1
2506,2492,88.581135,27550,1
2507,2493,88.592272,27561,1
2508,2494,88.603410,27572,1
2509,2495,88.614546,27583,1
2510,2496,88.625681,27594,1
2511,2497,88.636819,27605,1
2512,2498,88.647957,27616,1
2513,2499,88.659099,27627,1
2514,2500,88.670230,27638,1
2515,2501,88.681364,27649,1
2516,2502,88.692503,27660,1
2517,2503,88.703640,27671,1
2518,2504,88.714777,27682,1
2519,2505,88.725913,27693,1
2520,2506,88.737049,27704,1
2521,2507,88.748186,27715,1
2522,2508,88.759324,27726,1
2523,2509,88.770461,27737,1
2524,2510,88.781596,27748,1
2525,2511,88.792734,27759,1
2526,2512,88.803870,27770,1
2527,2513,88.815008,27781,1
2528,2514,88.826144,27792,1
2529,2515,88.837279,27803,1
2530,2516,88.848417,27814,1
2531,2517,88.859555,27825,1
2532,2518,88.870692,27836,1
2533,2519,88.881828,27847,1
2534,2520,88.892963,27858,1
2535,2521,88.904100,27869,1
2536,2522,88.915237,27880,1
2537,2523,88.926373,27891,1
2538,2524,88.937511,27902,1
2539,2525,88.948647,27913,1
2540,2526,88.959786,27924,1
2541,2527,88.970923,27935,1
2542,2528,88.982059,27946,1
2543,2529,88.993195,27957,1
2544,2530,89.004331,27968,1
2545,2531,89.015468,27979,1
2546,2532,89.026604,27990,1
2547,2533,89.036730,28000,1
2548,2534,89.047865,28011,1
2549,2535,89.059003,28022,1
2550,2536,89.070140,28033,1
2551,2537,89.081276,28044,1
2552,2538,89.092413,28055,1
2553,2539,89.103551,28066,1
2554,2540,89.114687,28077,1
2555,2541,89.125825,28088,1
2556,2542,89.136961,28099,1
2557,2543,89.148100,28110,1
2558,2544,89.159235,28121,1
2559,2545,89.170372,28132,1
2560,2546,89.181509,28143,1
2561,2547,89.192643,28154,1
2562,2548,89.203780,28165,1
2563,2549,89.214918,28176,1
2564,2550,89.226055,28187,1
2565,2551,89.237190,28198,1
2566,2552,89.248329,28209,1
2567,2553,89.259465,28220,1
2568,2554,89.270603,28231,1
2569,2555,89.281739,28242,1
2570,2556,89.292874,28253,1
2571,2557,89.304011,28264,1
2572,2558,89.315150,28275,1
2573,2559,89.326284,28286,1
2574,2560,89.337421,28297,1
2575,2561,89.348558,28308,1
2576,2562,89.359694,28319,1
2577,2563,89.370833,28330,1
2578,2564,89.381968,28341,1
2579,2565,89.393106,28352,1
2580,2566,89.404244,28363,1
2581,2567,89.415379,28374,1
2582,2568,89.426515,28385,1
2583,2569,89.437654,28396,1
2584,2570,89.448789,28407,1
2585,2571,89.459927,28418,1
2586,2572,89.471065,28429,1
2587,2573,89.482200,28440,1
2588,2574,89.493338,28451,1
2589,2575,89.504474,28462,1
2590,2576,89.515611,28473,1
2591,2577,89.526747,28484,1
2592,2578,89.537883,28495,1
2593,2579,89.549020,28506,1
2594,2580,89.560158,28517,1
2595,2581,89.571293,28528,1
2596,2582,89.582430,28539,1
2597,2583,89.593566,28550,1
2598,2584,89.604705,28561,1
2599,2585,89.615842,28572,1
2600,2586,89.626978,28583,1
2601,2587,89.638115,28594,1
2602,2588,89.649252,28605,1
2603,2589,89.660387,28616,1
2604,2590,89.671526,28627,1
2605,2591,89.682663,28638,1
2606,2592,89.693799,28649,1
2607,2593,89.704936,28660,1
2608,2594,89.716071,28671,1
2609,2595,89.727209,28682,1
2610,2596,89.738344,28693,1
2611,2597,89.749481,28704,1
2612,2598,89.760619,28715,1
2613,2599,89.771756,28726,1
2614,2600,89.782893,28737,1
2615,2601,89.794030,28748,1
2616,2602,89.805167,28759,1
2617,2603,89.816304,28770,1
2618,2604,89.827439,28781,1
2619,2605,89.838575,28792,1
2620,-1,89.849713,28803,1
2621,2606,89.860849,28814,1
2622,2607,89.871985,28825,1
2623,2608,89.883124,28836,1
2624,2609,89.894260,28847,1
2625,2610,89.905396,28858,1
2626,2611,89.916533,28869,1
2627,2612,89.927671,28880,1
2628,2613,89.938806,28891,1
2629,2614,89.949945,28902,1
2630,2615,89.961081,28913,1
2631,2616,89.972217,28924,1
2632,2617,89.983353,28935,1
2633,2618,89.994490,28946,1
2634,2619,90.005629,28957,1
2635,2620,90.016765,28968,1
2636,2621,90.027902,28979,1
2637,2622,90.039037,28990,1
2638,2623,90.050175,29001,1
2639,2624,90.061312,29012,1
2640,2625,90.072449,29023,1
2641,2626,90.083586,29034,1
2642,2627,90.094722,29045,1
2643,2628,90.105857,29056,1
2644,2629,90.116996,29067,1
2645,2630,90.128131,29078,1
2646,-1,90.139270,29089,1
2647,2631,90.150405,29100,1
2648,2632,90.161541,29111,1
2649,2633,90.172678,29122,1
2650,2634,90.183817,29133,1
2651,2635,90.194952,29144,1
2652,2636,90.206097,29155,1
2653,2637,90.217225,29166,1
2654,2638,90.228364,29177,1
2655,2639,90.239500,29188,1
2656,2640,90.250638,29199,1
2657,2641,90.261774,29210,1
2658,2642,90.272910,29221,1
2659,2643,90.284048,29232,1
2660,2644,90.294170,29242,1
2661,-1,90.305307,29253,1
2662,-1,90.316444,29264,1
2663,2645,90.327580,29275,1
2664,2646,90.338719,29286,1
2665,2647,90.349854,29297,1
2666,2648,90.360992,29308,1
2667,2649,90.372127,29319,1
2668,2650,90.383264,29330,1
2669,2651,90.394401,29341,1
2670,2652,90.405539,29352,1
2671,2653,90.416676,29363,1
2672,2654,90.427813,29374,1
2673,2655,90.438948,29385,1
2674,2656,90.450096,29396,1
2675,2657,90.461223,29407,1
2676,2658,90.472360,29418,1
2677,2659,90.483495,29429,1
2678,2660,90.494634,29440,1
2679,2661,90.505768,29451,1
2680,2662,90.516907,29462,1
2681,2663,90.528043,29473,1
2682,2664,90.539181,29484,1
2683,2665,90.550316,29495,1
2684,2666,90.561454,29506,1
2685,2667,90.572589,29517,1
2686,2668,90.583728,29528,1
2687,2669,90.594863,29539,1
2688,2670,90.606000,29550,1
2689,2671,90.617136,29561,1
2690,2672,90.628273,29572,1
2691,2673,90.639412,29583,1
2692,2674,90.650548,29594,1
2693,2675,90.661683,29605,1
2694,2676,90.672820,29616,1
2695,2677,90.683958,29627,1
2696,2678,90.695101,29638,1
2697,2679,90.706232,29649,1
2698,2680,90.717367,29659,1
2699,2681,90.728506,29670,1
2700,2682,90.739642,29681,1
2701,2683,90.750779,29692,1
2702,2684,90.761915,29703,1
2703,2685,90.773053,29714,1
2704,2686,90.784189,29725,1
2705,2687,90.795326,29736,1
2706,2688,90.806461,29747,1
2707,2689,90.817598,29758,1
2708,2690,90.828735,29769,1
2709,2691,90.839874,29780,1
2710,2692,90.851010,29791,1
2711,2693,90.862146,29802,1
2712,2694,90.873284,29813,1
2713,2695,90.884419,29824,1
2714,2696,90.895557,29835,1
2715,2697,90.906693,29846,1
2716,2698,90.917830,29857,1
2717,2699,90.928965,29868,1
2718,2700,90.940105,29879,1
2719,2701,90.951239,29890,1
2720,2702,90.962378,29901,1
2721,2703,90.973513,29912,1
2722,2704,90.984651,29923,1
2723,2705,90.995787,29934,1
2724,2706,91.006923,29945,1
2725,2707,91.018060,29956,1
2726,2708,91.029199,29967,1
2727,2709,91.040333,29978,1
2728,2710,91.051472,29989,1
2729,2711,91.062608,30000,1
2730,2712,91.073744,30011,1
2731,2713,91.084880,30022,1
2732,2714,91.096019,30033,1
2733,2715,91.107155,30044,1
2734,2716,91.118293,30055,1
2735,2717,91.129429,30066,1
2736,2718,91.140566,30077,1
2737,2719,91.151703,30088,1
2738,2720,91.162839,30099,1
2739,2721,91.173976,30110,1
2740,2722,91.185113,30121,1
2741,2723,91.196248,30132,1
2742,2724,91.207386,30143,1
2743,2725,91.218523,30154,1
2744,2726,91.229660,30165,1
2745,2727,91.240795,30176,1
2746,2728,91.251931,30187,1
2747,2729,91.263069,30198,1
2748,2730,91.274206,30209,1
2749,2731,91.285344,30220,1
2750,2732,91.296481,30231,1
2751,2733,91.307615,30242,1
2752,2734,91.318752,30253,1
2753,2735,91.329890,30264,1
2754,2736,91.341025,30275,1
2755,2737,91.352164,30286,1
2756,2738,91.363300,30297,1
2757,2739,91.374438,30308,1
2758,2740,91.385574,30319,1
2759,2741,91.396711,30330,1
2760,2742,91.407848,30341,1
2761,2743,91.418983,30352,1
2762,2744,91.430120,30363,1
2763,2745,91.441258,30374,1
2764,2746,91.452395,30385,1
2765,2747,91.463532,30396,1
2766,2748,91.474667,30407,1
2767,2749,91.485806,30418,1
2768,2750,91.496941,30429,1
2769,2751,91.508079,30440,1
2770,2752,91.519216,30451,1
2771,2753,91.530352,30462,1
2772,2754,91.541490,30473,1
2773,2755,91.551613,30483,1
2774,2756,91.562750,30494,1
2775,2757,91.573887,30505,1
2776,2758,91.585023,30516,1
2777,2759,91.596160,30527,1
2778,2760,91.607296,30538,1
2779,2761,91.618434,30549,1
2780,2762,91.629569,30560,1
2781,2763,91.640708,30571,1
2782,2764,91.651845,30582,1
2783,2765,91.662981,30593,1
2784,2766,91.674118,30604,1
2785,2767,91.685253,30615,1
2786,2768,91.696390,30626,1
2787,2769,91.707528,30637,1
2788,2770,91.718665,30648,1
2789,2771,91.729801,30659,1
2790,2772,91.740938,30670,1
2791,2773,91.752075,30681,1
2792,2774,91.763212,30692,1
2793,2775,91.774348,30703,1
2794,2776,91.785486,30714,1
2795,2777,91.796621,30725,1
2796,2778,91.807759,30736,1
2797,2779,91.818894,30747,1
2798,2780,91.830033,30758,1
2799,-1,91.841170,30769,1
2800,2781,91.852304,30780,1
2801,2782,91.863443,30791,1
2802,2783,91.874579,30802,1
2803,2784,91.885715,30813,1
2804,2785,91.896852,30824,1
2805,2786,91.907988,30835,1
2806,2787,91.919125,30846,1
2807,2788,91.930264,30857,1
2808,2789,91.941398,30868,1
2809,2790,91.952537,30879,1
2810,2791,91.963672,30890,1
2811,2792,91.974811,30901,1
2812,2793,91.985946,30912,1
2813,2794,91.997095,30923,1
2814,2795,92.008219,30934,1
2815,2796,92.019357,30945,1
2816,2797,92.030493,30956,1
2817,2798,92.041631,30967,1
2818,2799,92.052767,30978,1
2819,2800,92.063904,30989,1
2820,2801,92.075039,31000,1
2821,2802,92.086178,31011,1
2822,2803,92.097313,31022,1
2823,2804,92.108450,31033,1
2824,2805,92.119588,31044,1
2825,2806,92.130723,31055,1
2826,2807,92.141862,31066,1
2827,2808,92.152998,31077,1
2828,2809,92.164135,31088,1
2829,2810,92.175271,31099,1
2830,2811,92.186409,31110,1
2831,2812,92.197545,31121,1
2832,2813,92.208683,31132,1
2833,2814,92.219818,31143,1
2834,2815,92.230956,31154,1
2835,2816,92.242098,31165,1
2836,2817,92.253230,31176,1
2837,2818,92.264366,31187,1
2838,2819,92.275503,31198,1
2839,2820,92.286638,31209,1
2840,2821,92.297775,31220,1
2841,2822,92.308913,31231,1
2842,2823,92.320050,31242,1
2843,2824,92.331185,31253,1
2844,2825,92.342324,31264,1
2845,2826,92.353461,31275,1
2846,2827,92.364597,31286,1
2847,2828,92.375732,31297,1
2848,2829,92.386869,31308,1
2849,2830,92.398007,31319,1
2850,2831,92.409143,31330,1
2851,2832,92.420281,31341,1
2852,2833,92.431418,31352,1
2853,2834,92.442554,31363,1
2854,2835,92.453692,31374,1
2855,2836,92.464828,31385,1
2856,2837,92.475963,31396,1
2857,2838,92.487102,31407,1
2858,2839,92.498236,31418,1
2859,2840,92.509373,31429,1
2860,2841,92.520512,31440,1
2861,2842,92.531649,31451,1
2862,2843,92.542786,31462,1
2863,2844,92.553922,31473,1
2864,-1,92.565059,31484,1
2865,2845,92.576194,31495,1
2866,2846,92.587331,31506,1
2867,2847,92.598468,31517,1
2868,2848,92.609606,31528,1
2869,2849,92.620741,31539,1
2870,2850,92.631877,31550,1
2871,2851,92.643015,31561,1
2872,2852,92.654153,31572,1
2873,2853,92.665289,31583,1
2874,2854,92.676427,31594,1
2875,2855,92.687564,31605,1
2876,2856,92.698700,31616,1
2877,2857,92.709836,31627,1
2878,2858,92.720974,31638,1
2879,2859,92.732109,31649,1
2880,2860,92.743248,31660,1
2881,2861,92.754382,31671,1
2882,2862,92.765521,31682,1
2883,2863,92.776658,31693,1
2884,2864,92.787794,31704,1
2885,2865,92.798930,31715,1
2886,2866,92.809054,31725,1
2887,2867,92.820191,31736,1
2888,2868,92.831327,31747,1
2889,2869,92.842466,31758,1
2890,2870,92.853601,31769,1
2891,2871,92.864739,31780,1
2892,2872,92.875874,31791,1
2893,2873,92.887012,31802,1
2894,2874,92.898149,31813,1
2895,2875,92.909286,31824,1
2896,2876,92.920421,31835,1
2897,2877,92.931558,31846,1
2898,2878,92.942695,31857,1
2899,2879,92.953832,31868,1
2900,2880,92.964968,31879,1
2901,2881,92.976105,31890,1
2902,2882,92.987242,31901,1
2903,2883,92.998380,31912,1
2904,2884,93.009517,31923,1
2905,2885,93.020653,31934,1
2906,2886,93.031791,31945,1
2907,2887,93.042925,31956,1
2908,2888,93.054063,31967,1
2909,2889,93.065200,31978,1
2910,2890,93.076337,31989,1
2911,2891,93.087474,32000,1
2912,2892,93.098611,32011,1
2913,2893,93.109747,32022,1
2914,2894,93.120885,32033,1
2915,2895,93.132020,32044,1
2916,2896,93.143159,32055,1
2917,2897,93.154294,32066,1
2918,2898,93.165431,32077,1
2919,2899,93.176568,32088,1
2920,2900,93.187704,32099,1
2921,2901,93.198840,32110,1
2922,2902,93.209977,32121,1
2923,2903,93.221113,32132,1
2924,2904,93.232252,32143,1
2925,2905,93.243389,32154,1
2926,2906,93.254526,32165,1
2927,2907,93.265660,32176,1
2928,2908,93.276797,32187,1
2929,2909,93.287934,32198,1
2930,2910,93.299071,32209,1
2931,2911,93.310208,32220,1
2932,2912,93.321345,32231,1
2933,2913,93.332483,32242,1
2934,2914,93.343620,32253,1
2935,2915,93.354757,32264,1
2936,2916,93.365891,32275,1
2937,2917,93.377029,32286,1
2938,2918,93.388165,32297,1
2939,2919,93.399303,32308,1
2940,2920,93.410441,32319,1
2941,2921,93.421577,32330,1
2942,2922,93.432712,32341,1
2943,2923,93.443850,32352,1
2944,2924,93.454987,32363,1
2945,2925,93.466124,32374,1
2946,2926,93.477262,32385,1
2947,2927,93.488396,32396,1
2948,2928,93.499535,32407,1
2949,2929,93.510670,32418,1
2950,2930,93.521808,32429,1
2951,2931,93.532943,32440,1
2952,2932,93.544082,32451,1
2953,2933,93.555218,32462,1
2954,2934,93.566355,32473,1
2955,2935,93.577492,32484,1
2956,2936,93.588628,32495,1
2957,2937,93.599763,32506,1
2958,2938,93.610902,32517,1
2959,2939,93.622037,32528,1
2960,2940,93.633176,32539,1
2961,2941,93.644312,32550,1
2962,2942,93.655450,32561,1
2963,2943,93.666586,32572,1
2964,2944,93.677723,32583,1
2965,2945,93.688859,32594,1
2966,2946,93.699995,32605,1
2967,2947,93.711131,32616,1
2968,2948,93.722270,32627,1
2969,2949,93.733407,32638,1
2970,2950,93.744544,32649,1
2971,2951,93.755681,32660,1
2972,2953,93.766815,32671,1
2973,-1,93.777954,32682,1
2974,2954,93.789098,32693,1
2975,2955,93.800225,32704,1
2976,2956,93.811364,32715,1
2977,2957,93.822499,32726,1
2978,2958,93.833636,32737,1
2979,2959,93.844775,32748,1
2980,2960,93.855911,32759,1
2981,2961,93.867047,32770,1
2982,2962,93.878183,32781,1
2983,2963,93.889319,32792,1
2984,2964,93.900458,32803,1
2985,2965,93.911593,32814,1
2986,2966,93.922730,32825,1
2987,2967,93.933867,32836,1
2988,2968,93.945006,32847,1
2989,2969,93.956141,32858,1
2990,2970,93.967277,32869,1
2991,2971,93.978413,32880,1
2992,2972,93.989550,32891,1
2993,2973,94.000687,32902,1
2994,2974,94.011824,32913,1
2995,2975,94.022962,32924,1
2996,2976,94.034099,32935,1
2997,2977,94.045236,32946,1
2998,2978,94.055359,32956,1
2999,2979,94.066496,32967,1
3000,2980,94.077633,32978,1
3001,2981,94.088771,32989,1
3002,2982,94.099907,33000,1
3003,2983,94.111042,33011,1
3004,2984,94.122181,33022,1
3005,2985,94.133317,33033,1
3006,2986,94.144452,33044,1
3007,2987,94.155589,33055,1
3008,2988,94.166727,33066,1
3009,2989,94.177865,33077,1
3010,2990,94.189000,33088,1
3011,2991,94.200138,33099,1
3012,2992,94.211276,33110,1
3013,2993,94.222410,33121,1
3014,2994,94.233548,33132,1
3015,2995,94.244684,33143,1
3016,2996,94.255823,33154,1
3017,2997,94.266958,33165,1
3018,2998,94.278101,33176,1
3019,2999,94.289231,33187,1
3020,3000,94.300367,33198,1
3021,3001,94.311504,33209,1
3022,3002,94.322641,33220,1
3023,3003,94.333777,33231,1
3024,3004,94.344917,33242,1
3025,3005,94.356052,33253,1
3026,3006,94.367189,33264,1
3027,3007,94.378327,33275,1
3028,3008,94.389461,33286,1
3029,3009,94.400598,33297,1
3030,3010,94.411735,33308,1
3031,3011,94.422874,33319,1
3032,3012,94.434010,33330,1
3033,3013,94.445147,33341,1
3034,3014,94.456283,33352,1
3035,3015,94.467420,33363,1
3036,3016,94.478556,33374,1
3037,3017,94.489695,33385,1
3038,3018,94.500829,33396,1
3039,3019,94.511968,33407,1
3040,3020,94.523105,33418,1
3041,3021,94.534239,33429,1
3042,3022,94.545377,33440,1
3043,3023,94.556513,33451,1
3044,3024,94.567649,33462,1
3045,3025,94.578788,33473,1
3046,3026,94.589925,33484,1
3047,3027,94.601060,33495,1
3048,3028,94.612199,33506,1
3049,3029,94.623336,33517,1
3050,3030,94.634472,33528,1
3051,3031,94.645609,33539,1
3052,3032,94.656745,33550,1
3053,3033,94.667880,33561,1
3054,3034,94.679017,33572,1
3055,3035,94.690154,33583,1
3056,3036,94.701291,33594,1
3057,3037,94.712429,33605,1
3058,3038,94.723566,33616,1
3059,3039,94.734701,33627,1
3060,3040,94.745839,33638,1
3061,3041,94.756976,33649,1
3062,3042,94.768111,33660,1
3063,3043,94.779248,33671,1
3064,3044,94.790385,33682,1
3065,3045,94.801524,33693,1
3066,3046,94.812658,33704,1
3067,3047,94.823795,33715,1
3068,3048,94.834933,33726,1
3069,3049,94.846069,33737,1
3070,3050,94.857205,33748,1
3071,3051,94.868344,33759,1
3072,3052,94.879479,33770,1
3073,3053,94.890618,33781,1
3074,3054,94.901755,33792,1
3075,3055,94.912889,33803,1
3076,3056,94.924026,33814,1
3077,3057,94.935163,33825,1
3078,3058,94.946300,33836,1
3079,3059,94.957438,33847,1
3080,3060,94.968574,33858,1
3081,3061,94.979712,33869,1
3082,3062,94.990848,33880,1
3083,3063,95.001985,33891,1
3084,3064,95.013122,33902,1
3085,3065,95.024258,33913,1
3086,3066,95.035395,33924,1
3087,3067,95.046532,33935,1
3088,3068,95.057669,33946,1
3089,3069,95.068805,33957,1
3090,3070,95.079941,33968,1
3091,3071,95.091079,33979,1
3092,3072,95.102216,33990,1
3093,3073,95.113353,34001,1
3094,3074,95.124490,34012,1
3095,3075,95.135627,34023,1
3096,3076,95.146764,34034,1
3097,3077,95.157899,34045,1
3098,3078,95.169035,34056,1
3099,3079,95.180174,34067,1
3100,3080,95.191310,34078,1
3101,3081,95.202447,34089,1
3102,3082,95.213584,34100,1
3103,3083,95.224721,34111,1
3104,3084,95.235857,34122,1
3105,3085,95.246994,34133,1
3106,3086,95.258130,34144,1
3107,3087,95.269268,34155,1
3108,3088,95.280405,34166,1
3109,3089,95.291542,34177,1
3110,3090,95.302677,34188,1
3111,3091,95.312800,34198,1
3112,3092,95.323937,34209,1
3113,3093,95.335076,34220,1
3114,3094,95.346211,34231,1
3115,3095,95.357350,34242,1
3116,3096,95.368486,34253,1
3117,3097,95.379623,34264,1
3118,3098,95.390758,34275,1
3119,3099,95.401896,34286,1
3120,3100,95.413031,34297,1
3121,3101,95.424169,34308,1
3122,3102,95.435307,34319,1
3123,3103,95.446444,34330,1
3124,3104,95.457578,34341,1
3125,3105,95.468717,34352,1
3126,3106,95.479854,34363,1
3127,3107,95.490990,34374,1
3128,3108,95.502128,34385,1
3129,3109,95.513262,34396,1
3130,3110,95.524401,34407,1
3131,3111,95.535536,34418,1
3132,3112,95.546675,34429,1
3133,3113,95.557809,34440,1
3134,3114,95.568947,34451,1
3135,3115,95.580084,34462,1
3136,3116,95.591220,34473,1
3137,3117,95.602357,34484,1
3138,3118,95.613495,34495,1
3139,3119,95.624631,34506,1
3140,3120,95.635768,34517,1
3141,3121,95.646906,34528,1
3142,3122,95.658042,34539,1
3143,3123,95.669177,34550,1
3144,3124,95.680315,34561,1
3145,3125,95.691452,34572,1
3146,3126,95.702589,34583,1
3147,3127,95.713724,34594,1
3148,3128,95.724863,34604,1
3149,3129,95.735999,34615,1
3150,3130,95.747134,34626,1
3151,3131,95.758273,34637,1
3152,3132,95.769407,34648,1
3153,3133,95.780546,34659,1
3154,3134,95.791683,34670,1
3155,3135,95.802818,34681,1
3156,3136,95.813956,34692,1
3157,3137,95.825097,34703,1
3158,3138,95.836230,34714,1
3159,3139,95.847367,34725,1
3160,3140,95.858503,34736,1
3161,3141,95.869638,34747,1
3162,3142,95.880777,34758,1
3163,3143,95.891912,34769,1
3164,3144,95.903050,34780,1
3165,3145,95.914187,34791,1
3166,3146,95.925322,34802,1
3167,3147,95.936460,34813,1
3168,3148,95.947596,34824,1
3169,3149,95.958733,34835,1
3170,3150,95.969869,34846,1
3171,3151,95.981006,34857,1
3172,3152,95.992144,34868,1
3173,3153,96.003280,34879,1
3174,3154,96.014418,34890,1
3175,3155,96.025554,34901,1
3176,3156,96.036692,34912,1
3177,3157,96.047827,34923,1
3178,3158,96.058964,34934,1
3179,3159,96.070100,34945,1
3180,3160,96.081238,34956,1
3181,3161,96.092376,34967,1
3182,3162,96.103513,34978,1
3183,3163,96.114649,34989,1
3184,3164,96.125785,35000,1
3185,3165,96.136923,35011,1
3186,3166,96.148058,35022,1
3187,3167,96.159197,35033,1
3188,3168,96.170331,35044,1
3189,3169,96.181468,35055,1
3190,3170,96.192606,35066,1
3191,3171,96.203743,35077,1
3192,3172,96.214879,35088,1
3193,3173,96.226017,35099,1
3194,3174,96.237154,35110,1
3195,3175,96.248288,35121,1
3196,3176,96.259425,35132,1
3197,3177,96.270563,35143,1
3198,3178,96.281700,35154,1
3199,3179,96.292838,35165,1
3200,3180,96.303975,35176,1
3201,3181,96.315110,35187,1
3202,3182,96.326246,35198,1
3203,3183,96.337383,35209,1
3204,3184,96.348520,35220,1
3205,3185,96.359657,35231,1
3206,3186,96.370793,35242,1
3207,3187,96.381932,35253,1
3208,3188,96.393068,35264,1
3209,3189,96.404204,35275,1
3210,3190,96.415341,35286,1
3211,3191,96.426479,35297,1
3212,3192,96.437613,35308,1
3213,3193,96.448752,35319,1
3214,3194,96.459889,35330,1
3215,3195,96.471023,35341,1
3216,3196,96.482162,35352,1
3217,3197,96.493299,35363,1
3218,3198,96.504434,35374,1
3219,3199,96.515571,35385,1
3220,3200,96.526708,35396,1
3221,3201,96.537845,35407,1
3222,3202,96.548983,35418,1
3223,3203,96.560120,35429,1
3224,3204,96.570245,35439,1
3225,3205,96.581381,35450,1
3226,3206,96.592517,35461,1
3227,3207,96.603653,35472,1
3228,3208,96.614791,35483,1
3229,3209,96.625927,35494,1
3230,3210,96.637066,35505,1
3231,3211,96.648201,35516,1
3232,3212,96.659338,35527,1
3233,3213,96.670474,35538,1
3234,3214,96.681612,35549,1
3235,3215,96.692746,35560,1
3236,3216,96.703885,35571,1
3237,3217,96.715020,35582,1
3238,3218,96.726157,35593,1
3239,3219,96.737294,35604,1
3240,3220,96.748432,35615,1
3241,3221,96.759570,35626,1
3242,3222,96.770706,35637,1
3243,3223,96.781843,35648,1
3244,3224,96.792980,35659,1
3245,3225,96.804114,35670,1
3246,3226,96.815251,35681,1
3247,3227,96.826390,35692,1
3248,3228,96.837526,35703,1
3249,3229,96.848663,35714,1
3250,3230,96.859798,35725,1
3251,3231,96.870935,35736,1
3252,3232,96.882072,35747,1
3253,3233,96.893210,35758,1
3254,3234,96.904346,35769,1
3255,3235,96.915483,35780,1
3256,3236,96.926618,35791,1
3257,3237,96.937756,35802,1
3258,3238,96.948892,35813,1
3259,3239,96.960031,35824,1
3260,3240,96.971168,35835,1
3261,3241,96.982302,35846,1
3262,3242,96.993439,35857,1
3263,3243,97.004578,35868,1
3264,3244,97.015715,35879,1
3265,3245,97.026851,35890,1
3266,3246,97.037988,35901,1
3267,3247,97.049123,35912,1
3268,3248,97.060262,35923,1
3269,3249,97.071399,35934,1
3270,3250,97.082535,35945,1
3271,3251,97.093670,35956,1
3272,3252,97.104807,35967,1
3273,3253,97.115945,35978,1
3274,3254,97.127081,35989,1
3275,3255,97.138217,36000,1
3276,3256,97.149355,36011,1
3277,3257,97.160490,36022,1
3278,3258,97.171629,36033,1
3279,3259,97.182766,36044,1
3280,3260,97.193901,36055,1
3281,3261,97.205039,36066,1
3282,3262,97.216175,36077,1
3283,3263,97.227312,36088,1
3284,3264,97.238450,36099,1
3285,3265,97.249586,36110,1
3286,3266,97.260721,36121,1
3287,3267,97.271860,36132,1
3288,3268,97.282995,36143,1
3289,3269,97.294132,36154,1
3290,3270,97.305269,36165,1
3291,3271,97.316407,36176,1
3292,3272,97.327543,36187,1
3293,3273,97.338680,36198,1
3294,3274,97.349818,36209,1
3295,3275,97.360953,36220,1
3296,3276,97.372097,36231,1
3297,3277,97.383228,36242,1
3298,3278,97.394364,36253,1
3299,3279,97.405500,36264,1
3300,3280,97.416638,36275,1
3301,3281,97.427773,36286,1
3302,3282,97.438911,36297,1
3303,3283,97.450049,36308,1
3304,3284,97.461185,36319,1
3305,3285,97.472321,36330,1
3306,3286,97.483457,36341,1
3307,3287,97.494595,36352,1
3308,3288,97.505732,36363,1
3309,3289,97.516868,36374,1
3310,3290,97.528006,36385,1
3311,3291,97.539142,36396,1
3312,3292,97.550277,36407,1
3313,3293,97.561414,36418,1
3314,3294,97.572552,36429,1
3315,3295,97.583690,36440,1
3316,3296,97.594827,36451,1
3317,3297,97.605961,36462,1
3318,3298,97.617101,36473,1
3319,3299,97.628235,36484,1
3320,3300,97.639371,36495,1
3321,3301,97.650511,36506,1
3322,3302,97.661646,36517,1
3323,3303,97.672783,36528,1
3324,3304,97.683919,36539,1
3325,3305,97.695058,36550,1
3326,3306,97.706192,36561,1
3327,3307,97.717331,36572,1
3328,3308,97.728466,36583,1
3329,3309,97.739603,36594,1
3330,3310,97.750740,36605,1
3331,3311,97.761877,36616,1
3332,3312,97.773014,36627,1
3333,3313,97.784152,36638,1
3334,3314,97.795288,36649,1
3335,3315,97.806424,36660,1
3336,3316,97.817561,36671,1
3337,3317,97.827684,36681,1
3338,3318,97.838822,36692,1
3339,3319,97.849959,36703,1
3340,3320,97.861104,36714,1
3341,3321,97.872231,36725,1
3342,3322,97.883368,36736,1
3343,3323,97.894506,36747,1
3344,3324,97.905643,36758,1
3345,3325,97.916780,36769,1
3346,3326,97.927916,36780,1
3347,3327,97.939054,36791,1
3348,3328,97.950190,36802,1
3349,3329,97.961325,36813,1
3350,3330,97.972464,36824,1
3351,3331,97.983598,36835,1
3352,3332,97.994738,36846,1
3353,3333,98.005873,36857,1
3354,3334,98.017010,36868,1
3355,3335,98.028148,36879,1
3356,3336,98.039284,36890,1
3357,3337,98.050419,36901,1
3358,3338,98.061556,36912,1
3359,3339,98.072694,36923,1
3360,3340,98.083832,36934,1
3361,3341,98.094968,36945,1
3362,3342,98.106105,36956,1
3363,3343,98.117241,36967,1
3364,3344,98.128378,36978,1
3365,3345,98.139515,36989,1
3366,3346,98.150652,37000,1
3367,3347,98.161788,37011,1
3368,3348,98.172926,37022,1
3369,3349,98.184061,37033,1
3370,3350,98.195199,37044,1
3371,3351,98.206335,37055,1
3372,3352,98.217471,37066,1
3373,3353,98.228608,37077,1
3374,3354,98.239746,37088,1
3375,3355,98.250883,37099,1
3376,3356,98.262018,37110,1
3377,3357,98.273155,37121,1
3378,3358,98.284293,37132,1
3379,3359,98.295429,37143,1
3380,3360,98.306567,37154,1
3381,3361,98.317701,37165,1
3382,3362,98.328840,37176,1
3383,3363,98.339976,37187,1
3384,3364,98.351114,37198,1
3385,3365,98.362250,37209,1
3386,3366,98.373386,37220,1
3387,3367,98.384524,37231,1
3388,3368,98.395660,37242,1
3389,3369,98.406797,37253,1
3390,3370,98.417933,37264,1
3391,3371,98.429071,37275,1
3392,3372,98.440206,37286,1
3393,3373,98.451343,37297,1
3394,3374,98.462482,37308,1
3395,3375,98.473618,37319,1
3396,3376,98.484753,37330,1
3397,3377,98.495892,37341,1
3398,3378,98.507029,37352,1
3399,3379,98.518165,37363,1
3400,3380,98.529300,37374,1
3401,3381,98.540438,37385,1
3402,3382,98.551574,37396,1
3403,3383,98.562710,37407,1
3404,3384,98.573849,37418,1
3405,3385,98.584984,37429,1
3406,3386,98.596121,37440,1
3407,3387,98.607260,37451,1
3408,3388,98.618396,37462,1
3409,3389,98.629533,37473,1
3410,3390,98.640670,37484,1
3411,3391,98.651805,37495,1
3412,3392,98.662941,37506,1
3413,3393,98.674079,37517,1
3414,3394,98.685215,37528,1
3415,3395,98.696354,37539,1
3416,3396,98.707489,37550,1
3417,3397,98.718625,37561,1
3418,3398,98.729762,37572,1
3419,3399,98.740901,37583,1
3420,3400,98.752037,37594,1
3421,3401,98.763172,37605,1
3422,3402,98.774310,37616,1
3423,3403,98.785447,37627,1
3424,3404,98.796584,37638,1
3425,3405,98.807720,37649,1
3426,3406,98.818858,37660,1
3427,3407,98.829995,37671,1
3428,3408,98.841132,37682,1
3429,3409,98.852268,37693,1
3430,3410,98.863403,37704,1
3431,3411,98.874542,37715,1
3432,3412,98.885677,37726,1
3433,3413,98.896815,37737,1
3434,3414,98.907950,37748,1
3435,3415,98.919098,37759,1
3436,3416,98.930225,37770,1
3437,3417,98.941362,37781,1
3438,3418,98.952499,37792,1
3439,3419,98.963635,37803,1
3440,3420,98.974771,37814,1
3441,3421,98.985907,37825,1
3442,3422,98.997044,37836,1
3443,3423,99.008183,37847,1
3444,3424,99.019318,37858,1
3445,3425,99.030456,37869,1
3446,3426,99.041593,37880,1
3447,3427,99.052730,37891,1
3448,3428,99.063867,37902,1
3449,3429,99.075001,37913,1
3450,3430,99.085127,37923,1
3451,3431,99.096265,37934,1
3452,3432,99.107401,37945,1
3453,3433,99.118538,37956,1
3454,3434,99.129674,37967,1
3455,3435,99.140812,37978,1
3456,3436,99.151949,37989,1
3457,3437,99.163096,38000,1
3458,3438,99.174220,38011,1
3459,3439,99.185357,38022,1
3460,3440,99.196496,38033,1
3461,3441,99.207632,38044,1
3462,3442,99.218768,38055,1
3463,3443,99.229905,38066,1
3464,3444,99.241040,38077,1
3465,3445,99.252180,38088,1
3466,3446,99.263314,38099,1
3467,3447,99.274453,38110,1
3468,3448,99.285588,38121,1
3469,3449,99.296724,38132,1
3470,3450,99.307862,38143,1
3471,3451,99.318999,38154,1
3472,3452,99.330134,38165,1
3473,3453,99.341272,38176,1
3474,3454,99.352409,38187,1
3475,3455,99.363545,38198,1
3476,3456,99.374684,38209,1
3477,3457,99.385820,38220,1
3478,3458,99.396956,38231,1
3479,3459,99.408102,38242,1
3480,3460,99.419229,38253,1
3481,3461,99.430367,38264,1
3482,3462,99.441504,38275,1
3483,3463,99.452639,38286,1
3484,3464,99.463778,38297,1
3485,3465,99.474915,38308,1
3486,3466,99.486050,38319,1
3487,3467,99.497187,38330,1
3488,3468,99.508323,38341,1
3489,3469,99.519461,38352,1
3490,3470,99.530598,38363,1
3491,3471,99.541733,38374,1
3492,3472,99.552871,38385,1
3493,3473,99.564008,38396,1
3494,3474,99.575146,38407,1
3495,3475,99.586282,38418,1
3496,3476,99.597418,38429,1
3497,3477,99.608556,38440,1
3498,3478,99.619691,38451,1
3499,3479,99.630829,38462,1
3500,3480,99.641964,38473,1
3501,3481,99.653101,38484,1
3502,3482,99.664237,38495,1
3503,3483,99.675376,38506,1
3504,3484,99.686512,38517,1
3505,3485,99.697650,38528,1
3506,3486,99.708785,38539,1
3507,3487,99.719923,38550,1
3508,3488,99.731061,38561,1
3509,3489,99.742197,38572,1
3510,3490,99.753334,38583,1
3511,3491,99.764470,38594,1
3512,3492,99.775607,38605,1
3513,3493,99.786742,38616,1
3514,3494,99.797880,38627,1
3515,3495,99.809018,38638,1
3516,3496,99.820154,38649,1
3517,3497,99.831290,38660,1
3518,3498,99.842426,38671,1
3519,3499,99.853564,38682,1
3520,3500,99.864702,38693,1
3521,3501,99.875838,38704,1
3522,3502,99.886973,38715,1
3523,3503,99.898111,38726,1
3524,3504,99.909246,38737,1
3525,3505,99.920385,38748,1
3526,3506,99.931521,38759,1
3527,3507,99.942659,38770,1
3528,3508,99.953795,38781,1
3529,3509,99.964930,38792,1
3530,-1,99.976067,38803,1
3531,3510,99.987204,38814,1
3532,3511,99.998340,38825,1
3533,3512,100.009479,38836,1
3534,3513,100.020616,38847,1
3535,3514,100.031752,38858,1
3536,3515,100.042890,38869,1
3537,3516,100.054026,38880,1
3538,3517,100.065161,38891,1
3539,3518,100.076298,38902,1
3540,3519,100.087435,38913,1
3541,3520,100.098573,38924,1
3542,3521,100.109710,38935,1
3543,3522,100.120845,38946,1
3544,3523,100.131982,38957,1
3545,3524,100.143120,38968,1
3546,3525,100.154255,38979,1
3547,3526,100.165393,38990,1
3548,3527,100.176529,39001,1
3549,3528,100.187666,39012,1
3550,3529,100.198804,39023,1
3551,3530,100.209939,39034,1
3552,3531,100.221077,39045,1
3553,3532,100.232215,39056,1
3554,3533,100.243352,39067,1
3555,3534,100.254487,39078,1
3556,3535,100.265623,39089,1
3557,3536,100.276760,39100,1
3558,3537,100.287899,39111,1
3559,3538,100.299033,39122,1
3560,3539,100.310172,39133,1
3561,3540,100.321308,39144,1
3562,3541,100.331432,39154,1
3563,3542,100.342570,39165,1
3564,3543,100.353706,39176,1
3565,3544,100.364841,39187,1
3566,3545,100.375980,39198,1
3567,3546,100.387114,39209,1
3568,3547,100.398252,39220,1
3569,3548,100.409390,39231,1
3570,3549,100.420525,39242,1
3571,3550,100.431664,39253,1
3572,3551,100.442800,39264,1
3573,3552,100.453936,39275,1
3574,3553,100.465073,39286,1
3575,3554,100.476210,39297,1
3576,3555,100.487348,39308,1
3577,3556,100.498485,39319,1
3578,3557,100.509622,39330,1
3579,3558,100.520758,39341,1
3580,3559,100.531894,39352,1
3581,3560,100.543030,39363,1
3582,3561,100.554168,39374,1
3583,3562,100.565303,39385,1
3584,3563,100.576441,39396,1
3585,3564,100.587579,39407,1
3586,3565,100.598716,39418,1
3587,3566,100.609851,39429,1
3588,3567,100.620989,39440,1
3589,3568,100.632124,39451,1
3590,3569,100.643262,39462,1
3591,3570,100.654399,39473,1
3592,3571,100.665534,39484,1
3593,3572,100.676671,39495,1
3594,3573,100.687810,39506,1
3595,3574,100.698946,39517,1
3596,3575,100.710082,39528,1
3597,3576,100.721221,39538,1
3598,3577,100.732355,39549,1
3599,3578,100.743493,39560,1
3600,3579,100.754629,39571,1
3601,3580,100.765767,39582,1
3602,3581,100.776902,39593,1
3603,3582,100.788041,39604,1
3604,3583,100.799175,39615,1
3605,3584,100.810312,39626,1
3606,3585,100.821450,39637,1
3607,3586,100.832587,39648,1
3608,3587,100.843722,39659,1
3609,3588,100.854861,39670,1
3610,3589,100.865997,39681,1
3611,3590,100.877133,39692,1
3612,3591,100.888271,39703,1
3613,3592,100.899406,39714,1
3614,3593,100.910543,39725,1
3615,3594,100.921680,39736,1
3616,3595,100.932818,39747,1
3617,3596,100.943954,39758,1
3618,3597,100.955097,39769,1
3619,3598,100.966227,39780,1
3620,3599,100.977366,39791,1
3621,3600,100.988502,39802,1
3622,3601,100.999639,39813,1
3623,3602,101.010775,39824,1
3624,3603,101.021912,39835,1
3625,3604,101.033047,39846,1
3626,3605,101.044185,39857,1
3627,3606,101.055321,39868,1
3628,3607,101.066457,39879,1
3629,3608,101.077596,39890,1
3630,3609,101.088732,39901,1
3631,3610,101.099870,39912,1
3632,3611,101.111004,39923,1
3633,3612,101.122143,39934,1
3634,3613,101.133280,39945,1
3635,3614,101.144415,39956,1
3636,3615,101.155551,39967,1
3637,3616,101.166691,39978,1
3638,3617,101.177827,39989,1
3639,3618,101.188962,40000,1
3640,3619,101.200101,40011,1
3641,3620,101.211237,40022,1
3642,3621,101.222374,40033,1
3643,3622,101.233509,40044,1
3644,3623,101.244646,40055,1
3645,3624,101.255785,40066,1
3646,3625,101.266919,40077,1
3647,3626,101.278058,40088,1
3648,3627,101.289195,40099,1
3649,3628,101.300332,40110,1
3650,3629,101.311468,40121,1
3651,3630,101.322603,40132,1
3652,3631,101.333742,40143,1
3653,3632,101.344879,40154,1
3654,3633,101.356015,40165,1
3655,3634,101.367151,40176,1
3656,3635,101.378289,40187,1
3657,3636,101.389425,40198,1
3658,3637,101.400562,40209,1
3659,3638,101.411699,40220,1
3660,3639,101.422836,40231,1
3661,3640,101.433971,40242,1
3662,3641,101.445107,40253,1
3663,3642,101.456244,40264,1
3664,3643,101.467382,40275,1
3665,3644,101.478518,40286,1
3666,3645,101.489655,40297,1
3667,3646,101.500793,40308,1
3668,3647,101.511930,40319,1
3669,3648,101.523067,40330,1
3670,3649,101.534202,40341,1
3671,3650,101.545340,40352,1
3672,3651,101.556475,40363,1
3673,3652,101.567612,40374,1
3674,3653,101.578749,40385,1
3675,3654,101.588873,40395,1
3676,3655,101.600009,40406,1
3677,3656,101.611148,40417,1
3678,3657,101.622285,40428,1
3679,3658,101.633421,40439,1
3680,3659,101.644559,40450,1
3681,3660,101.655695,40461,1
3682,3661,101.666830,40472,1
3683,3662,101.677969,40483,1
3684,3663,101.689104,40494,1
3685,3664,101.700243,40505,1
3686,3665,101.711380,40516,1
3687,-1,101.722516,40527,1
3688,3666,101.733653,40538,1
3689,3667,101.744790,40549,1
3690,3668,101.755926,40560,1
3691,3669,101.767061,40571,1
3692,3670,101.778199,40582,1
3693,3671,101.789334,40593,1
3694,3672,101.800472,40604,1
3695,3673,101.811611,40615,1
3696,3674,101.822745,40626,1
3697,3675,101.833883,40637,1
3698,3676,101.845021,40648,1
3699,3677,101.856155,40659,1
3700,3678,101.867292,40670,1
3701,3679,101.878431,40681,1
3702,3680,101.889566,40692,1
3703,3681,101.900704,40703,1
3704,3682,101.911841,40714,1
3705,3683,101.922977,40725,1
3706,3684,101.934114,40736,1
3707,3685,101.945250,40747,1
3708,3686,101.956388,40758,1
3709,3687,101.967524,40769,1
3710,3688,101.978660,40780,1
3711,3689,101.989796,40791,1
3712,3690,102.000935,40802,1
3713,3691,102.012070,40813,1
3714,3692,102.023208,40824,1
3715,3693,102.034343,40835,1
3716,3694,102.045481,40846,1
3717,3695,102.056617,40857,1
3718,3696,102.067754,40868,1
3719,3697,102.078891,40879,1
3720,3698,102.090029,40890,1
3721,3699,102.101166,40901,1
3722,3700,102.112303,40912,1
3723,3701,102.123440,40923,1
3724,3702,102.134576,40934,1
3725,3703,102.145713,40945,1
3726,3704,102.156848,40956,1
3727,3705,102.167986,40967,1
3728,3706,102.179124,40978,1
3729,3707,102.190259,40989,1
3730,3708,102.201397,41000,1
3731,3709,102.212533,41011,1
3732,-1,102.223668,41022,1
3733,3710,102.234805,41033,1
3734,3711,102.245943,41044,1
3735,3712,102.257080,41055,1
3736,3713,102.268217,41066,1
3737,3714,102.279354,41077,1
3738,3715,102.290490,41088,1
3739,3716,102.301628,41099,1
3740,3717,102.312765,41110,1
3741,3718,102.323901,41121,1
3742,3719,102.335038,41132,1
3743,3720,102.346173,41143,1
3744,3721,102.357312,41154,1
3745,3722,102.368449,41165,1
3746,3723,102.379583,41176,1
3747,3724,102.390721,41187,1
3748,3725,102.401858,41198,1
3749,3726,102.412996,41209,1
3750,3727,102.424131,41220,1
3751,3728,102.435267,41231,1
3752,3729,102.446403,41242,1
3753,-1,102.457542,41253,1
3754,3730,102.468678,41264,1
3755,3731,102.479815,41275,1
3756,3732,102.490953,41286,1
3757,3733,102.502097,41297,1
3758,3734,102.513226,41308,1
3759,3735,102.524361,41319,1
3760,3736,102.535498,41330,1
3761,3737,102.546634,41341,1
3762,3738,102.557771,41352,1
3763,3739,102.568910,41363,1
3764,3740,102.580045,41374,1
3765,3741,102.591181,41385,1
3766,3742,102.602319,41396,1
3767,3743,102.613457,41407,1
3768,3744,102.624593,41418,1
3769,3745,102.635729,41429,1
3770,3746,102.646866,41440,1
3771,3747,102.658002,41451,1
3772,3748,102.669139,41462,1
3773,3749,102.680278,41473,1
3774,3750,102.691414,41484,1
3775,3751,102.702551,41495,1
3776,3752,102.713688,41506,1
3777,3753,102.724823,41517,1
3778,3754,102.735959,41528,1
3779,3755,102.747100,41539,1
3780,3756,102.758233,41550,1
3781,3757,102.769372,41561,1
3782,3758,102.780509,41572,1
3783,3759,102.791643,41583,1
3784,3760,102.802780,41594,1
3785,3761,102.813919,41605,1
3786,3762,102.825055,41616,1
3787,3763,102.836190,41627,1
3788,3764,102.846315,41637,1
3789,3765,102.857451,41648,1
3790,3766,102.868589,41659,1
3791,3767,102.879727,41670,1
3792,3768,102.890864,41681,1
3793,3769,102.902000,41692,1
3794,3770,102.913138,41703,1
3795,3771,102.924272,41714,1
3796,3772,102.935410,41725,1
3797,3773,102.946548,41736,1
3798,3774,102.957684,41747,1
3799,3775,102.968820,41758,1
3800,3776,102.979958,41769,1
3801,3777,102.991099,41780,1
3802,3778,103.002231,41791,1
3803,3779,103.013368,41802,1
3804,3780,103.024504,41813,1
3805,3781,103.035642,41824,1
3806,3782,103.046777,41835,1
3807,3783,103.057913,41846,1
3808,3784,103.069053,41857,1
3809,3785,103.080189,41868,1
3810,3786,103.091324,41879,1
3811,3787,103.102461,41890,1
3812,3788,103.113598,41901,1
3813,3789,103.124734,41912,1
3814,3790,103.135870,41923,1
3815,3791,103.147008,41934,1
3816,3792,103.158144,41945,1
3817,3793,103.169281,41956,1
3818,3794,103.180419,41967,1
3819,3795,103.191556,41978,1
3820,3796,103.202693,41989,1
3821,3797,103.213828,42000,1
3822,3798,103.224966,42011,1
3823,3799,103.236104,42022,1
3824,3800,103.247240,42033,1
3825,3801,103.258376,42044,1
3826,3802,103.269513,42055,1
3827,3803,103.280649,42066,1
3828,3804,103.291787,42077,1
3829,3805,103.302922,42088,1
3830,3806,103.314061,42099,1
3831,3807,103.325196,42110,1
3832,3808,103.336334,42121,1
3833,3809,103.347469,42132,1
3834,3810,103.358607,42143,1
3835,3811,103.369743,42154,1
3836,3812,103.380879,42165,1
3837,3813,103.392018,42176,1
3838,3814,103.403155,42187,1
3839,3815,103.414291,42198,1
3840,3817,103.425428,42209,1
3841,-1,103.436564,42220,1
3842,3818,103.447702,42231,1
3843,3819,103.458837,42242,1
3844,3820,103.469975,42253,1
3845,3821,103.481111,42264,1
3846,3822,103.492249,42275,1
3847,3823,103.503386,42286,1
3848,3824,103.514522,42297,1
3849,3825,103.525660,42308,1
3850,3826,103.536796,42319,1
3851,3827,103.547933,42330,1
3852,3828,103.559070,42341,1
3853,3829,103.570206,42352,1
3854,3830,103.581341,42363,1
3855,3831,103.592479,42374,1
3856,3832,103.603617,42385,1
3857,3833,103.614752,42396,1
3858,3834,103.625889,42407,1
3859,3835,103.637027,42418,1
3860,3836,103.648163,42429,1
3861,3837,103.659299,42440,1
3862,3838,103.670437,42451,1
3863,3839,103.681574,42462,1
3864,3840,103.692711,42473,1
3865,3841,103.703847,42484,1
3866,3842,103.714982,42495,1
3867,3843,103.726119,42506,1
3868,3844,103.737256,42517,1
3869,3845,103.748393,42528,1
3870,3846,103.759531,42539,1
3871,3847,103.770668,42550,1
3872,3848,103.781804,42561,1
3873,3849,103.792942,42572,1
3874,3850,103.804078,42583,1
3875,3851,103.815215,42594,1
3876,3852,103.826352,42605,1
3877,3853,103.837487,42616,1
3878,3854,103.848624,42627,1
3879,3855,103.859762,42638,1
3880,3856,103.870898,42649,1
3881,3857,103.882035,42660,1
3882,3858,103.893171,42671,1
3883,3859,103.904308,42682,1
3884,3860,103.915446,42693,1
3885,3861,103.926583,42704,1
3886,3862,103.937717,42715,1
3887,3863,103.948854,42726,1
3888,3864,103.959993,42737,1
3889,3865,103.971128,42748,1
3890,3866,103.982267,42759,1
3891,3867,103.993402,42770,1
3892,3868,104.004540,42781,1
3893,3869,104.015676,42792,1
3894,3870,104.026814,42803,1
3895,3871,104.037949,42814,1
3896,3872,104.049095,42825,1
3897,-1,104.060224,42836,1
3898,3873,104.071359,42847,1
3899,3874,104.082498,42858,1
3900,3875,104.093635,42869,1
3901,3876,104.103756,42879,1
3902,3877,104.114895,42890,1
3903,3878,104.126032,42901,1
3904,3879,104.137169,42912,1
3905,3880,104.148306,42923,1
3906,3881,104.159441,42934,1
3907,3882,104.170579,42945,1
3908,3883,104.181715,42956,1
3909,3884,104.192852,42967,1
3910,3885,104.203990,42978,1
3911,3886,104.215126,42989,1
3912,3887,104.226261,43000,1
3913,3888,104.237398,43011,1
3914,3889,104.248534,43022,1
3915,3890,104.259672,43033,1
3916,3891,104.270808,43044,1
3917,3892,104.281947,43055,1
3918,3893,104.293082,43066,1
3919,3894,104.304219,43077,1
3920,3895,104.315355,43088,1
3921,3896,104.326492,43099,1
3922,3897,104.337631,43110,1
3923,3898,104.348766,43121,1
3924,3899,104.359904,43132,1
3925,3900,104.371039,43143,1
3926,3901,104.382176,43154,1
3927,3902,104.393313,43165,1
3928,3903,104.404449,43176,1
3929,3904,104.415587,43187,1
3930,3905,104.426725,43198,1
3931,3906,104.437862,43209,1
3932,3907,104.448999,43220,1
3933,3908,104.460133,43231,1
3934,3909,104.471271,43242,1
3935,3910,104.482406,43253,1
3936,3911,104.493543,43264,1
3937,3912,104.504682,43275,1
3938,3913,104.515818,43286,1
3939,3914,104.526955,43297,1
3940,3915,104.538099,43308,1
3941,3916,104.549229,43319,1
3942,3917,104.560366,43330,1
3943,3918,104.571503,43341,1
3944,3919,104.582639,43352,1
3945,3920,104.593776,43363,1
3946,3921,104.604911,43374,1
3947,3922,104.616049,43385,1
3948,3923,104.627184,43396,1
3949,3924,104.638323,43407,1
3950,3925,104.649460,43418,1
3951,3926,104.660596,43429,1
3952,3927,104.671732,43440,1
3953,3928,104.682868,43451,1
3954,3929,104.694007,43462,1
3955,3930,104.705142,43473,1
3956,3931,104.716279,43484,1
3957,3932,104.727416,43495,1
3958,3933,104.738552,43506,1
3959,3934,104.749690,43517,1
3960,3935,104.760827,43528,1
3961,3936,104.771964,43539,1
3962,3937,104.783101,43550,1
3963,3938,104.794238,43561,1
3964,3939,104.805373,43572,1
3965,3940,104.816509,43583,1
3966,3941,104.827648,43594,1
3967,3942,104.838783,43605,1
3968,3943,104.849921,43616,1
3969,3944,104.861059,43627,1
3970,3945,104.872196,43638,1
3971,3946,104.883332,43649,1
3972,3947,104.894469,43660,1
3973,3948,104.905605,43671,1
3974,3949,104.916743,43682,1
3975,3950,104.927879,43693,1
3976,3951,104.939014,43704,1
3977,3952,104.950151,43715,1
3978,3953,104.961288,43726,1
3979,3954,104.972426,43737,1
3980,3955,104.983561,43748,1
3981,3956,104.994699,43759,1
3982,3957,105.005836,43770,1
3983,3958,105.016971,43781,1
3984,3959,105.028111,43792,1
3985,3960,105.039247,43803,1
3986,3961,105.050383,43814,1
3987,3962,105.061520,43825,1
3988,3963,105.072657,43836,1
3989,3964,105.083792,43847,1
3990,3965,105.094931,43858,1
3991,3966,105.106066,43869,1
3992,3967,105.117204,43880,1
3993,3968,105.128339,43891,1
3994,3969,105.139478,43902,1
3995,3970,105.150614,43913,1
3996,3971,105.161751,43924,1
3997,3972,105.172887,43935,1
3998,3973,105.184023,43946,1
3999,3974,105.195159,43957,1
4000,3975,105.206299,43968,1
4001,3976,105.217434,43979,1
4002,3977,105.228572,43990,1
4003,3978,105.239709,44001,1
4004,3979,105.250844,44012,1
4005,3980,105.261982,44023,1
4006,3981,105.273117,44034,1
4007,3982,105.284254,44045,1
4008,3983,105.295392,44056,1
4009,3984,105.306527,44067,1
4010,3985,105.317665,44078,1
4011,3986,105.328803,44089,1
4012,3987,105.339939,44100,1
4013,3988,105.350062,44110,1
4014,3989,105.361200,44121,1
4015,3990,105.372337,44132,1
4016,3991,105.383474,44143,1
4017,3992,105.394609,44154,1
4018,3993,105.405747,44165,1
4019,3994,105.416885,44176,1
4020,3995,105.428021,44187,1
4021,3996,105.439157,44198,1
4022,3997,105.450295,44209,1
4023,3998,105.461429,44220,1
4024,3999,105.472568,44231,1
4025,4000,105.483705,44242,1
4026,4001,105.494842,44253,1
4027,4002,105.505977,44264,1
4028,4003,105.517116,44275,1
4029,4004,105.528250,44286,1
4030,4005,105.539388,44297,1
4031,4006,105.550526,44308,1
4032,4007,105.561662,44319,1
4033,4008,105.572799,44330,1
4034,4009,105.583935,44341,1
4035,4010,105.595072,44352,1
4036,4011,105.606207,44363,1
4037,4012,105.617346,44374,1
4038,4013,105.628483,44385,1
4039,4014,105.639619,44396,1
4040,4015,105.650756,44407,1
4041,4016,105.661894,44418,1
4042,4017,105.673029,44429,1
4043,4018,105.684167,44440,1
4044,4019,105.695302,44451,1
4045,4020,105.706438,44462,1
4046,4021,105.717575,44472,1
4047,4022,105.728712,44483,1
4048,4023,105.739851,44494,1
4049,4024,105.750986,44505,1
4050,4025,105.762123,44516,1
4051,4026,105.773260,44527,1
4052,4027,105.784398,44538,1
4053,4028,105.795532,44549,1
4054,4029,105.806671,44560,1
4055,4030,105.817807,44571,1
4056,4031,105.828943,44582,1
4057,4032,105.840079,44593,1
4058,4033,105.851218,44604,1
4059,4034,105.862354,44615,1
4060,4035,105.873493,44626,1
4061,4036,105.884626,44637,1
4062,4037,105.895765,44648,1
4063,4038,105.906900,44659,1
4064,4039,105.918037,44670,1
4065,4040,105.929176,44681,1
4066,4041,105.940312,44692,1
4067,4042,105.951448,44703,1
4068,4043,105.962585,44714,1
4069,4044,105.973722,44725,1
4070,4045,105.984860,44736,1
4071,4046,105.995996,44747,1
4072,4047,106.007133,44758,1
4073,4048,106.018270,44769,1
4074,4049,106.029406,44780,1
4075,4050,106.040544,44791,1
4076,4051,106.051680,44802,1
4077,4052,106.062815,44813,1
4078,4053,106.073952,44824,1
4079,4054,106.085097,44835,1
4080,4055,106.096225,44846,1
4081,4056,106.107363,44857,1
4082,4057,106.118500,44868,1
4083,4058,106.129638,44879,1
4084,4059,106.140774,44890,1
4085,4060,106.151909,44901,1
4086,4061,106.163047,44912,1
4087,4062,106.174184,44923,1
4088,4063,106.185321,44934,1
4089,4064,106.196456,44945,1
4090,4065,106.207595,44956,1
4091,4066,106.218732,44967,1
4092,4067,106.229869,44978,1
4093,4068,106.241003,44989,1
4094,4069,106.252140,45000,1
4095,4070,106.263279,45011,1
4096,4071,106.274415,45022,1
4097,4072,106.285552,45033,1
4098,4073,106.296688,45044,1
4099,4074,106.307823,45055,1
4100,4075,106.318963,45066,1
4101,4076,106.330100,45077,1
4102,4077,106.341235,45088,1
4103,4078,106.352372,45099,1
4104,-1,106.363509,45110,1
4105,4079,106.374645,45121,1
4106,4080,106.385783,45132,1
4107,4081,106.396920,45143,1
4108,4082,106.408057,45154,1
4109,4083,106.419191,45165,1
4110,4084,106.430328,45176,1
4111,4085,106.441466,45187,1
4112,4086,106.452602,45198,1
4113,4087,106.463740,45209,1
4114,4088,106.474875,45220,1
4115,4089,106.486012,45231,1
4116,4090,106.497148,45242,1
4117,4091,106.508286,45253,1
4118,4092,106.519424,45264,1
4119,4093,106.530560,45275,1
4120,4094,106.541698,45286,1
4121,4095,106.552834,45297,1
4122,4096,106.563971,45308,1
4123,4097,106.575107,45319,1
4124,4098,106.586245,45330,1
4125,4099,106.597382,45341,1
4126,4100,106.607505,45351,1
4127,4101,106.618641,45362,1
4128,4102,106.629778,45373,1
4129,4103,106.640915,45384,1
4130,4104,106.652053,45395,1
4131,4105,106.663188,45406,1
4132,4106,106.674325,45417,1
4133,4107,106.685461,45428,1
4134,4108,106.696599,45439,1
4135,4109,106.707735,45450,1
4136,4110,106.718873,45461,1
4137,4111,106.730010,45472,1
4138,4112,106.741146,45483,1
4139,4113,106.752282,45494,1
4140,4114,106.763418,45505,1
4141,4115,106.774555,45516,1
4142,4116,106.785694,45527,1
4143,4117,106.796830,45538,1
4144,4118,106.807968,45549,1
4145,4119,106.819105,45560,1
4146,4120,106.830240,45571,1
4147,4121,106.841377,45582,1
4148,4122,106.852515,45593,1
4149,4123,106.863650,45604,1
4150,4124,106.874788,45615,1
4151,4125,106.885923,45626,1
4152,4126,106.897060,45637,1
4153,4127,106.908197,45648,1
4154,4128,106.919335,45659,1
4155,4129,106.930472,45670,1
4156,4130,106.941607,45681,1
4157,4131,106.952743,45692,1
4158,4132,106.963881,45703,1
4159,4133,106.975017,45714,1
4160,4134,106.986156,45725,1
4161,4135,106.997293,45736,1
4162,4136,107.008429,45747,1
4163,4137,107.019564,45758,1
4164,4138,107.030702,45769,1
4165,4139,107.041840,45780,1
4166,4140,107.052976,45791,1
4167,4141,107.064111,45802,1
4168,4142,107.075249,45813,1
4169,4143,107.086386,45824,1
4170,4144,107.097521,45835,1
4171,4145,107.108658,45846,1
4172,4146,107.119795,45857,1
4173,4147,107.130933,45868,1
4174,4148,107.142068,45879,1
4175,4149,107.153207,45890,1
4176,4150,107.164342,45901,1
4177,4151,107.175479,45912,1
4178,4152,107.186617,45923,1
4179,4153,107.197754,45934,1
4180,4154,107.208890,45945,1
4181,4155,107.220028,45956,1
4182,4156,107.231163,45967,1
4183,4157,107.242300,45978,1
4184,4158,107.253437,45989,1
4185,4159,107.264573,46000,1
4186,4160,107.275711,46011,1
4187,4161,107.286846,46022,1
4188,4162,107.297984,46033,1
4189,4163,107.309120,46044,1
4190,4164,107.320258,46055,1
4191,4165,107.331393,46066,1
4192,4166,107.342532,46077,1
4193,4167,107.353668,46088,1
4194,4168,107.364804,46099,1
4195,4169,107.375943,46110,1
4196,4170,107.387079,46121,1
4197,4171,107.398214,46132,1
4198,4172,107.409352,46143,1
4199,4173,107.420489,46154,1
4200,4174,107.431627,46165,1
4201,4175,107.442763,46176,1
4202,4176,107.453898,46187,1
4203,4177,107.465036,46198,1
4204,4178,107.476171,46209,1
4205,4179,107.487310,46220,1
4206,4180,107.498447,46231,1
4207,4181,107.509581,46242,1
4208,4182,107.520719,46253,1
4209,4183,107.531857,46264,1
4210,4184,107.542992,46275,1
4211,4185,107.554131,46286,1
4212,4186,107.565268,46297,1
4213,4187,107.576404,46308,1
4214,4188,107.587540,46319,1
4215,4189,107.598679,46330,1
4216,4190,107.609813,46341,1
4217,4191,107.620951,46352,1
4218,4192,107.632096,46363,1
4219,4193,107.643223,46374,1
4220,4194,107.654362,46385,1
4221,4195,107.665496,46396,1
4222,4196,107.676633,46407,1
4223,4197,107.687771,46418,1
4224,4198,107.698908,46429,1
4225,4199,107.710046,46440,1
4226,4200,107.721180,46451,1
4227,4201,107.732317,46462,1
4228,4202,107.743454,46473,1
4229,4203,107.754592,46484,1
4230,4204,107.765729,46495,1
4231,4205,107.776866,46506,1
4232,4206,107.788003,46517,1
4233,4207,107.799139,46528,1
4234,4208,107.810276,46539,1
4235,4209,107.821412,46550,1
4236,4210,107.832550,46561,1
4237,4211,107.843686,46572,1
4238,4212,107.854822,46583,1
4239,4213,107.864947,46593,1
4240,4214,107.876083,46604,1
4241,4215,107.887219,46615,1
4242,4216,107.898358,46626,1
4243,4217,107.909493,46637,1
4244,4218,107.920631,46648,1
4245,4219,107.931768,46659,1
4246,4220,107.942905,46670,1
4247,4221,107.954040,46681,1
4248,4222,107.965179,46692,1
4249,4223,107.976314,46703,1
4250,4224,107.987451,46714,1
4251,4225,107.998588,46725,1
4252,4226,108.009726,46736,1
4253,4227,108.020861,46747,1
4254,4228,108.031999,46758,1
4255,4229,108.043135,46769,1
4256,4230,108.054272,46780,1
4257,4231,108.065409,46791,1
4258,4232,108.076546,46802,1
4259,4233,108.087682,46813,1
4260,4234,108.098819,46824,1
4261,4235,108.109955,46835,1
4262,4236,108.121097,46846,1
4263,4237,108.132228,46857,1
4264,4238,108.143365,46868,1
4265,4239,108.154503,46879,1
4266,4240,108.165640,46890,1
4267,4241,108.176775,46901,1
4268,4242,108.187912,46912,1
4269,4243,108.199049,46923,1
4270,4244,108.210187,46934,1
4271,4245,108.221324,46945,1
4272,4246,108.232460,46956,1
4273,4247,108.243598,46967,1
4274,4248,108.254735,46978,1
4275,4249,108.265870,46989,1
4276,4250,108.277007,47000,1
4277,4251,108.288143,47011,1
4278,4252,108.299282,47022,1
4279,4253,108.310418,47033,1
4280,4254,108.321554,47044,1
4281,4255,108.332690,47055,1
4282,4256,108.343827,47066,1
4283,4257,108.354965,47077,1
4284,4258,108.366102,47088,1
4285,4259,108.377239,47099,1
4286,4260,108.388376,47110,1
4287,4261,108.399512,47121,1
4288,4262,108.410648,47132,1
4289,4263,108.421785,47143,1
4290,4264,108.432923,47154,1
4291,4265,108.444060,47165,1
4292,4266,108.455196,47176,1
4293,4267,108.466332,47187,1
4294,4268,108.477467,47198,1
4295,4269,108.488605,47209,1
4296,4270,108.499744,47220,1
4297,4271,108.510880,47231,1
4298,4272,108.522016,47242,1
4299,4273,108.533153,47253,1
4300,4274,108.544290,47264,1
4301,4275,108.555426,47275,1
4302,4276,108.566564,47286,1
4303,4277,108.577700,47297,1
4304,4278,108.588837,47308,1
4305,4279,108.599974,47319,1
4306,4280,108.611111,47330,1
4307,4281,108.622245,47341,1
4308,4282,108.633384,47352,1
4309,4283,108.644519,47363,1
4310,4284,108.655656,47374,1
4311,4285,108.666794,47385,1
4312,4286,108.677929,47396,1
4313,4287,108.689068,47407,1
4314,4288,108.700203,47418,1
4315,4289,108.711342,47429,1
4316,4290,108.722478,47440,1
4317,4291,108.733615,47451,1
4318,4292,108.744750,47462,1
4319,4293,108.755887,47473,1
4320,4294,108.767025,47484,1
4321,4295,108.778162,47495,1
4322,4296,108.789299,47506,1
4323,4297,108.800434,47517,1
4324,4298,108.811572,47528,1
4325,4299,108.822709,47539,1
4326,4300,108.833845,47550,1
4327,4301,108.844981,47561,1
4328,4302,108.856120,47572,1
4329,4303,108.867256,47583,1
4330,4304,108.878391,47594,1
4331,4305,108.889528,47605,1
4332,4306,108.900665,47616,1
4333,4307,108.911803,47627,1
4334,4308,108.922940,47638,1
4335,4309,108.934075,47649,1
4336,4310,108.945212,47660,1
4337,4311,108.956349,47671,1
4338,4312,108.967487,47682,1
4339,4313,108.978624,47693,1
4340,4314,108.989760,47704,1
4341,4315,109.000898,47715,1
4342,4316,109.012034,47726,1
4343,4317,109.023169,47737,1
4344,4318,109.034308,47748,1
4345,4319,109.045445,47759,1
4346,4320,109.056579,47770,1
4347,4321,109.067718,47781,1
4348,4322,109.078855,47792,1
4349,4323,109.089990,47803,1
4350,4324,109.101127,47814,1
4351,4325,109.112264,47825,1
4352,4326,109.122390,47835,1
4353,4327,109.133524,47846,1
4354,4328,109.144663,47857,1
4355,4329,109.155798,47868,1
4356,4330,109.166936,47879,1
4357,4331,109.178072,47890,1
4358,4332,109.189208,47901,1
4359,4333,109.200347,47912,1
4360,4334,109.211482,47923,1
4361,4335,109.222619,47934,1
4362,4336,109.233755,47945,1
4363,4337,109.244894,47956,1
4364,4338,109.256031,47967,1
4365,4339,109.267166,47978,1
4366,4340,109.278302,47989,1
4367,4341,109.289441,48000,1
4368,4342,109.300577,48011,1
4369,4343,109.311714,48022,1
4370,4344,109.322851,48033,1
4371,4345,109.333988,48044,1
4372,4346,109.345125,48055,1
4373,4347,109.356262,48066,1
4374,4348,109.367398,48077,1
4375,4349,109.378534,48088,1
4376,4350,109.389669,48099,1
4377,4351,109.400809,48110,1
4378,4352,109.411945,48121,1
4379,4353,109.423080,48132,1
4380,4354,109.434219,48143,1
4381,4355,109.445355,48154,1
4382,4356,109.456492,48165,1
4383,4357,109.467629,48176,1
4384,4358,109.478766,48187,1
4385,4359,109.489902,48198,1
4386,4360,109.501037,48209,1
4387,4361,109.512176,48220,1
4388,4362,109.523312,48231,1
4389,4363,109.534450,48242,1
4390,4364,109.545587,48253,1
4391,4365,109.556721,48264,1
4392,4366,109.567858,48275,1
4393,4367,109.578996,48286,1
4394,4368,109.590133,48297,1
4395,4369,109.601269,48308,1
4396,4370,109.612405,48319,1
4397,4371,109.623541,48330,1
4398,4372,109.634681,48341,1
4399,4373,109.645817,48352,1
4400,4374,109.656953,48363,1
4401,4375,109.668097,48374,1
4402,4376,109.679228,48385,1
4403,4377,109.690362,48396,1
4404,4378,109.701501,48407,1
4405,4379,109.712637,48418,1
4406,4380,109.723774,48429,1
4407,4381,109.734912,48440,1
4408,4382,109.746046,48451,1
4409,4383,109.757185,48462,1
4410,4384,109.768320,48473,1
4411,4385,109.779459,48484,1
4412,4386,109.790595,48495,1
4413,4387,109.801730,48506,1
4414,4388,109.812869,48517,1
4415,4389,109.824005,48528,1
4416,4390,109.835142,48539,1
4417,4391,109.846277,48550,1
4418,4392,109.857416,48561,1
4419,4393,109.868550,48572,1
4420,4394,109.879689,48583,1
4421,4395,109.890826,48594,1
4422,4396,109.901962,48605,1
4423,4397,109.913101,48616,1
4424,4398,109.924236,48627,1
4425,4399,109.935373,48638,1
4426,4400,109.946510,48649,1
4427,4401,109.957645,48660,1
4428,4402,109.968781,48671,1
4429,4403,109.979920,48682,1
4430,4404,109.991055,48693,1
4431,4405,110.002192,48704,1
4432,4406,110.013329,48715,1
4433,4407,110.024467,48726,1
4434,4408,110.035604,48737,1
4435,4409,110.046741,48748,1
4436,4410,110.057876,48759,1
4437,4411,110.069012,48770,1
4438,4412,110.080150,48781,1
4439,4413,110.091288,48792,1
4440,4414,110.102424,48803,1
4441,4415,110.113560,48814,1
4442,4416,110.124698,48825,1
4443,4417,110.135835,48836,1
4444,4418,110.146972,48847,1
4445,4419,110.158108,48858,1
4446,4420,110.169243,48869,1
4447,4421,110.180382,48880,1
4448,-1,110.191518,48891,1
4449,4422,110.202656,48902,1
4450,4423,110.213792,48913,1
4451,4424,110.224928,48924,1
4452,4425,110.236065,48935,1
4453,4426,110.247202,48946,1
4454,4427,110.258339,48957,1
4455,4428,110.269475,48968,1
4456,4429,110.280613,48979,1
4457,4430,110.291750,48990,1
4458,4431,110.302886,49001,1
4459,4432,110.314021,49012,1
4460,4433,110.325160,49023,1
4461,4434,110.336297,49034,1
4462,4435,110.347431,49045,1
4463,4436,110.358569,49056,1
4464,4437,110.369707,49067,1
4465,4438,110.379831,49077,1
4466,4439,110.390968,49088,1
4467,4440,110.402104,49099,1
4468,4441,110.413242,49110,1
4469,4442,110.424378,49121,1
4470,4443,110.435514,49132,1
4471,4444,110.446651,49143,1
4472,4445,110.457788,49154,1
4473,4446,110.468925,49165,1
4474,4447,110.480060,49176,1
4475,4448,110.491199,49187,1
4476,4449,110.502335,49198,1
4477,4450,110.513473,49209,1
4478,4451,110.524607,49220,1
4479,4452,110.535744,49231,1
4480,4453,110.546881,49242,1
4481,4454,110.558017,49253,1
4482,4455,110.569156,49264,1
4483,4456,110.580292,49275,1
4484,4457,110.591430,49286,1
4485,4458,110.602564,49297,1
4486,4459,110.613701,49308,1
4487,4460,110.624840,49319,1
4488,4461,110.635975,49330,1
4489,4462,110.647111,49341,1
4490,4463,110.658250,49352,1
4491,4464,110.669385,49363,1
4492,4465,110.680521,49374,1
4493,4466,110.691658,49385,1
4494,4467,110.702797,49396,1
4495,4468,110.713934,49407,1
4496,4469,110.725070,49418,1
4497,4470,110.736208,49429,1
4498,4471,110.747342,49440,1
4499,4472,110.758479,49451,1
4500,4473,110.769618,49462,1
4501,4474,110.780755,49473,1
4502,4475,110.791891,49484,1
4503,4476,110.803026,49495,1
4504,4477,110.814163,49506,1
4505,4478,110.825302,49517,1
4506,4479,110.836439,49528,1
4507,4480,110.847573,49539,1
4508,4481,110.858711,49550,1
4509,4482,110.869848,49561,1
4510,4483,110.880983,49572,1
4511,4484,110.892122,49583,1
4512,4485,110.903259,49594,1
4513,4486,110.914395,49605,1
4514,4487,110.925530,49616,1
4515,4488,110.936668,49627,1
4516,4489,110.947805,49638,1
4517,4490,110.958943,49649,1
4518,4491,110.970079,49660,1
4519,4492,110.981216,49671,1
4520,4493,110.992353,49682,1
4521,4494,111.003490,49693,1
4522,4495,111.014624,49704,1
4523,4496,111.025763,49715,1
4524,4497,111.036898,49726,1
4525,4498,111.048035,49737,1
4526,4499,111.059173,49748,1
4527,4500,111.070310,49759,1
4528,4501,111.081445,49770,1
4529,4502,111.092584,49781,1
4530,4503,111.103721,49792,1
4531,4504,111.114855,49803,1
4532,4505,111.125994,49814,1
4533,4506,111.137129,49825,1
4534,4507,111.148268,49836,1
4535,4508,111.159403,49847,1
4536,4509,111.170541,49858,1
4537,4510,111.181678,49869,1
4538,4511,111.192814,49880,1
4539,4512,111.203950,49891,1
4540,4513,111.215097,49902,1
4541,4514,111.226223,49913,1
4542,4515,111.237362,49924,1
4543,4516,111.248498,49935,1
4544,4517,111.259636,49946,1
4545,4518,111.270771,49957,1
4546,4519,111.281909,49968,1
4547,4520,111.293046,49979,1
4548,4521,111.304182,49990,1
4549,4522,111.315319,50001,1
4550,4523,111.326456,50012,1
4551,4524,111.337590,50023,1
4552,4525,111.348727,50034,1
4553,4526,111.359866,50045,1
4554,4527,111.371001,50056,1
4555,4528,111.382139,50067,1
4556,4529,111.393275,50078,1
4557,4530,111.404413,50089,1
4558,4531,111.415550,50100,1
4559,4532,111.426685,50111,1
4560,4533,111.437823,50122,1
4561,4534,111.448960,50133,1
4562,4535,111.460099,50144,1
4563,4536,111.471233,50155,1
4564,4537,111.482370,50166,1
4565,4538,111.493507,50177,1
4566,4539,111.504644,50188,1
4567,4540,111.515781,50199,1
4568,4541,111.526916,50210,1
4569,4542,111.538054,50221,1
4570,4543,111.549189,50232,1
4571,4544,111.560328,50243,1
4572,4545,111.571465,50254,1
4573,4546,111.582601,50265,1
4574,4547,111.593738,50276,1
4575,4548,111.604874,50287,1
4576,4549,111.616010,50298,1
4577,4550,111.626135,50308,1
4578,4551,111.637271,50319,1
4579,4552,111.648409,50330,1
4580,4553,111.659544,50341,1
4581,4554,111.670681,50352,1
4582,4555,111.681820,50363,1
4583,4556,111.692956,50374,1
4584,4557,111.704099,50385,1
4585,4558,111.715228,50396,1
4586,4559,111.726366,50407,1
4587,4560,111.737501,50418,1
4588,4561,111.748640,50429,1
4589,4562,111.759775,50440,1
4590,4563,111.770913,50451,1
4591,4564,111.782049,50462,1
4592,4565,111.793185,50473,1
4593,4566,111.804322,50484,1
4594,4567,111.815460,50495,1
4595,4568,111.826597,50506,1
4596,-1,111.837735,50517,1
4597,4569,111.848871,50528,1
4598,4570,111.860007,50539,1
4599,4571,111.871143,50550,1
4600,4572,111.882279,50561,1
4601,4573,111.893418,50572,1
4602,4574,111.904553,50583,1
4603,4575,111.915690,50594,1
4604,4576,111.926827,50605,1
4605,4577,111.937965,50616,1
4606,4578,111.949100,50627,1
4607,4579,111.960237,50638,1
4608,4580,111.971376,50649,1
4609,4581,111.982513,50660,1
4610,4582,111.993649,50671,1
4611,4583,112.004786,50682,1
4612,4584,112.015921,50693,1
4613,4585,112.027060,50704,1
4614,4586,112.038194,50715,1
4615,4587,112.049333,50726,1
4616,4588,112.060469,50737,1
4617,4589,112.071605,50748,1
4618,4590,112.082743,50759,1
4619,4591,112.093879,50770,1
4620,4592,112.105014,50781,1
4621,4593,112.116152,50792,1
4622,4594,112.127290,50803,1
4623,4595,112.138426,50814,1
4624,4596,112.149563,50825,1
4625,4597,112.160700,50836,1
4626,4598,112.171837,50847,1
4627,4599,112.182974,50858,1
4628,4600,112.194108,50869,1
4629,4601,112.205247,50880,1
4630,4602,112.216384,50891,1
4631,4603,112.227519,50902,1
4632,4604,112.238658,50913,1
4633,4605,112.249794,50924,1
4634,4606,112.260929,50935,1
4635,4607,112.272068,50946,1
4636,4608,112.283205,50957,1
4637,4609,112.294342,50968,1
4638,4610,112.305477,50979,1
4639,4611,112.316615,50990,1
4640,4612,112.327752,51001,1
4641,4613,112.338889,51012,1
4642,4614,112.350025,51023,1
4643,4615,112.361162,51034,1
4644,4616,112.372299,51045,1
4645,4617,112.383436,51056,1
4646,4618,112.394572,51067,1
4647,4619,112.405707,51078,1
4648,4620,112.416845,51089,1
4649,4621,112.427983,51100,1
4650,4622,112.439117,51111,1
4651,4623,112.450257,51122,1
4652,4624,112.461393,51133,1
4653,4625,112.472530,51144,1
4654,4626,112.483666,51155,1
4655,-1,112.494804,51166,1
4656,4627,112.505940,51177,1
4657,4628,112.517075,51188,1
4658,4629,112.528211,51199,1
4659,4630,112.539350,51210,1
4660,4631,112.550487,51221,1
4661,4632,112.561623,51232,1
4662,4633,112.572761,51243,1
4663,4634,112.583898,51254,1
4664,4635,112.595034,51265,1
4665,4636,112.606169,51276,1
4666,4637,112.617306,51287,1
4667,4638,112.628445,51298,1
4668,4639,112.639579,51309,1
4669,4640,112.650716,51320,1
4670,4641,112.661853,51331,1
4671,4642,112.672990,51342,1
4672,4643,112.684127,51353,1
4673,4644,112.695263,51364,1
4674,4645,112.706402,51375,1
4675,4646,112.717538,51386,1
4676,4647,112.728675,51397,1
4677,4648,112.739812,51408,1
4678,4649,112.750949,51419,1
4679,4650,112.762097,51430,1
4680,4651,112.773222,51441,1
4681,4652,112.784357,51452,1
4682,4653,112.795496,51463,1
4683,4654,112.806631,51474,1
4684,4655,112.817769,51485,1
4685,4656,112.828906,51496,1
4686,4657,112.840043,51507,1
4687,4658,112.851180,51518,1
4688,4659,112.862317,51529,1
4689,4660,112.873453,51540,1
4690,4661,112.883575,51550,1
4691,4662,112.894712,51561,1
4692,4663,112.905850,51572,1
4693,4664,112.916988,51583,1
4694,4665,112.928122,51594,1
4695,4666,112.939260,51605,1
4696,4667,112.950398,51616,1
4697,4668,112.961534,51627,1
4698,4669,112.972669,51638,1
4699,4670,112.983806,51649,1
4700,4671,112.994945,51660,1
4701,4672,113.006081,51671,1
4702,4673,113.017219,51682,1
4703,4674,113.028354,51693,1
4704,4675,113.039492,51704,1
4705,4676,113.050627,51715,1
4706,4677,113.061765,51726,1
4707,4678,113.072902,51737,1
4708,4679,113.084039,51748,1
4709,4680,113.095176,51759,1
4710,4681,113.106313,51770,1
4711,4682,113.117447,51781,1
4712,4683,113.128585,51792,1
4713,4684,113.139722,51803,1
4714,4685,113.150860,51814,1
4715,4686,113.161995,51825,1
4716,4687,113.173133,51836,1
4717,4688,113.184270,51847,1
4718,4689,113.195405,51858,1
4719,4690,113.206543,51869,1
4720,4691,113.217681,51880,1
4721,4692,113.228815,51891,1
4722,4693,113.239954,51902,1
4723,4694,113.251097,51913,1
4724,4695,113.262228,51924,1
4725,4696,113.273364,51935,1
4726,4697,113.284500,51946,1
4727,4698,113.295637,51957,1
4728,4699,113.306774,51968,1
4729,4700,113.317909,51979,1
4730,4701,113.329046,51990,1
4731,4702,113.340184,52001,1
4732,4703,113.351320,52012,1
4733,4704,113.362456,52023,1
4734,4705,113.373594,52034,1
4735,4706,113.384732,52045,1
4736,4707,113.395867,52056,1
4737,4708,113.407005,52067,1
4738,4709,113.418140,52078,1
4739,4710,113.429279,52089,1
4740,4711,113.440414,52100,1
4741,4712,113.451553,52111,1
4742,4713,113.462687,52122,1
4743,4714,113.473825,52133,1
4744,4715,113.484962,52144,1
4745,4716,113.496101,52155,1
4746,4717,113.507234,52166,1
4747,4718,113.518371,52177,1
4748,4719,113.529509,52188,1
4749,4720,113.540646,52199,1
4750,4721,113.551783,52210,1
4751,4722,113.562918,52221,1
4752,4723,113.574055,52232,1
4753,4724,113.585192,52243,1
4754,4725,113.596329,52254,1
4755,4726,113.607466,52265,1
4756,4727,113.618603,52276,1
4757,4728,113.629739,52287,1
4758,4729,113.640875,52298,1
4759,4730,113.652013,52309,1
4760,4731,113.663149,52320,1
4761,4732,113.674287,52331,1
4762,4733,113.685424,52342,1
4763,4734,113.696560,52353,1
4764,4735,113.707697,52364,1
4765,4736,113.718832,52375,1
4766,-1,113.729971,52386,1
4767,4737,113.741107,52397,1
4768,4738,113.752243,52408,1
4769,4739,113.763379,52419,1
4770,4740,113.774518,52430,1
4771,4741,113.785653,52441,1
4772,4742,113.796790,52452,1
4773,4743,113.807927,52463,1
4774,4744,113.819065,52474,1
4775,4745,113.830202,52485,1
4776,4746,113.841339,52496,1
4777,4747,113.852476,52507,1
4778,4748,113.863613,52518,1
4779,4749,113.874749,52529,1
4780,4750,113.885886,52540,1
4781,4751,113.897023,52551,1
4782,4752,113.908160,52562,1
4783,4753,113.919296,52573,1
4784,4754,113.930431,52584,1
4785,4755,113.941568,52595,1
4786,4756,113.952706,52606,1
4787,4757,113.963844,52617,1
4788,4758,113.974978,52628,1
4789,4759,113.986115,52639,1
4790,4760,113.997253,52650,1
4791,4761,114.008390,52661,1
4792,4762,114.019527,52672,1
4793,4763,114.030663,52683,1
4794,4764,114.041800,52694,1
4795,4765,114.052938,52705,1
4796,4766,114.064073,52716,1
4797,4767,114.075209,52727,1
4798,4768,114.086346,52738,1
4799,4769,114.097485,52749,1
4800,4770,114.108621,52760,1
4801,4771,114.119758,52771,1
4802,4772,114.130895,52782,1
4803,4773,114.141019,52792,1
4804,4774,114.152156,52803,1
4805,4775,114.163292,52814,1
4806,4776,114.174427,52825,1
4807,4777,114.185565,52836,1
4808,4778,114.196702,52847,1
4809,4779,114.207839,52858,1
4810,4780,114.218974,52869,1
4811,4781,114.230113,52880,1
4812,4782,114.241248,52891,1
4813,4783,114.252386,52902,1
4814,4784,114.263522,52913,1
4815,4785,114.274660,52924,1
4816,4786,114.285797,52935,1
4817,4787,114.296934,52946,1
4818,4788,114.308068,52957,1
4819,4789,114.319207,52968,1
4820,4790,114.330342,52979,1
4821,4791,114.341481,52990,1
4822,4792,114.352618,53001,1
4823,4793,114.363753,53012,1
4824,4794,114.374891,53023,1
4825,4795,114.386028,53034,1
4826,4796,114.397163,53045,1
4827,4797,114.408301,53056,1
4828,4798,114.419436,53067,1
4829,4799,114.430574,53078,1
4830,4800,114.441709,53089,1
4831,4801,114.452848,53100,1
4832,4802,114.463985,53111,1
4833,4803,114.475122,53122,1
4834,4804,114.486258,53133,1
4835,4805,114.497395,53144,1
4836,4806,114.508532,53155,1
4837,4807,114.519669,53166,1
4838,4808,114.530805,53177,1
4839,4809,114.541943,53188,1
4840,4810,114.553079,53199,1
4841,4811,114.564214,53210,1
4842,4812,114.575353,53221,1
4843,4813,114.586488,53232,1
4844,4814,114.597626,53243,1
4845,4815,114.608763,53254,1
4846,4816,114.619899,53265,1
4847,4817,114.631034,53276,1
4848,4818,114.642173,53287,1
4849,4819,114.653309,53298,1
4850,4820,114.664446,53309,1
4851,4821,114.675583,53320,1
4852,4822,114.686719,53331,1
4853,4823,114.697857,53342,1
4854,4824,114.708994,53353,1
4855,4825,114.720129,53364,1
4856,4826,114.731265,53375,1
4857,4827,114.742404,53386,1
4858,4828,114.753539,53397,1
4859,4829,114.764676,53408,1
4860,4830,114.775813,53419,1
4861,4831,114.786951,53430,1
4862,4832,114.798096,53441,1
4863,4833,114.809223,53452,1
4864,4834,114.820360,53463,1
4865,4835,114.831498,53474,1
4866,4836,114.842635,53485,1
4867,4837,114.853771,53496,1
4868,4838,114.864908,53507,1
4869,4839,114.876045,53518,1
4870,4840,114.887180,53529,1
4871,4841,114.898319,53540,1
4872,4842,114.909454,53551,1
4873,4843,114.920590,53562,1
4874,4844,114.931727,53573,1
4875,4845,114.942865,53584,1
4876,4846,114.954002,53595,1
4877,4847,114.965138,53606,1
4878,4848,114.976276,53617,1
4879,4849,114.987413,53628,1
4880,4850,114.998550,53639,1
4881,4851,115.009686,53650,1
4882,4852,115.020823,53661,1
4883,4853,115.031960,53672,1
4884,4854,115.043101,53683,1
4885,4855,115.054234,53694,1
4886,4856,115.065370,53705,1
4887,4857,115.076506,53716,1
4888,4858,115.087644,53727,1
4889,4859,115.098781,53738,1
4890,4860,115.109915,53749,1
4891,4861,115.121052,53760,1
4892,4862,115.132191,53771,1
4893,4863,115.143327,53782,1
4894,4864,115.154464,53793,1
4895,4865,115.165601,53804,1
4896,4866,115.176738,53815,1
4897,4867,115.187872,53826,1
4898,4868,115.199009,53837,1
4899,4869,115.210148,53848,1
4900,4870,115.221285,53859,1
4901,4871,115.232422,53870,1
4902,4872,115.243558,53881,1
4903,4873,115.254696,53892,1
4904,4874,115.265831,53903,1
4905,4875,115.276968,53914,1
4906,4876,115.288106,53925,1
4907,4877,115.299242,53936,1
4908,4878,115.310379,53947,1
4909,4879,115.321516,53958,1
4910,4880,115.332652,53969,1
4911,4881,115.343790,53980,1
4912,4882,115.354926,53991,1
4913,4883,115.366061,54002,1
4914,4884,115.377199,54013,1
4915,4885,115.388336,54024,1
4916,4886,115.398458,54034,1
4917,4887,115.409597,54045,1
4918,4888,115.420734,54056,1
4919,4889,115.431869,54067,1
4920,4890,115.443007,54078,1
4921,4891,115.454145,54089,1
4922,4892,115.465280,54100,1
4923,4893,115.476416,54111,1
4924,4894,115.487555,54122,1
4925,4895,115.498690,54133,1
4926,4896,115.509829,54144,1
4927,4897,115.520963,54155,1
4928,4898,115.532100,54166,1
4929,4899,115.543238,54177,1
4930,4900,115.554375,54188,1
4931,4901,115.565512,54199,1
4932,4902,115.576649,54210,1
4933,4903,115.587785,54221,1
4934,4904,115.598921,54232,1
4935,4905,115.610060,54243,1
4936,4906,115.621196,54254,1
4937,4907,115.632333,54265,1
4938,4908,115.643468,54276,1
4939,4909,115.654606,54287,1
4940,4910,115.665741,54298,1
4941,4911,115.676878,54309,1
4942,4912,115.688017,54320,1
4943,4913,115.699153,54331,1
4944,4914,115.710289,54342,1
4945,4915,115.721425,54352,1
4946,4916,115.732562,54363,1
4947,4917,115.743700,54374,1
4948,4918,115.754835,54385,1
4949,4919,115.765974,54396,1
4950,4920,115.777109,54407,1
4951,4921,115.788247,54418,1
4952,4922,115.799383,54429,1
4953,4923,115.810519,54440,1
4954,4924,115.821657,54451,1
4955,4925,115.832794,54462,1
4956,4926,115.843931,54473,1
4957,4927,115.855066,54484,1
4958,4928,115.866205,54495,1
4959,4929,115.877341,54506,1
4960,4930,115.888478,54517,1
4961,4931,115.899614,54528,1
4962,4932,115.910751,54539,1
4963,4933,115.921889,54550,1
4964,4934,115.933025,54561,1
4965,4935,115.944161,54572,1
4966,4936,115.955299,54583,1
4967,4937,115.966434,54594,1
4968,4938,115.977570,54605,1
4969,4939,115.988708,54616,1
4970,4940,115.999845,54627,1
4971,4941,116.010981,54638,1
4972,4942,116.022117,54649,1
4973,4943,116.033254,54660,1
4974,4944,116.044391,54671,1
4975,4945,116.055528,54682,1
4976,4946,116.066666,54693,1
4977,4947,116.077803,54704,1
4978,4948,116.088938,54715,1
4979,4949,116.100076,54726,1
4980,4950,116.111212,54737,1
4981,4951,116.122350,54748,1
4982,4952,116.133485,54759,1
4983,4953,116.144624,54770,1
4984,4954,116.155758,54781,1
4985,4955,116.166895,54792,1
4986,4956,116.178034,54803,1
4987,4957,116.189169,54814,1
4988,4958,116.200306,54825,1
4989,4959,116.211442,54836,1
4990,4960,116.222579,54847,1
4991,4961,116.233716,54858,1
4992,4962,116.244855,54869,1
4993,4963,116.255991,54880,1
4994,4964,116.267126,54891,1
4995,4965,116.278263,54902,1
4996,4966,116.289401,54913,1
4997,4967,116.300537,54924,1
4998,4968,116.311673,54935,1
4999,4969,116.322812,54946,1
5000,4970,116.333947,54957,1
5001,4971,116.345097,54968,1
5002,4972,116.356222,54979,1
5003,4973,116.367357,54990,1
5004,4974,116.378496,55001,1
5005,4975,116.389633,55012,1
5006,4976,116.400769,55023,1
5007,4977,116.411904,55034,1
5008,4978,116.423043,55045,1
5009,4979,116.434180,55056,1
5010,4980,116.445315,55067,1
5011,4981,116.456453,55078,1
5012,4982,116.467588,55089,1
5013,4983,116.478725,55100,1
5014,4984,116.489861,55111,1
5015,4985,116.500998,55122,1
5016,4986,116.512136,55133,1
5017,4987,116.523273,55144,1
5018,4988,116.534410,55155,1
5019,4989,116.545547,55166,1
5020,4990,116.556684,55177,1
5021,4991,116.567818,55188,1
5022,4992,116.578957,55199,1
5023,4993,116.590102,55210,1
5024,4994,116.601232,55221,1
5025,4995,116.612367,55232,1
5026,4996,116.623503,55243,1
5027,4997,116.634641,55254,1
5028,4998,116.645776,55265,1
5029,4999,116.655902,55275,1
5030,5000,116.667037,55286,1
5031,5001,116.678174,55297,1
5032,5002,116.689313,55308,1
5033,5003,116.700449,55319,1
5034,5004,116.711584,55330,1
5035,5005,116.722723,55341,1
5036,5006,116.733860,55352,1
5037,5007,116.744994,55363,1
5038,5008,116.756132,55374,1
5039,5009,116.767270,55385,1
5040,5010,116.778405,55396,1
5041,5011,116.789543,55407,1
5042,5012,116.800681,55418,1
5043,5013,116.811815,55429,1
5044,5014,116.822954,55440,1
5045,5015,116.834097,55451,1
5046,5016,116.845227,55462,1
5047,5017,116.856363,55473,1
5048,5018,116.867501,55484,1
5049,5019,116.878637,55495,1
5050,5020,116.889772,55506,1
5051,5021,116.900909,55517,1
5052,5022,116.912045,55528,1
5053,5023,116.923185,55539,1
5054,5024,116.934320,55550,1
5055,5025,116.945458,55561,1
5056,5026,116.956595,55572,1
5057,5027,116.967731,55583,1
5058,5028,116.978868,55594,1
5059,5029,116.990005,55605,1
5060,5030,117.001141,55616,1
5061,5031,117.012277,55627,1
5062,5032,117.023413,55638,1
5063,5033,117.034552,55649,1
5064,5034,117.045687,55660,1
5065,5035,117.056823,55671,1
5066,5036,117.067960,55682,1
5067,5037,117.079101,55693,1
5068,5038,117.090236,55704,1
5069,5039,117.101371,55715,1
5070,5040,117.112507,55726,1
5071,5041,117.123645,55737,1
5072,5042,117.134781,55748,1
5073,5043,117.145919,55759,1
5074,5044,117.157056,55770,1
5075,5045,117.168193,55781,1
5076,5046,117.179328,55792,1
5077,5047,117.190466,55803,1
5078,5048,117.201603,55814,1
5079,5049,117.212738,55825,1
5080,5050,117.223877,55836,1
5081,5051,117.235012,55847,1
5082,5052,117.246151,55858,1
5083,5053,117.257287,55869,1
5084,5054,117.268422,55880,1
5085,5055,117.279559,55891,1
5086,5056,117.290697,55902,1
5087,5057,117.301832,55913,1
5088,5058,117.312969,55924,1
5089,5059,117.324108,55935,1
5090,5060,117.335243,55946,1
5091,5061,117.346381,55957,1
5092,5062,117.357518,55968,1
5093,5063,117.368655,55979,1
5094,5064,117.379789,55990,1
5095,5065,117.390928,56001,1
5096,5066,117.402064,56012,1
5097,5067,117.413200,56023,1
5098,5068,117.424336,56034,1
5099,5069,117.435474,56045,1
5100,5070,117.446612,56056,1
5101,5071,117.457747,56067,1
5102,5072,117.468883,56078,1
5103,5073,117.480022,56089,1
5104,5074,117.491158,56100,1
5105,5075,117.502294,56111,1
5106,5076,117.513431,56122,1
5107,5077,117.524568,56133,1
5108,5078,117.535706,56144,1
5109,5079,117.546841,56155,1
5110,5080,117.557979,56166,1
5111,5081,117.569115,56177,1
5112,5082,117.580253,56188,1
5113,5083,117.591389,56199,1
5114,5084,117.602526,56210,1
5115,5085,117.613663,56221,1
5116,5086,117.624800,56232,1
5117,5087,117.635937,56243,1
5118,5088,117.647072,56254,1
5119,5089,117.658211,56265,1
5120,5090,117.669346,56276,1
5121,5091,117.680482,56287,1
5122,5092,117.691620,56298,1
5123,5093,117.702758,56309,1
5124,5094,117.713893,56320,1
5125,5095,117.725031,56331,1
5126,-1,117.736168,56342,1
5127,5096,117.747305,56353,1
5128,5097,117.758441,56364,1
5129,5098,117.769578,56375,1
5130,5099,117.780713,56386,1
5131,5100,117.791852,56397,1
5132,5101,117.802987,56408,1
5133,5102,117.814125,56419,1
5134,5103,117.825260,56430,1
5135,5104,117.836399,56441,1
5136,5105,117.847536,56452,1
5137,5106,117.858672,56463,1
5138,5107,117.869808,56474,1
5139,5108,117.880945,56485,1
5140,5109,117.892083,56496,1
5141,5110,117.903220,56507,1
5142,5111,117.913344,56517,1
5143,5112,117.924480,56528,1
5144,5113,117.935616,56539,1
5145,5114,117.946753,56550,1
5146,5115,117.957890,56561,1
5147,5116,117.969028,56572,1
5148,5117,117.980164,56583,1
5149,5118,117.991302,56594,1
5150,5119,118.002438,56605,1
5151,5120,118.013574,56616,1
5152,5121,118.024711,56627,1
5153,5122,118.035846,56638,1
5154,5123,118.046984,56649,1
5155,5124,118.058119,56660,1
5156,5125,118.069258,56671,1
5157,5126,118.080393,56682,1
5158,5127,118.091531,56693,1
5159,5128,118.102668,56704,1
5160,5129,118.113804,56715,1
5161,5130,118.124942,56726,1
5162,5131,118.136077,56737,1
5163,-1,118.147216,56748,1
5164,5132,118.158350,56759,1
5165,5133,118.169489,56770,1
5166,5134,118.180626,56781,1
5167,5135,118.191762,56792,1
5168,5136,118.202897,56803,1
5169,5137,118.214034,56814,1
5170,5138,118.225172,56825,1
5171,5139,118.236310,56836,1
5172,5140,118.247446,56847,1
5173,5141,118.258583,56858,1
5174,5142,118.269720,56869,1
5175,5143,118.280856,56880,1
5176,5144,118.291992,56891,1
5177,5145,118.303129,56902,1
5178,5146,118.314267,56913,1
5179,5147,118.325404,56924,1
5180,5148,118.336540,56935,1
5181,5149,118.347675,56946,1
5182,5150,118.358814,56957,1
5183,5151,118.369949,56968,1
5184,5152,118.381096,56979,1
5185,5153,118.392224,56990,1
5186,5154,118.403361,57001,1
5187,5155,118.414498,57012,1
5188,5156,118.425635,57023,1
5189,5157,118.436771,57034,1
5190,5158,118.447906,57045,1
5191,5159,118.459044,57056,1
5192,5160,118.470181,57067,1
5193,5161,118.481316,57078,1
5194,5162,118.492453,57089,1
5195,5163,118.503590,57100,1
5196,5164,118.514728,57111,1
5197,5165,118.525866,57122,1
5198,5166,118.537000,57133,1
5199,5167,118.548139,57144,1
5200,5168,118.559276,57155,1
5201,5169,118.570410,57166,1
5202,5170,118.581549,57177,1
5203,5171,118.592685,57188,1
5204,5172,118.603821,57199,1
5205,5173,118.614958,57210,1
5206,5174,118.626102,57221,1
5207,5175,118.637232,57232,1
5208,5176,118.648370,57243,1
5209,5177,118.659507,57254,1
5210,5178,118.670644,57265,1
5211,5179,118.681780,57276,1
5212,5180,118.692917,57287,1
5213,5181,118.704055,57298,1
5214,5182,118.715190,57309,1
5215,5183,118.726327,57320,1
5216,5184,118.737462,57331,1
5217,5185,118.748599,57342,1
5218,5186,118.759735,57353,1
5219,5187,118.770874,57364,1
5220,5188,118.782011,57375,1
5221,5189,118.793146,57386,1
5222,5190,118.804285,57397,1
5223,5191,118.815419,57408,1
5224,5192,118.826558,57419,1
5225,5193,118.837693,57430,1
5226,5194,118.848832,57441,1
5227,5195,118.859968,57452,1
5228,5196,118.871104,57463,1
5229,5197,118.882241,57474,1
5230,5198,118.893376,57485,1
5231,5199,118.904516,57496,1
5232,5200,118.915650,57507,1
5233,5201,118.926787,57518,1
5234,5202,118.937923,57529,1
5235,5203,118.949063,57540,1
5236,5204,118.960197,57551,1
5237,5205,118.971335,57562,1
5238,5206,118.982470,57573,1
5239,5207,118.993609,57584,1
5240,5208,119.004746,57595,1
5241,5209,119.015883,57606,1
5242,5210,119.027020,57617,1
5243,5211,119.038154,57628,1
5244,5212,119.049293,57639,1
5245,5213,119.060430,57650,1
5246,5214,119.071566,57661,1
5247,5215,119.082701,57672,1
5248,5216,119.093840,57683,1
5249,5217,119.104975,57694,1
5250,5218,119.116113,57705,1
5251,5219,119.127248,57716,1
5252,5220,119.138388,57727,1
5253,5221,119.149524,57738,1
5254,5222,119.159649,57748,1
5255,5223,119.170785,57759,1
5256,5224,119.181922,57770,1
5257,5225,119.193059,57781,1
5258,5226,119.204195,57792,1
5259,5227,119.215331,57803,1
5260,5228,119.226467,57814,1
5261,5229,119.237606,57825,1
5262,5230,119.248742,57836,1
5263,5231,119.259877,57847,1
5264,5232,119.271016,57858,1
5265,5233,119.282151,57869,1
5266,5234,119.293288,57880,1
5267,5235,119.304425,57891,1
5268,5236,119.315563,57902,1
5269,5237,119.326699,57913,1
5270,5238,119.337835,57924,1
5271,5239,119.348973,57935,1
5272,5240,119.360110,57946,1
5273,5241,119.371246,57957,1
5274,5242,119.382382,57968,1
5275,5243,119.393518,57979,1
5276,5244,119.404657,57990,1
5277,5245,119.415794,58001,1
5278,5246,119.426930,58012,1
5279,5247,119.438068,58023,1
5280,5248,119.449203,58034,1
5281,5249,119.460340,58045,1
5282,5250,119.471477,58056,1
5283,5251,119.482613,58067,1
5284,5252,119.493750,58078,1
5285,5253,119.504888,58089,1
5286,5254,119.516023,58100,1
5287,5255,119.527162,58111,1
5288,5256,119.538298,58122,1
5289,5257,119.549435,58133,1
5290,5258,119.560571,58144,1
5291,5259,119.571709,58155,1
5292,5260,119.582844,58166,1
5293,5261,119.593982,58177,1
5294,5262,119.605118,58188,1
5295,5263,119.616256,58199,1
5296,5264,119.627390,58210,1
5297,5265,119.638529,58221,1
5298,5266,119.649666,58232,1
5299,5267,119.660802,58243,1
5300,5268,119.671940,58254,1
5301,5269,119.683075,58265,1
5302,5270,119.694212,58276,1
5303,5271,119.705349,58287,1
5304,5272,119.716487,58298,1
5305,5273,119.727622,58309,1
5306,5274,119.738759,58320,1
5307,5275,119.749896,58331,1
5308,5276,119.761034,58342,1
5309,5277,119.772170,58353,1
5310,5278,119.783306,58364,1
5311,5279,119.794442,58375,1
5312,5280,119.805579,58386,1
5313,5281,119.816717,58397,1
5314,5282,119.827852,58408,1
5315,5283,119.838990,58419,1
5316,5284,119.850128,58430,1
5317,5285,119.861264,58441,1
5318,5286,119.872399,58452,1
5319,5287,119.883537,58463,1
5320,5288,119.894675,58474,1
5321,5289,119.905811,58485,1
5322,5290,119.916947,58496,1
5323,5291,119.928083,58507,1
5324,5292,119.939222,58518,1
5325,5293,119.950358,58529,1
5326,5294,119.961493,58540,1
5327,5295,119.972632,58551,1
5328,5296,119.983767,58562,1
5329,5297,119.994906,58573,1
5330,5298,120.006042,58584,1
5331,5299,120.017179,58595,1
5332,5300,120.028316,58606,1
5333,5301,120.039452,58617,1
5334,5302,120.050587,58628,1
5335,5303,120.061724,58639,1
5336,5304,120.072863,58650,1
5337,5305,120.083999,58661,1
5338,5306,120.095136,58672,1
5339,5307,120.106271,58683,1
5340,5308,120.117410,58694,1
5341,5309,120.128544,58705,1
5342,5310,120.139683,58716,1
5343,-1,120.150820,58727,1
5344,5311,120.161957,58738,1
5345,5312,120.173099,58749,1
5346,5313,120.184230,58760,1
5347,5314,120.195365,58771,1
5348,5315,120.206502,58782,1
5349,5316,120.217639,58793,1
5350,5317,120.228776,58804,1
5351,5318,120.239913,58815,1
5352,5319,120.251051,58826,1
5353,5320,120.262187,58837,1
5354,5321,120.273322,58848,1
5355,5322,120.284459,58859,1
5356,5323,120.295598,58870,1
5357,5324,120.306733,58881,1
5358,5325,120.317872,58892,1
5359,5326,120.329007,58903,1
5360,5327,120.340145,58914,1
5361,5328,120.351281,58925,1
5362,5329,120.362417,58936,1
5363,5330,120.373555,58947,1
5364,5331,120.384691,58958,1
5365,5332,120.395827,58969,1
5366,5333,120.406965,58980,1
5367,5334,120.417098,58990,1
5368,5335,120.428227,59001,1
5369,5336,120.439362,59012,1
5370,5337,120.450499,59023,1
5371,5338,120.461635,59034,1
5372,5339,120.472773,59045,1
5373,5340,120.483909,59056,1
5374,5341,120.495047,59067,1
5375,5342,120.506182,59078,1
5376,5343,120.517320,59089,1
5377,5344,120.528457,59100,1
5378,5345,120.539594,59111,1
5379,5346,120.550730,59122,1
5380,5347,120.561868,59133,1
5381,5348,120.573003,59144,1
5382,5349,120.584141,59155,1
5383,5350,120.595277,59166,1
5384,5351,120.606414,59177,1
5385,5352,120.617551,59188,1
5386,5353,120.628688,59199,1
5387,5354,120.639824,59210,1
5388,5355,120.650960,59221,1
5389,5356,120.662102,59232,1
5390,5357,120.673235,59243,1
5391,5358,120.684372,59254,1
5392,5359,120.695507,59265,1
5393,5360,120.706645,59276,1
5394,5361,120.717781,59286,1
5395,5362,120.728918,59297,1
5396,-1,120.740054,59308,1
5397,5363,120.751192,59319,1
5398,5364,120.762328,59330,1
5399,5365,120.773465,59341,1
5400,5366,120.784602,59352,1
5401,5367,120.795739,59363,1
5402,5368,120.806876,59374,1
5403,5369,120.818013,59385,1
5404,5370,120.829150,59396,1
5405,5371,120.840285,59407,1
5406,5372,120.851422,59418,1
5407,5373,120.862558,59429,1
5408,5374,120.873695,59440,1
5409,5375,120.884833,59451,1
5410,5376,120.895971,59462,1
5411,5377,120.907106,59473,1
5412,5378,120.918242,59484,1
5413,5379,120.929381,59495,1
5414,5380,120.940516,59506,1
5415,5381,120.951654,59517,1
5416,5382,120.962789,59528,1
5417,5383,120.973928,59539,1
5418,5384,120.985064,59550,1
5419,5385,120.996201,59561,1
5420,5386,121.007338,59572,1
5421,5387,121.018473,59583,1
5422,5388,121.029612,59594,1
5423,5389,121.040748,59605,1
5424,5390,121.051885,59616,1
5425,5391,121.063021,59627,1
5426,5392,121.074157,59638,1
5427,5393,121.085293,59649,1
5428,5394,121.096431,59660,1
5429,5395,121.107568,59671,1
5430,5396,121.118704,59682,1
5431,5397,121.129842,59693,1
5432,5398,121.140979,59704,1
5433,5399,121.152116,59715,1
5434,5400,121.163253,59726,1
5435,5401,121.174389,59737,1
5436,5402,121.185526,59748,1
5437,5403,121.196662,59759,1
5438,5404,121.207799,59770,1
5439,5405,121.218936,59781,1
5440,5406,121.230072,59792,1
5441,5407,121.241208,59803,1
5442,5408,121.252347,59814,1
5443,5409,121.263484,59825,1
5444,5410,121.274620,59836,1
5445,5411,121.285755,59847,1
5446,5412,121.296894,59858,1
5447,5413,121.308029,59869,1
5448,5414,121.319167,59880,1
5449,5415,121.330303,59891,1
5450,5417,121.341440,59902,1
5451,-1,121.352578,59913,1
5452,5418,121.363712,59924,1
5453,5419,121.374849,59935,1
5454,5420,121.385987,59946,1
5455,5421,121.397124,59957,1
5456,5422,121.408259,59968,1
5457,5423,121.419396,59979,1
5458,5424,121.430534,59990,1
5459,5425,121.441671,60001,1
5460,5426,121.452807,60012,1
5461,5427,121.463944,60023,1
5462,5428,121.475081,60034,1
5463,5429,121.486218,60045,1
5464,5430,121.497356,60056,1
5465,5431,121.508492,60067,1
5466,5432,121.519627,60078,1
5467,5433,121.530766,60089,1
5468,5434,121.541903,60100,1
5469,5435,121.553038,60111,1
5470,5436,121.564175,60122,1
5471,5437,121.575312,60133,1
5472,5438,121.586447,60144,1
5473,5439,121.597586,60155,1
5474,5440,121.608723,60166,1
5475,5441,121.619860,60177,1
5476,5442,121.630995,60188,1
5477,5443,121.642133,60199,1
5478,5444,121.653268,60210,1
5479,5445,121.664406,60221,1
5480,5446,121.674530,60231,1
5481,5447,121.685666,60242,1
5482,5448,121.696804,60253,1
5483,5449,121.707939,60264,1
5484,5450,121.719077,60275,1
5485,5451,121.730213,60286,1
5486,5452,121.741350,60297,1
5487,5453,121.752488,60308,1
5488,5454,121.763624,60319,1
5489,5455,121.774762,60330,1
5490,5456,121.785899,60341,1
5491,5457,121.797036,60352,1
5492,5458,121.808172,60363,1
5493,5459,121.819309,60374,1
5494,5460,121.830444,60385,1
5495,5461,121.841582,60396,1
5496,5462,121.852718,60407,1
5497,5463,121.863854,60418,1
5498,5464,121.874993,60429,1
5499,5465,121.886130,60440,1
5500,5466,121.897266,60451,1
5501,5467,121.908402,60462,1
5502,5468,121.919540,60473,1
5503,5469,121.930676,60484,1
5504,5470,121.941811,60495,1
5505,5471,121.952949,60506,1
5506,5472,121.964098,60517,1
5507,5473,121.975222,60528,1
5508,5474,121.986358,60539,1
5509,5475,121.997495,60550,1
5510,5476,122.008633,60561,1
5511,5477,122.019769,60572,1
5512,5478,122.030907,60583,1
5513,5479,122.042044,60594,1
5514,5480,122.053179,60605,1
5515,5481,122.064317,60616,1
5516,5482,122.075454,60627,1
5517,5483,122.086590,60638,1
5518,5484,122.097726,60649,1
5519,5485,122.108864,60660,1
5520,5486,122.120001,60671,1
5521,5487,122.131138,60682,1
5522,5488,122.142273,60693,1
5523,5489,122.153412,60704,1
5524,5490,122.164549,60715,1
5525,5491,122.175685,60726,1
5526,5492,122.186820,60737,1
5527,5493,122.197959,60748,1
5528,5494,122.209100,60759,1
5529,5495,122.220233,60770,1
5530,5496,122.231367,60781,1
5531,5497,122.242506,60792,1
5532,5498,122.253640,60803,1
5533,5499,122.264780,60814,1
5534,5500,122.275916,60825,1
5535,5501,122.287051,60836,1
5536,5502,122.298190,60847,1
5537,5503,122.309324,60858,1
5538,5504,122.320461,60869,1
5539,5505,122.331599,60880,1
5540,5506,122.342736,60891,1
5541,5507,122.353872,60902,1
5542,5508,122.365010,60913,1
5543,5509,122.376145,60924,1
5544,5510,122.387283,60935,1
5545,5511,122.398419,60946,1
5546,5512,122.409557,60957,1
5547,5513,122.420693,60968,1
5548,5514,122.431830,60979,1
5549,5515,122.442966,60990,1
5550,5516,122.454104,61001,1
5551,5517,122.465239,61012,1
5552,5518,122.476378,61023,1
5553,5519,122.487514,61034,1
5554,5520,122.498651,61045,1
5555,5521,122.509788,61056,1
5556,5522,122.520925,61067,1
5557,5523,122.532062,61078,1
5558,5524,122.543198,61089,1
5559,5525,122.554334,61100,1
5560,5526,122.565471,61111,1
5561,5527,122.576607,61122,1
5562,5528,122.587746,61133,1
5563,5529,122.598880,61144,1
5564,5530,122.610017,61155,1
5565,5531,122.621155,61166,1
5566,5532,122.632293,61177,1
5567,5533,122.643429,61188,1
5568,5534,122.654564,61199,1
5569,5535,122.665703,61210,1
5570,5536,122.676840,61221,1
5571,5537,122.687976,61232,1
5572,5538,122.699111,61243,1
5573,5539,122.710250,61254,1
5574,5540,122.721385,61265,1
5575,5541,122.732521,61276,1
5576,5542,122.743660,61287,1
5577,5543,122.754796,61298,1
5578,5544,122.765932,61309,1
5579,5545,122.777069,61320,1
5580,5546,122.788205,61331,1
5581,5547,122.799343,61342,1
5582,5548,122.810478,61353,1
5583,5549,122.821617,61364,1
5584,5550,122.832754,61375,1
5585,5551,122.843891,61386,1
5586,5552,122.855028,61397,1
5587,5553,122.866164,61408,1
5588,5554,122.877299,61419,1
5589,5555,122.888437,61430,1
5590,5556,122.899574,61441,1
5591,5557,122.910711,61452,1
5592,5558,122.921847,61463,1
5593,5559,122.931972,61473,1
5594,5560,122.943107,61484,1
5595,5561,122.954245,61495,1
5596,5562,122.965383,61506,1
5597,5563,122.976517,61517,1
5598,5564,122.987656,61528,1
5599,5565,122.998791,61539,1
5600,5566,123.009928,61550,1
5601,5567,123.021065,61561,1
5602,5568,123.032203,61572,1
5603,5569,123.043338,61583,1
5604,5570,123.054475,61594,1
5605,5571,123.065614,61605,1
5606,5572,123.076748,61616,1
5607,5573,123.087885,61627,1
5608,5574,123.099023,61638,1
5609,5575,123.110160,61649,1
5610,5576,123.121296,61660,1
5611,5577,123.132432,61671,1
5612,5578,123.143571,61682,1
5613,5579,123.154706,61693,1
5614,5580,123.165844,61704,1
5615,5581,123.176979,61715,1
5616,5582,123.188117,61726,1
5617,5583,123.199253,61737,1
5618,5584,123.210391,61748,1
5619,5585,123.221527,61759,1
5620,5586,123.232664,61770,1
5621,5587,123.243802,61781,1
5622,5588,123.254936,61792,1
5623,5589,123.266074,61803,1
5624,5590,123.277212,61814,1
5625,5591,123.288347,61825,1
5626,5592,123.299485,61836,1
5627,5593,123.310620,61847,1
5628,5594,123.321757,61858,1
5629,5595,123.332896,61869,1
5630,5596,123.344033,61880,1
5631,5597,123.355169,61891,1
5632,5598,123.366304,61902,1
5633,5599,123.377441,61913,1
