timestamp_s,depth_m,pixel_u,pixel_v
1777903097.681255,2.596000,354.005005,262.186005
1777903097.692383,2.526000,354.035217,262.221375
1777903097.703511,2.596000,354.005005,262.186005
1777903097.714638,2.581000,354.005005,262.186005
1777903097.725766,2.561000,354.062958,262.230865
1777903097.736893,2.581000,354.005005,262.186005
1777903097.748020,2.581000,354.005005,262.186005
1777903097.759148,2.612000,354.005005,262.186005
1777903097.770275,2.591000,354.046539,262.210052
1777903097.781403,2.576000,354.005005,262.186005
1777903097.792531,2.576000,354.005005,262.186005
1777903097.803658,2.612000,354.005005,262.186005
1777903097.814785,2.581000,354.005005,262.186005
1777903097.825913,2.571000,354.035217,262.221375
1777903097.837040,2.546000,354.005005,262.186005
1777903097.848167,2.571000,354.005005,262.186005
1777903097.859295,2.571000,354.005005,262.186005
1777903097.870423,2.561000,354.005005,262.186005
1777903097.881550,2.596000,354.035217,262.221375
1777903097.892677,2.596000,353.990082,262.143738
1777903097.903805,2.581000,354.035217,262.221375
1777903097.914932,2.571000,354.005005,262.186005
1777903097.926059,2.571000,354.005005,262.186005
1777903097.937188,2.571000,354.019989,262.178528
1777903097.948315,2.556000,354.005005,262.186005
1777903097.959442,2.591000,354.035217,262.221375
1777903097.970570,2.581000,354.005005,262.186005
1777903097.981698,2.561000,354.005005,262.186005
1777903097.992825,2.576000,354.005005,262.186005
1777903098.003953,2.596000,354.046539,262.210052
1777903098.015080,2.596000,353.982391,262.145905
1777903098.026207,2.612000,354.005005,262.186005
1777903098.037335,2.591000,353.990082,262.143738
1777903098.048462,2.556000,354.005005,262.186005
1777903098.059590,2.581000,354.035217,262.221375
1777903098.070718,2.606000,353.990082,262.143738
1777903098.081845,2.576000,354.035217,262.221375
1777903098.092972,2.581000,354.035217,262.221375
1777903098.104100,2.576000,354.005005,262.186005
1777903098.115227,2.561000,354.046539,262.210052
1777903098.126354,2.606000,354.035217,262.221375
1777903098.137483,2.561000,354.005005,262.186005
1777903098.148610,2.576000,354.019989,262.178528
1777903098.159737,2.591000,354.005005,262.186005
1777903098.170865,2.612000,354.031219,262.167297
1777903098.181992,2.591000,354.005005,262.186005
1777903098.193119,2.576000,354.005005,262.186005
1777903098.204247,2.556000,354.031677,262.253479
1777903098.215375,2.591000,354.005005,262.186005
1777903098.226502,2.596000,354.005005,262.186005
1777903098.237630,2.591000,354.005005,262.186005
1777903098.248757,2.576000,354.035217,262.221375
1777903098.259884,2.591000,353.989929,262.228943
1777903098.271013,2.576000,354.046539,262.210052
1777903098.282140,2.571000,354.046539,262.210052
1777903098.293267,2.591000,354.035217,262.221375
1777903098.304394,2.617000,354.005005,262.186005
1777903098.315522,2.576000,354.005005,262.186005
1777903098.326649,2.576000,354.046539,262.210052
1777903098.337776,2.576000,354.046539,262.210052
1777903098.348905,2.606000,354.046539,262.210052
1777903098.360032,2.612000,354.005005,262.186005
1777903098.371159,2.561000,354.005005,262.186005
1777903098.382287,2.591000,354.005005,262.186005
1777903098.393414,2.576000,354.005005,262.186005
1777903098.404541,2.571000,354.004944,262.231720
1777903098.415670,2.591000,354.005005,262.186005
1777903098.426797,2.596000,354.035217,262.221375
1777903098.437924,2.561000,354.005005,262.186005
1777903098.449052,2.571000,354.095428,262.260803
1777903098.460179,2.591000,354.035217,262.221375
1777903098.471306,2.596000,354.005005,262.186005
1777903098.482435,2.581000,354.035217,262.221375
1777903098.493562,2.561000,354.005005,262.186005
1777903098.504689,2.591000,354.005005,262.186005
1777903098.515817,2.576000,354.005005,262.186005
1777903098.526944,2.606000,354.005005,262.186005
1777903098.538072,2.596000,354.005005,262.186005
1777903098.549200,2.581000,354.005005,262.186005
1777903098.560327,2.581000,354.005005,262.186005
1777903098.571454,2.606000,354.005005,262.186005
1777903098.582582,2.571000,354.046539,262.210052
1777903098.593709,2.581000,354.035217,262.221375
1777903098.604836,2.591000,353.990021,262.274658
1777903098.615965,2.571000,354.035217,262.221375
1777903098.627092,2.581000,354.035217,262.221375
1777903098.638219,2.546000,354.005005,262.186005
1777903098.649347,2.571000,354.153473,262.305664
1777903098.660474,2.581000,354.005005,262.186005
1777903098.671601,2.526000,354.005005,262.186005
1777903098.682729,2.561000,354.005005,262.186005
1777903098.693857,2.521000,354.005005,262.186005
1777903098.704984,2.546000,354.093292,262.266174
1777903098.716112,2.591000,354.005005,262.186005
1777903098.727239,2.571000,354.005005,262.186005
1777903098.738366,2.581000,354.005005,262.186005
1777903098.749494,2.576000,353.989929,262.228943
1777903098.760622,2.561000,354.005005,262.186005
1777903098.771749,2.546000,354.035217,262.221375
1777903098.782876,2.561000,354.005005,262.186005
1777903098.794004,2.571000,353.990021,262.274658
1777903098.805131,2.581000,354.093292,262.266174
1777903098.816258,2.617000,354.062500,262.275726
1777903098.827387,2.546000,353.982513,262.274658
1777903098.838514,2.596000,354.095428,262.260803
1777903098.849641,2.581000,354.104492,262.254974
1777903098.860769,2.561000,354.062958,262.230865
1777903098.871897,2.546000,353.997528,262.277985
1777903098.883024,2.546000,354.004944,262.231720
1777903098.894152,2.591000,354.070374,262.399994
1777903098.905279,2.576000,353.989929,262.228943
1777903098.916406,2.561000,354.046539,262.210052
1777903098.927534,2.576000,354.035217,262.221375
1777903098.938661,2.581000,354.095428,262.260803
1777903098.949789,2.576000,354.046204,262.255920
1777903098.960917,2.541000,354.080780,262.305115
1777903098.972044,2.581000,354.005005,262.186005
1777903098.983171,2.571000,354.096283,262.299988
1777903098.994299,2.541000,354.046539,262.210052
1777903099.005426,2.571000,354.035217,262.221375
1777903099.016553,2.571000,354.034943,262.267151
1777903099.027682,2.561000,354.035217,262.221375
1777903099.038809,2.546000,354.054749,262.321167
1777903099.049936,2.576000,354.031677,262.253479
1777903099.061064,2.571000,354.035217,262.221375
1777903099.072191,2.556000,354.046539,262.210052
1777903099.083319,2.576000,354.070374,262.399994
1777903099.094447,2.556000,354.086456,262.353394
1777903099.105574,2.591000,353.997528,262.277985
1777903099.116701,2.606000,353.997528,262.313507
1777903099.127829,2.576000,354.023712,262.345825
1777903099.138956,2.556000,354.080139,262.351135
1777903099.150084,2.561000,354.084564,262.356628
1777903099.161212,2.561000,354.080139,262.351135
1777903099.172339,2.576000,354.086456,262.353394
1777903099.183466,2.576000,354.012482,262.357056
1777903099.194593,2.541000,354.027466,262.267151
1777903099.205721,2.556000,354.027252,262.313507
1777903099.216849,2.561000,354.129852,262.440704
1777903099.227976,2.561000,353.997528,262.320953
1777903099.239104,2.521000,353.990021,262.274658
1777903099.250231,2.596000,354.027466,262.267151
1777903099.261358,2.581000,354.012482,262.357056
1777903099.272486,2.561000,354.086456,262.353394
1777903099.283613,2.556000,353.952911,262.313507
1777903099.294741,2.561000,354.020111,262.310699
1777903099.305869,2.571000,354.086456,262.353394
1777903099.316996,2.576000,354.027252,262.313507
1777903099.328123,2.571000,354.031677,262.253479
1777903099.339252,2.556000,354.020264,262.264893
1777903099.350379,2.546000,354.020111,262.310699
1777903099.361506,2.591000,354.094696,262.306824
1777903099.372634,2.591000,353.982666,262.320953
1777903099.383761,2.546000,354.092590,262.311096
1777903099.394888,2.571000,354.094696,262.306824
1777903099.406016,2.541000,354.143738,262.396545
1777903099.417143,2.576000,354.038422,262.302368
1777903099.428271,2.561000,354.027252,262.313507
1777903099.439399,2.581000,354.027466,262.267151
1777903099.450526,2.571000,354.027252,262.313507
1777903099.461653,2.561000,354.095581,262.345581
1777903099.472781,2.571000,354.054749,262.321167
1777903099.483908,2.571000,354.004944,262.231720
1777903099.495035,2.526000,354.103699,262.299988
1777903099.506163,2.576000,354.073639,262.350128
1777903099.517291,2.541000,354.038422,262.302368
1777903099.528418,2.576000,354.072510,262.351135
1777903099.539546,2.591000,354.070374,262.399994
1777903099.550673,2.612000,354.078369,262.354492
1777903099.561800,2.546000,354.086456,262.353394
1777903099.572928,2.556000,354.071960,262.397736
1777903099.584055,2.571000,354.080780,262.305115
1777903099.595182,2.556000,354.084564,262.356628
1777903099.606311,2.581000,354.092590,262.311096
1777903099.617438,2.556000,354.005005,262.186005
1777903099.628565,2.581000,354.070374,262.399994
1777903099.639692,2.556000,354.080139,262.351135
1777903099.650820,2.541000,354.005005,262.186005
1777903099.661947,2.556000,353.990021,262.274658
1777903099.673074,2.591000,353.997528,262.277985
1777903099.684202,2.561000,354.034943,262.267151
1777903099.695329,2.606000,353.982666,262.320953
1777903099.706457,2.596000,353.990021,262.274658
1777903099.717585,2.576000,354.030975,262.391571
1777903099.728712,2.521000,354.094696,262.306824
1777903099.739839,2.576000,354.038422,262.302368
1777903099.750967,2.571000,354.143738,262.396545
1777903099.762094,2.546000,354.004944,262.231720
1777903099.773221,2.556000,354.027252,262.313507
1777903099.784349,2.581000,353.997528,262.277985
1777903099.795477,2.581000,354.143738,262.396545
1777903099.806604,2.546000,354.012482,262.357056
1777903099.817732,2.556000,354.012482,262.357056
1777903099.828859,2.541000,354.027252,262.313507
1777903099.839986,2.571000,354.033325,262.407410
1777903099.851114,2.561000,354.143738,262.396545
1777903099.862242,2.526000,354.078369,262.354492
1777903099.873369,2.581000,354.095428,262.260803
1777903099.884497,2.531000,353.982513,262.274658
1777903099.895624,2.561000,354.064880,262.442749
1777903099.906751,2.591000,354.020264,262.264893
1777903099.917879,2.571000,354.020111,262.310699
1777903099.929006,2.556000,354.054749,262.321167
1777903099.940133,2.576000,353.982666,262.320953
1777903099.951261,2.561000,354.034943,262.267151
1777903099.962389,2.556000,354.084564,262.356628
1777903099.973516,2.531000,354.129852,262.440704
1777903099.984644,2.581000,353.997528,262.277985
1777903099.995771,2.581000,354.092590,262.311096
1777903100.006898,2.531000,354.038422,262.302368
1777903100.018026,2.556000,354.089539,262.432831
1777903100.029153,2.556000,354.138367,262.394958
1777903100.040280,2.561000,354.077789,262.401245
1777903100.051409,2.531000,354.020111,262.401245
1777903100.062536,2.546000,353.975037,262.364532
1777903100.073663,2.541000,354.031677,262.253479
1777903100.084790,2.526000,354.040436,262.363983
1777903100.095918,2.561000,354.012482,262.357056
1777903100.107045,2.617000,354.035217,262.221375
1777903100.118172,2.576000,354.012573,262.310699
1777903100.129300,2.581000,354.027252,262.313507
1777903100.140428,2.591000,354.023712,262.345825
1777903100.151555,2.596000,354.034943,262.267151
1777903100.162683,2.576000,354.012482,262.357056
1777903100.173810,2.561000,354.074615,262.432831
1777903100.184937,2.576000,354.129852,262.440704
1777903100.196065,2.581000,354.046204,262.255920
1777903100.207192,2.561000,353.982513,262.274658
1777903100.218319,2.541000,354.084564,262.356628
1777903100.229448,2.571000,354.027252,262.313507
1777903100.240575,2.581000,354.143738,262.396545
1777903100.251702,2.571000,354.012482,262.357056
1777903100.262830,2.546000,354.038422,262.302368
1777903100.273957,2.546000,353.990082,262.322174
1777903100.285084,2.576000,354.064880,262.442749
1777903100.296212,2.541000,354.093292,262.266174
1777903100.307339,2.561000,354.064880,262.442749
1777903100.318467,2.581000,354.038422,262.302368
1777903100.329594,2.571000,353.997528,262.277985
1777903100.340722,2.556000,354.038422,262.302368
1777903100.351849,2.576000,354.070374,262.399994
1777903100.362977,2.581000,354.095428,262.260803
1777903100.374104,2.546000,354.152313,262.350800
1777903100.385231,2.526000,354.087128,262.306824
1777903100.396359,2.591000,354.071960,262.397736
1777903100.407486,2.556000,354.027252,262.313507
1777903100.418613,2.556000,354.081482,262.388885
1777903100.429741,2.581000,353.982666,262.320953
1777903100.440868,2.546000,354.016357,262.389923
1777903100.451995,2.576000,353.997528,262.277985
1777903100.463123,2.576000,354.092590,262.311096
1777903100.474250,2.576000,354.031677,262.253479
1777903100.485377,2.571000,354.004944,262.231720
1777903100.496505,2.556000,354.138367,262.394958
1777903100.507632,2.591000,354.139404,262.349823
1777903100.518759,2.576000,354.086456,262.353394
1777903100.529886,2.571000,354.095581,262.345581
1777903100.541014,2.581000,354.143738,262.396545
1777903100.552142,2.581000,354.081482,262.388885
1777903100.563269,2.576000,354.152313,262.350800
1777903100.574397,2.596000,354.012482,262.357056
1777903100.585524,2.561000,354.053284,262.302368
1777903100.596651,2.581000,354.027466,262.267151
1777903100.607779,2.581000,354.020111,262.310699
1777903100.618906,2.576000,354.038422,262.302368
1777903100.630033,2.571000,354.084564,262.356628
1777903100.641161,2.591000,354.034943,262.267151
1777903100.663415,2.556000,354.087128,262.306824
1777903100.674543,2.576000,354.094696,262.306824
1777903100.685670,2.576000,354.079559,262.217163
1777903100.696797,2.556000,354.094696,262.306824
1777903100.707925,2.526000,354.072510,262.351135
1777903100.719052,2.521000,354.027252,262.313507
1777903100.730179,2.556000,354.094696,262.306824
1777903100.741307,2.556000,354.047791,262.365204
1777903100.752434,2.561000,354.012482,262.357056
1777903100.763561,2.561000,354.095428,262.260803
1777903100.774689,2.546000,354.081482,262.388885
1777903100.785816,2.546000,354.071960,262.397736
1777903100.796943,2.541000,354.012482,262.357056
1777903100.808072,2.576000,354.086456,262.353394
1777903100.819198,2.576000,354.027252,262.313507
1777903100.830325,2.571000,354.130829,262.394958
1777903100.841454,2.581000,354.005035,262.401245
1777903100.852581,2.561000,353.982666,262.320953
1777903100.863708,2.561000,354.012482,262.357056
1777903100.874836,2.571000,354.027466,262.267151
1777903100.885963,2.546000,354.019836,262.402740
1777903100.897089,2.541000,354.012482,262.357056
1777903100.908218,2.556000,353.982666,262.320953
1777903100.919345,2.581000,354.027466,262.267151
1777903100.930472,2.556000,354.130829,262.394958
1777903100.941600,2.561000,354.139404,262.349823
1777903100.952727,2.556000,354.084564,262.356628
1777903100.963854,2.556000,354.130829,262.394958
1777903100.974981,2.541000,354.084564,262.356628
1777903100.986109,2.512000,354.020111,262.310699
1777903100.997236,2.581000,354.129852,262.440704
1777903101.008363,2.541000,354.129852,262.440704
1777903101.019491,2.571000,354.086456,262.353394
1777903101.030618,2.541000,354.095581,262.345581
1777903101.041745,2.541000,354.004883,262.396820
1777903101.052873,2.556000,354.084564,262.356628
1777903101.064000,2.541000,354.093292,262.266174
1777903101.075127,2.561000,354.071960,262.397736
1777903101.086255,2.561000,354.012482,262.357056
1777903101.097382,2.546000,354.027252,262.313507
1777903101.108509,2.576000,354.031433,262.299377
1777903101.119637,2.581000,354.023712,262.345825
1777903101.130764,2.571000,354.139404,262.349823
1777903101.141891,2.591000,353.982666,262.320953
1777903101.153019,2.521000,354.094696,262.306824
1777903101.164146,2.581000,353.997528,262.231720
1777903101.175273,2.596000,354.048157,262.318512
1777903101.186402,2.571000,354.027252,262.313507
1777903101.197529,2.571000,354.063446,262.444031
1777903101.208656,2.591000,354.046204,262.255920
1777903101.219784,2.546000,354.130829,262.394958
1777903101.230911,2.556000,354.095581,262.345581
1777903101.242038,2.571000,354.027252,262.313507
1777903101.253166,2.546000,354.027252,262.313507
1777903101.264293,2.546000,354.084564,262.356628
1777903101.275420,2.546000,354.063446,262.444031
1777903101.286548,2.576000,354.034943,262.267151
1777903101.297675,2.531000,354.080139,262.351135
1777903101.308802,2.556000,354.084564,262.356628
1777903101.319930,2.526000,354.054749,262.321167
1777903101.331057,2.581000,354.027252,262.313507
1777903101.342184,2.561000,354.093292,262.266174
1777903101.353312,2.531000,354.070374,262.488892
1777903101.364439,2.561000,354.131805,262.439789
1777903101.375566,2.581000,354.143738,262.396545
1777903101.386694,2.541000,354.034943,262.267151
1777903101.397821,2.546000,354.012482,262.357056
1777903101.408948,2.581000,354.153473,262.305664
1777903101.420075,2.561000,354.070374,262.399994
1777903101.431204,2.581000,354.152313,262.350800
1777903101.442331,2.561000,354.078369,262.354492
1777903101.453458,2.541000,354.084564,262.356628
1777903101.464586,2.581000,354.080780,262.305115
1777903101.475713,2.561000,354.086456,262.353394
1777903101.486840,2.571000,354.095581,262.345581
1777903101.497968,2.571000,354.048157,262.318512
1777903101.509095,2.526000,354.054749,262.321167
1777903101.520222,2.581000,354.093292,262.266174
1777903101.531350,2.556000,354.054749,262.321167
1777903101.542477,2.531000,354.143738,262.396545
1777903101.553604,2.561000,354.062500,262.275726
1777903101.564732,2.556000,354.086456,262.353394
1777903101.575859,2.561000,354.063446,262.444031
1777903101.586986,2.541000,354.143738,262.396545
1777903101.598114,2.541000,354.040436,262.363983
1777903101.609242,2.541000,354.027252,262.313507
1777903101.620369,2.591000,354.012482,262.357056
1777903101.631497,2.591000,354.086456,262.353394
1777903101.642624,2.561000,354.103699,262.299988
1777903101.653751,2.591000,354.095581,262.345581
1777903101.664879,2.531000,354.095428,262.260803
1777903101.676006,2.556000,354.016357,262.389923
1777903101.687133,2.576000,354.012482,262.357056
1777903101.698261,2.561000,354.152313,262.350800
1777903101.709388,2.512000,354.070374,262.399994
1777903101.720515,2.541000,354.038422,262.302368
1777903101.731643,2.571000,354.034943,262.267151
1777903101.742770,2.526000,353.997528,262.231720
1777903101.753897,2.507000,354.012573,262.310699
1777903101.765025,2.596000,354.027252,262.313507
1777903101.776153,2.561000,353.990021,262.274658
1777903101.787280,2.531000,353.990021,262.274658
1777903101.798408,2.556000,354.012482,262.357056
1777903101.809535,2.576000,354.085175,262.311096
1777903101.820662,2.571000,353.997528,262.277985
1777903101.831790,2.546000,353.982666,262.320953
1777903101.842917,2.561000,354.023712,262.345825
1777903101.854044,2.546000,354.040436,262.363983
1777903101.865171,2.546000,354.095428,262.260803
1777903101.876299,2.571000,354.129852,262.440704
1777903101.887426,2.561000,353.990021,262.274658
1777903101.898553,2.546000,354.035217,262.221375
1777903101.909681,2.561000,353.975037,262.364532
1777903101.920808,2.591000,353.997528,262.277985
1777903101.931936,2.571000,353.997528,262.351776
1777903101.943063,2.556000,353.896393,262.420715
1777903101.954191,2.556000,353.968262,262.316254
1777903101.965318,2.591000,353.933838,262.338318
1777903101.976446,2.571000,353.803558,262.337128
1777903101.987573,2.591000,353.803558,262.337128
1777903101.998700,2.617000,353.737305,262.320953
1777903102.009828,2.591000,353.748413,262.408813
1777903102.020955,2.541000,353.740875,262.236481
1777903102.032082,2.596000,353.481049,262.371216
1777903102.043210,2.591000,353.253723,262.394073
1777903102.054337,2.612000,353.127258,262.358215
1777903102.065464,2.638000,352.934235,262.270538
1777903102.076592,2.638000,352.747345,262.243530
1777903102.087719,2.659000,352.951447,261.597076
1777903102.098846,2.617000,352.896881,261.725586
1777903102.109974,2.606000,353.045013,261.575012
1777903102.121102,2.606000,353.024506,261.377441
1777903102.132229,2.627000,353.053406,261.330109
1777903102.143357,2.627000,353.266968,261.109009
1777903102.154484,2.638000,353.347961,260.899200
1777903102.165611,2.638000,353.361755,260.515015
1777903102.176739,2.638000,353.453705,260.416656
1777903102.187866,2.714000,353.480591,260.105164
1777903102.198993,2.627000,353.513550,259.692200
1777903102.210121,2.692000,353.601288,259.298248
1777903102.232375,2.633000,353.893585,258.447571
1777903102.243503,2.643000,353.833344,258.023346
1777903102.254630,2.648000,353.951447,257.597076
1777903102.265757,2.654000,354.132660,256.971802
1777903102.276885,2.643000,354.082520,256.427185
1777903102.288013,2.643000,354.150330,255.583328
1777903102.299139,2.643000,354.415833,254.945541
1777903102.310266,2.648000,354.713348,253.934998
1777903102.321394,2.648000,354.711975,253.085754
1777903102.332522,2.654000,354.738556,252.130722
1777903102.343649,2.643000,354.821136,251.123581
1777903102.354777,2.648000,354.934357,249.949921
1777903102.365904,2.627000,354.984863,248.856903
1777903102.377031,2.659000,355.078430,247.539215
1777903102.388159,2.665000,355.262482,246.334946
1777903102.399286,2.638000,355.475006,244.955002
1777903102.410413,2.665000,355.451447,243.299347
1777903102.421541,2.725000,355.595001,241.925003
1777903102.432668,2.686000,355.703339,240.273331
1777903102.443795,2.675000,355.809998,238.570007
1777903102.454923,2.692000,355.849396,236.884933
1777903102.466051,2.648000,355.861938,235.069031
1777903102.477177,2.638000,356.053406,233.330093
1777903102.488306,2.654000,356.116516,231.393204
1777903102.499433,2.665000,356.137268,229.441177
1777903102.510560,2.654000,356.078430,227.539215
1777903102.521688,2.638000,356.078430,225.539215
1777903102.532815,2.638000,356.097076,223.587372
1777903102.543942,2.643000,356.168274,221.631073
1777903102.555070,2.627000,356.255096,219.480438
1777903102.566197,2.627000,356.370209,217.471588
1777903102.577324,2.633000,356.386536,215.377151
1777903102.588452,2.627000,356.452728,213.271317
1777903102.599579,2.617000,356.518860,211.215408
1777903102.610707,2.627000,356.619476,208.923889
1777903102.621835,2.617000,356.468475,206.545044
1777903102.632962,2.591000,356.584808,204.433029
1777903102.644089,2.546000,356.708527,202.215012
1777903102.655217,2.556000,356.641022,199.746445
1777903102.666344,2.556000,356.616882,197.643158
1777903102.677471,2.531000,356.824646,195.147263
1777903102.688599,2.571000,356.787872,192.890640
1777903102.699726,2.591000,356.828003,190.686661
1777903102.710853,2.591000,356.844727,188.199463
1777903102.721981,2.546000,357.024994,185.954163
1777903102.733108,2.606000,356.974365,183.811966
1777903102.744235,2.561000,357.157288,181.404037
1777903102.755363,2.561000,357.145844,179.293152
1777903102.766490,2.546000,357.179932,177.146011
1777903102.777618,2.556000,357.252930,175.153503
1777903102.788745,2.502000,357.293762,173.217651
1777903102.799873,2.526000,357.401794,171.392853
1777903102.811000,2.576000,357.373901,169.465210
1777903102.822127,2.561000,357.491241,167.622803
1777903102.833255,2.571000,357.560272,165.946106
1777903102.844382,2.546000,357.614044,164.403503
1777903102.855509,2.556000,357.603729,162.748215
1777903102.866637,2.546000,357.634796,161.447830
1777903102.877764,2.531000,357.632629,159.882263
1777903102.900020,2.507000,357.754059,157.383698
1777903102.911146,2.512000,357.733917,156.337814
1777903102.922274,2.561000,357.754059,155.383698
1777903102.933402,2.517000,357.727417,154.287415
1777903102.944529,2.546000,357.698975,153.397949
1777903102.955656,2.576000,357.719055,152.526932
1777903102.966784,2.526000,357.590057,151.797165
1777903102.977911,2.541000,357.653839,151.008545
1777903102.989038,2.546000,357.754059,150.383698
1777903103.000166,2.541000,357.743256,149.584396
1777903103.011293,2.531000,357.630402,148.884247
1777903103.022420,2.541000,357.747864,148.119659
1777903103.033548,2.512000,357.861115,147.489761
1777903103.044676,2.526000,357.859131,146.829849
1777903103.055803,2.531000,357.946564,145.946548
1777903103.066931,2.526000,358.020111,145.350571
1777903103.078058,2.507000,358.155365,144.672318
1777903103.089185,2.526000,358.149048,144.016266
1777903103.100313,2.556000,358.254425,143.255783
1777903103.111440,2.517000,358.137268,142.721283
1777903103.122567,2.517000,358.272980,142.122086
1777903103.133695,2.502000,358.155365,141.672318
1777903103.144822,2.526000,358.200256,141.024200
1777903103.155949,2.502000,358.154053,140.621841
1777903103.167077,2.526000,358.174652,140.067993
1777903103.178204,2.483000,358.053070,139.801361
1777903103.189332,2.526000,358.150269,139.536880
1777903103.200459,2.512000,358.174652,139.067993
1777903103.211587,2.497000,358.157196,139.000000
1777903103.222714,2.488000,358.109802,138.888885
1777903103.233841,2.512000,358.068756,138.784698
1777903103.244969,2.507000,358.085724,138.535721
1777903103.256096,2.483000,358.071930,138.579132
1777903103.267223,2.507000,358.085724,138.535721
1777903103.278351,2.526000,358.134308,138.676437
1777903103.289478,2.561000,358.203918,138.709396
1777903103.300605,2.479000,358.262695,138.760849
1777903103.311733,2.507000,358.264465,138.960632
1777903103.322860,2.488000,358.290283,139.118088
1777903103.333987,2.502000,358.339783,139.072357
1777903103.345115,2.497000,358.370819,139.129852
1777903103.356243,2.526000,358.438110,139.193192
1777903103.367370,2.479000,358.341431,139.402161
1777903103.378498,2.497000,358.347046,139.499313
1777903103.389625,2.571000,358.352386,139.579590
1777903103.400753,2.497000,358.525177,139.801361
1777903103.411881,2.488000,358.447632,139.862579
1777903103.423008,2.483000,358.537415,139.903397
1777903103.434135,2.497000,358.479828,139.853500
1777903103.445263,2.493000,358.331970,139.965988
1777903103.456391,2.493000,358.159058,140.044266
1777903103.467518,2.526000,358.150757,140.135544
1777903103.478646,2.507000,358.019531,140.298462
1777903103.489773,2.497000,357.781555,140.639709
1777903103.500901,2.497000,357.684357,140.772797
1777903103.512028,2.483000,357.517303,140.922546
1777903103.523156,2.493000,357.298462,141.136688
1777903103.534283,2.488000,357.120300,141.663773
1777903103.545411,2.483000,356.934784,141.934784
1777903103.556538,2.497000,356.804688,142.284882
1777903103.567666,2.479000,356.662384,142.690887
1777903103.578794,2.521000,356.698151,143.057220
1777903103.589921,2.474000,356.530975,143.455750
1777903103.601048,2.488000,356.530182,143.752869
1777903103.612176,2.483000,356.432343,144.145050
1777903103.623304,2.512000,356.547424,144.528732
1777903103.634431,2.497000,356.478271,144.742035
1777903103.645558,2.488000,356.751801,145.057724
1777903103.656686,2.541000,356.814301,145.366821
1777903103.667814,2.488000,356.916290,145.609863
1777903103.678941,2.521000,357.056793,145.898361
1777903103.690069,2.483000,357.168121,146.030441
1777903103.701196,2.497000,357.409088,146.381821
1777903103.712323,2.526000,357.761902,146.388626
1777903103.723451,2.531000,357.941620,146.448547
1777903103.734579,2.493000,358.144592,146.764084
1777903103.745706,2.541000,358.358978,146.815994
1777903103.756834,2.502000,358.784943,147.024582
1777903103.767962,2.497000,358.981323,147.204056
1777903103.779089,2.497000,359.189148,147.331787
1777903103.790217,2.541000,359.679199,147.438187
1777903103.801344,2.541000,359.852722,147.534882
1777903103.812471,2.531000,360.039948,147.752686
1777903103.823599,2.541000,360.226776,147.864532
1777903103.834727,2.571000,360.429901,148.042053
1777903103.845854,2.526000,360.611359,148.219666
1777903103.856982,2.531000,360.678528,148.220734
1777903103.868109,2.521000,360.681763,148.322769
1777903103.879236,2.561000,360.675629,148.272049
1777903103.890365,2.541000,360.628601,148.343994
1777903103.901492,2.493000,360.301941,147.956650
1777903103.912619,2.507000,360.196259,147.862915
1777903103.923747,2.493000,359.962646,147.649429
1777903103.934875,2.507000,359.592438,147.193283
1777903103.946002,2.497000,359.220306,146.816879
1777903103.957130,2.517000,358.807465,146.333328
1777903103.968257,2.488000,358.508545,145.707977
1777903103.979384,2.488000,357.951752,145.122803
1777903103.990513,2.493000,357.440735,144.270569
1777903104.001640,2.479000,356.854889,143.507187
1777903104.012767,2.502000,356.322357,142.621399
1777903104.023895,2.517000,355.583344,141.641541
1777903104.035022,2.469000,354.869843,140.699860
1777903104.046150,2.502000,354.355469,139.460938
1777903104.057278,2.479000,353.546875,138.308594
1777903104.068405,2.474000,352.877869,137.064880
1777903104.079532,2.483000,352.000000,135.915390
1777903104.090660,2.483000,351.436096,134.473679
1777903104.101788,2.469000,350.621002,133.158020
1777903104.112915,2.474000,349.852112,131.631516
1777903104.124042,2.465000,349.107361,130.192261
1777903104.135170,2.512000,348.489319,128.700623
1777903104.146298,2.474000,347.627075,127.016602
1777903104.157425,2.483000,346.977600,125.365669
1777903104.168553,2.479000,346.305664,123.710144
1777903104.179680,2.455000,345.567993,121.900002
1777903104.190808,2.455000,345.016937,119.953392
1777903104.201936,2.451000,344.389587,118.049225
1777903104.213063,2.474000,343.952576,116.017242
1777903104.224190,2.428000,343.327393,114.049110
1777903104.235318,2.442000,343.026306,111.960526
1777903104.246446,2.460000,342.554077,109.797035
1777903104.257573,2.465000,342.320404,107.612068
1777903104.268701,2.451000,342.033478,105.280930
1777903104.279828,2.442000,341.645660,103.049553
1777903104.290956,2.455000,341.590424,100.760834
1777903104.302084,2.428000,341.500000,98.500000
1777903104.313211,2.406000,341.607422,96.277039
1777903104.324338,2.397000,341.678467,94.004425
1777903104.335466,2.424000,341.794037,91.566040
1777903104.346594,2.419000,342.043274,89.475960
1777903104.357721,2.380000,342.192719,87.229065
1777903104.368849,2.371000,342.605011,85.083336
1777903104.379977,2.375000,343.035339,82.959595
1777903104.391104,2.380000,343.500885,80.876091
1777903104.402232,2.367000,343.909821,78.708534
1777903104.413360,2.363000,344.451660,76.495003
1777903104.424487,2.358000,345.042847,74.638092
1777903104.435615,2.346000,345.605438,72.591835
1777903104.446743,2.358000,346.137634,70.849091
1777903104.457870,2.371000,346.853851,69.213463
1777903104.468998,2.358000,347.557861,67.426598
1777903104.480125,2.367000,348.117340,65.637756
1777903104.491253,2.358000,348.856659,64.101898
1777903104.502381,2.342000,349.551025,62.494900
1777903104.513508,2.358000,350.161499,61.020618
1777903104.524636,2.380000,350.932983,59.647766
1777903104.535763,2.342000,351.646851,58.236034
1777903104.546891,2.354000,352.219147,57.001842
1777903104.558018,2.384000,352.880554,55.689789
1777903104.569146,2.337000,353.684631,54.602795
1777903104.580274,2.342000,353.954102,53.644711
1777903104.591401,2.397000,354.648041,52.668736
1777903104.602529,2.350000,355.058441,51.961040
1777903104.613657,2.350000,355.190796,51.032894
1777903104.624784,2.346000,355.500000,50.500000
1777903104.635912,2.354000,355.689331,50.024944
1777903104.647040,2.337000,355.760620,49.418346
1777903104.658167,2.337000,355.689331,49.024944
1777903104.669295,2.346000,355.477539,48.867611
1777903104.680423,2.346000,355.335693,48.697399
1777903104.691550,2.354000,355.084503,48.680752
1777903104.702678,2.346000,354.607574,48.581562
1777903104.713806,2.346000,354.239075,48.781609
1777903104.724933,2.363000,353.500000,49.000000
1777903104.736061,2.363000,353.043671,49.250576
1777903104.747189,2.375000,352.365967,49.855476
1777903104.758316,2.358000,351.625275,50.216091
1777903104.769444,2.358000,350.826294,51.014084
1777903104.780572,2.358000,350.317688,51.689037
1777903104.791699,2.358000,349.415588,52.545456
1777903104.802826,2.346000,348.660034,53.379692
1777903104.813955,2.342000,347.895569,54.486668
1777903104.825082,2.354000,347.326965,55.634819
1777903104.836210,2.358000,346.481262,57.068748
1777903104.847338,2.358000,345.702301,58.354298
1777903104.858465,2.363000,345.262939,59.538303
1777903104.869592,2.346000,344.500000,61.000000
1777903104.880721,2.337000,344.118103,62.266666
1777903104.891848,2.358000,343.482758,63.936783
1777903104.902975,2.367000,343.040222,65.618774
1777903104.914104,2.354000,342.544952,67.033707
1777903104.925231,2.346000,342.346527,68.792847
1777903104.936358,2.354000,341.846741,70.655174
1777903104.947487,2.342000,341.627991,72.156540
1777903104.958614,2.367000,341.410675,73.946594
1777903104.969741,2.428000,341.271393,75.859741
1777903104.980869,2.375000,341.074677,77.837891
1777903104.991997,2.363000,340.797882,79.542557
1777903105.003124,2.375000,340.643738,81.298058
1777903105.014252,2.397000,340.543671,83.424240
1777903105.025380,2.397000,340.457672,85.411057
1777903105.036507,2.380000,340.358856,87.273811
1777903105.047635,2.410000,340.417084,89.341545
1777903105.058763,2.384000,340.427887,91.418266
1777903105.069890,2.410000,340.500000,93.500000
1777903105.081017,2.393000,340.545868,95.532112
1777903105.092146,2.384000,340.665131,97.421616
1777903105.103273,2.384000,340.738098,99.433037
1777903105.114401,2.410000,341.000000,101.500000
1777903105.125529,2.410000,341.152130,103.329185
1777903105.136656,2.424000,341.475769,105.367523
1777903105.147784,2.375000,341.866669,107.248230
1777903105.158912,2.455000,342.017242,108.952583
1777903105.170039,2.460000,342.363770,110.832573
1777903105.181167,2.455000,342.749329,112.447998
1777903105.192295,2.455000,343.036285,113.981186
1777903105.203422,2.455000,343.605072,115.576973
1777903105.214550,2.451000,343.948517,117.048782
1777903105.225678,2.451000,344.340332,118.436974
1777903105.236805,2.455000,344.990906,119.759094
1777903105.247933,2.437000,345.263489,120.914284
1777903105.259061,2.469000,345.818481,122.219093
1777903105.270189,2.474000,346.156586,123.341087
1777903105.281316,2.479000,346.668060,124.270569
1777903105.292444,2.474000,347.231812,125.167351
1777903105.303571,2.465000,347.608582,126.069153
1777903105.314699,2.497000,348.194794,126.840881
1777903105.325827,2.479000,348.354248,127.696732
1777903105.336954,2.465000,348.936096,128.466171
1777903105.348082,2.455000,349.184631,129.125153
1777903105.359210,2.488000,349.638580,129.786331
1777903105.370337,2.483000,349.880341,130.595856
1777903105.381464,2.479000,350.157654,131.300842
1777903105.392592,2.497000,350.325958,132.020905
1777903105.403719,2.488000,350.641205,132.726059
1777903105.414846,2.465000,350.744873,133.587250
1777903105.425974,2.460000,350.892090,134.456833
1777903105.437102,2.460000,350.992706,135.295624
1777903105.448229,2.483000,351.018372,136.149506
1777903105.459356,2.469000,351.097015,137.000000
1777903105.470484,2.483000,351.257294,137.868195
1777903105.481611,2.465000,351.521149,138.593277
1777903105.492738,2.474000,351.694244,139.500000
1777903105.503866,2.479000,351.885986,140.239151
1777903105.514994,2.493000,352.049622,140.984726
1777903105.526121,2.479000,352.480469,141.811203
1777903105.537249,2.465000,352.623688,142.417969
1777903105.548376,2.460000,353.051178,143.007874
1777903105.559503,2.483000,353.487915,143.643814
1777903105.570631,2.469000,353.777344,144.020004
1777903105.581758,2.488000,354.304993,144.558701
1777903105.592885,2.479000,354.723358,144.968964
1777903105.604014,2.488000,355.248291,145.497940
1777903105.615141,2.497000,355.727020,145.877914
1777903105.626268,2.497000,356.231812,146.212616
1777903105.637396,2.479000,356.778687,146.885208
1777903105.648523,2.469000,357.369598,147.115753
1777903105.659650,2.479000,357.802948,147.440002
1777903105.670779,2.469000,358.343445,147.767670
1777903105.681906,2.517000,358.907898,148.122803
1777903105.693033,2.483000,359.478058,148.442978
1777903105.704161,2.483000,360.017700,148.648972
1777903105.715288,2.479000,360.530182,148.752869
1777903105.726415,2.556000,361.000000,149.000000
1777903105.737543,2.488000,361.626312,149.337814
1777903105.748671,2.465000,362.000000,149.500000
1777903105.759798,2.474000,362.508606,149.696838
1777903105.770926,2.483000,363.082977,149.752594
1777903105.782053,2.507000,363.478271,149.742035
1777903105.793180,2.483000,363.951752,149.982452
1777903105.804308,2.479000,364.221222,149.974594
1777903105.815435,2.479000,364.799713,150.164429
1777903105.826562,2.469000,365.031525,150.166672
1777903105.837691,2.465000,365.136353,150.231812
1777903105.848818,2.479000,365.476410,150.257858
1777903105.859945,2.497000,365.694305,150.301071
1777903105.871072,2.497000,365.794159,150.319504
1777903105.882200,2.483000,365.794159,150.319504
1777903105.893327,2.502000,365.804108,150.114029
1777903105.904455,2.488000,365.804108,150.114029
1777903105.915582,2.479000,365.804108,150.114029
1777903105.926710,2.483000,365.749268,150.113037
1777903105.937837,2.483000,365.656342,150.079651
1777903105.948965,2.488000,365.373688,150.173386
1777903105.960092,2.474000,365.176819,149.934784
1777903105.971219,2.474000,365.122803,149.942978
1777903105.982347,2.479000,365.075226,149.924774
1777903105.993475,2.479000,364.973450,149.769913
1777903106.004602,2.488000,364.933624,149.556564
1777903106.015730,2.479000,364.806946,149.420807
1777903106.026857,2.488000,364.574554,149.216370
1777903106.037984,2.479000,364.234955,148.878113
1777903106.049112,2.488000,364.299988,148.728989
1777903106.060240,2.474000,364.000000,148.384842
1777903106.071367,2.479000,363.951752,147.982452
1777903106.082495,2.517000,363.612061,147.662354
1777903106.093622,2.479000,363.582977,147.176041
1777903106.104749,2.474000,363.355927,146.701981
1777903106.115877,2.507000,362.974152,146.142242
1777903106.127004,2.479000,362.724762,145.715073
1777903106.138131,2.479000,362.558289,144.947876
1777903106.149260,2.488000,362.295990,144.518677
1777903106.160387,2.483000,361.805206,143.824417
1777903106.171514,2.497000,361.491150,143.157822
1777903106.182642,2.479000,361.264984,142.560669
1777903106.193769,2.526000,360.982758,141.952591
1777903106.204896,2.493000,360.517090,141.076920
1777903106.216024,2.488000,360.134491,140.478073
1777903106.227151,2.483000,359.700714,139.678009
1777903106.238279,2.474000,359.397430,138.931625
1777903106.249407,2.455000,358.828369,137.924820
1777903106.260534,2.488000,358.450348,137.068024
1777903106.271661,2.469000,357.907990,136.095993
1777903106.282789,2.479000,357.423035,135.095047
1777903106.293916,2.451000,356.976746,133.957367
1777903106.305043,2.455000,356.423035,132.904953
1777903106.316171,2.460000,355.900116,131.619736
1777903106.327299,2.451000,355.362518,130.500000
1777903106.338426,2.465000,354.798798,129.191666
1777903106.349553,2.460000,354.175903,127.959412
1777903106.360681,2.460000,353.806488,126.586769
1777903106.371808,2.451000,353.182617,125.113663
1777903106.382935,2.451000,352.650848,123.870880
1777903106.394063,2.479000,352.170746,122.241196
1777903106.405190,2.451000,351.539673,120.896828
1777903106.416318,2.442000,350.858490,119.165985
1777903106.427446,2.455000,350.393188,117.752380
1777903106.438573,2.460000,349.771851,116.028687
1777903106.449700,2.437000,349.211243,114.212624
1777903106.460828,2.479000,348.576965,112.637215
1777903106.471955,2.460000,347.861328,110.751999
1777903106.483082,2.437000,347.411987,109.000000
1777903106.494210,2.451000,346.705658,106.963707
1777903106.505337,2.469000,346.206146,105.170013
1777903106.516465,2.455000,345.610077,103.130821
1777903106.527593,2.451000,345.059509,101.083336
1777903106.538720,2.375000,344.512299,99.051910
1777903106.549847,2.437000,344.070923,97.019859
1777903106.560975,2.410000,343.540192,94.818451
1777903106.572102,2.406000,343.103516,92.756470
1777903106.583229,2.384000,342.623810,90.519051
1777903106.594357,2.410000,342.227722,88.396042
1777903106.605484,2.371000,341.735260,86.216904
1777903106.616611,2.371000,341.139038,83.956451
1777903106.627740,2.397000,340.902283,81.876091
1777903106.638867,2.354000,340.338348,79.686768
1777903106.649994,2.358000,340.136353,77.424240
1777903106.661122,2.346000,339.840210,75.422684
1777903106.672249,2.337000,339.573547,73.193672
1777903106.683376,2.346000,339.456512,70.956520
1777903106.694504,2.346000,339.275604,68.890129
1777903106.705631,2.337000,339.173035,66.881599
1777903106.716758,2.346000,339.054626,64.781548
1777903106.727886,2.346000,338.948425,62.706348
1777903106.739014,2.342000,339.042694,60.760162
1777903106.750141,2.333000,339.060791,58.920334
1777903106.761268,2.337000,339.237488,56.904140
1777903106.772396,2.337000,339.534241,55.196346
1777903106.783523,2.325000,339.904114,53.445206
1777903106.794650,2.337000,340.182037,51.820332
1777903106.805778,2.346000,340.769043,50.111904
1777903106.816905,2.329000,340.985901,48.640846
1777903106.828032,2.321000,341.558838,47.000000
1777903106.839161,2.329000,342.019745,45.876545
1777903106.850288,2.329000,342.572449,44.362320
1777903106.861415,2.337000,343.181366,42.985294
1777903106.872543,2.325000,343.687347,41.855297
1777903106.883670,2.337000,344.223907,40.651398
1777903106.894797,2.329000,344.834564,39.301235
1777903106.905925,2.321000,345.477936,38.245098
1777903106.917053,2.329000,346.058289,37.179485
1777903106.928180,2.329000,346.696960,36.235432
1777903106.939308,2.333000,347.364075,35.290779
1777903106.950435,2.333000,347.978882,34.396713
1777903106.961562,2.325000,348.449158,33.739952
1777903106.972690,2.321000,349.126984,32.927437
1777903106.983817,2.325000,349.671265,32.280460
1777903106.994944,2.346000,350.050781,31.856512
1777903107.006072,2.337000,350.517487,31.235432
1777903107.017199,2.342000,350.841156,30.991051
1777903107.028327,2.346000,351.138702,30.693512
1777903107.039455,2.337000,351.211700,30.500000
1777903107.050581,2.325000,351.380951,30.256235
1777903107.061709,2.342000,351.380951,30.256235
1777903107.072837,2.333000,351.380951,30.256235
1777903107.083964,2.337000,351.308899,30.335556
1777903107.095091,2.342000,351.000000,30.500000
1777903107.106219,2.350000,350.633118,30.733780
1777903107.117346,2.329000,350.185669,30.888144
1777903107.128473,2.337000,349.736969,31.263039
1777903107.139601,2.337000,349.169983,31.830023
1777903107.150728,2.342000,348.767334,32.199104
1777903107.161856,2.342000,348.138702,32.988815
1777903107.172984,2.325000,347.349426,33.822987
1777903107.184111,2.329000,346.850586,34.593105
1777903107.195238,2.293000,346.027039,35.364864
1777903107.206365,2.329000,345.256226,36.380951
1777903107.217493,2.321000,344.555542,37.403629
1777903107.228620,2.313000,343.662018,38.617714
1777903107.239747,2.321000,343.064880,39.914989
1777903107.250875,2.333000,342.206970,41.122005
1777903107.262003,2.337000,341.451904,42.729305
1777903107.273130,2.329000,340.782806,44.356991
1777903107.284258,2.337000,340.088593,45.664558
1777903107.295385,2.333000,339.461700,47.306419
1777903107.306512,2.354000,338.909637,49.232933
1777903107.317640,2.337000,338.331360,50.910713
1777903107.328767,2.325000,337.765656,52.686871
1777903107.339894,2.342000,337.500000,54.500000
1777903107.351022,2.329000,336.906189,56.409184
1777903107.362149,2.342000,336.500000,58.500000
1777903107.373277,2.342000,336.302032,60.285450
1777903107.384405,2.337000,335.943298,62.422680
1777903107.395532,2.329000,335.722504,64.321487
1777903107.406659,2.337000,335.256409,66.447113
1777903107.417787,2.337000,335.088470,68.590836
1777903107.428914,2.358000,335.018341,70.555046
1777903107.440041,2.363000,334.990814,72.737000
1777903107.451169,2.358000,334.777771,74.884560
1777903107.462296,2.337000,334.727692,77.129463
1777903107.473423,2.337000,334.762970,79.370369
1777903107.484551,2.342000,334.794159,81.443932
1777903107.495678,2.337000,334.751862,83.795219
1777903107.506805,2.337000,334.687958,86.036880
1777903107.517933,2.342000,334.737000,88.289734
1777903107.529061,2.363000,334.974030,90.434341
1777903107.540188,2.424000,335.266937,92.669380
1777903107.551316,2.371000,335.392303,94.742111
1777903107.562443,2.380000,335.637726,96.548210
1777903107.573570,2.371000,335.730865,98.670769
1777903107.584698,2.363000,336.008057,100.555107
1777903107.595825,2.410000,336.314972,102.474579
1777903107.606952,2.419000,336.452484,104.426949
1777903107.618080,2.428000,336.570251,106.194214
1777903107.629207,2.428000,336.793518,108.179939
1777903107.640334,2.437000,337.025421,110.197739
1777903107.651461,2.442000,337.305054,111.973213
1777903107.662589,2.469000,337.582581,113.750763
1777903107.673716,2.451000,337.803558,115.491074
1777903107.684844,2.419000,338.124115,117.198044
1777903107.695971,2.455000,338.344696,118.929077
1777903107.707099,2.465000,338.727020,120.636490
1777903107.718225,2.460000,339.075562,122.268555
1777903107.729354,2.428000,339.362213,123.824150
1777903107.740481,2.442000,339.716675,125.323074
1777903107.751608,2.479000,340.081146,126.612984
1777903107.762736,2.465000,340.488800,127.855721
1777903107.773863,2.437000,340.896301,129.411118
1777903107.784990,2.474000,341.374084,130.555557
1777903107.796118,2.442000,341.676666,131.732834
1777903107.807245,2.465000,342.115784,132.844788
1777903107.818372,2.469000,342.453125,134.015625
1777903107.829500,2.483000,342.727753,135.118195
1777903107.840627,2.479000,343.267181,136.197144
1777903107.851754,2.483000,343.527344,137.367188
1777903107.862883,2.488000,343.950745,138.488632
1777903107.874010,2.507000,344.316071,139.759628
1777903107.885137,2.465000,344.669281,140.836609
1777903107.896265,2.474000,345.192993,141.835358
1777903107.907392,2.483000,345.442657,142.859650
1777903107.918519,2.479000,345.926819,143.890244
1777903107.929647,2.479000,346.421783,144.903397
1777903107.940774,2.479000,346.739197,145.700134
1777903107.951901,2.479000,347.358856,146.526245
1777903107.963029,2.493000,347.887421,147.412277
1777903107.974156,2.474000,348.500000,148.000000
1777903107.985283,2.488000,348.796844,148.590851
1777903107.996411,2.493000,349.486755,149.299866
1777903108.007538,2.479000,350.106567,149.836060
1777903108.018666,2.479000,350.478729,150.204391
1777903108.029794,2.479000,351.256744,150.507797
1777903108.040921,2.488000,351.716461,150.831253
1777903108.052047,2.497000,352.272980,151.122086
1777903108.063175,2.483000,352.644836,151.385742
1777903108.074303,2.474000,353.278015,151.460999
1777903108.085430,2.488000,353.693848,151.496429
1777903108.096557,2.488000,354.195984,151.520737
1777903108.107685,2.497000,354.529999,151.792191
1777903108.118812,2.469000,354.983337,151.954163
1777903108.129939,2.493000,355.447815,152.017395
1777903108.141067,2.483000,355.760834,152.240662
1777903108.152194,2.497000,356.343445,152.373734
1777903108.163321,2.483000,356.634796,152.447830
1777903108.174449,2.502000,357.105652,152.517853
1777903108.185576,2.497000,357.544250,152.601776
1777903108.196703,2.488000,357.991241,152.951752
1777903108.207832,2.469000,358.388641,153.062408
1777903108.218958,2.512000,358.830414,153.131577
1777903108.230085,2.479000,359.343445,153.373734
1777903108.241214,2.483000,359.754059,153.383698
1777903108.252341,2.479000,360.188141,153.357040
1777903108.263468,2.483000,360.525848,153.277298
1777903108.274596,2.502000,361.054596,153.000000
1777903108.285723,2.469000,361.478638,152.772079
1777903108.296850,2.479000,361.679443,152.631210
1777903108.307978,2.474000,362.064056,152.334793
1777903108.319105,2.483000,362.405975,151.810547
1777903108.330232,2.483000,362.500000,151.465515
1777903108.341360,2.483000,362.642456,151.119659
1777903108.352487,2.479000,362.626099,150.534790
1777903108.363614,2.479000,362.636108,150.160110
1777903108.374742,2.479000,362.583344,149.469299
1777903108.385869,2.474000,362.394470,148.870453
1777903108.396996,2.483000,362.362701,148.393539
1777903108.408124,2.521000,362.039825,147.715332
1777903108.419251,2.483000,361.659698,146.947006
1777903108.430378,2.483000,361.306824,146.145050
1777903108.441506,2.526000,360.882782,145.600281
1777903108.452633,2.479000,360.458679,144.688705
1777903108.463760,2.479000,359.903961,143.748581
1777903108.474888,2.479000,359.458344,143.000000
1777903108.486015,2.469000,358.657074,141.857346
1777903108.497142,2.493000,358.246613,141.000000
1777903108.508270,2.483000,357.508270,140.016525
1777903108.519397,2.465000,356.829376,138.932541
1777903108.530524,2.488000,356.050385,137.906982
1777903108.541651,2.465000,355.472229,136.768524
1777903108.552779,2.469000,354.591614,135.500000
1777903108.563906,2.455000,353.953796,134.375778
1777903108.575033,2.469000,353.106567,133.061951
1777903108.586161,2.469000,352.173340,131.865448
1777903108.597288,2.469000,351.334564,130.418198
1777903108.608415,2.460000,350.565704,129.204376
1777903108.619544,2.455000,349.809021,127.731911
1777903108.630670,2.483000,348.968079,126.446808
1777903108.641797,2.465000,348.000000,124.869720
1777903108.652925,2.442000,347.315491,123.492859
1777903108.664052,2.497000,346.488800,121.855721
1777903108.675179,2.437000,345.751251,120.391792
1777903108.686307,2.460000,344.920288,118.801933
1777903108.697434,2.428000,344.313965,117.215759
1777903108.708561,2.442000,343.469238,115.701279
1777903108.719689,2.424000,342.850952,114.008133
1777903108.730816,2.419000,342.119141,112.250336
1777903108.741943,2.384000,341.556427,110.556442
1777903108.753072,2.410000,340.850342,108.717010
1777903108.764199,2.437000,340.255371,107.043015
1777903108.775326,2.424000,339.701477,105.222221
1777903108.786453,2.406000,339.090302,103.367859
1777903108.797580,2.384000,338.502045,101.541840
1777903108.808707,2.384000,338.024597,99.590164
1777903108.819835,2.393000,337.534454,97.682137
1777903108.830962,2.375000,336.948730,95.883942
1777903108.842089,2.354000,336.614624,93.879044
1777903108.853218,2.363000,336.160431,92.189491
1777903108.864345,2.342000,335.652588,89.917015
1777903108.875471,2.346000,335.383392,88.174538
1777903108.886599,2.342000,334.897980,86.047417
1777903108.897727,2.321000,334.705811,83.973915
1777903108.908854,2.337000,334.328979,81.949051
1777903108.919981,2.333000,334.073425,79.790016
1777903108.931108,2.346000,333.941437,77.647148
1777903108.942235,2.346000,333.899994,75.671211
1777903108.953363,2.342000,333.809082,73.646324
1777903108.964490,2.371000,333.794159,71.443932
1777903108.975617,2.321000,333.764618,69.375984
1777903108.986744,2.329000,333.766968,67.276237
1777903108.997873,2.346000,333.895538,65.347160
1777903109.009000,2.333000,334.044128,63.312023
1777903109.020127,2.317000,334.171906,61.168907
1777903109.031254,2.317000,334.582123,59.145134
1777903109.042381,2.337000,335.000000,57.000000
1777903109.053509,2.333000,335.348633,55.030613
1777903109.064636,2.313000,336.000000,53.000000
1777903109.075763,2.325000,336.534454,51.193668
1777903109.086890,2.301000,337.122101,49.300388
1777903109.098018,2.337000,337.800385,47.534885
1777903109.109145,2.305000,338.531708,45.762783
1777903109.120272,2.325000,339.357880,44.053169
1777903109.131400,2.317000,340.163696,42.380672
1777903109.142527,2.305000,340.954102,40.644711
1777903109.153654,2.321000,341.851837,39.226337
1777903109.164783,2.325000,342.700195,37.689728
1777903109.175910,2.265000,343.687347,36.170116
1777903109.187036,2.329000,344.536224,34.934784
1777903109.198164,2.313000,345.566162,33.450981
1777903109.209291,2.325000,346.623505,32.148682
1777903109.220418,2.346000,347.595581,30.948530
1777903109.231546,2.342000,348.536224,29.934782
1777903109.242673,2.342000,349.544128,29.000000
1777903109.253800,2.358000,350.782501,28.111111
1777903109.264928,2.342000,351.710266,27.500000
1777903109.276055,2.346000,352.798492,26.552238
1777903109.287182,2.354000,353.867645,25.830883
1777903109.298310,2.367000,354.823090,25.430769
1777903109.309437,2.354000,355.658783,24.713911
1777903109.320564,2.337000,356.539429,24.307888
1777903109.331692,2.342000,357.131226,24.136482
1777903109.342819,2.346000,357.637329,23.653334
1777903109.353946,2.337000,358.142487,23.376591
1777903109.365074,2.342000,358.613342,23.109333
1777903109.376201,2.346000,358.707642,23.032787
1777903109.387328,2.363000,358.663971,22.704607
1777903109.398456,2.350000,358.680206,22.590786
1777903109.409583,2.375000,358.625336,22.410469
1777903109.420711,2.371000,358.401093,22.392954
1777903109.431837,2.337000,358.005524,22.366392
1777903109.442965,2.354000,357.735626,22.405172
1777903109.454093,2.371000,357.236755,22.825544
1777903109.465219,2.354000,356.744049,22.991072
1777903109.476347,2.354000,356.300293,23.150150
1777903109.487475,2.380000,355.748474,23.696970
1777903109.498602,2.346000,355.018860,24.066038
1777903109.509729,2.342000,354.399414,24.573574
1777903109.520857,2.346000,353.925568,25.161812
1777903109.531984,2.358000,353.241272,25.907936
1777903109.543112,2.342000,352.583344,26.583334
1777903109.554239,2.354000,351.937683,27.423676
1777903109.565366,2.375000,351.461548,28.208334
1777903109.576494,2.346000,350.788147,29.236759
1777903109.587621,2.337000,350.090332,30.395639
1777903109.598748,2.350000,349.784119,31.384127
1777903109.609876,2.333000,349.101593,32.615871
1777903109.621003,2.333000,348.379211,33.948013
1777903109.632130,2.329000,347.853577,35.339565
1777903109.643258,2.333000,347.570099,36.566978
1777903109.654385,2.346000,347.040588,38.359421
1777903109.665512,2.333000,346.698547,39.759418
1777903109.676640,2.329000,346.144928,41.411594
1777903109.687767,2.337000,345.872620,42.831978
1777903109.698894,2.325000,345.666656,44.666668
1777903109.710022,2.333000,345.179077,46.603306
1777903109.721149,2.329000,345.000000,48.151283
1777903109.732276,2.325000,344.822052,50.050125
1777903109.743404,2.342000,344.679291,51.954544
1777903109.754531,2.342000,344.342865,53.942856
1777903109.765658,2.342000,344.116669,56.000000
1777903109.776786,2.329000,343.985901,57.640846
1777903109.787913,2.337000,343.910675,59.734203
1777903109.799040,2.342000,343.569611,61.892406
1777903109.810168,2.342000,343.434692,63.861599
1777903109.821295,2.358000,343.454376,66.087524
1777903109.832422,2.363000,343.299835,68.239861
1777903109.843550,2.358000,343.137634,70.610283
1777903109.854677,2.358000,343.037781,72.796387
1777903109.865804,2.363000,343.000000,75.000000
1777903109.876931,2.363000,343.000000,77.191422
1777903109.888059,2.354000,343.000000,79.386795
1777903109.899186,2.363000,343.000000,81.500000
1777903109.910313,2.384000,342.953735,83.740028
1777903109.921441,2.358000,343.041656,85.972221
1777903109.932568,2.350000,343.098877,88.236046
1777903109.943695,2.346000,343.292633,90.233177
1777903109.954823,2.397000,343.572723,92.345451
1777903109.965950,2.410000,343.727814,94.350800
1777903109.977077,2.419000,343.786560,96.235382
1777903109.988205,2.428000,343.977509,98.292549
1777903109.999332,2.437000,344.216187,100.207809
1777903110.010459,2.451000,344.606201,101.988747
1777903110.021587,2.437000,344.699005,103.836853
1777903110.032714,2.442000,344.979340,105.561981
1777903110.043841,2.424000,345.363892,107.437500
1777903110.054970,2.437000,345.576660,109.042191
1777903110.066097,2.437000,345.918030,110.688522
1777903110.077223,2.437000,346.145569,112.491158
1777903110.088351,2.442000,346.399994,114.170670
1777903110.099478,2.437000,346.735718,115.759628
1777903110.110605,2.442000,347.039368,117.413383
1777903110.121733,2.465000,347.275604,118.863518
1777903110.132860,2.437000,347.680664,120.492363
1777903110.143988,2.437000,347.863983,121.780640
1777903110.155115,2.465000,348.303345,123.471222
1777903110.166242,2.460000,348.608337,124.740479
1777903110.177369,2.451000,349.106628,126.254768
1777903110.188498,2.442000,349.476013,127.544518
1777903110.199625,2.455000,349.998871,128.874023
1777903110.210752,2.469000,350.372894,130.161575
1777903110.221879,2.442000,350.902161,131.352676
1777903110.233006,2.479000,351.403931,132.500000
1777903110.244133,2.460000,351.915497,133.535217
1777903110.255261,2.474000,352.384155,134.585114
1777903110.266388,2.455000,352.852112,135.631516
1777903110.277516,2.469000,353.321350,136.517990
1777903110.288644,2.465000,353.891296,137.456528
1777903110.299771,2.488000,354.317474,138.360199
1777903110.310897,2.469000,354.902985,139.000000
1777903110.322024,2.483000,355.446503,139.707260
1777903110.333153,2.474000,355.805664,140.552277
1777903110.344280,2.483000,356.396698,141.225601
1777903110.355407,2.460000,357.000000,141.915390
1777903110.366535,2.474000,357.488647,142.454544
1777903110.377662,2.469000,357.953857,143.000000
1777903110.388789,2.479000,358.443176,143.628784
1777903110.399917,2.465000,358.969238,144.091019
1777903110.411044,2.483000,359.452759,144.813644
1777903110.422171,2.474000,359.893951,145.203278
1777903110.433300,2.493000,360.433075,145.754593
1777903110.444427,2.488000,360.765778,146.106827
1777903110.455554,2.521000,361.373077,146.638458
1777903110.466682,2.483000,361.621277,147.068741
1777903110.477809,2.479000,362.196320,147.400528
1777903110.488936,2.497000,362.681396,147.776443
1777903110.500064,2.502000,363.093750,148.031250
1777903110.511191,2.479000,363.586914,148.338562
1777903110.522318,2.465000,364.086609,148.679794
1777903110.533447,2.497000,364.507874,148.874008
1777903110.544574,2.483000,364.802124,148.949539
1777903110.555701,2.483000,365.394531,149.143234
1777903110.566829,2.469000,365.539062,149.295578
1777903110.577956,2.479000,365.868225,149.422485
1777903110.589083,2.483000,366.308105,149.375824
1777903110.600211,2.479000,366.461243,149.316544
1777903110.611338,2.479000,366.519531,149.354172
1777903110.622465,2.479000,366.772980,149.405518
1777903110.633594,2.479000,366.942749,149.450378
1777903110.644721,2.502000,367.118103,149.318893
1777903110.655848,2.483000,367.256317,149.220459
1777903110.666976,2.479000,367.376984,149.051590
1777903110.678103,2.479000,367.358276,149.007874
1777903110.689230,2.497000,367.240387,148.881805
1777903110.700358,2.531000,367.222656,148.786667
1777903110.711485,2.546000,367.143219,148.582031
1777903110.722613,2.497000,367.099243,148.492371
1777903110.733741,2.488000,367.026978,148.224014
1777903110.744868,2.488000,366.749664,147.925034
1777903110.755995,2.493000,366.684357,147.772797
1777903110.767122,2.465000,366.507812,147.295578
1777903110.778250,2.483000,366.376801,146.890640
1777903110.789377,2.488000,366.212494,146.367859
1777903110.800504,2.488000,365.727753,145.881805
1777903110.811633,2.474000,365.425415,145.324249
1777903110.822760,2.497000,365.144531,144.652344
1777903110.833887,2.488000,364.727753,143.881805
1777903110.845015,2.465000,364.359283,143.351486
1777903110.856142,2.479000,363.757690,142.653275
1777903110.867269,2.493000,363.432007,141.838669
1777903110.878397,2.479000,362.829376,140.932541
1777903110.889524,2.474000,362.423035,140.095047
1777903110.900651,2.479000,361.652069,139.280212
1777903110.911780,2.469000,361.262390,138.406967
1777903110.922907,2.479000,360.570862,137.421265
1777903110.934034,2.474000,359.938538,136.553284
1777903110.945162,2.479000,359.368011,135.567993
1777903110.956289,2.460000,358.610229,134.413391
1777903110.967416,2.465000,357.872833,133.350739
1777903110.978544,2.424000,357.379974,132.204391
1777903110.989671,2.465000,356.537415,131.096603
1777903111.000799,2.455000,355.723358,130.031036
1777903111.011927,2.442000,355.144928,128.831360
1777903111.023054,2.442000,354.442749,127.473282
1777903111.034181,2.419000,353.611328,126.160736
1777903111.045309,2.437000,352.956696,124.929131
1777903111.056436,2.428000,352.312592,123.677734
1777903111.078691,2.465000,350.862305,120.782608
1777903111.089819,2.428000,350.074738,119.298950
1777903111.100946,2.437000,349.205566,117.816444
1777903111.112074,2.455000,348.517548,116.404968
1777903111.123201,2.424000,347.877197,114.942986
1777903111.134328,2.437000,347.000000,113.188599
1777903111.145456,2.442000,346.235992,111.724190
1777903111.156583,2.437000,345.279724,110.214493
1777903111.167711,2.442000,344.548248,108.460526
1777903111.178839,2.410000,343.970093,106.970085
1777903111.189966,2.397000,343.146271,105.125175
1777903111.201093,2.367000,342.245544,103.408783
1777903111.212220,2.346000,341.731445,101.634277
1777903111.223348,2.350000,340.993195,99.663948
1777903111.234475,2.397000,340.396210,97.991226
1777903111.245602,2.384000,339.904358,96.137680
1777903111.256731,2.406000,339.304962,94.218437
1777903111.267858,2.384000,338.726990,92.291100
1777903111.278985,2.380000,338.421692,90.359688
1777903111.290113,2.393000,337.794617,88.437599
1777903111.301240,2.329000,337.538330,86.433487
1777903111.312367,2.354000,337.051544,84.626411
1777903111.323495,2.329000,336.806519,82.562599
1777903111.334622,2.329000,336.239746,80.471268
1777903111.345750,2.329000,336.000000,78.500000
1777903111.356877,2.329000,335.620972,76.526230
1777903111.368005,2.317000,335.319946,74.348412
1777903111.379132,2.313000,334.934357,72.454544
1777903111.390260,2.325000,334.541656,70.175346
1777903111.401387,2.337000,334.370941,68.145302
1777903111.412514,2.321000,334.089111,66.062706
1777903111.423642,2.317000,333.853851,63.747128
1777903111.434769,2.317000,333.541656,61.661457
1777903111.445896,2.305000,333.543488,59.461956
1777903111.457024,2.305000,333.499023,57.240849
1777903111.468151,2.289000,333.501038,55.249489
1777903111.479278,2.317000,333.513641,53.303982
1777903111.490406,2.317000,333.585541,51.188595
1777903111.501533,2.301000,333.821594,49.124413
1777903111.512660,2.305000,333.887299,47.035973
1777903111.523788,2.293000,334.083923,45.275780
1777903111.534915,2.289000,334.507477,43.350746
1777903111.546042,2.293000,334.883942,41.320988
1777903111.557170,2.285000,335.293640,39.664021
1777903111.568297,2.301000,335.904755,37.936508
1777903111.579424,2.321000,336.151764,36.273712
1777903111.590552,2.313000,336.872620,34.831978
1777903111.601679,2.273000,337.466125,33.330624
1777903111.612806,2.313000,338.088165,32.005508
1777903111.623934,2.325000,339.000000,30.500000
1777903111.635061,2.285000,339.749329,29.018667
1777903111.646188,2.325000,340.556427,27.829397
1777903111.657315,2.293000,341.437500,26.752604
1777903111.668443,2.329000,342.344177,25.631435
1777903111.679570,2.317000,343.129486,24.674931
1777903111.690697,2.313000,343.887085,23.887096
1777903111.701825,2.333000,344.834656,23.170603
1777903111.712952,2.321000,345.710266,22.500000
1777903111.724079,2.321000,346.658783,21.713911
1777903111.735207,2.301000,347.268738,21.297157
1777903111.746335,2.346000,348.148682,20.681055
1777903111.757461,2.337000,348.850739,20.470150
1777903111.768589,2.313000,349.554749,19.931873
1777903111.779716,2.273000,350.200470,19.731936
1777903111.790843,2.305000,350.741028,19.771795
1777903111.801971,2.317000,351.144531,19.634033
1777903111.813099,2.321000,351.355377,19.529411
1777903111.824226,2.293000,351.835724,19.492857
1777903111.835354,2.301000,352.004730,19.593380
1777903111.846480,2.313000,352.082733,19.614656
1777903111.857608,2.337000,352.144531,19.634033
1777903111.868736,2.329000,351.978271,19.792271
1777903111.879863,2.317000,351.781769,20.007195
1777903111.890990,2.293000,351.368805,20.442080
1777903111.902118,2.333000,351.144531,20.634033
1777903111.913245,2.354000,350.827240,21.119221
1777903111.924372,2.329000,350.368805,21.442080
1777903111.935500,2.337000,350.014496,21.756039
1777903111.946627,2.313000,349.510956,22.425791
1777903111.957754,2.325000,349.123535,22.834499
1777903111.968882,2.293000,348.621552,23.461153
1777903111.980009,2.371000,348.058533,24.353689
1777903111.991136,2.317000,347.429962,25.014492
1777903112.002264,2.313000,346.912537,25.810875
1777903112.013391,2.321000,346.335724,26.709831
1777903112.024518,2.325000,345.798492,27.552238
1777903112.035646,2.285000,345.352234,28.600473
1777903112.046773,2.321000,344.786774,29.622549
1777903112.057900,2.371000,344.213440,30.844124
1777903112.069028,2.321000,343.681702,31.874687
1777903112.080155,2.321000,343.380249,33.138271
1777903112.091282,2.313000,342.664307,34.302601
1777903112.102409,2.342000,342.165497,35.848484
1777903112.113537,2.329000,341.634033,37.144524
1777903112.124664,2.333000,341.303864,38.575962
1777903112.135791,2.325000,340.814331,40.125278
1777903112.146919,2.329000,340.339966,41.620308
1777903112.158046,2.337000,339.973083,43.250519
1777903112.169173,2.325000,339.596588,44.781315
1777903112.180301,2.329000,339.273499,46.480770
1777903112.191428,2.317000,338.973083,48.250519
1777903112.202555,2.317000,338.589111,49.714886
1777903112.213683,2.333000,338.323120,51.370144
1777903112.224810,2.333000,337.964691,53.327450
1777903112.235937,2.333000,337.715118,55.011627
1777903112.247065,2.342000,337.313080,56.819523
1777903112.258192,2.325000,337.122345,58.641846
1777903112.269319,2.358000,336.907227,60.520618
1777903112.280447,2.337000,336.565002,62.333332
1777903112.291574,2.337000,336.243286,64.295418
1777903112.302701,2.321000,336.032410,66.146606
1777903112.313829,2.346000,335.901520,68.040909
1777903112.324956,2.354000,335.682526,69.901878
1777903112.336083,2.337000,335.442993,71.695908
1777903112.347211,2.325000,335.147278,73.677521
1777903112.358338,2.342000,335.059082,75.586365
1777903112.369465,2.329000,335.000000,77.500000
1777903112.380594,2.337000,334.918182,79.500000
1777903112.391721,2.342000,334.716583,81.384727
1777903112.402848,2.342000,334.691193,83.425682
1777903112.413975,2.333000,334.655212,85.387695
1777903112.425102,2.354000,334.609497,87.253838
1777903112.436229,2.354000,334.576019,89.145050
1777903112.447358,2.321000,334.576019,91.145050
1777903112.458485,2.342000,334.685791,92.946724
1777903112.469612,2.337000,334.650482,94.758438
1777903112.480740,2.371000,334.699005,96.443039
1777903112.491867,2.371000,334.788269,98.271820
1777903112.502994,2.380000,335.193634,99.997231
1777903112.514122,2.410000,335.461853,101.579094
1777903112.525249,2.384000,335.549103,103.370537
1777903112.536376,2.384000,335.821320,105.115616
1777903112.547503,2.410000,336.251404,106.529663
1777903112.558631,2.424000,336.556458,108.080643
1777903112.569758,2.428000,336.979675,109.560974
1777903112.580885,2.428000,337.290375,111.109375
1777903112.592013,2.424000,337.671844,112.565895
1777903112.603140,2.437000,338.129211,114.069771
1777903112.614267,2.442000,338.353394,115.567673
1777903112.625395,2.437000,338.729767,117.025002
1777903112.636522,2.442000,339.231873,118.592995
1777903112.647649,2.437000,339.599060,119.954544
1777903112.658777,2.455000,339.855713,121.488808
1777903112.669904,2.460000,340.343018,122.888481
1777903112.681031,2.442000,340.681122,124.387482
1777903112.692159,2.442000,341.117310,125.598145
1777903112.703286,2.465000,341.556732,127.090057
1777903112.714413,2.474000,341.919373,128.387482
1777903112.725542,2.455000,342.217041,129.571945
1777903112.736668,2.460000,342.611328,130.792130
1777903112.747795,2.460000,343.047455,132.192261
1777903112.758924,2.469000,343.406677,133.248398
1777903112.770051,2.483000,343.725342,134.496872
1777903112.781178,2.479000,344.000000,135.500000
1777903112.792306,2.474000,344.476562,136.535156
1777903112.803433,2.469000,344.702148,137.561478
1777903112.814559,2.469000,345.158234,138.640732
1777903112.825688,2.479000,345.534882,139.565887
1777903112.836815,2.483000,345.880676,140.594040
1777903112.847942,2.507000,346.279724,141.535950
1777903112.859070,2.479000,346.564514,142.336029
1777903112.870197,2.469000,346.837982,143.213806
1777903112.881324,2.474000,347.373810,144.009445
1777903112.892452,2.469000,347.548401,144.793015
1777903112.903579,2.474000,347.937500,145.463882
1777903112.914706,2.488000,348.345490,146.180832
1777903112.925834,2.469000,348.549591,146.892563
1777903112.936961,2.479000,348.937317,147.605408
1777903112.948088,2.469000,349.371735,148.113861
1777903112.959216,2.474000,349.645905,148.810516
1777903112.970343,2.479000,350.096466,149.414185
1777903112.981470,2.479000,350.437500,149.845840
1777903112.992597,2.455000,350.579834,150.436981
1777903113.003725,2.465000,351.091278,150.901794
1777903113.014852,2.460000,351.499298,151.344772
1777903113.025979,2.460000,351.821075,151.565659
1777903113.037107,2.474000,352.275665,152.015472
1777903113.048234,2.479000,352.678528,152.352600
1777903113.059361,2.469000,353.233185,152.439194
1777903113.070489,2.479000,353.634796,152.447830
1777903113.081616,2.460000,354.013641,152.486359
1777903113.092743,2.465000,354.468475,152.545044
1777903113.103871,2.479000,354.941620,152.448547
1777903113.114998,2.488000,355.137268,152.441177
1777903113.126125,2.469000,355.801636,152.269913
1777903113.137254,2.474000,356.059631,152.259933
1777903113.148380,2.460000,356.327301,151.965317
1777903113.159507,2.479000,356.864136,151.671402
1777903113.170635,2.483000,356.941620,151.448547
1777903113.181762,2.460000,357.302887,151.316589
1777903113.192889,2.460000,357.555542,150.981476
1777903113.204017,2.479000,357.873657,150.796036
1777903113.215145,2.497000,357.941620,150.448547
1777903113.226271,2.479000,357.941620,150.448547
1777903113.237399,2.479000,358.118195,150.131821
1777903113.248527,2.455000,358.237457,149.982300
1777903113.259654,2.483000,358.321472,149.877029
1777903113.270782,2.479000,358.473694,149.691513
1777903113.281909,2.483000,358.486725,149.640121
1777903113.293036,2.483000,358.570801,149.600296
1777903113.304163,2.502000,358.787598,149.434113
1777903113.315290,2.497000,358.840240,149.411667
1777903113.326418,2.497000,358.840240,149.411667
1777903113.337546,2.483000,358.941620,149.448547
1777903113.348673,2.502000,358.922485,149.401550
1777903113.359800,2.488000,358.941620,149.448547
1777903113.370928,2.465000,359.000000,149.500000
1777903113.382055,2.469000,359.000000,149.500000
1777903113.393182,2.465000,359.080963,149.428574
1777903113.404310,2.474000,359.206940,149.390198
1777903113.415438,2.479000,359.500000,149.500000
1777903113.426565,2.469000,359.642212,149.444962
1777903113.437692,2.469000,359.710083,149.392242
1777903113.448820,2.479000,359.816742,149.409164
1777903113.459947,2.488000,360.000000,149.500000
1777903113.471075,2.483000,360.018860,149.547165
1777903113.493330,2.460000,360.248138,149.777283
1777903113.504457,2.469000,360.355743,149.759338
1777903113.515585,2.479000,360.619476,149.923889
1777903113.526712,2.479000,360.729553,150.033020
1777903113.537839,2.497000,360.891907,150.108109
1777903113.548968,2.497000,360.991058,150.236603
1777903113.560095,2.474000,361.049561,150.354355
1777903113.571222,2.474000,361.049561,150.354355
1777903113.582350,2.465000,361.425446,150.442978
1777903113.593477,2.469000,361.477875,150.455750
1777903113.604604,2.460000,361.508759,150.595032
1777903113.615732,2.465000,361.620697,150.584763
1777903113.626860,2.469000,361.623932,150.635330
1777903113.637987,2.465000,361.887421,150.750000
1777903113.649115,2.465000,362.010101,150.728714
1777903113.660242,2.479000,362.122955,150.721481
1777903113.671369,2.483000,362.243469,150.663773
1777903113.682497,2.469000,362.381348,150.608765
1777903113.693624,2.465000,362.381348,150.608765
1777903113.704752,2.465000,362.320557,150.368790
1777903113.715880,2.460000,362.320892,150.139694
1777903113.727007,2.474000,362.235870,149.902542
1777903113.738134,2.469000,362.220306,149.816879
1777903113.749262,2.488000,362.095459,149.458145
1777903113.760389,2.493000,361.982605,149.191299
1777903113.771517,2.502000,361.757965,148.822952
1777903113.782645,2.469000,361.581909,148.435349
1777903113.793772,2.483000,361.558289,147.947876
1777903113.804899,2.483000,361.284119,147.327713
1777903113.816027,2.493000,360.857544,146.831253
1777903113.827155,2.483000,360.608582,145.930847
1777903113.838281,2.474000,360.420471,145.098206
1777903113.849410,2.479000,359.924103,144.433029
1777903113.860537,2.483000,359.578247,143.520294
1777903113.871664,2.469000,359.148163,142.622513
1777903113.882791,2.469000,358.568207,141.752457
1777903113.893919,2.465000,358.137268,140.721283
1777903113.905047,2.483000,357.411285,139.704300
1777903113.916174,2.465000,356.681396,138.776443
1777903113.927302,2.465000,356.090149,137.703552
1777903113.938429,2.460000,355.364014,136.682663
1777903113.949556,2.474000,354.569763,135.500000
1777903113.960684,2.460000,353.621094,134.367188
1777903113.971812,2.437000,352.850006,133.179489
1777903113.982939,2.455000,351.853851,132.023071
1777903113.994067,2.460000,350.885986,130.760849
1777903114.005194,2.465000,349.852112,129.631516
1777903114.016321,2.455000,348.821991,128.198334
1777903114.027449,2.465000,347.683502,126.720818
1777903114.038576,2.469000,346.551849,125.400002
1777903114.049704,2.474000,345.515503,123.768280
1777903114.060832,2.455000,344.446533,122.182388
1777903114.071959,2.455000,343.500000,120.543480
1777903114.083086,2.437000,342.458008,118.875320
1777903114.094214,2.442000,341.434113,117.058136
1777903114.105341,2.410000,340.512146,115.261810
1777903114.116468,2.367000,339.553864,113.400505
1777903114.127597,2.419000,338.508301,111.411240
1777903114.149851,2.424000,336.783020,107.586929
1777903114.160979,2.397000,336.083679,105.365723
1777903114.172107,2.406000,335.129242,103.393196
1777903114.183234,2.406000,334.508118,101.313011
1777903114.194362,2.397000,333.880157,99.254822
1777903114.205489,2.354000,333.121094,97.254425
1777903114.216616,2.346000,332.500000,95.000000
1777903114.227744,2.342000,331.928467,92.668098
1777903114.238871,2.363000,331.451752,90.583336
1777903114.249999,2.337000,330.827393,88.406250
1777903114.261127,2.354000,330.388153,86.268150
1777903114.272254,2.325000,330.009338,84.119934
1777903114.283381,2.358000,329.522522,81.732735
1777903114.294509,2.321000,329.000000,79.500000
1777903114.305636,2.333000,328.823914,77.523582
1777903114.316763,2.321000,328.426025,75.265038
1777903114.327891,2.321000,328.097961,73.173775
1777903114.339019,2.333000,327.944183,70.862839
1777903114.350146,2.337000,327.765198,68.796387
1777903114.361273,2.329000,327.525787,66.597939
1777903114.372401,2.321000,327.354828,64.408600
1777903114.383528,2.325000,327.202087,62.174999
1777903114.394655,2.325000,327.060791,59.920334
1777903114.405783,2.329000,327.060791,57.920334
1777903114.416910,2.321000,327.108917,55.812637
1777903114.428037,2.333000,327.079376,53.766441
1777903114.439166,2.285000,327.079376,51.766441
1777903114.450293,2.301000,327.369873,49.721462
1777903114.461420,2.313000,327.571442,47.730953
1777903114.472548,2.305000,327.844604,45.859650
1777903114.483675,2.277000,328.000000,44.000000
1777903114.494802,2.253000,328.095245,42.063492
1777903114.505930,2.265000,328.538452,40.194870
1777903114.517057,2.261000,329.016388,38.420765
1777903114.528184,2.277000,329.338715,36.706989
1777903114.539312,2.313000,329.872620,34.831978
1777903114.550439,2.293000,330.246704,33.178478
1777903114.561566,2.285000,330.901947,31.675070
1777903114.572694,2.305000,331.546143,30.030769
1777903114.583821,2.317000,332.150543,28.634409
1777903114.594949,2.313000,332.832031,26.947506
1777903114.606076,2.305000,333.556427,25.829397
1777903114.617204,2.293000,334.239258,24.532259
1777903114.628330,2.317000,334.947906,23.447916
1777903114.639459,2.273000,335.658783,22.417322
1777903114.650586,2.305000,336.458679,21.410667
1777903114.661713,2.317000,337.125000,20.515625
1777903114.672841,2.301000,337.794861,19.569231
1777903114.683968,2.321000,338.537323,18.932837
1777903114.695095,2.305000,339.132355,18.470589
1777903114.706223,2.337000,339.609100,17.779377
1777903114.717350,2.301000,340.132355,17.470589
1777903114.728477,2.317000,340.580322,17.047962
1777903114.739605,2.317000,340.907135,16.871429
1777903114.750732,2.317000,341.210388,16.643026
1777903114.761859,2.305000,341.235443,16.696970
1777903114.772987,2.313000,341.302612,16.664303
1777903114.784115,2.313000,341.302612,16.664303
1777903114.795242,2.313000,341.218384,16.760920
1777903114.806369,2.313000,340.937500,16.986111
1777903114.817497,2.313000,340.551727,17.170115
1777903114.828624,2.317000,340.067596,17.557110
1777903114.839751,2.317000,339.529419,17.867647
1777903114.850879,2.317000,338.850739,18.470150
1777903114.862006,2.293000,338.458923,18.884058
1777903114.873133,2.321000,337.710266,19.500000
1777903114.884261,2.363000,336.767151,20.281862
1777903114.895388,2.273000,336.039612,20.904428
1777903114.906515,2.289000,335.113647,21.808081
1777903114.917644,2.313000,334.325806,22.769424
1777903114.928771,2.313000,333.338196,23.871046
1777903114.939898,2.273000,332.440308,25.044777
1777903114.951026,2.321000,331.440308,26.044777
1777903114.962153,2.293000,330.602936,27.544117
1777903114.973280,2.317000,329.440308,29.044777
1777903114.984408,2.293000,328.608704,30.615942
1777903114.995535,2.293000,327.832031,32.098190
1777903115.006662,2.289000,327.000000,34.000000
1777903115.017790,2.305000,326.085144,35.749393
1777903115.028917,2.289000,325.500000,37.500000
1777903115.040044,2.293000,324.808075,39.401516
1777903115.051172,2.293000,324.077454,41.450703
1777903115.062299,2.313000,323.673920,43.463768
1777903115.073426,2.305000,323.034729,45.673611
1777903115.084554,2.289000,322.616882,47.831169
1777903115.095682,2.305000,322.265839,49.922291
1777903115.106809,2.305000,321.857758,52.371552
1777903115.117937,2.313000,321.450500,54.729294
1777903115.129064,2.289000,321.169556,57.119461
1777903115.140191,2.293000,320.734894,59.697857
1777903115.151319,2.317000,320.544952,62.033707
1777903115.162446,2.317000,320.384216,64.500000
1777903115.173573,2.305000,320.285461,66.968086
1777903115.184701,2.313000,320.137634,69.429520
1777903115.195828,2.317000,320.045013,72.093330
1777903115.206955,2.313000,319.952850,74.569107
1777903115.218082,2.321000,320.000000,77.182388
1777903115.229210,2.325000,320.114075,79.823700
1777903115.240337,2.325000,320.387390,82.436935
1777903115.251465,2.342000,320.541656,84.983330
1777903115.262593,2.342000,320.696442,87.384399
1777903115.273720,2.333000,321.224945,90.040649
1777903115.284847,2.321000,321.457825,92.427383
1777903115.295975,2.346000,321.944000,94.850670
1777903115.307102,2.367000,322.500000,97.248611
1777903115.318229,2.346000,322.954163,99.504166
1777903115.329357,2.346000,323.539001,101.682266
1777903115.340484,2.354000,324.150848,103.887932
1777903115.351611,2.358000,324.727142,106.095871
1777903115.362740,2.367000,325.504456,108.181549
1777903115.373867,2.375000,326.209259,110.279518
1777903115.384994,2.384000,326.898224,112.303833
1777903115.396122,2.428000,327.612854,114.221222
1777903115.407249,2.397000,328.491394,116.143974
1777903115.418376,2.410000,329.102692,118.035713
1777903115.429504,2.424000,329.922424,119.943962
1777903115.440632,2.474000,330.602722,121.827209
1777903115.451759,2.410000,331.290466,123.608574
1777903115.462887,2.455000,332.092743,125.536293
1777903115.474014,2.455000,332.813812,127.375000
1777903115.485141,2.451000,333.595245,128.944443
1777903115.496269,2.460000,334.305542,130.664017
1777903115.507397,2.479000,334.887543,132.233063
1777903115.518524,2.460000,335.561462,133.872955
1777903115.529652,2.469000,336.233917,135.426895
1777903115.540779,2.469000,336.991455,136.905975
1777903115.551907,2.460000,337.556030,138.376434
1777903115.563035,2.455000,338.261169,139.587296
1777903115.574162,2.465000,338.982452,140.951752
1777903115.585289,2.455000,339.586548,142.251785
1777903115.596417,2.455000,340.232147,143.482147
1777903115.607544,2.469000,340.758667,144.618408
1777903115.618672,2.465000,341.394470,145.649200
1777903115.629800,2.469000,341.943939,146.592926
1777903115.640927,2.455000,342.424103,147.657745
1777903115.652054,2.455000,343.050446,148.522934
1777903115.663181,2.460000,343.554047,149.295792
1777903115.674309,2.483000,344.075684,150.046692
1777903115.685437,2.483000,344.742340,150.847015
1777903115.696564,2.479000,345.251648,151.450974
1777903115.707692,2.474000,345.894318,152.091064
1777903115.718819,2.455000,346.373596,152.856689
1777903115.729947,2.460000,346.929138,153.301132
1777903115.741075,2.460000,347.523590,153.918701
1777903115.752202,2.460000,348.065002,154.375000
1777903115.763329,2.479000,348.773346,154.934998
1777903115.774457,2.469000,349.364990,155.270004
1777903115.785584,2.483000,349.849396,155.884933
1777903115.796712,2.465000,350.705383,156.045456
1777903115.807840,2.474000,351.158417,156.391083
1777903115.818967,2.474000,351.980591,156.597092
1777903115.830094,2.479000,352.618805,157.000000
1777903115.841223,2.483000,353.310669,157.071198
1777903115.852350,2.488000,354.050934,157.211426
1777903115.863477,2.469000,354.674286,157.334854
1777903115.874605,2.455000,355.287262,157.268814
1777903115.885732,2.488000,356.050934,157.211426
1777903115.896859,2.474000,356.711304,157.133926
1777903115.907988,2.469000,357.239594,157.022324
1777903115.919115,2.474000,357.794861,156.659119
1777903115.930242,2.469000,358.394745,156.508774
1777903115.941370,2.488000,358.738831,156.279938
1777903115.952497,2.497000,359.136505,156.030167
1777903115.963624,2.502000,359.574554,155.557022
1777903115.974753,2.483000,359.881470,155.414810
1777903115.985880,2.465000,360.195892,155.096497
1777903115.997007,2.483000,360.478638,154.772079
1777903116.008135,2.479000,360.657898,154.491226
1777903116.019263,2.502000,360.905396,154.273270
1777903116.030390,2.479000,361.031525,153.833328
1777903116.041518,2.460000,361.129883,153.575897
1777903116.052645,2.469000,361.250397,153.231613
1777903116.063772,2.460000,361.481659,152.688080
1777903116.074901,2.469000,361.652832,152.388626
1777903116.086028,2.479000,361.693573,151.884903
1777903116.097155,2.497000,361.872498,151.379410
1777903116.108282,2.497000,361.825836,150.869370
1777903116.119411,2.497000,361.815826,150.385086
1777903116.130538,2.460000,361.878357,149.565567
1777903116.141665,2.465000,361.724030,149.128677
1777903116.152793,2.493000,361.597534,148.388626
1777903116.163920,2.483000,361.555054,147.486237
1777903116.175047,2.465000,361.343994,146.754944
1777903116.186176,2.465000,361.162933,145.916290
1777903116.197303,2.517000,360.981323,145.154205
1777903116.208430,2.517000,360.594604,144.184677
1777903116.219558,2.474000,360.371674,143.268433
1777903116.230685,2.469000,359.951752,142.233917
1777903116.241812,2.465000,359.579834,141.046219
1777903116.252941,2.483000,359.250336,139.955734
1777903116.264068,2.465000,358.600006,138.908340
1777903116.275195,2.455000,358.165955,137.722931
1777903116.286323,2.451000,357.500000,136.597794
1777903116.297451,2.437000,356.831238,135.341705
1777903116.308578,2.437000,356.268829,134.044357
1777903116.319706,2.437000,355.491150,132.842178
1777903116.330833,2.451000,354.668030,131.536057
1777903116.341960,2.437000,353.902374,130.195251
1777903116.353089,2.451000,353.122192,128.873840
1777903116.364216,2.465000,352.248352,127.596283
1777903116.375343,2.451000,351.537415,126.129250
1777903116.386472,2.465000,350.652588,124.798874
1777903116.397599,2.424000,349.673523,123.274345
1777903116.419855,2.419000,347.865021,120.249313
1777903116.430982,2.460000,347.016937,118.953392
1777903116.442109,2.410000,346.109222,117.236877
1777903116.453238,2.410000,345.090515,115.896553
1777903116.464365,2.455000,344.236877,114.109222
1777903116.475492,2.424000,343.285919,112.405174
1777903116.486621,2.428000,342.394836,110.723892
1777903116.497748,2.428000,341.710815,109.017097
1777903116.508875,2.406000,340.884674,107.300987
1777903116.520004,2.375000,340.023712,105.340309
1777903116.531131,2.346000,339.247223,103.537498
1777903116.542258,2.410000,338.459229,101.745354
1777903116.553386,2.410000,337.606476,100.035240
1777903116.564514,2.367000,336.706848,98.145836
1777903116.575641,2.367000,335.977875,96.171089
1777903116.586769,2.358000,335.353882,94.301025
1777903116.597897,2.346000,334.482147,92.330360
1777903116.609025,2.346000,333.751953,90.327133
1777903116.620152,2.333000,333.051880,88.158806
1777903116.631280,2.317000,332.463318,86.128441
1777903116.642407,2.313000,331.958344,83.962959
1777903116.653535,2.346000,331.285034,81.635513
1777903116.664663,2.321000,330.867615,79.558212
1777903116.675791,2.317000,330.326904,77.354271
1777903116.686918,2.329000,330.090179,75.291466
1777903116.698046,2.329000,329.819366,73.004929
1777903116.709174,2.321000,329.566833,70.683586
1777903116.720301,2.301000,329.402649,68.500000
1777903116.731429,2.325000,329.345123,66.404037
1777903116.742557,2.313000,329.367950,64.096542
1777903116.753684,2.317000,329.409088,62.000000
1777903116.764812,2.329000,329.386597,59.836292
1777903116.775940,2.289000,329.447998,57.590233
1777903116.787067,2.305000,329.797852,55.402149
1777903116.798195,2.317000,329.952698,53.466217
1777903116.809323,2.325000,330.317688,51.331097
1777903116.820450,2.293000,330.810516,49.417809
1777903116.831578,2.289000,331.027771,47.430557
1777903116.842706,2.289000,331.673920,45.463768
1777903116.853833,2.285000,332.019745,43.876545
1777903116.864961,2.289000,332.781158,42.005089
1777903116.876089,2.289000,333.181335,40.197334
1777903116.887216,2.317000,333.903595,38.754822
1777903116.898345,2.317000,334.626007,37.054199
1777903116.909472,2.305000,335.319092,35.455841
1777903116.920599,2.305000,336.060333,34.094826
1777903116.931728,2.325000,336.872467,32.553623
1777903116.942855,2.321000,337.625000,31.108334
1777903116.953982,2.333000,338.552643,29.809942
1777903116.965111,2.325000,339.288696,28.580357
1777903116.976238,2.325000,340.310333,27.508621
1777903116.987365,2.342000,341.208710,26.292835
1777903116.998493,2.289000,342.045441,25.178787
1777903117.009621,2.317000,343.145050,24.000000
1777903117.020749,2.285000,343.981812,23.078789
1777903117.031876,2.317000,344.890961,22.171339
1777903117.043004,2.289000,346.090332,21.548286
1777903117.054132,2.301000,346.821198,20.954546
1777903117.065259,2.329000,347.672668,20.141142
1777903117.076387,2.321000,348.440674,19.610170
1777903117.087515,2.342000,349.472717,19.081818
1777903117.098642,2.329000,350.071655,18.825544
1777903117.109771,2.277000,350.735626,18.405172
1777903117.120898,2.333000,351.446381,18.127537
1777903117.132025,2.354000,351.821198,17.954546
1777903117.143154,2.325000,352.419647,17.830357
1777903117.154281,2.325000,352.612549,17.783476
1777903117.165408,2.337000,352.744049,17.791666
1777903117.176537,2.337000,353.093231,17.694916
1777903117.187664,2.350000,352.982452,17.795322
1777903117.198791,2.342000,353.069061,17.849850
1777903117.209920,2.384000,352.821198,17.954546
1777903117.221047,2.321000,352.869568,18.171015
1777903117.232175,2.333000,352.552643,18.359650
1777903117.243303,2.313000,352.314972,18.792049
1777903117.254430,2.333000,351.836426,19.018518
1777903117.265558,2.358000,351.613708,19.249222
1777903117.276686,2.367000,350.990479,19.860317
1777903117.287813,2.346000,350.584106,20.324160
1777903117.298941,2.342000,350.000000,21.000000
1777903117.310069,2.354000,349.490204,21.712418
1777903117.321197,2.342000,348.898254,22.445614
1777903117.332324,2.325000,348.421570,23.039215
1777903117.343452,2.337000,347.938782,23.877550
1777903117.354579,2.289000,347.250824,24.904291
1777903117.365707,2.301000,346.835083,25.835087
1777903117.376835,2.333000,346.184814,26.993399
1777903117.387962,2.337000,345.741486,27.938776
1777903117.399090,2.301000,345.258514,29.061224
1777903117.410218,2.321000,344.936493,30.346031
1777903117.421345,2.337000,344.077454,31.831650
1777903117.432472,2.321000,343.838196,33.074432
1777903117.443600,2.337000,343.653961,34.384129
1777903117.454728,2.313000,343.211853,35.763241
1777903117.465855,2.325000,342.919006,37.274143
1777903117.476982,2.321000,342.683167,38.844883
1777903117.488111,2.317000,342.434906,40.298412
1777903117.499238,2.301000,342.207947,41.685017
1777903117.510365,2.337000,342.008942,43.255951
1777903117.521494,2.333000,341.973206,44.901787
1777903117.532621,2.317000,341.777771,46.429825
1777903117.543748,2.313000,341.592590,48.353275
1777903117.554877,2.337000,341.508331,49.891666
1777903117.566004,2.333000,341.389343,51.448181
1777903117.577131,2.317000,341.312653,53.144703
1777903117.588259,2.321000,341.000000,55.000000
1777903117.599386,2.333000,340.930664,56.850666
1777903117.610514,2.337000,340.878540,58.542637
1777903117.621642,2.337000,340.857513,60.203564
1777903117.632769,2.337000,340.712891,62.063259
1777903117.643897,2.337000,340.555542,64.013885
1777903117.655025,2.337000,340.404114,65.945206
1777903117.666152,2.342000,340.391510,67.642059
1777903117.677279,2.337000,340.273499,69.480766
1777903117.688408,2.350000,340.310272,71.570229
1777903117.699535,2.333000,340.404755,73.511902
1777903117.710662,2.342000,340.279938,75.546959
1777903117.721791,2.337000,340.139160,77.577316
1777903117.732918,2.354000,340.102051,79.540817
1777903117.744045,2.342000,340.192383,81.635155
1777903117.755174,2.346000,340.180634,83.574715
1777903117.766301,2.346000,340.227203,85.550583
1777903117.777428,2.342000,340.361664,87.485001
1777903117.788556,2.358000,340.354584,89.514709
1777903117.799684,2.371000,340.402649,91.500000
1777903117.810811,2.393000,340.692566,93.500000
1777903117.821939,2.384000,340.856476,95.467590
1777903117.833067,2.384000,340.957947,97.355141
1777903117.844194,2.397000,341.046265,99.259972
1777903117.855322,2.354000,341.225861,101.098129
1777903117.866449,2.380000,341.609344,102.757164
1777903117.877577,2.384000,341.797943,104.570793
1777903117.888704,2.375000,342.104462,106.347160
1777903117.899832,2.354000,342.448669,107.988747
1777903117.910959,2.358000,342.691467,109.654266
1777903117.922087,2.410000,342.961304,111.257439
1777903117.933215,2.358000,343.373871,112.621620
1777903117.944343,2.367000,343.617859,114.262207
1777903117.955470,2.384000,343.944458,115.649467
1777903117.966598,2.428000,344.330750,117.124031
1777903117.977725,2.428000,344.837219,118.591728
1777903117.988853,2.410000,345.078583,119.860580
1777903117.999981,2.419000,345.292664,121.262466
1777903118.011108,2.424000,345.671844,122.534882
1777903118.022236,2.419000,346.144714,123.968994
1777903118.033364,2.424000,346.329346,125.258667
1777903118.044491,2.455000,346.806000,126.515625
1777903118.055619,2.442000,347.129211,127.868217
1777903118.066746,2.428000,347.480927,129.133591
1777903118.077874,2.455000,347.879272,130.354324
1777903118.089001,2.451000,348.321716,131.324295
1777903118.100130,2.474000,348.758972,132.388458
1777903118.111257,2.419000,349.149292,133.406693
1777903118.122384,2.442000,349.711182,134.400757
1777903118.133512,2.410000,350.015106,135.397491
1777903118.144640,2.442000,350.481201,136.161652
1777903118.155767,2.474000,350.823456,136.933334
1777903118.166895,2.437000,351.299622,137.656296
1777903118.178023,2.479000,351.741608,138.434113
1777903118.189150,2.455000,352.190277,139.152237
1777903118.200278,2.455000,352.515961,139.684540
1777903118.211406,2.451000,352.802795,140.370224
1777903118.222533,2.437000,353.303833,140.835892
1777903118.233661,2.424000,353.741608,141.434113
1777903118.244788,2.442000,354.008331,142.052780
1777903118.255916,2.437000,354.256409,142.626175
1777903118.267044,2.479000,354.581635,143.268555
1777903118.278171,2.465000,355.016937,143.953384
1777903118.289299,2.455000,355.230560,144.429169
1777903118.300427,2.460000,355.655792,145.068024
1777903118.311554,2.483000,355.969818,145.785919
1777903118.322682,2.479000,356.161530,146.196762
1777903118.333809,2.474000,356.628479,146.820847
1777903118.344937,2.483000,356.966827,147.251892
1777903118.356064,2.479000,357.151794,147.870529
1777903118.367191,2.474000,357.508942,148.296127
1777903118.378319,2.488000,358.028046,148.702499
1777903118.389446,2.474000,358.203949,149.203964
1777903118.400573,2.502000,358.783569,149.529221
1777903118.411701,2.497000,359.028046,149.702499
1777903118.422829,2.483000,359.371796,149.937500
1777903118.433956,2.502000,359.822113,150.266022
1777903118.445084,2.502000,360.125000,150.461533
1777903118.456211,2.507000,360.392731,150.519806
1777903118.467338,2.469000,360.947113,150.514420
1777903118.478466,2.479000,361.134613,150.557693
1777903118.489593,2.507000,361.520538,150.579636
1777903118.500720,2.493000,361.947113,150.514420
1777903118.511848,2.512000,362.254517,150.628906
1777903118.522975,2.493000,362.450012,150.524994
1777903118.534102,2.488000,362.862732,150.470581
1777903118.545230,2.469000,363.049500,150.529709
1777903118.556357,2.488000,363.450012,150.524994
1777903118.567484,2.479000,363.627960,150.500000
1777903118.578612,2.502000,363.881195,150.420792
1777903118.589740,2.479000,364.183167,150.475250
1777903118.600867,2.493000,364.417938,150.311340
1777903118.611995,2.474000,364.609680,150.208984
1777903118.623122,2.469000,364.671906,150.108200
1777903118.634249,2.460000,364.865631,149.947647
1777903118.645377,2.488000,365.140442,149.815567
1777903118.656504,2.479000,365.288422,149.708115
1777903118.667631,2.517000,365.392548,149.582062
1777903118.678759,2.502000,365.500000,149.500000
1777903118.689886,2.488000,365.630402,149.208984
1777903118.701013,2.483000,365.724792,149.051285
1777903118.712141,2.488000,365.737976,148.684906
1777903118.723268,2.479000,365.936279,148.416672
1777903118.734395,2.493000,365.913269,148.210892
1777903118.745523,2.474000,365.895325,147.665054
1777903118.756650,2.469000,365.925751,147.564362
1777903118.767777,2.502000,365.854370,147.288025
1777903118.778904,2.512000,365.794739,146.697861
1777903118.790032,2.483000,365.895233,146.490479
1777903118.801159,2.502000,365.748047,146.148666
1777903118.812287,2.556000,365.687012,145.665100
1777903118.823415,2.541000,365.580353,145.322922
1777903118.834542,2.469000,365.251892,144.993973
1777903118.845669,2.479000,365.240234,144.522522
1777903118.856797,2.483000,365.026306,144.092102
1777903118.867924,2.451000,364.943970,143.879303
1777903118.879051,2.455000,364.862152,143.188461
1777903118.890179,2.460000,364.772614,142.936447
1777903118.901306,2.469000,364.435333,142.333328
1777903118.912433,2.455000,364.164551,141.907806
1777903118.923561,2.465000,364.072784,141.414841
1777903118.934688,2.497000,363.887939,141.038788
1777903118.945815,2.497000,363.552185,140.410141
1777903118.956943,2.455000,363.505737,139.991379
1777903118.968070,2.455000,363.238098,139.470245
1777903118.979197,2.497000,363.027039,138.810806
1777903118.990325,2.442000,362.766205,138.233780
1777903119.001452,2.451000,362.324493,137.382004
1777903119.012579,2.469000,362.123901,136.823013
1777903119.023708,2.469000,361.785706,135.977676
1777903119.034834,2.497000,361.251495,135.206848
1777903119.045962,2.469000,361.008698,134.139130
1777903119.057090,2.455000,360.330414,133.233917
1777903119.068217,2.451000,360.070923,132.256744
1777903119.079344,2.455000,359.330475,131.384613
1777903119.090472,2.455000,358.979004,130.386551
1777903119.101599,2.437000,358.164551,129.273758
1777903119.112726,2.437000,357.597748,128.142059
1777903119.123854,2.410000,356.953400,127.016953
1777903119.134981,2.424000,356.117340,125.865334
1777903119.146108,2.424000,355.163330,124.613121
1777903119.157236,2.428000,354.351135,123.469467
1777903119.168363,2.442000,353.627960,122.274658
1777903119.179490,2.437000,352.636139,120.803421
1777903119.190618,2.428000,351.770203,119.481064
1777903119.201745,2.442000,350.688263,118.003593
1777903119.212872,2.442000,349.691101,116.645912
1777903119.223999,2.442000,348.646149,115.018112
1777903119.235127,2.437000,347.643463,113.620270
1777903119.246254,2.393000,346.511017,111.952209
1777903119.257381,2.419000,345.263153,110.432327
1777903119.268510,2.406000,344.271698,108.774841
1777903119.279636,2.406000,343.239594,107.128906
1777903119.290763,2.363000,342.121948,105.459351
1777903119.301892,2.350000,340.894012,103.808929
1777903119.313019,2.363000,339.821930,102.094017
1777903119.324146,2.358000,338.727814,100.350800
1777903119.335274,2.354000,337.679779,98.477440
1777903119.346401,2.375000,336.652832,96.685097
1777903119.357528,2.358000,335.611359,94.761902
1777903119.368656,2.346000,334.720184,92.954132
1777903119.379783,2.346000,333.766968,90.962959
1777903119.390910,2.367000,332.806854,89.000000
1777903119.402038,2.321000,332.000000,86.737000
1777903119.413165,2.333000,331.131134,84.802528
1777903119.424292,2.321000,330.328583,82.633492
1777903119.435421,2.337000,329.920563,80.532707
1777903119.446547,2.346000,329.106415,78.646324
1777903119.457675,2.321000,328.712738,76.374809
1777903119.468802,2.325000,328.193146,74.355141
1777903119.479930,2.329000,327.908936,72.115448
1777903119.491057,2.289000,327.409088,69.969696
1777903119.502185,2.313000,327.143341,67.898102
1777903119.513312,2.313000,326.894745,65.645615
1777903119.524439,2.285000,326.816040,63.469944
1777903119.535567,2.265000,326.826965,61.342442
1777903119.546694,2.277000,326.772827,59.398510
1777903119.557821,2.321000,326.873566,57.273945
1777903119.568949,2.289000,327.079559,55.232956
1777903119.580076,2.289000,327.159912,53.394989
1777903119.591203,2.285000,327.605896,51.274403
1777903119.602331,2.289000,327.945984,49.348232
1777903119.613458,2.277000,328.327789,47.438889
1777903119.624585,2.305000,329.000000,45.556820
1777903119.635714,2.301000,329.564545,43.685936
1777903119.646841,2.333000,330.135742,42.135727
1777903119.657968,2.313000,330.737946,40.512524
1777903119.669095,2.301000,331.571136,38.746590
1777903119.680223,2.265000,332.189606,37.331337
1777903119.691350,2.293000,333.113129,36.082829
1777903119.702477,2.293000,333.801544,34.587669
1777903119.713605,2.289000,334.904480,33.343494
1777903119.724732,2.285000,335.817474,32.083332
1777903119.735859,2.293000,336.760529,31.011494
1777903119.746987,2.305000,337.821716,29.988373
1777903119.758115,2.285000,338.760529,29.011494
1777903119.769242,2.305000,339.740509,28.243513
1777903119.780370,2.321000,340.795837,27.518749
1777903119.791497,2.313000,341.797180,26.759037
1777903119.802624,2.313000,342.682831,26.234343
1777903119.813752,2.313000,343.777771,25.621796
1777903119.824879,2.301000,344.569366,25.380953
1777903119.836006,2.305000,345.536133,24.855421
1777903119.847134,2.325000,346.339478,24.629856
1777903119.858261,2.313000,346.755707,24.380953
1777903119.869388,2.313000,347.524109,24.072289
1777903119.880516,2.317000,348.111786,23.810379
1777903119.891643,2.313000,348.599182,23.617586
1777903119.902770,2.301000,348.658600,23.450504
1777903119.913898,2.342000,348.941071,23.500000
1777903119.925025,2.350000,348.969513,23.445122
1777903119.936153,2.333000,348.821808,23.398323
1777903119.947280,2.317000,348.821808,23.398323
1777903119.958408,2.313000,348.755707,23.380953
1777903119.969535,2.333000,348.599182,23.480572
1777903119.980663,2.285000,348.403839,23.525640
1777903119.991790,2.285000,347.968567,23.702307
1777903120.002917,2.285000,347.662354,23.922581
1777903120.014045,2.317000,347.370117,24.474026
1777903120.025172,2.301000,346.818573,24.569620
1777903120.036299,2.301000,346.443726,25.301487
1777903120.047427,2.301000,345.818573,25.569620
1777903120.058554,2.305000,345.507324,26.373165
1777903120.069681,2.333000,345.019104,26.628450
1777903120.080809,2.317000,344.443726,27.403397
1777903120.091937,2.325000,344.118896,28.087049
1777903120.103064,2.321000,343.288879,28.788889
1777903120.114191,2.313000,342.956696,29.558441
1777903120.125319,2.321000,342.235565,30.553333
1777903120.136446,2.354000,341.939178,31.479731
1777903120.147573,2.313000,341.299561,32.400902
1777903120.158701,2.337000,340.735626,33.464367
1777903120.169828,2.321000,340.193481,34.543125
1777903120.180955,2.342000,340.004730,35.593380
1777903120.192083,2.321000,339.312347,36.841492
1777903120.203210,2.313000,338.975067,38.079365
1777903120.214337,2.317000,338.666656,39.347321
1777903120.225465,2.337000,338.215424,40.825397
1777903120.236592,2.346000,338.000000,42.000000
1777903120.247720,2.313000,337.648590,43.648579
1777903120.258847,2.321000,337.442017,45.043480
1777903120.269975,2.333000,337.067169,46.507462
1777903120.281101,2.346000,336.869568,48.028984
1777903120.292230,2.329000,336.619751,49.861729
1777903120.303357,2.313000,336.550842,51.260048
1777903120.314484,2.337000,336.422974,52.871265
1777903120.325612,2.329000,336.312653,54.829884
1777903120.336739,2.337000,336.311096,56.413334
1777903120.347866,2.346000,336.212952,58.162037
1777903120.358994,2.358000,336.182648,59.958904
1777903120.370121,2.337000,336.121613,61.972973
1777903120.381248,2.337000,335.969879,63.778496
1777903120.392376,2.337000,335.939209,65.714882
1777903120.403504,2.342000,336.035309,67.800003
1777903120.414631,2.346000,336.062500,69.840912
1777903120.425759,2.333000,336.000000,72.000000
1777903120.436886,2.333000,336.000000,74.000000
1777903120.448013,2.333000,336.081635,76.061226
1777903120.459141,2.317000,336.149078,78.298157
1777903120.470268,2.321000,336.202606,80.431374
1777903120.481395,2.317000,336.302734,82.582932
1777903120.492524,2.329000,336.597351,84.500000
1777903120.503651,2.346000,336.833344,86.533333
1777903120.514778,2.342000,336.957947,88.644859
1777903120.525906,2.337000,337.174469,90.878502
1777903120.537033,2.354000,337.454132,93.009171
1777903120.548160,2.397000,337.906494,95.156860
1777903120.559287,2.325000,338.083344,97.188271
1777903120.570415,2.367000,338.679779,99.155746
1777903120.581543,2.354000,339.027039,101.117119
1777903120.592670,2.380000,339.575623,102.949577
1777903120.603798,2.380000,340.026215,104.783112
1777903120.614925,2.354000,340.543488,106.530434
1777903120.626052,2.393000,341.324554,108.482452
1777903120.637180,2.380000,341.773804,110.123512
1777903120.648307,2.406000,342.443970,111.573273
1777903120.659435,2.384000,342.931030,113.158043
1777903120.670563,2.375000,343.599426,114.706726
1777903120.681690,2.460000,344.180847,116.333336
1777903120.692817,2.424000,344.935486,117.692207
1777903120.703945,2.424000,345.477539,119.272110
1777903120.715072,2.451000,346.067993,120.575996
1777903120.726199,2.424000,346.812073,121.910835
1777903120.737328,2.419000,347.281342,123.258667
1777903120.748455,2.424000,347.980011,124.519997
1777903120.759582,2.465000,348.544495,125.711823
1777903120.770710,2.455000,349.167999,127.197090
1777903120.781837,2.428000,349.758972,128.388458
1777903120.792964,2.397000,350.177948,129.564407
1777903120.804092,2.437000,350.855652,130.700790
1777903120.815219,2.442000,351.419220,132.073074
1777903120.826347,2.410000,351.758972,133.388458
1777903120.837475,2.393000,352.410461,134.410446
1777903120.848602,2.460000,352.710938,135.559662
1777903120.859729,2.406000,353.324768,136.551468
1777903120.870857,2.437000,353.693939,137.604706
1777903120.881984,2.442000,354.279022,138.533340
1777903120.893111,2.483000,354.666656,139.640839
1777903120.904239,2.437000,355.171051,140.635452
1777903120.915367,2.455000,355.645111,141.580475
1777903120.926494,2.479000,356.143219,142.527344
1777903120.937622,2.465000,356.565887,143.387604
1777903120.948749,2.460000,357.188568,144.200531
1777903120.959876,2.479000,357.655792,145.068024
1777903120.971004,2.483000,358.060364,145.706451
1777903120.982131,2.479000,358.483002,146.468033
1777903120.993258,2.469000,359.018280,147.125183
1777903121.004386,2.507000,359.416321,147.749649
1777903121.015514,2.469000,359.954987,148.196899
1777903121.026641,2.479000,360.479004,148.953781
1777903121.037768,2.465000,360.914490,149.371017
1777903121.048896,2.479000,361.465515,149.905167
1777903121.060024,2.502000,361.972473,150.454132
1777903121.071151,2.483000,362.508942,150.715775
1777903121.082279,2.455000,362.990662,151.051407
1777903121.093406,2.512000,363.356262,151.585541
1777903121.104533,2.488000,364.000000,151.906250
1777903121.115661,2.451000,364.472534,152.049454
1777903121.126788,2.479000,364.816040,152.162109
1777903121.137916,2.488000,365.190216,152.451080
1777903121.149044,2.479000,365.573669,152.500000
1777903121.160171,2.483000,365.989258,152.586029
1777903121.171298,2.483000,366.228943,152.554947
1777903121.182426,2.497000,366.536072,152.577316
1777903121.193553,2.479000,366.843750,152.500000
1777903121.204680,2.479000,367.085114,152.393616
1777903121.215808,2.546000,367.348877,152.312607
1777903121.226936,2.488000,367.726624,152.340393
1777903121.238063,2.455000,367.934357,152.220535
1777903121.249191,2.479000,368.201019,152.111679
1777903121.260318,2.479000,368.500000,152.000000
1777903121.271445,2.479000,368.698090,151.938919
1777903121.282573,2.493000,369.000000,151.906250
1777903121.293700,2.521000,369.273376,151.890656
1777903121.304828,2.483000,369.472534,151.950546
1777903121.315956,2.483000,369.843048,151.880066
1777903121.327083,2.469000,369.991272,151.834213
1777903121.338210,2.483000,370.360077,151.852051
1777903121.349338,2.479000,370.500000,151.899994
1777903121.360465,2.497000,370.695801,151.826965
1777903121.371592,2.488000,370.978271,151.748184
1777903121.382720,2.493000,371.107513,151.553757
1777903121.393847,2.488000,371.237305,151.500000
1777903121.404975,2.493000,371.417114,151.275040
1777903121.416103,2.493000,371.556183,151.123596
1777903121.427230,2.541000,371.716400,151.103134
1777903121.438357,2.517000,371.900177,150.900177
1777903121.449484,2.502000,371.945068,150.794876
1777903121.460612,2.497000,372.123596,150.689133
1777903121.471739,2.479000,372.220367,150.500000
1777903121.482866,2.488000,372.282196,150.285980
1777903121.493994,2.493000,372.387634,150.022476
1777903121.505121,2.483000,372.414764,149.971588
1777903121.516248,2.488000,372.443817,149.876404
1777903121.527376,2.483000,372.299255,149.696976
1777903121.538504,2.493000,372.279022,149.342697
1777903121.549631,2.465000,372.416656,149.072220
1777903121.560759,2.479000,372.387634,149.022476
1777903121.571886,2.465000,372.387634,149.022476
1777903121.583013,2.469000,372.245331,148.666672
1777903121.594141,2.479000,372.181305,148.395599
1777903121.605268,2.488000,371.990906,148.063751
1777903121.616395,2.483000,372.014404,147.850449
1777903121.627523,2.502000,371.726624,147.340393
1777903121.638650,2.507000,371.500000,147.000000
1777903121.649777,2.497000,371.356262,146.585541
1777903121.660906,2.474000,371.183411,145.864197
1777903121.672032,2.474000,370.874786,145.213409
1777903121.683160,2.483000,370.721924,144.447327
1777903121.694288,2.474000,370.434235,143.776581
1777903121.705415,2.483000,370.056702,143.020615
1777903121.727670,2.488000,369.361115,141.067703
1777903121.738797,2.469000,368.797668,140.285248
1777903121.749924,2.442000,368.473419,139.101059
1777903121.761052,2.460000,368.056122,138.188782
1777903121.772179,2.460000,367.551025,137.141159
1777903121.783306,2.428000,367.045929,136.079926
1777903121.794434,2.451000,366.510101,134.789566
1777903121.805562,2.451000,365.897949,133.683670
1777903121.816689,2.479000,365.322968,132.651123
1777903121.827817,2.442000,364.588959,131.506042
1777903121.838944,2.437000,363.934998,130.404999
1777903121.850071,2.451000,363.290863,129.093140
1777903121.861199,2.460000,362.371796,127.956734
1777903121.872326,2.442000,361.480591,126.786407
1777903121.883453,2.424000,360.627655,125.554474
1777903121.894580,2.455000,359.708527,124.249611
1777903121.905708,2.442000,358.822998,123.123894
1777903121.916836,2.428000,357.922424,121.943962
1777903121.927962,2.428000,356.980011,120.568001
1777903121.939090,2.437000,356.016144,119.362900
1777903121.950217,2.437000,355.045685,117.963707
1777903121.961345,2.451000,354.015869,116.452377
1777903121.972473,2.424000,353.079193,115.117500
1777903121.983600,2.465000,351.940948,113.566933
1777903121.994727,2.419000,351.060852,112.067459
1777903122.005855,2.455000,350.015869,110.452377
1777903122.016982,2.406000,349.081696,108.815544
1777903122.028109,2.397000,348.025421,107.163841
1777903122.039237,2.406000,347.070312,105.593529
1777903122.050364,2.371000,345.893799,103.859879
1777903122.061491,2.393000,344.816345,102.040123
1777903122.072619,2.384000,343.945007,100.345001
1777903122.083747,2.358000,342.787872,98.479797
1777903122.094874,2.363000,341.595123,96.762650
1777903122.106002,2.354000,340.584656,94.886559
1777903122.117129,2.363000,339.457458,92.790779
1777903122.128256,2.342000,338.265594,90.894829
1777903122.139384,2.337000,337.067719,88.921875
1777903122.150511,2.321000,335.899200,86.769104
1777903122.161638,2.329000,334.738220,84.588615
1777903122.172766,2.325000,333.540802,82.535713
1777903122.183893,2.317000,332.723572,80.240654
1777903122.195020,2.317000,331.769714,78.219002
1777903122.206148,2.305000,330.789307,75.856651
1777903122.217276,2.293000,329.890015,73.580002
1777903122.228403,2.313000,329.164062,71.177895
1777903122.239531,2.289000,328.500000,69.000000
1777903122.250658,2.301000,327.739044,66.704765
1777903122.261785,2.293000,327.281586,64.362320
1777903122.272913,2.305000,326.752075,62.204166
1777903122.284040,2.273000,326.512665,59.860760
1777903122.295167,2.305000,326.218628,57.474026
1777903122.306295,2.265000,325.896118,55.474026
1777903122.317422,2.273000,325.623383,53.290043
1777903122.328549,2.265000,325.595886,51.054794
1777903122.339677,2.273000,325.711273,49.014084
1777903122.350805,2.249000,325.752991,47.105515
1777903122.361932,2.273000,325.883087,44.985073
1777903122.373059,2.305000,326.243958,42.985508
1777903122.384187,2.253000,326.438599,41.155388
1777903122.395314,2.285000,326.693817,39.293827
1777903122.406441,2.249000,327.186859,37.568180
1777903122.417570,2.301000,327.595581,35.948528
1777903122.428697,2.277000,328.176605,34.248756
1777903122.439824,2.261000,328.529419,32.867645
1777903122.450952,2.301000,329.305176,31.084507
1777903122.462079,2.301000,329.826080,29.772947
1777903122.473206,2.227000,330.752441,28.414215
1777903122.484334,2.289000,331.363434,27.041666
1777903122.495462,2.285000,332.227692,26.021128
1777903122.506589,2.293000,332.852600,25.052155
1777903122.517717,2.285000,333.643036,23.969267
1777903122.528844,2.238000,334.367340,23.024942
1777903122.539971,2.242000,335.372406,22.197701
1777903122.551099,2.273000,336.128723,21.577011
1777903122.562227,2.289000,336.850586,20.866667
1777903122.573354,2.285000,337.487518,20.362812
1777903122.584482,2.301000,338.252258,19.738739
1777903122.595609,2.305000,339.040527,19.445946
1777903122.606736,2.305000,339.739502,19.214128
1777903122.617865,2.305000,340.551941,18.729437
1777903122.628992,2.301000,341.026306,18.552631
1777903122.640119,2.321000,341.862854,18.500000
1777903122.651247,2.305000,342.370117,18.474026
1777903122.662374,2.305000,342.721893,18.468302
1777903122.673501,2.285000,343.316559,18.576519
1777903122.684629,2.317000,343.617584,18.498978
1777903122.695757,2.313000,343.748962,18.654322
1777903122.706884,2.293000,343.904205,18.888224
1777903122.718012,2.273000,343.866669,19.052940
1777903122.729139,2.285000,343.803223,19.269075
1777903122.740266,2.293000,343.722229,19.517857
1777903122.751394,2.313000,343.553619,19.658869
1777903122.762522,2.305000,343.257751,19.988373
1777903122.773649,2.305000,342.658600,20.450504
1777903122.784776,2.325000,342.402008,20.646465
1777903122.795904,2.301000,341.793640,21.107143
1777903122.807031,2.293000,341.451233,21.512196
1777903122.818158,2.301000,340.810089,22.000000
1777903122.829286,2.301000,340.275360,22.625259
1777903122.840414,2.293000,339.560883,23.219561
1777903122.851541,2.325000,338.854889,23.841177
1777903122.862669,2.321000,338.209656,24.645702
1777903122.873796,2.301000,337.404755,25.394842
1777903122.884923,2.305000,336.682831,26.222221
1777903122.896051,2.301000,335.957581,27.204041
1777903122.907179,2.293000,335.149506,28.191919
1777903122.918306,2.289000,334.211578,29.189621
1777903122.929434,2.277000,333.561615,30.400000
1777903122.940561,2.285000,332.709991,31.670433
1777903122.951688,2.293000,332.047913,33.093811
1777903122.962816,2.277000,331.109161,34.376217
1777903122.973944,2.277000,330.506836,35.914230
1777903122.985071,2.325000,329.792389,37.529522
1777903122.996199,2.273000,329.191925,39.149494
1777903123.007326,2.301000,328.662933,40.696461
1777903123.018453,2.277000,328.085236,42.460228
1777903123.029582,2.305000,327.727448,44.316757
1777903123.040709,2.293000,327.297943,46.188084
1777903123.051836,2.313000,326.809784,48.040138
1777903123.062964,2.329000,326.539215,50.029411
1777903123.074091,2.301000,326.303192,51.871021
1777903123.085218,2.293000,326.086365,53.820381
1777903123.096346,2.333000,325.754547,55.822556
1777903123.107474,2.313000,325.561218,57.857143
1777903123.118601,2.293000,325.376068,59.781197
1777903123.129729,2.325000,325.213348,61.793335
1777903123.140856,2.313000,325.025513,63.758503
1777903123.151983,2.317000,324.990112,65.618813
1777903123.163111,2.313000,324.979797,67.740738
1777903123.174238,2.325000,324.874786,69.720322
1777903123.185366,2.321000,324.888367,71.929245
1777903123.196494,2.329000,324.903259,73.933037
1777903123.207621,2.325000,324.934784,76.186958
1777903123.218748,2.325000,325.015228,78.172890
1777903123.229876,2.317000,325.076202,80.393196
1777903123.241004,2.337000,325.121338,82.558113
1777903123.252131,2.329000,325.434235,84.565773
1777903123.263258,2.342000,325.527130,86.581398
1777903123.274386,2.321000,325.933319,88.537041
1777903123.285513,2.354000,326.357605,90.434227
1777903123.296640,2.321000,326.619415,92.326950
1777903123.307769,2.321000,327.158661,94.068001
1777903123.318896,2.367000,327.524170,95.887581
1777903123.330023,2.342000,327.814972,97.740135
1777903123.341151,2.363000,328.455292,99.415993
1777903123.352278,2.354000,328.806244,101.036583
1777903123.363405,2.410000,329.405457,102.797279
1777903123.374533,2.350000,329.773041,104.324821
1777903123.385661,2.354000,330.512512,106.054169
1777903123.396788,2.358000,330.847565,107.558403
1777903123.407916,2.419000,331.560791,109.233192
1777903123.419043,2.358000,332.152130,110.673584
1777903123.430170,2.375000,332.581573,112.286522
1777903123.441298,2.419000,333.104828,113.508064
1777903123.452425,2.419000,333.627197,114.931976
1777903123.463552,2.419000,334.271179,116.308205
1777903123.474681,2.442000,334.820312,117.639320
1777903123.485808,2.406000,335.253174,118.912216
1777903123.496935,2.424000,335.867676,120.306618
1777903123.508063,2.410000,336.194122,121.270752
1777903123.519190,2.428000,336.781097,122.584579
1777903123.530317,2.410000,337.394928,123.756035
1777903123.541445,2.393000,337.959717,124.759460
1777903123.552572,2.437000,338.585999,125.833923
1777903123.563700,2.380000,338.983337,126.885712
1777903123.574828,2.424000,339.637543,127.881119
1777903123.585955,2.469000,340.217499,128.693848
1777903123.597082,2.424000,340.612305,129.489136
1777903123.608210,2.437000,341.308868,130.242432
1777903123.619337,2.442000,341.738770,130.978729
1777903123.630465,2.451000,342.437805,131.604462
1777903123.641593,2.424000,342.905609,132.115387
1777903123.652720,2.455000,343.496490,132.657272
1777903123.663847,2.455000,343.926575,133.115387
1777903123.674974,2.455000,344.521118,133.724182
1777903123.686102,2.488000,344.868042,134.156250
1777903123.697229,2.451000,345.413757,134.673660
1777903123.708356,2.465000,345.881134,135.202805
1777903123.719485,2.455000,346.379639,135.745377
1777903123.730612,2.497000,346.674805,136.361206
1777903123.741739,2.455000,347.070526,136.775879
1777903123.752867,2.442000,347.377930,137.475357
1777903123.763994,2.465000,347.866425,138.006851
1777903123.775121,2.483000,348.228424,138.503494
1777903123.786249,2.479000,348.560699,139.261902
1777903123.797376,2.455000,348.895111,139.819351
1777903123.808504,2.451000,349.315491,140.492859
1777903123.819632,2.442000,349.678741,141.086960
1777903123.830759,2.442000,349.946808,141.678482
1777903123.841886,2.442000,350.238953,142.313019
1777903123.853014,2.460000,350.654449,142.771667
1777903123.864141,2.465000,351.138367,143.393707
1777903123.875268,2.465000,351.561523,143.932053
1777903123.886397,2.465000,351.835876,144.458008
1777903123.897524,2.469000,352.425201,144.972443
1777903123.908651,2.479000,352.634277,145.241562
1777903123.919779,2.460000,353.227325,145.817291
1777903123.930906,2.451000,353.582611,146.240585
1777903123.942034,2.465000,353.950439,146.522522
1777903123.953161,2.455000,354.491394,146.905167
1777903123.964288,2.479000,354.918121,147.140350
1777903123.975416,2.465000,355.356415,147.518036
1777903123.986544,2.465000,355.804688,147.723938
1777903123.997671,2.460000,356.143707,148.034073
1777903124.008798,2.451000,356.592926,148.261063
1777903124.019926,2.474000,356.972961,148.454956
1777903124.031054,2.465000,357.500000,148.626495
1777903124.042181,2.479000,357.865753,148.815994
1777903124.053308,2.465000,358.267853,149.044647
1777903124.064436,2.460000,358.571442,149.214279
1777903124.075563,2.483000,358.941956,149.336304
1777903124.086691,2.479000,359.212799,149.410721
1777903124.097818,2.469000,359.561340,149.451660
1777903124.108945,2.451000,359.834808,149.500000
1777903124.120073,2.474000,359.973450,149.544250
1777903124.131201,2.460000,360.264008,149.551620
1777903124.142328,2.479000,360.495667,149.647827
1777903124.153455,2.493000,360.807465,149.666672
1777903124.164583,2.541000,360.965210,149.646378
1777903124.175710,2.479000,361.185516,149.615936
1777903124.186837,2.469000,361.314240,149.754776
1777903124.197966,2.479000,361.457642,149.788132
1777903124.209093,2.483000,361.708710,149.808701
1777903124.220220,2.483000,361.831879,149.711594
1777903124.231348,2.474000,362.039825,149.715332
1777903124.242475,2.469000,362.226074,149.865219
1777903124.253602,2.483000,362.435333,149.935349
1777903124.264730,2.479000,362.551270,149.982910
1777903124.275857,2.465000,362.601685,150.000000
1777903124.286985,2.479000,362.805542,150.026321
1777903124.298113,2.502000,362.894806,150.180740
1777903124.309240,2.483000,363.168823,150.187408
1777903124.320367,2.479000,363.362061,150.120697
1777903124.331495,2.488000,363.395660,150.199997
1777903124.342622,2.488000,363.443481,150.265213
1777903124.353749,2.493000,363.538147,150.156784
1777903124.364877,2.497000,363.637177,150.163712
1777903124.376005,2.493000,363.656525,150.147827
1777903124.387132,2.483000,363.717957,150.081192
1777903124.398260,2.488000,363.752167,150.026093
1777903124.409387,2.483000,363.653839,150.008545
1777903124.420514,2.502000,363.651276,149.915970
1777903124.431642,2.521000,363.747467,149.698410
1777903124.442769,2.483000,363.733643,149.500000
1777903124.453896,2.507000,363.456360,149.346207
1777903124.465024,2.474000,363.448730,149.017090
1777903124.476152,2.483000,363.275665,148.815750
1777903124.487278,2.483000,363.055084,148.495651
1777903124.498407,2.502000,362.929077,148.151779
1777903124.509534,2.483000,362.632477,147.773499
1777903124.520661,2.474000,362.466400,147.408966
1777903124.531789,2.465000,362.269165,146.909348
1777903124.542916,2.469000,361.890320,146.450150
1777903124.554043,2.479000,361.579834,145.953781
1777903124.565171,2.479000,361.298462,145.347275
1777903124.576298,2.479000,360.916656,144.669586
1777903124.587425,2.465000,360.558289,144.052124
1777903124.598553,2.460000,359.995941,143.294037
1777903124.609681,2.460000,359.563507,142.432541
1777903124.620808,2.442000,359.094299,141.837982
1777903124.631935,2.460000,358.471985,140.972000
1777903124.643063,2.442000,357.723358,140.031036
1777903124.654190,2.451000,357.138123,139.150070
1777903124.665317,2.455000,356.406677,138.248398
1777903124.676445,2.437000,355.564423,137.177948
1777903124.687572,2.460000,354.630066,136.116333
1777903124.698700,2.437000,353.727753,135.118195
1777903124.709828,2.455000,352.866669,134.073196
1777903124.720955,2.442000,352.003876,132.846252
1777903124.732082,2.451000,351.123260,131.640259
1777903124.743210,2.437000,350.211670,130.389099
1777903124.754337,2.437000,349.386719,129.035156
1777903124.765464,2.437000,348.461548,127.785896
1777903124.776592,2.428000,347.608978,126.453850
1777903124.787719,2.442000,346.685883,125.031548
1777903124.798847,2.424000,345.745331,123.627998
1777903124.809975,2.424000,344.990143,122.129395
1777903124.821102,2.437000,344.157135,120.803230
1777903124.832229,2.410000,343.236877,119.109222
1777903124.854484,2.384000,341.767548,116.008774
1777903124.865611,2.350000,341.050079,114.387695
1777903124.876739,2.371000,340.263306,112.832573
1777903124.887866,2.375000,339.568634,111.241325
1777903124.898993,2.346000,338.696136,109.420158
1777903124.910122,2.354000,338.210114,107.887833
1777903124.921249,2.346000,337.524017,106.201553
1777903124.932376,2.367000,336.701660,104.421616
1777903124.943504,2.342000,336.055817,102.763954
1777903124.954631,2.337000,335.174377,101.041664
1777903124.965758,2.337000,334.572723,99.345451
1777903124.976886,2.346000,333.725403,97.472832
1777903124.988014,2.329000,332.981659,95.555046
1777903124.999140,2.321000,332.133026,93.880417
1777903125.010267,2.321000,331.358398,92.176994
1777903125.021396,2.321000,330.545044,90.250748
1777903125.032523,2.337000,329.738983,88.238991
1777903125.043650,2.329000,328.899078,86.444954
1777903125.054778,2.321000,328.000000,84.500000
1777903125.065905,2.313000,327.100922,82.444954
1777903125.077032,2.293000,326.451660,80.334778
1777903125.088160,2.325000,325.756470,78.343987
1777903125.099287,2.317000,324.954620,76.320816
1777903125.110415,2.317000,324.271332,74.106979
1777903125.121542,2.301000,323.827515,72.058044
1777903125.132670,2.301000,323.219421,69.911224
1777903125.143797,2.305000,322.882568,67.856651
1777903125.154925,2.301000,322.254608,65.737015
1777903125.166052,2.313000,321.990112,63.618813
1777903125.177179,2.289000,321.784821,61.686066
1777903125.188307,2.293000,321.383667,59.706596
1777903125.199434,2.293000,321.114990,57.695000
1777903125.210561,2.293000,321.035004,55.634998
1777903125.221689,2.293000,320.917084,53.807629
1777903125.232817,2.289000,320.688110,52.009899
1777903125.243944,2.313000,320.791260,49.979797
1777903125.255072,2.265000,320.902283,48.123909
1777903125.266199,2.261000,320.839630,46.279278
1777903125.277326,2.289000,320.925049,44.566074
1777903125.288454,2.273000,320.996063,42.731754
1777903125.299581,2.285000,321.150085,41.335281
1777903125.310708,2.289000,321.527771,39.505554
1777903125.321836,2.261000,321.856598,37.992550
1777903125.332963,2.277000,322.050568,36.516853
1777903125.344090,2.246000,322.370789,35.117977
1777903125.355219,2.230000,322.716400,33.666668
1777903125.366346,2.253000,323.096344,32.319847
1777903125.377473,2.277000,323.619598,31.065914
1777903125.388601,2.285000,324.011230,29.765917
1777903125.399728,2.261000,324.543945,28.527473
1777903125.410855,2.249000,324.922638,27.528545
1777903125.421983,2.285000,325.522217,26.388889
1777903125.433110,2.249000,326.147278,25.482557
1777903125.444237,2.223000,326.581512,24.461956
1777903125.455364,2.277000,327.362640,23.565933
1777903125.466493,2.261000,327.735199,22.972221
1777903125.477620,2.230000,328.587402,22.154955
1777903125.488747,2.273000,329.167542,21.643740
1777903125.499875,2.273000,329.760071,21.021978
1777903125.511002,2.273000,330.515778,20.552631
1777903125.522129,2.230000,331.117432,20.143351
1777903125.533257,2.261000,331.657928,19.835951
1777903125.544384,2.265000,332.296661,19.726667
1777903125.555511,2.261000,332.891083,19.509901
1777903125.566639,2.249000,333.224457,19.333334
1777903125.577767,2.273000,333.921570,19.460785
1777903125.588894,2.261000,334.185547,19.371099
1777903125.600022,2.285000,334.703156,19.479271
1777903125.611149,2.249000,335.019226,19.548077
1777903125.622276,2.230000,335.229889,19.683086
1777903125.633404,2.246000,335.436279,19.839869
1777903125.644531,2.277000,335.585846,20.035353
1777903125.655658,2.249000,335.743103,20.230894
1777903125.666786,2.301000,335.816254,20.469919
1777903125.677914,2.246000,335.760895,20.938917
1777903125.689040,2.249000,335.585846,21.035353
1777903125.700169,2.246000,335.355225,21.616161
1777903125.711296,2.230000,335.249146,21.963917
1777903125.722423,2.265000,335.020416,22.306122
1777903125.733551,2.261000,334.639923,22.948307
1777903125.744678,2.261000,334.167511,23.320066
1777903125.755805,2.285000,333.760895,23.938917
1777903125.766933,2.253000,333.379242,24.566326
1777903125.778060,2.293000,332.821045,25.089474
1777903125.789187,2.337000,332.156952,25.982363
1777903125.800315,2.301000,331.633148,26.691359
1777903125.811443,2.273000,330.954071,27.382652
1777903125.822570,2.285000,330.463776,28.235508
1777903125.833698,2.301000,329.603607,29.171171
1777903125.844825,2.301000,328.838959,30.084270
1777903125.855952,2.285000,328.379639,31.168518
1777903125.867080,2.293000,327.527466,32.335163
1777903125.878207,2.277000,326.807404,33.461113
1777903125.889334,2.285000,326.110504,34.661320
1777903125.900461,2.293000,325.506439,36.086555
1777903125.911589,2.293000,324.684692,37.412613
1777903125.922717,2.305000,324.196411,38.695496
1777903125.933844,2.305000,323.595123,40.389179
1777903125.944972,2.305000,322.951874,41.661320
1777903125.956099,2.285000,322.483856,43.446236
1777903125.967226,2.293000,321.759735,45.038918
1777903125.978354,2.305000,321.351410,46.779968
1777903125.989481,2.317000,320.711334,48.500797
1777903126.000608,2.317000,320.447083,50.112164
1777903126.011736,2.325000,320.083344,51.935001
1777903126.022863,2.289000,319.534668,53.731022
1777903126.033990,2.293000,319.219543,55.451923
1777903126.045119,2.305000,318.829071,57.198292
1777903126.056246,2.293000,318.475494,59.093136
1777903126.067373,2.305000,318.233154,61.141216
1777903126.078501,2.301000,317.791260,62.979797
1777903126.089628,2.317000,317.549011,64.970589
1777903126.100755,2.317000,317.362732,66.990196
1777903126.111883,2.317000,317.055542,69.065079
1777903126.123010,2.305000,316.901123,71.236046
1777903126.134137,2.325000,316.841949,73.264473
1777903126.145265,2.321000,316.656250,75.406250
1777903126.156393,2.325000,316.522308,77.531250
1777903126.167520,2.313000,316.522369,79.672440
1777903126.178648,2.325000,316.542725,81.863251
1777903126.189775,2.329000,316.587708,84.217834
1777903126.200902,2.321000,316.721497,86.291489
1777903126.212030,2.337000,316.953217,88.555557
1777903126.223157,2.337000,317.074219,90.869751
1777903126.234284,2.337000,317.398895,92.963737
1777903126.245412,2.333000,317.655212,95.353363
1777903126.256539,2.342000,317.832611,97.473068
1777903126.267667,2.358000,318.267517,99.816879
1777903126.278795,2.342000,318.640472,102.184860
1777903126.289922,2.342000,319.064667,104.214081
1777903126.301049,2.350000,319.589325,106.419128
1777903126.312177,2.346000,320.194550,108.748299
1777903126.323304,2.406000,320.663879,110.963737
1777903126.334431,2.406000,321.283600,113.072578
1777903126.345558,2.393000,322.022949,115.288795
1777903126.356686,2.406000,322.765228,117.300911
1777903126.367813,2.371000,323.398438,119.217445
1777903126.378940,2.358000,324.225708,121.321526
1777903126.390068,2.410000,325.139099,123.266403
1777903126.401195,2.455000,326.022949,125.184883
1777903126.412322,2.424000,326.933319,127.152779
1777903126.423450,2.424000,327.703094,128.784073
1777903126.434577,2.455000,328.436890,130.835464
1777903126.445704,2.469000,329.381775,132.589737
1777903126.456832,2.465000,330.255737,134.469833
1777903126.467959,2.460000,331.152344,136.184006
1777903126.479086,2.469000,332.026794,138.049103
1777903126.501341,2.469000,334.074738,141.298950
1777903126.512468,2.474000,334.929810,143.039474
1777903126.523596,2.469000,335.840240,144.588333
1777903126.534723,2.474000,336.861603,146.017853
1777903126.545850,2.469000,337.679810,147.478073
1777903126.556978,2.488000,338.690155,148.829666
1777903126.568105,2.460000,339.653900,150.164536
1777903126.579232,2.497000,340.545044,151.423416
1777903126.590359,2.469000,341.508942,152.616074
1777903126.601486,2.546000,342.394470,153.649200
1777903126.612613,2.469000,343.394470,154.649200
1777903126.623741,2.493000,344.282837,155.582977
1777903126.634868,2.474000,345.137695,156.456528
1777903126.634868,2.474000,345.137695,156.456528
1777903126.657123,2.493000,346.702545,157.720474
1777903126.668250,2.479000,347.697113,158.403351
1777903126.679377,2.474000,348.412048,158.939819
1777903126.690505,2.483000,349.050446,159.522934
1777903126.701632,2.465000,349.821716,160.187592
1777903126.712759,2.479000,350.561340,160.548340
1777903126.723887,2.488000,351.377197,161.096497
1777903126.735014,2.479000,352.027039,161.454956
1777903126.746141,2.488000,352.650940,161.675247
1777903126.757269,2.474000,353.233185,162.276108
1777903126.768396,2.479000,353.767853,162.482147
1777903126.779523,2.483000,354.486969,162.672470
1777903126.790650,2.497000,355.112579,163.039474
1777903126.801778,2.479000,355.698212,163.113861
1777903126.812905,2.479000,356.334717,163.233200
1777903126.824032,2.488000,356.727905,163.292511
1777903126.835160,2.502000,357.433472,163.266113
1777903126.846287,2.512000,357.740295,163.231598
1777903126.857414,2.488000,358.376984,163.051590
1777903126.868541,2.512000,358.717010,163.157822
1777903126.879668,2.512000,359.063934,162.948303
1777903126.890795,2.502000,359.331970,162.842178
1777903126.901923,2.479000,359.616882,162.748276
1777903126.913050,2.474000,359.798096,162.491867
1777903126.924177,2.479000,360.163910,162.294769
1777903126.935305,2.479000,360.285309,161.984909
1777903126.946432,2.483000,360.398895,161.875870
1777903126.957559,2.479000,360.457275,161.716522
1777903126.968687,2.479000,360.521729,161.543472
1777903126.979814,2.488000,360.622040,161.178528
1777903126.990941,2.483000,360.601105,161.124130
1777903127.002069,2.479000,360.596924,160.969315
1777903127.013196,2.483000,360.517242,160.627869
1777903127.024323,2.479000,360.552185,160.478256
1777903127.035451,2.483000,360.638062,160.230331
1777903127.046578,2.488000,360.652588,160.133621
1777903127.057705,2.483000,360.538452,159.763535
1777903127.068833,2.469000,360.504272,159.643875
1777903127.079960,2.479000,360.508942,159.410721
1777903127.091087,2.479000,360.580872,159.171585
1777903127.102215,2.483000,360.379120,158.864090
1777903127.113342,2.483000,360.469299,158.565796
1777903127.124469,2.474000,360.477875,158.455750
1777903127.135597,2.465000,360.303833,158.225662
1777903127.146723,2.469000,360.306152,157.928467
1777903127.157850,2.469000,360.368408,157.726608
1777903127.168978,2.479000,360.373901,157.465210
1777903127.180105,2.479000,360.190491,157.293152
1777903127.191232,2.460000,360.183899,157.103455
1777903127.202360,2.483000,360.127869,156.918106
1777903127.213487,2.460000,360.197052,156.761475
1777903127.224614,2.483000,360.206696,156.425034
1777903127.235741,2.479000,360.105194,156.405930
1777903127.246869,2.469000,360.000000,156.283188
1777903127.257996,2.479000,359.991150,156.185837
1777903127.269123,2.483000,360.008759,156.048248
1777903127.280251,2.479000,360.179840,155.931778
1777903127.291378,2.465000,360.116150,155.815994
1777903127.302505,2.469000,360.116150,155.815994
1777903127.313632,2.455000,360.141998,155.768311
1777903127.324759,2.483000,360.122955,155.721481
1777903127.335886,2.474000,360.263153,155.709061
1777903127.347014,2.469000,360.350433,155.652420
1777903127.358141,2.460000,360.350433,155.652420
1777903127.369269,2.483000,360.431610,155.588318
1777903127.380396,2.479000,360.495728,155.584045
1777903127.391524,2.483000,360.601685,155.591812
1777903127.402651,2.483000,360.634796,155.447830
1777903127.413779,2.488000,360.657898,155.491226
1777903127.424906,2.483000,360.754059,155.383698
1777903127.436033,2.488000,360.810150,155.387146
1777903127.447161,2.488000,361.055786,155.384735
1777903127.458288,2.493000,361.178925,155.382401
1777903127.469415,2.497000,361.110626,155.381363
1777903127.480543,2.479000,361.165955,155.369415
1777903127.491670,2.465000,361.317871,155.234879
1777903127.502797,2.455000,361.326294,155.091415
1777903127.513925,2.465000,361.284698,155.131622
1777903127.525053,2.455000,361.227386,154.995758
1777903127.536180,2.460000,361.235870,154.902542
1777903127.547308,2.465000,361.376068,154.746445
1777903127.558434,2.460000,361.382599,154.646378
1777903127.569562,2.479000,361.365204,154.552170
1777903127.580690,2.479000,361.340668,154.345078
1777903127.591817,2.465000,361.239594,154.218750
1777903127.602944,2.465000,361.095856,154.061951
1777903127.614072,2.488000,361.116150,153.815994
1777903127.625199,2.497000,360.990997,153.552551
1777903127.636326,2.497000,360.865753,153.381592
1777903127.647454,2.479000,360.815826,153.284622
1777903127.658581,2.479000,360.569397,152.842636
1777903127.669708,2.474000,360.469025,152.544250
1777903127.680835,2.469000,360.394470,152.350800
1777903127.691964,2.469000,360.162933,151.916290
1777903127.703091,2.469000,360.000000,151.500000
1777903127.714217,2.479000,359.810150,151.191330
1777903127.725346,2.455000,359.575897,150.558029
1777903127.736473,2.465000,359.250366,149.974808
1777903127.747600,2.497000,359.000000,149.500000
1777903127.758728,2.455000,358.591309,148.943481
1777903127.769855,2.474000,358.350342,148.211349
1777903127.780982,2.460000,357.915924,147.485245
1777903127.792110,2.455000,357.383606,146.883621
1777903127.803237,2.455000,356.894806,146.180740
1777903127.814364,2.460000,356.356415,145.395386
1777903127.825492,2.502000,355.834808,144.630112
1777903127.836619,2.469000,355.275665,143.815750
1777903127.847746,2.497000,354.601685,143.000000
1777903127.858875,2.483000,353.892212,142.198578
1777903127.870002,2.455000,353.344482,141.291489
1777903127.881129,2.483000,352.548401,140.439514
1777903127.892256,2.469000,351.683319,139.419235
1777903127.903384,2.469000,350.928467,138.646225
1777903127.914511,2.469000,350.341064,137.693695
1777903127.925639,2.465000,349.346405,136.602615
1777903127.936766,2.460000,348.457367,135.480621
1777903127.947893,2.469000,347.571442,134.337296
1777903127.959021,2.469000,346.723358,133.031036
1777903127.970148,2.483000,345.812317,131.861343
1777903127.981275,2.460000,344.877411,130.236908
1777903127.992403,2.465000,344.174225,128.910843
1777903128.003530,2.455000,343.252686,127.334679
1777903128.014657,2.460000,342.492004,125.912003
1777903128.025785,2.451000,341.684357,124.137413
1777903128.036913,2.451000,340.901794,122.567085
1777903128.048039,2.442000,340.157135,120.803230
1777903128.059168,2.442000,339.446289,118.955368
1777903128.070295,2.428000,338.951782,117.156029
1777903128.081422,2.419000,338.180023,115.326302
1777903128.092550,2.428000,337.577667,113.349922
1777903128.103677,2.367000,337.026093,111.552177
1777903128.114804,2.397000,336.522125,109.553101
1777903128.125931,2.410000,335.751526,107.540909
1777903128.137059,2.375000,335.407074,105.597343
1777903128.148186,2.367000,334.635132,103.594597
1777903128.159313,2.337000,334.272308,101.593750
1777903128.170441,2.371000,333.575226,99.570793
1777903128.181568,2.342000,333.000000,97.500000
1777903128.192695,2.337000,332.454132,95.504585
1777903128.203824,2.333000,332.042053,93.532707
1777903128.214950,2.342000,331.354584,91.514709
1777903128.226077,2.358000,330.962250,89.500000
1777903128.237206,2.329000,330.177582,87.509346
1777903128.248333,2.346000,329.852722,85.378296
1777903128.259460,2.317000,329.084900,83.377357
1777903128.270588,2.321000,328.747955,81.274796
1777903128.281715,2.321000,328.149536,79.219818
1777903128.292842,2.329000,327.532623,77.152176
1777903128.303970,2.321000,327.198029,75.105881
1777903128.315097,2.325000,326.676361,73.087212
1777903128.326224,2.313000,326.191010,71.011238
1777903128.337352,2.317000,325.825836,69.084267
1777903128.348479,2.305000,325.395966,66.832321
1777903128.359606,2.337000,324.988098,64.934525
1777903128.370734,2.305000,324.629852,62.811859
1777903128.381861,2.325000,324.413086,60.762783
1777903128.392988,2.305000,324.038391,58.622223
1777903128.404116,2.325000,323.836304,56.654831
1777903128.415243,2.305000,323.695740,54.546513
1777903128.426370,2.325000,323.481934,52.439758
1777903128.437499,2.313000,323.408997,50.431492
1777903128.448626,2.313000,323.166656,48.617283
1777903128.459753,2.317000,323.211731,46.689728
1777903128.470881,2.305000,323.214447,44.755840
1777903128.482008,2.293000,323.350891,42.980263
1777903128.493135,2.317000,323.480560,41.126789
1777903128.504263,2.317000,323.775055,39.408997
1777903128.515390,2.329000,323.846680,37.933334
1777903128.526517,2.305000,324.115936,36.072464
1777903128.537645,2.285000,324.305908,34.493671
1777903128.548772,2.285000,324.820038,32.989777
1777903128.559899,2.285000,325.175873,31.541922
1777903128.571026,2.301000,325.745941,30.209349
1777903128.582154,2.273000,326.151337,29.028629
1777903128.593281,2.289000,326.577911,27.818541
1777903128.604408,2.265000,327.174591,26.482143
1777903128.615536,2.313000,327.740509,25.467066
1777903128.626663,2.293000,328.380951,24.511906
1777903128.637790,2.317000,328.812256,23.844828
1777903128.648918,2.293000,329.681641,22.949438
1777903128.660045,2.313000,330.564545,22.055876
1777903128.671173,2.301000,331.189392,21.448864
1777903128.682301,2.305000,331.760071,21.021978
1777903128.693428,2.277000,332.522736,20.388258
1777903128.704555,2.285000,333.270935,20.089127
1777903128.715683,2.337000,334.099823,19.971479
1777903128.726810,2.285000,334.721344,19.728395
1777903128.737937,2.289000,335.383148,19.618557
1777903128.749065,2.265000,336.095734,19.442736
1777903128.760192,2.273000,336.834167,19.420361
1777903128.771319,2.265000,337.229370,19.524752
1777903128.782447,2.305000,337.790436,19.524752
1777903128.793574,2.277000,338.229370,19.524752
1777903128.804701,2.277000,338.379242,19.809525
1777903128.815829,2.301000,338.867340,19.842455
1777903128.826956,2.289000,338.945557,19.980198
1777903128.838083,2.301000,339.029694,20.044554
1777903128.849211,2.277000,339.038849,20.148867
1777903128.860338,2.293000,339.024750,20.404291
1777903128.871465,2.293000,338.743195,20.778912
1777903128.882593,2.289000,338.414978,20.845238
1777903128.893720,2.277000,338.231445,21.143351
1777903128.904847,2.293000,338.059814,21.478632
1777903128.915975,2.285000,337.683838,21.797251
1777903128.927103,2.277000,337.231445,22.143351
1777903128.938230,2.265000,336.760895,22.844677
1777903128.949358,2.265000,336.265259,23.097731
1777903128.960485,2.277000,335.846710,23.868093
1777903128.971611,2.285000,335.276306,24.254902
1777903128.982740,2.285000,334.790131,24.890652
1777903128.993867,2.325000,334.160370,25.659460
1777903129.004994,2.321000,333.556824,26.285984
1777903129.016121,2.305000,332.817688,27.174953
1777903129.027249,2.313000,332.448792,28.171322
1777903129.038376,2.337000,331.743439,29.123596
1777903129.049503,2.293000,330.840668,30.060440
1777903129.060631,2.321000,330.488770,31.260300
1777903129.071758,2.293000,329.550568,32.333332
1777903129.082885,2.317000,328.840729,33.779629
1777903129.094013,2.313000,328.084259,35.050560
1777903129.105140,2.305000,327.521729,36.391304
1777903129.116267,2.305000,326.782043,37.782051
1777903129.127395,2.301000,325.994293,39.287621
1777903129.138522,2.313000,325.393250,40.962547
1777903129.149649,2.317000,324.659393,42.659382
1777903129.160777,2.293000,324.209473,44.413479
1777903129.171904,2.342000,323.563049,46.252159
1777903129.183031,2.329000,323.054993,48.095001
1777903129.194160,2.305000,322.683594,50.074451
1777903129.205286,2.325000,322.429504,51.797680
1777903129.216413,2.301000,322.296112,53.813873
1777903129.227541,2.313000,322.005157,55.719933
1777903129.238668,2.325000,321.906189,57.750420
1777903129.249796,2.325000,321.859558,59.788494
1777903129.260924,2.325000,321.807556,61.865978
1777903129.272051,2.325000,321.791260,63.979797
1777903129.283178,2.337000,321.791260,65.979797
1777903129.294306,2.325000,321.752472,68.181519
1777903129.316560,2.342000,321.871674,72.636932
1777903129.327688,2.358000,321.949554,75.032112
1777903129.338815,2.354000,322.134827,77.365929
1777903129.349942,2.375000,322.190887,79.529915
1777903129.361070,2.358000,322.428162,82.065552
1777903129.372197,2.375000,322.476013,84.396004
1777903129.383324,2.406000,322.758087,86.815750
1777903129.394452,2.329000,323.030182,89.090515
1777903129.405579,2.354000,323.542358,91.419495
1777903129.416706,2.397000,323.941437,93.647148
1777903129.427834,2.337000,324.173401,95.786247
1777903129.438961,2.354000,324.863281,97.978493
1777903129.450088,2.363000,325.136780,100.111633
1777903129.461215,2.393000,325.834137,102.057419
1777903129.472343,2.354000,326.222778,104.089432
1777903129.483470,2.393000,326.957153,106.022224
1777903129.494597,2.406000,327.568176,107.650002
1777903129.505726,2.363000,328.281830,109.463638
1777903129.516853,2.358000,328.840759,111.172623
1777903129.527980,2.358000,329.566956,112.691963
1777903129.539108,2.375000,330.351044,114.336281
1777903129.550235,2.424000,330.866028,115.819778
1777903129.561362,2.419000,331.523590,117.207001
1777903129.572490,2.424000,332.291473,118.731079
1777903129.583617,2.451000,332.855255,119.964912
1777903129.594744,2.410000,333.307800,121.305107
1777903129.605872,2.428000,334.150787,122.468254
1777903129.616999,2.437000,334.729980,123.585274
1777903129.628126,2.437000,335.368408,124.928574
1777903129.639254,2.474000,336.015442,126.232948
1777903129.650381,2.451000,336.582397,127.287483
1777903129.661508,2.424000,337.212891,128.463501
1777903129.672636,2.460000,337.808655,129.500000
1777903129.683764,2.442000,338.438843,130.535965
1777903129.694890,2.442000,338.857147,131.448105
1777903129.706018,2.437000,339.542847,132.542862
1777903129.717145,2.460000,340.060608,133.404846
1777903129.728272,2.437000,340.543488,134.500000
1777903129.739401,2.451000,341.060608,135.404846
1777903129.750528,2.455000,341.544128,136.419113
1777903129.761655,2.455000,342.187897,137.337189
1777903129.772783,2.460000,342.637207,138.290497
1777903129.783910,2.455000,343.073792,139.168640
1777903129.795037,2.455000,343.636475,140.113861
1777903129.806165,2.479000,344.072662,141.072647
1777903129.817292,2.488000,344.608582,142.069153
1777903129.828419,2.455000,345.048248,143.026321
1777903129.839547,2.455000,345.588562,144.023712
1777903129.850674,2.451000,346.162964,144.757034
1777903129.861801,2.474000,346.696289,145.681488
1777903129.872929,2.455000,347.120667,146.573151
1777903129.884056,2.455000,347.863281,147.528412
1777903129.895183,2.469000,348.291107,148.260941
1777903129.906310,2.474000,349.004425,149.075226
1777903129.917438,2.465000,349.393799,149.823013
1777903129.928566,2.474000,349.924103,150.566971
1777903129.939692,2.479000,350.433502,151.353683
1777903129.950820,2.483000,350.922485,151.737991
1777903129.961947,2.474000,351.612152,152.406540
1777903129.973074,2.465000,351.990387,152.895828
1777903129.984203,2.483000,352.669800,153.410370
1777903129.995330,2.479000,353.109985,154.000000
1777903130.006457,2.483000,353.790283,154.353683
1777903130.017585,2.465000,354.378296,154.658920
1777903130.028712,2.479000,354.912354,155.212830
1777903130.039839,2.483000,355.353668,155.613464
1777903130.050967,2.512000,356.093201,155.766190
1777903130.062094,2.460000,356.640320,156.248062
1777903130.073221,2.479000,357.139282,156.482010
1777903130.084349,2.483000,357.917480,156.669907
1777903130.095476,2.474000,358.184998,157.076553
1777903130.106603,2.517000,358.899231,157.331787
1777903130.117731,2.479000,359.444946,157.495407
1777903130.128858,2.483000,359.935669,157.719299
1777903130.139985,2.483000,360.478638,157.772079
1777903130.151113,2.512000,361.063782,158.039124
1777903130.162240,2.483000,361.638062,158.230331
1777903130.173368,2.483000,362.058044,158.303574
1777903130.184495,2.460000,362.552185,158.478256
1777903130.195622,2.502000,363.056793,158.550079
1777903130.206749,2.479000,363.452576,158.666672
1777903130.217877,2.488000,363.942474,158.845139
1777903130.229005,2.469000,364.122803,158.942978
1777903130.240132,2.479000,364.669617,158.934814
1777903130.251260,2.483000,365.000000,159.000000
1777903130.262387,2.465000,365.207977,159.141022
1777903130.273514,2.479000,365.531036,159.150070
1777903130.284642,2.488000,365.889374,159.370697
1777903130.295769,2.493000,366.059479,159.433487
1777903130.306896,2.465000,366.040527,159.833328
1777903130.318024,2.507000,366.451172,159.880615
1777903130.329151,2.488000,366.681091,160.211533
1777903130.340278,2.465000,366.956726,160.628204
1777903130.351405,2.460000,367.173584,160.989243
1777903130.362533,2.460000,367.289001,161.469620
1777903130.373660,2.483000,367.478271,162.117752
1777903130.384787,2.488000,367.569153,162.569153
1777903130.395915,2.455000,367.767883,163.383942
1777903130.407042,2.479000,368.054993,163.989685
1777903130.418169,2.479000,368.265961,164.753021
1777903130.429297,2.451000,368.388000,165.569672
1777903130.440424,2.465000,368.730408,166.482697
1777903130.451551,2.479000,368.845428,167.459961
1777903130.462679,2.483000,368.949432,168.483139
1777903130.473806,2.465000,369.154572,169.540039
1777903130.484933,2.507000,369.188080,170.651764
1777903130.496061,2.479000,369.325745,171.971588
1777903130.507188,2.502000,369.578857,173.295410
1777903130.518315,2.488000,369.785583,174.600388
1777903130.529443,2.531000,369.880676,175.806824
1777903130.540570,2.512000,370.045898,177.355286
1777903130.551697,2.488000,370.086212,178.777771
1777903130.562825,2.502000,370.212128,180.460220
1777903130.573952,2.497000,370.231537,182.241516
1777903130.585079,2.507000,370.362396,183.697678
1777903130.596207,2.497000,370.394836,185.476196
1777903130.607334,2.502000,370.521820,187.333328
1777903130.618461,2.531000,370.691498,188.884064
1777903130.629589,2.502000,370.711121,190.755554
1777903130.640716,2.561000,370.762482,192.572861
1777903130.651843,2.591000,370.835358,194.506104
1777903130.662971,2.556000,370.715179,196.417725
1777903130.674098,2.561000,370.677490,198.370132
1777903130.685225,2.571000,370.626923,200.293594
1777903130.696352,2.571000,370.630371,202.154190
1777903130.707479,2.521000,370.573334,204.086670
1777903130.718606,2.591000,370.500000,206.000000
1777903130.729735,2.556000,370.479736,207.939194
1777903130.740862,2.591000,370.426666,209.913330
1777903130.751988,2.591000,370.345001,211.764572
1777903130.763116,2.596000,370.265625,213.468750
1777903130.774243,2.596000,370.149048,215.384827
1777903130.785370,2.617000,370.079895,217.407715
1777903130.796497,2.581000,369.945312,218.968750
1777903130.807625,2.612000,369.769043,220.695541
1777903130.818753,2.606000,369.585938,222.523438
1777903130.829879,2.622000,369.409210,224.319778
1777903130.841007,2.596000,369.262482,225.643051
1777903130.852134,2.622000,369.022400,227.380951
1777903130.863261,2.627000,368.935577,228.661072
1777903130.874389,2.627000,368.623413,230.315521
1777903130.885516,2.617000,368.587921,231.627304
1777903130.896643,2.617000,368.349091,233.060364
1777903130.907771,2.633000,368.149048,234.384827
1777903130.918898,2.638000,367.781342,235.621338
1777903130.930025,2.633000,367.586578,236.925064
1777903130.941153,2.654000,367.286102,238.341202
1777903130.952280,2.643000,367.205139,239.430771
1777903130.963407,2.638000,366.804230,240.507935
1777903130.974535,2.617000,366.565338,241.565338
1777903130.985662,2.638000,366.223969,242.492188
1777903130.996789,2.638000,365.935577,243.661072
1777903131.007917,2.643000,365.732788,244.666672
1777903131.019044,2.633000,365.433319,245.491669
1777903131.030171,2.622000,365.168030,246.449036
1777903131.041299,2.643000,364.799438,247.276840
1777903131.052426,2.659000,364.399994,248.130554
1777903131.063553,2.627000,364.000000,249.000000
1777903131.074681,2.648000,363.699738,249.534439
1777903131.085808,2.648000,363.397766,250.288513
1777903131.096935,2.659000,363.000000,251.000000
1777903131.108063,2.643000,362.874603,251.397552
1777903131.119190,2.638000,362.446442,251.964279
1777903131.130317,2.638000,362.085541,252.401184
1777903131.141445,2.643000,361.933960,252.981125
1777903131.152571,2.648000,361.640350,253.429825
1777903131.163698,2.638000,361.092072,253.907944
1777903131.174826,2.665000,360.947357,254.233917
1777903131.185953,2.665000,360.791656,254.500000
1777903131.197080,2.638000,360.372742,254.963638
1777903131.208208,2.627000,360.150146,255.354355
1777903131.219335,2.654000,359.837677,255.710144
1777903131.230462,2.643000,359.870209,255.766968
1777903131.241589,2.648000,359.641754,256.255463
1777903131.252717,2.643000,359.230316,256.500000
1777903131.263844,2.643000,359.079498,256.648315
1777903131.274971,2.643000,358.933960,256.981140
1777903131.286099,2.643000,358.788147,257.236755
1777903131.297226,2.643000,358.500000,257.464905
1777903131.308353,2.612000,358.211853,257.763245
1777903131.319481,2.638000,358.189606,257.847107
1777903131.330608,2.638000,357.947357,258.233917
1777903131.341735,2.638000,357.792053,258.314972
1777903131.352863,2.638000,357.750732,258.518829
1777903131.363990,2.638000,357.737640,258.817902
1777903131.375117,2.643000,357.446533,259.223267
1777903131.386245,2.638000,357.357574,259.536377
1777903131.397372,2.648000,357.249176,259.802582
1777903131.408499,2.648000,357.206360,260.057129
1777903131.419627,2.654000,357.187286,260.133331
1777903131.430754,2.648000,357.146423,260.604370
1777903131.441881,2.648000,357.146423,260.660431
1777903131.453009,2.654000,357.073029,261.076202
1777903131.464136,2.648000,357.125793,261.443390
1777903131.475263,2.654000,357.215881,261.615875
1777903131.486391,2.654000,357.092072,261.907928
1777903131.497518,2.648000,357.194733,262.118805
1777903131.508645,2.648000,357.152100,262.608429
1777903131.519773,2.654000,357.288025,262.608429
1777903131.530900,2.665000,357.379913,262.874542
1777903131.542027,2.681000,357.511780,263.276093
1777903131.553155,2.665000,357.521454,263.359741
1777903131.564282,2.665000,357.417511,263.612793
1777903131.575409,2.670000,357.500000,263.500000
1777903131.586538,2.665000,357.424988,263.000000
1777903131.597665,2.659000,357.524902,262.865906
1777903131.608792,2.675000,357.526093,262.883545
1777903131.619920,2.670000,357.579285,262.391571
1777903131.631047,2.670000,357.579285,262.391571
1777903131.642174,2.692000,357.579285,262.391571
1777903131.653302,2.670000,357.579285,262.391571
1777903131.664429,2.697000,357.722748,262.320862
1777903131.675556,2.659000,357.784119,262.346039
1777903131.686683,2.686000,357.910004,262.176666
1777903131.697811,2.659000,358.024933,261.909668
1777903131.708938,2.681000,358.066010,261.818481
1777903131.720065,2.659000,358.082550,261.653961
1777903131.731193,2.670000,358.113220,261.500000
1777903131.742320,2.648000,358.150146,261.354340
1777903131.753447,2.643000,358.085541,261.348083
1777903131.764575,2.648000,358.085541,261.348083
1777903131.775702,2.648000,358.145844,261.000000
1777903131.786829,2.638000,358.203033,260.757568
1777903131.797957,2.638000,358.075348,260.666656
1777903131.809084,2.648000,358.017853,260.571442
1777903131.820211,2.643000,358.000000,260.500000
1777903131.831339,2.654000,358.096405,260.696960
1777903131.842466,2.643000,358.030823,260.988800
1777903131.853593,2.643000,358.024475,260.810394
1777903131.864721,2.638000,358.073029,261.076202
1777903131.875848,2.665000,358.022400,261.380951
1777903131.886975,2.665000,358.082611,261.404572
1777903131.898103,2.659000,357.939667,261.474152
1777903131.909230,2.665000,358.071442,261.448975
1777903131.920357,2.665000,358.032990,261.339935
1777903131.931485,2.654000,357.983826,261.294495
1777903131.942613,2.638000,358.132721,261.163574
1777903131.953739,2.648000,358.082611,261.404572
1777903131.964867,2.654000,358.082611,261.404572
1777903131.975995,2.643000,358.082611,261.404572
1777903131.987122,2.648000,358.144928,261.359406
1777903131.998250,2.665000,358.333344,261.147797
1777903132.009377,2.654000,358.345673,261.228394
1777903132.020504,2.659000,358.276276,261.336334
1777903132.031632,2.648000,358.345673,261.228394
1777903132.042758,2.665000,358.345673,261.228394
1777903132.053886,2.665000,358.403015,261.260620
1777903132.065014,2.659000,358.613098,261.184509
1777903132.076141,2.686000,358.669708,261.224243
1777903132.087268,2.659000,358.738098,261.220245
1777903132.098396,2.692000,358.717468,261.241272
1777903132.109523,2.686000,358.857147,260.979584
1777903132.120650,2.670000,358.765686,261.075897
1777903132.131777,2.675000,358.765686,261.075897
1777903132.142905,2.681000,358.918182,261.142426
1777903132.154032,2.659000,359.006348,260.971436
1777903132.165159,2.670000,359.073029,261.076202
1777903132.176287,2.654000,359.161804,260.925568
1777903132.187414,2.659000,359.309753,260.882141
1777903132.198541,2.659000,359.440002,260.959991
1777903132.209669,2.665000,359.445618,260.898254
1777903132.220796,2.659000,359.500000,261.000000
1777903132.231923,2.665000,359.708344,260.980774
1777903132.243051,2.670000,359.737640,260.817902
1777903132.254178,2.714000,359.831818,260.735748
1777903132.265305,2.697000,360.043610,260.725861
1777903132.276433,2.654000,360.079498,260.648315
1777903132.287560,2.665000,360.146423,260.660431
1777903132.298687,2.659000,360.207947,260.685028
1777903132.309815,2.681000,360.282532,260.720642
1777903132.320942,2.686000,360.349213,260.615875
1777903132.332069,2.714000,360.504852,260.656952
1777903132.343197,2.709000,360.682098,260.564819
1777903132.354325,2.714000,360.764008,260.589966
1777903132.365452,2.714000,360.954559,260.563629
1777903132.376580,2.681000,361.017853,260.571442
1777903132.387707,2.681000,361.079498,260.648315
1777903132.398834,2.665000,361.141144,260.672668
1777903132.409963,2.659000,361.357574,260.536377
1777903132.421090,2.659000,361.570984,260.472229
1777903132.432217,2.659000,361.724243,260.490906
1777903132.443346,2.692000,361.790558,260.563416
1777903132.454473,2.714000,362.017853,260.571442
1777903132.465600,2.665000,362.017853,260.571442
1777903132.476728,2.665000,362.017853,260.571442
1777903132.487856,2.675000,362.141144,260.672668
1777903132.498983,2.670000,362.428558,260.508942
1777903132.510111,2.692000,362.568970,260.456909
1777903132.521239,2.681000,362.711304,260.419647
1777903132.532366,2.675000,362.939667,260.474152
1777903132.543494,2.692000,362.956146,260.543854
1777903132.554621,2.697000,363.101440,260.472473
1777903132.565748,2.697000,363.159546,260.498566
1777903132.576876,2.654000,363.229706,260.473389
1777903132.588004,2.659000,363.568970,260.456909
1777903132.599131,2.665000,363.568970,260.456909
1777903132.610259,2.659000,363.840454,260.501434
1777903132.621387,2.697000,363.921051,260.403503
1777903132.632514,2.686000,364.022400,260.380951
1777903132.643641,2.714000,364.098053,260.473389
1777903132.654770,2.665000,364.229706,260.473389
1777903132.665897,2.681000,364.368561,260.425476
1777903132.677024,2.665000,364.432495,260.382935
1777903132.688153,2.697000,364.643066,260.356934
1777903132.699280,2.665000,364.947357,260.233917
1777903132.710407,2.643000,365.005707,260.310547
1777903132.721535,2.659000,365.005707,260.310547
1777903132.732663,2.670000,365.165314,260.319794
1777903132.743790,2.665000,365.218658,260.346680
1777903132.754918,2.638000,365.407715,260.358124
1777903132.766045,2.654000,365.500000,260.285309
1777903132.777173,2.659000,365.592285,260.198334
1777903132.788301,2.659000,365.724518,260.214874
1777903132.799428,2.681000,365.932770,260.322144
1777903132.810556,2.692000,366.005707,260.310547
1777903132.821684,2.686000,366.151520,260.250702
1777903132.832811,2.725000,366.274658,260.274658
1777903132.843939,2.675000,366.286102,260.341217
1777903132.855067,2.681000,366.322662,260.274658
1777903132.866194,2.670000,366.414062,260.192719
1777903132.877321,2.665000,366.539062,260.223969
1777903132.888450,2.648000,366.629333,260.152008
1777903132.899577,2.665000,366.629333,260.152008
1777903132.910704,2.659000,366.807678,260.192322
1777903132.921833,2.659000,366.850739,260.104492
1777903132.932960,2.709000,367.037872,260.106049
1777903132.944087,2.692000,367.161774,260.022064
1777903132.955215,2.654000,367.205139,260.146149
1777903132.966342,2.659000,367.232330,260.075745
1777903132.977470,2.665000,367.312653,260.129211
1777903132.988598,2.670000,367.401520,260.053040
1777903132.999726,2.659000,367.410461,260.119415
1777903133.010853,2.659000,367.462677,260.067169
1777903133.021980,2.659000,367.470581,260.132355
1777903133.033108,2.654000,367.463776,260.065216
1777903133.044236,2.648000,367.463776,260.065216
1777903133.055363,2.665000,367.463776,260.065216
1777903133.066491,2.643000,367.500000,260.000000
1777903133.077619,2.654000,367.463776,260.065216
1777903133.088746,2.654000,367.447754,260.201508
1777903133.099874,2.659000,367.463776,260.065216
1777903133.111001,2.665000,367.463776,260.065216
1777903133.122129,2.659000,367.463776,260.065216
1777903133.133257,2.648000,367.463776,260.065216
1777903133.144384,2.665000,367.470581,260.132355
1777903133.155512,2.643000,367.287354,259.981598
1777903133.166640,2.638000,367.463776,260.065216
1777903133.177767,2.648000,367.287354,259.981598
1777903133.188895,2.654000,367.287354,259.981598
1777903133.200023,2.648000,367.287354,259.981598
1777903133.211150,2.648000,367.287354,259.981598
1777903133.222278,2.659000,367.228424,259.967377
1777903133.233406,2.665000,367.099762,259.995453
1777903133.255660,2.659000,367.099762,259.995453
1777903133.266789,2.670000,367.013885,260.062500
1777903133.277916,2.638000,367.013885,260.062500
1777903133.289043,2.648000,367.013885,260.062500
1777903133.300172,2.659000,367.000000,260.000000
1777903133.311299,2.654000,367.000000,260.000000
1777903133.322426,2.643000,367.000000,260.000000
1777903133.333555,2.648000,367.000000,260.000000
1777903133.344682,2.648000,367.000000,260.000000
1777903133.355809,2.654000,367.013885,260.062500
1777903133.366937,2.659000,367.000000,260.000000
1777903133.378065,2.648000,367.000000,260.000000
1777903133.389192,2.643000,367.000000,260.000000
1777903133.400320,2.654000,367.000000,260.000000
1777903133.411448,2.638000,367.000000,260.000000
1777903133.422575,2.654000,367.000000,260.000000
1777903133.433703,2.638000,367.000000,260.000000
1777903133.444831,2.659000,367.000000,260.000000
1777903133.455958,2.670000,367.000000,260.000000
1777903133.467085,2.654000,367.000000,260.000000
1777903133.478213,2.654000,367.000000,260.000000
1777903133.489341,2.659000,367.000000,260.000000
1777903133.500468,2.659000,367.013885,260.062500
1777903133.511596,2.643000,367.000000,260.000000
1777903133.522724,2.654000,367.013885,260.062500
1777903133.533851,2.659000,367.013885,260.062500
1777903133.544979,2.670000,367.013885,260.062500
1777903133.556106,2.659000,367.000000,260.000000
1777903133.567234,2.670000,367.000000,260.000000
1777903133.578362,2.670000,367.013885,260.062500
1777903133.589489,2.648000,367.000000,260.000000
1777903133.600617,2.686000,367.000000,260.000000
1777903133.611745,2.692000,367.013885,260.062500
1777903133.622872,2.659000,367.013885,260.062500
1777903133.634000,2.670000,367.077454,260.035217
1777903133.645128,2.648000,367.000000,260.064301
1777903133.656255,2.659000,367.013885,260.062500
1777903133.667382,2.665000,367.077454,260.035217
1777903133.678511,2.659000,367.013885,260.062500
1777903133.689638,2.670000,367.013885,260.062500
1777903133.700765,2.686000,367.013885,260.062500
1777903133.711894,2.643000,367.013885,260.062500
1777903133.723021,2.648000,367.014099,260.126770
1777903133.734149,2.648000,367.013885,260.062500
1777903133.745277,2.654000,367.013885,260.062500
1777903133.756404,2.665000,367.099762,259.995453
1777903133.767531,2.665000,367.013885,260.062500
1777903133.778660,2.643000,367.013885,260.062500
1777903133.789787,2.654000,367.013885,260.062500
1777903133.800914,2.665000,367.013885,260.062500
1777903133.812043,2.648000,367.000000,260.000000
1777903133.823170,2.643000,367.087341,259.933319
1777903133.834297,2.686000,367.013885,260.062500
1777903133.845426,2.665000,366.985901,260.126770
1777903133.856553,2.648000,367.000000,260.000000
1777903133.867680,2.659000,367.013885,260.062500
1777903133.878808,2.648000,367.013885,260.062500
1777903133.889936,2.643000,367.099762,259.995453
1777903133.901063,2.665000,367.014099,260.126770
1777903133.912190,2.681000,367.013885,260.062500
1777903133.923319,2.648000,367.013885,260.062500
1777903133.934446,2.654000,367.013885,260.062500
1777903133.945574,2.654000,367.099762,259.995453
1777903133.956702,2.638000,367.013885,260.062500
1777903133.967829,2.654000,367.013885,260.062500
1777903133.978956,2.654000,367.000000,260.000000
1777903133.990085,2.659000,367.013885,260.062500
1777903134.001212,2.675000,367.013885,260.062500
1777903134.012339,2.654000,367.013885,260.062500
1777903134.023468,2.675000,367.000000,260.000000
1777903134.034595,2.643000,367.099762,259.995453
1777903134.045722,2.654000,367.087341,259.933319
1777903134.056851,2.659000,367.013885,260.062500
1777903134.067978,2.670000,367.013885,260.062500
1777903134.079105,2.670000,367.099762,259.995453
1777903134.090234,2.659000,367.099762,259.995453
1777903134.101361,2.665000,367.099762,259.995453
1777903134.112489,2.648000,367.013885,260.062500
1777903134.123617,2.692000,367.013885,260.062500
1777903134.134744,2.665000,367.099762,259.995453
1777903134.145871,2.654000,367.099762,259.995453
1777903134.157000,2.681000,367.013885,260.062500
1777903134.168127,2.643000,367.013885,260.062500
1777903134.179254,2.659000,367.013885,260.062500
1777903134.190383,2.643000,367.013885,260.062500
1777903134.201510,2.654000,367.013885,260.062500
1777903134.212637,2.643000,367.099762,259.995453
1777903134.223766,2.648000,367.099762,259.995453
1777903134.234893,2.665000,367.099762,259.995453
1777903134.246021,2.665000,367.013885,260.062500
1777903134.257149,2.648000,367.000000,260.000000
1777903134.268276,2.659000,367.013885,260.062500
1777903134.279403,2.659000,367.013885,260.062500
1777903134.290532,2.648000,367.013885,260.062500
1777903134.301659,2.665000,367.099762,259.995453
1777903134.312787,2.697000,367.013885,260.062500
1777903134.323915,2.648000,367.013885,260.062500
1777903134.335042,2.665000,367.013885,260.062500
1777903134.346170,2.638000,367.013885,260.062500
1777903134.357297,2.648000,367.013885,260.062500
1777903134.368425,2.665000,367.099762,259.995453
1777903134.379552,2.654000,367.013885,260.062500
1777903134.390679,2.643000,367.013885,260.062500
1777903134.401807,2.670000,367.013885,260.062500
1777903134.412935,2.659000,367.099762,259.995453
1777903134.424062,2.648000,367.099762,259.995453
1777903134.435190,2.670000,367.000000,260.000000
1777903134.446317,2.648000,367.013885,260.062500
1777903134.457444,2.659000,367.099762,259.995453
1777903134.468572,2.665000,367.013885,260.062500
1777903134.479699,2.709000,367.013885,260.062500
1777903134.490827,2.643000,367.099762,259.995453
1777903134.501955,2.648000,367.099762,259.995453
1777903134.513082,2.681000,367.013885,260.062500
1777903134.524209,2.686000,367.013885,260.062500
1777903134.535337,2.659000,367.013885,260.062500
1777903134.546464,2.681000,367.099762,259.995453
1777903134.557591,2.643000,367.099762,259.995453
1777903134.568720,2.659000,367.099762,259.995453
1777903134.579847,2.659000,367.000000,260.000000
1777903134.590974,2.659000,367.099762,259.995453
1777903134.602102,2.643000,367.099762,259.995453
1777903134.613230,2.648000,367.101135,260.057465
1777903134.624357,2.659000,367.099762,259.995453
1777903134.635485,2.665000,367.099762,259.995453
1777903134.646612,2.670000,367.158844,260.008942
1777903134.657739,2.665000,367.013885,260.062500
1777903134.668867,2.648000,367.099762,259.995453
1777903134.679994,2.681000,367.099762,259.995453
1777903134.691122,2.648000,367.099762,259.995453
1777903134.702250,2.659000,367.099762,259.995453
1777903134.713377,2.648000,367.099762,259.995453
1777903134.724504,2.648000,367.163208,259.967804
1777903134.735632,2.654000,367.099762,259.995453
1777903134.746759,2.659000,367.013885,260.062500
1777903134.757886,2.643000,367.163208,259.995392
1777903134.769015,2.659000,367.158844,260.008942
1777903134.780142,2.633000,367.099762,259.995453
1777903134.791269,2.643000,367.099762,259.995453
1777903134.802396,2.643000,367.087341,259.933319
1777903134.813524,2.648000,367.099762,259.995453
1777903134.835778,2.659000,367.013885,260.062500
1777903134.846907,2.654000,367.013885,260.062500
1777903134.858034,2.670000,367.077454,260.063385
1777903134.869161,2.665000,367.013885,260.062500
1777903134.880289,2.648000,367.099762,259.995453
1777903134.891417,2.681000,367.013885,260.062500
1777903134.902544,2.659000,367.099762,259.995453
1777903134.913672,2.659000,367.099762,259.995453
1777903134.924799,2.659000,367.013885,260.062500
1777903134.935926,2.675000,367.013885,260.062500
1777903134.947054,2.665000,367.099762,259.995453
1777903134.958181,2.665000,367.099762,259.995453
1777903134.969309,2.670000,367.099762,259.995453
1777903134.980437,2.665000,367.099762,259.995453
1777903134.991564,2.697000,367.099762,259.995453
1777903135.002691,2.665000,367.099762,259.995453
1777903135.013819,2.643000,367.099762,259.995453
1777903135.024946,2.654000,367.099762,259.995453
1777903135.036073,2.659000,367.099762,259.995453
1777903135.047202,2.659000,367.099762,259.995453
1777903135.058329,2.675000,367.099762,259.995453
1777903135.069456,2.665000,367.013885,260.062500
1777903135.080584,2.648000,367.099762,259.995453
1777903135.091712,2.648000,367.099762,259.995453
1777903135.102839,2.643000,367.099762,259.995453
1777903135.113967,2.643000,367.099762,259.995453
1777903135.125094,2.648000,367.099762,259.995453
1777903135.136221,2.648000,367.099762,259.995453
1777903135.147349,2.665000,367.099762,259.995453
1777903135.158476,2.659000,367.099762,259.995453
1777903135.169604,2.648000,367.099762,259.995453
1777903135.180732,2.681000,367.158844,260.008942
1777903135.191859,2.654000,367.099762,259.995453
1777903135.202986,2.665000,367.099762,259.995453
1777903135.214114,2.665000,367.099762,259.995453
1777903135.225241,2.659000,367.099762,259.995453
1777903135.236369,2.654000,367.099762,259.995453
1777903135.247496,2.665000,367.099762,259.995453
1777903135.258624,2.659000,367.099762,259.995453
1777903135.269751,2.654000,367.099762,259.995453
1777903135.280878,2.648000,367.099762,259.995453
1777903135.292006,2.665000,367.099762,259.995453
1777903135.303133,2.643000,367.099762,259.995453
1777903135.314261,2.665000,367.099762,259.995453
1777903135.325389,2.665000,367.158844,260.008942
1777903135.336516,2.659000,367.099762,259.995453
1777903135.347643,2.654000,367.099762,259.995453
1777903135.358771,2.670000,367.099762,259.995453
1777903135.369898,2.665000,367.222229,259.981873
1777903135.381025,2.659000,367.099762,259.995453
1777903135.392153,2.648000,367.158844,260.008942
1777903135.403280,2.665000,367.158844,260.008942
1777903135.414407,2.681000,367.099762,259.995453
1777903135.425536,2.665000,367.163208,259.995392
1777903135.436663,2.648000,367.158844,260.008942
1777903135.447790,2.709000,367.099762,259.995453
1777903135.458918,2.654000,367.099762,259.995453
1777903135.470045,2.665000,367.099762,259.995453
1777903135.481172,2.654000,367.222229,260.009064
1777903135.492300,2.665000,367.099762,259.995453
1777903135.503427,2.659000,367.228424,259.967377
1777903135.514554,2.697000,367.099762,259.995453
1777903135.525682,2.638000,367.099762,259.995453
1777903135.536809,2.648000,367.099762,259.995453
1777903135.547936,2.648000,367.158844,260.008942
1777903135.559064,2.665000,367.099762,259.995453
1777903135.570191,2.654000,367.158844,260.008942
1777903135.581318,2.654000,367.222229,260.009064
1777903135.592446,2.659000,367.158844,260.008942
1777903135.603573,2.648000,367.158844,260.008942
1777903135.614701,2.648000,367.163208,259.967804
1777903135.625828,2.665000,367.099762,259.995453
1777903135.636955,2.686000,367.099762,259.995453
1777903135.648082,2.709000,367.158844,260.008942
1777903135.659211,2.665000,367.222229,259.981873
1777903135.670338,2.692000,367.222229,259.981873
1777903135.681465,2.654000,367.158844,260.008942
1777903135.692592,2.692000,367.158844,260.008942
1777903135.703720,2.638000,367.163208,259.967804
1777903135.714847,2.654000,367.099762,259.995453
1777903135.725974,2.665000,367.228424,259.967377
1777903135.737102,2.714000,367.099762,259.995453
1777903135.748229,2.648000,367.099762,259.995453
1777903135.759356,2.648000,367.099762,259.995453
1777903135.770484,2.665000,367.099762,259.995453
1777903135.781611,2.697000,367.099762,259.995453
1777903135.792738,2.648000,367.163208,259.995392
1777903135.803866,2.665000,367.163208,259.967804
1777903135.814993,2.659000,367.099762,259.995453
1777903135.826120,2.665000,367.099762,259.995453
1777903135.837248,2.654000,367.163208,259.995392
1777903135.848376,2.654000,367.099762,259.995453
1777903135.859503,2.670000,367.158844,260.008942
1777903135.870630,2.659000,367.158844,260.008942
1777903135.881757,2.665000,367.158844,260.008942
1777903135.892884,2.665000,367.222229,259.981873
1777903135.904013,2.659000,367.222229,259.981873
1777903135.915140,2.709000,367.222229,259.981873
1777903135.926267,2.654000,367.222229,260.009064
1777903135.937395,2.692000,367.099762,259.995453
1777903135.948522,2.692000,367.222229,259.981873
1777903135.959649,2.665000,367.158844,260.008942
1777903135.970777,2.686000,367.158844,260.008942
1777903135.981904,2.648000,367.158844,260.008942
1777903135.993031,2.659000,367.099762,259.995453
1777903136.004159,2.659000,367.099762,259.995453
1777903136.015286,2.659000,367.099762,259.995453
1777903136.026413,2.659000,367.158844,260.008942
1777903136.037541,2.648000,367.158844,260.008942
1777903136.048668,2.665000,367.222229,259.981873
1777903136.059795,2.659000,367.099762,259.995453
1777903136.070923,2.686000,367.099762,259.995453
1777903136.082050,2.665000,367.158844,260.008942
1777903136.093177,2.654000,367.099762,259.995453
1777903136.104306,2.654000,367.158844,260.008942
1777903136.115432,2.654000,367.222229,259.981873
1777903136.126559,2.665000,367.099762,259.995453
1777903136.137686,2.654000,367.158844,260.008942
1777903136.148814,2.648000,367.222229,259.981873
1777903136.159942,2.648000,367.158844,260.008942
1777903136.171069,2.643000,367.158844,260.008942
1777903136.182197,2.654000,367.158844,260.008942
1777903136.193324,2.648000,367.222229,260.009064
1777903136.204451,2.659000,367.222229,260.009064
1777903136.215579,2.648000,367.158844,260.008942
1777903136.226706,2.665000,367.163208,259.967804
1777903136.237833,2.659000,367.222229,259.981873
1777903136.248961,2.648000,367.158844,260.008942
1777903136.260088,2.665000,367.099762,259.995453
1777903136.271215,2.654000,367.158844,260.008942
1777903136.282343,2.654000,367.158844,260.008942
1777903136.293470,2.648000,367.158844,260.008942
1777903136.304597,2.665000,367.158844,260.008942
1777903136.315725,2.670000,367.222229,259.981873
1777903136.326852,2.692000,367.158844,260.008942
1777903136.337979,2.659000,367.196472,259.949219
1777903136.349107,2.648000,367.222229,259.981873
1777903136.360234,2.659000,367.158844,260.008942
1777903136.371361,2.659000,367.222229,260.009064
1777903136.382489,2.659000,367.099762,259.995453
1777903136.393616,2.659000,367.222229,260.009064
1777903136.404743,2.648000,367.099762,259.995453
1777903136.415871,2.659000,367.099762,259.995453
1777903136.426999,2.648000,367.158844,260.008942
1777903136.438125,2.692000,367.158844,260.008942
1777903136.449253,2.675000,367.222229,259.981873
1777903136.460381,2.659000,367.158844,260.008942
1777903136.471508,2.670000,367.158844,260.008942
1777903136.482635,2.665000,367.158844,260.008942
1777903136.493763,2.654000,367.287354,259.981598
1777903136.504890,2.659000,367.222229,259.981873
1777903136.516018,2.681000,367.222229,259.981873
1777903136.527145,2.654000,367.158844,260.008942
1777903136.538272,2.648000,367.222229,260.009064
1777903136.549400,2.670000,367.222229,260.009064
1777903136.560527,2.654000,367.287354,259.981598
1777903136.571654,2.654000,367.163208,259.967804
1777903136.582781,2.665000,367.222229,260.009064
1777903136.593909,2.659000,367.222229,259.981873
1777903136.605036,2.659000,367.158844,260.008942
1777903136.616163,2.654000,367.158844,260.008942
1777903136.627291,2.648000,367.287354,259.981598
1777903136.638418,2.665000,367.222229,260.009064
1777903136.649545,2.659000,367.158844,260.008942
1777903136.660673,2.670000,367.287354,259.981598
1777903136.671800,2.681000,367.158844,260.008942
1777903136.682927,2.692000,367.222229,259.981873
1777903136.694055,2.670000,367.158844,260.008942
1777903136.705182,2.648000,367.222229,260.009064
1777903136.716309,2.675000,367.222229,260.009064
1777903136.727437,2.665000,367.222229,259.981873
1777903136.738564,2.648000,367.158844,260.008942
1777903136.749691,2.659000,367.158844,260.008942
1777903136.760819,2.648000,367.158844,260.008942
1777903136.771946,2.670000,367.222229,260.009064
1777903136.783073,2.697000,367.222229,259.981873
1777903136.794201,2.643000,367.158844,260.008942
1777903136.805328,2.665000,367.287354,259.981598
1777903136.816455,2.648000,367.222229,260.009064
1777903136.827584,2.681000,367.287354,259.981598
1777903136.838711,2.648000,367.188202,260.056702
1777903136.849837,2.670000,367.158844,260.008942
1777903136.860965,2.654000,367.222229,260.009064
1777903136.872092,2.659000,367.158844,260.008942
1777903136.883219,2.665000,367.222229,260.009064
1777903136.894348,2.670000,367.222229,260.009064
1777903136.905475,2.654000,367.222229,259.981873
1777903136.916602,2.648000,367.222229,260.009064
1777903136.927730,2.665000,367.222229,260.009064
1777903136.938857,2.665000,367.287354,259.981598
1777903136.949984,2.659000,367.158844,260.008942
1777903136.961112,2.648000,367.158844,260.008942
1777903136.972239,2.654000,367.222229,260.009064
1777903136.983366,2.665000,367.287354,259.981598
1777903136.994494,2.654000,367.287354,259.981598
1777903137.005621,2.648000,367.158844,260.008942
1777903137.016748,2.675000,367.158844,260.008942
1777903137.027875,2.643000,367.287354,259.981598
1777903137.039003,2.648000,367.222229,259.981873
1777903137.050130,2.659000,367.252869,260.029877
1777903137.061257,2.654000,367.324249,259.920624
1777903137.072385,2.681000,367.222229,260.009064
1777903137.083512,2.665000,367.099762,259.995453
1777903137.094639,2.654000,367.287354,259.981598
1777903137.105767,2.659000,367.158844,260.008942
1777903137.116894,2.638000,367.158844,260.008942
1777903137.128021,2.686000,367.222229,260.009064
1777903137.139149,2.697000,367.287354,259.981598
1777903137.150276,2.648000,367.222229,259.981873
1777903137.161403,2.670000,367.259521,259.921692
1777903137.172531,2.665000,367.222229,259.981873
1777903137.183658,2.648000,367.158844,260.008942
1777903137.194785,2.648000,367.222229,260.009064
1777903137.205913,2.659000,367.287354,259.981598
1777903137.217040,2.638000,367.158844,260.008942
1777903137.228167,2.665000,367.158844,260.008942
1777903137.239295,2.670000,367.196472,259.949219
1777903137.250422,2.654000,367.222229,260.009064
1777903137.261549,2.681000,367.222229,260.009064
1777903137.272677,2.638000,367.222229,260.009064
1777903137.283804,2.654000,367.222229,259.981873
1777903137.294931,2.659000,367.222229,259.981873
1777903137.306059,2.643000,367.222229,259.981873
1777903137.317186,2.659000,367.158844,260.008942
1777903137.328313,2.654000,367.287354,259.981598
1777903137.339441,2.654000,367.222229,260.009064
1777903137.350568,2.665000,367.196472,259.949219
1777903137.361696,2.670000,367.222229,260.009064
1777903137.372823,2.686000,367.222229,260.009064
1777903137.383951,2.659000,367.222229,260.009064
1777903137.395078,2.654000,367.287354,259.981598
1777903137.406206,2.665000,367.222229,260.009064
1777903137.417333,2.648000,367.222229,260.009064
1777903137.428460,2.675000,367.287354,259.981598
1777903137.439588,2.670000,367.222229,260.009064
1777903137.450715,2.686000,367.222229,260.009064
1777903137.461843,2.648000,367.287354,259.981598
1777903137.472970,2.670000,367.222229,260.009064
1777903137.484098,2.643000,367.259521,259.948547
1777903137.495225,2.659000,367.158844,260.008942
1777903137.506352,2.648000,367.158844,260.008942
1777903137.517480,2.670000,367.222229,259.981873
1777903137.528607,2.675000,367.222229,260.009064
1777903137.539734,2.659000,367.222229,259.981873
1777903137.550862,2.659000,367.196472,259.949219
1777903137.561989,2.665000,367.287354,259.981598
1777903137.573117,2.654000,367.225281,260.043671
1777903137.584245,2.670000,367.158844,260.008942
1777903137.595371,2.665000,367.222229,260.009064
1777903137.606499,2.659000,367.158844,260.008942
1777903137.617627,2.665000,367.222229,259.981873
1777903137.628754,2.654000,367.287354,259.981598
1777903137.639881,2.659000,367.287354,259.981598
1777903137.651009,2.665000,367.222229,260.009064
1777903137.662136,2.665000,367.222229,259.981873
1777903137.673263,2.654000,367.222229,259.981873
1777903137.684391,2.670000,367.319336,260.030304
1777903137.695518,2.670000,367.222229,260.009064
1777903137.706646,2.675000,367.287354,259.981598
1777903137.717774,2.643000,367.158844,260.008942
1777903137.728901,2.675000,367.287354,259.981598
1777903137.740028,2.648000,367.222229,260.009064
1777903137.751156,2.659000,367.158844,260.008942
1777903137.762283,2.670000,367.158844,260.008942
1777903137.773410,2.670000,367.158844,260.008942
1777903137.784539,2.648000,367.222229,260.009064
1777903137.795666,2.648000,367.222229,260.009064
1777903137.806793,2.665000,367.222229,260.009064
1777903137.817921,2.648000,367.222229,260.009064
1777903137.829048,2.665000,367.222229,259.981873
1777903137.840175,2.659000,367.158844,260.008942
1777903137.851303,2.686000,367.324249,259.920624
1777903137.862430,2.665000,367.222229,260.009064
1777903137.873557,2.654000,367.287354,259.981598
1777903137.884686,2.665000,367.287354,259.981598
1777903137.895813,2.692000,367.287354,259.981598
1777903137.906940,2.665000,367.287354,259.981598
1777903137.918067,2.654000,367.222229,260.009064
1777903137.929195,2.665000,367.222229,259.981873
1777903137.940322,2.659000,367.259521,259.921692
1777903137.951449,2.670000,367.222229,259.981873
1777903137.962577,2.665000,367.222229,260.009064
1777903137.973704,2.648000,367.158844,260.008942
1777903137.984831,2.648000,367.222229,260.009064
1777903137.995960,2.659000,367.287354,259.981598
1777903138.007087,2.654000,367.158844,260.008942
1777903138.018214,2.659000,367.222229,260.009064
1777903138.029342,2.670000,367.222229,259.981873
1777903138.040469,2.659000,367.222229,260.009064
1777903138.051596,2.654000,367.324249,259.920624
1777903138.062724,2.643000,367.222229,259.981873
1777903138.073851,2.648000,367.222229,259.981873
1777903138.084978,2.665000,367.287354,259.981598
1777903138.096107,2.686000,367.222229,260.009064
1777903138.107233,2.675000,367.158844,260.008942
1777903138.118361,2.648000,367.222229,260.009064
1777903138.129489,2.648000,367.259521,259.948547
1777903138.140616,2.648000,367.158844,260.008942
1777903138.151743,2.638000,367.222229,260.009064
1777903138.162871,2.648000,367.222229,259.981873
1777903138.173998,2.643000,367.222229,260.009064
1777903138.185125,2.654000,367.196472,259.949219
1777903138.196253,2.659000,367.287354,259.981598
1777903138.207380,2.654000,367.259521,259.948547
1777903138.218508,2.659000,367.287354,259.981598
1777903138.229636,2.665000,367.324249,259.920624
1777903138.240763,2.659000,367.222229,259.981873
1777903138.251890,2.643000,367.287354,259.981598
1777903138.263018,2.648000,367.259521,259.921692
1777903138.274145,2.665000,367.287354,259.981598
1777903138.285272,2.665000,367.222229,260.009064
1777903138.296400,2.670000,367.222229,260.009064
1777903138.307527,2.665000,367.158844,260.008942
1777903138.318655,2.670000,367.259521,259.948547
1777903138.329782,2.643000,367.287354,259.981598
1777903138.340910,2.654000,367.222229,259.981873
1777903138.352037,2.643000,367.259521,259.948547
1777903138.363164,2.665000,367.222229,259.981873
1777903138.374292,2.659000,367.222229,259.981873
1777903138.385419,2.648000,367.222229,260.009064
1777903138.396546,2.659000,367.287354,259.981598
1777903138.407674,2.659000,367.222229,260.009064
1777903138.418801,2.665000,367.222229,260.009064
1777903138.429928,2.659000,367.324249,259.920624
1777903138.441056,2.654000,367.287354,259.981598
1777903138.452183,2.675000,367.287354,259.981598
1777903138.463310,2.659000,367.287354,259.981598
1777903138.474439,2.670000,367.287354,259.981598
1777903138.485566,2.643000,367.259521,259.948547
1777903138.496693,2.648000,367.158844,260.008942
1777903138.507821,2.665000,367.158844,260.008942
1777903138.518948,2.648000,367.287354,259.981598
1777903138.530075,2.654000,367.287354,259.981598
1777903138.541203,2.643000,367.158844,260.008942
1777903138.552330,2.654000,367.324249,259.920624
1777903138.563457,2.654000,367.222229,260.009064
1777903138.574585,2.659000,367.188202,260.056702
1777903138.585712,2.665000,367.222229,260.009064
1777903138.596840,2.659000,367.222229,259.981873
1777903138.607968,2.665000,367.287354,259.981598
1777903138.619095,2.648000,367.222229,260.009064
1777903138.630222,2.659000,367.222229,259.981873
1777903138.641350,2.670000,367.287354,259.981598
1777903138.652477,2.659000,367.259521,259.921692
1777903138.663604,2.665000,367.222229,260.009064
1777903138.674732,2.665000,367.324249,259.920624
1777903138.685859,2.665000,367.222229,259.981873
1777903138.696986,2.665000,367.222229,260.009064
1777903138.708114,2.670000,367.287354,259.981598
1777903138.719241,2.665000,367.222229,259.981873
1777903138.730368,2.654000,367.158844,260.008942
1777903138.741497,2.665000,367.287354,259.981598
1777903138.752624,2.659000,367.324249,259.920624
1777903138.763751,2.665000,367.222229,260.009064
1777903138.774879,2.675000,367.287354,259.981598
1777903138.786006,2.648000,367.324249,259.920624
1777903138.797133,2.675000,367.287354,259.981598
1777903138.808260,2.665000,367.324249,259.920624
1777903138.819388,2.665000,367.287354,259.981598
1777903138.830515,2.654000,367.287354,259.981598
1777903138.841642,2.643000,367.324249,259.920624
1777903138.852771,2.675000,367.222229,260.009064
1777903138.863898,2.648000,367.287354,259.981598
1777903138.875025,2.654000,367.222229,260.009064
1777903138.886153,2.665000,367.222229,260.009064
1777903138.897280,2.659000,367.196472,259.949219
1777903138.908407,2.659000,367.287354,259.981598
1777903138.919535,2.648000,367.287354,259.981598
1777903138.930662,2.654000,367.287354,259.981598
1777903138.941789,2.648000,367.259521,259.921692
1777903138.952917,2.648000,367.259521,259.921692
1777903138.964044,2.659000,367.287354,259.981598
1777903138.975171,2.654000,367.259521,259.921692
1777903138.986299,2.665000,367.222229,259.981873
1777903138.997427,2.665000,367.158844,260.008942
1777903139.008554,2.648000,367.287354,259.981598
1777903139.019682,2.648000,367.158844,260.008942
1777903139.030809,2.648000,367.290253,259.995453
1777903139.041936,2.648000,367.324249,259.920624
1777903139.053064,2.659000,367.287354,259.981598
1777903139.064191,2.659000,367.287354,259.981598
1777903139.075318,2.659000,367.287354,259.981598
1777903139.086446,2.648000,367.222229,260.009064
1777903139.097573,2.670000,367.222229,260.009064
1777903139.108700,2.681000,367.324249,259.920624
1777903139.119828,2.665000,367.287354,259.981598
1777903139.130955,2.659000,367.287354,259.981598
1777903139.142082,2.692000,367.259521,259.948547
1777903139.153210,2.665000,367.259521,259.948547
1777903139.164338,2.648000,367.324249,259.920624
1777903139.175465,2.681000,367.222229,259.981873
1777903139.186593,2.659000,367.222229,259.981873
1777903139.197720,2.643000,367.287354,259.981598
1777903139.208847,2.648000,367.287354,259.981598
1777903139.219975,2.648000,367.259521,259.948547
1777903139.231102,2.659000,367.324249,259.920624
1777903139.242229,2.648000,367.324249,259.920624
1777903139.253356,2.670000,367.287354,259.981598
1777903139.264484,2.659000,367.287354,259.981598
1777903139.275611,2.648000,367.287354,259.981598
1777903139.286739,2.654000,367.222229,259.981873
1777903139.297866,2.670000,367.287354,259.981598
1777903139.308994,2.648000,367.259521,259.948547
1777903139.320121,2.659000,367.222229,260.009064
1777903139.331249,2.659000,367.222229,260.009064
1777903139.342376,2.659000,367.196472,259.949219
1777903139.353503,2.665000,367.324249,259.920624
1777903139.364631,2.665000,367.319336,260.030304
1777903139.375758,2.648000,367.287354,259.981598
1777903139.386885,2.670000,367.287354,259.981598
1777903139.398013,2.659000,367.158844,260.008942
1777903139.409141,2.659000,367.259521,259.948547
1777903139.420268,2.648000,367.287354,259.981598
1777903139.431396,2.659000,367.287354,259.981598
1777903139.442523,2.665000,367.222229,260.009064
1777903139.453650,2.659000,367.222229,260.009064
1777903139.464778,2.643000,367.324249,259.920624
1777903139.475905,2.654000,367.287354,259.981598
1777903139.487033,2.648000,367.287354,259.981598
1777903139.498161,2.654000,367.287354,259.981598
1777903139.509288,2.648000,367.222229,259.981873
1777903139.520415,2.659000,367.287354,259.981598
1777903139.531543,2.659000,367.287354,259.981598
1777903139.542670,2.638000,367.287354,259.981598
1777903139.553797,2.665000,367.324249,259.920624
1777903139.564925,2.633000,367.196472,259.949219
1777903139.576053,2.654000,367.287354,259.981598
1777903139.587180,2.659000,367.287354,259.981598
1777903139.598308,2.670000,367.287354,259.981598
1777903139.609435,2.665000,367.222229,260.009064
1777903139.620562,2.648000,367.222229,259.981873
1777903139.631691,2.643000,367.324249,259.920624
1777903139.642818,2.675000,367.158844,260.008942
1777903139.653944,2.659000,367.222229,260.009064
1777903139.665073,2.659000,367.196472,259.949219
1777903139.676200,2.654000,367.222229,259.981873
1777903139.687327,2.654000,367.196472,259.949219
1777903139.698454,2.665000,367.287354,259.981598
1777903139.709582,2.648000,367.287354,259.981598
1777903139.720710,2.659000,367.324249,259.920624
1777903139.731837,2.659000,367.324249,259.920624
1777903139.742965,2.659000,367.287354,259.981598
1777903139.754092,2.665000,367.287354,259.981598
1777903139.765219,2.654000,367.222229,260.009064
1777903139.776347,2.659000,367.287354,259.981598
1777903139.787474,2.648000,367.222229,260.009064
1777903139.798602,2.648000,367.324249,259.920624
1777903139.809730,2.648000,367.222229,260.009064
1777903139.820857,2.643000,367.287354,259.981598
1777903139.831984,2.665000,367.222229,260.009064
1777903139.843112,2.648000,367.287354,259.981598
1777903139.854239,2.648000,367.287354,259.981598
1777903139.865366,2.665000,367.287354,259.981598
1777903139.876494,2.648000,367.158844,260.008942
1777903139.887622,2.654000,367.287354,259.981598
1777903139.898749,2.648000,367.259521,259.921692
1777903139.909877,2.659000,367.287354,259.981598
1777903139.921004,2.654000,367.282227,260.073334
1777903139.932131,2.638000,367.287354,259.981598
1777903139.943259,2.654000,367.287354,259.981598
1777903139.954386,2.648000,367.222229,260.009064
1777903139.965514,2.659000,367.287354,259.981598
1777903139.976642,2.654000,367.222229,260.009064
1777903139.987769,2.670000,367.158844,260.008942
1777903139.998896,2.654000,367.287354,259.981598
1777903140.010024,2.659000,367.287354,259.981598
1777903140.021151,2.648000,367.222229,259.981873
1777903140.032279,2.665000,367.287354,259.981598
1777903140.043406,2.654000,367.222229,260.009064
1777903140.054534,2.709000,367.158844,260.008942
1777903140.065661,2.659000,367.222229,260.009064
1777903140.076789,2.659000,367.324249,259.920624
1777903140.087916,2.681000,367.287354,259.981598
1777903140.099043,2.638000,367.287354,259.981598
1777903140.110171,2.643000,367.317993,260.013153
1777903140.121299,2.659000,367.158844,260.008942
1777903140.132426,2.654000,367.158844,260.008942
1777903140.143553,2.675000,367.287354,259.981598
1777903140.154681,2.648000,367.158844,260.008942
1777903140.165808,2.659000,367.324249,259.920624
1777903140.176935,2.659000,367.287354,259.981598
1777903140.188063,2.648000,367.287354,259.981598
1777903140.199191,2.643000,367.324249,259.920624
1777903140.210318,2.659000,367.287354,259.981598
1777903140.221446,2.643000,367.324249,259.920624
1777903140.232573,2.659000,367.346832,260.047302
1777903140.243700,2.654000,367.287354,259.981598
1777903140.254828,2.659000,367.324249,259.920624
1777903140.265955,2.654000,367.324249,259.920624
1777903140.277082,2.659000,367.158844,260.008942
1777903140.288211,2.643000,367.287354,259.981598
1777903140.299338,2.648000,367.287354,259.981598
1777903140.310465,2.659000,367.287354,259.981598
1777903140.321593,2.665000,367.287354,259.981598
1777903140.332720,2.659000,367.287354,259.981598
1777903140.343848,2.648000,367.324249,259.920624
1777903140.354976,2.648000,367.287354,259.981598
1777903140.366103,2.659000,367.259521,259.948547
1777903140.377230,2.654000,367.222229,259.981873
1777903140.388358,2.648000,367.287354,259.981598
1777903140.399485,2.648000,367.328735,259.981598
1777903140.410612,2.648000,367.287354,259.981598
1777903140.410612,2.643000,367.287354,259.981598
1777903140.432867,2.643000,367.259521,259.948547
1777903140.443994,2.648000,367.259521,259.948547
1777903140.455122,2.659000,367.287354,259.981598
1777903140.466249,2.648000,367.287354,259.981598
1777903140.477377,2.654000,367.259521,259.921692
1777903140.488505,2.654000,367.259521,259.948547
1777903140.499632,2.665000,367.287354,259.981598
1777903140.510759,2.659000,367.287354,259.981598
1777903140.521887,2.665000,367.287354,259.981598
1777903140.533014,2.659000,367.324249,259.920624
1777903140.544141,2.654000,367.324249,259.920624
1777903140.555269,2.648000,367.324249,259.920624
1777903140.566396,2.648000,367.287354,259.981598
1777903140.577524,2.681000,367.287354,259.981598
1777903140.588651,2.648000,367.324249,259.920624
1777903140.599779,2.659000,367.222229,260.009064
1777903140.610906,2.665000,367.324249,259.920624
1777903140.622033,2.659000,367.287354,259.981598
1777903140.633161,2.648000,367.222229,260.009064
1777903140.644288,2.665000,367.259521,259.921692
1777903140.655415,2.648000,367.222229,260.009064
1777903140.666543,2.665000,367.287354,259.981598
1777903140.677670,2.654000,367.222229,260.009064
1777903140.688798,2.643000,367.324249,259.920624
1777903140.699926,2.670000,367.222229,260.009064
1777903140.711053,2.665000,367.287354,259.981598
1777903140.722180,2.654000,367.222229,260.009064
1777903140.733308,2.665000,367.158844,260.008942
1777903140.744435,2.643000,367.222229,260.009064
1777903140.755562,2.648000,367.222229,260.009064
1777903140.766690,2.643000,367.346832,260.047302
1777903140.777817,2.648000,367.324249,259.920624
1777903140.788944,2.665000,367.287354,259.981598
1777903140.800072,2.648000,367.346832,260.047302
1777903140.811200,2.654000,367.324249,259.920624
1777903140.822327,2.648000,367.324249,259.920624
1777903140.833455,2.638000,367.324249,259.920624
1777903140.844582,2.665000,367.324249,259.920624
1777903140.855709,2.654000,367.287354,259.981598
1777903140.866837,2.659000,367.287354,259.981598
1777903140.877964,2.659000,367.222229,259.981873
1777903140.889091,2.638000,367.324249,259.920624
1777903140.900219,2.648000,367.287354,259.981598
1777903140.911347,2.659000,367.259521,259.948547
1777903140.922474,2.659000,367.287354,259.981598
1777903140.933602,2.648000,367.287354,259.981598
1777903140.944729,2.654000,367.287354,259.981598
1777903140.955856,2.638000,367.346832,260.047302
1777903140.966984,2.659000,367.222229,259.981873
1777903140.978111,2.659000,367.287354,259.981598
1777903140.989238,2.643000,367.317993,260.013153
1777903141.000366,2.648000,367.222229,260.009064
1777903141.011493,2.659000,367.158844,260.008942
1777903141.022621,2.659000,367.287354,259.981598
1777903141.033748,2.659000,367.324249,259.920624
1777903141.044876,2.648000,367.382233,259.986664
1777903141.056003,2.675000,367.158844,260.008942
1777903141.067130,2.670000,367.222229,259.981873
1777903141.078258,2.648000,367.287354,259.981598
1777903141.089385,2.648000,367.259521,259.948547
1777903141.100512,2.643000,367.219299,260.072357
1777903141.111640,2.648000,367.222229,260.009064
1777903141.122768,2.654000,367.287354,259.981598
1777903141.133894,2.648000,367.222229,260.009064
1777903141.145023,2.654000,367.259521,259.948547
1777903141.156150,2.665000,367.287354,259.981598
1777903141.167277,2.648000,367.287354,259.981598
1777903141.178405,2.654000,367.222229,260.009064
1777903141.189532,2.654000,367.346832,260.047302
1777903141.200659,2.643000,367.287354,259.981598
1777903141.211787,2.654000,367.222229,260.009064
1777903141.222914,2.648000,367.287354,259.981598
1777903141.234041,2.686000,367.287354,259.981598
1777903141.245170,2.659000,367.259521,259.948547
1777903141.256297,2.648000,367.158844,260.008942
1777903141.267424,2.659000,367.346832,260.047302
1777903141.278552,2.659000,367.346832,260.047302
1777903141.289679,2.643000,367.287354,259.981598
1777903141.300806,2.654000,367.222229,260.009064
1777903141.311934,2.659000,367.382233,259.986664
1777903141.323061,2.659000,367.287354,259.981598
1777903141.334188,2.648000,367.287354,259.981598
1777903141.345317,2.659000,367.287354,259.981598
1777903141.356444,2.648000,367.287354,259.981598
1777903141.367571,2.638000,367.324249,259.920624
1777903141.378699,2.670000,367.324249,259.920624
1777903141.389826,2.670000,367.346832,260.047302
1777903141.400953,2.648000,367.287354,259.981598
1777903141.412081,2.648000,367.346832,260.047302
1777903141.423208,2.654000,367.287354,259.981598
1777903141.434336,2.654000,367.324249,259.920624
1777903141.445464,2.648000,367.324249,259.920624
1777903141.456591,2.654000,367.382233,259.986664
1777903141.467718,2.648000,367.287354,259.981598
1777903141.478845,2.675000,367.282227,260.073334
1777903141.489973,2.648000,367.287354,259.981598
1777903141.501101,2.665000,367.287354,259.981598
1777903141.512228,2.659000,367.324249,259.920624
1777903141.523356,2.654000,367.222229,259.981873
1777903141.534483,2.648000,367.324249,259.920624
1777903141.545610,2.659000,367.324249,259.920624
1777903141.556738,2.659000,367.324249,259.920624
1777903141.567865,2.665000,367.222229,259.981873
1777903141.578992,2.654000,367.324249,259.920624
1777903141.590121,2.648000,367.346832,260.047302
1777903141.601248,2.648000,367.346832,260.047302
1777903141.612375,2.654000,367.346832,260.047302
1777903141.623503,2.665000,367.346832,260.047302
1777903141.634630,2.665000,367.222229,260.009064
1777903141.645757,2.670000,367.382233,259.986664
1777903141.656885,2.654000,367.346832,260.047302
1777903141.668013,2.659000,367.346832,260.047302
1777903141.679140,2.654000,367.282227,260.046661
1777903141.690268,2.670000,367.324249,259.920624
1777903141.701395,2.648000,367.287354,259.981598
1777903141.712522,2.675000,367.222229,260.009064
1777903141.723650,2.648000,367.346832,260.047302
1777903141.734777,2.659000,367.287354,259.981598
1777903141.745904,2.665000,367.282227,260.073334
1777903141.757033,2.643000,367.287354,259.981598
1777903141.768160,2.643000,367.287354,259.981598
1777903141.779287,2.659000,367.287354,259.981598
1777903141.790415,2.659000,367.259521,259.921692
1777903141.801542,2.654000,367.287354,259.981598
1777903141.812670,2.654000,367.324249,259.920624
1777903141.823798,2.643000,367.282227,260.073334
1777903141.834925,2.648000,367.346832,260.047302
1777903141.846052,2.665000,367.282227,260.046661
1777903141.857180,2.659000,367.346832,260.047302
1777903141.868307,2.654000,367.222229,260.009064
1777903141.879434,2.670000,367.324249,259.920624
1777903141.890563,2.654000,367.282227,260.073334
1777903141.901690,2.648000,367.287354,259.981598
1777903141.912817,2.638000,367.346832,260.047302
1777903141.923944,2.654000,367.287354,259.981598
1777903141.935072,2.665000,367.382233,259.986664
1777903141.946199,2.654000,367.287354,259.981598
1777903141.957326,2.648000,367.287354,259.981598
1777903141.968454,2.643000,367.382233,259.986664
1777903141.979582,2.654000,367.287354,259.981598
1777903141.990709,2.659000,367.346832,260.047302
1777903142.001837,2.654000,367.259521,259.948547
1777903142.012964,2.648000,367.287354,259.981598
1777903142.024091,2.643000,367.346832,260.047302
1777903142.035219,2.648000,367.346832,260.047302
1777903142.046346,2.643000,367.259521,259.921692
1777903142.057474,2.659000,367.399536,260.075348
1777903142.068602,2.659000,367.346832,260.047302
1777903142.079729,2.659000,367.346832,260.047302
1777903142.090856,2.659000,367.382233,259.986664
1777903142.101984,2.654000,367.346832,260.047302
1777903142.113111,2.643000,367.287354,259.981598
1777903142.124238,2.681000,367.287354,259.981598
1777903142.135366,2.659000,367.382233,259.986664
1777903142.146494,2.665000,367.222229,260.009064
1777903142.157621,2.638000,367.346832,260.047302
1777903142.168749,2.648000,367.382233,259.986664
1777903142.179876,2.648000,367.282227,260.046661
1777903142.191003,2.659000,367.346832,260.047302
1777903142.202131,2.654000,367.324249,259.920624
1777903142.213259,2.654000,367.382233,259.986664
1777903142.224386,2.648000,367.317993,260.013153
1777903142.235514,2.648000,367.313049,260.121613
1777903142.246641,2.643000,367.317993,260.013153
1777903142.257768,2.659000,367.324249,259.920624
1777903142.268896,2.643000,367.346832,260.047302
1777903142.280023,2.659000,367.287354,259.981598
1777903142.291151,2.665000,367.382233,259.986664
1777903142.302279,2.643000,367.282227,260.073334
1777903142.313406,2.675000,367.259521,259.921692
1777903142.324533,2.643000,367.259521,259.948547
1777903142.335661,2.643000,367.382233,259.986664
1777903142.346788,2.648000,367.382233,259.986664
1777903142.357916,2.648000,367.346832,260.047302
1777903142.369043,2.665000,367.346832,260.047302
1777903142.380171,2.659000,367.287354,259.981598
1777903142.391298,2.648000,367.346832,260.047302
1777903142.402425,2.648000,367.346832,260.047302
1777903142.413553,2.648000,367.287354,259.981598
1777903142.424680,2.648000,367.346832,260.047302
1777903142.435808,2.643000,367.346832,260.047302
1777903142.446936,2.654000,367.346832,260.047302
1777903142.458063,2.659000,367.346832,260.047302
1777903142.469190,2.648000,367.382233,259.986664
1777903142.480318,2.648000,367.282227,260.073334
1777903142.491445,2.648000,367.382233,259.986664
1777903142.502573,2.670000,367.222229,260.009064
1777903142.513701,2.643000,367.346832,260.047302
1777903142.524828,2.670000,367.382233,259.986664
1777903142.535955,2.659000,367.382233,259.986664
1777903142.547083,2.654000,367.346832,260.047302
1777903142.558210,2.659000,367.346832,260.047302
1777903142.569337,2.665000,367.382233,259.986664
1777903142.580466,2.665000,367.222229,260.009064
1777903142.591593,2.654000,367.324249,259.920624
1777903142.602720,2.659000,367.346832,260.047302
1777903142.613848,2.654000,367.282227,260.046661
1777903142.624975,2.670000,367.346832,260.047302
1777903142.647230,2.665000,367.317993,260.013153
1777903142.658358,2.643000,367.346832,260.047302
1777903142.669485,2.654000,367.346832,260.047302
1777903142.680613,2.654000,367.282227,260.073334
1777903142.691740,2.665000,367.382233,259.986664
1777903142.702868,2.648000,367.346832,260.047302
1777903142.713996,2.643000,367.346832,260.047302
1777903142.725123,2.648000,367.346832,260.047302
1777903142.736250,2.659000,367.346832,260.047302
1777903142.747378,2.654000,367.382233,259.986664
1777903142.758505,2.659000,367.287354,259.981598
1777903142.769632,2.654000,367.346832,260.047302
1777903142.780761,2.659000,367.282227,260.046661
1777903142.791888,2.659000,367.346832,260.047302
1777903142.803015,2.665000,367.382233,259.986664
1777903142.814142,2.643000,367.346832,260.047302
1777903142.825270,2.643000,367.382233,259.986664
1777903142.836397,2.665000,367.346832,260.047302
1777903142.847524,2.654000,367.346832,260.047302
1777903142.858653,2.659000,367.382233,259.986664
1777903142.869780,2.648000,367.282227,260.073334
1777903142.880907,2.659000,367.346832,260.047302
1777903142.892035,2.648000,367.382233,259.986664
1777903142.903162,2.648000,367.346832,260.047302
1777903142.914289,2.643000,367.382233,259.986664
1777903142.925417,2.648000,367.282227,260.073334
1777903142.936545,2.659000,367.317993,260.013153
1777903142.947672,2.665000,367.324249,259.920624
1777903142.958800,2.648000,367.382233,259.986664
1777903142.969927,2.643000,367.382233,259.986664
1777903142.981055,2.638000,367.346832,260.047302
1777903142.992183,2.665000,367.382233,259.986664
1777903143.003309,2.665000,367.382233,259.986664
1777903143.014437,2.648000,367.346832,260.047302
1777903143.025565,2.648000,367.346832,260.047302
1777903143.036692,2.659000,367.382233,259.986664
1777903143.047819,2.654000,367.346832,260.047302
1777903143.058948,2.659000,367.346832,260.047302
1777903143.070075,2.648000,367.382233,259.986664
1777903143.081202,2.665000,367.287354,259.981598
1777903143.092330,2.659000,367.382233,259.986664
1777903143.103457,2.659000,367.346832,260.047302
1777903143.114584,2.643000,367.382233,259.986664
1777903143.125712,2.659000,367.382233,259.986664
1777903143.136840,2.670000,367.382233,259.986664
1777903143.147967,2.659000,367.346832,260.047302
1777903143.159095,2.648000,367.317993,260.013153
1777903143.170222,2.659000,367.346832,260.047302
1777903143.181349,2.643000,367.282227,260.073334
1777903143.192477,2.654000,367.346832,260.047302
1777903143.203604,2.648000,367.324249,259.920624
1777903143.214732,2.659000,367.382233,259.986664
1777903143.225860,2.654000,367.346832,260.047302
1777903143.236987,2.648000,367.382233,259.986664
1777903143.248114,2.648000,367.317993,260.013153
1777903143.259241,2.638000,367.346832,260.047302
1777903143.270370,2.648000,367.346832,260.047302
1777903143.281497,2.648000,367.346832,260.047302
1777903143.292624,2.665000,367.382233,259.986664
1777903143.303752,2.648000,367.222229,259.981873
1777903143.314879,2.648000,367.382233,259.986664
1777903143.326006,2.654000,367.259521,259.948547
1777903143.337135,2.648000,367.346832,260.047302
1777903143.348262,2.638000,367.346832,260.047302
1777903143.359389,2.665000,367.317993,260.013153
1777903143.370517,2.654000,367.346832,260.047302
1777903143.381644,2.648000,367.346832,260.047302
1777903143.392771,2.659000,367.378998,260.095886
1777903143.403900,2.659000,367.382233,259.986664
1777903143.415027,2.659000,367.382233,259.986664
1777903143.426154,2.659000,367.346832,260.047302
1777903143.437283,2.643000,367.382233,259.986664
1777903143.448410,2.665000,367.382233,259.986664
1777903143.459537,2.643000,367.346832,260.047302
