timestamp_s,depth_m,pixel_u,pixel_v
1777902667.712812,2.643000,371.270203,261.439392
1777902667.723939,2.627000,371.313568,261.523468
1777902667.735068,2.638000,371.250641,261.516296
1777902667.746195,2.638000,371.313568,261.523468
1777902667.757322,2.638000,371.313568,261.523468
1777902667.768449,2.638000,371.313568,261.523468
1777902667.779577,2.643000,371.289734,261.500000
1777902667.790704,2.638000,371.313568,261.523468
1777902667.801832,2.633000,371.251251,261.512451
1777902667.812960,2.627000,371.333344,261.583954
1777902667.824087,2.638000,371.270203,261.439392
1777902667.835214,2.638000,371.290161,261.664276
1777902667.846343,2.622000,371.333344,261.583954
1777902667.857470,2.643000,371.270203,261.439392
1777902667.868597,2.638000,371.294403,261.593689
1777902667.879725,2.638000,371.313568,261.523468
1777902667.890852,2.638000,371.270203,261.439392
1777902667.901979,2.638000,371.313568,261.523468
1777902667.913108,2.622000,371.313568,261.523468
1777902667.924235,2.633000,371.313568,261.523468
1777902667.935362,2.638000,371.313568,261.523468
1777902667.946490,2.627000,371.333344,261.583954
1777902667.957618,2.643000,371.313568,261.523468
1777902667.968745,2.627000,371.313568,261.523468
1777902667.979873,2.627000,371.313568,261.523468
1777902667.991000,2.627000,371.313568,261.523468
1777902668.002127,2.633000,371.313568,261.523468
1777902668.013255,2.638000,371.313568,261.523468
1777902668.024383,2.633000,371.313568,261.523468
1777902668.035510,2.638000,371.270203,261.439392
1777902668.046638,2.638000,371.270203,261.439392
1777902668.057765,2.643000,371.270203,261.439392
1777902668.068892,2.633000,371.270203,261.439392
1777902668.080020,2.643000,371.270203,261.439392
1777902668.091148,2.638000,371.205139,261.430756
1777902668.102275,2.643000,371.270203,261.439392
1777902668.113403,2.638000,371.270203,261.439392
1777902668.124530,2.643000,371.205139,261.430756
1777902668.135658,2.643000,371.270203,261.439392
1777902668.146786,2.633000,371.205139,261.430756
1777902668.157913,2.638000,371.205139,261.430756
1777902668.169040,2.643000,371.270203,261.439392
1777902668.180168,2.648000,371.270203,261.439392
1777902668.191295,2.643000,371.270203,261.439392
1777902668.202423,2.648000,371.270203,261.439392
1777902668.213550,2.643000,371.270203,261.439392
1777902668.224678,2.643000,371.270203,261.439392
1777902668.235805,2.643000,371.270203,261.439392
1777902668.246932,2.638000,371.270203,261.439392
1777902668.258060,2.633000,371.270203,261.439392
1777902668.269188,2.627000,371.270203,261.439392
1777902668.280315,2.643000,371.270203,261.439392
1777902668.291443,2.633000,371.270203,261.439392
1777902668.302570,2.633000,371.313568,261.523468
1777902668.313698,2.638000,371.270203,261.439392
1777902668.324826,2.638000,371.270203,261.439392
1777902668.335953,2.638000,371.270203,261.439392
1777902668.347080,2.643000,371.270203,261.439392
1777902668.358208,2.627000,371.270203,261.439392
1777902668.369335,2.643000,371.270203,261.439392
1777902668.380463,2.627000,371.270203,261.439392
1777902668.391591,2.643000,371.270203,261.439392
1777902668.402718,2.648000,371.270203,261.439392
1777902668.413845,2.643000,371.270203,261.439392
1777902668.424973,2.659000,371.270203,261.439392
1777902668.436100,2.643000,371.313568,261.523468
1777902668.447228,2.638000,371.270203,261.439392
1777902668.458356,2.643000,371.205139,261.430756
1777902668.469483,2.648000,371.270203,261.439392
1777902668.480610,2.648000,371.270203,261.439392
1777902668.491739,2.633000,371.270203,261.439392
1777902668.502866,2.643000,371.205139,261.430756
1777902668.513993,2.638000,371.270203,261.439392
1777902668.536248,2.643000,371.270203,261.439392
1777902668.547375,2.643000,371.270203,261.439392
1777902668.558504,2.638000,371.270203,261.439392
1777902668.569631,2.643000,371.270203,261.439392
1777902668.580758,2.638000,371.205139,261.430756
1777902668.591887,2.638000,371.270203,261.439392
1777902668.603014,2.648000,371.250641,261.516296
1777902668.614141,2.643000,371.270203,261.439392
1777902668.625269,2.648000,371.270203,261.439392
1777902668.636396,2.654000,371.270203,261.439392
1777902668.647523,2.643000,371.270203,261.439392
1777902668.658651,2.643000,371.270203,261.439392
1777902668.669779,2.638000,371.270203,261.439392
1777902668.680906,2.643000,371.270203,261.439392
1777902668.692033,2.633000,371.205139,261.430756
1777902668.703161,2.633000,371.270203,261.439392
1777902668.714288,2.643000,371.270203,261.439392
1777902668.725415,2.643000,371.205139,261.430756
1777902668.736544,2.648000,371.270203,261.439392
1777902668.747671,2.638000,371.270203,261.439392
1777902668.758798,2.638000,371.270203,261.439392
1777902668.769926,2.643000,371.270203,261.439392
1777902668.781054,2.633000,371.205139,261.430756
1777902668.792181,2.638000,371.270203,261.439392
1777902668.803309,2.654000,371.205139,261.430756
1777902668.814436,2.633000,371.270203,261.439392
1777902668.825563,2.633000,371.270203,261.439392
1777902668.836691,2.643000,371.270203,261.439392
1777902668.847819,2.643000,371.270203,261.439392
1777902668.858946,2.638000,371.205139,261.430756
1777902668.870074,2.638000,371.270203,261.439392
1777902668.881201,2.638000,371.270203,261.439392
1777902668.892328,2.643000,371.270203,261.439392
1777902668.903456,2.633000,371.270203,261.439392
1777902668.914584,2.638000,371.313568,261.523468
1777902668.925711,2.638000,371.270203,261.439392
1777902668.936839,2.638000,371.270203,261.439392
1777902668.947966,2.638000,371.270203,261.439392
1777902668.959094,2.638000,371.270203,261.439392
1777902668.970222,2.648000,371.270203,261.439392
1777902668.981349,2.643000,371.270203,261.439392
1777902668.992476,2.638000,371.270203,261.439392
1777902669.003604,2.627000,371.270203,261.439392
1777902669.014731,2.638000,371.205139,261.430756
1777902669.025858,2.643000,371.270203,261.439392
1777902669.036987,2.643000,371.270203,261.439392
1777902669.048114,2.643000,371.205139,261.430756
1777902669.059241,2.638000,371.270203,261.439392
1777902669.070369,2.643000,371.205139,261.430756
1777902669.081496,2.638000,371.205139,261.430756
1777902669.092623,2.643000,371.270203,261.439392
1777902669.103751,2.622000,371.270203,261.439392
1777902669.114879,2.638000,371.270203,261.439392
1777902669.126006,2.643000,371.270203,261.439392
1777902669.137133,2.638000,371.270203,261.439392
1777902669.148262,2.638000,371.270203,261.439392
1777902669.159389,2.648000,371.205139,261.430756
1777902669.170516,2.638000,371.270203,261.439392
1777902669.181644,2.648000,371.270203,261.439392
1777902669.192771,2.638000,371.205139,261.430756
1777902669.203898,2.638000,371.270203,261.439392
1777902669.215027,2.638000,371.205139,261.430756
1777902669.226154,2.643000,371.270203,261.439392
1777902669.237281,2.648000,371.205139,261.430756
1777902669.248409,2.638000,371.270203,261.439392
1777902669.259536,2.643000,371.270203,261.439392
1777902669.270663,2.643000,371.270203,261.439392
1777902669.281792,2.638000,371.270203,261.439392
1777902669.292919,2.633000,371.270203,261.439392
1777902669.304046,2.638000,371.270203,261.439392
1777902669.315174,2.627000,371.270203,261.439392
1777902669.326302,2.654000,371.270203,261.439392
1777902669.337429,2.638000,371.270203,261.439392
1777902669.348557,2.638000,371.270203,261.439392
1777902669.359684,2.643000,371.270203,261.439392
1777902669.370811,2.643000,371.270203,261.439392
1777902669.381939,2.643000,371.270203,261.439392
1777902669.393067,2.643000,371.270203,261.439392
1777902669.404194,2.643000,371.270203,261.439392
1777902669.415322,2.638000,371.270203,261.439392
1777902669.426449,2.638000,371.270203,261.439392
1777902669.437577,2.643000,371.270203,261.439392
1777902669.448704,2.638000,371.270203,261.439392
1777902669.459832,2.648000,371.270203,261.439392
1777902669.470959,2.638000,371.270203,261.439392
1777902669.482087,2.638000,371.270203,261.439392
1777902669.493214,2.643000,371.351410,261.351410
1777902669.504342,2.643000,371.270203,261.439392
1777902669.515470,2.643000,371.205139,261.430756
1777902669.526597,2.622000,371.270203,261.439392
1777902669.537724,2.654000,371.270203,261.439392
1777902669.548851,2.638000,371.270203,261.439392
1777902669.559979,2.654000,371.205139,261.430756
1777902669.571107,2.643000,371.270203,261.439392
1777902669.582234,2.648000,371.270203,261.439392
1777902669.593362,2.654000,371.270203,261.439392
1777902669.604489,2.633000,371.270203,261.439392
1777902669.615617,2.648000,371.205139,261.430756
1777902669.626745,2.643000,371.270203,261.439392
1777902669.637872,2.643000,371.270203,261.439392
1777902669.648999,2.638000,371.270203,261.439392
1777902669.660127,2.643000,371.270203,261.439392
1777902669.671254,2.648000,371.270203,261.439392
1777902669.682382,2.638000,371.270203,261.439392
1777902669.693510,2.638000,371.205139,261.430756
1777902669.704637,2.659000,371.270203,261.439392
1777902669.715764,2.643000,371.313568,261.523468
1777902669.726892,2.643000,371.205139,261.430756
1777902669.738019,2.643000,371.270203,261.439392
1777902669.749146,2.633000,371.270203,261.439392
1777902669.760274,2.654000,371.270203,261.439392
1777902669.771401,2.643000,371.270203,261.439392
1777902669.782528,2.654000,371.270203,261.439392
1777902669.793656,2.654000,371.270203,261.439392
1777902669.804783,2.643000,371.270203,261.439392
1777902669.815910,2.648000,371.270203,261.439392
1777902669.827038,2.638000,371.270203,261.439392
1777902669.838165,2.638000,371.270203,261.439392
1777902669.849292,2.643000,371.270203,261.439392
1777902669.860420,2.643000,371.270203,261.439392
1777902669.871547,2.654000,371.270203,261.439392
1777902669.882674,2.648000,371.270203,261.439392
1777902669.893802,2.633000,371.270203,261.439392
1777902669.904929,2.648000,371.270203,261.439392
1777902669.916056,2.638000,371.270203,261.439392
1777902669.927184,2.638000,371.270203,261.439392
1777902669.938311,2.627000,371.270203,261.439392
1777902669.949438,2.648000,371.205139,261.430756
1777902669.960566,2.638000,371.270203,261.439392
1777902669.971693,2.643000,371.351410,261.351410
1777902669.982820,2.638000,371.270203,261.439392
1777902669.993947,2.648000,371.270203,261.439392
1777902670.005075,2.643000,371.270203,261.439392
1777902670.016202,2.638000,371.205139,261.430756
1777902670.027329,2.659000,371.270203,261.439392
1777902670.038457,2.638000,371.205139,261.430756
1777902670.049584,2.643000,371.270203,261.439392
1777902670.060711,2.638000,371.270203,261.439392
1777902670.071839,2.648000,371.270203,261.439392
1777902670.082966,2.633000,371.270203,261.439392
1777902670.094093,2.648000,371.205139,261.430756
1777902670.105221,2.638000,371.270203,261.439392
1777902670.116348,2.648000,371.270203,261.439392
1777902670.127475,2.648000,371.270203,261.439392
1777902670.138603,2.648000,371.270203,261.439392
1777902670.149730,2.643000,371.270203,261.439392
1777902670.160857,2.638000,371.270203,261.439392
1777902670.171985,2.648000,371.270203,261.439392
1777902670.183112,2.643000,371.270203,261.439392
1777902670.194239,2.643000,371.270203,261.439392
1777902670.205367,2.643000,371.270203,261.439392
1777902670.216494,2.643000,371.270203,261.439392
1777902670.227621,2.643000,371.205139,261.430756
1777902670.238749,2.633000,371.270203,261.439392
1777902670.249876,2.643000,371.270203,261.439392
1777902670.261003,2.648000,371.270203,261.439392
1777902670.272131,2.638000,371.270203,261.439392
1777902670.283257,2.627000,371.270203,261.439392
1777902670.294385,2.643000,371.205139,261.430756
1777902670.305513,2.648000,371.270203,261.439392
1777902670.316640,2.638000,371.270203,261.439392
1777902670.327767,2.643000,371.205139,261.430756
1777902670.338895,2.643000,371.205139,261.430756
1777902670.350022,2.643000,371.205139,261.430756
1777902670.361149,2.648000,371.270203,261.439392
1777902670.372277,2.643000,371.205139,261.430756
1777902670.383404,2.659000,371.205139,261.430756
1777902670.394531,2.633000,371.205139,261.430756
1777902670.405658,2.643000,371.270203,261.439392
1777902670.416786,2.638000,371.270203,261.439392
1777902670.427913,2.638000,371.270203,261.439392
1777902670.439039,2.648000,371.270203,261.439392
1777902670.450167,2.633000,371.313568,261.523468
1777902670.461294,2.643000,371.270203,261.439392
1777902670.472421,2.643000,371.270203,261.439392
1777902670.483550,2.643000,371.205139,261.430756
1777902670.494677,2.638000,371.205139,261.430756
1777902670.505804,2.643000,371.270203,261.439392
1777902670.516931,2.659000,371.270203,261.439392
1777902670.528058,2.638000,371.270203,261.439392
1777902670.539186,2.648000,371.270203,261.439392
1777902670.550313,2.638000,371.270203,261.439392
1777902670.561440,2.643000,371.270203,261.439392
1777902670.572567,2.648000,371.270203,261.439392
1777902670.583695,2.648000,371.205139,261.430756
1777902670.594822,2.643000,371.270203,261.439392
1777902670.605949,2.643000,371.270203,261.439392
1777902670.617077,2.643000,371.270203,261.439392
1777902670.628204,2.648000,371.270203,261.439392
1777902670.639331,2.643000,371.205139,261.430756
1777902670.650459,2.643000,371.205139,261.430756
1777902670.661586,2.638000,371.270203,261.439392
1777902670.672713,2.654000,371.270203,261.439392
1777902670.683841,2.648000,371.270203,261.439392
1777902670.694968,2.638000,371.205139,261.430756
1777902670.706095,2.648000,371.270203,261.439392
1777902670.717224,2.643000,371.270203,261.439392
1777902670.728351,2.633000,371.205139,261.430756
1777902670.739478,2.643000,371.270203,261.439392
1777902670.750606,2.638000,371.205139,261.430756
1777902670.761733,2.648000,371.205139,261.430756
1777902670.772860,2.638000,371.205139,261.430756
1777902670.783988,2.638000,371.270203,261.439392
1777902670.795115,2.638000,371.270203,261.439392
1777902670.806242,2.638000,371.270203,261.439392
1777902670.817370,2.638000,371.270203,261.439392
1777902670.828498,2.648000,371.270203,261.439392
1777902670.839624,2.638000,371.270203,261.439392
1777902670.850753,2.648000,371.270203,261.439392
1777902670.861880,2.648000,371.270203,261.439392
1777902670.873007,2.648000,371.205139,261.430756
1777902670.884134,2.638000,371.205139,261.430756
1777902670.895262,2.638000,371.270203,261.439392
1777902670.906389,2.659000,371.270203,261.439392
1777902670.917516,2.633000,371.270203,261.439392
1777902670.928644,2.638000,371.205139,261.430756
1777902670.939771,2.638000,371.205139,261.430756
1777902670.950898,2.643000,371.270203,261.439392
1777902670.962027,2.648000,371.270203,261.439392
1777902670.973154,2.648000,371.270203,261.439392
1777902670.984281,2.648000,371.270203,261.439392
1777902670.995409,2.633000,371.270203,261.439392
1777902671.006536,2.633000,371.270203,261.439392
1777902671.017663,2.638000,371.270203,261.439392
1777902671.028791,2.638000,371.270203,261.439392
1777902671.039918,2.638000,371.270203,261.439392
1777902671.051045,2.648000,371.205139,261.430756
1777902671.062174,2.638000,371.270203,261.439392
1777902671.073301,2.654000,371.270203,261.439392
1777902671.084428,2.633000,371.205139,261.430756
1777902671.095556,2.638000,371.270203,261.439392
1777902671.106683,2.643000,371.205139,261.430756
1777902671.117810,2.643000,371.270203,261.439392
1777902671.128938,2.638000,371.270203,261.439392
1777902671.140065,2.648000,371.270203,261.439392
1777902671.151192,2.648000,371.351410,261.351410
1777902671.162320,2.648000,371.205139,261.430756
1777902671.173448,2.659000,371.270203,261.439392
1777902671.184574,2.643000,371.270203,261.439392
1777902671.195703,2.643000,371.270203,261.439392
1777902671.206830,2.648000,371.205139,261.430756
1777902671.217957,2.638000,371.270203,261.439392
1777902671.229085,2.638000,371.270203,261.439392
1777902671.240212,2.643000,371.270203,261.439392
1777902671.251339,2.654000,371.270203,261.439392
1777902671.262467,2.648000,371.205139,261.430756
1777902671.273594,2.643000,371.270203,261.439392
1777902671.284721,2.643000,371.270203,261.439392
1777902671.295849,2.643000,371.270203,261.439392
1777902671.306977,2.638000,371.205139,261.430756
1777902671.318104,2.643000,371.270203,261.439392
1777902671.329231,2.659000,371.270203,261.439392
1777902671.340359,2.638000,371.270203,261.439392
1777902671.351486,2.627000,371.270203,261.439392
1777902671.362613,2.638000,371.270203,261.439392
1777902671.373741,2.643000,371.270203,261.439392
1777902671.384868,2.643000,371.205139,261.430756
1777902671.395995,2.643000,371.205139,261.430756
1777902671.407124,2.648000,371.270203,261.439392
1777902671.418251,2.638000,371.270203,261.439392
1777902671.429378,2.638000,371.270203,261.439392
1777902671.440506,2.643000,371.270203,261.439392
1777902671.451633,2.643000,371.270203,261.439392
1777902671.462760,2.638000,371.270203,261.439392
1777902671.473888,2.638000,371.270203,261.439392
1777902671.485015,2.643000,371.270203,261.439392
1777902671.496142,2.648000,371.270203,261.439392
1777902671.507270,2.648000,371.205139,261.430756
1777902671.518398,2.648000,371.205139,261.430756
1777902671.529524,2.643000,371.205139,261.430756
1777902671.540653,2.638000,371.270203,261.439392
1777902671.551780,2.648000,371.270203,261.439392
1777902671.562907,2.643000,371.270203,261.439392
1777902671.574035,2.654000,371.270203,261.439392
1777902671.585162,2.643000,371.270203,261.439392
1777902671.596289,2.648000,371.270203,261.439392
1777902671.607417,2.638000,371.205139,261.430756
1777902671.618544,2.643000,371.270203,261.439392
1777902671.629671,2.638000,371.270203,261.439392
1777902671.640800,2.638000,371.270203,261.439392
1777902671.651927,2.648000,371.270203,261.439392
1777902671.663054,2.617000,371.270203,261.439392
1777902671.674182,2.638000,371.270203,261.439392
1777902671.685309,2.643000,371.270203,261.439392
1777902671.696436,2.638000,371.205139,261.430756
1777902671.707564,2.659000,371.270203,261.439392
1777902671.718691,2.643000,371.205139,261.430756
1777902671.729818,2.622000,371.313568,261.523468
1777902671.740946,2.633000,371.270203,261.439392
1777902671.752074,2.648000,371.270203,261.439392
1777902671.763201,2.638000,371.313568,261.523468
1777902671.774328,2.638000,371.270203,261.439392
1777902671.785456,2.643000,371.270203,261.439392
1777902671.796583,2.622000,371.270203,261.439392
1777902671.807710,2.638000,371.205139,261.430756
1777902671.818838,2.638000,371.270203,261.439392
1777902671.829965,2.638000,371.270203,261.439392
1777902671.841092,2.643000,371.270203,261.439392
1777902671.852220,2.638000,371.270203,261.439392
1777902671.863348,2.648000,371.270203,261.439392
1777902671.874474,2.643000,371.205139,261.430756
1777902671.885602,2.648000,371.270203,261.439392
1777902671.896730,2.638000,371.205139,261.430756
1777902671.907857,2.638000,371.270203,261.439392
1777902671.918985,2.638000,371.270203,261.439392
1777902671.930112,2.627000,371.270203,261.439392
1777902671.941239,2.654000,371.270203,261.439392
1777902671.952367,2.638000,371.270203,261.439392
1777902671.963494,2.633000,371.270203,261.439392
1777902671.974621,2.643000,371.205139,261.430756
1777902671.985749,2.643000,371.205139,261.430756
1777902671.996876,2.643000,371.270203,261.439392
1777902672.008004,2.633000,371.351410,261.351410
1777902672.019132,2.643000,371.270203,261.439392
1777902672.030259,2.654000,371.270203,261.439392
1777902672.041386,2.638000,371.205139,261.430756
1777902672.052514,2.648000,371.205139,261.430756
1777902672.063641,2.643000,371.270203,261.439392
1777902672.074768,2.638000,371.270203,261.439392
1777902672.085896,2.648000,371.270203,261.439392
1777902672.097023,2.638000,371.270203,261.439392
1777902672.108150,2.648000,371.270203,261.439392
1777902672.119279,2.654000,371.270203,261.439392
1777902672.130406,2.643000,371.205139,261.430756
1777902672.141533,2.622000,371.205139,261.430756
1777902672.152661,2.627000,371.205139,261.430756
1777902672.163788,2.643000,371.205139,261.430756
1777902672.174915,2.654000,371.205139,261.430756
1777902672.186043,2.643000,371.205139,261.430756
1777902672.197170,2.633000,371.205139,261.430756
1777902672.208297,2.633000,371.205139,261.430756
1777902672.219424,2.633000,371.205139,261.430756
1777902672.230552,2.638000,371.205139,261.430756
1777902672.241680,2.622000,371.205139,261.430756
1777902672.252807,2.627000,371.205139,261.430756
1777902672.263935,2.638000,371.205139,261.430756
1777902672.275062,2.633000,371.205139,261.430756
1777902672.286189,2.643000,371.136353,261.439392
1777902672.297317,2.643000,371.136353,261.439392
1777902672.308444,2.633000,371.136353,261.439392
1777902672.319571,2.638000,371.136353,261.439392
1777902672.330699,2.643000,371.205139,261.430756
1777902672.341826,2.643000,371.067169,261.462677
1777902672.352954,2.627000,371.067169,261.462677
1777902672.364082,2.638000,371.069244,261.476929
1777902672.375209,2.638000,371.069244,261.476929
1777902672.386336,2.638000,371.000000,261.500000
1777902672.397464,2.633000,371.000000,261.500000
1777902672.408591,2.638000,371.000000,261.500000
1777902672.419718,2.627000,370.930756,261.507690
1777902672.430846,2.617000,371.000000,261.500000
1777902672.441973,2.617000,370.930756,261.507690
1777902672.453100,2.617000,371.138031,261.468750
1777902672.464229,2.638000,371.000000,261.484375
1777902672.475356,2.617000,371.008270,261.633606
1777902672.486483,2.622000,371.068787,261.476196
1777902672.497611,2.638000,371.068787,261.476196
1777902672.508738,2.638000,371.068787,261.476196
1777902672.519865,2.622000,371.068787,261.476196
1777902672.530993,2.638000,371.068787,261.476196
1777902672.542120,2.633000,371.068787,261.476196
1777902672.553247,2.638000,371.068787,261.476196
1777902672.564375,2.622000,371.138031,261.468750
1777902672.575502,2.643000,371.149048,261.384827
1777902672.586630,2.627000,371.286102,261.341217
1777902672.597758,2.648000,371.286102,261.341217
1777902672.608885,2.654000,371.205963,261.279144
1777902672.620012,2.648000,371.246704,261.131226
1777902672.631140,2.638000,371.145844,260.906250
1777902672.642267,2.617000,371.156097,260.531738
1777902672.653394,2.633000,371.286102,260.341217
1777902672.664521,2.659000,371.286102,260.341217
1777902672.675649,2.643000,371.438477,259.984619
1777902672.686776,2.648000,371.269714,259.577606
1777902672.686776,2.659000,371.269714,259.577606
1777902672.709032,2.643000,371.438477,258.984619
1777902672.720158,2.643000,371.372711,258.412079
1777902672.731285,2.643000,371.376923,258.258972
1777902672.742414,2.617000,371.438599,257.644104
1777902672.753541,2.633000,371.351410,257.351410
1777902672.764668,2.643000,371.380249,256.619751
1777902672.775796,2.648000,371.446960,256.053040
1777902672.786923,2.643000,371.279907,255.346054
1777902672.798049,2.643000,371.299744,254.421188
1777902672.809178,2.638000,371.311432,253.625305
1777902672.820305,2.648000,371.174927,252.747040
1777902672.831432,2.643000,371.158508,251.578094
1777902672.842560,2.659000,371.065216,250.463776
1777902672.853687,2.654000,370.930450,249.398087
1777902672.864814,2.627000,371.099762,247.995468
1777902672.875942,2.622000,370.987000,246.744583
1777902672.887069,2.643000,370.861298,245.306488
1777902672.898196,2.638000,370.906586,243.811035
1777902672.909324,2.643000,370.849884,242.373062
1777902672.920451,2.627000,370.815735,240.846786
1777902672.931578,2.627000,370.706757,239.018982
1777902672.942706,2.612000,370.654388,237.725967
1777902672.953833,2.643000,370.566071,235.925049
1777902672.964960,2.627000,370.451111,234.129745
1777902672.976088,2.606000,370.311890,232.311890
1777902672.987215,2.591000,370.244568,230.605530
1777902672.998342,2.596000,370.271454,228.654694
1777902673.009470,2.612000,370.235870,226.838211
1777902673.020597,2.606000,370.189911,224.965118
1777902673.031724,2.633000,370.198456,222.892105
1777902673.042852,2.606000,370.009796,220.964706
1777902673.053979,2.591000,370.009796,218.964706
1777902673.065106,2.612000,369.947662,216.976746
1777902673.076234,2.581000,369.803375,214.949432
1777902673.087361,2.591000,369.677917,212.840820
1777902673.098488,2.576000,369.677368,210.606064
1777902673.109615,2.502000,369.642242,208.509598
1777902673.120744,2.561000,369.663177,206.404892
1777902673.131870,2.541000,369.620026,204.286697
1777902673.142997,2.556000,369.510315,202.214783
1777902673.154125,2.531000,369.402069,200.044678
1777902673.165252,2.546000,369.379974,197.713303
1777902673.176379,2.541000,369.500000,195.500000
1777902673.187507,2.561000,369.500000,193.500000
1777902673.198635,2.556000,369.427399,191.270630
1777902673.209761,2.561000,369.451660,189.218338
1777902673.220889,2.531000,369.403595,187.223862
1777902673.232017,2.556000,369.290070,185.238785
1777902673.243144,2.546000,369.225922,183.295425
1777902673.254272,2.561000,369.247223,181.341309
1777902673.265399,2.497000,369.197479,179.484985
1777902673.276526,2.507000,369.200623,177.560181
1777902673.287653,2.576000,369.302460,175.967590
1777902673.298780,2.507000,369.242554,174.344284
1777902673.309908,2.517000,369.314148,172.724182
1777902673.321036,2.521000,369.436371,171.118179
1777902673.332163,2.479000,369.570801,169.600296
1777902673.343290,2.517000,369.695404,168.129303
1777902673.354418,2.493000,369.758362,166.765640
1777902673.365545,2.488000,369.706909,165.714081
1777902673.376672,2.493000,369.945404,164.291672
1777902673.387800,2.479000,369.991455,163.094025
1777902673.398927,2.493000,370.045197,162.084747
1777902673.410054,2.507000,370.198059,161.153412
1777902673.421182,2.488000,370.390015,160.394058
1777902673.432309,2.531000,370.394928,159.443100
1777902673.443436,2.526000,370.479675,158.742554
1777902673.454564,2.507000,370.606812,157.923813
1777902673.465691,2.521000,370.654510,157.434555
1777902673.476818,2.502000,370.784485,156.872818
1777902673.487946,2.526000,370.963989,156.520004
1777902673.499073,2.497000,371.014954,156.096603
1777902673.510200,2.561000,371.239441,155.854416
1777902673.521328,2.517000,371.310028,155.658432
1777902673.532455,2.512000,371.381927,155.491226
1777902673.543582,2.493000,371.447998,155.338669
1777902673.554709,2.488000,371.586609,155.078735
1777902673.565837,2.488000,371.563507,155.070099
1777902673.576964,2.497000,371.808746,155.097000
1777902673.588091,2.497000,371.937500,155.091660
1777902673.599219,2.531000,372.224030,155.211868
1777902673.610346,2.493000,372.351929,155.308105
1777902673.621473,2.488000,372.438538,155.536880
1777902673.632601,2.479000,372.633484,155.698471
1777902673.643728,2.479000,372.749664,155.839554
1777902673.654855,2.512000,373.213013,155.939148
1777902673.665983,2.497000,373.381134,156.012299
1777902673.677110,2.479000,373.508331,156.366669
1777902673.688237,2.512000,373.564667,156.537354
1777902673.699365,2.488000,373.877991,156.619049
1777902673.710492,2.483000,374.329071,156.605408
1777902673.721619,2.479000,374.436432,156.765533
1777902673.732747,2.455000,374.621857,156.733887
1777902673.743875,2.428000,374.961212,156.887924
1777902673.755002,2.406000,375.182343,156.918808
1777902673.766130,2.406000,375.448730,156.896011
1777902673.777256,2.424000,375.817657,157.038467
1777902673.788384,2.358000,376.025848,156.952591
1777902673.799512,2.346000,376.246429,156.982910
1777902673.810639,2.455000,376.648468,157.025208
1777902673.821766,2.502000,376.817657,157.081192
1777902673.832894,2.606000,376.991455,157.094025
1777902673.844021,2.665000,377.279877,157.264420
1777902673.855148,2.596000,377.445831,157.437500
1777902673.866276,2.638000,377.610168,157.685028
1777902673.877403,2.502000,377.818298,157.696716
1777902673.888530,2.479000,377.973450,157.769913
1777902673.899658,2.488000,378.283905,157.765533
1777902673.910786,2.483000,378.436432,157.672318
1777902673.921913,2.488000,378.588226,157.641449
1777902673.933041,2.479000,378.603302,157.541321
1777902673.944168,2.469000,378.873230,157.331909
1777902673.955295,2.479000,379.037201,157.243210
1777902673.966423,2.465000,379.099426,157.084030
1777902673.977550,2.442000,379.146881,157.101700
1777902673.988677,2.428000,379.170868,157.012604
1777902673.999804,2.460000,379.298462,156.850769
1777902674.010932,2.502000,379.366669,156.706940
1777902674.022059,2.474000,379.432770,156.487396
1777902674.033186,2.437000,379.471771,156.044357
1777902674.044314,2.375000,379.459015,155.975403
1777902674.055441,2.455000,379.417358,155.684570
1777902674.066569,2.483000,379.500000,155.467209
1777902674.077697,2.483000,379.520325,155.254745
1777902674.088824,2.455000,379.500000,155.000000
1777902674.099951,2.502000,379.439026,154.930893
1777902674.111079,2.460000,379.437500,154.636108
1777902674.122206,2.465000,379.442657,154.422409
1777902674.133333,2.479000,379.392303,154.142654
1777902674.144461,2.502000,379.451599,153.983871
1777902674.155588,2.479000,379.383057,153.931458
1777902674.166715,2.479000,379.310028,153.658432
1777902674.177843,2.460000,379.286469,153.519409
1777902674.188971,2.465000,379.262177,153.357056
1777902674.200097,2.483000,379.101440,153.305664
1777902674.211226,2.479000,379.078979,153.214188
1777902674.222353,2.479000,379.043549,153.141495
1777902674.233480,2.507000,378.871277,153.052841
1777902674.244608,2.497000,378.747589,152.947876
1777902674.255735,2.507000,378.731445,152.879898
1777902674.266862,2.497000,378.662628,152.819168
1777902674.277990,2.493000,378.662628,152.819168
1777902674.289117,2.488000,378.487610,152.647385
1777902674.300244,2.479000,378.367859,152.403717
1777902674.311372,2.479000,378.318604,152.103073
1777902674.322499,2.460000,378.233734,151.857895
1777902674.333626,2.483000,378.035706,151.693115
1777902674.344754,2.451000,377.863464,151.318604
1777902674.355881,2.479000,377.749664,150.925034
1777902674.367008,2.469000,377.527344,150.632812
1777902674.378137,2.479000,377.488281,150.135422
1777902674.389264,2.512000,377.318665,149.770660
1777902674.400391,2.474000,377.193268,149.402069
1777902674.411519,2.469000,377.000000,149.000000
1777902674.422646,2.465000,376.917969,148.783859
1777902674.433773,2.465000,376.697449,148.673355
1777902674.444900,2.451000,376.548767,148.479675
1777902674.456028,2.497000,376.560486,148.528229
1777902674.467155,2.493000,376.451233,148.585373
1777902674.478282,2.465000,376.423035,148.796524
1777902674.489410,2.455000,376.391144,148.915329
1777902674.500537,2.465000,376.214203,149.262390
1777902674.511665,2.469000,376.313080,149.560059
1777902674.522793,2.469000,376.293549,149.853226
1777902674.533920,2.469000,376.123596,150.037506
1777902674.545047,2.451000,376.058441,150.284195
1777902674.556175,2.442000,376.268829,150.760757
1777902674.567302,2.469000,376.106049,150.991730
1777902674.578429,2.460000,376.260468,151.304993
1777902674.589557,2.455000,376.258667,151.615997
1777902674.600684,2.493000,376.293549,151.853226
1777902674.611811,2.465000,376.383057,152.133072
1777902674.622939,2.455000,376.334717,152.561035
1777902674.634066,2.479000,376.350006,152.798615
1777902674.645193,2.460000,376.459015,152.975403
1777902674.656321,2.488000,376.483337,153.466660
1777902674.667449,2.483000,376.600006,153.781952
1777902674.678576,2.497000,376.687408,153.943298
1777902674.689704,2.488000,376.753876,154.326294
1777902674.700831,2.493000,376.814331,154.700287
1777902674.711958,2.497000,376.877197,155.057022
1777902674.723086,2.512000,376.948120,155.485855
1777902674.734213,2.479000,377.000000,155.867264
1777902674.745340,2.410000,376.990997,156.234238
1777902674.756469,2.393000,376.990753,156.554016
1777902674.767596,2.350000,377.026306,156.907898
1777902674.778723,2.502000,376.982300,157.141586
1777902674.789851,2.622000,376.941620,157.448547
1777902674.800978,2.643000,376.861359,157.671097
1777902674.812105,2.654000,376.559814,157.707977
1777902674.823233,2.665000,376.508545,157.801987
1777902674.834360,2.556000,376.231323,157.935349
1777902674.845488,2.596000,376.073914,157.926086
1777902674.856616,2.497000,375.773041,157.724823
1777902674.867743,2.350000,375.487183,157.652420
1777902674.878870,2.384000,375.094604,157.510910
1777902674.889997,2.428000,374.768677,157.064651
1777902674.901125,2.474000,374.279388,156.806366
1777902674.912252,2.479000,373.598297,156.541306
1777902674.923380,2.483000,373.184570,155.929749
1777902674.934508,2.488000,372.453674,155.189484
1777902674.945635,2.465000,371.731445,154.790817
1777902674.956762,2.488000,371.176941,153.853226
1777902674.967890,2.502000,370.500000,153.000000
1777902674.979017,2.460000,369.567993,152.059998
1777902674.990144,2.474000,368.773499,151.075928
1777902675.001272,2.479000,367.933594,150.019531
1777902675.012400,2.465000,366.884552,148.884567
1777902675.023527,2.451000,366.093781,147.735107
1777902675.034655,2.479000,365.000000,146.160400
1777902675.045782,2.465000,363.945648,144.721008
1777902675.056909,2.442000,362.936676,143.137390
1777902675.068037,2.442000,361.940155,141.440140
1777902675.079165,2.460000,360.825562,139.722824
1777902675.090292,2.460000,359.739655,137.919708
1777902675.101420,2.460000,358.670319,135.937958
1777902675.112547,2.437000,357.278595,133.981750
1777902675.123674,2.479000,356.214905,131.981689
1777902675.134802,2.442000,355.272614,129.585709
1777902675.145929,2.474000,354.166046,127.423027
1777902675.157056,2.469000,353.231232,125.109474
1777902675.168185,2.469000,352.267883,122.638786
1777902675.179312,2.437000,351.380951,120.081451
1777902675.190439,2.483000,350.500000,117.500000
1777902675.201567,2.451000,349.593750,114.906250
1777902675.212694,2.451000,348.812347,112.326775
1777902675.223821,2.419000,348.264008,109.536003
1777902675.234949,2.424000,347.572388,106.875168
1777902675.246077,2.367000,346.963715,104.163979
1777902675.257204,2.428000,346.332001,101.332008
1777902675.268332,2.354000,346.000000,98.500000
1777902675.279459,2.346000,345.735809,95.625175
1777902675.290586,2.329000,345.072021,92.689262
1777902675.301714,2.354000,344.882263,89.907799
1777902675.312842,2.342000,344.653168,87.124626
1777902675.323968,2.337000,344.592926,84.402657
1777902675.335096,2.380000,344.508942,81.562500
1777902675.346224,2.354000,344.517853,78.793152
1777902675.357351,2.346000,344.559052,76.222717
1777902675.368478,2.337000,344.589294,73.508926
1777902675.379606,2.333000,344.810394,70.990829
1777902675.390733,2.342000,344.920563,68.467293
1777902675.401861,2.317000,345.089111,66.062706
1777902675.412989,2.337000,345.541656,63.661457
1777902675.424116,2.333000,345.677704,61.605892
1777902675.435243,2.329000,346.256134,59.173260
1777902675.446371,2.337000,346.547058,57.319607
1777902675.457498,2.301000,347.019226,55.318375
1777902675.468626,2.329000,347.548187,53.518074
1777902675.479754,2.321000,348.137146,51.685654
1777902675.490881,2.305000,348.532471,50.225109
1777902675.502008,2.321000,349.290039,48.545456
1777902675.513136,2.317000,349.769226,47.435898
1777902675.524263,2.305000,350.500000,46.000000
1777902675.535390,2.305000,351.026917,44.749481
1777902675.546519,2.317000,351.589111,43.714886
1777902675.557646,2.313000,352.185669,42.874722
1777902675.568773,2.337000,352.881592,42.039474
1777902675.579901,2.321000,353.473694,41.348682
1777902675.591028,2.333000,354.077271,40.646801
1777902675.602155,2.325000,354.577026,40.128735
1777902675.613283,2.337000,355.135071,39.808277
1777902675.624411,2.333000,355.757172,39.267109
1777902675.635538,2.346000,356.162323,39.000000
1777902675.646666,2.371000,356.622986,39.052872
1777902675.657793,2.337000,357.180817,38.891068
1777902675.668920,2.333000,357.798309,38.794056
1777902675.680048,2.333000,358.120422,38.879570
1777902675.691175,2.325000,358.239319,38.955128
1777902675.702303,2.346000,358.943024,39.037975
1777902675.713431,2.337000,359.102264,39.137012
1777902675.724558,2.337000,359.313263,39.481926
1777902675.735685,2.325000,359.554230,39.808678
1777902675.746813,2.329000,359.877075,40.049999
1777902675.757941,2.337000,360.096344,40.319847
1777902675.769068,2.317000,359.903656,40.680153
1777902675.780195,2.333000,360.113129,41.082829
1777902675.791323,2.329000,360.022736,41.386364
1777902675.802450,2.313000,359.900757,41.754681
1777902675.813577,2.333000,359.760132,42.262787
1777902675.824706,2.293000,359.670197,42.520283
1777902675.835833,2.301000,359.520844,42.885418
1777902675.846960,2.313000,359.270508,43.347294
1777902675.858088,2.325000,358.869110,43.666668
1777902675.869215,2.317000,358.561768,44.206429
1777902675.880342,2.301000,358.094757,44.612522
1777902675.891470,2.333000,357.558502,45.069149
1777902675.902598,2.321000,356.882233,45.521740
1777902675.913725,2.333000,356.407776,45.966160
1777902675.924853,2.325000,355.776001,46.488537
1777902675.935980,2.301000,355.111694,47.067009
1777902675.947107,2.333000,354.372253,47.727581
1777902675.958236,2.317000,353.558472,48.425831
1777902675.969363,2.293000,352.765106,49.018997
1777902675.980490,2.301000,352.088196,49.816578
1777902675.991618,2.329000,351.111725,50.693695
1777902676.002745,2.293000,350.167572,51.675579
1777902676.013873,2.293000,349.381195,52.529701
1777902676.025001,2.317000,348.495087,53.441177
1777902676.036128,2.313000,347.481476,54.718197
1777902676.047255,2.301000,346.549011,55.970589
1777902676.058383,2.293000,345.637268,57.039215
1777902676.069510,2.305000,344.875397,58.490292
1777902676.080637,2.301000,343.888336,59.863712
1777902676.091766,2.329000,343.000000,61.500000
1777902676.102893,2.293000,342.274811,62.913822
1777902676.114020,2.313000,341.574066,64.648148
1777902676.125148,2.325000,340.834106,66.311424
1777902676.136275,2.301000,340.004669,68.199379
1777902676.147403,2.305000,339.424377,70.245224
1777902676.158531,2.358000,338.896210,71.969299
1777902676.169658,2.321000,338.457275,73.982903
1777902676.180785,2.329000,337.911987,75.940834
1777902676.191913,2.337000,337.576019,77.896790
1777902676.203041,2.313000,337.487701,79.946724
1777902676.214168,2.354000,337.256531,82.187927
1777902676.225295,2.346000,337.036011,84.160004
1777902676.236423,2.358000,336.813171,86.576614
1777902676.247550,2.333000,336.841766,88.795074
1777902676.258677,2.354000,336.819824,90.885460
1777902676.269806,2.337000,337.084625,93.000000
1777902676.280933,2.384000,337.172333,95.081764
1777902676.292060,2.358000,337.362488,97.275032
1777902676.303188,2.321000,337.584259,99.319603
1777902676.314315,2.329000,337.980469,101.404152
1777902676.325442,2.367000,338.286591,103.480934
1777902676.336571,2.354000,338.724091,105.684143
1777902676.347698,2.363000,339.098480,107.568184
1777902676.358825,2.354000,339.731598,109.469414
1777902676.369953,2.346000,340.213287,111.303963
1777902676.381080,2.342000,340.845367,113.261093
1777902676.392208,2.354000,341.322998,115.000000
1777902676.403336,2.346000,342.097595,116.795944
1777902676.414463,2.375000,342.872894,118.472115
1777902676.425590,2.363000,343.453857,120.000000
1777902676.436718,2.397000,344.318909,121.500000
1777902676.447845,2.397000,345.042633,123.031006
1777902676.458973,2.410000,345.870361,124.496033
1777902676.470101,2.451000,346.630066,125.722878
1777902676.481228,2.397000,347.334656,127.342484
1777902676.492355,2.451000,348.285156,128.421875
1777902676.503483,2.460000,349.041504,129.621277
1777902676.514611,2.451000,349.833344,130.809891
1777902676.525738,2.460000,350.676880,131.892715
1777902676.536866,2.442000,351.550385,132.881134
1777902676.547993,2.465000,352.458008,133.875320
1777902676.559120,2.442000,353.405029,134.817612
1777902676.570249,2.437000,354.268402,135.650436
1777902676.581376,2.451000,355.104248,136.569702
1777902676.592503,2.437000,356.046051,137.288483
1777902676.603631,2.437000,356.874084,137.941971
1777902676.614758,2.460000,357.661835,138.474640
1777902676.625885,2.460000,358.661621,139.077988
1777902676.637014,2.451000,359.463226,139.625000
1777902676.648141,2.469000,360.344482,140.039658
1777902676.659268,2.451000,361.096283,140.507401
1777902676.670395,2.465000,361.924469,140.974823
1777902676.681523,2.465000,362.743408,141.438843
1777902676.692651,2.493000,363.363525,141.710144
1777902676.703778,2.451000,364.063782,142.206985
1777902676.714906,2.488000,364.741394,142.585999
1777902676.726033,2.502000,365.439606,142.859909
1777902676.737160,2.469000,366.130493,143.271652
1777902676.748289,2.465000,366.757355,143.542999
1777902676.759416,2.474000,367.371429,143.836899
1777902676.770543,2.465000,368.072906,144.193283
1777902676.781671,2.479000,368.590271,144.534729
1777902676.792798,2.474000,369.106110,144.649368
1777902676.803926,2.460000,369.602753,144.890411
1777902676.815054,2.483000,370.174255,145.181290
1777902676.826181,2.479000,370.700562,145.435028
1777902676.837308,2.460000,371.162689,145.589310
1777902676.848436,2.469000,371.590271,145.716431
1777902676.859564,2.460000,372.003448,145.804596
1777902676.870691,2.465000,372.442566,145.962845
1777902676.881819,2.460000,372.899445,146.093781
1777902676.892946,2.469000,373.137848,146.232773
1777902676.904073,2.465000,373.431976,146.190475
1777902676.915201,2.455000,373.796356,146.328781
1777902676.926329,2.460000,374.000000,146.417801
1777902676.937456,2.455000,374.071930,146.366440
1777902676.948584,2.460000,374.269440,146.328690
1777902676.959711,2.451000,374.418365,146.277771
1777902676.970838,2.451000,374.441772,146.317352
1777902676.981967,2.469000,374.458618,146.274719
1777902676.993094,2.469000,374.431976,146.190475
1777902677.004221,2.460000,374.378387,146.108109
1777902677.015349,2.455000,374.071442,146.057816
1777902677.026477,2.469000,373.899445,145.917511
1777902677.037604,2.442000,373.572418,145.673569
1777902677.048732,2.442000,373.119141,145.607101
1777902677.059859,2.455000,372.739624,145.411896
1777902677.070986,2.451000,372.084473,145.101349
1777902677.082114,2.442000,371.520264,144.831085
1777902677.093242,2.474000,370.820862,144.496597
1777902677.104369,2.451000,369.923157,144.225983
1777902677.115496,2.460000,369.119141,143.607101
1777902677.126624,2.455000,368.142853,143.290253
1777902677.137752,2.455000,367.145630,142.647324
1777902677.148879,2.460000,366.078217,142.146255
1777902677.160007,2.460000,365.020416,141.459183
1777902677.171134,2.455000,363.836792,140.633102
1777902677.182261,2.442000,362.548279,139.620697
1777902677.193389,2.469000,361.244507,138.704727
1777902677.204517,2.455000,359.992950,137.694839
1777902677.215644,2.442000,358.585114,136.524826
1777902677.226772,2.442000,357.270386,135.308853
1777902677.237899,2.442000,355.914276,133.769043
1777902677.249027,2.460000,354.555145,132.400742
1777902677.260155,2.451000,353.091980,130.708481
1777902677.271282,2.460000,351.644531,129.017227
1777902677.282409,2.455000,350.436493,127.340881
1777902677.293537,2.451000,348.891418,125.405304
1777902677.304665,2.437000,347.680389,123.364548
1777902677.315792,2.442000,346.435516,121.346107
1777902677.326920,2.393000,345.167969,119.131783
1777902677.338047,2.342000,344.002533,116.860580
1777902677.349174,2.410000,342.832001,114.531998
1777902677.360302,2.354000,341.856781,112.066406
1777902677.371430,2.384000,340.784485,109.732262
1777902677.382557,2.371000,339.868988,107.134888
1777902677.393685,2.406000,338.913391,104.484253
1777902677.404813,2.354000,338.259399,101.783401
1777902677.415940,2.371000,337.488098,99.051590
1777902677.427068,2.342000,336.772064,96.196312
1777902677.438195,2.329000,336.292145,93.395111
1777902677.449322,2.333000,335.828125,90.578125
1777902677.460450,2.321000,335.460327,87.637566
1777902677.471578,2.337000,335.169342,84.732529
1777902677.482705,2.313000,334.749664,81.772423
1777902677.493833,2.305000,334.665314,78.724464
1777902677.504960,2.329000,334.689972,75.742111
1777902677.516087,2.329000,334.812927,72.794655
1777902677.527215,2.337000,335.088470,69.704582
1777902677.538343,2.321000,335.466095,66.778252
1777902677.549470,2.305000,335.709229,63.924824
1777902677.560597,2.305000,336.359558,61.049381
1777902677.571726,2.321000,337.010010,58.320000
1777902677.582853,2.329000,337.613403,55.855671
1777902677.593980,2.337000,338.480133,53.210709
1777902677.605108,2.325000,339.196594,50.888889
1777902677.616235,2.317000,340.227356,48.603420
1777902677.627362,2.301000,341.156464,46.282314
1777902677.638491,2.293000,342.217743,44.214405
1777902677.649618,2.293000,343.255096,42.394558
1777902677.660745,2.321000,344.336823,40.636997
1777902677.671874,2.293000,345.423920,38.902172
1777902677.683001,2.293000,346.337067,37.381752
1777902677.694128,2.293000,347.557465,36.011494
1777902677.705256,2.325000,348.698669,34.783428
1777902677.716383,2.313000,349.628143,33.761078
1777902677.727510,2.321000,350.680145,32.903660
1777902677.738638,2.289000,351.754913,32.070587
1777902677.749765,2.337000,352.674377,31.448940
1777902677.760892,2.305000,353.547760,30.873295
1777902677.772020,2.321000,354.565308,30.565302
1777902677.783147,2.317000,355.149506,30.191919
1777902677.794274,2.317000,356.113129,30.082829
1777902677.805402,2.325000,356.743744,29.703276
1777902677.816529,2.342000,357.506989,29.578842
1777902677.827656,2.321000,358.128357,29.418219
1777902677.838784,2.333000,358.662689,29.399202
1777902677.849911,2.317000,359.092255,29.368973
1777902677.861038,2.321000,359.542908,29.566866
1777902677.872166,2.333000,359.692627,29.702595
1777902677.883293,2.329000,360.176697,29.757029
1777902677.894420,2.305000,360.483032,29.804392
1777902677.905548,2.333000,360.623779,29.890839
1777902677.916675,2.342000,360.685822,29.948277
1777902677.927802,2.321000,360.754669,30.022472
1777902677.938930,2.317000,360.749054,30.114943
1777902677.950057,2.313000,360.701965,30.147058
1777902677.961184,2.321000,360.582855,30.109161
1777902677.972312,2.321000,360.460236,30.212122
1777902677.983439,2.337000,360.048492,30.258585
1777902677.994566,2.321000,359.917145,30.276134
1777902678.005693,2.313000,359.464691,30.366667
1777902678.016821,2.321000,359.049072,30.316973
1777902678.027948,2.301000,358.535309,30.449020
1777902678.039075,2.337000,357.692627,30.702595
1777902678.050203,2.305000,357.399994,30.768627
1777902678.061330,2.325000,356.566071,30.925049
1777902678.072457,2.337000,355.846741,31.074713
1777902678.083585,2.313000,355.048492,31.258585
1777902678.094712,2.301000,354.000000,31.777121
1777902678.105839,2.305000,353.113129,32.082829
1777902678.116967,2.313000,352.101013,32.311111
1777902678.128094,2.329000,350.875488,33.011494
1777902678.139221,2.321000,349.737946,33.524086
1777902678.150349,2.293000,348.705414,34.046513
1777902678.161476,2.261000,347.489166,34.859959
1777902678.172604,2.289000,346.167603,35.664783
1777902678.183732,2.285000,344.769531,36.643810
1777902678.194858,2.313000,343.592377,37.626667
1777902678.205985,2.305000,342.214569,38.818008
1777902678.217113,2.317000,340.743866,40.199623
1777902678.228240,2.293000,339.325500,41.552940
1777902678.239367,2.301000,338.040222,43.097702
1777902678.250496,2.305000,336.726410,44.651253
1777902678.261623,2.285000,335.323853,46.460228
1777902678.272749,2.301000,334.085236,48.460228
1777902678.283877,2.301000,332.862183,50.443203
1777902678.295005,2.301000,331.598053,52.417648
1777902678.306132,2.305000,330.602264,54.522728
1777902678.317260,2.305000,329.467010,56.814617
1777902678.328387,2.313000,328.590912,59.030304
1777902678.339514,2.321000,327.841827,61.484695
1777902678.350641,2.325000,327.061859,63.797253
1777902678.361768,2.293000,326.619293,66.078949
1777902678.372895,2.305000,326.025238,68.696968
1777902678.384024,2.305000,325.576935,71.175827
1777902678.395151,2.317000,325.478851,73.627747
1777902678.406278,2.317000,325.304718,76.215485
1777902678.417406,2.317000,325.188629,78.749596
1777902678.428533,2.325000,325.317139,81.270226
1777902678.439660,2.325000,325.502441,83.686180
1777902678.450787,2.358000,325.788300,86.409164
1777902678.461915,2.342000,325.981659,88.856270
1777902678.473042,2.337000,326.363892,91.459969
1777902678.484169,2.375000,326.922424,94.000000
1777902678.495297,2.337000,327.479523,96.662567
1777902678.506423,2.329000,327.940491,99.059525
1777902678.517551,2.342000,328.629059,101.675743
1777902678.528679,2.346000,329.341064,104.083656
1777902678.539806,2.337000,330.035950,106.436180
1777902678.550933,2.337000,330.890533,108.908981
1777902678.562061,2.342000,331.688568,111.211678
1777902678.573188,2.358000,332.462402,113.466164
1777902678.584315,2.384000,333.365265,115.721581
1777902678.595443,2.358000,334.234222,117.711708
1777902678.606570,2.380000,335.234222,119.734879
1777902678.617697,2.410000,336.281342,121.526665
1777902678.628825,2.363000,337.227203,123.376869
1777902678.639952,2.424000,338.315857,125.240593
1777902678.651079,2.410000,339.424500,126.825851
1777902678.662207,2.393000,340.645233,128.576981
1777902678.673334,2.428000,341.846771,130.120972
1777902678.684461,2.406000,342.780945,131.639450
1777902678.695589,2.419000,343.962189,133.070023
1777902678.706716,2.424000,345.040436,134.281723
1777902678.717843,2.406000,346.170349,135.632889
1777902678.728971,2.469000,347.196777,136.878113
1777902678.740098,2.442000,348.376495,137.892853
1777902678.751225,2.428000,349.438538,138.995895
1777902678.762353,2.437000,350.466949,140.041321
1777902678.773480,2.474000,351.693726,141.000000
1777902678.784607,2.483000,352.586395,141.737411
1777902678.795736,2.460000,353.624176,142.624176
1777902678.806863,2.428000,354.644714,143.163239
1777902678.817990,2.437000,355.580658,143.854843
1777902678.829118,2.442000,356.595337,144.432098
1777902678.840245,2.455000,357.567993,144.979996
1777902678.851372,2.455000,358.593048,145.463181
1777902678.862500,2.455000,359.444458,145.928574
1777902678.873627,2.455000,360.254730,146.285904
1777902678.884754,2.483000,361.217682,146.780945
1777902678.895881,2.474000,361.868042,146.945831
1777902678.907009,2.474000,362.753754,147.165985
1777902678.918136,2.479000,363.515747,147.413391
1777902678.929263,2.479000,364.266388,147.741638
1777902678.940391,2.469000,364.927429,147.777374
1777902678.951519,2.479000,365.566925,147.980316
1777902678.962646,2.460000,366.376801,148.109360
1777902678.973774,2.460000,366.911957,148.272949
1777902678.984901,2.488000,367.435120,148.381683
1777902678.996028,2.474000,367.974823,148.532379
1777902679.007156,2.488000,368.570740,148.596558
1777902679.018283,2.488000,368.900116,148.619736
1777902679.029410,2.469000,369.272614,148.844055
1777902679.040538,2.455000,369.846497,148.974792
1777902679.051665,2.474000,370.166077,149.134720
1777902679.062792,2.465000,370.490326,149.234360
1777902679.073920,2.483000,370.831635,149.390213
1777902679.085047,2.469000,371.052460,149.440567
1777902679.096174,2.474000,371.305359,149.496506
1777902679.107302,2.455000,371.589050,149.534241
1777902679.118430,2.465000,371.788727,149.535217
1777902679.129557,2.451000,371.868805,149.517731
1777902679.140685,2.455000,372.006958,149.541672
1777902679.151812,2.455000,372.007050,149.542252
1777902679.162939,2.451000,372.024292,149.475693
1777902679.174067,2.460000,372.006958,149.423615
1777902679.185194,2.474000,371.942322,149.274506
1777902679.196321,2.455000,371.893890,149.102646
1777902679.207449,2.469000,371.555176,148.896545
1777902679.218576,2.465000,371.296539,148.708054
1777902679.229703,2.465000,371.119141,148.607101
1777902679.240831,2.465000,370.784851,148.429214
1777902679.251959,2.465000,370.325348,148.147263
1777902679.263085,2.465000,369.920135,148.020828
1777902679.274214,2.469000,369.247986,147.722031
1777902679.285341,2.469000,368.850708,147.482635
1777902679.296468,2.479000,368.117249,147.382751
1777902679.307596,2.479000,367.290802,147.058624
1777902679.318723,2.502000,366.597229,146.723373
1777902679.329850,2.465000,365.752014,146.444061
1777902679.340977,2.493000,364.867126,146.064148
1777902679.352105,2.483000,363.730560,145.587692
1777902679.363232,2.460000,362.638031,145.177551
1777902679.374359,2.483000,361.452209,144.608398
1777902679.385487,2.469000,360.249695,144.020020
1777902679.396614,2.455000,359.162018,143.451050
1777902679.407742,2.451000,357.824493,142.603058
1777902679.418869,2.455000,356.409637,141.626755
1777902679.429996,2.469000,355.007050,140.779343
1777902679.441123,2.460000,353.547882,139.726059
1777902679.452252,2.474000,352.139587,138.699158
1777902679.474506,2.451000,349.270081,136.218704
1777902679.496761,2.465000,346.118195,133.212479
1777902679.507888,2.483000,344.601074,131.733597
1777902679.519016,2.437000,343.114807,130.052551
1777902679.530143,2.451000,341.479523,128.092896
1777902679.541270,2.419000,340.076202,126.217690
1777902679.552398,2.419000,338.666656,124.139786
1777902679.563525,2.419000,337.094849,122.126915
1777902679.574652,2.419000,335.692505,119.737411
1777902679.585781,2.393000,334.192047,117.478737
1777902679.596907,2.384000,333.015991,115.052002
1777902679.608035,2.406000,331.784485,112.732262
1777902679.619163,2.367000,330.360687,109.976562
1777902679.630290,2.397000,329.180847,107.381920
1777902679.641417,2.342000,328.154633,104.738907
1777902679.652545,2.375000,327.026123,101.873131
1777902679.663672,2.342000,326.033569,98.970146
1777902679.674799,2.350000,325.179108,96.018654
1777902679.685927,2.397000,324.418274,93.083656
1777902679.697054,2.342000,323.562897,89.865112
1777902679.708181,2.333000,323.000000,86.665344
1777902679.719309,2.346000,322.430511,83.298248
1777902679.730437,2.354000,322.094025,80.055557
1777902679.741564,2.363000,321.862915,76.875900
1777902679.752692,2.354000,321.856476,73.532410
1777902679.763819,2.329000,321.809082,70.353676
1777902679.774946,2.350000,321.815002,67.188194
1777902679.786073,2.346000,322.004761,64.136505
1777902679.797201,2.317000,322.460175,60.923576
1777902679.808328,2.329000,322.965698,57.960785
1777902679.819455,2.317000,323.647064,54.980392
1777902679.830583,2.289000,324.368774,52.219002
1777902679.841711,2.317000,325.347229,49.578705
1777902679.852837,2.333000,326.341095,47.196899
1777902679.863966,2.321000,327.381836,44.635368
1777902679.875093,2.321000,328.627747,42.272419
1777902679.886220,2.293000,329.663269,40.236885
1777902679.897348,2.285000,330.901245,38.350971
1777902679.908475,2.321000,332.411041,36.506046
1777902679.919602,2.317000,333.661316,34.844921
1777902679.930730,2.289000,335.005402,33.500900
1777902679.941857,2.293000,336.317535,32.077194
1777902679.952984,2.305000,337.561035,31.052824
1777902679.964112,2.317000,338.670319,30.041895
1777902679.975240,2.265000,339.763214,29.209473
1777902679.986367,2.277000,341.061096,28.474695
1777902679.997495,2.301000,342.191986,27.867365
1777902680.008622,2.305000,343.526886,27.446236
1777902680.019749,2.346000,344.366486,27.119705
1777902680.030877,2.313000,345.483856,26.930107
1777902680.042004,2.301000,346.396484,26.884211
1777902680.053131,2.321000,347.335083,26.895834
1777902680.064259,2.301000,348.274902,26.886599
1777902680.075386,2.293000,349.065643,27.050087
1777902680.086513,2.301000,349.869781,27.026041
1777902680.097641,2.273000,350.522858,27.412859
1777902680.108768,2.293000,351.149078,27.820770
1777902680.119895,2.289000,351.944458,27.979797
1777902680.131024,2.321000,352.366821,28.154104
1777902680.142151,2.301000,352.871185,28.484701
1777902680.153278,2.261000,353.286896,28.907131
1777902680.164406,2.333000,353.944458,28.979797
1777902680.175533,2.301000,354.150604,29.115059
1777902680.186660,2.354000,354.589142,29.373644
1777902680.197788,2.342000,354.879669,29.630894
1777902680.208915,2.321000,355.062408,29.799671
1777902680.220042,2.285000,355.143311,29.953300
1777902680.231169,2.277000,355.254517,29.952381
1777902680.242298,2.289000,355.321655,30.000000
1777902680.253425,2.273000,355.368683,30.090910
1777902680.264552,2.277000,355.307831,30.091837
1777902680.275680,2.317000,355.231445,30.143351
1777902680.286807,2.289000,355.141876,30.263248
1777902680.297934,2.293000,355.150604,30.417936
1777902680.309062,2.313000,354.955444,30.574257
1777902680.320189,2.301000,354.735687,30.626263
1777902680.331316,2.273000,354.351654,30.705000
1777902680.342444,2.337000,354.094757,30.849407
1777902680.353571,2.305000,353.639923,30.948307
1777902680.364698,2.325000,353.141418,31.045454
1777902680.375827,2.313000,352.796875,31.036459
1777902680.386954,2.317000,352.153717,31.312609
1777902680.398081,2.293000,351.618530,31.746881
1777902680.409209,2.333000,351.156952,31.982363
1777902680.420336,2.321000,350.413544,32.147949
1777902680.431463,2.317000,349.618530,32.639927
1777902680.442591,2.329000,348.971466,33.110516
1777902680.453718,2.325000,348.218811,33.524788
1777902680.464845,2.333000,347.352722,34.156967
1777902680.475973,2.317000,346.561035,34.876137
1777902680.487100,2.305000,345.505371,35.553764
1777902680.498228,2.321000,344.629242,36.429588
1777902680.509356,2.317000,343.521729,37.391304
1777902680.520483,2.305000,342.581512,38.461956
1777902680.531610,2.317000,341.651764,39.662941
1777902680.542738,2.313000,340.620941,40.893333
1777902680.553865,2.305000,339.494385,42.342697
1777902680.564992,2.301000,338.406982,43.918606
1777902680.576120,2.293000,337.173492,45.452240
1777902680.587247,2.321000,336.175537,47.274162
1777902680.598374,2.337000,335.122284,49.197239
1777902680.609503,2.342000,334.067413,51.179775
1777902680.620629,2.325000,333.028534,53.180035
1777902680.631757,2.337000,332.378418,55.278584
1777902680.642884,2.317000,331.470001,57.416668
1777902680.654012,2.325000,330.749603,59.786991
1777902680.665139,2.317000,330.100342,62.010204
1777902680.676266,2.317000,329.556610,64.451355
1777902680.687394,2.313000,329.346527,66.935646
1777902680.698521,2.305000,328.965332,69.297028
1777902680.709648,2.325000,328.597076,71.980583
1777902680.720776,2.337000,328.359100,74.431816
1777902680.731903,2.342000,328.226196,77.123512
1777902680.743031,2.354000,328.337830,79.486488
1777902680.754158,2.346000,328.279236,82.152046
1777902680.765286,2.350000,328.434204,84.583336
1777902680.776412,2.358000,328.572235,87.366234
1777902680.787541,2.342000,329.090118,89.851219
1777902680.798668,2.346000,329.390503,92.369598
1777902680.809795,2.342000,329.770905,94.865570
1777902680.820923,2.350000,330.432922,97.391426
1777902680.832050,2.371000,330.924438,99.774628
1777902680.843177,2.406000,331.585693,102.192986
1777902680.854305,2.406000,332.418701,104.563683
1777902680.865432,2.363000,333.000000,106.808334
1777902680.876559,2.442000,333.674927,109.107437
1777902680.887687,2.406000,334.609497,111.361229
1777902680.898815,2.419000,335.459686,113.583336
1777902680.909942,2.424000,336.479828,115.659943
1777902680.921070,2.437000,337.392487,117.627686
1777902680.932197,2.406000,338.298950,119.617722
1777902680.943324,2.437000,339.201050,121.540855
1777902680.954452,2.406000,340.241943,123.567566
1777902680.965579,2.363000,341.230072,125.366013
1777902680.976706,2.406000,342.285889,127.107689
1777902680.987834,2.380000,343.270508,128.853851
1777902680.998961,2.442000,344.362823,130.407700
1777902681.010089,2.442000,345.472107,132.012878
1777902681.021217,2.428000,346.534485,133.500000
1777902681.032344,2.442000,347.759888,134.974579
1777902681.043471,2.465000,348.739410,136.333328
1777902681.054599,2.451000,349.837250,137.539062
1777902681.065726,2.451000,350.869324,138.727997
1777902681.076853,2.428000,351.894745,139.852905
1777902681.087981,2.455000,352.964142,140.795486
1777902681.099108,2.455000,354.043549,141.843536
1777902681.110235,2.442000,355.084351,142.753738
1777902681.121362,2.455000,356.122070,143.545959
1777902681.132490,2.474000,357.172363,144.346161
1777902681.143618,2.455000,358.125183,145.018280
1777902681.154745,2.469000,359.116730,145.925461
1777902681.165873,2.455000,360.175598,146.475998
1777902681.177000,2.465000,361.052551,146.947449
1777902681.188127,2.465000,362.009399,147.387100
1777902681.199255,2.483000,363.032379,147.827255
1777902681.210382,2.437000,363.875183,148.122086
1777902681.221509,2.469000,364.989899,148.728714
1777902681.232637,2.497000,365.890320,148.880341
1777902681.243764,2.460000,366.662628,149.180832
1777902681.254891,2.460000,367.574799,149.480316
1777902681.266020,2.488000,368.438202,149.695374
1777902681.277147,2.474000,369.078583,149.797623
1777902681.288274,2.460000,369.913208,149.840271
1777902681.299402,2.451000,370.524139,149.962067
1777902681.310529,2.474000,371.283508,150.282318
1777902681.321656,2.442000,372.077667,150.338120
1777902681.332784,2.460000,372.732117,150.475159
1777902681.343911,2.455000,373.238617,150.403442
1777902681.355038,2.437000,373.956512,150.456528
1777902681.366166,2.455000,374.570740,150.596558
1777902681.377293,2.455000,375.139404,150.591888
1777902681.388420,2.479000,375.620270,150.599518
1777902681.399549,2.437000,375.900116,150.619736
1777902681.410676,2.460000,376.445679,150.620468
1777902681.421803,2.451000,376.852112,150.631516
1777902681.432931,2.451000,377.294678,150.554352
1777902681.444058,2.460000,377.595154,150.576965
1777902681.455185,2.465000,377.806244,150.612518
1777902681.466313,2.451000,378.003601,150.446045
1777902681.477440,2.479000,378.147888,150.368484
1777902681.488567,2.483000,378.170837,150.345276
1777902681.499695,2.479000,378.235565,150.287399
1777902681.510823,2.474000,378.231781,150.198334
1777902681.521950,2.455000,378.253296,150.113495
1777902681.533078,2.465000,378.219025,149.888092
1777902681.544204,2.465000,378.024658,149.726532
1777902681.555332,2.442000,377.874847,149.673889
1777902681.566459,2.465000,377.692963,149.590210
1777902681.577587,2.455000,377.261993,149.415207
1777902681.588714,2.465000,376.936279,149.183167
1777902681.599841,2.455000,376.513885,148.916672
1777902681.610969,2.465000,376.057678,148.725494
1777902681.622096,2.479000,375.410950,148.465759
1777902681.633223,2.493000,374.923157,148.225983
1777902681.644351,2.460000,374.030609,147.942184
1777902681.655478,2.474000,373.565063,147.565063
1777902681.666606,2.469000,372.635254,147.200897
1777902681.677734,2.479000,371.948639,146.924652
1777902681.688861,2.479000,371.053101,146.548019
1777902681.699988,2.469000,369.986298,145.955475
1777902681.711116,2.469000,369.126007,145.531494
1777902681.722243,2.437000,368.037659,145.027405
1777902681.733370,2.483000,366.998840,144.549713
1777902681.744498,2.437000,365.895111,143.819351
1777902681.755625,2.460000,364.614288,143.244049
1777902681.766752,2.483000,363.443634,142.410065
1777902681.777880,2.469000,362.244141,141.440140
1777902681.789008,2.451000,361.056549,140.551147
1777902681.800134,2.451000,359.753357,139.540909
1777902681.811263,2.469000,358.612305,138.489136
1777902681.822390,2.479000,357.481873,137.258453
1777902681.833517,2.455000,356.172211,136.004913
1777902681.844645,2.483000,354.799255,134.627014
1777902681.855772,2.460000,353.582397,133.287491
1777902681.866899,2.465000,352.348145,131.951859
1777902681.878027,2.451000,350.917938,130.439392
1777902681.889154,2.437000,349.739746,128.791031
1777902681.900281,2.442000,348.381683,127.041985
1777902681.911409,2.460000,347.090302,125.367859
1777902681.922536,2.410000,345.957031,123.472656
1777902681.933663,2.437000,344.584656,121.597885
1777902681.944792,2.419000,343.317322,119.744003
1777902681.955919,2.410000,342.168640,117.831360
1777902681.967046,2.375000,340.972229,115.716934
1777902681.978173,2.419000,339.794342,113.623657
1777902681.989301,2.424000,338.609497,111.369598
1777902682.000428,2.410000,337.607697,109.257889
1777902682.011555,2.406000,336.638336,106.843452
1777902682.022683,2.384000,335.655518,104.456070
1777902682.033810,2.380000,334.693176,102.211998
1777902682.044937,2.354000,333.821045,99.811478
1777902682.056065,2.358000,333.125671,97.159836
1777902682.067192,2.354000,332.438019,94.684570
1777902682.078319,2.363000,331.630402,92.174339
1777902682.089447,2.346000,331.235199,89.455986
1777902682.100574,2.384000,330.721497,86.784996
1777902682.111701,2.346000,330.365082,84.300148
1777902682.122830,2.354000,330.144531,81.486725
1777902682.133956,2.363000,329.939270,78.930374
1777902682.145084,2.354000,329.901123,76.236046
1777902682.156212,2.375000,329.980774,73.557693
1777902682.167339,2.384000,330.178680,71.115616
1777902682.178466,2.346000,330.196381,68.519798
1777902682.189594,2.337000,330.548065,66.009613
1777902682.200721,2.337000,331.092773,63.424530
1777902682.211848,2.325000,331.500000,61.000000
1777902682.222976,2.321000,332.128571,58.580952
1777902682.234103,2.321000,332.650482,56.111652
1777902682.245230,2.321000,333.403351,54.108067
1777902682.256358,2.337000,334.070190,51.986843
1777902682.267485,2.337000,334.799713,49.884903
1777902682.278612,2.333000,335.814301,47.782345
1777902682.289741,2.337000,336.639557,45.905903
1777902682.300867,2.321000,337.524048,43.947117
1777902682.311995,2.317000,338.593170,42.340172
1777902682.323123,2.321000,339.515015,40.736668
1777902682.334250,2.293000,340.620026,39.286701
1777902682.345377,2.321000,341.600372,38.003685
1777902682.356505,2.321000,342.561035,36.876137
1777902682.367632,2.325000,343.561035,35.876137
1777902682.378759,2.305000,344.561035,34.876137
1777902682.389887,2.337000,345.378021,34.010311
1777902682.401014,2.285000,346.284698,33.225224
1777902682.412141,2.246000,347.229889,32.683086
1777902682.423269,2.277000,348.095734,32.095726
1777902682.434396,2.346000,348.892151,31.656862
1777902682.445524,2.249000,349.553436,31.298246
1777902682.456650,2.293000,350.251648,31.071896
1777902682.467779,2.346000,351.017548,30.816587
1777902682.478905,2.321000,351.266083,30.662182
1777902682.490033,2.301000,351.824127,30.724823
1777902682.501161,2.305000,352.488159,30.800558
1777902682.512288,2.313000,352.727020,30.877914
1777902682.523415,2.301000,353.303253,30.934641
1777902682.534543,2.317000,353.605072,30.925034
1777902682.545670,2.293000,353.741333,31.080000
1777902682.556797,2.293000,354.261810,31.282051
1777902682.567925,2.305000,354.422760,31.439024
1777902682.579052,2.317000,354.575989,31.654667
1777902682.590179,2.301000,354.729156,31.725260
1777902682.601307,2.293000,354.934601,31.834616
1777902682.612434,2.301000,355.131805,31.894804
1777902682.623561,2.305000,355.073090,31.942308
1777902682.634690,2.325000,355.131805,31.894804
1777902682.645816,2.305000,355.095428,31.984734
1777902682.656944,2.313000,355.095428,31.984734
1777902682.668072,2.289000,355.073090,31.942308
1777902682.679199,2.285000,355.073090,31.942308
1777902682.690326,2.317000,354.837311,31.908730
1777902682.701454,2.293000,354.632141,31.794157
1777902682.712581,2.317000,354.527344,31.725260
1777902682.723708,2.293000,354.480011,31.614666
1777902682.734836,2.329000,353.840149,31.495901
1777902682.745964,2.313000,353.579834,31.436975
1777902682.757091,2.313000,353.312592,31.378977
1777902682.768219,2.329000,352.759552,31.209017
1777902682.779346,2.313000,352.323578,31.245468
1777902682.790473,2.313000,351.800568,31.141026
1777902682.801601,2.325000,351.414917,31.213783
1777902682.812728,2.325000,350.734741,31.146099
1777902682.823856,2.305000,350.110626,31.381369
1777902682.834984,2.325000,349.508759,31.377193
1777902682.846111,2.305000,348.870636,31.467276
1777902682.857238,2.289000,348.127502,31.620584
1777902682.868366,2.265000,347.264038,32.019802
1777902682.879493,2.329000,346.585297,32.334900
1777902682.890621,2.285000,345.759186,32.711323
1777902682.901748,2.301000,344.861389,33.292080
1777902682.912876,2.293000,343.899994,33.750000
1777902682.924003,2.293000,342.893219,34.509708
1777902682.935130,2.289000,341.737732,35.270729
1777902682.946258,2.301000,340.688049,36.146168
1777902682.957386,2.329000,339.670319,37.041893
1777902682.968513,2.333000,338.506439,38.086555
1777902682.979641,2.301000,337.315582,39.250492
1777902682.990768,2.301000,336.317291,40.570412
1777902683.001895,2.301000,335.308655,41.837742
1777902683.013023,2.305000,334.143890,43.500912
1777902683.024150,2.289000,332.958099,45.211292
1777902683.035278,2.301000,331.890747,46.696297
1777902683.046406,2.317000,330.890747,48.555557
1777902683.057533,2.293000,329.876129,50.422588
1777902683.068660,2.301000,328.876129,52.422588
1777902683.079788,2.329000,327.926117,54.385586
1777902683.090915,2.317000,327.110504,56.755795
1777902683.102043,2.305000,326.414459,58.837742
1777902683.113171,2.321000,325.810577,61.151184
1777902683.124298,2.325000,325.082489,63.551548
1777902683.135425,2.321000,324.743195,66.010201
1777902683.146553,2.325000,324.267975,68.485291
1777902683.157681,2.354000,323.908936,71.115448
1777902683.168808,2.346000,323.743591,73.552887
1777902683.179936,2.333000,323.608032,75.891121
1777902683.191063,2.313000,323.451782,78.653130
1777902683.202190,2.321000,323.399658,81.326355
1777902683.213318,2.325000,323.412872,83.815567
1777902683.224445,2.342000,323.597351,86.480202
1777902683.235573,2.333000,323.945557,89.097359
1777902683.246701,2.342000,324.120178,91.706734
1777902683.257828,2.354000,324.613342,94.440002
1777902683.268955,2.346000,324.996735,96.894310
1777902683.280083,2.342000,325.517822,99.359688
1777902683.291210,2.342000,326.035339,101.745010
1777902683.302337,2.354000,326.778778,104.225708
1777902683.313466,2.354000,327.513275,106.666664
1777902683.324593,2.342000,328.244049,109.266373
1777902683.335720,2.358000,329.000000,111.500000
1777902683.346847,2.354000,329.794525,113.892242
1777902683.357975,2.350000,330.702423,116.271820
1777902683.369102,2.406000,331.556030,118.426727
1777902683.380230,2.393000,332.564667,120.530174
1777902683.391358,2.428000,333.585724,122.760315
1777902683.402485,2.410000,334.598145,124.769470
1777902683.413612,2.437000,335.692932,126.824303
1777902683.424740,2.393000,336.751648,128.709152
1777902683.435868,2.406000,337.863953,130.462585
1777902683.446995,2.406000,339.041443,132.112259
1777902683.458123,2.419000,340.273315,133.816742
1777902683.469250,2.406000,341.480591,135.385117
1777902683.480377,2.465000,342.648590,136.779968
1777902683.491505,2.437000,343.747192,138.133652
1777902683.502632,2.465000,344.994995,139.414993
1777902683.513760,2.428000,346.391296,140.521744
1777902683.524888,2.497000,347.490387,141.642227
1777902683.536015,2.469000,348.557190,142.697708
1777902683.547142,2.451000,349.687378,143.687393
1777902683.558270,2.479000,350.891083,144.519806
1777902683.569397,2.460000,351.966675,145.466660
1777902683.580525,2.442000,353.140442,146.148895
1777902683.591653,2.460000,354.189148,146.668213
1777902683.602780,2.455000,355.148315,147.454132
1777902683.613907,2.442000,356.254120,147.912537
1777902683.625035,2.483000,357.270264,148.572067
1777902683.636162,2.442000,358.105194,149.082962
1777902683.647290,2.460000,359.128784,149.500000
1777902683.658418,2.460000,359.991150,149.902649
1777902683.669545,2.479000,360.952393,150.142853
1777902683.680672,2.442000,361.778778,150.572495
1777902683.691800,2.451000,362.448242,150.767380
1777902683.702928,2.465000,363.277557,151.001389
1777902683.714055,2.465000,363.946106,151.245392
1777902683.725183,2.474000,364.656525,151.521744
1777902683.736310,2.460000,365.286530,151.666672
1777902683.747437,2.474000,365.916656,151.780701
1777902683.758565,2.474000,366.463959,151.918915
1777902683.769693,2.502000,367.030426,152.073914
1777902683.780820,2.479000,367.606812,152.198639
1777902683.791947,2.451000,368.026276,152.247574
1777902683.803076,2.488000,368.465515,152.406616
1777902683.814203,2.479000,368.779205,152.458694
1777902683.825330,2.497000,369.229248,152.559769
1777902683.836458,2.460000,369.520233,152.708511
1777902683.847585,2.483000,369.817657,152.716522
1777902683.858712,2.479000,369.966797,152.777313
1777902683.869841,2.488000,370.187408,152.828644
1777902683.880968,2.497000,370.237701,152.845947
1777902683.892095,2.493000,370.442657,152.859650
1777902683.903223,2.488000,370.442657,152.859650
1777902683.914351,2.479000,370.394928,152.836685
1777902683.925478,2.483000,370.319946,152.921021
1777902683.936606,2.497000,370.352386,152.964630
1777902683.947733,2.479000,370.049622,152.931305
1777902683.958860,2.479000,369.976746,152.957367
1777902683.969989,2.474000,369.773499,152.924072
1777902683.981116,2.469000,369.546875,153.023438
1777902683.992243,2.497000,369.213745,152.927475
1777902684.003371,2.488000,368.836456,152.766541
1777902684.014498,2.469000,368.515594,152.661667
1777902684.025626,2.479000,367.894226,152.552277
1777902684.036754,2.512000,367.403259,152.270905
1777902684.047881,2.488000,366.987335,152.097595
1777902684.059008,2.474000,366.420074,151.745972
1777902684.070137,2.451000,365.564880,151.351151
1777902684.081264,2.497000,364.887665,150.874237
1777902684.092391,2.479000,364.046387,150.477417
1777902684.103519,2.556000,363.157440,150.108246
1777902684.114646,2.474000,362.407013,149.514496
1777902684.125774,2.512000,361.346771,148.945053
1777902684.136902,2.483000,360.311523,148.270309
1777902684.148029,2.483000,359.320038,147.543472
1777902684.159157,2.474000,358.229553,146.738708
1777902684.170285,2.437000,357.148956,145.967026
1777902684.181412,2.474000,355.802917,145.115570
1777902684.192539,2.483000,354.557678,144.145752
1777902684.203667,2.469000,353.366913,143.103241
1777902684.214795,2.465000,351.856628,141.861526
1777902684.225922,2.469000,350.553040,140.796722
1777902684.237049,2.451000,349.009979,139.556808
1777902684.248177,2.455000,347.634735,138.139206
1777902684.259305,2.479000,346.252228,136.686951
1777902684.270432,2.474000,344.680725,135.231155
1777902684.281560,2.424000,343.135986,133.516006
1777902684.292687,2.437000,341.703094,131.784073
1777902684.303814,2.428000,340.212616,130.211243
1777902684.314943,2.442000,338.977875,128.312592
1777902684.326070,2.437000,337.307281,126.379974
1777902684.337197,2.428000,336.064484,124.384087
1777902684.348325,2.465000,334.625183,122.323318
1777902684.359453,2.424000,333.253845,120.252441
1777902684.370580,2.371000,331.970093,118.122505
1777902684.381708,2.358000,330.696442,115.670921
1777902684.392835,2.406000,329.591309,113.395653
1777902684.403962,2.358000,328.530243,110.811531
1777902684.415091,2.367000,327.500000,108.500000
1777902684.426218,2.371000,326.431793,105.811531
1777902684.437345,2.393000,325.500000,103.217087
1777902684.448473,2.397000,324.676666,100.434906
1777902684.459601,2.384000,323.941437,97.647148
1777902684.470728,2.342000,323.230865,94.780663
1777902684.481856,2.354000,322.626129,91.936935
1777902684.492983,2.358000,321.954620,89.107979
1777902684.504111,2.363000,321.732086,86.119934
1777902684.515239,2.342000,321.146729,83.124405
1777902684.526366,2.354000,320.856903,80.092766
1777902684.537493,2.346000,320.822876,77.127213
1777902684.548622,2.346000,320.737976,74.058044
1777902684.559749,2.333000,320.704437,70.873566
1777902684.570876,2.329000,320.694153,68.000000
1777902684.582004,2.337000,320.948120,65.158806
1777902684.593131,2.333000,321.223328,61.932678
1777902684.604259,2.321000,321.791260,58.979797
1777902684.615387,2.321000,322.162262,55.964725
1777902684.626514,2.321000,322.856659,53.101898
1777902684.637641,2.317000,323.419342,50.308243
1777902684.648770,2.301000,324.103119,47.578270
1777902684.659897,2.289000,325.037628,44.962364
1777902684.671024,2.293000,326.000000,42.500000
1777902684.682151,2.301000,327.050568,39.960674
1777902684.693280,2.301000,328.020264,37.616943
1777902684.704407,2.313000,329.260284,35.488766
1777902684.715534,2.301000,330.429352,33.472828
1777902684.726662,2.301000,331.597839,31.543478
1777902684.737790,2.305000,332.840729,29.757408
1777902684.748917,2.313000,334.325897,27.968342
1777902684.760045,2.293000,335.526886,26.446236
1777902684.771172,2.301000,336.760071,25.021978
1777902684.782299,2.305000,338.068481,23.931532
1777902684.793427,2.321000,339.483856,22.930107
1777902684.804555,2.293000,340.639923,21.948307
1777902684.815682,2.346000,341.902161,21.059782
1777902684.826810,2.333000,343.096924,20.566326
1777902684.837938,2.329000,344.404755,20.056122
1777902684.849065,2.337000,345.548004,19.663176
1777902684.860193,2.333000,346.841827,19.403061
1777902684.871320,2.313000,347.860962,19.219431
1777902684.882447,2.358000,348.860168,19.115448
1777902684.893576,2.342000,349.860168,19.115448
1777902684.904703,2.333000,350.864136,19.266983
1777902684.915830,2.346000,351.854675,19.456556
1777902684.926958,2.358000,352.526642,19.656012
1777902684.938086,2.367000,353.262238,19.944708
1777902684.949213,2.342000,354.157501,20.305811
1777902684.960341,2.358000,354.940369,20.568808
1777902684.971468,2.406000,355.599091,20.794294
1777902684.982595,2.358000,356.234955,21.212923
1777902684.993724,2.346000,356.727539,21.478260
1777902685.004851,2.317000,357.100281,21.584070
1777902685.015978,2.393000,357.474365,21.982906
1777902685.027107,2.342000,357.657898,22.279240
1777902685.038234,2.354000,357.956696,22.365080
1777902685.049361,2.342000,358.284698,22.439199
1777902685.060489,2.350000,358.284698,22.439199
1777902685.071616,2.346000,358.304474,22.481962
1777902685.082743,2.342000,358.304474,22.481962
1777902685.093872,2.342000,358.256744,22.482269
1777902685.104999,2.358000,357.988190,22.592920
1777902685.116126,2.342000,357.837769,22.477877
1777902685.127254,2.384000,357.574554,22.521931
1777902685.138381,2.375000,357.404236,22.582203
1777902685.149509,2.342000,356.968170,22.522728
1777902685.160636,2.358000,356.522522,22.545046
1777902685.171764,2.358000,356.156586,22.575193
1777902685.182892,2.358000,355.658905,22.527132
1777902685.194019,2.354000,355.159546,22.529226
1777902685.205147,2.354000,354.693268,22.564945
1777902685.216274,2.358000,354.078979,22.600315
1777902685.227401,2.346000,353.307556,22.655394
1777902685.238530,2.354000,352.815002,22.725000
1777902685.249657,2.363000,352.008301,22.917082
1777902685.260784,2.313000,351.180267,23.076530
1777902685.271913,2.329000,350.390564,23.301348
1777902685.283040,2.317000,349.548004,23.663176
1777902685.294167,2.329000,348.639923,23.948307
1777902685.305295,2.329000,347.625214,24.277477
1777902685.316422,2.329000,346.565765,24.819820
1777902685.327549,2.321000,345.621124,25.222221
1777902685.338678,2.325000,344.681641,25.949438
1777902685.349805,2.342000,343.473114,26.553764
1777902685.360932,2.346000,342.351837,27.350000
1777902685.372061,2.317000,341.022217,28.049999
1777902685.383188,2.301000,339.818512,29.033333
1777902685.394315,2.321000,338.752289,30.102003
1777902685.405443,2.317000,337.510864,31.391304
1777902685.416571,2.305000,336.445068,32.527473
1777902685.427698,2.313000,335.062500,33.785984
1777902685.438826,2.321000,333.971252,35.425289
1777902685.449953,2.313000,332.988373,36.821705
1777902685.461081,2.317000,331.834290,38.636536
1777902685.472209,2.333000,330.771210,40.577908
1777902685.483336,2.321000,329.804382,42.518963
1777902685.494463,2.305000,328.758545,44.487179
1777902685.505592,2.321000,328.109161,46.434696
1777902685.516719,2.329000,327.316559,48.657356
1777902685.527846,2.317000,326.734070,50.976322
1777902685.550102,2.333000,325.519226,55.790600
1777902685.561229,2.329000,325.183899,58.137932
1777902685.572356,2.333000,324.797424,60.736649
1777902685.583484,2.337000,324.453339,63.283810
1777902685.594612,2.317000,324.323639,65.912788
1777902685.605739,2.333000,324.354523,68.497108
1777902685.616867,2.333000,324.333344,71.053406
1777902685.627994,2.342000,324.169373,73.850449
1777902685.639122,2.346000,324.370941,76.536751
1777902685.650250,2.337000,324.458344,79.338539
1777902685.661377,2.346000,324.644104,81.784721
1777902685.672504,2.358000,324.908051,84.405586
1777902685.683633,2.354000,325.277496,87.069374
1777902685.694760,2.393000,325.644104,89.711807
1777902685.705887,2.363000,326.071533,92.347969
1777902685.717015,2.375000,326.500000,95.000000
1777902685.728142,2.393000,327.101807,97.523811
1777902685.739269,2.406000,327.618805,100.269539
1777902685.750397,2.346000,328.230164,102.680954
1777902685.761524,2.375000,328.958710,105.204895
1777902685.772652,2.424000,329.590912,107.563637
1777902685.783780,2.375000,330.476410,110.248100
1777902685.794907,2.375000,331.243134,112.495415
1777902685.806034,2.354000,331.883331,114.887878
1777902685.817162,2.384000,332.753754,117.138138
1777902685.828290,2.410000,333.624054,119.334854
1777902685.839417,2.410000,334.624023,121.691940
1777902685.850545,2.406000,335.584106,123.755455
1777902685.861672,2.428000,336.414703,125.837242
1777902685.872799,2.428000,337.363770,127.832573
1777902685.883927,2.451000,338.313538,129.764084
1777902685.895054,2.437000,339.514709,131.557190
1777902685.906181,2.451000,340.354065,133.354065
1777902685.917310,2.442000,341.341187,135.009430
1777902685.928437,2.474000,342.233185,136.561813
1777902685.939564,2.451000,343.308167,138.042450
1777902685.950692,2.479000,344.233185,139.561813
1777902685.961819,2.455000,345.189148,140.768997
1777902685.972946,2.455000,346.224274,142.062973
1777902685.984074,2.451000,347.226288,143.431198
1777902685.995202,2.442000,348.237366,144.484848
1777902686.006329,2.465000,349.210938,145.611923
1777902686.017456,2.455000,350.283417,146.578094
1777902686.028584,2.451000,351.155334,147.509705
1777902686.039711,2.442000,352.302460,148.439819
1777902686.050838,2.465000,353.275970,149.137985
1777902686.061967,2.437000,354.225769,149.778793
1777902686.073094,2.455000,355.283783,150.504501
1777902686.084221,2.460000,356.176819,151.082611
1777902686.095349,2.442000,357.123718,151.553131
1777902686.106476,2.465000,358.030975,151.977875
1777902686.117603,2.483000,358.863281,152.528412
1777902686.128731,2.474000,359.750397,152.665054
1777902686.139859,2.488000,360.549561,153.100906
1777902686.150986,2.455000,361.189270,153.139023
1777902686.162114,2.483000,362.053925,153.426468
1777902686.173241,2.488000,362.809509,153.477676
1777902686.184368,2.460000,363.605255,153.633041
1777902686.195496,2.451000,364.323578,153.762894
1777902686.206624,2.502000,365.113007,153.739624
1777902686.217751,2.469000,365.691315,153.713043
1777902686.228879,2.474000,366.445953,153.704208
1777902686.240006,2.541000,367.004456,153.752975
1777902686.251133,2.460000,367.634796,153.865219
1777902686.262261,2.488000,368.353455,153.913788
1777902686.273388,2.479000,368.765045,153.860504
1777902686.284516,2.488000,369.538147,153.936447
1777902686.295644,2.479000,369.843048,153.908340
1777902686.306771,2.483000,370.487183,153.952988
1777902686.317898,2.488000,370.839935,153.820847
1777902686.329026,2.517000,371.364410,153.906784
1777902686.340153,2.460000,371.600006,153.908340
1777902686.351280,2.479000,371.939636,153.869690
1777902686.362409,2.474000,372.342926,153.857346
1777902686.373536,2.483000,372.393188,153.842178
1777902686.384663,2.469000,372.548401,153.793015
1777902686.395791,2.451000,372.594482,153.687668
1777902686.406918,2.469000,372.593018,153.593018
1777902686.418046,2.469000,372.569763,153.500000
1777902686.429173,2.488000,372.535431,153.433075
1777902686.440301,2.474000,372.366150,153.413391
1777902686.451428,2.469000,372.279114,153.400787
1777902686.462555,2.474000,371.896912,153.334671
1777902686.473683,2.437000,371.678375,153.316406
1777902686.484810,2.488000,371.433075,153.166672
1777902686.495938,2.465000,371.073090,153.057693
1777902686.507066,2.493000,370.657562,153.023438
1777902686.518193,2.479000,370.153839,152.923080
1777902686.529320,2.460000,369.719025,152.711365
1777902686.540448,2.483000,369.190308,152.588760
1777902686.551575,2.483000,368.554688,152.208328
1777902686.562702,2.460000,367.925781,151.964844
1777902686.573831,2.483000,367.201050,151.675751
1777902686.584958,2.488000,366.376801,151.109360
1777902686.596085,2.474000,365.528107,150.820908
1777902686.607213,2.469000,364.678375,150.324219
1777902686.618340,2.474000,363.669281,149.915039
1777902686.629467,2.474000,362.573639,149.348831
1777902686.640595,2.483000,361.664124,148.736374
1777902686.651723,2.483000,360.573639,148.065887
1777902686.662850,2.474000,359.527344,147.460938
1777902686.673978,2.488000,358.434113,146.842377
1777902686.685105,2.460000,357.326874,145.949615
1777902686.696232,2.455000,355.967834,145.079788
1777902686.707360,2.465000,354.699860,144.058426
1777902686.718487,2.451000,353.519531,142.996094
1777902686.729614,2.474000,352.214478,142.015503
1777902686.740742,2.474000,350.860229,140.841400
1777902686.751869,2.455000,349.670624,139.650864
1777902686.762996,2.451000,348.382812,138.240891
1777902686.774125,2.479000,347.057739,136.942261
1777902686.785251,2.451000,345.747406,135.386719
1777902686.796378,2.465000,344.391998,133.749329
1777902686.807507,2.451000,343.119141,132.250336
1777902686.818634,2.451000,341.956360,130.472229
1777902686.829761,2.437000,340.644714,128.718796
1777902686.840889,2.397000,339.401672,126.768478
1777902686.852016,2.460000,338.309723,124.983330
1777902686.863143,2.428000,336.970825,122.974998
1777902686.874271,2.424000,335.902374,120.900978
1777902686.885398,2.397000,334.730225,118.661018
1777902686.896525,2.424000,333.736542,116.455605
1777902686.907652,2.371000,332.747467,114.300148
1777902686.918780,2.410000,331.834076,111.756912
1777902686.929907,2.393000,330.906006,109.336273
1777902686.941034,2.363000,330.177673,106.825256
1777902686.952162,2.410000,329.300140,104.356422
1777902686.963289,2.424000,328.662292,101.739449
1777902686.974416,2.358000,327.955872,99.248100
1777902686.985544,2.384000,327.388641,96.367378
1777902686.996671,2.367000,326.864349,93.841270
1777902687.007798,2.363000,326.391998,91.161659
1777902687.018926,2.424000,326.052094,88.270836
1777902687.030053,2.375000,325.566376,85.535400
1777902687.041180,2.358000,325.375946,82.815826
1777902687.052308,2.367000,325.201202,80.174171
1777902687.063435,2.342000,325.096527,77.358971
1777902687.074563,2.342000,324.969391,74.681976
1777902687.085690,2.329000,325.032104,71.949539
1777902687.096818,2.329000,325.165924,69.309204
1777902687.107944,2.337000,325.177582,66.741432
1777902687.119072,2.342000,325.403351,64.108070
1777902687.130200,2.337000,325.697510,61.668137
1777902687.141327,2.363000,325.991150,59.053097
1777902687.152455,2.342000,326.497711,56.692543
1777902687.163582,2.337000,327.057831,54.171993
1777902687.174709,2.329000,327.575317,51.884617
1777902687.185837,2.321000,328.334961,49.678104
1777902687.196964,2.329000,329.000000,47.500000
1777902687.208091,2.317000,329.946075,45.524509
1777902687.219219,2.305000,330.862732,43.558823
1777902687.230346,2.246000,331.919189,41.732323
1777902687.241473,2.277000,332.821442,40.209183
1777902687.252601,2.313000,333.966675,38.571430
1777902687.263728,2.265000,335.009521,37.404762
1777902687.274855,2.253000,336.258911,36.019417
1777902687.285983,2.249000,337.204132,34.972885
1777902687.297110,2.261000,338.261444,34.071896
1777902687.308237,2.238000,339.518677,33.346786
1777902687.319365,2.265000,340.558044,32.647320
1777902687.330492,2.305000,341.583344,32.248539
1777902687.341619,2.293000,342.762299,31.644163
1777902687.352746,2.301000,343.690582,31.504923
1777902687.363874,2.305000,344.812317,31.351542
1777902687.375001,2.289000,345.954926,31.297813
1777902687.386128,2.289000,346.987915,31.294355
1777902687.397256,2.317000,347.980011,31.358667
1777902687.408384,2.313000,348.876770,31.682230
1777902687.419511,2.293000,349.899994,31.892307
1777902687.430638,2.285000,350.901520,32.083332
1777902687.441766,2.313000,351.651215,32.445301
1777902687.452893,2.321000,352.546600,32.821201
1777902687.464020,2.293000,353.408112,33.154625
1777902687.475148,2.317000,354.330811,33.637737
1777902687.486275,2.285000,355.048859,33.984962
1777902687.497403,2.301000,355.862610,34.208652
1777902687.508530,2.293000,356.546600,34.821201
1777902687.519657,2.333000,357.291504,35.089989
1777902687.530785,2.289000,358.040863,35.491699
1777902687.541912,2.301000,358.593323,35.804375
1777902687.553039,2.289000,359.116272,36.034885
1777902687.564167,2.246000,359.653290,36.443108
1777902687.575294,2.305000,360.171356,36.740295
1777902687.586421,2.293000,360.548401,36.983871
1777902687.597549,2.305000,360.753754,37.165985
1777902687.608676,2.317000,361.420166,37.436974
1777902687.619803,2.289000,361.545074,37.637978
1777902687.630931,2.305000,361.609741,37.857723
1777902687.642058,2.313000,361.757965,38.085754
1777902687.653185,2.317000,361.762299,38.355835
1777902687.664313,2.293000,361.794312,38.397163
1777902687.675440,2.305000,361.755920,38.581589
1777902687.686567,2.313000,361.655518,38.615063
1777902687.697695,2.285000,361.482849,38.733883
1777902687.708823,2.289000,361.283539,38.831257
1777902687.719950,2.313000,360.962341,38.842400
1777902687.731079,2.285000,360.584045,38.983192
1777902687.742206,2.301000,360.185333,38.914246
1777902687.753334,2.249000,359.641785,39.127247
1777902687.764462,2.285000,359.225037,38.959213
1777902687.775589,2.313000,358.533325,39.091667
1777902687.786716,2.305000,357.874329,39.053280
1777902687.797844,2.293000,357.291840,38.922546
1777902687.808972,2.289000,356.500000,39.000000
1777902687.820100,2.301000,355.647614,38.931973
1777902687.831227,2.325000,354.725159,38.870747
1777902687.842355,2.277000,353.908722,38.852005
1777902687.853483,2.293000,352.935486,38.862904
1777902687.864610,2.265000,351.954346,38.798065
1777902687.875738,2.265000,350.791138,39.005531
1777902687.886866,2.246000,349.791138,39.005531
1777902687.897993,2.223000,348.720612,38.976486
1777902687.909122,2.277000,347.524628,39.340366
1777902687.920249,2.238000,346.396545,39.508621
1777902687.931376,2.273000,345.043488,39.904346
1777902687.942505,2.277000,343.895203,40.416302
1777902687.953632,2.261000,342.597748,40.891701
1777902687.964759,2.301000,341.285706,41.517857
1777902687.975888,2.293000,339.991150,42.185841
1777902687.987015,2.277000,338.757965,43.017391
1777902687.998142,2.249000,337.194824,44.126331
1777902688.009271,2.301000,336.144592,45.203957
1777902688.020398,2.253000,334.928558,46.438095
1777902688.031526,2.289000,333.727142,47.675968
1777902688.042654,2.301000,332.597290,49.282574
1777902688.053781,2.289000,331.333344,50.639927
1777902688.064909,2.293000,330.096344,52.319847
1777902688.076037,2.313000,329.263824,53.974724
1777902688.087165,2.313000,328.374786,55.723053
1777902688.098292,2.333000,327.392548,57.607445
1777902688.109420,2.317000,326.534973,59.718700
1777902688.120548,2.313000,325.764496,61.673302
1777902688.131675,2.325000,325.182861,63.741100
1777902688.142803,2.321000,324.485565,65.947113
1777902688.153931,2.337000,324.093658,68.095238
1777902688.165058,2.325000,323.614685,70.426605
1777902688.176187,2.333000,323.231598,72.688576
1777902688.187314,2.329000,323.012451,75.161995
1777902688.198441,2.317000,322.836426,77.421295
1777902688.209570,2.337000,322.782684,79.743462
1777902688.220697,2.333000,322.841949,82.264473
1777902688.231824,2.337000,322.917053,84.433487
1777902688.242952,2.329000,323.074768,87.110596
1777902688.254080,2.342000,323.288147,89.425232
1777902688.265208,2.393000,323.816193,91.814644
1777902688.276335,2.350000,324.000000,94.324074
1777902688.287463,2.371000,324.494537,96.622849
1777902688.298591,2.371000,324.955872,99.248100
1777902688.309718,2.342000,325.590912,101.334846
1777902688.320846,2.363000,326.096130,104.018608
1777902688.331974,2.410000,326.758667,106.277527
1777902688.343101,2.346000,327.463959,108.585587
1777902688.354230,2.358000,328.050934,111.091049
1777902688.365357,2.363000,328.798523,113.397034
1777902688.376484,2.371000,329.590912,115.563637
1777902688.387613,2.397000,330.352936,117.960785
1777902688.398740,2.358000,331.402924,119.980583
1777902688.409868,2.397000,332.361908,122.174606
1777902688.420996,2.410000,333.328430,124.199348
1777902688.432123,2.437000,334.369995,126.120003
1777902688.443251,2.397000,335.383850,128.065659
1777902688.454379,2.424000,336.594421,129.853851
1777902688.465507,2.437000,337.749176,131.542908
1777902688.476634,2.455000,338.926819,132.908936
1777902688.487762,2.424000,340.068207,134.409302
1777902688.498890,2.424000,341.320068,135.464600
1777902688.510017,2.437000,342.460968,136.581085
1777902688.521146,2.428000,344.034698,137.739059
1777902688.532273,2.460000,344.991058,138.296127
1777902688.543400,2.455000,346.274689,139.069443
1777902688.554529,2.442000,347.519043,139.895233
1777902688.565656,2.469000,348.783569,140.428116
1777902688.576783,2.455000,349.801544,141.165894
1777902688.587912,2.455000,350.948120,141.514145
1777902688.599039,2.451000,351.903107,142.111664
1777902688.610167,2.469000,352.792084,142.519806
1777902688.621295,2.460000,353.818176,142.977280
1777902688.632423,2.437000,354.948120,143.514145
1777902688.643550,2.442000,355.789093,143.920349
1777902688.654678,2.442000,356.522522,144.472977
1777902688.665806,2.442000,357.457794,144.889847
1777902688.676933,2.442000,358.293518,145.351028
1777902688.688061,2.419000,359.125000,145.772324
1777902688.699189,2.437000,359.789398,146.140869
1777902688.710316,2.455000,360.606201,146.735580
1777902688.721443,2.428000,361.298462,147.149231
1777902688.732571,2.428000,362.105194,147.594070
1777902688.743698,2.455000,362.841949,148.008621
1777902688.754825,2.465000,363.431610,148.411682
1777902688.765953,2.451000,364.080109,148.851212
1777902688.777081,2.479000,364.706451,149.183807
1777902688.788208,2.469000,365.447815,149.513046
1777902688.799336,2.469000,365.965210,149.808701
1777902688.810463,2.455000,366.549194,150.016388
1777902688.821590,2.474000,366.857544,150.168747
1777902688.832718,2.502000,367.516724,150.155289
1777902688.843845,2.474000,367.759125,150.367188
1777902688.854972,2.451000,368.134613,150.434616
1777902688.866101,2.474000,368.431061,150.496658
1777902688.877228,2.474000,368.563507,150.432541
1777902688.888355,2.483000,368.795258,150.545563
1777902688.899483,2.479000,368.894226,150.552277
1777902688.910610,2.474000,368.951508,150.511200
1777902688.921737,2.483000,368.966675,150.466660
1777902688.932865,2.483000,368.943451,150.540314
1777902688.943992,2.497000,368.880341,150.595856
1777902688.955120,2.479000,368.852112,150.631516
1777902688.966248,2.488000,368.708191,150.643463
1777902688.977375,2.493000,368.570740,150.640839
1777902688.988502,2.483000,368.214905,150.738708
1777902688.999630,2.469000,367.874847,150.673889
1777902689.010757,2.483000,367.665436,150.662979
1777902689.021884,2.483000,367.340668,150.683762
1777902689.033012,2.483000,366.852112,150.631516
1777902689.044140,2.479000,366.384125,150.421310
1777902689.055267,2.469000,365.824097,150.408371
1777902689.066395,2.479000,365.322174,150.380417
1777902689.077522,2.493000,364.518250,150.208801
1777902689.088649,2.474000,363.786255,150.072525
1777902689.099777,2.479000,363.010223,150.056198
1777902689.110904,2.469000,362.045441,149.827026
1777902689.122031,2.460000,361.061493,149.403442
1777902689.133159,2.455000,360.136322,149.149933
1777902689.144287,2.442000,358.960419,148.688248
1777902689.155414,2.451000,357.880585,148.365677
1777902689.166541,2.479000,356.630737,147.749695
1777902689.177669,2.465000,355.447449,147.038467
1777902689.188796,2.488000,353.992584,146.411118
1777902689.199923,2.479000,352.706604,145.560547
1777902689.211051,2.455000,351.318237,144.655350
1777902689.222179,2.469000,349.883453,143.578949
1777902689.233306,2.465000,348.508301,142.508301
1777902689.244434,2.460000,346.852417,141.351151
1777902689.255561,2.469000,345.403839,140.133331
1777902689.266688,2.479000,343.760803,138.656494
1777902689.277816,2.451000,342.165375,137.201828
1777902689.288944,2.442000,340.535156,135.770828
1777902689.300071,2.469000,338.901245,134.072708
1777902689.311199,2.442000,337.198639,132.421768
1777902689.322326,2.451000,335.529480,130.611801
1777902689.333453,2.437000,333.847870,128.720612
1777902689.344581,2.483000,332.211487,126.651260
1777902689.355708,2.442000,330.658356,124.670815
1777902689.366835,2.424000,329.157593,122.398888
1777902689.377964,2.442000,327.612854,120.221222
1777902689.389091,2.437000,326.103516,117.864532
1777902689.400218,2.419000,324.698059,115.414047
1777902689.411346,2.442000,323.308533,112.880623
1777902689.422473,2.428000,321.866364,110.223724
1777902689.433600,2.410000,320.705353,107.464287
1777902689.444728,2.380000,319.614685,104.792046
1777902689.455855,2.437000,318.767578,102.021408
1777902689.466983,2.406000,317.751526,99.189392
1777902689.478111,2.410000,316.957947,96.143303
1777902689.489238,2.363000,316.129883,93.264473
1777902689.500365,2.375000,315.537384,90.222740
1777902689.511493,2.380000,315.088470,87.229065
1777902689.522620,2.380000,314.687103,84.102203
1777902689.533747,2.342000,314.234802,81.203613
1777902689.544875,2.342000,314.216522,78.143303
1777902689.556003,2.342000,314.123444,75.100311
1777902689.567130,2.346000,314.315308,72.138138
1777902689.578257,2.342000,314.486237,69.177368
1777902689.589385,2.346000,314.899200,66.347969
1777902689.600512,2.337000,315.267975,63.485294
1777902689.611639,2.337000,315.840637,60.695934
1777902689.622767,2.329000,316.597076,57.980583
1777902689.633894,2.321000,317.490112,55.148514
1777902689.645021,2.313000,318.265961,52.773746
1777902689.656150,2.313000,319.331543,50.390991
1777902689.667277,2.289000,320.403870,47.964725
1777902689.678404,2.293000,321.553162,45.706306
1777902689.689532,2.285000,322.773560,43.724636
1777902689.700659,2.285000,324.071442,41.904762
1777902689.711786,2.261000,325.470764,40.183254
1777902689.722914,2.289000,326.886780,38.564465
1777902689.734042,2.325000,328.272461,37.085236
1777902689.745169,2.289000,329.579315,35.848618
1777902689.756297,2.301000,330.934784,34.847828
1777902689.767424,2.293000,332.159058,33.802212
1777902689.778552,2.317000,333.549194,32.869308
1777902689.789680,2.317000,334.951752,32.070175
1777902689.800807,2.305000,336.218750,31.450893
1777902689.811934,2.305000,337.571014,30.978260
1777902689.823062,2.305000,338.738831,30.587301
1777902689.834189,2.293000,340.103363,30.407570
1777902689.845316,2.289000,341.256531,30.212620
1777902689.856445,2.317000,342.445312,30.109375
1777902689.867572,2.329000,343.492249,30.085272
1777902689.878699,2.325000,344.546600,30.132822
1777902689.889827,2.317000,345.534332,30.274656
1777902689.900954,2.325000,346.469086,30.404848
1777902689.912081,2.325000,347.247894,30.673887
1777902689.923209,2.325000,348.205414,30.835178
1777902689.934337,2.301000,348.894989,31.031746
1777902689.945464,2.313000,349.500000,31.339243
1777902689.956592,2.321000,350.096436,31.603571
1777902689.967719,2.313000,350.856110,31.793764
1777902689.978846,2.305000,351.254822,31.978260
1777902689.989974,2.293000,351.790314,32.219395
1777902690.001101,2.313000,352.073944,32.447182
1777902690.012229,2.301000,352.454224,32.547009
1777902690.023356,2.313000,352.857147,32.750000
1777902690.034484,2.329000,353.000000,32.908875
1777902690.045611,2.325000,353.227875,32.892120
1777902690.056739,2.325000,353.278595,32.937958
1777902690.067867,2.337000,353.481873,32.938404
1777902690.078994,2.321000,353.355225,32.905109
1777902690.090121,2.293000,353.500000,32.867645
1777902690.101249,2.317000,353.351929,32.848824
1777902690.112376,2.321000,353.231232,32.809349
1777902690.123503,2.337000,353.129486,32.708633
1777902690.134632,2.321000,353.061157,32.561150
1777902690.145759,2.317000,352.724854,32.423031
1777902690.156886,2.329000,352.457886,32.316238
1777902690.168014,2.305000,351.964050,32.087978
1777902690.179141,2.325000,351.666656,32.091377
1777902690.190268,2.346000,351.253418,31.937578
1777902690.201396,2.293000,350.593750,31.976562
1777902690.212524,2.333000,350.131805,31.894804
1777902690.223651,2.313000,349.564423,31.822044
1777902690.234779,2.293000,348.799225,31.723097
1777902690.245906,2.337000,348.058136,31.735142
1777902690.257033,2.325000,347.398102,31.659920
1777902690.268162,2.293000,346.541840,31.643347
1777902690.279289,2.301000,345.566528,31.733883
1777902690.290416,2.337000,344.595337,31.795610
1777902690.301544,2.321000,343.677643,31.960220
1777902690.312671,2.342000,342.601105,32.124126
1777902690.323798,2.346000,341.408691,32.457970
1777902690.334927,2.313000,340.192902,32.865250
1777902690.346054,2.321000,339.115112,33.200298
1777902690.357181,2.293000,337.726990,33.825039
1777902690.368309,2.265000,336.233185,34.438183
1777902690.379436,2.317000,334.895142,35.280125
1777902690.390563,2.301000,333.247314,36.136711
1777902690.401691,2.313000,331.681458,37.264366
1777902690.412819,2.333000,330.215118,38.435139
1777902690.423946,2.337000,328.519806,39.891090
1777902690.435074,2.313000,326.885956,41.521053
1777902690.446201,2.321000,325.369568,43.173912
1777902690.457328,2.313000,323.926971,45.095505
1777902690.468455,2.301000,322.234222,47.241440
1777902690.479584,2.313000,321.012878,49.438305
1777902690.490711,2.305000,319.848328,51.926968
1777902690.501838,2.305000,318.662872,54.439392
1777902690.512966,2.317000,317.848328,56.926968
1777902690.524093,2.325000,317.142059,59.517044
1777902690.535220,2.301000,316.470795,62.218456
1777902690.546349,2.317000,316.279694,64.879311
1777902690.557476,2.321000,316.138733,67.811172
1777902690.568603,2.333000,316.143402,70.552322
1777902690.579731,2.346000,316.303528,73.193672
1777902690.590858,2.346000,316.410675,76.053406
1777902690.601985,2.325000,316.908173,78.948982
1777902690.613114,2.342000,317.395508,81.796204
1777902690.624241,2.342000,317.935242,84.624016
1777902690.635368,2.342000,318.556702,87.402061
1777902690.646496,2.346000,319.316254,90.029060
1777902690.657623,2.354000,320.020416,92.683670
1777902690.668750,2.367000,320.945007,95.345001
1777902690.679878,2.358000,321.743195,97.989799
1777902690.691006,2.410000,322.835846,100.815742
1777902690.702133,2.384000,323.699829,103.250412
1777902690.713261,2.406000,324.656555,105.904037
1777902690.724388,2.397000,325.677826,108.322166
1777902690.735515,2.406000,326.720062,110.731392
1777902690.746643,2.363000,327.791870,113.142410
1777902690.768897,2.397000,330.116913,117.906792
1777902690.780025,2.424000,331.323853,120.020538
1777902690.791152,2.460000,332.537994,122.179848
1777902690.802279,2.419000,333.622833,124.273865
1777902690.813407,2.442000,334.880615,126.198448
1777902690.824534,2.455000,336.228790,128.081818
1777902690.835661,2.424000,337.467621,129.764618
1777902690.846789,2.419000,338.705048,131.500870
1777902690.857916,2.393000,340.192383,133.082916
1777902690.869043,2.424000,341.512207,134.391876
1777902690.880171,2.428000,342.883575,135.610840
1777902690.891298,2.442000,344.089111,137.019608
1777902690.902426,2.479000,345.385590,138.073868
1777902690.913553,2.488000,346.747375,139.175446
1777902690.924680,2.465000,348.000000,140.154755
1777902690.935808,2.465000,349.300690,141.056702
1777902690.946934,2.469000,350.563171,141.915787
1777902690.958062,2.479000,351.776611,142.657944
1777902690.969190,2.474000,352.978943,143.196487
1777902690.980317,2.455000,354.146393,143.922394
1777902690.991445,2.479000,355.279266,144.383789
1777902691.002572,2.474000,356.500000,145.000000
1777902691.013699,2.465000,357.767487,145.432526
1777902691.024827,2.465000,358.816498,146.005051
1777902691.035954,2.479000,359.853851,146.272583
1777902691.047081,2.479000,360.886749,146.759171
1777902691.058209,2.469000,361.917480,147.221680
1777902691.069336,2.493000,362.899231,147.668213
1777902691.080463,2.474000,363.990479,147.947617
1777902691.091591,2.479000,364.922729,148.477280
1777902691.102718,2.488000,365.930481,148.837280
1777902691.113845,2.465000,366.795105,149.412842
1777902691.124973,2.497000,367.621704,149.658920
1777902691.136100,2.451000,368.508850,150.106201
1777902691.147227,2.442000,369.159027,150.504593
1777902691.158355,2.474000,369.990387,150.895828
1777902691.169482,2.474000,370.733337,151.350388
1777902691.180609,2.474000,371.500000,151.597946
1777902691.191737,2.479000,372.168823,151.812592
1777902691.202864,2.483000,372.589752,152.047012
1777902691.213991,2.483000,373.154053,152.387955
1777902691.225119,2.479000,373.638763,152.708511
1777902691.236246,2.483000,374.206421,152.821472
1777902691.247374,2.507000,374.429169,152.937500
1777902691.258502,2.479000,374.679108,153.098206
1777902691.269629,2.474000,374.922546,153.210236
1777902691.280756,2.483000,375.150726,153.288406
1777902691.291883,2.474000,375.242035,153.421738
1777902691.303011,2.465000,375.409149,153.505005
1777902691.314138,2.483000,375.356415,153.518036
1777902691.325266,2.483000,375.256744,153.517731
1777902691.336393,2.488000,375.174408,153.596344
1777902691.347520,2.497000,375.000000,153.500000
1777902691.358647,2.512000,374.727020,153.344315
1777902691.369775,2.488000,374.470337,153.457626
1777902691.380902,2.479000,374.235870,153.272598
1777902691.392029,2.469000,373.679108,153.098206
1777902691.403157,2.479000,373.378143,152.953781
1777902691.414284,2.483000,372.920166,152.696075
1777902691.425411,2.497000,372.432343,152.546722
1777902691.436539,2.483000,371.704773,152.165985
1777902691.447666,2.502000,371.122192,151.873840
1777902691.458793,2.479000,370.408783,151.554184
1777902691.469921,2.483000,369.584320,151.118195
1777902691.481048,2.488000,368.548401,150.793015
1777902691.492175,2.488000,367.634277,150.241562
1777902691.503303,2.483000,366.415009,149.816605
1777902691.514430,2.483000,365.432007,149.059998
1777902691.525557,2.479000,364.146088,148.596283
1777902691.536685,2.479000,362.779541,147.964569
1777902691.547812,2.479000,361.564423,147.177948
1777902691.558939,2.483000,360.109375,146.406250
1777902691.570067,2.460000,358.705292,145.655090
1777902691.581194,2.479000,357.268982,144.755463
1777902691.592321,2.442000,355.692200,143.607925
1777902691.603449,2.479000,354.124023,142.437988
1777902691.614576,2.469000,352.527771,141.083328
1777902691.625703,2.474000,351.027100,139.947159
1777902691.636831,2.465000,349.577271,138.280975
1777902691.647959,2.483000,347.929321,136.740005
1777902691.659086,2.469000,346.575989,135.067993
1777902691.670213,2.442000,345.036255,133.161789
1777902691.681341,2.437000,343.638428,131.362900
1777902691.692468,2.483000,342.195251,129.277542
1777902691.703596,2.451000,340.969574,127.295990
1777902691.714723,2.474000,339.475983,124.983986
1777902691.725850,2.474000,338.297089,122.884056
1777902691.736978,2.424000,337.075165,120.439713
1777902691.748106,2.424000,335.875000,118.119255
1777902691.759233,2.455000,334.747467,115.591629
1777902691.770361,2.437000,333.727142,113.095871
1777902691.781488,2.367000,332.591309,110.395653
1777902691.792615,2.451000,331.705963,107.787483
1777902691.803742,2.380000,330.821320,105.115616
1777902691.814870,2.354000,330.104462,102.347160
1777902691.825997,2.363000,329.195099,99.328728
1777902691.837125,2.375000,328.571838,96.454811
1777902691.848253,2.393000,327.939819,93.523148
1777902691.859380,2.346000,327.194702,90.528038
1777902691.870507,2.397000,326.880829,87.718193
1777902691.881635,2.363000,326.494781,84.687500
1777902691.892762,2.337000,326.000000,81.611115
1777902691.903889,2.397000,325.891541,78.465714
1777902691.915018,2.358000,325.732086,75.476639
1777902691.926145,2.367000,325.522308,72.566963
1777902691.937272,2.350000,325.547058,69.529411
1777902691.948400,2.354000,325.880829,66.407410
1777902691.959527,2.354000,326.009888,63.381187
1777902691.970654,2.337000,326.479279,60.311775
1777902691.981782,2.325000,327.000000,57.500000
1777902691.992910,2.329000,327.524780,54.714531
1777902692.004037,2.325000,328.275818,51.925549
1777902692.015165,2.321000,329.092010,49.427082
1777902692.026292,2.313000,329.954559,46.909092
1777902692.037419,2.293000,330.934021,44.546875
1777902692.048547,2.293000,332.074249,42.211689
1777902692.059675,2.261000,333.148682,40.148670
1777902692.070802,2.301000,334.195618,38.344288
1777902692.081930,2.305000,335.269348,36.641369
1777902692.093057,2.317000,336.631500,35.078762
1777902692.104184,2.346000,337.670807,33.679115
1777902692.115312,2.317000,338.873077,32.153416
1777902692.126440,2.329000,340.200562,31.127247
1777902692.137567,2.321000,341.404663,30.204390
1777902692.148695,2.371000,342.503967,29.547619
1777902692.159822,2.313000,343.593750,28.976562
1777902692.170949,2.325000,344.847382,28.466423
1777902692.182077,2.342000,345.868591,28.248507
1777902692.193204,2.321000,347.010498,28.107225
1777902692.204332,2.337000,348.039001,28.023642
1777902692.215460,2.293000,348.992950,28.213615
1777902692.226587,2.337000,349.928070,28.279680
1777902692.237714,2.321000,350.885498,28.527210
1777902692.248841,2.321000,351.610535,28.823597
1777902692.259969,2.317000,352.476013,29.207762
1777902692.271096,2.305000,353.065063,29.441780
1777902692.282223,2.313000,353.825745,29.837427
1777902692.293352,2.325000,354.451721,30.260920
1777902692.304479,2.325000,354.976013,30.558220
1777902692.315606,2.321000,355.479156,31.082176
1777902692.326734,2.333000,355.954559,31.482517
1777902692.337861,2.333000,356.243378,31.711649
1777902692.348988,2.321000,356.700714,32.115025
1777902692.360116,2.337000,356.934021,32.440971
1777902692.371244,2.321000,357.051727,32.565517
1777902692.382371,2.329000,357.169647,32.835114
1777902692.393499,2.317000,357.301178,32.985714
1777902692.404626,2.333000,357.196716,33.227325
1777902692.415753,2.337000,357.258606,33.328587
1777902692.426881,2.346000,357.121643,33.323978
1777902692.438009,2.342000,357.027985,33.430069
1777902692.449136,2.333000,356.934021,33.440971
1777902692.460264,2.317000,356.576691,33.419838
1777902692.471391,2.337000,356.153839,33.465034
1777902692.482518,2.354000,355.909729,33.500000
1777902692.493646,2.317000,355.258606,33.413998
1777902692.504773,2.342000,355.000000,33.465279
1777902692.515901,2.317000,354.340393,33.464077
1777902692.527029,2.337000,353.954559,33.482517
1777902692.538156,2.317000,353.118866,33.465034
1777902692.549283,2.321000,352.629639,33.424133
1777902692.560411,2.325000,351.909729,33.500000
1777902692.571538,2.321000,351.110352,33.541378
1777902692.582665,2.325000,350.200714,33.630283
1777902692.593794,2.329000,349.368683,33.712605
1777902692.604921,2.329000,348.456848,33.884892
1777902692.616048,2.321000,347.500000,33.985714
1777902692.627176,2.329000,346.583649,34.199760
1777902692.638303,2.325000,345.494629,34.424133
1777902692.649431,2.321000,344.244354,34.756821
1777902692.660559,2.313000,343.061157,35.146282
1777902692.671686,2.305000,341.882355,35.551472
1777902692.682813,2.289000,340.605499,36.248440
1777902692.693940,2.329000,339.350677,36.731102
1777902692.705068,2.293000,338.022400,37.455223
1777902692.716195,2.305000,336.625153,38.374844
1777902692.727323,2.329000,335.120544,39.340714
1777902692.738451,2.301000,333.667938,40.371212
1777902692.749578,2.289000,332.152222,41.637794
1777902692.760705,2.321000,330.583344,43.050266
1777902692.771833,2.321000,329.145569,44.508842
1777902692.782960,2.293000,327.739197,46.069736
1777902692.794087,2.342000,326.437195,47.866665
1777902692.805216,2.333000,325.164062,49.692844
1777902692.816343,2.313000,323.922821,51.463158
1777902692.827470,2.329000,322.866669,53.486488
1777902692.838598,2.333000,321.942719,55.659721
1777902692.849725,2.317000,321.047882,58.021278
1777902692.860852,2.333000,320.472656,60.236332
1777902692.871980,2.342000,319.962372,62.453403
1777902692.883108,2.333000,319.731537,64.780182
1777902692.894235,2.333000,319.410675,67.130753
1777902692.905363,2.337000,319.408661,69.258003
1777902692.916490,2.342000,319.376160,71.975792
1777902692.927617,2.350000,319.367950,74.096542
1777902692.938745,2.358000,319.500000,76.500000
1777902692.949872,2.342000,319.834198,78.886559
1777902692.961000,2.346000,320.031830,81.308205
1777902692.972128,2.354000,320.494781,83.687500
1777902692.983255,2.342000,320.856689,86.199677
1777902692.994382,2.397000,321.062500,88.533653
1777902693.005510,2.358000,321.680054,90.871025
1777902693.016638,2.350000,322.027374,93.315620
1777902693.027765,2.380000,322.486115,95.635414
1777902693.038893,2.363000,322.932007,97.976784
1777902693.050020,2.393000,323.343475,100.407784
1777902693.061147,2.410000,324.020203,102.740738
1777902693.072275,2.397000,324.691162,105.052284
1777902693.083402,2.419000,325.109985,107.519997
1777902693.094530,2.428000,325.803406,109.888885
1777902693.105658,2.410000,326.496002,112.341309
1777902693.116785,2.393000,327.225525,114.703148
1777902693.127912,2.424000,327.810455,116.916664
1777902693.139039,2.384000,328.606049,118.993622
1777902693.150167,2.428000,329.505432,121.091476
1777902693.161294,2.424000,330.295898,123.311943
1777902693.172422,2.442000,331.245148,125.329803
1777902693.183550,2.424000,332.085602,127.329689
1777902693.194677,2.424000,333.016754,129.152695
1777902693.205804,2.437000,333.952393,130.880951
1777902693.216932,2.424000,335.078979,132.519745
1777902693.228060,2.451000,335.987366,134.187988
1777902693.239187,2.419000,337.040314,135.658920
1777902693.250315,2.428000,338.171997,136.942154
1777902693.261442,2.451000,339.284576,138.424530
1777902693.272569,2.437000,340.263824,139.524490
1777902693.283697,2.437000,341.587952,140.560181
1777902693.294824,2.442000,342.820160,141.635666
1777902693.305952,2.465000,343.928558,142.561905
1777902693.317080,2.442000,345.018860,143.452835
1777902693.328207,2.474000,346.296814,144.376190
1777902693.339334,2.465000,347.446594,144.860840
1777902693.350462,2.455000,348.555054,145.513763
1777902693.361589,2.469000,349.832550,145.953049
1777902693.372717,2.460000,350.927795,146.537628
1777902693.383845,2.479000,352.077271,146.936371
1777902693.394972,2.483000,353.252258,147.436935
1777902693.406099,2.460000,354.297607,147.724701
1777902693.417227,2.479000,355.531250,148.255951
1777902693.428355,2.479000,356.596497,148.421051
1777902693.439481,2.483000,357.678528,148.674072
1777902693.450610,2.483000,358.643585,149.033188
1777902693.461737,2.507000,359.688507,149.416306
1777902693.472864,2.488000,360.722961,149.558517
1777902693.483992,2.479000,361.758667,149.708893
1777902693.495119,2.483000,362.539459,149.969299
1777902693.506247,2.493000,363.618835,150.163147
1777902693.517375,2.483000,364.656555,150.399704
1777902693.528502,2.488000,365.460999,150.526245
1777902693.539629,2.469000,366.410675,150.547119
1777902693.550757,2.502000,367.237701,150.644165
1777902693.561884,2.488000,368.019196,150.779144
1777902693.573011,2.497000,368.529663,150.843216
1777902693.584139,2.497000,369.369598,150.825668
1777902693.595267,2.465000,369.803833,150.903976
1777902693.606394,2.483000,370.269897,150.896088
1777902693.617521,2.479000,370.596008,150.919998
1777902693.628649,2.483000,371.007812,150.921875
1777902693.639776,2.502000,371.269897,150.896088
1777902693.650903,2.488000,371.421783,150.903397
1777902693.662032,2.479000,371.537415,151.006805
1777902693.673159,2.488000,371.584320,151.118195
1777902693.684286,2.474000,371.658691,151.162018
1777902693.695414,2.474000,371.643524,151.227203
1777902693.706541,2.465000,371.563507,151.298935
1777902693.717669,2.483000,371.559052,151.346451
1777902693.728797,2.483000,371.409454,151.559052
1777902693.739923,2.507000,371.221313,151.685562
1777902693.751051,2.507000,371.042175,151.736496
1777902693.762179,2.483000,370.728577,151.768112
1777902693.773306,2.483000,370.412689,151.701065
1777902693.784433,2.521000,370.084961,151.630066
1777902693.795561,2.479000,369.562500,151.394531
1777902693.806688,2.483000,369.107361,151.192261
1777902693.817816,2.488000,368.527557,151.066925
1777902693.828943,2.465000,367.976746,150.957367
1777902693.840070,2.502000,367.302216,150.699097
1777902693.851198,2.483000,366.503906,150.273438
1777902693.862326,2.465000,365.573639,150.065887
1777902693.873453,2.479000,364.714478,149.827667
1777902693.884580,2.474000,363.638580,149.393356
1777902693.895708,2.483000,362.546875,149.023438
1777902693.906835,2.483000,361.339600,148.563904
1777902693.917962,2.479000,360.179871,148.081757
1777902693.929090,2.479000,358.951508,147.511200
1777902693.940217,2.455000,357.593750,147.023438
1777902693.951345,2.474000,356.379669,146.267700
1777902693.962473,2.469000,354.843506,145.549622
1777902693.973600,2.474000,353.397644,144.905518
1777902693.984727,2.479000,351.699860,144.058426
1777902693.995855,2.488000,350.343994,143.091995
1777902694.006982,2.479000,348.575989,142.067993
1777902694.018109,2.465000,346.893951,140.991730
1777902694.029236,2.474000,345.278229,139.939514
1777902694.040365,2.442000,343.625183,138.579529
1777902694.051492,2.479000,341.898865,137.017090
1777902694.062619,2.469000,340.210144,135.655075
1777902694.073747,2.460000,338.705811,134.017395
1777902694.084874,2.460000,337.042206,132.186310
1777902694.096001,2.455000,335.313995,130.410721
1777902694.107129,2.437000,333.933624,128.407074
1777902694.118256,2.469000,332.446503,126.272865
1777902694.129383,2.428000,330.774078,124.183258
1777902694.140512,2.437000,329.519562,122.040688
1777902694.151639,2.428000,328.139282,119.757431
1777902694.162766,2.428000,326.790070,116.980766
1777902694.173894,2.397000,325.693268,114.475746
1777902694.185021,2.419000,324.499207,111.843697
1777902694.196148,2.419000,323.510162,109.142410
1777902694.207276,2.406000,322.505432,106.313179
1777902694.218403,2.410000,321.598450,103.331779
1777902694.229530,2.406000,320.742493,100.461296
1777902694.240659,2.358000,320.033966,97.533981
1777902694.251786,2.363000,319.346283,94.427185
1777902694.262913,2.393000,318.955872,91.465683
1777902694.274040,2.371000,318.345062,88.252930
1777902694.285168,2.354000,318.211517,85.225044
1777902694.296295,2.371000,318.090912,82.074074
1777902694.307423,2.337000,318.000000,78.948982
1777902694.318550,2.337000,318.000000,75.948982
1777902694.329677,2.346000,318.091827,72.948982
1777902694.340805,2.337000,318.180634,69.965515
1777902694.351932,2.350000,318.604156,67.056091
1777902694.363060,2.346000,318.955872,64.032677
1777902694.374187,2.342000,319.326172,61.010754
1777902694.385315,2.337000,319.868378,58.070084
1777902694.396442,2.342000,320.586792,55.541668
1777902694.407570,2.325000,321.396729,52.951088
1777902694.418697,2.313000,322.105255,50.354385
1777902694.429824,2.333000,323.000000,48.000000
1777902694.440952,2.329000,323.759247,45.548149
1777902694.452079,2.333000,324.839630,43.279278
1777902694.463206,2.333000,325.826965,41.222221
1777902694.474334,2.305000,326.920715,39.187386
1777902694.485462,2.317000,327.926117,37.385586
1777902694.496589,2.321000,329.052826,35.561020
1777902694.507716,2.317000,330.115875,33.953655
1777902694.518844,2.301000,331.286713,32.620033
1777902694.529971,2.342000,332.417511,31.417526
1777902694.541098,2.305000,333.561768,30.206430
1777902694.552226,2.305000,334.611389,29.224455
1777902694.563353,2.350000,335.842865,28.296825
1777902694.574480,2.289000,337.000000,27.500000
1777902694.585608,2.317000,338.052368,26.971428
1777902694.596735,2.313000,339.179840,26.462015
1777902694.607862,2.305000,340.182373,26.222721
1777902694.618991,2.342000,341.328949,25.960526
1777902694.630118,2.354000,342.375885,25.903545
1777902694.641245,2.321000,343.347107,25.946281
1777902694.652373,2.350000,344.463409,26.150406
1777902694.663500,2.342000,345.393188,26.344217
1777902694.674627,2.329000,346.223572,26.836679
1777902694.685755,2.305000,347.087799,27.351145
1777902694.696882,2.325000,347.761719,27.921419
1777902694.708009,2.317000,348.633453,28.503075
1777902694.719138,2.333000,349.256775,29.102468
1777902694.730265,2.354000,349.882355,29.937500
1777902694.741392,2.346000,350.289703,30.649696
1777902694.752520,2.329000,350.928497,31.306667
1777902694.763647,2.337000,351.355225,31.985401
1777902694.774774,2.321000,351.967621,32.769783
1777902694.785902,2.342000,352.213867,33.568699
1777902694.797029,2.358000,352.609711,34.248486
1777902694.808156,2.317000,352.987701,34.897907
1777902694.819284,2.329000,353.088654,35.560284
1777902694.830411,2.350000,353.278595,36.018250
1777902694.841539,2.337000,353.449768,36.591911
1777902694.852667,2.321000,353.545105,36.977444
1777902694.863794,2.358000,353.712402,37.380264
1777902694.874921,2.337000,353.696411,37.718712
1777902694.886049,2.317000,353.750305,38.111931
1777902694.897176,2.321000,353.614166,38.378510
1777902694.908303,2.358000,353.595154,38.423031
1777902694.919430,2.325000,353.358795,38.682423
1777902694.930558,2.346000,353.267609,38.715652
1777902694.941685,2.354000,353.038513,38.854393
1777902694.952812,2.325000,352.882355,38.959560
1777902694.963940,2.337000,352.351929,38.930607
1777902694.975068,2.329000,352.181915,38.876678
1777902694.986195,2.329000,351.841919,38.890930
1777902694.997323,2.325000,351.374237,38.872368
1777902695.008450,2.329000,351.071503,38.780605
1777902695.019577,2.346000,350.478302,38.745972
1777902695.030705,2.321000,350.085449,38.706379
1777902695.041832,2.325000,349.358795,38.595150
1777902695.052959,2.329000,348.826660,38.510303
1777902695.064087,2.305000,348.213867,38.568699
1777902695.075214,2.325000,347.595154,38.423031
1777902695.086341,2.321000,346.748444,38.473358
1777902695.097470,2.305000,346.000000,38.500000
1777902695.108597,2.301000,345.242432,38.616970
1777902695.119724,2.321000,344.518524,38.670372
1777902695.130852,2.317000,343.594971,38.779873
1777902695.141979,2.301000,342.593018,38.992249
1777902695.153106,2.305000,341.706024,39.237392
1777902695.164234,2.285000,340.781555,39.575756
1777902695.175361,2.321000,339.740021,39.900902
1777902695.186488,2.313000,338.728210,40.426922
1777902695.197616,2.317000,337.608521,40.892765
1777902695.208743,2.305000,336.554291,41.542786
1777902695.219870,2.317000,335.543793,42.291504
1777902695.230999,2.277000,334.299988,43.110668
1777902695.242126,2.305000,333.065002,43.947441
1777902695.253253,2.337000,331.991669,45.052776
1777902695.264381,2.301000,330.787384,46.211246
1777902695.275508,2.329000,329.722473,47.340485
1777902695.286635,2.301000,328.579102,48.652843
1777902695.297763,2.329000,327.418640,50.007900
1777902695.308890,2.301000,326.143341,51.623333
1777902695.320017,2.305000,324.848175,53.209572
1777902695.331145,2.325000,323.762390,54.975246
1777902695.342272,2.317000,322.859558,56.788494
1777902695.353400,2.325000,321.807556,58.865978
1777902695.364526,2.321000,320.807556,60.865978
1777902695.375654,2.346000,319.882568,62.856647
1777902695.386782,2.329000,319.096771,65.032257
1777902695.397909,2.337000,318.454376,67.288643
1777902695.409037,2.333000,317.750458,69.717667
1777902695.420164,2.342000,317.367950,72.096542
1777902695.431291,2.342000,316.936951,74.641441
1777902695.442419,2.342000,316.638153,76.862747
1777902695.453546,2.358000,316.442108,79.400002
1777902695.464673,2.367000,316.417084,81.878632
1777902695.475801,2.358000,316.459198,84.464287
1777902695.486928,2.350000,316.596405,86.990196
1777902695.498055,2.337000,316.819366,89.535301
1777902695.509184,2.393000,316.954559,91.969696
1777902695.520311,2.380000,317.346588,94.409622
1777902695.531438,2.393000,317.817566,96.872307
1777902695.542566,2.380000,318.210175,99.425285
1777902695.553693,2.367000,318.795654,101.926300
1777902695.564820,2.406000,319.247101,104.389717
1777902695.575948,2.406000,320.020203,106.740738
1777902695.587075,2.406000,320.832520,109.265038
1777902695.598202,2.437000,321.270081,111.714531
1777902695.609330,2.410000,322.190491,114.035713
1777902695.620457,2.437000,322.809998,116.552338
1777902695.631584,2.428000,323.553406,118.917473
1777902695.642712,2.437000,324.425659,121.302032
1777902695.653840,2.442000,325.028839,123.758560
1777902695.664967,2.451000,325.865326,126.121216
1777902695.676095,2.428000,326.558472,128.574173
1777902695.687222,2.451000,327.410889,131.039597
1777902695.698349,2.442000,328.232117,133.383942
1777902695.709477,2.451000,328.921082,135.813202
1777902695.720604,2.465000,329.696960,138.103668
1777902695.731731,2.474000,330.500000,140.500000
1777902695.742859,2.451000,331.224274,142.932419
1777902695.753986,2.488000,332.009521,145.396820
1777902695.765113,2.455000,332.632507,147.783737
1777902695.776241,2.483000,333.426544,150.173782
1777902695.787368,2.497000,334.129883,152.589981
1777902695.798495,2.488000,334.969299,155.114029
1777902695.809622,2.465000,335.683044,157.486603
1777902695.820750,2.474000,336.398224,159.942474
1777902695.831877,2.460000,337.009003,162.234238
1777902695.843004,2.474000,337.820160,164.635666
1777902695.854132,2.474000,338.491638,166.966507
1777902695.865259,2.455000,339.209442,169.284668
1777902695.876386,2.488000,339.891937,171.573822
1777902695.887515,2.483000,340.681763,173.677231
1777902695.898642,2.483000,341.596802,175.976715
1777902695.909769,2.479000,342.307129,178.251816
1777902695.920897,2.483000,343.311401,180.434204
1777902695.932024,2.512000,343.916321,182.401413
1777902695.943151,2.483000,344.690582,184.495071
1777902695.954279,2.517000,345.545441,186.568863
1777902695.965406,2.497000,346.407990,188.465332
1777902695.976533,2.517000,347.256836,190.528687
1777902695.987661,2.507000,347.916656,192.518524
1777902695.998788,2.488000,348.742126,194.417007
1777902696.009915,2.541000,349.386230,196.263229
1777902696.021043,2.561000,350.050385,198.015503
1777902696.032170,2.502000,350.717743,199.909317
1777902696.043297,2.556000,351.425201,201.746719
1777902696.054425,2.521000,351.984741,203.156494
1777902696.065552,2.512000,352.607452,204.951096
1777902696.076679,2.556000,353.141571,206.653793
1777902696.087807,2.541000,353.748413,208.055344
1777902696.098934,2.591000,354.139404,209.727509
1777902696.110061,2.512000,354.748413,211.055344
1777902696.121189,2.581000,355.133850,212.469757
1777902696.132316,2.591000,355.544067,213.928482
1777902696.143443,2.526000,355.941315,215.159805
1777902696.154572,2.561000,356.330811,216.722015
1777902696.165699,2.591000,356.712769,217.831360
1777902696.176826,2.591000,357.049622,219.099243
1777902696.187954,2.591000,357.414062,220.505234
1777902696.199080,2.596000,357.741364,221.831253
1777902696.210208,2.581000,358.037689,223.047821
1777902696.221336,2.591000,358.365082,224.308807
1777902696.232463,2.581000,358.641144,225.483688
1777902696.243590,2.596000,358.846588,226.684799
1777902696.254717,2.596000,359.066101,227.888428
1777902696.265845,2.596000,359.260986,229.062408
1777902696.276972,2.617000,359.469513,230.303543
1777902696.288099,2.591000,359.520569,231.388657
1777902696.299227,2.617000,359.743256,232.517731
1777902696.310354,2.596000,359.798889,233.513367
1777902696.321481,2.612000,359.974365,234.457260
1777902696.332609,2.606000,359.967743,235.540329
1777902696.343736,2.622000,360.023804,236.460312
1777902696.354863,2.606000,359.953949,237.273941
1777902696.365991,2.596000,360.012299,238.102097
1777902696.377118,2.617000,360.047791,239.014709
1777902696.388245,2.612000,360.081757,239.910690
1777902696.399373,2.627000,360.003876,240.735138
1777902696.410500,2.627000,360.008118,241.418701
1777902696.421627,2.612000,359.877808,242.065079
1777902696.432755,2.627000,359.851562,242.782730
1777902696.443882,2.622000,359.884003,243.534668
1777902696.455009,2.638000,359.703400,243.984253
1777902696.466137,2.643000,359.593781,244.709854
1777902696.477264,2.633000,359.490814,245.196854
1777902696.488391,2.622000,359.468506,245.913391
1777902696.499520,2.617000,359.363525,246.392319
1777902696.510647,2.606000,359.119324,246.849548
1777902696.521773,2.581000,359.032257,247.459671
1777902696.532902,2.606000,358.892334,247.884567
1777902696.544029,2.627000,358.779968,248.463776
1777902696.555156,2.571000,358.607239,248.992249
1777902696.566284,2.606000,358.440735,249.453278
1777902696.577411,2.576000,358.253326,249.936005
1777902696.588538,2.612000,358.127258,250.358231
1777902696.599666,2.606000,357.968262,250.720901
1777902696.610793,2.606000,357.721344,251.027344
1777902696.621920,2.617000,357.667969,251.413071
1777902696.633048,2.659000,357.373230,251.893173
1777902696.644175,2.643000,357.319122,252.073639
1777902696.655302,2.576000,357.032776,252.459015
1777902696.666430,2.633000,356.851562,252.782730
1777902696.677557,2.596000,356.608856,253.036285
1777902696.688684,2.596000,356.419128,253.410690
1777902696.699811,2.571000,356.150421,253.632797
1777902696.710939,2.581000,356.084320,253.907913
1777902696.722066,2.596000,355.838989,254.145905
1777902696.733193,2.591000,355.440735,254.453278
1777902696.744321,2.561000,355.307495,254.842560
1777902696.755448,2.556000,355.135315,254.890533
1777902696.766575,2.581000,355.000000,255.000000
1777902696.777703,2.627000,354.744720,255.151184
1777902696.788830,2.612000,354.397888,255.475357
1777902696.799957,2.591000,354.126984,255.683762
1777902696.811085,2.581000,353.930664,255.945251
1777902696.822212,2.622000,353.797577,256.053345
1777902696.833339,2.627000,353.425598,256.174652
1777902696.844467,2.622000,353.094208,256.492767
1777902696.855594,2.606000,352.800232,256.748779
1777902696.866721,2.546000,352.454773,256.871124
1777902696.877849,2.638000,352.319122,257.073639
1777902696.888977,2.591000,351.984131,257.366394
1777902696.900104,2.612000,351.764618,257.593201
1777902696.911232,2.617000,351.508057,257.895172
1777902696.922359,2.633000,351.334717,258.150879
1777902696.933486,2.638000,351.045441,258.535828
1777902696.944614,2.606000,350.845123,259.057526
1777902696.955741,2.643000,350.691956,259.433044
1777902696.966868,2.622000,350.403351,259.815826
1777902696.977996,2.596000,350.263702,260.334808
1777902696.989123,2.638000,350.216125,260.665131
1777902697.000250,2.648000,349.862030,261.238770
1777902697.011378,2.654000,349.786469,261.430115
1777902697.022505,2.659000,349.656555,261.626251
1777902697.033632,2.654000,349.552185,261.478271
1777902697.044760,2.675000,349.416290,261.372620
1777902697.055887,2.692000,349.323059,260.851685
1777902697.067014,2.643000,349.279510,260.916290
1777902697.078142,2.714000,349.212128,261.180298
1777902697.089269,2.659000,349.103027,261.153015
1777902697.100396,2.697000,349.162109,261.221222
1777902697.111524,2.692000,349.139404,261.289398
1777902697.122651,2.670000,349.191132,261.264526
1777902697.133778,2.627000,349.191132,261.264526
1777902697.144905,2.627000,349.191132,261.264526
1777902697.156033,2.643000,349.229156,261.326935
1777902697.167160,2.659000,349.291656,261.475952
1777902697.178287,2.622000,349.440643,261.835785
1777902697.189415,2.633000,349.480255,261.633484
1777902697.200542,2.633000,349.523804,261.789825
1777902697.211669,2.633000,349.580811,261.688538
1777902697.222797,2.638000,349.744110,261.575745
1777902697.233924,2.622000,349.768982,261.564362
1777902697.245051,2.654000,349.906860,261.485291
1777902697.256179,2.633000,349.971161,261.548065
1777902697.267306,2.648000,349.990204,261.450989
1777902697.278433,2.654000,350.044556,261.425751
1777902697.289561,2.659000,350.082520,261.427185
1777902697.300689,2.654000,350.195526,261.360565
1777902697.311816,2.648000,350.328583,261.371246
1777902697.322943,2.654000,350.442352,261.361755
1777902697.334070,2.654000,350.634766,261.350891
1777902697.345197,2.665000,350.721436,261.367767
1777902697.356325,2.648000,350.888885,261.283264
1777902697.367452,2.648000,350.939972,261.304901
1777902697.378580,2.648000,350.939972,261.304901
1777902697.389708,2.643000,351.122223,261.376190
1777902697.400835,2.643000,351.273865,261.358368
1777902697.411962,2.659000,351.386536,261.377167
1777902697.423090,2.681000,351.453705,261.416656
1777902697.434216,2.670000,351.509338,261.401855
1777902697.445343,2.648000,351.632233,261.325500
1777902697.456472,2.643000,351.706238,261.366821
1777902697.467599,2.643000,351.872498,261.379425
1777902697.478726,2.643000,351.922485,261.401550
1777902697.489854,2.675000,351.922485,261.401550
1777902697.500981,2.659000,352.040497,261.448608
1777902697.512108,2.654000,352.100311,261.435181
1777902697.523236,2.648000,352.170471,261.385071
1777902697.534363,2.643000,352.100311,261.435181
1777902697.545490,2.648000,352.199707,261.337952
1777902697.556618,2.643000,352.310303,261.319519
1777902697.567745,2.665000,352.310303,261.319519
1777902697.589999,2.665000,352.377258,261.359100
1777902697.601127,2.643000,352.431183,261.371552
1777902697.612254,2.648000,352.445465,261.418182
1777902697.623381,2.648000,352.432434,261.337830
1777902697.634509,2.648000,352.409912,261.396393
1777902697.645636,2.659000,352.464294,261.294647
1777902697.656763,2.659000,352.486359,261.350006
1777902697.667891,2.665000,352.518005,261.387390
1777902697.679018,2.648000,352.464294,261.294647
1777902697.690145,2.654000,352.531250,261.352692
1777902697.701273,2.659000,352.446442,261.383942
1777902697.712400,2.648000,352.495575,261.331848
1777902697.723527,2.643000,352.495575,261.331848
1777902697.734655,2.648000,352.495575,261.331848
1777902697.745782,2.648000,352.495575,261.331848
1777902697.756909,2.659000,352.464294,261.294647
1777902697.768037,2.654000,352.495575,261.331848
1777902697.779164,2.643000,352.548248,261.346497
1777902697.790291,2.654000,352.495575,261.331848
1777902697.801419,2.654000,352.495575,261.331848
1777902697.812546,2.665000,352.601776,261.358398
1777902697.823673,2.638000,352.560883,261.391296
1777902697.834801,2.665000,352.601776,261.358398
1777902697.845928,2.648000,352.614044,261.403503
1777902697.857055,2.659000,352.733917,261.337830
1777902697.868183,2.643000,352.668152,261.389374
1777902697.879310,2.665000,352.668152,261.389374
1777902697.890437,2.654000,352.614044,261.403503
1777902697.901565,2.648000,352.614044,261.403503
1777902697.912692,2.643000,352.668152,261.389374
1777902697.923819,2.648000,352.668152,261.389374
1777902697.934947,2.659000,352.668152,261.389374
1777902697.946074,2.654000,352.733917,261.337830
1777902697.957201,2.648000,352.733917,261.337830
1777902697.968329,2.659000,352.668152,261.389374
1777902697.979456,2.659000,352.668152,261.389374
1777902697.990583,2.648000,352.733917,261.337830
1777902698.001711,2.648000,352.733917,261.337830
1777902698.012838,2.670000,352.733917,261.337830
1777902698.023965,2.665000,352.733917,261.337830
1777902698.035092,2.665000,352.733917,261.337830
1777902698.046220,2.686000,352.733917,261.337830
1777902698.057347,2.675000,352.733917,261.337830
1777902698.068474,2.681000,352.733917,261.337830
1777902698.079602,2.665000,352.733917,261.337830
1777902698.090729,2.654000,352.733917,261.337830
1777902698.101856,2.659000,352.733917,261.337830
1777902698.112984,2.709000,352.733917,261.337830
1777902698.124111,2.665000,352.733917,261.337830
1777902698.135237,2.670000,352.733917,261.337830
1777902698.146365,2.665000,352.733917,261.337830
1777902698.157493,2.665000,352.733917,261.337830
1777902698.168620,2.648000,352.733917,261.337830
1777902698.179748,2.670000,352.733917,261.337830
1777902698.190875,2.643000,352.733917,261.337830
1777902698.202002,2.648000,352.733917,261.337830
1777902698.213129,2.659000,352.733917,261.337830
1777902698.224256,2.643000,352.722473,261.291107
1777902698.235384,2.643000,352.733917,261.337830
1777902698.246511,2.638000,352.668152,261.389374
1777902698.257638,2.665000,352.733917,261.337830
1777902698.268765,2.643000,352.668152,261.389374
1777902698.279893,2.659000,352.733917,261.337830
1777902698.291020,2.648000,352.656250,261.343750
1777902698.302147,2.659000,352.733917,261.337830
1777902698.313275,2.648000,352.668152,261.389374
1777902698.324402,2.659000,352.668152,261.389374
1777902698.335529,2.648000,352.733917,261.337830
1777902698.346657,2.643000,352.668152,261.389374
1777902698.357784,2.648000,352.733917,261.337830
1777902698.368911,2.654000,352.656250,261.343750
1777902698.380039,2.681000,352.668152,261.389374
1777902698.391166,2.659000,352.668152,261.389374
1777902698.402293,2.643000,352.668152,261.389374
1777902698.413421,2.643000,352.733917,261.337830
1777902698.424548,2.638000,352.668152,261.389374
1777902698.435675,2.648000,352.733917,261.337830
1777902698.446803,2.675000,352.668152,261.389374
1777902698.457930,2.665000,352.733917,261.337830
1777902698.469057,2.670000,352.733917,261.337830
1777902698.480184,2.659000,352.733917,261.337830
1777902698.491312,2.659000,352.733917,261.337830
1777902698.502439,2.665000,352.733917,261.337830
1777902698.513566,2.692000,352.733917,261.337830
1777902698.524694,2.665000,352.733917,261.337830
1777902698.535821,2.670000,352.733917,261.337830
1777902698.546948,2.692000,352.733917,261.337830
1777902698.558076,2.681000,352.733917,261.337830
1777902698.569203,2.659000,352.733917,261.337830
1777902698.580330,2.681000,352.733917,261.337830
1777902698.591458,2.681000,352.733917,261.337830
1777902698.602585,2.648000,352.733917,261.337830
1777902698.613712,2.686000,352.733917,261.337830
1777902698.624840,2.697000,352.733917,261.337830
1777902698.635967,2.697000,352.733917,261.337830
1777902698.647094,2.659000,352.733917,261.337830
1777902698.658221,2.665000,352.733917,261.337830
1777902698.669348,2.665000,352.733917,261.337830
1777902698.680475,2.659000,352.733917,261.337830
1777902698.691603,2.654000,352.733917,261.337830
1777902698.702730,2.665000,352.790344,261.340881
1777902698.713858,2.665000,352.733917,261.337830
1777902698.724986,2.686000,352.733917,261.337830
1777902698.736113,2.670000,352.733917,261.337830
1777902698.747240,2.675000,352.733917,261.337830
1777902698.758368,2.665000,352.733917,261.337830
1777902698.769495,2.675000,352.733917,261.337830
1777902698.780622,2.648000,352.733917,261.337830
1777902698.791750,2.648000,352.733917,261.337830
1777902698.802877,2.659000,352.722473,261.291107
1777902698.814004,2.670000,352.733917,261.337830
1777902698.825132,2.670000,352.733917,261.337830
1777902698.836260,2.670000,352.733917,261.337830
1777902698.847386,2.665000,352.733917,261.337830
1777902698.858515,2.648000,352.733917,261.337830
1777902698.869642,2.665000,352.733917,261.337830
1777902698.880769,2.659000,352.733917,261.337830
1777902698.891897,2.659000,352.733917,261.337830
1777902698.903024,2.670000,352.733917,261.337830
1777902698.914151,2.659000,352.733917,261.337830
1777902698.925278,2.659000,352.733917,261.337830
1777902698.936406,2.665000,352.733917,261.337830
1777902698.947533,2.659000,352.733917,261.337830
1777902698.958660,2.681000,352.733917,261.337830
1777902698.969788,2.670000,352.733917,261.337830
1777902698.980916,2.686000,352.733917,261.337830
1777902698.992043,2.665000,352.733917,261.337830
1777902699.003171,2.697000,352.733917,261.337830
1777902699.014298,2.665000,352.733917,261.337830
1777902699.025425,2.675000,352.733917,261.337830
1777902699.036553,2.670000,352.733917,261.337830
1777902699.047680,2.665000,352.790344,261.340881
1777902699.058807,2.692000,352.733917,261.337830
1777902699.069935,2.670000,352.733917,261.337830
1777902699.081062,2.670000,352.733917,261.337830
1777902699.092189,2.692000,352.733917,261.337830
1777902699.103317,2.697000,352.790344,261.340881
1777902699.114444,2.654000,352.733917,261.337830
1777902699.125571,2.648000,352.790344,261.340881
1777902699.136699,2.681000,352.733917,261.337830
1777902699.147827,2.675000,352.733917,261.337830
1777902699.158954,2.659000,352.733917,261.337830
1777902699.170082,2.675000,352.733917,261.337830
1777902699.181209,2.643000,352.733917,261.337830
1777902699.192336,2.659000,352.733917,261.337830
1777902699.203464,2.686000,352.733917,261.337830
1777902699.214591,2.665000,352.733917,261.337830
1777902699.225718,2.654000,352.733917,261.337830
1777902699.236846,2.686000,352.733917,261.337830
1777902699.247973,2.665000,352.733917,261.337830
1777902699.259100,2.692000,352.733917,261.337830
1777902699.270229,2.675000,352.733917,261.337830
1777902699.281355,2.681000,352.758667,261.381592
1777902699.292483,2.665000,352.733917,261.337830
1777902699.303611,2.665000,352.733917,261.337830
1777902699.314738,2.643000,352.733917,261.337830
1777902699.325865,2.648000,352.758667,261.381592
1777902699.336993,2.670000,352.733917,261.337830
1777902699.348120,2.659000,352.733917,261.337830
1777902699.359247,2.675000,352.733917,261.337830
1777902699.370374,2.665000,352.758667,261.381592
1777902699.381502,2.681000,352.733917,261.337830
1777902699.392629,2.659000,352.846283,261.334869
1777902699.403756,2.665000,352.733917,261.337830
1777902699.414885,2.670000,352.790344,261.340881
1777902699.426012,2.681000,352.733917,261.337830
1777902699.437139,2.665000,352.790344,261.340881
1777902699.448267,2.675000,352.733917,261.337830
1777902699.459394,2.665000,352.758667,261.381592
1777902699.470521,2.675000,352.733917,261.337830
1777902699.481649,2.654000,352.790344,261.340881
1777902699.492776,2.659000,352.733917,261.337830
1777902699.503903,2.686000,352.733917,261.337830
1777902699.515031,2.665000,352.733917,261.337830
1777902699.526158,2.709000,352.815826,261.385071
1777902699.537285,2.648000,352.790344,261.340881
1777902699.548413,2.659000,352.733917,261.337830
1777902699.559540,2.665000,352.758667,261.381592
1777902699.570668,2.659000,352.733917,261.337830
1777902699.581796,2.692000,352.733917,261.337830
1777902699.592923,2.686000,352.733917,261.337830
1777902699.604050,2.665000,352.733917,261.337830
1777902699.615178,2.686000,352.846283,261.334869
1777902699.626305,2.654000,352.758667,261.381592
1777902699.637432,2.665000,352.733917,261.337830
1777902699.648560,2.659000,352.733917,261.337830
1777902699.659687,2.665000,352.733917,261.337830
1777902699.670814,2.714000,352.733917,261.337830
1777902699.681942,2.670000,352.733917,261.337830
1777902699.693069,2.681000,352.815826,261.385071
1777902699.704196,2.670000,352.733917,261.337830
1777902699.715324,2.681000,352.733917,261.337830
1777902699.726451,2.681000,352.758667,261.381592
1777902699.737578,2.665000,352.815826,261.385071
1777902699.748707,2.665000,352.733917,261.337830
1777902699.759834,2.665000,352.758667,261.381592
1777902699.770960,2.654000,352.815826,261.385071
1777902699.782089,2.659000,352.733917,261.337830
1777902699.793216,2.665000,352.758667,261.381592
1777902699.804343,2.659000,352.792603,261.334808
1777902699.815470,2.654000,352.758667,261.381592
1777902699.826598,2.670000,352.790344,261.340881
1777902699.837725,2.675000,352.790344,261.340881
1777902699.848852,2.681000,352.758667,261.381592
1777902699.859980,2.670000,352.758667,261.381592
1777902699.871107,2.659000,352.846283,261.334869
1777902699.882234,2.643000,352.733917,261.337830
1777902699.893362,2.697000,352.790344,261.340881
1777902699.904489,2.686000,352.733917,261.337830
1777902699.915616,2.665000,352.790344,261.340881
1777902699.926744,2.665000,352.733917,261.337830
1777902699.937871,2.659000,352.790344,261.340881
1777902699.948998,2.654000,352.790344,261.340881
1777902699.960126,2.659000,352.758667,261.381592
1777902699.971253,2.648000,352.733917,261.337830
1777902699.982380,2.659000,352.733917,261.337830
1777902699.993508,2.654000,352.790344,261.340881
1777902700.004636,2.697000,352.758667,261.381592
1777902700.015763,2.665000,352.733917,261.337830
1777902700.026890,2.659000,352.733917,261.337830
1777902700.038018,2.670000,352.790344,261.340881
1777902700.049145,2.648000,352.790344,261.340881
1777902700.060273,2.665000,352.733917,261.337830
1777902700.071400,2.665000,352.733917,261.337830
1777902700.082527,2.648000,352.790344,261.340881
1777902700.093655,2.670000,352.815826,261.385071
1777902700.104782,2.659000,352.733917,261.337830
1777902700.115909,2.665000,352.783875,261.334869
1777902700.127037,2.665000,352.758667,261.381592
1777902700.138164,2.670000,352.758667,261.381592
1777902700.149291,2.648000,352.758667,261.381592
1777902700.160419,2.670000,352.872498,261.379425
1777902700.171546,2.659000,352.817627,261.378174
1777902700.182673,2.659000,352.758667,261.381592
1777902700.193801,2.659000,352.790344,261.340881
1777902700.204928,2.659000,352.790344,261.340881
1777902700.216055,2.665000,352.872498,261.379425
1777902700.227183,2.665000,352.790344,261.340881
1777902700.238310,2.665000,352.733917,261.337830
1777902700.249437,2.665000,352.846283,261.334869
1777902700.260564,2.670000,352.758667,261.381592
1777902700.271692,2.638000,352.733917,261.337830
1777902700.282819,2.665000,352.733917,261.337830
1777902700.293946,2.675000,352.872498,261.287262
1777902700.305074,2.670000,352.846283,261.334869
1777902700.316201,2.665000,352.790344,261.340881
1777902700.327329,2.697000,352.790344,261.340881
1777902700.338457,2.675000,352.790344,261.340881
1777902700.349583,2.665000,352.790344,261.340881
1777902700.360711,2.665000,352.931519,261.375946
1777902700.371839,2.659000,352.899231,261.331787
1777902700.382966,2.697000,352.758667,261.291107
1777902700.394093,2.648000,352.733917,261.337830
1777902700.405221,2.697000,352.790344,261.340881
1777902700.416348,2.692000,352.846283,261.334869
1777902700.427475,2.648000,352.758667,261.381592
1777902700.438603,2.670000,352.846283,261.334869
1777902700.449730,2.665000,352.815826,261.375946
1777902700.460857,2.670000,352.841797,261.337952
1777902700.471985,2.692000,352.872498,261.379425
1777902700.483112,2.670000,352.733917,261.337830
1777902700.494239,2.686000,352.872498,261.379425
1777902700.505367,2.670000,352.790344,261.340881
1777902700.516494,2.670000,352.790344,261.340881
1777902700.527621,2.654000,352.815826,261.385071
1777902700.538749,2.665000,352.790344,261.340881
1777902700.549876,2.670000,352.815826,261.385071
1777902700.561003,2.643000,352.849030,261.337830
1777902700.572131,2.709000,352.872498,261.379425
1777902700.583258,2.709000,352.846283,261.334869
1777902700.594385,2.665000,352.815826,261.385071
1777902700.605513,2.670000,352.872498,261.287262
1777902700.616640,2.648000,352.792603,261.334808
1777902700.627767,2.648000,352.846283,261.334869
1777902700.638896,2.681000,352.872498,261.379425
1777902700.650023,2.665000,352.899231,261.331787
1777902700.661150,2.648000,352.904968,261.331818
1777902700.672278,2.692000,352.846283,261.334869
1777902700.683404,2.692000,352.815826,261.385071
1777902700.694532,2.670000,352.733917,261.337830
1777902700.705659,2.697000,352.758667,261.381592
1777902700.716787,2.648000,352.758667,261.381592
1777902700.727914,2.681000,352.846283,261.334869
1777902700.739041,2.697000,352.849030,261.337830
1777902700.750169,2.709000,352.790344,261.340881
1777902700.761296,2.659000,352.733917,261.337830
1777902700.772423,2.648000,352.790344,261.340881
1777902700.783551,2.681000,352.874817,261.381592
1777902700.794678,2.638000,352.815826,261.385071
1777902700.805806,2.665000,352.872498,261.379425
1777902700.816934,2.670000,352.790344,261.340881
1777902700.828061,2.659000,352.790344,261.340881
1777902700.839188,2.648000,352.849030,261.337830
1777902700.850316,2.648000,352.758667,261.381592
1777902700.861443,2.665000,352.931519,261.375946
1777902700.872570,2.675000,352.815826,261.385071
1777902700.883698,2.675000,352.815826,261.385071
1777902700.894825,2.648000,352.815826,261.385071
1777902700.905952,2.648000,352.792603,261.334808
1777902700.917080,2.665000,352.920349,261.290558
1777902700.928208,2.686000,352.904968,261.331818
1777902700.939335,2.670000,352.846283,261.334869
1777902700.950463,2.697000,352.846283,261.334869
1777902700.961590,2.686000,352.815826,261.385071
1777902700.972717,2.709000,352.872498,261.379425
1777902700.983845,2.648000,352.846283,261.334869
1777902700.994972,2.681000,352.846283,261.334869
1777902701.006099,2.675000,352.904968,261.331818
1777902701.017227,2.648000,352.846283,261.334869
1777902701.028354,2.665000,352.790344,261.340881
1777902701.039481,2.665000,352.904968,261.331818
1777902701.050610,2.659000,352.849030,261.337830
1777902701.061737,2.681000,352.733917,261.337830
1777902701.072864,2.681000,352.899231,261.331787
1777902701.083992,2.659000,352.904968,261.331818
1777902701.095119,2.670000,352.872498,261.379425
1777902701.106246,2.670000,352.815826,261.385071
1777902701.117374,2.665000,352.790344,261.340881
1777902701.128501,2.665000,352.758667,261.381592
1777902701.139628,2.643000,352.846283,261.334869
1777902701.150755,2.665000,352.815826,261.385071
1777902701.161883,2.643000,352.792603,261.334808
1777902701.173011,2.670000,352.846283,261.334869
1777902701.184137,2.665000,352.931519,261.375946
1777902701.195266,2.659000,352.733917,261.337830
1777902701.206393,2.638000,352.931519,261.375946
1777902701.217520,2.643000,352.758667,261.381592
1777902701.228648,2.665000,352.849030,261.337830
1777902701.239775,2.670000,352.846283,261.334869
1777902701.250902,2.681000,352.846283,261.334869
1777902701.262030,2.692000,352.904968,261.331818
1777902701.273157,2.675000,352.846283,261.334869
1777902701.284284,2.643000,352.874817,261.381592
1777902701.295412,2.654000,352.931519,261.375946
1777902701.306540,2.643000,352.846283,261.334869
1777902701.317667,2.648000,352.872498,261.379425
1777902701.328795,2.686000,352.815826,261.385071
1777902701.339922,2.665000,352.931519,261.375946
1777902701.351049,2.648000,352.790344,261.340881
1777902701.362177,2.692000,352.849030,261.337830
1777902701.373304,2.648000,352.931519,261.375946
1777902701.384431,2.648000,352.931519,261.375946
1777902701.395559,2.643000,352.918915,261.286774
1777902701.406686,2.681000,352.904968,261.331818
1777902701.417814,2.648000,352.872498,261.379425
1777902701.428941,2.638000,352.931519,261.375946
1777902701.440069,2.643000,352.931519,261.375946
1777902701.451195,2.659000,352.904968,261.331818
1777902701.462324,2.648000,352.931519,261.284637
1777902701.473451,2.665000,352.846283,261.334869
1777902701.484578,2.659000,352.815826,261.385071
1777902701.495706,2.659000,352.931519,261.375946
1777902701.506833,2.659000,352.872498,261.379425
1777902701.517960,2.675000,352.846283,261.334869
1777902701.529088,2.659000,352.872498,261.287262
1777902701.540215,2.659000,352.904968,261.331818
1777902701.551342,2.638000,352.849030,261.337830
1777902701.562470,2.648000,352.931519,261.375946
1777902701.573598,2.638000,352.904968,261.331818
1777902701.584725,2.659000,352.931519,261.375946
1777902701.595852,2.665000,352.790344,261.340881
1777902701.606980,2.659000,352.904968,261.331818
1777902701.618107,2.654000,352.904968,261.331818
1777902701.629234,2.654000,352.931519,261.375946
1777902701.640362,2.675000,352.931519,261.375946
1777902701.651489,2.648000,353.002991,261.327332
1777902701.662616,2.686000,352.849030,261.337830
1777902701.673744,2.665000,352.904968,261.331818
1777902701.684872,2.665000,352.904968,261.331818
1777902701.695999,2.648000,352.849030,261.337830
1777902701.707127,2.659000,352.758667,261.291107
1777902701.718254,2.659000,352.931519,261.375946
1777902701.729381,2.665000,352.904968,261.331818
1777902701.740509,2.665000,352.817627,261.378174
1777902701.751637,2.648000,352.904968,261.331818
1777902701.762764,2.654000,352.931519,261.375946
1777902701.773892,2.659000,352.874817,261.381592
1777902701.785019,2.643000,352.931519,261.375946
1777902701.796146,2.665000,352.904968,261.331818
1777902701.807274,2.654000,352.849030,261.337830
1777902701.818401,2.654000,352.849030,261.337830
1777902701.829529,2.643000,353.033936,261.272858
1777902701.840657,2.648000,352.958527,261.328735
1777902701.851784,2.659000,352.904968,261.331818
1777902701.862911,2.714000,352.872498,261.379425
1777902701.874039,2.675000,352.872498,261.379425
1777902701.885166,2.665000,352.931519,261.375946
1777902701.896293,2.681000,352.904968,261.331818
1777902701.907422,2.654000,352.904968,261.331818
1777902701.918549,2.659000,352.976196,261.284241
1777902701.929676,2.648000,352.931519,261.375946
1777902701.940804,2.659000,352.904968,261.331818
1777902701.951931,2.659000,352.908142,261.325928
1777902701.963058,2.681000,352.931519,261.375946
1777902701.974186,2.681000,352.931519,261.375946
1777902701.985314,2.654000,352.874817,261.381592
1777902701.996441,2.681000,352.931519,261.375946
1777902702.007569,2.675000,352.849030,261.337830
1777902702.018696,2.675000,352.904968,261.331818
1777902702.029824,2.654000,352.931519,261.375946
1777902702.040951,2.638000,352.904968,261.331818
1777902702.052079,2.654000,352.874817,261.381592
1777902702.063206,2.665000,353.002991,261.327332
1777902702.074333,2.643000,352.958527,261.328735
1777902702.085461,2.648000,352.931519,261.375946
1777902702.096588,2.659000,352.874817,261.381592
1777902702.107716,2.654000,352.931519,261.375946
1777902702.118844,2.681000,352.904968,261.331818
1777902702.129971,2.643000,352.964111,261.319885
1777902702.141098,2.681000,352.904968,261.331818
1777902702.152226,2.659000,352.874817,261.381592
1777902702.163353,2.654000,352.843140,261.331818
1777902702.174480,2.665000,352.931519,261.375946
1777902702.185609,2.659000,352.920349,261.290558
1777902702.196736,2.659000,352.931519,261.375946
1777902702.207863,2.648000,352.946442,261.333344
1777902702.218991,2.665000,352.990936,261.363495
1777902702.230119,2.654000,352.976196,261.284241
1777902702.241246,2.686000,352.904968,261.331818
1777902702.252374,2.665000,352.904968,261.331818
1777902702.263501,2.670000,352.904968,261.331818
1777902702.274628,2.648000,352.849030,261.337830
1777902702.285756,2.665000,352.904968,261.331818
1777902702.296883,2.665000,352.904968,261.331818
1777902702.308011,2.648000,352.931519,261.375946
1777902702.319139,2.659000,352.904968,261.331818
1777902702.330266,2.659000,352.931519,261.375946
1777902702.341393,2.697000,352.990936,261.363495
1777902702.352521,2.670000,352.904968,261.331818
1777902702.363648,2.648000,352.904968,261.331818
1777902702.374775,2.659000,352.904968,261.331818
1777902702.385904,2.654000,352.972961,261.286774
1777902702.397031,2.670000,352.931519,261.375946
1777902702.408158,2.675000,352.931519,261.375946
1777902702.419286,2.648000,352.931519,261.375946
1777902702.430413,2.638000,352.931519,261.375946
1777902702.441540,2.665000,352.931519,261.375946
1777902702.452669,2.659000,352.904968,261.331818
1777902702.463796,2.659000,352.934235,261.369202
1777902702.474923,2.648000,352.931519,261.375946
