# which inertial sample is which camera frame, from the hardware trigger
# frame_period_s=0.011127690  (89.865907273 Hz, measured from this session's own trigger pulses -- the camera does not run at 90.000)
# trigger_pulses=4249  pulses_the_imu_missed=23
# t_bar_s is the exposure time in the BAR's clock, the same clock as esp_timestamp_us in imu/raw_imu.csv
# imu_sample is a row index into imu/raw_imu.csv; tagged=0 means the inertial stream missed that pulse and the time is interpolated
frame,video_row,t_bar_s,imu_sample,tagged
0,0,3077.748307,10,1
1,1,3077.759441,21,1
2,2,3077.770576,32,1
3,3,3077.781714,43,1
4,4,3077.792847,54,1
5,5,3077.803985,65,1
6,6,3077.815119,76,1
7,7,3077.826255,87,1
8,8,3077.837390,98,1
9,9,3077.848524,109,1
10,10,3077.859660,120,1
11,11,3077.870798,131,1
12,12,3077.881933,142,1
13,13,3077.893069,153,1
14,14,3077.904204,164,1
15,15,3077.915339,175,1
16,16,3077.926474,186,1
17,17,3077.937610,197,1
18,18,3077.948746,208,1
19,19,3077.959880,219,1
20,20,3077.971015,230,1
21,21,3077.982152,241,1
22,22,3077.993287,252,1
23,23,3078.004423,263,1
24,24,3078.015557,274,1
25,25,3078.026693,285,1
26,26,3078.037830,296,1
27,27,3078.048966,307,1
28,28,3078.060100,318,1
29,29,3078.071235,329,1
30,30,3078.082371,340,1
31,31,3078.093506,351,1
32,32,3078.104644,362,1
33,33,3078.115777,373,1
34,34,3078.126914,384,1
35,35,3078.138050,395,1
36,36,3078.149185,406,1
37,37,3078.160320,417,1
38,38,3078.171456,428,1
39,39,3078.181578,438,1
40,40,3078.192714,449,1
41,41,3078.203849,460,1
42,42,3078.214984,471,1
43,43,3078.226121,482,1
44,44,3078.237255,493,1
45,45,3078.248392,504,1
46,46,3078.259526,515,1
47,47,3078.270663,526,1
48,48,3078.281799,537,1
49,49,3078.292935,548,1
50,50,3078.304071,559,1
51,51,3078.315204,570,1
52,52,3078.326341,581,1
53,53,3078.337477,592,1
54,54,3078.348613,603,1
55,55,3078.359747,614,1
56,56,3078.370883,625,1
57,57,3078.382018,636,1
58,58,3078.393153,647,1
59,59,3078.404289,658,1
60,60,3078.415424,669,1
61,61,3078.426561,680,1
62,62,3078.437696,691,1
63,63,3078.448832,702,1
64,64,3078.459968,713,1
65,65,3078.471101,724,1
66,66,3078.482237,735,1
67,67,3078.493374,746,1
68,68,3078.504508,757,1
69,69,3078.515644,768,1
70,70,3078.526778,779,1
71,71,3078.537915,790,1
72,72,3078.549051,801,1
73,73,3078.560187,812,1
74,74,3078.571323,823,1
75,75,3078.582456,834,1
76,76,3078.593593,845,1
77,77,3078.604729,856,1
78,78,3078.615864,867,1
79,-1,3078.626998,878,1
80,79,3078.638136,889,1
81,80,3078.649270,900,1
82,81,3078.660407,911,1
83,82,3078.671541,922,1
84,83,3078.682677,933,1
85,84,3078.693814,944,1
86,85,3078.704948,955,1
87,86,3078.716096,966,1
88,87,3078.727218,977,1
89,88,3078.738355,988,1
90,89,3078.749490,999,1
91,90,3078.760624,1010,1
92,91,3078.771760,1021,1
93,92,3078.782897,1032,1
94,93,3078.794033,1043,1
95,94,3078.805167,1054,1
96,95,3078.816304,1065,1
97,96,3078.827440,1076,1
98,97,3078.838573,1087,1
99,98,3078.849709,1098,1
100,99,3078.860844,1109,1
101,100,3078.871981,1120,1
102,101,3078.883118,1131,1
103,102,3078.894252,1142,1
104,103,3078.905386,1153,1
105,104,3078.916523,1164,1
106,105,3078.927659,1175,1
107,106,3078.938795,1186,1
108,107,3078.949930,1197,1
109,108,3078.961064,1208,1
110,109,3078.972202,1219,1
111,110,3078.983337,1230,1
112,111,3078.994471,1241,1
113,112,3079.005608,1252,1
114,113,3079.016744,1263,1
115,114,3079.027879,1274,1
116,115,3079.039012,1285,1
117,116,3079.050148,1296,1
118,117,3079.061284,1307,1
119,118,3079.072421,1318,1
120,119,3079.083555,1329,1
121,120,3079.094690,1340,1
122,121,3079.105826,1351,1
123,122,3079.116962,1362,1
124,123,3079.128099,1373,1
125,124,3079.139232,1384,1
126,125,3079.150369,1395,1
127,126,3079.161503,1406,1
128,127,3079.172641,1417,1
129,128,3079.183775,1428,1
130,129,3079.194912,1439,1
131,130,3079.206047,1450,1
132,131,3079.217183,1461,1
133,132,3079.228317,1472,1
134,133,3079.239453,1483,1
135,134,3079.250588,1494,1
136,135,3079.261725,1505,1
137,136,3079.272858,1516,1
138,137,3079.283995,1527,1
139,138,3079.295129,1538,1
140,139,3079.306267,1549,1
141,140,3079.317403,1560,1
142,141,3079.328538,1571,1
143,142,3079.339673,1582,1
144,143,3079.350809,1593,1
145,144,3079.361945,1604,1
146,145,3079.373080,1615,1
147,146,3079.384215,1626,1
148,147,3079.395351,1637,1
149,148,3079.406484,1648,1
150,149,3079.417620,1659,1
151,150,3079.428755,1670,1
152,151,3079.439893,1681,1
153,152,3079.451027,1692,1
154,153,3079.462162,1703,1
155,154,3079.473298,1714,1
156,155,3079.484433,1725,1
157,156,3079.495568,1736,1
158,157,3079.506705,1747,1
159,158,3079.517839,1758,1
160,159,3079.528976,1769,1
161,160,3079.540113,1780,1
162,161,3079.551247,1791,1
163,162,3079.562381,1802,1
164,163,3079.573518,1813,1
165,164,3079.584655,1824,1
166,165,3079.595789,1835,1
167,166,3079.606926,1846,1
168,167,3079.618062,1857,1
169,168,3079.629196,1868,1
170,169,3079.639319,1878,1
171,170,3079.650454,1889,1
172,171,3079.661591,1900,1
173,172,3079.672724,1911,1
174,173,3079.683860,1922,1
175,174,3079.694995,1933,1
176,175,3079.706132,1944,1
177,176,3079.717268,1955,1
178,177,3079.728404,1966,1
179,-1,3079.739537,1977,1
180,178,3079.750673,1988,1
181,179,3079.761809,1999,1
182,180,3079.772946,2010,1
183,181,3079.784081,2021,1
184,182,3079.795216,2032,1
185,183,3079.806352,2043,1
186,184,3079.817486,2054,1
187,185,3079.828621,2065,1
188,186,3079.839757,2076,1
189,187,3079.850893,2087,1
190,188,3079.862028,2098,1
191,189,3079.873165,2109,1
192,190,3079.884301,2120,1
193,191,3079.895437,2131,1
194,192,3079.906572,2142,1
195,193,3079.917708,2153,1
196,194,3079.928843,2164,1
197,195,3079.939979,2175,1
198,196,3079.951113,2186,1
199,197,3079.962249,2197,1
200,198,3079.973386,2208,1
201,199,3079.984519,2219,1
202,200,3079.995656,2230,1
203,201,3080.006792,2241,1
204,202,3080.017925,2252,1
205,203,3080.029064,2263,1
206,204,3080.040198,2274,1
207,205,3080.051332,2285,1
208,206,3080.062467,2296,1
209,207,3080.073603,2307,1
210,208,3080.084740,2318,1
211,209,3080.095875,2329,1
212,210,3080.107011,2340,1
213,211,3080.118147,2351,1
214,212,3080.129283,2362,1
215,213,3080.140418,2373,1
216,214,3080.151552,2384,1
217,215,3080.162688,2395,1
218,216,3080.173824,2406,1
219,217,3080.184960,2417,1
220,218,3080.196100,2428,1
221,219,3080.207231,2439,1
222,220,3080.218366,2450,1
223,221,3080.229500,2461,1
224,222,3080.240635,2472,1
225,223,3080.251771,2483,1
226,224,3080.262909,2494,1
227,225,3080.274045,2505,1
228,226,3080.285179,2516,1
229,227,3080.296316,2527,1
230,228,3080.307449,2538,1
231,229,3080.318585,2549,1
232,230,3080.329721,2560,1
233,231,3080.340858,2571,1
234,232,3080.351991,2582,1
235,233,3080.363126,2593,1
236,234,3080.374264,2604,1
237,235,3080.385398,2615,1
238,236,3080.396534,2626,1
239,237,3080.407670,2637,1
240,238,3080.418806,2648,1
241,239,3080.429940,2659,1
242,240,3080.441075,2670,1
243,241,3080.452210,2681,1
244,242,3080.463346,2692,1
245,243,3080.474482,2703,1
246,244,3080.485617,2714,1
247,245,3080.496753,2725,1
248,246,3080.507891,2736,1
249,247,3080.519024,2747,1
250,248,3080.530162,2758,1
251,249,3080.541294,2769,1
252,250,3080.552432,2780,1
253,251,3080.563565,2791,1
254,252,3080.574702,2802,1
255,253,3080.585838,2813,1
256,254,3080.596975,2824,1
257,255,3080.608108,2835,1
258,256,3080.619244,2846,1
259,257,3080.630379,2857,1
260,258,3080.641516,2868,1
261,259,3080.652650,2879,1
262,260,3080.663785,2890,1
263,261,3080.674921,2901,1
264,262,3080.686059,2912,1
265,263,3080.697192,2923,1
266,264,3080.708327,2934,1
267,265,3080.719463,2944,1
268,266,3080.730600,2955,1
269,267,3080.741736,2966,1
270,268,3080.752870,2977,1
271,269,3080.764006,2988,1
272,270,3080.775142,2999,1
273,271,3080.786277,3010,1
274,272,3080.797413,3021,1
275,273,3080.808549,3032,1
276,274,3080.819684,3043,1
277,275,3080.830819,3054,1
278,276,3080.841954,3065,1
279,277,3080.853096,3076,1
280,278,3080.864225,3087,1
281,279,3080.875361,3098,1
282,280,3080.886496,3109,1
283,281,3080.897633,3120,1
284,282,3080.908767,3131,1
285,283,3080.919904,3142,1
286,284,3080.931038,3153,1
287,285,3080.942174,3164,1
288,286,3080.953311,3175,1
289,287,3080.964445,3186,1
290,288,3080.975582,3197,1
291,289,3080.986717,3208,1
292,290,3080.997851,3219,1
293,291,3081.008987,3230,1
294,292,3081.020122,3241,1
295,293,3081.031259,3252,1
296,294,3081.042393,3263,1
297,295,3081.053530,3274,1
298,296,3081.064666,3285,1
299,297,3081.075802,3296,1
300,298,3081.085923,3306,1
301,299,3081.097059,3317,1
302,300,3081.108194,3328,1
303,301,3081.119331,3339,1
304,302,3081.130466,3350,1
305,303,3081.141600,3361,1
306,304,3081.152738,3372,1
307,305,3081.163871,3383,1
308,306,3081.175007,3394,1
309,307,3081.186144,3405,1
310,308,3081.197280,3416,1
311,309,3081.208414,3427,1
312,310,3081.219551,3438,1
313,311,3081.230685,3449,1
314,312,3081.241822,3460,1
315,313,3081.252958,3471,1
316,314,3081.264102,3482,1
317,315,3081.275228,3493,1
318,316,3081.286362,3504,1
319,317,3081.297500,3515,1
320,318,3081.308635,3526,1
321,319,3081.319768,3537,1
322,320,3081.330904,3548,1
323,321,3081.342039,3559,1
324,322,3081.353175,3570,1
325,323,3081.364313,3581,1
326,324,3081.375447,3592,1
327,325,3081.386581,3603,1
328,326,3081.397717,3614,1
329,327,3081.408853,3625,1
330,328,3081.419989,3636,1
331,329,3081.431126,3647,1
332,330,3081.442260,3658,1
333,331,3081.453396,3669,1
334,332,3081.464531,3680,1
335,333,3081.475668,3691,1
336,334,3081.486801,3702,1
337,335,3081.497939,3713,1
338,336,3081.509074,3724,1
339,337,3081.520209,3735,1
340,338,3081.531345,3746,1
341,339,3081.542480,3757,1
342,340,3081.553616,3768,1
343,341,3081.564749,3779,1
344,342,3081.575887,3790,1
345,343,3081.587023,3801,1
346,344,3081.598158,3812,1
347,345,3081.609292,3823,1
348,346,3081.620429,3834,1
349,347,3081.631563,3845,1
350,348,3081.642700,3856,1
351,349,3081.653835,3867,1
352,350,3081.664970,3878,1
353,351,3081.676107,3889,1
354,352,3081.687242,3900,1
355,353,3081.698378,3911,1
356,354,3081.709514,3922,1
357,355,3081.720647,3933,1
358,356,3081.731784,3944,1
359,357,3081.742918,3955,1
360,358,3081.754055,3966,1
361,359,3081.765190,3977,1
362,360,3081.776327,3988,1
363,361,3081.787460,3999,1
364,362,3081.798598,4010,1
365,363,3081.809733,4021,1
366,364,3081.820867,4032,1
367,365,3081.832003,4043,1
368,366,3081.843140,4054,1
369,367,3081.854275,4065,1
370,368,3081.865408,4076,1
371,369,3081.876544,4087,1
372,370,3081.887681,4098,1
373,371,3081.898817,4109,1
374,372,3081.909953,4120,1
375,373,3081.921096,4131,1
376,374,3081.932222,4142,1
377,375,3081.943358,4153,1
378,376,3081.954495,4164,1
379,377,3081.965629,4175,1
380,378,3081.976766,4186,1
381,379,3081.987900,4197,1
382,380,3081.999036,4208,1
383,381,3082.010171,4219,1
384,382,3082.021307,4230,1
385,383,3082.032442,4241,1
386,384,3082.043577,4252,1
387,385,3082.054714,4263,1
388,386,3082.065850,4274,1
389,387,3082.076983,4285,1
390,388,3082.088119,4296,1
391,389,3082.099255,4307,1
392,390,3082.110390,4318,1
393,391,3082.121527,4329,1
394,392,3082.132661,4340,1
395,393,3082.143798,4351,1
396,394,3082.154934,4362,1
397,395,3082.166070,4373,1
398,396,3082.177204,4384,1
399,397,3082.188338,4395,1
400,398,3082.199476,4406,1
401,399,3082.210611,4417,1
402,400,3082.221747,4428,1
403,401,3082.232883,4439,1
404,402,3082.244018,4450,1
405,403,3082.255154,4461,1
406,404,3082.266288,4472,1
407,405,3082.277424,4483,1
408,406,3082.288559,4494,1
409,407,3082.299696,4505,1
410,408,3082.310831,4516,1
411,409,3082.321965,4527,1
412,410,3082.333104,4538,1
413,411,3082.344237,4549,1
414,412,3082.355372,4560,1
415,413,3082.366508,4571,1
416,414,3082.377644,4582,1
417,415,3082.388778,4593,1
418,416,3082.399914,4604,1
419,417,3082.411051,4615,1
420,418,3082.422184,4626,1
421,419,3082.433321,4637,1
422,420,3082.444457,4648,1
423,421,3082.455592,4659,1
424,422,3082.466728,4670,1
425,423,3082.477862,4681,1
426,424,3082.489000,4692,1
427,425,3082.500135,4703,1
428,426,3082.511270,4714,1
429,427,3082.522406,4725,1
430,428,3082.533541,4736,1
431,429,3082.543665,4746,1
432,430,3082.554800,4757,1
433,431,3082.565933,4768,1
434,432,3082.577069,4779,1
435,433,3082.588206,4790,1
436,434,3082.599341,4801,1
437,435,3082.610477,4812,1
438,436,3082.621613,4823,1
439,437,3082.632747,4834,1
440,438,3082.643884,4845,1
441,439,3082.655019,4856,1
442,440,3082.666155,4867,1
443,441,3082.677290,4878,1
444,442,3082.688426,4889,1
445,443,3082.699560,4900,1
446,444,3082.710695,4911,1
447,445,3082.721832,4922,1
448,446,3082.732967,4933,1
449,447,3082.744103,4944,1
450,448,3082.755237,4955,1
451,449,3082.766374,4966,1
452,450,3082.777511,4977,1
453,451,3082.788646,4988,1
454,452,3082.799781,4999,1
455,453,3082.810915,5010,1
456,454,3082.822054,5021,1
457,455,3082.833186,5032,1
458,456,3082.844323,5043,1
459,457,3082.855457,5054,1
460,458,3082.866593,5065,1
461,459,3082.877730,5076,1
462,460,3082.888864,5087,1
463,461,3082.900001,5098,1
464,462,3082.911136,5109,1
465,463,3082.922272,5120,1
466,464,3082.933406,5131,1
467,465,3082.944543,5142,1
468,466,3082.955678,5153,1
469,467,3082.966814,5164,1
470,468,3082.977950,5175,1
471,469,3082.989102,5186,1
472,470,3083.000219,5197,1
473,471,3083.011357,5208,1
474,472,3083.022492,5219,1
475,473,3083.033628,5230,1
476,474,3083.044763,5241,1
477,475,3083.055899,5252,1
478,476,3083.067033,5263,1
479,477,3083.078170,5274,1
480,478,3083.089305,5285,1
481,479,3083.100440,5296,1
482,480,3083.111576,5307,1
483,481,3083.122711,5318,1
484,482,3083.133847,5329,1
485,483,3083.144983,5340,1
486,484,3083.156116,5351,1
487,485,3083.167251,5362,1
488,486,3083.178389,5373,1
489,487,3083.189525,5384,1
490,488,3083.200659,5395,1
491,489,3083.211793,5406,1
492,490,3083.222929,5417,1
493,491,3083.234065,5428,1
494,492,3083.245200,5439,1
495,493,3083.256335,5450,1
496,494,3083.267471,5461,1
497,495,3083.278608,5472,1
498,496,3083.289744,5483,1
499,497,3083.300879,5494,1
500,498,3083.312014,5505,1
501,499,3083.323151,5516,1
502,500,3083.334286,5527,1
503,501,3083.345421,5538,1
504,502,3083.356557,5549,1
505,503,3083.367693,5560,1
506,504,3083.378828,5571,1
507,505,3083.389962,5582,1
508,506,3083.401099,5593,1
509,507,3083.412235,5604,1
510,508,3083.423368,5615,1
511,509,3083.434505,5626,1
512,510,3083.445640,5637,1
513,511,3083.456776,5648,1
514,512,3083.467913,5659,1
515,513,3083.479046,5670,1
516,514,3083.490183,5681,1
517,515,3083.501318,5692,1
518,516,3083.512453,5703,1
519,517,3083.523588,5714,1
520,518,3083.534725,5725,1
521,519,3083.545859,5736,1
522,520,3083.556995,5747,1
523,521,3083.568131,5758,1
524,522,3083.579267,5769,1
525,523,3083.590402,5780,1
526,524,3083.601537,5791,1
527,525,3083.612672,5802,1
528,526,3083.623808,5813,1
529,527,3083.634943,5824,1
530,528,3083.646080,5835,1
531,529,3083.657216,5846,1
532,530,3083.668350,5857,1
533,531,3083.679485,5868,1
534,532,3083.690621,5879,1
535,533,3083.701758,5890,1
536,534,3083.712894,5901,1
537,535,3083.724027,5912,1
538,536,3083.735164,5923,1
539,537,3083.746298,5934,1
540,538,3083.757434,5945,1
541,539,3083.768571,5956,1
542,540,3083.779707,5967,1
543,541,3083.790841,5978,1
544,542,3083.801977,5989,1
545,543,3083.813111,6000,1
546,544,3083.824249,6011,1
547,545,3083.835384,6022,1
548,546,3083.846281,6022,0
549,547,3083.857655,6040,1
550,548,3083.868789,6049,1
551,549,3083.879927,6056,1
552,550,3083.891062,6067,1
553,551,3083.902196,6078,1
554,552,3083.913332,6089,1
555,553,3083.924469,6100,1
556,554,3083.935604,6111,1
557,555,3083.946738,6122,1
558,556,3083.957876,6133,1
559,557,3083.969010,6144,1
560,558,3083.980144,6155,1
561,559,3083.991282,6166,1
562,560,3084.001403,6176,1
563,561,3084.012539,6187,1
564,562,3084.023676,6198,1
565,563,3084.034812,6209,1
566,564,3084.045945,6220,1
567,565,3084.057094,6231,1
568,566,3084.068218,6242,1
569,567,3084.079352,6253,1
570,568,3084.090488,6264,1
571,569,3084.101623,6275,1
572,570,3084.112760,6286,1
573,571,3084.123894,6297,1
574,572,3084.135029,6308,1
575,573,3084.146166,6319,1
576,574,3084.157302,6330,1
577,575,3084.168438,6341,1
578,576,3084.179571,6352,1
579,577,3084.190708,6363,1
580,578,3084.201842,6374,1
581,579,3084.212979,6385,1
582,580,3084.224113,6396,1
583,581,3084.235249,6407,1
584,582,3084.246384,6418,1
585,583,3084.257520,6429,1
586,584,3084.268657,6440,1
587,585,3084.279792,6451,1
588,586,3084.290927,6462,1
589,587,3084.302064,6473,1
590,588,3084.313198,6484,1
591,589,3084.324335,6495,1
592,590,3084.335468,6506,1
593,591,3084.346606,6517,1
594,592,3084.357741,6528,1
595,593,3084.368876,6539,1
596,594,3084.380010,6550,1
597,595,3084.391146,6561,1
598,596,3084.402284,6572,1
599,597,3084.413417,6583,1
600,598,3084.424554,6594,1
601,599,3084.435688,6605,1
602,600,3084.446826,6616,1
603,601,3084.457959,6627,1
604,602,3084.469100,6638,1
605,603,3084.480230,6649,1
606,604,3084.491367,6660,1
607,605,3084.502504,6671,1
608,606,3084.513637,6682,1
609,607,3084.524774,6693,1
610,608,3084.535910,6704,1
611,609,3084.547045,6715,1
612,610,3084.558179,6726,1
613,611,3084.569314,6737,1
614,612,3084.580450,6748,1
615,613,3084.591586,6759,1
616,614,3084.602722,6770,1
617,615,3084.613858,6781,1
618,616,3084.624993,6792,1
619,617,3084.636130,6803,1
620,618,3084.647265,6814,1
621,619,3084.658398,6825,1
622,620,3084.669536,6836,1
623,621,3084.680672,6847,1
624,622,3084.691807,6858,1
625,623,3084.702942,6869,1
626,-1,3084.714076,6880,1
627,624,3084.725212,6891,1
628,625,3084.736349,6902,1
629,626,3084.747482,6913,1
630,627,3084.758620,6924,1
631,628,3084.769755,6935,1
632,629,3084.780889,6946,1
633,630,3084.792025,6957,1
634,631,3084.803161,6968,1
635,632,3084.814297,6979,1
636,633,3084.825432,6990,1
637,634,3084.836568,7001,1
638,635,3084.847703,7012,1
639,636,3084.858839,7023,1
640,637,3084.869975,7034,1
641,638,3084.881110,7045,1
642,639,3084.892245,7056,1
643,640,3084.903381,7067,1
644,641,3084.914515,7078,1
645,642,3084.925652,7089,1
646,643,3084.936788,7100,1
647,644,3084.947923,7111,1
648,645,3084.959060,7122,1
649,646,3084.970193,7133,1
650,647,3084.981330,7144,1
651,648,3084.992465,7155,1
652,649,3085.003602,7166,1
653,650,3085.014736,7177,1
654,651,3085.025872,7188,1
655,652,3085.037007,7199,1
656,653,3085.048144,7210,1
657,654,3085.059278,7221,1
658,655,3085.070414,7232,1
659,656,3085.081549,7243,1
660,657,3085.092685,7254,1
661,658,3085.103819,7265,1
662,659,3085.114957,7276,1
663,660,3085.126097,7287,1
664,661,3085.137227,7298,1
665,662,3085.148362,7309,1
666,663,3085.159498,7320,1
667,664,3085.170633,7331,1
668,-1,3085.181768,7342,1
669,665,3085.192904,7353,1
670,666,3085.204041,7364,1
671,667,3085.215174,7375,1
672,668,3085.226312,7386,1
673,669,3085.237447,7397,1
674,670,3085.248583,7408,1
675,671,3085.259719,7419,1
676,672,3085.270853,7430,1
677,673,3085.281989,7441,1
678,674,3085.293124,7452,1
679,675,3085.304261,7463,1
680,676,3085.315394,7474,1
681,677,3085.326532,7485,1
682,678,3085.337666,7494,1
683,679,3085.348801,7505,1
684,680,3085.359938,7516,1
685,681,3085.371072,7527,1
686,682,3085.382208,7538,1
687,683,3085.393342,7549,1
688,684,3085.404478,7560,1
689,685,3085.415616,7571,1
690,686,3085.426751,7582,1
691,687,3085.437886,7593,1
692,688,3085.449023,7604,1
693,689,3085.459144,7614,1
694,690,3085.470281,7625,1
695,-1,3085.481417,7636,1
696,691,3085.492552,7647,1
697,692,3085.503687,7658,1
698,693,3085.514821,7669,1
699,694,3085.525958,7680,1
700,695,3085.537100,7691,1
701,696,3085.548230,7702,1
702,697,3085.559363,7713,1
703,698,3085.570500,7724,1
704,699,3085.581635,7735,1
705,700,3085.592772,7746,1
706,701,3085.603906,7757,1
707,702,3085.615043,7768,1
708,703,3085.626176,7779,1
709,704,3085.637312,7790,1
710,705,3085.648449,7801,1
711,706,3085.659585,7812,1
712,707,3085.670719,7823,1
713,708,3085.681856,7834,1
714,709,3085.692991,7845,1
715,710,3085.704126,7856,1
716,711,3085.715796,7866,1
717,712,3085.726398,7877,1
718,713,3085.737533,7888,1
719,714,3085.748667,7899,1
720,715,3085.759802,7910,1
721,716,3085.770940,7921,1
722,717,3085.782074,7932,1
723,718,3085.793209,7943,1
724,719,3085.804345,7954,1
725,720,3085.815482,7965,1
726,721,3085.826617,7976,1
727,722,3085.837752,7987,1
728,723,3085.848889,7998,1
729,724,3085.860022,8009,1
730,725,3085.871159,8020,1
731,726,3085.882295,8031,1
732,727,3085.893430,8042,1
733,728,3085.904565,8053,1
734,729,3085.915700,8064,1
735,730,3085.926837,8075,1
736,731,3085.937970,8086,1
737,732,3085.949108,8097,1
738,733,3085.960242,8108,1
739,734,3085.971379,8119,1
740,735,3085.982514,8130,1
741,736,3085.993650,8141,1
742,737,3086.004786,8152,1
743,738,3086.015921,8163,1
744,739,3086.027056,8174,1
745,740,3086.038190,8185,1
746,741,3086.049327,8196,1
747,742,3086.060464,8207,1
748,743,3086.071599,8218,1
749,744,3086.082734,8229,1
750,745,3086.093868,8240,1
751,746,3086.105006,8251,1
752,747,3086.116142,8262,1
753,748,3086.127275,8273,1
754,749,3086.138411,8284,1
755,750,3086.149548,8295,1
756,751,3086.160682,8306,1
757,752,3086.171818,8317,1
758,753,3086.182953,8328,1
759,754,3086.194097,8339,1
760,755,3086.205223,8350,1
761,756,3086.216361,8361,1
762,757,3086.227494,8372,1
763,758,3086.238632,8383,1
764,759,3086.249767,8394,1
765,760,3086.260902,8405,1
766,761,3086.272038,8416,1
767,762,3086.283171,8427,1
768,-1,3086.294307,8438,1
769,763,3086.305442,8449,1
770,764,3086.316578,8460,1
771,765,3086.327716,8471,1
772,-1,3086.338851,8482,1
773,766,3086.349984,8493,1
774,767,3086.361122,8504,1
775,768,3086.372257,8515,1
776,769,3086.383391,8526,1
777,770,3086.394528,8537,1
778,771,3086.405665,8548,1
779,772,3086.416800,8559,1
780,773,3086.427935,8570,1
781,774,3086.439069,8581,1
782,775,3086.450207,8592,1
783,776,3086.461342,8603,1
784,777,3086.472477,8614,1
785,778,3086.483611,8625,1
786,779,3086.494746,8636,1
787,780,3086.505882,8647,1
788,781,3086.517019,8658,1
789,782,3086.528153,8669,1
790,783,3086.539289,8680,1
791,784,3086.550424,8691,1
792,785,3086.561561,8702,1
793,786,3086.572695,8713,1
794,787,3086.583832,8724,1
795,788,3086.594966,8735,1
796,789,3086.606101,8746,1
797,790,3086.617240,8755,1
798,791,3086.628374,8766,1
799,792,3086.639508,8777,1
800,793,3086.650644,8788,1
801,794,3086.661781,8799,1
802,795,3086.672916,8810,1
803,796,3086.684051,8821,1
804,797,3086.695187,8832,1
805,798,3086.706324,8843,1
806,799,3086.717458,8854,1
807,800,3086.728594,8865,1
808,801,3086.739728,8876,1
809,802,3086.750864,8887,1
810,803,3086.762000,8898,1
811,804,3086.773136,8909,1
812,805,3086.784270,8920,1
813,806,3086.795407,8931,1
814,807,3086.806543,8942,1
815,808,3086.817679,8953,1
816,809,3086.828814,8964,1
817,810,3086.839949,8975,1
818,811,3086.851095,8986,1
819,812,3086.862220,8997,1
820,813,3086.873356,9008,1
821,814,3086.884490,9019,1
822,815,3086.895627,9030,1
823,816,3086.906760,9041,1
824,817,3086.916885,9051,1
825,818,3086.928019,9062,1
826,819,3086.939157,9073,1
827,820,3086.950292,9084,1
828,821,3086.961427,9095,1
829,822,3086.972563,9106,1
830,823,3086.983698,9117,1
831,824,3086.994832,9128,1
832,825,3087.005968,9139,1
833,826,3087.017103,9150,1
834,827,3087.028239,9161,1
835,828,3087.039375,9172,1
836,829,3087.050512,9183,1
837,830,3087.062184,9201,0
838,831,3087.072781,9201,1
839,832,3087.083919,9210,1
840,833,3087.095053,9221,1
841,834,3087.106190,9232,1
842,835,3087.117324,9243,1
843,836,3087.128461,9254,1
844,837,3087.139595,9265,1
845,838,3087.150731,9276,1
846,839,3087.161867,9287,1
847,840,3087.173001,9298,1
848,841,3087.184138,9309,1
849,842,3087.195272,9320,1
850,843,3087.206407,9331,1
851,844,3087.217544,9342,1
852,845,3087.228678,9353,1
853,846,3087.239814,9364,1
854,847,3087.250952,9375,1
855,848,3087.262095,9386,1
856,849,3087.273222,9397,1
857,850,3087.284357,9408,1
858,851,3087.295493,9419,1
859,852,3087.306628,9430,1
860,853,3087.317765,9441,1
861,854,3087.328899,9452,1
862,855,3087.340036,9463,1
863,856,3087.351170,9474,1
864,857,3087.362305,9485,1
865,858,3087.373443,9496,1
866,859,3087.384576,9507,1
867,860,3087.395713,9516,1
868,861,3087.406849,9527,1
869,862,3087.417984,9536,1
870,863,3087.429118,9547,1
871,864,3087.440253,9558,1
872,865,3087.451389,9569,1
873,866,3087.462525,9580,1
874,867,3087.473662,9591,1
875,868,3087.484797,9602,1
876,869,3087.495933,9613,1
877,870,3087.507069,9624,1
878,871,3087.518203,9635,1
879,872,3087.529339,9646,1
880,873,3087.540474,9657,1
881,874,3087.551610,9668,1
882,875,3087.562745,9679,1
883,876,3087.573882,9690,1
884,877,3087.585017,9699,1
885,878,3087.596153,9710,1
886,879,3087.607288,9721,1
887,880,3087.618423,9732,1
888,881,3087.629558,9743,1
889,882,3087.640694,9754,1
890,883,3087.651829,9765,1
891,884,3087.662965,9776,1
892,885,3087.674100,9787,1
893,886,3087.685237,9798,1
894,887,3087.696372,9809,1
895,888,3087.707508,9820,1
896,889,3087.718718,9840,0
897,890,3087.729777,9840,1
898,891,3087.740912,9851,1
899,892,3087.752048,9860,1
900,893,3087.763185,9871,1
901,894,3087.774320,9882,1
902,895,3087.785456,9893,1
903,896,3087.796591,9904,1
904,897,3087.807725,9915,1
905,898,3087.818862,9926,1
906,899,3087.829999,9937,1
907,900,3087.841134,9948,1
908,901,3087.852267,9959,1
909,902,3087.863405,9970,1
910,903,3087.874540,9981,1
911,904,3087.885675,9992,1
912,905,3087.896809,10003,1
913,906,3087.907947,10014,1
914,907,3087.919082,10025,1
915,908,3087.930217,10036,1
916,909,3087.941352,10047,1
917,910,3087.952488,10058,1
918,911,3087.963625,10069,1
919,912,3087.974759,10080,1
920,913,3087.985896,10091,1
921,914,3087.997031,10102,1
922,915,3088.008165,10113,1
923,916,3088.019300,10124,1
924,917,3088.030438,10135,1
925,918,3088.041573,10146,1
926,919,3088.052707,10157,1
927,920,3088.063842,10168,1
928,921,3088.074978,10179,1
929,922,3088.086114,10190,1
930,923,3088.097249,10201,1
931,924,3088.108384,10212,1
932,925,3088.119522,10223,1
933,926,3088.130656,10234,1
934,927,3088.141793,10245,1
935,928,3088.152927,10256,1
936,929,3088.164064,10267,1
937,930,3088.175200,10278,1
938,931,3088.186335,10289,1
939,932,3088.197470,10300,1
940,933,3088.208605,10311,1
941,934,3088.219739,10322,1
942,935,3088.230877,10333,1
943,936,3088.242010,10344,1
944,937,3088.253148,10355,1
945,938,3088.264282,10366,1
946,939,3088.275419,10377,1
947,940,3088.286555,10388,1
948,941,3088.297690,10399,1
949,942,3088.308824,10410,1
950,943,3088.319961,10421,1
951,944,3088.331098,10432,1
952,945,3088.342232,10441,1
953,946,3088.353367,10452,1
954,947,3088.364502,10463,1
955,948,3088.374627,10473,1
956,949,3088.385760,10484,1
957,950,3088.396895,10495,1
958,951,3088.408033,10506,1
959,952,3088.419167,10517,1
960,953,3088.430304,10528,1
961,954,3088.441438,10539,1
962,955,3088.452575,10550,1
963,956,3088.463710,10561,1
964,957,3088.474844,10572,1
965,958,3088.485981,10581,1
966,959,3088.497115,10590,1
967,960,3088.508252,10601,1
968,961,3088.519388,10612,1
969,962,3088.530523,10623,1
970,963,3088.541658,10634,1
971,964,3088.552794,10645,1
972,965,3088.563929,10656,1
973,966,3088.575065,10667,1
974,967,3088.586202,10678,1
975,968,3088.597337,10689,1
976,969,3088.608473,10700,1
977,970,3088.619607,10711,1
978,971,3088.630744,10722,1
979,972,3088.641879,10733,1
980,973,3088.653015,10744,1
981,974,3088.664150,10755,1
982,975,3088.675283,10766,1
983,976,3088.686420,10777,1
984,977,3088.697557,10788,1
985,978,3088.708692,10799,1
986,979,3088.719825,10810,1
987,980,3088.730964,10821,1
988,981,3088.742099,10832,1
989,982,3088.753235,10843,1
990,983,3088.764369,10854,1
991,984,3088.775503,10865,1
992,985,3088.786639,10876,1
993,986,3088.797775,10887,1
994,987,3088.808911,10898,1
995,988,3088.820047,10909,1
996,989,3088.831183,10920,1
997,990,3088.842319,10931,1
998,991,3088.853454,10942,1
999,992,3088.864587,10953,1
1000,993,3088.875724,10964,1
1001,994,3088.886859,10975,1
1002,995,3088.897996,10986,1
1003,996,3088.909132,10997,1
1004,997,3088.920266,11008,1
1005,998,3088.931403,11019,1
1006,999,3088.942536,11030,1
1007,1000,3088.953674,11041,1
1008,1001,3088.964809,11052,1
1009,1002,3088.975944,11063,1
1010,1003,3088.987078,11074,1
1011,1004,3088.998214,11085,1
1012,1005,3089.009351,11096,1
1013,1006,3089.020486,11107,1
1014,1007,3089.031622,11118,1
1015,1008,3089.042758,11129,1
1016,1009,3089.053891,11140,1
1017,1010,3089.065028,11151,1
1018,1011,3089.076162,11162,1
1019,1012,3089.087300,11173,1
1020,1013,3089.098434,11184,1
1021,1014,3089.109570,11195,1
1022,1015,3089.120707,11206,1
1023,1016,3089.131841,11217,1
1024,1017,3089.142978,11228,1
1025,1018,3089.154112,11237,1
1026,1019,3089.165247,11248,1
1027,1020,3089.176384,11259,1
1028,1021,3089.187517,11270,1
1029,1022,3089.198655,11281,1
1030,1023,3089.209788,11292,1
1031,1024,3089.220924,11303,1
1032,1025,3089.232060,11314,1
1033,1026,3089.243197,11325,1
1034,1027,3089.254332,11336,1
1035,1028,3089.265467,11347,1
1036,1029,3089.276604,11358,1
1037,1030,3089.287738,11369,1
1038,1031,3089.298874,11380,1
1039,1032,3089.310009,11391,1
1040,1033,3089.321146,11402,1
1041,1034,3089.332279,11413,1
1042,1035,3089.343417,11424,1
1043,1036,3089.354550,11435,1
1044,1037,3089.365687,11446,1
1045,1038,3089.376821,11457,1
1046,1039,3089.387959,11468,1
1047,1040,3089.399098,11479,1
1048,1041,3089.410229,11490,1
1049,1042,3089.421364,11501,1
1050,1043,3089.432499,11512,1
1051,1044,3089.443635,11523,1
1052,1045,3089.454770,11534,1
1053,1046,3089.465906,11545,1
1054,1047,3089.477042,11556,1
1055,1048,3089.488179,11567,1
1056,1049,3089.499313,11578,1
1057,1050,3089.510449,11589,1
1058,1051,3089.521584,11600,1
1059,1052,3089.532720,11611,1
1060,1053,3089.543856,11622,1
1061,1054,3089.554991,11633,1
1062,1055,3089.566125,11644,1
1063,1056,3089.577262,11655,1
1064,1057,3089.588398,11666,1
1065,1058,3089.599533,11677,1
1066,1059,3089.610670,11688,1
1067,1060,3089.621805,11699,1
1068,1061,3089.632939,11710,1
1069,1062,3089.644075,11721,1
1070,1063,3089.655211,11732,1
1071,1064,3089.666347,11743,1
1072,1065,3089.677481,11754,1
1073,1066,3089.688616,11765,1
1074,1067,3089.699754,11776,1
1075,1068,3089.710889,11787,1
1076,1069,3089.722025,11798,1
1077,1070,3089.733158,11809,1
1078,1071,3089.744295,11820,1
1079,1072,3089.755431,11831,1
1080,1073,3089.766566,11842,1
1081,1074,3089.777701,11853,1
1082,1075,3089.788837,11864,1
1083,1076,3089.799973,11875,1
1084,1077,3089.811108,11886,1
1085,1078,3089.822242,11897,1
1086,1079,3089.832365,11907,1
1087,1080,3089.843502,11918,1
1088,1081,3089.854638,11929,1
1089,1082,3089.865773,11940,1
1090,1083,3089.876907,11951,1
1091,1084,3089.888043,11962,1
1092,1085,3089.899180,11973,1
1093,1086,3089.910315,11984,1
1094,1087,3089.921450,11995,1
1095,1088,3089.932586,12006,1
1096,1089,3089.943723,12017,1
1097,1090,3089.954859,12028,1
1098,1091,3089.965993,12039,1
1099,1092,3089.977130,12050,1
1100,1093,3089.988265,12061,1
1101,1094,3089.999401,12072,1
1102,1095,3090.010536,12083,1
1103,1096,3090.021671,12094,1
1104,1097,3090.032807,12105,1
1105,1098,3090.043940,12116,1
1106,1099,3090.055076,12127,1
1107,1100,3090.066211,12138,1
1108,1101,3090.077347,12149,1
1109,1102,3090.088483,12160,1
1110,1103,3090.099618,12171,1
1111,1104,3090.110755,12182,1
1112,1105,3090.121889,12193,1
1113,1106,3090.133027,12204,1
1114,1107,3090.144161,12215,1
1115,1108,3090.155297,12226,1
1116,1109,3090.166433,12237,1
1117,1110,3090.177567,12248,1
1118,1111,3090.188703,12259,1
1119,1112,3090.199839,12270,1
1120,1113,3090.210973,12281,1
1121,1114,3090.222109,12292,1
1122,1115,3090.233246,12303,1
1123,1116,3090.244381,12314,1
1124,1117,3090.255515,12325,1
1125,1118,3090.266652,12336,1
1126,1119,3090.277788,12347,1
1127,1120,3090.288924,12358,1
1128,1121,3090.300060,12369,1
1129,1122,3090.311194,12380,1
1130,1123,3090.322330,12391,1
1131,1124,3090.333466,12402,1
1132,1125,3090.344602,12413,1
1133,1126,3090.355737,12424,1
1134,1127,3090.366873,12435,1
1135,1128,3090.378008,12446,1
1136,1129,3090.389143,12457,1
1137,1130,3090.400280,12468,1
1138,1131,3090.411414,12479,1
1139,1132,3090.422550,12490,1
1140,1133,3090.433684,12501,1
1141,1134,3090.444822,12512,1
1142,1135,3090.455957,12523,1
1143,1136,3090.467096,12534,1
1144,1137,3090.478228,12545,1
1145,1138,3090.489363,12556,1
1146,1139,3090.500499,12567,1
1147,1140,3090.511635,12578,1
1148,1141,3090.522769,12589,1
1149,1142,3090.533904,12600,1
1150,1143,3090.545039,12611,1
1151,1144,3090.556176,12622,1
1152,1145,3090.567312,12633,1
1153,1146,3090.578447,12644,1
1154,1147,3090.589582,12655,1
1155,1148,3090.600718,12666,1
1156,1149,3090.611854,12677,1
1157,1150,3090.622989,12688,1
1158,1151,3090.634123,12699,1
1159,1152,3090.645261,12710,1
1160,1153,3090.656394,12721,1
1161,1154,3090.667531,12732,1
1162,1155,3090.678666,12743,1
1163,1156,3090.689803,12754,1
1164,1157,3090.700938,12765,1
1165,1158,3090.712074,12776,1
1166,1159,3090.723210,12786,1
1167,1160,3090.734344,12797,1
1168,1161,3090.745481,12808,1
1169,1162,3090.756616,12819,1
1170,1163,3090.767749,12830,1
1171,1164,3090.778886,12841,1
1172,1165,3090.790022,12852,1
1173,1166,3090.801156,12863,1
1174,1167,3090.812293,12874,1
1175,1168,3090.823427,12885,1
1176,1169,3090.834564,12896,1
1177,1170,3090.845698,12907,1
1178,1171,3090.856836,12918,1
1179,1172,3090.867969,12929,1
1180,1173,3090.879107,12940,1
1181,1174,3090.890241,12951,1
1182,1175,3090.901377,12962,1
1183,1176,3090.912513,12973,1
1184,1177,3090.923648,12984,1
1185,1178,3090.934784,12995,1
1186,1179,3090.945919,13006,1
1187,1180,3090.957055,13017,1
1188,1181,3090.968188,13028,1
1189,1182,3090.979326,13039,1
1190,1183,3090.990462,13050,1
1191,1184,3091.001595,13061,1
1192,1185,3091.012733,13072,1
1193,1186,3091.023869,13083,1
1194,1187,3091.035004,13094,1
1195,1188,3091.046140,13105,1
1196,1189,3091.057274,13116,1
1197,1190,3091.068411,13127,1
1198,1191,3091.079545,13138,1
1199,1192,3091.090680,13149,1
1200,1193,3091.101815,13160,1
1201,1194,3091.112952,13171,1
1202,1195,3091.124095,13182,1
1203,1196,3091.135224,13193,1
1204,1197,3091.146359,13204,1
1205,1198,3091.157495,13215,1
1206,1199,3091.168628,13226,1
1207,1200,3091.179765,13237,1
1208,1201,3091.190901,13248,1
1209,1202,3091.202034,13259,1
1210,1203,3091.213171,13270,1
1211,1204,3091.224308,13281,1
1212,1205,3091.235443,13292,1
1213,1206,3091.246579,13303,1
1214,1207,3091.257713,13314,1
1215,1208,3091.268849,13325,1
1216,1209,3091.278973,13335,1
1217,1210,3091.290106,13346,1
1218,1211,3091.301243,13357,1
1219,1212,3091.312378,13368,1
1220,1213,3091.323513,13379,1
1221,1214,3091.334651,13390,1
1222,1215,3091.345787,13401,1
1223,1216,3091.356920,13412,1
1224,1217,3091.368058,13423,1
1225,1218,3091.379193,13434,1
1226,1219,3091.390329,13445,1
1227,1220,3091.401463,13456,1
1228,1221,3091.412599,13467,1
1229,1222,3091.423734,13478,1
1230,1223,3091.434870,13489,1
1231,1224,3091.446004,13500,1
1232,1225,3091.457139,13511,1
1233,1226,3091.468276,13522,1
1234,1227,3091.479411,13533,1
1235,1228,3091.490546,13544,1
1236,1229,3091.501683,13555,1
1237,1230,3091.512817,13566,1
1238,1231,3091.523952,13577,1
1239,1232,3091.535101,13588,1
1240,1233,3091.546223,13599,1
1241,1234,3091.557360,13610,1
1242,1235,3091.568495,13621,1
1243,1236,3091.579631,13632,1
1244,1237,3091.590767,13643,1
1245,1238,3091.601902,13654,1
1246,1239,3091.613038,13665,1
1247,1240,3091.624172,13676,1
1248,1241,3091.635310,13687,1
1249,1242,3091.646445,13698,1
1250,1243,3091.657581,13709,1
1251,1244,3091.668714,13720,1
1252,1245,3091.679851,13731,1
1253,1246,3091.690988,13742,1
1254,1247,3091.702121,13753,1
1255,1248,3091.713258,13764,1
1256,1249,3091.724392,13775,1
1257,1250,3091.735530,13786,1
1258,1251,3091.746665,13797,1
1259,1252,3091.757798,13808,1
1260,1253,3091.768934,13819,1
1261,1254,3091.780069,13830,1
1262,1255,3091.791206,13841,1
1263,1256,3091.802340,13852,1
1264,1257,3091.813476,13863,1
1265,1258,3091.824614,13872,1
1266,1259,3091.835747,13883,1
1267,1260,3091.846884,13894,1
1268,1261,3091.858020,13905,1
1269,1262,3091.869155,13916,1
1270,1263,3091.880290,13927,1
1271,1264,3091.891426,13938,1
1272,1265,3091.902561,13949,1
1273,1266,3091.913697,13960,1
1274,1267,3091.924832,13971,1
1275,1268,3091.935966,13982,1
1276,1269,3091.947104,13993,1
1277,1270,3091.958239,14004,1
1278,1271,3091.969373,14015,1
1279,1272,3091.980510,14026,1
1280,1273,3091.991646,14037,1
1281,1274,3092.002781,14048,1
1282,1275,3092.013917,14059,1
1283,1276,3092.025053,14070,1
1284,1277,3092.036188,14081,1
1285,1278,3092.047323,14092,1
1286,1279,3092.058460,14103,1
1287,1280,3092.069594,14114,1
1288,1281,3092.080729,14125,1
1289,1282,3092.091866,14136,1
1290,1283,3092.103002,14147,1
1291,1284,3092.114135,14158,1
1292,1285,3092.125272,14169,1
1293,1286,3092.136407,14180,1
1294,1287,3092.147543,14191,1
1295,1288,3092.158679,14202,1
1296,1289,3092.169813,14213,1
1297,1290,3092.180950,14224,1
1298,1291,3092.192095,14235,1
1299,1292,3092.203221,14246,1
1300,1293,3092.214357,14257,1
1301,1294,3092.225492,14268,1
1302,1295,3092.236627,14279,1
1303,1296,3092.247762,14290,1
1304,1297,3092.258897,14301,1
1305,1298,3092.270033,14312,1
1306,1299,3092.281169,14323,1
1307,1300,3092.292303,14334,1
1308,1301,3092.303439,14345,1
1309,1302,3092.314577,14356,1
1310,1303,3092.325710,14367,1
1311,1304,3092.336848,14378,1
1312,1305,3092.347982,14389,1
1313,1306,3092.359119,14400,1
1314,1307,3092.370253,14411,1
1315,1308,3092.381389,14422,1
1316,1309,3092.392524,14433,1
1317,1310,3092.403661,14444,1
1318,1311,3092.414796,14455,1
1319,1312,3092.425931,14466,1
1320,1313,3092.437065,14477,1
1321,1314,3092.448201,14488,1
1322,1315,3092.459337,14499,1
1323,1316,3092.470473,14510,1
1324,1317,3092.481607,14521,1
1325,1318,3092.492744,14532,1
1326,1319,3092.503878,14543,1
1327,1320,3092.515014,14554,1
1328,1321,3092.526151,14565,1
1329,1322,3092.537286,14576,1
1330,1323,3092.548423,14587,1
1331,1324,3092.559556,14598,1
1332,1325,3092.570693,14609,1
1333,1326,3092.581828,14620,1
1334,1327,3092.592964,14631,1
1335,1328,3092.604108,14642,1
1336,1329,3092.615236,14653,1
1337,1330,3092.626370,14664,1
1338,1331,3092.637506,14675,1
1339,1332,3092.648643,14686,1
1340,1333,3092.659778,14697,1
1341,1334,3092.670914,14708,1
1342,1335,3092.682049,14719,1
1343,1336,3092.693184,14730,1
1344,1337,3092.704319,14741,1
1345,1338,3092.715455,14752,1
1346,1339,3092.726590,14763,1
1347,1340,3092.736714,14773,1
1348,1341,3092.747850,14784,1
1349,1342,3092.758985,14795,1
1350,1343,3092.770121,14806,1
1351,1344,3092.781256,14817,1
1352,1345,3092.792392,14828,1
1353,1346,3092.803525,14839,1
1354,1347,3092.814662,14850,1
1355,1348,3092.825796,14861,1
1356,1349,3092.836933,14872,1
1357,1350,3092.848067,14883,1
1358,1351,3092.859203,14894,1
1359,1352,3092.870340,14905,1
1360,1353,3092.881476,14916,1
1361,1354,3092.892611,14927,1
1362,1355,3092.903746,14938,1
1363,1356,3092.914881,14949,1
1364,1357,3092.926016,14960,1
1365,1358,3092.937153,14971,1
1366,1359,3092.948288,14982,1
1367,1360,3092.959422,14993,1
1368,1361,3092.970559,15004,1
1369,1362,3092.981695,15015,1
1370,1363,3092.992831,15026,1
1371,1364,3093.003966,15037,1
1372,1365,3093.015100,15048,1
1373,1366,3093.026237,15059,1
1374,1367,3093.037373,15070,1
1375,1368,3093.048509,15081,1
1376,1369,3093.059642,15092,1
1377,1370,3093.070780,15103,1
1378,1371,3093.081914,15114,1
1379,1372,3093.093050,15125,1
1380,1373,3093.104184,15136,1
1381,1374,3093.115322,15147,1
1382,1375,3093.126457,15158,1
1383,1376,3093.137590,15169,1
1384,1377,3093.148726,15180,1
1385,1378,3093.159862,15191,1
1386,1379,3093.170999,15202,1
1387,1380,3093.182134,15213,1
1388,1381,3093.193268,15224,1
1389,1382,3093.204405,15235,1
1390,1383,3093.215541,15246,1
1391,1384,3093.226675,15257,1
1392,1385,3093.237812,15268,1
1393,1386,3093.248948,15279,1
1394,1387,3093.260099,15290,1
1395,1388,3093.271218,15301,1
1396,1389,3093.282355,15312,1
1397,1390,3093.293488,15323,1
1398,1391,3093.304625,15334,1
1399,1392,3093.315759,15345,1
1400,1393,3093.326896,15356,1
1401,1394,3093.338032,15367,1
1402,1395,3093.349168,15378,1
1403,1396,3093.360301,15389,1
1404,1397,3093.371439,15400,1
1405,1398,3093.382574,15411,1
1406,1399,3093.393709,15422,1
1407,1400,3093.404845,15433,1
1408,1401,3093.415979,15444,1
1409,1402,3093.427114,15455,1
1410,1403,3093.438252,15466,1
1411,1404,3093.449385,15477,1
1412,1405,3093.460521,15488,1
1413,1406,3093.471659,15499,1
1414,1407,3093.482792,15510,1
1415,1408,3093.493927,15521,1
1416,1409,3093.505063,15532,1
1417,1410,3093.516201,15543,1
1418,1411,3093.527336,15554,1
1419,1412,3093.538472,15565,1
1420,1413,3093.549606,15576,1
1421,1414,3093.560741,15587,1
1422,1415,3093.571878,15598,1
1423,1416,3093.583012,15609,1
1424,1417,3093.594149,15620,1
1425,1418,3093.605283,15631,1
1426,1419,3093.616419,15642,1
1427,1420,3093.627555,15653,1
1428,1421,3093.638689,15664,1
1429,1422,3093.649825,15675,1
1430,1423,3093.660960,15686,1
1431,1424,3093.672098,15697,1
1432,1425,3093.683233,15708,1
1433,1426,3093.694368,15719,1
1434,1427,3093.705503,15730,1
1435,1428,3093.716640,15741,1
1436,1429,3093.727773,15752,1
1437,1430,3093.738909,15763,1
1438,1431,3093.750047,15774,1
1439,1432,3093.761182,15785,1
1440,1433,3093.772317,15796,1
1441,1434,3093.783453,15807,1
1442,1435,3093.794589,15818,1
1443,1436,3093.805723,15829,1
1444,1437,3093.816859,15840,1
1445,1438,3093.827995,15851,1
1446,1439,3093.839129,15862,1
1447,1440,3093.850264,15873,1
1448,1441,3093.861400,15884,1
1449,1442,3093.872535,15895,1
1450,1443,3093.883671,15906,1
1451,1444,3093.894806,15917,1
1452,1445,3093.905944,15928,1
1453,1446,3093.917078,15939,1
1454,1447,3093.928213,15950,1
1455,1448,3093.939351,15961,1
1456,1449,3093.950485,15972,1
1457,1450,3093.961621,15983,1
1458,1451,3093.972757,15994,1
1459,1452,3093.983890,16005,1
1460,1453,3093.995028,16016,1
1461,1454,3094.006162,16027,1
1462,1455,3094.017297,16038,1
1463,1456,3094.028434,16049,1
1464,1457,3094.039568,16060,1
1465,1458,3094.050705,16071,1
1466,1459,3094.061841,16082,1
1467,1460,3094.072977,16093,1
1468,1461,3094.084110,16104,1
1469,1462,3094.095246,16115,1
1470,1463,3094.106383,16126,1
1471,1464,3094.117518,16137,1
1472,1465,3094.128654,16148,1
1473,1466,3094.139788,16159,1
1474,1467,3094.150923,16170,1
1475,1468,3094.162060,16181,1
1476,1469,3094.173195,16192,1
1477,1470,3094.184329,16203,1
1478,1471,3094.194455,16213,1
1479,1472,3094.205588,16224,1
1480,1473,3094.216726,16235,1
1481,1474,3094.227860,16246,1
1482,1475,3094.238997,16257,1
1483,1476,3094.250133,16268,1
1484,1477,3094.261268,16279,1
1485,1478,3094.272403,16290,1
1486,1479,3094.283539,16301,1
1487,1480,3094.294674,16312,1
1488,1481,3094.305810,16323,1
1489,1482,3094.316944,16334,1
1490,1483,3094.328080,16345,1
1491,1484,3094.339216,16356,1
1492,1485,3094.350351,16367,1
1493,1486,3094.361488,16378,1
1494,1487,3094.372623,16389,1
1495,1488,3094.383758,16400,1
1496,1489,3094.394893,16411,1
1497,1490,3094.406029,16422,1
1498,1491,3094.417165,16433,1
1499,1492,3094.428301,16444,1
1500,1493,3094.439436,16455,1
1501,1494,3094.450570,16466,1
1502,1495,3094.461707,16477,1
1503,-1,3094.472843,16488,1
1504,1496,3094.483978,16499,1
1505,1497,3094.495112,16510,1
1506,1498,3094.506248,16521,1
1507,1499,3094.517383,16532,1
1508,1500,3094.528518,16543,1
1509,1501,3094.539656,16554,1
1510,1502,3094.550790,16565,1
1511,1503,3094.561927,16576,1
1512,1504,3094.573062,16587,1
1513,1505,3094.584198,16598,1
1514,1506,3094.595333,16609,1
1515,1507,3094.606467,16620,1
1516,1508,3094.617605,16631,1
1517,1509,3094.628741,16642,1
1518,1510,3094.639876,16653,1
1519,1511,3094.651010,16664,1
1520,1512,3094.662145,16675,1
1521,1513,3094.673282,16686,1
1522,1514,3094.684417,16697,1
1523,1515,3094.695552,16708,1
1524,1516,3094.706687,16719,1
1525,1517,3094.717822,16730,1
1526,1518,3094.728960,16741,1
1527,1519,3094.740099,16752,1
1528,1520,3094.751229,16763,1
1529,1521,3094.762364,16774,1
1530,1522,3094.773501,16785,1
1531,1523,3094.784636,16796,1
1532,1524,3094.795773,16807,1
1533,1525,3094.806909,16818,1
1534,1526,3094.818044,16829,1
1535,1527,3094.829177,16840,1
1536,1528,3094.840315,16851,1
1537,1529,3094.851450,16862,1
1538,1530,3094.862585,16873,1
1539,1531,3094.873719,16884,1
1540,1532,3094.884856,16895,1
1541,1533,3094.895990,16906,1
1542,1534,3094.907127,16917,1
1543,1535,3094.918262,16928,1
1544,1536,3094.929400,16939,1
1545,1537,3094.940535,16950,1
1546,1538,3094.951670,16961,1
1547,1539,3094.962804,16972,1
1548,1540,3094.973941,16983,1
1549,1541,3094.985075,16994,1
1550,1542,3094.996212,17005,1
1551,1543,3095.007348,17016,1
1552,1544,3095.018483,17027,1
1553,1545,3095.029619,17038,1
1554,1546,3095.040754,17049,1
1555,1547,3095.051889,17060,1
1556,1548,3095.063024,17071,1
1557,1549,3095.074160,17082,1
1558,1550,3095.085295,17093,1
1559,1551,3095.096431,17104,1
1560,1552,3095.107565,17115,1
1561,1553,3095.118703,17126,1
1562,1554,3095.129837,17137,1
1563,1555,3095.140975,17148,1
1564,1556,3095.152110,17159,1
1565,1557,3095.163244,17168,1
1566,1558,3095.174381,17179,1
1567,1559,3095.185398,17179,0
1568,1560,3095.196652,17199,1
1569,1561,3095.207788,17210,1
1570,1562,3095.218923,17221,1
1571,1563,3095.230057,17232,1
1572,1564,3095.241192,17243,1
1573,1565,3095.252328,17254,1
1574,1566,3095.263463,17265,1
1575,1567,3095.274600,17276,1
1576,1568,3095.285736,17287,1
1577,1569,3095.296869,17298,1
1578,1570,3095.308005,17309,1
1579,1571,3095.319142,17320,1
1580,1572,3095.330277,17331,1
1581,1573,3095.341412,17342,1
1582,1574,3095.352547,17353,1
1583,1575,3095.363684,17364,1
1584,1576,3095.374820,17375,1
1585,1577,3095.385956,17386,1
1586,1578,3095.397104,17397,1
1587,1579,3095.408227,17408,1
1588,1580,3095.419361,17419,1
1589,1581,3095.430497,17430,1
1590,1582,3095.441633,17441,1
1591,1583,3095.452769,17452,1
1592,1584,3095.463904,17463,1
1593,1585,3095.475040,17474,1
1594,1586,3095.486174,17485,1
1595,1587,3095.497311,17496,1
1596,1588,3095.508445,17507,1
1597,1589,3095.519580,17518,1
1598,1590,3095.530716,17529,1
1599,1591,3095.541852,17540,1
1600,1592,3095.552989,17551,1
1601,1593,3095.564122,17562,1
1602,1594,3095.575257,17573,1
1603,1595,3095.586394,17584,1
1604,1596,3095.597530,17595,1
1605,1597,3095.608664,17606,1
1606,1598,3095.619801,17617,1
1607,1599,3095.630937,17628,1
1608,1600,3095.642071,17639,1
1609,1601,3095.652195,17649,1
1610,1602,3095.663332,17660,1
1611,1603,3095.674465,17671,1
1612,1604,3095.685600,17682,1
1613,1605,3095.696736,17693,1
1614,1606,3095.707873,17704,1
1615,-1,3095.719008,17715,1
1616,1607,3095.730144,17726,1
1617,1608,3095.741280,17737,1
1618,1609,3095.752416,17748,1
1619,1610,3095.763551,17759,1
1620,1611,3095.774685,17770,1
1621,1612,3095.785821,17781,1
1622,1613,3095.796957,17792,1
1623,1614,3095.808098,17803,1
1624,1615,3095.819227,17814,1
1625,1616,3095.830364,17825,1
1626,1617,3095.841499,17836,1
1627,1618,3095.852635,17847,1
1628,1619,3095.863771,17858,1
1629,1620,3095.874906,17869,1
1630,1621,3095.886040,17880,1
1631,1622,3095.897177,17891,1
1632,1623,3095.908313,17902,1
1633,1624,3095.919447,17913,1
1634,1625,3095.930582,17924,1
1635,1626,3095.941720,17935,1
1636,1627,3095.952853,17946,1
1637,1628,3095.963991,17957,1
1638,1629,3095.975125,17968,1
1639,1630,3095.986261,17979,1
1640,1631,3095.997397,17990,1
1641,1632,3096.008532,18001,1
1642,1633,3096.019667,18012,1
1643,1634,3096.030802,18023,1
1644,1635,3096.041939,18034,1
1645,1636,3096.053072,18045,1
1646,1637,3096.064209,18056,1
1647,1638,3096.075346,18067,1
1648,1639,3096.086481,18078,1
1649,1640,3096.097617,18089,1
1650,1641,3096.108752,18100,1
1651,1642,3096.119888,18111,1
1652,1643,3096.131021,18122,1
1653,1644,3096.142157,18133,1
1654,1645,3096.153292,18144,1
1655,1646,3096.164428,18155,1
1656,1647,3096.175563,18166,1
1657,1648,3096.186701,18177,1
1658,1649,3096.197837,18188,1
1659,1650,3096.208971,18199,1
1660,1651,3096.220105,18210,1
1661,1652,3096.231243,18221,1
1662,1653,3096.242378,18232,1
1663,1654,3096.253514,18243,1
1664,1655,3096.264649,18254,1
1665,1656,3096.275783,18265,1
1666,1657,3096.286919,18276,1
1667,1658,3096.298055,18287,1
1668,1659,3096.309191,18298,1
1669,1660,3096.320327,18309,1
1670,1661,3096.331463,18320,1
1671,1662,3096.342597,18331,1
1672,1663,3096.353734,18342,1
1673,1664,3096.364867,18353,1
1674,1665,3096.376003,18364,1
1675,1666,3096.387140,18375,1
1676,1667,3096.398275,18386,1
1677,1668,3096.409411,18397,1
1678,1669,3096.420547,18408,1
1679,1670,3096.431682,18419,1
1680,1671,3096.442818,18430,1
1681,1672,3096.453954,18441,1
1682,1673,3096.465095,18452,1
1683,1674,3096.476222,18463,1
1684,1675,3096.487358,18474,1
1685,1676,3096.498493,18485,1
1686,1677,3096.509631,18496,1
1687,1678,3096.520766,18507,1
1688,1679,3096.531900,18518,1
1689,1680,3096.543038,18529,1
1690,1681,3096.554173,18540,1
1691,1682,3096.565307,18551,1
1692,1683,3096.576443,18562,1
1693,1684,3096.587578,18573,1
1694,1685,3096.598714,18584,1
1695,1686,3096.609848,18595,1
1696,1687,3096.620984,18606,1
1697,1688,3096.632120,18617,1
1698,1689,3096.643256,18628,1
1699,1690,3096.654392,18639,1
1700,1691,3096.665526,18650,1
1701,1692,3096.676664,18661,1
1702,1693,3096.687799,18672,1
1703,1694,3096.698935,18683,1
1704,1695,3096.710068,18694,1
1705,1696,3096.721206,18705,1
1706,1697,3096.732339,18716,1
1707,1698,3096.743477,18727,1
1708,1699,3096.754611,18738,1
1709,1700,3096.765748,18749,1
1710,1701,3096.776883,18760,1
1711,1702,3096.788019,18771,1
1712,1703,3096.799153,18782,1
1713,1704,3096.810290,18793,1
1714,1705,3096.821424,18804,1
1715,1706,3096.832560,18815,1
1716,1707,3096.843696,18826,1
1717,1708,3096.854830,18837,1
1718,1709,3096.865968,18848,1
1719,1710,3096.877103,18859,1
1720,1711,3096.888236,18870,1
1721,1712,3096.899372,18881,1
1722,1713,3096.910510,18892,1
1723,1714,3096.921644,18903,1
1724,1715,3096.932779,18914,1
1725,1716,3096.943915,18925,1
1726,1717,3096.955050,18936,1
1727,1718,3096.966186,18947,1
1728,1719,3096.977322,18958,1
1729,1720,3096.988457,18967,1
1730,1721,3096.999593,18978,1
1731,1722,3097.010727,18989,1
1732,1723,3097.021863,19000,1
1733,1724,3097.032998,19011,1
1734,1725,3097.044136,19022,1
1735,1726,3097.055272,19033,1
1736,1727,3097.066406,19044,1
1737,1728,3097.077542,19055,1
1738,1729,3097.088676,19066,1
1739,1730,3097.099813,19077,1
1740,1731,3097.109936,19087,1
1741,1732,3097.121070,19098,1
1742,1733,3097.132207,19109,1
1743,1734,3097.143343,19120,1
1744,1735,3097.154478,19131,1
1745,1736,3097.165614,19142,1
1746,1737,3097.176750,19153,1
1747,1738,3097.187885,19164,1
1748,1739,3097.199021,19175,1
1749,1740,3097.210157,19186,1
1750,1741,3097.221292,19197,1
1751,1742,3097.232428,19208,1
1752,1743,3097.243562,19219,1
1753,1744,3097.254699,19230,1
1754,1745,3097.265834,19239,1
1755,1746,3097.276970,19250,1
1756,1747,3097.288103,19259,1
1757,1748,3097.299240,19270,1
1758,1749,3097.310374,19281,1
1759,1750,3097.321511,19292,1
1760,1751,3097.332645,19303,1
1761,1752,3097.343782,19314,1
1762,1753,3097.354916,19325,1
1763,1754,3097.366055,19336,1
1764,1755,3097.377189,19347,1
1765,1756,3097.388324,19358,1
1766,1757,3097.399460,19369,1
1767,1758,3097.410595,19380,1
1768,1759,3097.421729,19391,1
1769,1760,3097.432867,19402,1
1770,1761,3097.444003,19413,1
1771,1762,3097.455137,19424,1
1772,1763,3097.466271,19435,1
1773,1764,3097.477407,19446,1
1774,1765,3097.488545,19457,1
1775,1766,3097.499679,19468,1
1776,1767,3097.510814,19479,1
1777,1768,3097.521951,19490,1
1778,1769,3097.533095,19501,1
1779,1770,3097.544220,19512,1
1780,1771,3097.555355,19523,1
1781,1772,3097.566493,19534,1
1782,1773,3097.577628,19545,1
1783,1774,3097.588763,19556,1
1784,1775,3097.599898,19567,1
1785,1776,3097.611033,19578,1
1786,1777,3097.622169,19589,1
1787,1778,3097.633307,19600,1
1788,1779,3097.644442,19611,1
1789,1780,3097.655578,19622,1
1790,1781,3097.666713,19633,1
1791,1782,3097.677846,19644,1
1792,1783,3097.688984,19655,1
1793,1784,3097.700118,19666,1
1794,1785,3097.711255,19677,1
1795,1786,3097.722390,19688,1
1796,1787,3097.733524,19699,1
1797,1788,3097.744661,19710,1
1798,1789,3097.755796,19721,1
1799,1790,3097.766931,19732,1
1800,1791,3097.778067,19743,1
1801,1792,3097.789204,19754,1
1802,1793,3097.800338,19765,1
1803,1794,3097.811473,19776,1
1804,1795,3097.822610,19787,1
1805,1796,3097.833745,19798,1
1806,1797,3097.844880,19809,1
1807,1798,3097.856016,19820,1
1808,1799,3097.867150,19831,1
1809,1800,3097.878286,19842,1
1810,1801,3097.889421,19853,1
1811,1802,3097.900558,19864,1
1812,1803,3097.911695,19875,1
1813,1804,3097.922830,19886,1
1814,1805,3097.933965,19897,1
1815,1806,3097.945099,19908,1
1816,1807,3097.956235,19919,1
1817,1808,3097.967372,19930,1
1818,1809,3097.978506,19941,1
1819,1810,3097.989643,19952,1
1820,1811,3098.000777,19963,1
1821,1812,3098.011913,19974,1
1822,1813,3098.023049,19985,1
1823,1814,3098.034185,19996,1
1824,1815,3098.045321,20007,1
1825,1816,3098.056454,20018,1
1826,1817,3098.067592,20029,1
1827,1818,3098.078725,20040,1
1828,1819,3098.089862,20051,1
1829,1820,3098.100996,20062,1
1830,1821,3098.112134,20073,1
1831,1822,3098.123269,20084,1
1832,1823,3098.134404,20095,1
1833,1824,3098.145540,20106,1
1834,1825,3098.156676,20117,1
1835,1826,3098.167812,20128,1
1836,1827,3098.178947,20139,1
1837,1828,3098.190081,20150,1
1838,1829,3098.201218,20161,1
1839,1830,3098.212353,20172,1
1840,1831,3098.223488,20183,1
1841,1832,3098.234625,20194,1
1842,1833,3098.245760,20205,1
1843,1834,3098.256896,20216,1
1844,1835,3098.268031,20227,1
1845,1836,3098.279165,20238,1
1846,1837,3098.290300,20249,1
1847,1838,3098.301436,20260,1
1848,1839,3098.312573,20271,1
1849,1840,3098.323708,20282,1
1850,1841,3098.334844,20293,1
1851,1842,3098.345979,20304,1
1852,1843,3098.357115,20315,1
1853,1844,3098.368251,20326,1
1854,1845,3098.379386,20337,1
1855,1846,3098.390521,20348,1
1856,1847,3098.401657,20359,1
1857,1848,3098.412791,20370,1
1858,1849,3098.423928,20381,1
1859,1850,3098.435064,20392,1
1860,1851,3098.446199,20403,1
1861,1852,3098.457335,20414,1
1862,1853,3098.468469,20425,1
1863,1854,3098.479606,20436,1
1864,1855,3098.490741,20447,1
1865,1856,3098.501877,20458,1
1866,1857,3098.513011,20469,1
1867,1858,3098.524146,20480,1
1868,1859,3098.535283,20491,1
1869,1860,3098.546418,20502,1
1870,1861,3098.557553,20513,1
1871,1862,3098.567677,20523,1
1872,1863,3098.578813,20534,1
1873,1864,3098.589947,20545,1
1874,1865,3098.601099,20556,1
1875,1866,3098.612220,20567,1
1876,1867,3098.623355,20578,1
1877,1868,3098.634491,20589,1
1878,1869,3098.645626,20600,1
1879,1870,3098.656760,20611,1
1880,1871,3098.667898,20622,1
1881,1872,3098.679031,20633,1
1882,1873,3098.690167,20644,1
1883,1874,3098.701303,20655,1
1884,1875,3098.712438,20666,1
1885,1876,3098.723575,20677,1
1886,1877,3098.734708,20688,1
1887,1878,3098.745846,20699,1
1888,1879,3098.756982,20710,1
1889,1880,3098.768117,20721,1
1890,1881,3098.779250,20732,1
1891,1882,3098.790388,20743,1
1892,1883,3098.801523,20754,1
1893,1884,3098.812658,20765,1
1894,1885,3098.823794,20776,1
1895,1886,3098.834928,20787,1
1896,1887,3098.846066,20798,1
1897,1888,3098.857202,20809,1
1898,1889,3098.868337,20820,1
1899,1890,3098.879470,20831,1
1900,1891,3098.890608,20842,1
1901,1892,3098.901743,20853,1
1902,1893,3098.912877,20864,1
1903,1894,3098.924014,20875,1
1904,1895,3098.935148,20886,1
1905,1896,3098.946286,20897,1
1906,1897,3098.957419,20908,1
1907,1898,3098.968557,20919,1
1908,1899,3098.979690,20930,1
1909,1900,3098.990827,20941,1
1910,1901,3099.001962,20952,1
1911,1902,3099.013100,20963,1
1912,1903,3099.024233,20974,1
1913,1904,3099.035369,20985,1
1914,1905,3099.046504,20996,1
1915,1906,3099.057638,21007,1
1916,1907,3099.068775,21018,1
1917,1908,3099.079910,21029,1
1918,1909,3099.091047,21040,1
1919,1910,3099.102182,21051,1
1920,1911,3099.113319,21062,1
1921,1912,3099.124454,21073,1
1922,1913,3099.135589,21084,1
1923,1914,3099.146723,21095,1
1924,1915,3099.157860,21106,1
1925,1916,3099.168994,21117,1
1926,1917,3099.180132,21128,1
1927,1918,3099.191266,21139,1
1928,1919,3099.202402,21150,1
1929,1920,3099.213538,21161,1
1930,1921,3099.224674,21172,1
1931,1922,3099.235809,21183,1
1932,1923,3099.246944,21194,1
1933,1924,3099.258080,21205,1
1934,1925,3099.269215,21216,1
1935,1926,3099.280352,21227,1
1936,1927,3099.291486,21238,1
1937,1928,3099.302623,21249,1
1938,1929,3099.313755,21260,1
1939,1930,3099.324891,21271,1
1940,1931,3099.336027,21282,1
1941,1932,3099.347164,21293,1
1942,1933,3099.358298,21304,1
1943,1934,3099.369435,21315,1
1944,1935,3099.380571,21326,1
1945,1936,3099.391705,21337,1
1946,1937,3099.402841,21348,1
1947,1938,3099.413975,21359,1
1948,1939,3099.425112,21370,1
1949,1940,3099.436248,21381,1
1950,1941,3099.447383,21392,1
1951,1942,3099.458519,21403,1
1952,1943,3099.469655,21414,1
1953,1944,3099.480788,21425,1
1954,1945,3099.491924,21436,1
1955,1946,3099.503062,21447,1
1956,1947,3099.514195,21458,1
1957,1948,3099.525332,21469,1
1958,1949,3099.536468,21480,1
1959,1950,3099.547604,21491,1
1960,1951,3099.558737,21502,1
1961,1952,3099.569873,21513,1
1962,1953,3099.581011,21524,1
1963,1954,3099.592144,21535,1
1964,1955,3099.603280,21546,1
1965,1956,3099.614416,21557,1
1966,1957,3099.625551,21568,1
1967,1958,3099.636688,21579,1
1968,1959,3099.647822,21590,1
1969,1960,3099.658957,21601,1
1970,1961,3099.670100,21612,1
1971,1962,3099.681228,21623,1
1972,1963,3099.692364,21634,1
1973,1964,3099.703501,21645,1
1974,1965,3099.714636,21656,1
1975,1966,3099.725772,21667,1
1976,1967,3099.736908,21678,1
1977,1968,3099.748044,21689,1
1978,1969,3099.759178,21700,1
1979,1970,3099.770314,21711,1
1980,1971,3099.781449,21722,1
1981,1972,3099.792585,21733,1
1982,1973,3099.803718,21744,1
1983,1974,3099.814855,21755,1
1984,1975,3099.825990,21766,1
1985,1976,3099.837127,21777,1
1986,1977,3099.848263,21788,1
1987,1978,3099.859396,21799,1
1988,1979,3099.870534,21810,1
1989,1980,3099.881670,21821,1
1990,1981,3099.892805,21832,1
1991,1982,3099.903941,21843,1
1992,1983,3099.915074,21854,1
1993,1984,3099.926212,21865,1
1994,1985,3099.937346,21876,1
1995,1986,3099.948482,21887,1
1996,1987,3099.959617,21898,1
1997,1988,3099.970754,21909,1
1998,1989,3099.981887,21920,1
1999,1990,3099.993023,21931,1
2000,1991,3100.004159,21942,1
2001,1992,3100.014282,21952,1
2002,1993,3100.025417,21963,1
2003,1994,3100.036553,21974,1
2004,1995,3100.047688,21985,1
2005,1996,3100.058824,21996,1
2006,1997,3100.069960,22007,1
2007,1998,3100.081098,22018,1
2008,1999,3100.092231,22029,1
2009,2000,3100.103368,22040,1
2010,2001,3100.114501,22051,1
2011,2002,3100.125637,22062,1
2012,2003,3100.136774,22073,1
2013,2004,3100.147909,22084,1
2014,2005,3100.159043,22095,1
2015,2006,3100.170181,22106,1
2016,2007,3100.181315,22117,1
2017,2008,3100.192449,22128,1
2018,2009,3100.203586,22139,1
2019,2010,3100.214722,22150,1
2020,2011,3100.225857,22161,1
2021,2012,3100.236994,22172,1
2022,2013,3100.248128,22183,1
2023,2014,3100.259264,22194,1
2024,2015,3100.270400,22205,1
2025,2016,3100.281535,22216,1
2026,2017,3100.292671,22227,1
2027,2018,3100.303806,22238,1
2028,2019,3100.314942,22249,1
2029,2020,3100.326076,22260,1
2030,2021,3100.337212,22271,1
2031,2022,3100.348347,22282,1
2032,2023,3100.359482,22293,1
2033,2024,3100.370619,22304,1
2034,2025,3100.381755,22315,1
2035,2026,3100.392891,22326,1
2036,2027,3100.404027,22337,1
2037,2028,3100.415161,22348,1
2038,2029,3100.426297,22359,1
2039,2030,3100.437433,22370,1
2040,2031,3100.448568,22381,1
2041,2032,3100.459702,22392,1
2042,2033,3100.470839,22403,1
2043,2034,3100.481976,22414,1
2044,2035,3100.493110,22425,1
2045,2036,3100.504246,22436,1
2046,2037,3100.515381,22447,1
2047,2038,3100.526515,22458,1
2048,2039,3100.537651,22469,1
2049,2040,3100.548786,22480,1
2050,2041,3100.559922,22491,1
2051,2042,3100.571060,22502,1
2052,2043,3100.582193,22513,1
2053,2044,3100.593328,22524,1
2054,2045,3100.604466,22535,1
2055,2046,3100.615602,22546,1
2056,2047,3100.626737,22557,1
2057,2048,3100.637872,22568,1
2058,2049,3100.649008,22579,1
2059,2050,3100.660144,22590,1
2060,2051,3100.671278,22601,1
2061,2052,3100.682414,22612,1
2062,2053,3100.693550,22623,1
2063,2054,3100.704686,22634,1
2064,2055,3100.715796,22644,1
2065,2056,3100.726956,22656,1
2066,2057,3100.738098,22667,1
2067,2058,3100.749228,22678,1
2068,2059,3100.760362,22689,1
2069,2060,3100.771499,22700,1
2070,2061,3100.782634,22711,1
2071,2062,3100.793769,22722,1
2072,2063,3100.804903,22733,1
2073,2064,3100.816041,22744,1
2074,2065,3100.827174,22755,1
2075,2066,3100.838312,22766,1
2076,2067,3100.849448,22777,1
2077,2068,3100.860583,22788,1
2078,2069,3100.871718,22799,1
2079,2070,3100.882852,22810,1
2080,2071,3100.893989,22821,1
2081,2072,3100.905124,22832,1
2082,2073,3100.916260,22843,1
2083,2074,3100.927395,22854,1
2084,2075,3100.938529,22865,1
2085,2076,3100.949665,22876,1
2086,2077,3100.960803,22887,1
2087,2078,3100.971939,22898,1
2088,2079,3100.983071,22909,1
2089,2080,3100.994210,22920,1
2090,2081,3101.005343,22931,1
2091,2082,3101.016479,22942,1
2092,2083,3101.027615,22953,1
2093,2084,3101.038751,22964,1
2094,2085,3101.049887,22975,1
2095,2086,3101.061022,22986,1
2096,2087,3101.072157,22997,1
2097,2088,3101.083291,23008,1
2098,2089,3101.094429,23019,1
2099,2090,3101.105563,23030,1
2100,2091,3101.116698,23041,1
2101,2092,3101.127833,23052,1
2102,2093,3101.138971,23063,1
2103,2094,3101.150106,23074,1
2104,2095,3101.161241,23085,1
2105,2096,3101.172376,23096,1
2106,2097,3101.183512,23107,1
2107,2098,3101.194649,23118,1
2108,2099,3101.205783,23129,1
2109,2100,3101.216919,23140,1
2110,2101,3101.228055,23151,1
2111,2102,3101.239191,23162,1
2112,2103,3101.250327,23173,1
2113,2104,3101.261461,23184,1
2114,2105,3101.272597,23195,1
2115,2106,3101.283730,23206,1
2116,2107,3101.294869,23217,1
2117,2108,3101.306002,23228,1
2118,2109,3101.317139,23239,1
2119,2110,3101.328273,23250,1
2120,2111,3101.339409,23261,1
2121,2112,3101.350546,23272,1
2122,2113,3101.361680,23283,1
2123,2114,3101.372816,23294,1
2124,2115,3101.383950,23305,1
2125,2116,3101.395095,23316,1
2126,2117,3101.406224,23327,1
2127,2118,3101.417358,23338,1
2128,2119,3101.428495,23349,1
2129,2120,3101.439629,23360,1
2130,-1,3101.450766,23371,1
2131,2121,3101.461901,23382,1
2132,2122,3101.472022,23392,1
2133,2123,3101.483159,23403,1
2134,2124,3101.494294,23414,1
2135,2125,3101.505431,23425,1
2136,2126,3101.516564,23436,1
2137,2127,3101.527702,23447,1
2138,2128,3101.538837,23458,1
2139,2129,3101.549973,23469,1
2140,2130,3101.561108,23480,1
2141,2131,3101.572242,23491,1
2142,2132,3101.583379,23502,1
2143,2133,3101.594515,23513,1
2144,2134,3101.605648,23524,1
2145,2135,3101.616786,23535,1
2146,2136,3101.627921,23546,1
2147,2137,3101.639058,23557,1
2148,2138,3101.650191,23568,1
2149,2139,3101.661328,23579,1
2150,2140,3101.672463,23590,1
2151,2141,3101.683597,23601,1
2152,2142,3101.694735,23612,1
2153,2143,3101.705868,23623,1
2154,2144,3101.717005,23634,1
2155,2145,3101.728139,23645,1
2156,2146,3101.739276,23656,1
2157,2147,3101.750412,23667,1
2158,2148,3101.761546,23678,1
2159,2149,3101.772681,23689,1
2160,2150,3101.783816,23700,1
2161,2151,3101.794954,23711,1
2162,2152,3101.806098,23722,1
2163,2153,3101.817223,23733,1
2164,2154,3101.828360,23744,1
2165,-1,3101.839496,23755,1
2166,2155,3101.850631,23766,1
2167,2156,3101.861767,23777,1
2168,2157,3101.872902,23788,1
2169,2158,3101.884038,23799,1
2170,2159,3101.895174,23810,1
2171,2160,3101.906307,23821,1
2172,2161,3101.917445,23832,1
2173,2162,3101.928580,23843,1
2174,2163,3101.939714,23854,1
2175,2164,3101.950852,23865,1
2176,2165,3101.961985,23876,1
2177,2166,3101.973121,23887,1
2178,2167,3101.984257,23898,1
2179,2168,3101.995394,23909,1
2180,2169,3102.006528,23920,1
2181,2170,3102.017663,23931,1
2182,2171,3102.028798,23942,1
2183,2172,3102.039934,23953,1
2184,2173,3102.051070,23964,1
2185,2174,3102.062206,23975,1
2186,2175,3102.073343,23986,1
2187,2176,3102.084477,23997,1
2188,2177,3102.095613,24008,1
2189,2178,3102.106747,24019,1
2190,2179,3102.117882,24030,1
2191,2180,3102.129018,24041,1
2192,2181,3102.140153,24052,1
2193,2182,3102.151290,24063,1
2194,2183,3102.162426,24074,1
2195,2184,3102.173561,24085,1
2196,2185,3102.184698,24096,1
2197,2186,3102.195831,24107,1
2198,2187,3102.206968,24118,1
2199,2188,3102.218102,24129,1
2200,2189,3102.229240,24140,1
2201,2190,3102.240373,24151,1
2202,2191,3102.251510,24162,1
2203,2192,3102.262644,24173,1
2204,2193,3102.273780,24184,1
2205,2194,3102.284917,24195,1
2206,2195,3102.296053,24206,1
2207,2196,3102.307186,24217,1
2208,2197,3102.318324,24228,1
2209,2198,3102.329457,24239,1
2210,2199,3102.340593,24250,1
2211,2200,3102.351730,24261,1
2212,2201,3102.362865,24272,1
2213,2202,3102.373999,24283,1
2214,2203,3102.385134,24294,1
2215,2204,3102.396273,24305,1
2216,2205,3102.407406,24316,1
2217,2206,3102.418543,24327,1
2218,2207,3102.429678,24338,1
2219,2208,3102.440814,24349,1
2220,2209,3102.451948,24360,1
2221,2210,3102.463095,24371,1
2222,2211,3102.474219,24382,1
2223,2212,3102.485357,24393,1
2224,2213,3102.496491,24404,1
2225,2214,3102.507627,24415,1
2226,2215,3102.518762,24426,1
2227,2216,3102.529899,24437,1
2228,2217,3102.541034,24448,1
2229,2218,3102.552169,24459,1
2230,2219,3102.563305,24470,1
2231,2220,3102.574440,24481,1
2232,2221,3102.585576,24492,1
2233,2222,3102.596711,24503,1
2234,2223,3102.607845,24514,1
2235,2224,3102.618983,24525,1
2236,2225,3102.630116,24536,1
2237,2226,3102.641253,24547,1
2238,2227,3102.652388,24558,1
2239,2228,3102.663522,24569,1
2240,2229,3102.674660,24580,1
2241,2230,3102.685794,24591,1
2242,2231,3102.696929,24602,1
2243,2232,3102.708067,24613,1
2244,2233,3102.719201,24624,1
2245,2234,3102.730336,24635,1
2246,2235,3102.741474,24646,1
2247,2236,3102.752607,24657,1
2248,2237,3102.763743,24668,1
2249,2238,3102.774879,24679,1
2250,2239,3102.786013,24690,1
2251,2240,3102.797151,24701,1
2252,2241,3102.808286,24712,1
2253,2242,3102.819420,24723,1
2254,2243,3102.830557,24734,1
2255,2244,3102.841693,24745,1
2256,2245,3102.852827,24756,1
2257,2246,3102.863964,24767,1
2258,2247,3102.875100,24778,1
2259,2248,3102.886233,24789,1
2260,2249,3102.897369,24800,1
2261,2250,3102.908505,24811,1
2262,2251,3102.919642,24822,1
2263,2252,3102.929763,24832,1
2264,2253,3102.940900,24843,1
2265,2254,3102.952034,24854,1
2266,2255,3102.963170,24865,1
2267,2256,3102.974305,24876,1
2268,2257,3102.985441,24887,1
2269,2258,3102.996578,24898,1
2270,2259,3103.007711,24909,1
2271,2260,3103.018847,24920,1
2272,2261,3103.029982,24931,1
2273,2262,3103.041119,24942,1
2274,2263,3103.052256,24953,1
2275,2264,3103.063390,24964,1
2276,2265,3103.074525,24975,1
2277,2266,3103.085662,24986,1
2278,2267,3103.096797,24995,1
2279,2268,3103.107933,25006,1
2280,2269,3103.119068,25017,1
2281,2270,3103.130204,25028,1
2282,2271,3103.141337,25039,1
2283,2272,3103.152473,25050,1
2284,2273,3103.163609,25061,1
2285,2274,3103.174746,25072,1
2286,2275,3103.185882,25083,1
2287,2276,3103.197018,25094,1
2288,2277,3103.208151,25105,1
2289,2278,3103.219288,25116,1
2290,2279,3103.230424,25127,1
2291,2280,3103.241560,25138,1
2292,2281,3103.252694,25149,1
2293,2282,3103.263830,25160,1
2294,2283,3103.274966,25171,1
2295,2284,3103.286105,25182,1
2296,2285,3103.297235,25193,1
2297,2286,3103.308371,25204,1
2298,2287,3103.319507,25215,1
2299,2288,3103.330642,25226,1
2300,2289,3103.341777,25237,1
2301,2290,3103.352913,25248,1
2302,2291,3103.364048,25259,1
2303,2292,3103.375184,25270,1
2304,2293,3103.386321,25281,1
2305,2294,3103.397457,25292,1
2306,2295,3103.408590,25303,1
2307,2296,3103.419727,25314,1
2308,2297,3103.430862,25325,1
2309,2298,3103.441999,25336,1
2310,2299,3103.453134,25347,1
2311,2300,3103.464270,25358,1
2312,2301,3103.475406,25369,1
2313,2302,3103.486539,25380,1
2314,2303,3103.497676,25391,1
2315,2304,3103.508811,25402,1
2316,2305,3103.519947,25413,1
2317,2306,3103.531094,25424,1
2318,2307,3103.542217,25435,1
2319,2308,3103.553354,25446,1
2320,2309,3103.564489,25457,1
2321,2310,3103.575624,25468,1
2322,2311,3103.586761,25479,1
2323,2312,3103.597896,25490,1
2324,2313,3103.609029,25501,1
2325,2314,3103.620167,25512,1
2326,2315,3103.631301,25523,1
2327,2316,3103.642436,25534,1
2328,2317,3103.653571,25545,1
2329,2318,3103.664709,25556,1
2330,2319,3103.675843,25567,1
2331,2320,3103.686980,25578,1
2332,2321,3103.698115,25589,1
2333,2322,3103.709251,25600,1
2334,2323,3103.720386,25611,1
2335,2324,3103.731521,25622,1
2336,2325,3103.742657,25633,1
2337,2326,3103.753792,25644,1
2338,2327,3103.764926,25655,1
2339,2328,3103.776063,25666,1
2340,2329,3103.787200,25677,1
2341,2330,3103.798334,25688,1
2342,2331,3103.809471,25699,1
2343,2332,3103.820607,25710,1
2344,2333,3103.831742,25721,1
2345,2334,3103.842878,25732,1
2346,2335,3103.854012,25743,1
2347,2336,3103.865148,25754,1
2348,2337,3103.876283,25765,1
2349,2338,3103.887417,25776,1
2350,2339,3103.898555,25787,1
2351,2340,3103.909690,25798,1
2352,2341,3103.920826,25809,1
2353,2342,3103.931960,25820,1
2354,2343,3103.943099,25831,1
2355,2344,3103.954230,25842,1
2356,2345,3103.965367,25853,1
2357,2346,3103.976504,25864,1
2358,2347,3103.987638,25875,1
2359,2348,3103.998775,25886,1
2360,2349,3104.009909,25897,1
2361,2350,3104.021045,25908,1
2362,2351,3104.032181,25919,1
2363,2352,3104.043314,25930,1
2364,2353,3104.054452,25941,1
2365,2354,3104.065588,25952,1
2366,2355,3104.076722,25963,1
2367,2356,3104.087857,25974,1
2368,2357,3104.098992,25985,1
2369,2358,3104.110130,25996,1
2370,2359,3104.121265,26007,1
2371,2360,3104.132400,26018,1
2372,2361,3104.143536,26029,1
2373,2362,3104.154670,26040,1
2374,2363,3104.165807,26051,1
2375,2364,3104.176943,26062,1
2376,2365,3104.188076,26073,1
2377,2366,3104.199212,26084,1
2378,2367,3104.210348,26095,1
2379,2368,3104.221483,26106,1
2380,2369,3104.232619,26117,1
2381,2370,3104.243756,26128,1
2382,2371,3104.254892,26139,1
2383,2372,3104.266026,26150,1
2384,2373,3104.277160,26161,1
2385,2374,3104.288298,26172,1
2386,2375,3104.299434,26183,1
2387,2376,3104.310569,26194,1
2388,2377,3104.321704,26205,1
2389,2378,3104.332840,26216,1
2390,2379,3104.343974,26227,1
2391,2380,3104.355112,26238,1
2392,2381,3104.366244,26249,1
2393,2382,3104.377380,26260,1
2394,2383,3104.387505,26270,1
2395,2384,3104.398639,26281,1
2396,2385,3104.409774,26292,1
2397,2386,3104.420911,26303,1
2398,2387,3104.432047,26314,1
2399,2388,3104.443181,26325,1
2400,2389,3104.454319,26336,1
2401,2390,3104.465454,26347,1
2402,2391,3104.476588,26358,1
2403,2392,3104.487724,26369,1
2404,2393,3104.498860,26380,1
2405,2394,3104.509995,26391,1
2406,2395,3104.521129,26402,1
2407,2396,3104.532267,26413,1
2408,2397,3104.543400,26424,1
2409,2398,3104.554537,26433,1
2410,2399,3104.565671,26444,1
2411,2400,3104.576807,26455,1
2412,2401,3104.587945,26464,1
2413,2402,3104.599080,26475,1
2414,2403,3104.610215,26486,1
2415,2404,3104.621351,26497,1
2416,2405,3104.632487,26508,1
2417,2406,3104.643620,26519,1
2418,2407,3104.654758,26530,1
2419,2408,3104.665892,26541,1
2420,2409,3104.677029,26552,1
2421,2410,3104.688162,26563,1
2422,2411,3104.699299,26574,1
2423,2412,3104.710433,26585,1
2424,2413,3104.721569,26596,1
2425,2414,3104.732704,26607,1
2426,2415,3104.743842,26618,1
2427,2416,3104.754977,26629,1
2428,2417,3104.766113,26640,1
2429,2418,3104.777246,26651,1
2430,2419,3104.788382,26662,1
2431,2420,3104.799520,26673,1
2432,2421,3104.810654,26684,1
2433,2422,3104.821791,26695,1
2434,2423,3104.832924,26706,1
2435,2424,3104.844061,26717,1
2436,2425,3104.855197,26728,1
2437,2426,3104.866333,26739,1
2438,2427,3104.877466,26750,1
2439,2428,3104.888603,26761,1
2440,2429,3104.899737,26772,1
2441,2430,3104.910874,26783,1
2442,2431,3104.922009,26794,1
2443,2432,3104.933146,26805,1
2444,2433,3104.944280,26816,1
2445,2434,3104.955416,26827,1
2446,2435,3104.966551,26838,1
2447,2436,3104.977686,26849,1
2448,2437,3104.988823,26860,1
2449,2438,3104.999957,26871,1
2450,2439,3105.011103,26882,1
2451,2440,3105.022229,26893,1
2452,2441,3105.033365,26904,1
2453,2442,3105.044500,26915,1
2454,2443,3105.055634,26926,1
2455,2444,3105.066770,26937,1
2456,2445,3105.077906,26948,1
2457,2446,3105.089042,26959,1
2458,2447,3105.100177,26970,1
2459,2448,3105.111312,26981,1
2460,2449,3105.122450,26992,1
2461,2450,3105.133585,27003,1
2462,2451,3105.144721,27014,1
2463,2452,3105.155855,27025,1
2464,2453,3105.166991,27036,1
2465,2454,3105.178126,27047,1
2466,2455,3105.189261,27058,1
2467,2456,3105.200399,27069,1
2468,2457,3105.211531,27080,1
2469,2458,3105.222668,27091,1
2470,2459,3105.233804,27102,1
2471,2460,3105.244940,27113,1
2472,2461,3105.256075,27124,1
2473,2462,3105.267209,27135,1
2474,-1,3105.278347,27146,1
2475,2463,3105.289481,27157,1
2476,2464,3105.300617,27168,1
2477,2465,3105.311752,27179,1
2478,2466,3105.322888,27190,1
2479,2467,3105.334023,27201,1
2480,2468,3105.345159,27212,1
2481,-1,3105.356294,27223,1
2482,2469,3105.367429,27234,1
2483,2470,3105.378564,27245,1
2484,2471,3105.389701,27256,1
2485,2472,3105.400836,27267,1
2486,2473,3105.411971,27278,1
2487,2474,3105.423108,27289,1
2488,2475,3105.434243,27300,1
2489,2476,3105.445377,27311,1
2490,2477,3105.456515,27322,1
2491,2478,3105.467650,27333,1
2492,2479,3105.478786,27344,1
2493,2480,3105.489920,27355,1
2494,2481,3105.501058,27366,1
2495,2482,3105.512191,27377,1
2496,2483,3105.523327,27388,1
2497,2484,3105.534464,27399,1
2498,2485,3105.545600,27410,1
2499,2486,3105.556733,27421,1
2500,2487,3105.567869,27432,1
2501,2488,3105.579003,27443,1
2502,2489,3105.590139,27454,1
2503,2490,3105.601275,27465,1
2504,2491,3105.612412,27476,1
2505,2492,3105.623546,27487,1
2506,2493,3105.634682,27498,1
2507,2494,3105.645817,27509,1
2508,2495,3105.656952,27520,1
2509,2496,3105.668097,27531,1
2510,2497,3105.679226,27542,1
2511,2498,3105.690360,27553,1
2512,2499,3105.701496,27564,1
2513,2500,3105.712631,27575,1
2514,2501,3105.723767,27585,1
2515,2502,3105.734901,27596,1
2516,2503,3105.746039,27607,1
2517,2504,3105.757172,27618,1
2518,2505,3105.768309,27629,1
2519,2506,3105.779445,27640,1
2520,2507,3105.790581,27651,1
2521,2508,3105.801714,27662,1
2522,2509,3105.812851,27673,1
2523,2510,3105.823985,27684,1
2524,2511,3105.835123,27695,1
2525,2512,3105.845244,27705,1
2526,2513,3105.856381,27716,1
2527,2514,3105.867515,27727,1
2528,2515,3105.878650,27738,1
2529,2516,3105.889788,27749,1
2530,2517,3105.900922,27760,1
2531,2518,3105.912059,27771,1
2532,2519,3105.923193,27782,1
2533,2520,3105.934329,27793,1
2534,2521,3105.945465,27804,1
2535,2522,3105.956599,27815,1
2536,2523,3105.967735,27826,1
2537,2524,3105.978872,27837,1
2538,2525,3105.990007,27848,1
2539,2526,3106.001143,27859,1
2540,2527,3106.012278,27870,1
2541,2528,3106.023412,27881,1
2542,2529,3106.034548,27892,1
2543,2530,3106.045685,27903,1
2544,2531,3106.056820,27914,1
2545,2532,3106.067956,27925,1
2546,2533,3106.079097,27936,1
2547,2534,3106.090227,27947,1
2548,2535,3106.101360,27958,1
2549,2536,3106.112496,27969,1
2550,2537,3106.123631,27980,1
2551,2538,3106.134767,27991,1
2552,2539,3106.145904,28002,1
2553,2540,3106.157041,28013,1
2554,2541,3106.168174,28024,1
2555,2542,3106.179309,28035,1
2556,2543,3106.190447,28046,1
2557,2544,3106.201582,28057,1
2558,2545,3106.212717,28068,1
2559,2546,3106.223851,28079,1
2560,2547,3106.234989,28090,1
2561,2548,3106.246124,28101,1
2562,2549,3106.257259,28112,1
2563,2550,3106.268393,28123,1
2564,2551,3106.279530,28134,1
2565,2552,3106.290665,28145,1
2566,2553,3106.301800,28156,1
2567,2554,3106.312936,28167,1
2568,2555,3106.324072,28178,1
2569,2556,3106.335209,28189,1
2570,2557,3106.346343,28200,1
2571,2558,3106.357478,28211,1
2572,2559,3106.368615,28222,1
2573,2560,3106.379751,28233,1
2574,2561,3106.390886,28244,1
2575,2562,3106.402022,28255,1
2576,2563,3106.413157,28266,1
2577,2564,3106.424291,28277,1
2578,2565,3106.435427,28288,1
2579,2566,3106.446564,28299,1
2580,2567,3106.457699,28310,1
2581,2568,3106.468833,28321,1
2582,2569,3106.479968,28332,1
2583,2570,3106.491105,28341,1
2584,2571,3106.502239,28350,1
2585,2572,3106.513375,28359,1
2586,2573,3106.524515,28379,0
2587,2574,3106.535645,28379,1
2588,2575,3106.546783,28390,1
2589,2576,3106.557918,28401,1
2590,2577,3106.569054,28412,1
2591,2578,3106.580188,28423,1
2592,2579,3106.591324,28434,1
2593,2580,3106.602460,28445,1
2594,2581,3106.613596,28456,1
2595,2582,3106.624731,28467,1
2596,2583,3106.635865,28476,1
2597,2584,3106.647001,28485,1
2598,2585,3106.658138,28494,1
2599,2586,3106.669274,28503,1
2600,2587,3106.680410,28510,1
2601,2588,3106.691543,28521,1
2602,2589,3106.702680,28532,1
2603,2590,3106.713815,28543,1
2604,2591,3106.724951,28554,1
2605,2592,3106.736095,28565,1
2606,2593,3106.747221,28576,1
2607,2594,3106.758356,28587,1
2608,2595,3106.769493,28598,1
2609,2596,3106.780627,28609,1
2610,2597,3106.791579,28609,0
2611,2598,3106.802898,28625,1
2612,2599,3106.814036,28636,1
2613,2600,3106.824962,28636,0
2614,2601,3106.836306,28654,1
2615,2602,3106.847441,28665,1
2616,2603,3106.858578,28676,1
2617,2604,3106.869712,28687,1
2618,2605,3106.880847,28698,1
2619,2606,3106.891983,28709,1
2620,2607,3106.903118,28720,1
2621,2608,3106.914254,28731,1
2622,2609,3106.925388,28742,1
2623,2611,3106.936527,28753,1
2624,-1,3106.947662,28764,1
2625,2612,3106.958796,28775,1
2626,2613,3106.969932,28786,1
2627,2614,3106.981068,28795,1
2628,2615,3106.992204,28806,1
2629,2616,3107.003337,28817,1
2630,2617,3107.014473,28828,1
2631,2618,3107.025610,28839,1
2632,2619,3107.036744,28850,1
2633,2620,3107.047879,28861,1
2634,2621,3107.059016,28872,1
2635,2622,3107.070152,28883,1
2636,2623,3107.081286,28894,1
2637,2624,3107.092422,28905,1
2638,2625,3107.103559,28916,1
2639,2626,3107.114692,28927,1
2640,2627,3107.125829,28936,1
2641,2628,3107.136965,28947,1
2642,2629,3107.148101,28956,1
2643,2630,3107.159236,28967,1
2644,2631,3107.170372,28978,1
2645,2632,3107.181505,28989,1
2646,2633,3107.192643,29000,1
2647,2634,3107.203778,29011,1
2648,2635,3107.214913,29022,1
2649,2636,3107.226050,29033,1
2650,2637,3107.237185,29044,1
2651,2638,3107.248321,29055,1
2652,2639,3107.259456,29066,1
2653,2640,3107.270592,29077,1
2654,2641,3107.281725,29086,1
2655,2642,3107.292862,29095,1
2656,2643,3107.302986,29105,1
2657,2644,3107.314122,29116,1
2658,2645,3107.325256,29127,1
2659,2646,3107.336392,29138,1
2660,2647,3107.347527,29149,1
2661,2648,3107.358661,29160,1
2662,2649,3107.369797,29171,1
2663,2650,3107.380935,29182,1
2664,2651,3107.392071,29193,1
2665,2652,3107.403204,29204,1
2666,2653,3107.414339,29215,1
2667,2654,3107.425475,29226,1
2668,2655,3107.436610,29237,1
2669,2656,3107.447748,29248,1
2670,2657,3107.458881,29259,1
2671,2658,3107.470018,29268,1
2672,2659,3107.481154,29279,1
2673,2660,3107.492289,29290,1
2674,2661,3107.503423,29299,1
2675,2662,3107.514559,29308,1
2676,2663,3107.525696,29319,1
2677,2664,3107.536831,29330,1
2678,2665,3107.547967,29341,1
2679,2666,3107.559100,29352,1
2680,2667,3107.570236,29363,1
2681,2668,3107.581374,29374,1
2682,2669,3107.592509,29385,1
2683,2670,3107.603645,29396,1
2684,2671,3107.614779,29405,1
2685,2672,3107.625916,29416,1
2686,2673,3107.637052,29425,1
2687,2674,3107.648187,29436,1
2688,2675,3107.659322,29445,1
2689,2676,3107.670458,29456,1
2690,2677,3107.681594,29467,1
2691,2678,3107.692729,29478,1
2692,2679,3107.703865,29489,1
2693,2680,3107.714998,29500,1
2694,2681,3107.726135,29511,1
2695,2682,3107.737270,29522,1
2696,2683,3107.748405,29533,1
2697,2684,3107.759540,29544,1
2698,2685,3107.770677,29555,1
2699,2686,3107.781812,29562,1
2700,2687,3107.792947,29573,1
2701,2688,3107.804199,29591,0
2702,2689,3107.815219,29591,1
2703,2690,3107.826353,29600,1
2704,2691,3107.837489,29609,1
2705,2692,3107.848624,29620,1
2706,2693,3107.859762,29631,1
2707,2694,3107.870896,29642,1
2708,2695,3107.882032,29653,1
2709,2696,3107.893167,29664,1
2710,2697,3107.904304,29675,1
2711,2698,3107.915437,29686,1
2712,2699,3107.926574,29697,1
2713,2700,3107.937709,29708,1
2714,2701,3107.948845,29719,1
2715,2702,3107.959981,29728,1
2716,2703,3107.971116,29739,1
2717,2704,3107.982251,29750,1
2718,2705,3107.993386,29759,1
2719,2706,3108.004522,29770,1
2720,2707,3108.015657,29781,1
2721,2708,3108.026794,29792,1
2722,2709,3108.037928,29803,1
2723,2710,3108.049066,29814,1
2724,2711,3108.060200,29825,1
2725,2712,3108.071336,29836,1
2726,2713,3108.082471,29847,1
2727,2714,3108.093605,29858,1
2728,2715,3108.104742,29869,1
2729,2716,3108.115877,29880,1
2730,2717,3108.127013,29891,1
2731,2718,3108.138147,29900,1
2732,2719,3108.149284,29911,1
2733,2720,3108.160285,29911,0
2734,2721,3108.171554,29931,1
2735,2722,3108.182691,29942,1
2736,2723,3108.193826,29953,1
2737,2724,3108.204962,29964,1
2738,2725,3108.216100,29975,1
2739,2726,3108.227232,29986,1
2740,2727,3108.238367,29997,1
2741,2728,3108.249502,30008,1
2742,2729,3108.260640,30019,1
2743,2730,3108.271775,30030,1
2744,2731,3108.282909,30041,1
2745,2732,3108.294045,30052,1
2746,2733,3108.305181,30063,1
2747,2734,3108.316316,30072,1
2748,2735,3108.327453,30083,1
2749,2736,3108.338589,30094,1
2750,2737,3108.349724,30105,1
2751,2738,3108.360858,30116,1
2752,2739,3108.371996,30127,1
2753,2740,3108.383129,30138,1
2754,2741,3108.394266,30149,1
2755,2742,3108.405400,30160,1
2756,2743,3108.416535,30171,1
2757,2744,3108.427671,30182,1
2758,2745,3108.438808,30193,1
2759,2746,3108.449943,30204,1
2760,2747,3108.461079,30215,1
2761,2748,3108.472213,30226,1
2762,2749,3108.483350,30237,1
2763,2750,3108.494485,30248,1
2764,2751,3108.505619,30259,1
2765,2752,3108.516757,30270,1
2766,2753,3108.527890,30281,1
2767,2754,3108.539027,30292,1
2768,2755,3108.550163,30303,1
2769,2756,3108.561299,30314,1
2770,2757,3108.572435,30325,1
2771,2758,3108.583570,30336,1
2772,2759,3108.594705,30347,1
2773,2760,3108.605841,30358,1
2774,2761,3108.616977,30367,1
2775,2762,3108.628110,30378,1
2776,2763,3108.638776,30378,0
2777,2764,3108.650383,30396,1
2778,2765,3108.661518,30407,1
2779,2766,3108.672653,30416,1
2780,2767,3108.683789,30427,1
2781,2768,3108.694923,30438,1
2782,2769,3108.706061,30449,1
2783,2770,3108.717195,30460,1
2784,2771,3108.728330,30471,1
2785,2772,3108.739466,30482,1
2786,2773,3108.750600,30493,1
2787,2774,3108.760725,30503,1
2788,2775,3108.771861,30514,1
2789,2776,3108.782996,30523,1
2790,2777,3108.794130,30534,1
2791,2778,3108.805267,30545,1
2792,2779,3108.816403,30556,1
2793,2780,3108.827536,30567,1
2794,2781,3108.838672,30578,1
2795,2782,3108.849810,30589,1
2796,2783,3108.860944,30600,1
2797,2784,3108.872080,30611,1
2798,2785,3108.883216,30622,1
2799,2786,3108.894350,30633,1
2800,2787,3108.905485,30644,1
2801,2788,3108.916623,30655,1
2802,2789,3108.927757,30666,1
2803,2790,3108.938894,30677,1
2804,2791,3108.950029,30688,1
2805,2792,3108.961164,30699,1
2806,2793,3108.972298,30708,1
2807,2794,3108.983435,30719,1
2808,2795,3108.994571,30730,1
2809,2796,3109.005706,30741,1
2810,2797,3109.016842,30752,1
2811,2798,3109.027977,30763,1
2812,2799,3109.039112,30774,1
2813,2800,3109.050249,30785,1
2814,2801,3109.061385,30796,1
2815,2802,3109.072518,30807,1
2816,2803,3109.083656,30818,1
2817,2804,3109.094791,30829,1
2818,2805,3109.105927,30840,1
2819,2806,3109.117063,30851,1
2820,2807,3109.128196,30862,1
2821,2808,3109.139333,30873,1
2822,2809,3109.150469,30884,1
2823,2810,3109.161604,30895,1
2824,2811,3109.172739,30906,1
2825,2812,3109.183875,30917,1
2826,2813,3109.195009,30928,1
2827,2814,3109.206144,30939,1
2828,2815,3109.217281,30950,1
2829,2816,3109.228415,30961,1
2830,2817,3109.239552,30972,1
2831,2818,3109.250688,30983,1
2832,2819,3109.261822,30994,1
2833,2820,3109.272959,31005,1
2834,2821,3109.284099,31016,1
2835,2822,3109.295229,31027,1
2836,2823,3109.306365,31038,1
2837,2824,3109.317500,31049,1
2838,2825,3109.328637,31060,1
2839,2826,3109.339772,31071,1
2840,2827,3109.350907,31082,1
2841,2828,3109.362042,31093,1
2842,2829,3109.373179,31104,1
2843,2830,3109.384315,31115,1
2844,2831,3109.395450,31126,1
2845,2832,3109.406586,31137,1
2846,2833,3109.417720,31148,1
2847,2834,3109.428857,31159,1
2848,2835,3109.439990,31170,1
2849,2836,3109.451128,31181,1
2850,2837,3109.462261,31192,1
2851,2838,3109.473397,31203,1
2852,2839,3109.484532,31214,1
2853,2840,3109.495668,31225,1
2854,2841,3109.506804,31236,1
2855,2842,3109.517939,31247,1
2856,2843,3109.529076,31258,1
2857,2844,3109.540209,31269,1
2858,2845,3109.551347,31280,1
2859,2846,3109.562483,31291,1
2860,2847,3109.573618,31302,1
2861,2848,3109.584752,31313,1
2862,2849,3109.595889,31324,1
2863,2850,3109.607024,31335,1
2864,2851,3109.618160,31346,1
2865,2852,3109.629295,31357,1
2866,2853,3109.640431,31368,1
2867,2854,3109.651566,31379,1
2868,2855,3109.662700,31390,1
2869,2856,3109.673837,31401,1
2870,2857,3109.684974,31412,1
2871,2858,3109.696109,31423,1
2872,2859,3109.707243,31434,1
2873,2860,3109.718380,31445,1
2874,2861,3109.729515,31456,1
2875,2862,3109.740651,31467,1
2876,2863,3109.751786,31478,1
2877,2864,3109.762922,31489,1
2878,2865,3109.774056,31500,1
2879,2866,3109.785191,31511,1
2880,2867,3109.796328,31522,1
2881,2868,3109.807463,31533,1
2882,2869,3109.818600,31544,1
2883,2870,3109.829735,31555,1
2884,2871,3109.840869,31566,1
2885,2872,3109.852006,31577,1
2886,2873,3109.863141,31588,1
2887,2874,3109.874276,31599,1
2888,2875,3109.885412,31610,1
2889,2876,3109.896546,31621,1
2890,2877,3109.907683,31632,1
2891,2878,3109.918819,31643,1
2892,2879,3109.929954,31654,1
2893,2880,3109.941097,31665,1
2894,2881,3109.952226,31676,1
2895,2882,3109.963359,31687,1
2896,2883,3109.974496,31698,1
2897,2884,3109.985631,31709,1
2898,2885,3109.996767,31720,1
2899,2886,3110.007902,31731,1
2900,2887,3110.019039,31742,1
2901,2888,3110.030173,31753,1
2902,2889,3110.041310,31764,1
2903,2890,3110.052443,31775,1
2904,2891,3110.063579,31786,1
2905,2892,3110.074715,31797,1
2906,2893,3110.085850,31808,1
2907,2894,3110.096986,31819,1
2908,2895,3110.108122,31830,1
2909,2896,3110.119258,31841,1
2910,2897,3110.130392,31852,1
2911,2898,3110.141530,31863,1
2912,2899,3110.152663,31874,1
2913,2900,3110.163799,31885,1
2914,2901,3110.174936,31896,1
2915,2902,3110.186070,31907,1
2916,2903,3110.197206,31918,1
2917,2904,3110.208342,31929,1
2918,2905,3110.218464,31939,1
2919,-1,3110.229601,31950,1
2920,2906,3110.240735,31961,1
2921,2907,3110.251872,31972,1
2922,2908,3110.263006,31983,1
2923,2909,3110.274142,31994,1
2924,2910,3110.285278,32005,1
2925,2911,3110.296413,32016,1
2926,2912,3110.307550,32027,1
2927,2913,3110.318684,32038,1
2928,2914,3110.329821,32049,1
2929,2915,3110.340957,32060,1
2930,2916,3110.352098,32071,1
2931,2917,3110.363226,32082,1
2932,2918,3110.374362,32093,1
2933,2919,3110.385498,32104,1
2934,2920,3110.396633,32115,1
2935,2921,3110.407769,32126,1
2936,2922,3110.418904,32137,1
2937,2923,3110.430039,32148,1
2938,2924,3110.441175,32159,1
2939,2925,3110.452309,32170,1
2940,2926,3110.463446,32181,1
2941,2927,3110.474581,32192,1
2942,2928,3110.485717,32203,1
2943,2929,3110.496853,32214,1
2944,2930,3110.507988,32225,1
2945,2931,3110.519124,32236,1
2946,2932,3110.530258,32247,1
2947,2933,3110.541394,32258,1
2948,2934,3110.552530,32269,1
2949,2935,3110.563666,32280,1
2950,2936,3110.574801,32291,1
2951,2937,3110.585937,32300,1
2952,2938,3110.597073,32311,1
2953,2939,3110.608209,32322,1
2954,2940,3110.619342,32333,1
2955,2941,3110.630480,32344,1
2956,2942,3110.641614,32355,1
2957,2943,3110.652750,32366,1
2958,2944,3110.663886,32377,1
2959,2945,3110.675020,32388,1
2960,2946,3110.686157,32399,1
2961,2947,3110.697293,32410,1
2962,2948,3110.708428,32421,1
2963,2949,3110.719561,32429,1
2964,2950,3110.730700,32438,1
2965,2951,3110.741834,32449,1
2966,2952,3110.752969,32460,1
2967,2953,3110.764104,32471,1
2968,2954,3110.775241,32482,1
2969,2955,3110.786374,32493,1
2970,2956,3110.797510,32504,1
2971,2957,3110.808647,32515,1
2972,2958,3110.819783,32526,1
2973,2959,3110.830919,32537,1
2974,2960,3110.842055,32548,1
2975,2961,3110.853189,32559,1
2976,2962,3110.864325,32570,1
2977,2963,3110.875460,32581,1
2978,2964,3110.886595,32592,1
2979,2965,3110.897729,32603,1
2980,2966,3110.908866,32614,1
2981,2967,3110.920003,32625,1
2982,2968,3110.931137,32636,1
2983,2969,3110.942272,32647,1
2984,2970,3110.953410,32658,1
2985,2971,3110.964544,32669,1
2986,2972,3110.975678,32680,1
2987,2973,3110.986814,32691,1
2988,2974,3110.997949,32702,1
2989,2975,3111.009095,32711,1
2990,2976,3111.020221,32722,1
2991,2977,3111.031358,32733,1
2992,2978,3111.042493,32744,1
2993,2979,3111.053629,32755,1
2994,2980,3111.064764,32766,1
2995,2981,3111.075899,32777,1
2996,2982,3111.087033,32788,1
2997,2983,3111.098170,32799,1
2998,2984,3111.109306,32810,1
2999,2985,3111.120442,32821,1
3000,2986,3111.131575,32832,1
3001,2987,3111.142711,32843,1
3002,2988,3111.153848,32854,1
3003,2989,3111.164983,32865,1
3004,2990,3111.176117,32876,1
3005,2991,3111.187254,32887,1
3006,2992,3111.198390,32898,1
3007,2993,3111.209525,32909,1
3008,2994,3111.220660,32920,1
3009,2995,3111.231797,32931,1
3010,2996,3111.242932,32942,1
3011,2997,3111.254066,32953,1
3012,2998,3111.265201,32964,1
3013,2999,3111.276338,32975,1
3014,3000,3111.287475,32986,1
3015,3001,3111.298609,32997,1
3016,3002,3111.309745,33008,1
3017,3003,3111.320880,33019,1
3018,3004,3111.332014,33030,1
3019,3005,3111.343152,33041,1
3020,3006,3111.354287,33052,1
3021,3007,3111.365423,33063,1
3022,3008,3111.376559,33074,1
3023,3009,3111.387694,33085,1
3024,3010,3111.398828,33096,1
3025,3011,3111.409965,33107,1
3026,3012,3111.421099,33118,1
3027,3013,3111.432235,33127,1
3028,3014,3111.443370,33138,1
3029,3015,3111.454506,33149,1
3030,3016,3111.465641,33160,1
3031,3017,3111.476778,33171,1
3032,3018,3111.487911,33182,1
3033,3019,3111.499047,33193,1
3034,3020,3111.510185,33204,1
3035,3021,3111.521319,33215,1
3036,3022,3111.532455,33226,1
3037,3023,3111.543590,33237,1
3038,3024,3111.554726,33248,1
3039,3025,3111.565860,33259,1
3040,3026,3111.576998,33270,1
3041,3027,3111.588131,33281,1
3042,3028,3111.599268,33292,1
3043,3029,3111.610405,33303,1
3044,3030,3111.621539,33314,1
3045,3031,3111.632676,33325,1
3046,3032,3111.643809,33336,1
3047,3033,3111.654947,33347,1
3048,3034,3111.666079,33358,1
3049,3035,3111.676205,33368,1
3050,3036,3111.687340,33379,1
3051,3037,3111.698475,33390,1
3052,3038,3111.709611,33401,1
3053,3039,3111.720747,33412,1
3054,3040,3111.731882,33423,1
3055,3041,3111.743016,33434,1
3056,3042,3111.754153,33445,1
3057,3043,3111.765287,33456,1
3058,3044,3111.776424,33467,1
3059,3045,3111.787559,33478,1
3060,3046,3111.798694,33489,1
3061,3047,3111.809829,33500,1
3062,3048,3111.820966,33511,1
3063,3049,3111.832102,33522,1
3064,3050,3111.843235,33533,1
3065,3051,3111.854373,33544,1
3066,3052,3111.865506,33555,1
3067,3053,3111.876642,33566,1
3068,3054,3111.887778,33577,1
3069,3055,3111.898914,33588,1
3070,3056,3111.910049,33599,1
3071,3057,3111.921184,33610,1
3072,3058,3111.932320,33621,1
3073,3059,3111.943457,33632,1
3074,3060,3111.954593,33643,1
3075,3061,3111.965728,33654,1
3076,3062,3111.976862,33665,1
3077,3063,3111.987999,33676,1
3078,3064,3111.999132,33687,1
3079,3065,3112.010270,33698,1
3080,3066,3112.021406,33709,1
3081,3067,3112.032541,33720,1
3082,3068,3112.043675,33731,1
3083,3069,3112.054810,33742,1
3084,3070,3112.065946,33753,1
3085,3071,3112.077082,33764,1
3086,3072,3112.088217,33775,1
3087,3073,3112.099355,33786,1
3088,3074,3112.110488,33797,1
3089,3075,3112.121623,33808,1
3090,3076,3112.132761,33819,1
3091,3077,3112.143895,33830,1
3092,3078,3112.155030,33841,1
3093,3079,3112.166167,33852,1
3094,3080,3112.177303,33863,1
3095,3081,3112.188437,33874,1
3096,3082,3112.199573,33885,1
3097,3083,3112.210709,33896,1
3098,3084,3112.221845,33907,1
3099,3085,3112.232979,33918,1
3100,3086,3112.244114,33929,1
3101,3087,3112.255251,33940,1
3102,3088,3112.266385,33951,1
3103,3089,3112.277520,33962,1
3104,3090,3112.288657,33973,1
3105,3091,3112.299793,33984,1
3106,3092,3112.310928,33993,1
3107,3093,3112.322063,34004,1
3108,3094,3112.333200,34015,1
3109,3095,3112.344336,34026,1
3110,3096,3112.355470,34037,1
3111,3097,3112.366606,34046,1
3112,3098,3112.377742,34057,1
3113,3099,3112.388876,34068,1
3114,3100,3112.400013,34079,1
3115,3101,3112.411148,34090,1
3116,3102,3112.422284,34101,1
3117,3103,3112.433420,34112,1
3118,3104,3112.444555,34123,1
3119,3105,3112.455691,34134,1
3120,3106,3112.466824,34145,1
3121,3107,3112.477960,34156,1
3122,3108,3112.489100,34167,1
3123,3109,3112.500232,34176,1
3124,3110,3112.511368,34187,1
3125,3111,3112.522503,34198,1
3126,3112,3112.533637,34209,1
3127,3113,3112.544775,34220,1
3128,3114,3112.555910,34231,1
3129,3115,3112.567044,34242,1
3130,3116,3112.578181,34253,1
3131,3117,3112.589317,34264,1
3132,3118,3112.600452,34275,1
3133,3119,3112.611586,34286,1
3134,3120,3112.622723,34297,1
3135,3121,3112.633858,34306,1
3136,3122,3112.644992,34317,1
3137,3123,3112.656129,34328,1
3138,3124,3112.667263,34339,1
3139,3125,3112.678398,34350,1
3140,3126,3112.689535,34361,1
3141,3127,3112.700670,34372,1
3142,3128,3112.711807,34383,1
3143,3129,3112.722943,34394,1
3144,3130,3112.734077,34405,1
3145,3131,3112.745213,34416,1
3146,3132,3112.756348,34427,1
3147,3133,3112.767484,34438,1
3148,3134,3112.778619,34449,1
3149,3135,3112.789755,34460,1
3150,3136,3112.800891,34469,1
3151,3137,3112.812025,34480,1
3152,3138,3112.823160,34491,1
3153,3139,3112.834298,34502,1
3154,3140,3112.845433,34513,1
3155,3141,3112.856567,34524,1
3156,3142,3112.867704,34535,1
3157,3143,3112.878839,34546,1
3158,3144,3112.889976,34557,1
3159,3145,3112.901109,34568,1
3160,3146,3112.912245,34579,1
3161,3147,3112.923382,34590,1
3162,3148,3112.934518,34601,1
3163,3149,3112.945651,34612,1
3164,3150,3112.956788,34623,1
3165,3151,3112.967924,34634,1
3166,3152,3112.979060,34645,1
3167,3153,3112.990194,34654,1
3168,3154,3113.001328,34665,1
3169,3155,3113.012465,34676,1
3170,3156,3113.023599,34687,1
3171,3157,3113.034737,34698,1
3172,3158,3113.045870,34709,1
3173,3159,3113.057007,34720,1
3174,3160,3113.068144,34731,1
3175,3161,3113.079278,34742,1
3176,3162,3113.090414,34753,1
3177,3163,3113.101549,34764,1
3178,3164,3113.112683,34775,1
3179,3165,3113.123820,34786,1
3180,3166,3113.133944,34796,1
3181,3167,3113.145080,34807,1
3182,3168,3113.156213,34816,1
3183,3169,3113.167349,34827,1
3184,3170,3113.178484,34838,1
3185,3171,3113.189620,34849,1
3186,3172,3113.200757,34860,1
3187,3173,3113.211891,34871,1
3188,3174,3113.223028,34882,1
3189,3175,3113.234163,34893,1
3190,3176,3113.245297,34904,1
3191,3177,3113.256433,34915,1
3192,3178,3113.267570,34926,1
3193,3179,3113.278705,34935,1
3194,3180,3113.289841,34944,1
3195,3181,3113.300977,34953,1
3196,3182,3113.312112,34964,1
3197,3183,3113.323247,34975,1
3198,3184,3113.334383,34984,1
3199,3185,3113.345517,34993,1
3200,3186,3113.356653,35004,1
3201,3187,3113.367790,35015,1
3202,3188,3113.378925,35026,1
3203,3189,3113.390062,35037,1
3204,3190,3113.401196,35048,1
3205,3191,3113.412332,35059,1
3206,3192,3113.423465,35070,1
3207,3193,3113.434601,35081,1
3208,3194,3113.445736,35092,1
3209,3195,3113.456872,35103,1
3210,3196,3113.468010,35114,1
3211,3197,3113.479143,35125,1
3212,3198,3113.490280,35136,1
3213,3199,3113.501416,35147,1
3214,3200,3113.512552,35158,1
3215,3201,3113.523685,35169,1
3216,3202,3113.534822,35180,1
3217,3203,3113.545956,35191,1
3218,3204,3113.557100,35202,1
3219,3205,3113.568227,35213,1
3220,3206,3113.579362,35224,1
3221,3207,3113.590499,35235,1
3222,3208,3113.601634,35246,1
3223,3209,3113.612771,35257,1
3224,3210,3113.623905,35268,1
3225,3211,3113.635041,35279,1
3226,3212,3113.646177,35290,1
3227,3213,3113.657313,35301,1
3228,3214,3113.668449,35312,1
3229,3215,3113.679582,35323,1
3230,3216,3113.690720,35332,1
3231,3217,3113.701853,35343,1
3232,3218,3113.712988,35354,1
3233,3219,3113.724126,35363,1
3234,3220,3113.735259,35374,1
3235,3221,3113.746397,35385,1
3236,3222,3113.757532,35396,1
3237,3223,3113.768669,35407,1
3238,3224,3113.779803,35418,1
3239,3225,3113.790939,35429,1
3240,3226,3113.802073,35440,1
3241,3227,3113.813209,35449,1
3242,3228,3113.824344,35460,1
3243,3229,3113.835481,35471,1
3244,3230,3113.846615,35482,1
3245,3231,3113.857752,35493,1
3246,3232,3113.868886,35504,1
3247,3233,3113.880021,35515,1
3248,3234,3113.891157,35526,1
3249,3235,3113.902293,35537,1
3250,3236,3113.913430,35548,1
3251,3237,3113.924563,35559,1
3252,3238,3113.935700,35570,1
3253,3239,3113.946836,35581,1
3254,3240,3113.957972,35592,1
3255,3241,3113.969105,35603,1
3256,3242,3113.980241,35614,1
3257,3243,3113.991378,35625,1
3258,3244,3114.002513,35636,1
3259,3245,3114.013647,35647,1
3260,3246,3114.024785,35658,1
3261,3247,3114.035918,35669,1
3262,3248,3114.047057,35680,1
3263,3249,3114.058190,35691,1
3264,3250,3114.069327,35702,1
3265,3251,3114.080462,35713,1
3266,3252,3114.091596,35724,1
3267,3253,3114.102731,35735,1
3268,3254,3114.113868,35746,1
3269,3255,3114.125004,35757,1
3270,3256,3114.136139,35768,1
3271,3257,3114.147276,35779,1
3272,3258,3114.158410,35790,1
3273,3259,3114.169545,35801,1
3274,3260,3114.180682,35812,1
3275,3261,3114.191815,35823,1
3276,3262,3114.202951,35834,1
3277,3263,3114.214095,35845,1
3278,3264,3114.225222,35856,1
3279,3265,3114.236357,35867,1
3280,3266,3114.247493,35878,1
3281,3267,3114.258628,35889,1
3282,3268,3114.269767,35900,1
3283,3269,3114.280900,35911,1
3284,3270,3114.292037,35922,1
3285,3271,3114.303172,35933,1
3286,3272,3114.314306,35944,1
3287,3273,3114.325442,35955,1
3288,3274,3114.336577,35966,1
3289,3275,3114.347714,35977,1
3290,3276,3114.358851,35988,1
3291,3277,3114.369984,35999,1
3292,3278,3114.381120,36010,1
3293,3279,3114.392257,36021,1
3294,3280,3114.403390,36032,1
3295,3281,3114.414528,36043,1
3296,3282,3114.425662,36054,1
3297,3283,3114.436798,36065,1
3298,3284,3114.447934,36076,1
3299,3285,3114.459070,36085,1
3300,3286,3114.469686,36085,0
3301,3287,3114.481339,36105,1
3302,3288,3114.492476,36116,1
3303,3289,3114.503612,36125,1
3304,3290,3114.514746,36136,1
3305,3291,3114.525881,36147,1
3306,3292,3114.537017,36158,1
3307,3293,3114.548152,36169,1
3308,3294,3114.559287,36180,1
3309,3295,3114.570425,36191,1
3310,3296,3114.581559,36202,1
3311,3297,3114.592090,36202,0
3312,3298,3114.602818,36221,1
3313,3299,3114.613952,36230,1
3314,3300,3114.625473,36250,0
3315,3301,3114.636223,36250,1
3316,3302,3114.647360,36259,1
3317,3303,3114.658496,36268,1
3318,3304,3114.669631,36279,1
3319,3305,3114.680765,36290,1
3320,3306,3114.691901,36301,1
3321,3307,3114.703039,36312,1
3322,3308,3114.714173,36323,1
3323,3309,3114.725309,36334,1
3324,3310,3114.736445,36345,1
3325,3311,3114.747578,36356,1
3326,3312,3114.758716,36367,1
3327,3313,3114.770133,36387,0
3328,3314,3114.780986,36387,1
3329,3315,3114.792121,36398,1
3330,3316,3114.803516,36418,0
3331,3317,3114.814391,36418,1
3332,3318,3114.825529,36429,1
3333,3319,3114.836665,36438,1
3334,3320,3114.847798,36449,1
3335,3321,3114.858934,36460,1
3336,3322,3114.870070,36471,1
3337,3323,3114.881205,36482,1
3338,3324,3114.892342,36493,1
3339,3325,3114.903477,36504,1
3340,3326,3114.914613,36515,1
3341,3327,3114.925749,36526,1
3342,3328,3114.936883,36537,1
3343,3329,3114.948019,36548,1
3344,3330,3114.959155,36557,1
3345,3331,3114.970290,36568,1
3346,3332,3114.981424,36577,1
3347,3333,3114.992561,36588,1
3348,3334,3115.003696,36599,1
3349,3335,3115.014831,36610,1
3350,3336,3115.025967,36621,1
3351,3337,3115.037102,36632,1
3352,3338,3115.048240,36643,1
3353,3339,3115.059373,36654,1
3354,3340,3115.070510,36665,1
3355,3341,3115.081645,36676,1
3356,3342,3115.092781,36687,1
3357,3343,3115.103915,36698,1
3358,3344,3115.115053,36709,1
3359,3345,3115.126186,36720,1
3360,3346,3115.137323,36729,1
3361,3347,3115.148458,36738,1
3362,3348,3115.159602,36754,0
3363,3349,3115.170730,36754,1
3364,3350,3115.181863,36765,1
3365,3351,3115.193000,36776,1
3366,3352,3115.204135,36787,1
3367,3353,3115.215270,36798,1
3368,3354,3115.226407,36809,1
3369,3355,3115.237543,36820,1
3370,3356,3115.248678,36831,1
3371,3357,3115.259812,36842,1
3372,3358,3115.270950,36853,1
3373,3359,3115.282100,36864,1
3374,3360,3115.293218,36875,1
3375,3361,3115.304262,36875,0
3376,3362,3115.315491,36893,1
3377,3363,3115.326626,36904,1
3378,3364,3115.337761,36915,1
3379,3365,3115.348898,36926,1
3380,3366,3115.360033,36937,1
3381,3367,3115.371167,36948,1
3382,3368,3115.382302,36959,1
3383,3369,3115.393439,36970,1
3384,3370,3115.404573,36981,1
3385,3371,3115.415711,36992,1
3386,3372,3115.426844,37003,1
3387,3373,3115.437980,37012,1
3388,3374,3115.449116,37021,1
3389,3375,3115.460251,37030,1
3390,3376,3115.471386,37039,1
3391,3377,3115.482522,37048,1
3392,3378,3115.493659,37057,1
3393,3379,3115.504794,37068,1
3394,3380,3115.515931,37079,1
3395,3381,3115.527066,37090,1
3396,3382,3115.538200,37101,1
3397,3383,3115.549336,37112,1
3398,3384,3115.560471,37123,1
3399,3385,3115.571608,37134,1
3400,3386,3115.582742,37145,1
3401,3387,3115.593879,37156,1
3402,3388,3115.604710,37156,0
3403,3389,3115.616148,37172,1
3404,3390,3115.627283,37183,1
3405,3391,3115.638419,37194,1
3406,3392,3115.649554,37203,1
3407,3393,3115.660692,37214,1
3408,3394,3115.671828,37225,1
3409,3395,3115.682962,37236,1
3410,3396,3115.694098,37247,1
3411,3397,3115.705232,37258,1
3412,3398,3115.716368,37268,1
3413,3399,3115.727505,37279,1
3414,3400,3115.738641,37290,1
3415,3401,3115.749776,37301,1
3416,3402,3115.760911,37312,1
3417,3403,3115.772045,37323,1
3418,3404,3115.783180,37334,1
3419,3405,3115.794318,37345,1
3420,3406,3115.805453,37356,1
3421,3407,3115.816588,37367,1
3422,3408,3115.827725,37376,1
3423,3409,3115.838858,37387,1
3424,3410,3115.849994,37396,1
3425,3411,3115.861129,37407,1
3426,3412,3115.871775,37407,0
3427,3413,3115.883400,37425,1
3428,3414,3115.894537,37436,1
3429,3415,3115.905673,37447,1
3430,3416,3115.916809,37458,1
3431,3417,3115.927944,37469,1
3432,3418,3115.939078,37480,1
3433,3419,3115.950215,37491,1
3434,3420,3115.961351,37502,1
3435,3421,3115.972484,37513,1
3436,3422,3115.983622,37524,1
3437,3423,3115.994758,37535,1
3438,3424,3116.005893,37546,1
3439,3425,3116.017027,37557,1
3440,3426,3116.028163,37568,1
3441,3427,3116.039299,37579,1
3442,3428,3116.049422,37589,1
3443,3429,3116.060556,37600,1
3444,3430,3116.071694,37611,1
3445,3431,3116.083201,37631,0
3446,3432,3116.093964,37631,1
3447,3433,3116.105098,37642,1
3448,3434,3116.116235,37653,1
3449,3435,3116.127371,37664,1
3450,3436,3116.138506,37675,1
3451,3437,3116.149642,37686,1
3452,3438,3116.160777,37697,1
3453,3439,3116.171912,37708,1
3454,3440,3116.183046,37719,1
3455,3441,3116.194183,37730,1
3456,3442,3116.205318,37741,1
3457,3443,3116.216453,37752,1
3458,3444,3116.227588,37763,1
3459,3445,3116.238725,37774,1
3460,3446,3116.249860,37785,1
3461,3447,3116.260996,37796,1
3462,3448,3116.272133,37807,1
3463,3449,3116.283266,37818,1
3464,3450,3116.294401,37829,1
3465,3451,3116.305538,37840,1
3466,3452,3116.316672,37851,1
3467,3453,3116.327810,37862,1
3468,3454,3116.338946,37873,1
3469,3455,3116.350081,37884,1
3470,3456,3116.361215,37895,1
3471,3457,3116.372351,37906,1
3472,3458,3116.383485,37916,1
3473,3459,3116.394623,37927,1
3474,3460,3116.405758,37938,1
3475,3461,3116.416894,37949,1
3476,3462,3116.428027,37960,1
3477,3463,3116.439165,37971,1
3478,3464,3116.450300,37980,1
3479,3465,3116.461436,37991,1
3480,3466,3116.472569,38002,1
3481,3467,3116.483707,38013,1
3482,3468,3116.494840,38024,1
3483,3469,3116.505978,38033,1
3484,3470,3116.517112,38042,1
3485,3471,3116.528249,38051,1
3486,3472,3116.539385,38062,1
3487,3473,3116.550519,38073,1
3488,3474,3116.561654,38084,1
3489,3475,3116.572791,38095,1
3490,3476,3116.583925,38106,1
3491,3477,3116.595062,38117,1
3492,3478,3116.606198,38128,1
3493,3479,3116.617333,38139,1
3494,3480,3116.628467,38150,1
3495,3481,3116.639604,38161,1
3496,3482,3116.650740,38172,1
3497,3483,3116.661876,38183,1
3498,3484,3116.673010,38194,1
3499,3485,3116.684146,38205,1
3500,3486,3116.695282,38216,1
3501,3487,3116.706417,38227,1
3502,3488,3116.717553,38238,1
3503,3489,3116.728687,38249,1
3504,3490,3116.739824,38260,1
3505,3491,3116.750957,38271,1
3506,3492,3116.762099,38282,1
3507,3493,3116.773230,38293,1
3508,3494,3116.784365,38304,1
3509,3495,3116.795501,38315,1
3510,3496,3116.806636,38326,1
3511,3497,3116.817770,38337,1
3512,3498,3116.828907,38348,1
3513,3499,3116.840043,38359,1
3514,3500,3116.851177,38370,1
3515,3501,3116.862312,38381,1
3516,3502,3116.873450,38392,1
3517,3503,3116.884585,38403,1
3518,3504,3116.895721,38414,1
3519,3505,3116.906855,38425,1
3520,3506,3116.917992,38436,1
3521,3507,3116.929125,38447,1
3522,3508,3116.940263,38458,1
3523,3509,3116.951398,38469,1
3524,3510,3116.962532,38480,1
3525,3511,3116.973670,38491,1
3526,3512,3116.984805,38502,1
3527,3513,3116.995940,38513,1
3528,3514,3117.007075,38524,1
3529,3515,3117.018209,38535,1
3530,3516,3117.029345,38546,1
3531,3517,3117.040482,38557,1
3532,3518,3117.051618,38568,1
3533,3519,3117.062753,38579,1
3534,3520,3117.073888,38590,1
3535,3521,3117.085023,38601,1
3536,3522,3117.096160,38612,1
3537,3523,3117.107295,38623,1
3538,3524,3117.118430,38634,1
3539,3525,3117.129564,38645,1
3540,3526,3117.140700,38656,1
3541,3527,3117.151837,38667,1
3542,3528,3117.162972,38678,1
3543,3529,3117.174106,38689,1
3544,3530,3117.185242,38700,1
3545,3531,3117.196377,38711,1
3546,3532,3117.207513,38722,1
3547,3533,3117.218651,38733,1
3548,3534,3117.229785,38744,1
3549,3535,3117.240922,38755,1
3550,3536,3117.252058,38766,1
3551,3537,3117.263192,38777,1
3552,3538,3117.274327,38788,1
3553,3539,3117.285463,38799,1
3554,3540,3117.296598,38810,1
3555,3541,3117.307734,38821,1
3556,3542,3117.318869,38832,1
3557,3543,3117.330004,38843,1
3558,3544,3117.341140,38854,1
3559,3545,3117.352276,38865,1
3560,3546,3117.363410,38876,1
3561,3547,3117.374547,38887,1
3562,3548,3117.385682,38898,1
3563,3549,3117.396816,38907,1
3564,3550,3117.407953,38918,1
3565,3551,3117.419096,38929,1
3566,3552,3117.430225,38940,1
3567,3553,3117.441361,38951,1
3568,3554,3117.452494,38962,1
3569,3555,3117.463631,38973,1
3570,3556,3117.474765,38984,1
3571,3557,3117.485900,38995,1
3572,3558,3117.497037,39006,1
3573,3559,3117.507161,39016,1
3574,3560,3117.518297,39027,1
3575,3561,3117.529430,39038,1
3576,3562,3117.540928,39058,0
3577,3563,3117.551701,39058,1
3578,3564,3117.562838,39069,1
3579,3565,3117.573973,39080,1
3580,-1,3117.585109,39091,1
3581,3566,3117.596244,39102,1
3582,3567,3117.607379,39113,1
3583,3568,3117.618514,39124,1
3584,3569,3117.629652,39135,1
3585,3570,3117.640786,39146,1
3586,3571,3117.651922,39157,1
3587,3572,3117.663056,39168,1
3588,3573,3117.674192,39179,1
3589,3574,3117.685328,39190,1
3590,3575,3117.696464,39201,1
3591,3576,3117.707600,39212,1
3592,3577,3117.718735,39223,1
3593,3578,3117.729871,39234,1
3594,3579,3117.741004,39245,1
3595,3580,3117.752142,39256,1
3596,3581,3117.763278,39267,1
3597,3582,3117.774412,39278,1
3598,3583,3117.785549,39289,1
3599,3584,3117.796683,39300,1
3600,3585,3117.807819,39311,1
3601,3586,3117.818954,39322,1
3602,3587,3117.830098,39333,1
3603,-1,3117.841226,39342,1
3604,3588,3117.852360,39353,1
3605,3589,3117.863495,39364,1
3606,3590,3117.874632,39375,1
3607,3591,3117.885766,39386,1
3608,3592,3117.896904,39397,1
3609,3593,3117.908038,39408,1
3610,3594,3117.919172,39419,1
3611,3595,3117.930310,39430,1
3612,3596,3117.941445,39441,1
3613,3597,3117.952579,39452,1
3614,3598,3117.963716,39463,1
3615,3599,3117.974850,39474,1
3616,3600,3117.985986,39485,1
3617,3601,3117.997122,39496,1
3618,3602,3118.008258,39507,1
3619,3603,3118.019394,39518,1
3620,3604,3118.030528,39529,1
3621,3605,3118.041664,39540,1
3622,3606,3118.052798,39551,1
3623,3607,3118.063934,39562,1
3624,3608,3118.075071,39573,1
3625,3609,3118.086205,39584,1
3626,3610,3118.097342,39595,1
3627,3611,3118.108475,39606,1
3628,3612,3118.119612,39617,1
3629,3613,3118.130748,39628,1
3630,3614,3118.141884,39637,1
3631,3615,3118.153020,39646,1
3632,3616,3118.164153,39657,1
3633,3617,3118.175289,39668,1
3634,3618,3118.186426,39679,1
3635,3619,3118.197560,39690,1
3636,3620,3118.208695,39701,1
3637,3621,3118.219833,39712,1
3638,3622,3118.230969,39723,1
3639,3623,3118.242102,39734,1
3640,3624,3118.253240,39745,1
3641,3625,3118.264374,39756,1
3642,3626,3118.275508,39767,1
3643,3627,3118.286646,39778,1
3644,3628,3118.297780,39789,1
3645,3629,3118.308916,39800,1
3646,3630,3118.320053,39811,1
3647,3631,3118.331188,39822,1
3648,3632,3118.342322,39833,1
3649,3633,3118.353457,39844,1
3650,3634,3118.364595,39855,1
3651,3635,3118.375730,39866,1
3652,3636,3118.386863,39877,1
3653,3637,3118.397999,39888,1
3654,3638,3118.409135,39899,1
3655,3639,3118.420270,39910,1
3656,3640,3118.431407,39921,1
3657,3641,3118.442543,39932,1
3658,3642,3118.453678,39943,1
3659,3643,3118.464814,39954,1
3660,3644,3118.475948,39965,1
3661,3645,3118.487095,39976,1
3662,3646,3118.498218,39987,1
3663,3647,3118.509354,39998,1
3664,3648,3118.520491,40009,1
3665,3649,3118.531625,40020,1
3666,3650,3118.542762,40031,1
3667,3651,3118.553896,40042,1
3668,3652,3118.565033,40053,1
3669,3653,3118.576167,40064,1
3670,3654,3118.587304,40075,1
3671,3655,3118.598437,40086,1
3672,3656,3118.609573,40097,1
3673,3657,3118.620709,40108,1
3674,3658,3118.631845,40119,1
3675,3659,3118.642980,40130,1
3676,3660,3118.654117,40141,1
3677,3661,3118.665251,40150,1
3678,3662,3118.676388,40161,1
3679,3663,3118.687522,40172,1
3680,3664,3118.698659,40183,1
3681,3665,3118.709795,40194,1
3682,3666,3118.720930,40205,1
3683,3667,3118.732064,40216,1
3684,3668,3118.743199,40227,1
3685,3669,3118.754336,40238,1
3686,3670,3118.765471,40247,1
3687,3671,3118.776607,40258,1
3688,3672,3118.787742,40269,1
3689,3673,3118.798877,40280,1
3690,3674,3118.810014,40291,1
3691,3675,3118.821150,40302,1
3692,3676,3118.832283,40313,1
3693,3677,3118.843420,40324,1
3694,3678,3118.854554,40335,1
3695,3679,3118.865691,40346,1
3696,3680,3118.876826,40357,1
3697,3681,3118.887963,40368,1
3698,3682,3118.899099,40379,1
3699,3683,3118.910234,40388,1
3700,3684,3118.921367,40399,1
3701,3685,3118.932503,40410,1
3702,3686,3118.943640,40421,1
3703,3687,3118.954774,40432,1
3704,3688,3118.964897,40442,1
3705,3689,3118.976035,40453,1
3706,3690,3118.987168,40464,1
3707,3691,3118.998304,40475,1
3708,3692,3119.009439,40486,1
3709,3693,3119.020576,40497,1
3710,3694,3119.031711,40508,1
3711,3695,3119.042845,40519,1
3712,3696,3119.053982,40530,1
3713,3697,3119.065118,40541,1
3714,3698,3119.076254,40552,1
3715,3699,3119.087388,40563,1
3716,3700,3119.098523,40574,1
3717,3701,3119.109660,40585,1
3718,3702,3119.120796,40596,1
3719,3703,3119.131931,40607,1
3720,3704,3119.143067,40618,1
3721,3705,3119.154202,40629,1
3722,3706,3119.165338,40640,1
3723,3707,3119.176473,40651,1
3724,3708,3119.187607,40662,1
3725,3709,3119.198744,40673,1
3726,3710,3119.209880,40684,1
3727,3711,3119.221016,40695,1
3728,3712,3119.232149,40706,1
3729,3713,3119.243286,40717,1
3730,3714,3119.254420,40728,1
3731,3715,3119.265558,40739,1
3732,3716,3119.276692,40750,1
3733,3717,3119.287829,40761,1
3734,3718,3119.298963,40772,1
3735,3719,3119.310100,40783,1
3736,3720,3119.321235,40794,1
3737,3721,3119.332370,40805,1
3738,3722,3119.343505,40816,1
3739,3723,3119.354640,40827,1
3740,3724,3119.365776,40838,1
3741,3725,3119.376911,40849,1
3742,3726,3119.388047,40860,1
3743,3727,3119.399182,40871,1
3744,3728,3119.410317,40882,1
3745,3729,3119.421454,40893,1
3746,3730,3119.432588,40904,1
3747,3731,3119.443723,40915,1
3748,3732,3119.454861,40926,1
3749,3733,3119.465997,40937,1
3750,3734,3119.477131,40948,1
3751,3735,3119.488268,40959,1
3752,3736,3119.499402,40970,1
3753,3737,3119.510537,40981,1
3754,3738,3119.521672,40992,1
3755,3739,3119.532809,41003,1
3756,3740,3119.543944,41014,1
3757,3741,3119.555078,41025,1
3758,3742,3119.566216,41036,1
3759,3743,3119.577349,41047,1
3760,3744,3119.588487,41058,1
3761,3745,3119.599621,41069,1
3762,3746,3119.610757,41080,1
3763,3747,3119.621893,41091,1
3764,3748,3119.633028,41102,1
3765,3749,3119.644164,41113,1
3766,3750,3119.655300,41124,1
3767,3751,3119.666435,41135,1
3768,3752,3119.677570,41146,1
3769,3753,3119.688706,41157,1
3770,3754,3119.699842,41168,1
3771,3755,3119.710975,41179,1
3772,3756,3119.722111,41190,1
3773,3757,3119.733247,41201,1
3774,3758,3119.744384,41212,1
3775,3759,3119.755517,41223,1
3776,3760,3119.766652,41234,1
3777,3761,3119.777789,41245,1
3778,3762,3119.788925,41256,1
3779,3763,3119.800061,41267,1
3780,3764,3119.811195,41278,1
3781,3765,3119.822332,41289,1
3782,3766,3119.833467,41300,1
3783,3767,3119.844602,41311,1
3784,3768,3119.855739,41322,1
3785,3769,3119.866872,41333,1
3786,3770,3119.878007,41344,1
3787,3771,3119.889143,41355,1
3788,3772,3119.900280,41366,1
3789,3773,3119.911414,41377,1
3790,3774,3119.922550,41388,1
3791,3775,3119.933685,41399,1
3792,3776,3119.944821,41410,1
3793,3777,3119.955958,41421,1
3794,3778,3119.967100,41432,1
3795,3779,3119.978229,41441,1
3796,3780,3119.989364,41452,1
3797,3781,3120.000498,41463,1
3798,3782,3120.011635,41474,1
3799,3783,3120.022771,41485,1
3800,3784,3120.033904,41496,1
3801,3785,3120.045041,41507,1
3802,3786,3120.056175,41518,1
3803,3787,3120.067311,41529,1
3804,3788,3120.078447,41540,1
3805,3789,3120.089584,41551,1
3806,3790,3120.100718,41562,1
3807,3791,3120.111853,41573,1
3808,3792,3120.122991,41584,1
3809,3793,3120.134125,41595,1
3810,3794,3120.145262,41606,1
3811,3795,3120.156396,41617,1
3812,3796,3120.167530,41628,1
3813,3797,3120.178668,41639,1
3814,3798,3120.189803,41650,1
3815,3799,3120.200939,41661,1
3816,3800,3120.212074,41672,1
3817,3801,3120.223208,41683,1
3818,3802,3120.234345,41694,1
3819,3803,3120.245479,41705,1
3820,3804,3120.256616,41716,1
3821,3805,3120.267752,41727,1
3822,3806,3120.278887,41738,1
3823,3807,3120.290022,41749,1
3824,3808,3120.301159,41760,1
3825,3809,3120.312294,41771,1
3826,3810,3120.323429,41782,1
3827,3811,3120.334565,41793,1
3828,3812,3120.345699,41804,1
3829,3813,3120.356835,41815,1
3830,3814,3120.367971,41826,1
3831,3815,3120.379105,41837,1
3832,3816,3120.390240,41848,1
3833,3817,3120.401376,41859,1
3834,3818,3120.412511,41870,1
3835,3819,3120.423647,41881,1
3836,3820,3120.433772,41891,1
3837,3821,3120.444906,41902,1
3838,3822,3120.456041,41913,1
3839,3823,3120.467178,41924,1
3840,3824,3120.478313,41935,1
3841,3825,3120.489449,41946,1
3842,3826,3120.500584,41957,1
3843,3827,3120.511720,41968,1
3844,3828,3120.522854,41979,1
3845,3829,3120.533992,41990,1
3846,3830,3120.545126,42001,1
3847,3831,3120.556262,42012,1
3848,3832,3120.567398,42023,1
3849,3833,3120.578534,42034,1
3850,3834,3120.589668,42045,1
3851,3835,3120.600804,42056,1
3852,3836,3120.611940,42067,1
3853,3837,3120.623073,42078,1
3854,3838,3120.634209,42089,1
3855,3839,3120.645346,42100,1
3856,3840,3120.656482,42111,1
3857,3841,3120.667615,42122,1
3858,3842,3120.678753,42133,1
3859,3843,3120.689888,42144,1
3860,3844,3120.701024,42155,1
3861,3845,3120.712159,42166,1
3862,3846,3120.723293,42176,1
3863,3847,3120.734431,42187,1
3864,3848,3120.745564,42198,1
3865,3849,3120.756701,42209,1
3866,3850,3120.767835,42220,1
3867,3851,3120.778972,42231,1
3868,3852,3120.790108,42242,1
3869,3853,3120.801242,42253,1
3870,3854,3120.812379,42264,1
3871,3855,3120.823514,42275,1
3872,3856,3120.834650,42286,1
3873,3857,3120.845785,42297,1
3874,3858,3120.856920,42308,1
3875,3859,3120.868055,42319,1
3876,3860,3120.879190,42330,1
3877,3861,3120.890327,42341,1
3878,3862,3120.901461,42352,1
3879,3863,3120.912598,42363,1
3880,3864,3120.923734,42374,1
3881,3865,3120.934867,42385,1
3882,3866,3120.946005,42396,1
3883,3867,3120.957140,42407,1
3884,3868,3120.968274,42418,1
3885,3869,3120.979411,42429,1
3886,3870,3120.990546,42440,1
3887,3871,3121.001682,42451,1
3888,3872,3121.012818,42462,1
3889,3873,3121.023953,42473,1
3890,3874,3121.035098,42484,1
3891,3875,3121.046222,42495,1
3892,3876,3121.057358,42506,1
3893,3877,3121.068494,42517,1
3894,3878,3121.079630,42528,1
3895,3879,3121.090764,42539,1
3896,3880,3121.101900,42550,1
3897,3881,3121.113038,42561,1
3898,3882,3121.124173,42572,1
3899,3883,3121.135307,42583,1
3900,3884,3121.146443,42594,1
3901,3885,3121.157578,42605,1
3902,3886,3121.168713,42616,1
3903,3887,3121.179850,42627,1
3904,3888,3121.190985,42638,1
3905,3889,3121.202120,42649,1
3906,3890,3121.213256,42660,1
3907,3891,3121.224392,42671,1
3908,3892,3121.235527,42682,1
3909,3893,3121.246663,42693,1
3910,3894,3121.257798,42704,1
3911,3895,3121.268935,42715,1
3912,3896,3121.280069,42726,1
3913,3897,3121.291203,42737,1
3914,3898,3121.302340,42748,1
3915,3899,3121.313475,42759,1
3916,3900,3121.324612,42770,1
3917,3901,3121.335747,42781,1
3918,3902,3121.346882,42792,1
3919,3903,3121.358016,42803,1
3920,3904,3121.369154,42814,1
3921,3905,3121.380288,42825,1
3922,3906,3121.391423,42836,1
3923,3907,3121.402559,42847,1
3924,3908,3121.413695,42858,1
3925,3909,3121.424830,42869,1
3926,3910,3121.435966,42880,1
3927,3911,3121.447106,42891,1
3928,3912,3121.458237,42902,1
3929,3913,3121.469372,42913,1
3930,3914,3121.480508,42924,1
3931,3915,3121.491643,42935,1
3932,3916,3121.502780,42946,1
3933,3917,3121.513915,42957,1
3934,3918,3121.525049,42968,1
3935,3919,3121.536184,42979,1
3936,3920,3121.547319,42990,1
3937,3921,3121.558457,43001,1
3938,3922,3121.569592,43012,1
3939,3923,3121.580726,43023,1
3940,3924,3121.591864,43034,1
3941,3925,3121.602999,43045,1
3942,3926,3121.614133,43056,1
3943,3927,3121.625270,43067,1
3944,3928,3121.636405,43078,1
3945,3929,3121.647541,43089,1
3946,3930,3121.658675,43100,1
3947,3931,3121.669810,43111,1
3948,3932,3121.680948,43122,1
3949,3933,3121.692082,43133,1
3950,3934,3121.703218,43144,1
3951,3935,3121.714352,43155,1
3952,3936,3121.725489,43166,1
3953,3937,3121.736623,43177,1
3954,3938,3121.747759,43188,1
3955,3939,3121.758894,43199,1
3956,3940,3121.770032,43210,1
3957,3941,3121.781168,43221,1
3958,3942,3121.792301,43232,1
3959,3943,3121.803436,43243,1
3960,3944,3121.814573,43254,1
3961,3945,3121.825708,43265,1
3962,3946,3121.836842,43276,1
3963,3947,3121.847978,43287,1
3964,3948,3121.859116,43298,1
3965,3949,3121.870251,43309,1
3966,3950,3121.881385,43320,1
3967,-1,3121.891509,43330,1
3968,3951,3121.902643,43341,1
3969,3952,3121.913779,43352,1
3970,3953,3121.924914,43363,1
3971,3954,3121.936050,43374,1
3972,3955,3121.947187,43385,1
3973,3956,3121.958322,43396,1
3974,3957,3121.969456,43407,1
3975,3958,3121.980591,43418,1
3976,3959,3121.991729,43429,1
3977,3960,3122.002865,43440,1
3978,3961,3122.014000,43451,1
3979,3962,3122.025134,43462,1
3980,3963,3122.036269,43473,1
3981,3964,3122.047407,43484,1
3982,3965,3122.058540,43495,1
3983,3966,3122.069677,43506,1
3984,3967,3122.080811,43517,1
3985,3968,3122.091949,43528,1
3986,3969,3122.103100,43539,1
3987,3970,3122.114217,43550,1
3988,3971,3122.125355,43561,1
3989,3972,3122.136490,43572,1
3990,3973,3122.147626,43583,1
3991,3974,3122.158761,43594,1
3992,3975,3122.169897,43605,1
3993,3976,3122.181032,43616,1
3994,3977,3122.192166,43627,1
3995,3978,3122.203303,43638,1
3996,3979,3122.214439,43649,1
3997,3980,3122.225573,43660,1
3998,3981,3122.236710,43671,1
3999,3982,3122.247845,43682,1
4000,3983,3122.258981,43693,1
4001,3984,3122.270116,43704,1
4002,3985,3122.281252,43715,1
4003,3986,3122.292386,43726,1
4004,3987,3122.303521,43737,1
4005,3988,3122.314658,43748,1
4006,3989,3122.325793,43759,1
4007,3990,3122.336927,43770,1
4008,3991,3122.348065,43781,1
4009,3992,3122.359200,43792,1
4010,3993,3122.370335,43803,1
4011,3994,3122.381469,43814,1
4012,3995,3122.392605,43825,1
4013,3996,3122.403741,43836,1
4014,3997,3122.414877,43847,1
4015,3998,3122.426013,43858,1
4016,3999,3122.437148,43869,1
4017,4000,3122.448284,43880,1
4018,4001,3122.459420,43891,1
4019,4002,3122.470555,43902,1
4020,4003,3122.481690,43913,1
4021,4004,3122.492824,43924,1
4022,4005,3122.503962,43935,1
4023,4006,3122.515006,43935,0
4024,4007,3122.526231,43955,1
4025,4008,3122.537368,43966,1
4026,4009,3122.548504,43977,1
4027,4010,3122.559637,43988,1
4028,4011,3122.570772,43999,1
4029,4012,3122.581909,44010,1
4030,4014,3122.593046,44021,1
4031,-1,3122.604181,44032,1
4032,4015,3122.615315,44043,1
4033,4016,3122.626451,44054,1
4034,4017,3122.637588,44065,1
4035,4018,3122.648721,44076,1
4036,4019,3122.659858,44087,1
4037,4020,3122.670994,44098,1
4038,4021,3122.682128,44109,1
4039,4022,3122.693265,44118,1
4040,4023,3122.704401,44129,1
4041,4024,3122.715534,44140,1
4042,4025,3122.726672,44151,1
4043,4026,3122.737807,44162,1
4044,4027,3122.748942,44173,1
4045,4028,3122.760076,44184,1
4046,4029,3122.771213,44195,1
4047,4030,3122.782347,44206,1
4048,4031,3122.793483,44217,1
4049,4032,3122.804618,44228,1
4050,4033,3122.815756,44239,1
4051,4034,3122.826889,44250,1
4052,4035,3122.838026,44261,1
4053,4036,3122.849161,44272,1
4054,4037,3122.860298,44283,1
4055,4038,3122.871433,44294,1
4056,4039,3122.882568,44305,1
4057,4040,3122.893704,44316,1
4058,4041,3122.904838,44327,1
4059,4042,3122.915974,44338,1
4060,4043,3122.927110,44349,1
4061,4044,3122.938244,44360,1
4062,4045,3122.949379,44371,1
4063,4046,3122.960516,44382,1
4064,4047,3122.971650,44393,1
4065,4048,3122.982788,44404,1
4066,4049,3122.993922,44415,1
4067,4050,3123.005058,44426,1
4068,4051,3123.016193,44437,1
4069,4052,3123.027329,44448,1
4070,4053,3123.038465,44459,1
4071,4054,3123.049600,44470,1
4072,4055,3123.060736,44481,1
4073,4056,3123.071870,44492,1
4074,4057,3123.083007,44503,1
4075,4058,3123.094140,44514,1
4076,4059,3123.105279,44525,1
4077,4060,3123.116411,44536,1
4078,4061,3123.127547,44547,1
4079,4062,3123.138682,44558,1
4080,4063,3123.149820,44569,1
4081,4064,3123.160953,44580,1
4082,4065,3123.172103,44591,1
4083,4066,3123.183227,44602,1
4084,4067,3123.194361,44613,1
4085,4068,3123.205497,44624,1
4086,4069,3123.216633,44635,1
4087,4070,3123.227768,44646,1
4088,4071,3123.238903,44657,1
4089,4072,3123.250037,44668,1
4090,4073,3123.261174,44679,1
4091,4074,3123.272309,44690,1
4092,4075,3123.283446,44701,1
4093,4076,3123.294581,44712,1
4094,4077,3123.305715,44723,1
4095,4078,3123.316853,44734,1
4096,4079,3123.327988,44745,1
4097,4080,3123.339121,44756,1
4098,4081,3123.349246,44766,1
4099,4082,3123.360382,44777,1
4100,4083,3123.371517,44788,1
4101,4084,3123.382651,44799,1
4102,4085,3123.393787,44810,1
4103,4086,3123.404922,44821,1
4104,4087,3123.416058,44832,1
4105,4088,3123.427195,44843,1
4106,4089,3123.438329,44854,1
4107,4090,3123.449464,44865,1
4108,4091,3123.460602,44876,1
4109,4092,3123.471735,44887,1
4110,4093,3123.482872,44898,1
4111,4094,3123.494006,44909,1
4112,4095,3123.505144,44920,1
4113,4096,3123.516278,44931,1
4114,4097,3123.527626,44949,0
4115,4098,3123.538548,44949,1
4116,4099,3123.549685,44960,1
4117,4100,3123.560819,44971,1
4118,4101,3123.571957,44982,1
4119,4102,3123.583097,44993,1
4120,4103,3123.594228,45004,1
4121,4104,3123.605361,45015,1
4122,4105,3123.616496,45026,1
4123,4106,3123.627634,45037,1
4124,4107,3123.638769,45048,1
4125,4108,3123.649904,45059,1
4126,4109,3123.661040,45070,1
4127,4110,3123.672175,45081,1
4128,4111,3123.683311,45092,1
4129,4112,3123.694446,45103,1
4130,4113,3123.705581,45114,1
4131,4114,3123.716717,45125,1
4132,4115,3123.727853,45136,1
4133,4116,3123.738989,45147,1
4134,4117,3123.750124,45158,1
4135,4118,3123.761260,45169,1
4136,4119,3123.772393,45180,1
4137,4120,3123.783529,45191,1
4138,4121,3123.794665,45202,1
4139,4122,3123.805800,45213,1
4140,4123,3123.816936,45224,1
4141,4124,3123.828071,45235,1
4142,4125,3123.839207,45246,1
4143,4126,3123.850344,45257,1
4144,4127,3123.861478,45268,1
4145,4128,3123.872615,45279,1
4146,4129,3123.883750,45290,1
4147,4130,3123.894886,45301,1
4148,4131,3123.906019,45312,1
4149,4132,3123.917155,45323,1
4150,4133,3123.928291,45334,1
4151,4134,3123.939426,45345,1
4152,4135,3123.950561,45356,1
4153,4136,3123.961697,45367,1
4154,4137,3123.972833,45378,1
4155,4138,3123.983968,45389,1
4156,4139,3123.995105,45400,1
4157,4140,3124.006239,45411,1
4158,4141,3124.017375,45422,1
4159,4142,3124.028512,45433,1
4160,4143,3124.039647,45444,1
4161,4144,3124.050783,45455,1
4162,4145,3124.061918,45466,1
4163,4146,3124.073055,45477,1
4164,4147,3124.084188,45488,1
4165,4148,3124.095325,45499,1
4166,4149,3124.106458,45510,1
4167,4150,3124.117594,45521,1
4168,4151,3124.128731,45532,1
4169,4152,3124.139865,45543,1
4170,4153,3124.151000,45554,1
4171,4154,3124.162137,45565,1
4172,4155,3124.173271,45576,1
4173,4156,3124.184407,45587,1
4174,4157,3124.195543,45598,1
4175,4158,3124.206679,45609,1
4176,4159,3124.217814,45620,1
4177,4160,3124.228950,45631,1
4178,4161,3124.240095,45642,1
4179,4162,3124.251221,45653,1
4180,4163,3124.262355,45664,1
4181,4164,3124.273491,45675,1
4182,4165,3124.284627,45686,1
4183,4166,3124.295762,45697,1
4184,4167,3124.306899,45708,1
4185,4168,3124.318034,45719,1
4186,4169,3124.329168,45730,1
4187,4170,3124.340305,45741,1
4188,4171,3124.351439,45752,1
4189,4172,3124.362576,45763,1
4190,4173,3124.373711,45774,1
4191,4174,3124.384847,45785,1
4192,4175,3124.395982,45796,1
4193,4176,3124.407118,45807,1
4194,4177,3124.418253,45818,1
4195,4178,3124.429389,45829,1
4196,4179,3124.440524,45840,1
4197,4180,3124.451660,45851,1
4198,4181,3124.462793,45862,1
4199,4182,3124.473930,45873,1
4200,4183,3124.485067,45884,1
4201,4184,3124.496202,45895,1
4202,4185,3124.507336,45906,1
4203,4186,3124.518473,45917,1
4204,4187,3124.529608,45928,1
4205,4188,3124.540743,45939,1
4206,4189,3124.551879,45950,1
4207,4190,3124.563015,45961,1
4208,4191,3124.574149,45972,1
4209,4192,3124.585286,45983,1
4210,4193,3124.596422,45994,1
4211,4194,3124.607557,46005,1
4212,4195,3124.618692,46016,1
4213,4196,3124.629826,46027,1
4214,4197,3124.640963,46038,1
4215,4198,3124.652099,46049,1
4216,4199,3124.663235,46060,1
4217,4200,3124.674369,46071,1
4218,4201,3124.685504,46082,1
4219,4202,3124.696640,46093,1
4220,4203,3124.707775,46104,1
4221,4204,3124.718911,46115,1
4222,4205,3124.730047,46126,1
4223,4206,3124.741183,46137,1
4224,4207,3124.752319,46148,1
4225,4208,3124.763453,46159,1
4226,4209,3124.774588,46170,1
4227,4210,3124.785724,46181,1
4228,4211,3124.796860,46192,1
4229,4212,3124.807996,46203,1
4230,4213,3124.818117,46213,1
4231,4214,3124.829254,46224,1
4232,4215,3124.840389,46235,1
4233,4216,3124.851524,46246,1
4234,4217,3124.862660,46257,1
4235,4218,3124.873796,46268,1
4236,4219,3124.884931,46279,1
4237,4220,3124.896068,46290,1
4238,4221,3124.907203,46301,1
4239,4222,3124.918337,46312,1
4240,4223,3124.929475,46323,1
4241,4224,3124.940609,46334,1
4242,4225,3124.951744,46345,1
4243,4226,3124.962880,46356,1
4244,4227,3124.974015,46367,1
4245,4228,3124.985151,46378,1
4246,4229,3124.996287,46389,1
4247,4230,3125.007423,46400,1
4248,4231,3125.018559,46411,1
4249,4232,3125.029692,46422,1
4250,4233,3125.040829,46433,1
4251,4234,3125.051962,46444,1
4252,4235,3125.063098,46455,1
4253,4236,3125.074235,46466,1
4254,4237,3125.085370,46477,1
4255,4238,3125.096505,46488,1
4256,4239,3125.107640,46499,1
4257,4240,3125.118776,46510,1
4258,4241,3125.129912,46521,1
4259,4242,3125.141049,46532,1
4260,4243,3125.152184,46543,1
4261,4244,3125.163319,46552,1
4262,4245,3125.174455,46563,1
4263,4246,3125.185591,46574,1
4264,4247,3125.196725,46585,1
4265,4248,3125.207862,46596,1
4266,4249,3125.218997,46607,1
4267,4250,3125.230131,46618,1
4268,4251,3125.241267,46629,1
4269,4252,3125.252403,46640,1
4270,4253,3125.263537,46651,1
