timestamp_s,x_m,y_m,z_m,pixel_u,pixel_v,confidence,snr,circularity,depth_source,detected
1777902005.117613,-0.316553,0.115186,2.627000,369.873413,260.373413,0.604069,2.823055,0.869020,depth,1
1777902005.128740,-0.315564,0.115161,2.617000,369.837677,260.441559,0.595096,2.814399,0.847019,depth,1
1777902005.139867,-0.315564,0.115161,2.617000,369.837677,260.441559,0.595279,2.823590,0.847019,depth,1
1777902005.150995,-0.316260,0.115776,2.622000,369.822357,260.506592,0.590593,2.809285,0.836019,depth,1
1777902005.162122,-0.312429,0.114017,2.591000,369.837677,260.441559,0.595341,2.826677,0.847019,depth,1
1777902005.173249,-0.313032,0.114237,2.596000,369.837677,260.441559,0.595173,2.818244,0.847019,depth,1
1777902005.184377,-0.316770,0.115601,2.627000,369.837677,260.441559,0.595118,2.815531,0.847019,depth,1
1777902005.195504,-0.314994,0.114457,2.612000,369.832245,260.361664,0.605049,2.823133,0.871465,depth,1
1777902005.206631,-0.314238,0.114677,2.606000,369.837677,260.441559,0.595366,2.827902,0.847019,depth,1
1777902005.217760,-0.314961,0.114941,2.612000,369.837677,260.441559,0.595216,2.820439,0.847019,depth,1
1777902005.228886,-0.313437,0.113785,2.596000,369.770416,260.366455,0.600426,2.819824,0.860073,depth,1
1777902005.240014,-0.316770,0.115601,2.627000,369.837677,260.441559,0.595133,2.816277,0.847019,depth,1
1777902005.251142,-0.316167,0.115381,2.622000,369.837677,260.441559,0.595066,2.812896,0.847019,depth,1
1777902005.262269,-0.315202,0.115127,2.617000,369.897430,260.435883,0.599816,2.830420,0.858019,depth,1
1777902005.273396,-0.313032,0.114237,2.596000,369.837677,260.441559,0.594901,2.804659,0.847019,depth,1
1777902005.284523,-0.318700,0.116305,2.643000,369.837677,260.441559,0.595283,2.823749,0.847019,depth,1
1777902005.295651,-0.311223,0.113577,2.581000,369.837677,260.441559,0.594903,2.804774,0.847019,depth,1
1777902005.306778,-0.313032,0.114237,2.596000,369.837677,260.441559,0.595105,2.814851,0.847019,depth,1
1777902005.317905,-0.311223,0.113577,2.581000,369.837677,260.441559,0.595317,2.825445,0.847019,depth,1
1777902005.329033,-0.310653,0.112880,2.576000,369.832245,260.361664,0.604909,2.816152,0.871465,depth,1
1777902005.340160,-0.319302,0.116525,2.648000,369.837677,260.441559,0.595294,2.824304,0.847019,depth,1
1777902005.351287,-0.315202,0.115127,2.617000,369.897430,260.435883,0.599932,2.836219,0.858019,depth,1
1777902005.362415,-0.317494,0.115865,2.633000,369.837677,260.441559,0.595023,2.810750,0.847019,depth,1
1777902005.373542,-0.313207,0.113378,2.596000,369.808594,260.298920,0.609434,2.814582,0.882856,depth,1
1777902005.384670,-0.315564,0.115161,2.617000,369.837677,260.441559,0.595534,2.836311,0.847019,depth,1
1777902005.395797,-0.312817,0.113827,2.596000,369.873413,260.373413,0.604262,2.832693,0.869020,depth,1
1777902005.406924,-0.315367,0.114649,2.617000,369.870117,260.357147,0.594699,2.794563,0.847019,depth,1
1777902005.418051,-0.317180,0.115144,2.627000,369.770416,260.366455,0.600641,2.830602,0.860073,depth,1
1777902005.429180,-0.316167,0.115381,2.622000,369.837677,260.441559,0.595209,2.820053,0.847019,depth,1
1777902005.440307,-0.319302,0.116525,2.648000,369.837677,260.441559,0.595036,2.811430,0.847019,depth,1
1777902005.451434,-0.316770,0.115601,2.627000,369.837677,260.441559,0.595092,2.814197,0.847019,depth,1
1777902005.462562,-0.318700,0.116305,2.643000,369.837677,260.441559,0.595286,2.823920,0.847019,depth,1
1777902005.473689,-0.316167,0.115381,2.622000,369.837677,260.441559,0.595526,2.835936,0.847019,depth,1
1777902005.484816,-0.315804,0.115347,2.622000,369.897430,260.435883,0.599884,2.833817,0.858019,depth,1
1777902005.495944,-0.312672,0.114203,2.596000,369.897430,260.435883,0.599600,2.819637,0.858019,depth,1
1777902005.507071,-0.317129,0.115830,2.633000,369.897430,260.435883,0.599745,2.826874,0.858019,depth,1
1777902005.518198,-0.316553,0.115186,2.627000,369.873413,260.373413,0.604013,2.820278,0.869020,depth,1
1777902005.529326,-0.314994,0.114457,2.612000,369.832245,260.361664,0.604635,2.802474,0.871465,depth,1
1777902005.540453,-0.317276,0.115449,2.633000,369.873413,260.373413,0.603835,2.811349,0.869020,depth,1
1777902005.551580,-0.310951,0.113149,2.581000,369.883118,260.370117,0.595584,2.838808,0.847019,depth,1
1777902005.562708,-0.317382,0.115926,2.638000,369.954559,260.415588,0.595258,2.822535,0.847019,depth,1
1777902005.573835,-0.312571,0.113636,2.591000,369.814117,260.378204,0.599842,2.831721,0.858019,depth,1
1777902005.584962,-0.312441,0.113424,2.596000,369.935822,260.306427,0.599000,2.837905,0.855605,depth,1
1777902005.596090,-0.318815,0.115706,2.643000,369.818756,260.343750,0.608968,2.848026,0.880020,depth,1
1777902005.607218,-0.313385,0.113330,2.606000,369.978760,260.218689,0.590343,2.830176,0.834348,depth,1
1777902005.618345,-0.316883,0.114462,2.638000,370.036102,260.176208,0.614971,3.227484,0.876052,depth,1
1777902005.629473,-0.315231,0.114430,2.622000,369.991608,260.285126,0.594643,2.832625,0.844976,depth,1
1777902005.640600,-0.316933,0.115322,2.633000,369.929474,260.352570,0.599969,2.838082,0.858019,depth,1
1777902005.651726,-0.317989,0.115155,2.638000,369.855255,260.289459,0.590940,2.826645,0.836019,depth,1
1777902005.662855,-0.317587,0.115459,2.633000,369.822357,260.375000,0.590789,2.819083,0.836019,depth,1
1777902005.673982,-0.314377,0.114016,2.612000,369.934174,260.288757,0.590491,2.837617,0.834348,depth,1
1777902005.685109,-0.315609,0.114840,2.622000,369.929474,260.352570,0.600103,2.844784,0.858019,depth,1
1777902005.696237,-0.309805,0.112731,2.571000,369.873413,260.373413,0.604430,2.841128,0.869020,depth,1
1777902005.707364,-0.314997,0.114871,2.617000,369.931244,260.393738,0.609128,2.856026,0.880020,depth,1
1777902005.718491,-0.309727,0.112950,2.576000,369.987335,260.373413,0.604719,2.855535,0.869020,depth,1
1777902005.729618,-0.308974,0.113103,2.571000,370.012817,260.435883,0.600532,2.866229,0.858019,depth,1
1777902005.740746,-0.309574,0.113323,2.576000,370.012817,260.435883,0.599807,2.829972,0.858019,depth,1
1777902005.751873,-0.315103,0.115347,2.622000,370.012817,260.435883,0.599545,2.816845,0.858019,depth,1
1777902005.763000,-0.309213,0.112911,2.576000,370.073364,260.366882,0.594755,2.838231,0.844976,depth,1
1777902005.774128,-0.316655,0.115628,2.638000,370.073364,260.366882,0.594851,2.843046,0.844976,depth,1
1777902005.785255,-0.310524,0.113421,2.581000,369.954559,260.415588,0.595495,2.834365,0.847019,depth,1
1777902005.796382,-0.309922,0.113202,2.576000,369.954559,260.415588,0.596022,2.860718,0.847019,depth,1
1777902005.807510,-0.313532,0.114520,2.606000,369.954559,260.415588,0.595814,2.850329,0.847019,depth,1
1777902005.818637,-0.316406,0.115567,2.627000,369.897430,260.435883,0.600241,2.851665,0.858019,depth,1
1777902005.829764,-0.309916,0.113441,2.576000,369.955688,260.455688,0.604434,2.841292,0.869020,depth,1
1777902005.840893,-0.315450,0.115467,2.622000,369.955688,260.455688,0.604084,2.823794,0.869020,depth,1
1777902005.852020,-0.318936,0.116490,2.648000,369.897430,260.435883,0.600119,2.845563,0.858019,depth,1
1777902005.863147,-0.314600,0.114907,2.612000,369.897430,260.435883,0.599671,2.823166,0.858019,depth,1
1777902005.874275,-0.314855,0.115003,2.617000,369.954559,260.415588,0.595427,2.830978,0.847019,depth,1
1777902005.885402,-0.313901,0.114907,2.612000,370.012817,260.435883,0.600082,2.843714,0.858019,depth,1
1777902005.896529,-0.308267,0.112168,2.561000,369.929474,260.352570,0.599945,2.836869,0.858019,depth,1
1777902005.907658,-0.309552,0.113032,2.576000,370.016571,260.387177,0.599265,2.851146,0.855605,depth,1
1777902005.918785,-0.312183,0.112895,2.596000,369.978760,260.218689,0.590625,2.844272,0.834348,depth,1
1777902005.929912,-0.318137,0.115760,2.643000,369.929474,260.352570,0.599803,2.829767,0.858019,depth,1
1777902005.941040,-0.309099,0.112455,2.571000,369.991821,260.327209,0.603949,2.872778,0.866234,depth,1
1777902005.952168,-0.309574,0.113323,2.576000,370.012817,260.435883,0.599875,2.833364,0.858019,depth,1
1777902005.963295,-0.316780,0.115707,2.633000,369.954559,260.415588,0.595159,2.817588,0.847019,depth,1
1777902005.974423,-0.316813,0.115259,2.638000,370.047607,260.306427,0.599656,2.870679,0.855605,depth,1
1777902005.985550,-0.310150,0.113005,2.581000,370.016998,260.346069,0.590880,2.857033,0.834348,depth,1
1777902005.996677,-0.315103,0.115347,2.622000,370.012817,260.435883,0.599817,2.830449,0.858019,depth,1
1777902006.007805,-0.316058,0.115443,2.627000,369.954559,260.415588,0.595401,2.829652,0.847019,depth,1
1777902006.018933,-0.313180,0.114643,2.606000,370.012817,260.435883,0.600164,2.847831,0.858019,depth,1
1777902006.030060,-0.312689,0.114114,2.596000,369.894745,260.421051,0.590692,2.814238,0.836019,depth,1
1777902006.041188,-0.317731,0.116050,2.638000,369.897430,260.435883,0.599689,2.824079,0.858019,depth,1
1777902006.052315,-0.309321,0.112982,2.571000,369.954559,260.415588,0.595577,2.838456,0.847019,depth,1
1777902006.063442,-0.309922,0.113202,2.576000,369.954559,260.415588,0.595729,2.846085,0.847019,depth,1
1777902006.074571,-0.312672,0.114203,2.596000,369.897430,260.435883,0.599932,2.836189,0.858019,depth,1
1777902006.085698,-0.308267,0.112168,2.561000,369.929474,260.352570,0.600287,2.853949,0.858019,depth,1
1777902006.096825,-0.317878,0.115668,2.638000,369.873413,260.373413,0.604461,2.842647,0.869020,depth,1
1777902006.107953,-0.316406,0.115567,2.627000,369.897430,260.435883,0.600000,2.839610,0.858019,depth,1
1777902006.119080,-0.307171,0.112443,2.556000,370.012817,260.435883,0.600208,2.850005,0.858019,depth,1
1777902006.130208,-0.314476,0.114582,2.617000,370.016998,260.346069,0.591006,2.863335,0.834348,depth,1
1777902006.141336,-0.315804,0.115347,2.622000,369.897430,260.435883,0.600030,2.841116,0.858019,depth,1
1777902006.152463,-0.310264,0.113323,2.576000,369.897430,260.435883,0.600023,2.840775,0.858019,depth,1
1777902006.163590,-0.309805,0.112731,2.571000,369.873413,260.373413,0.604115,2.825359,0.869020,depth,1
1777902006.174717,-0.314406,0.114402,2.612000,369.929474,260.352570,0.600085,2.843876,0.858019,depth,1
1777902006.185845,-0.307997,0.112073,2.556000,369.873413,260.373413,0.604188,2.828991,0.869020,depth,1
1777902006.196973,-0.314745,0.114528,2.612000,369.873413,260.373413,0.604712,2.855231,0.869020,depth,1
1777902006.208100,-0.312817,0.113827,2.596000,369.873413,260.373413,0.604502,2.844693,0.869020,depth,1
1777902006.219228,-0.313222,0.112969,2.596000,369.806091,260.230927,0.605627,2.852065,0.871465,depth,1
1777902006.230355,-0.307233,0.111270,2.546000,369.798706,260.311676,0.595567,2.837974,0.847019,depth,1
1777902006.241482,-0.306514,0.110738,2.546000,369.920441,260.221497,0.585931,2.822147,0.823719,depth,1
1777902006.252611,-0.312301,0.112905,2.591000,369.858978,260.256409,0.599663,2.822763,0.858019,depth,1
1777902006.263738,-0.310504,0.110991,2.576000,369.857147,260.045441,0.621136,3.254438,0.890119,depth,1
1777902006.274865,-0.315869,0.113758,2.617000,369.787476,260.210297,0.595892,2.820998,0.848681,depth,1
1777902006.285993,-0.310463,0.111873,2.576000,369.864105,260.193207,0.590153,2.820674,0.834348,depth,1
1777902006.297121,-0.309945,0.111742,2.571000,369.849884,260.207520,0.600420,2.819540,0.860073,depth,1
1777902006.308248,-0.313676,0.112988,2.596000,369.730682,260.234009,0.600914,2.844229,0.860073,depth,1
1777902006.319376,-0.309110,0.111324,2.561000,369.787476,260.210297,0.596150,2.833880,0.848681,depth,1
1777902006.330503,-0.310250,0.111188,2.571000,369.798706,260.114716,0.595057,2.812471,0.847019,depth,1
1777902006.341630,-0.314867,0.112711,2.612000,369.853333,260.073334,0.611453,3.232652,0.866999,depth,1
1777902006.352759,-0.314176,0.112847,2.606000,369.847870,260.138702,0.621621,3.227929,0.892656,depth,1
1777902006.363886,-0.316192,0.113301,2.617000,369.734192,260.135071,0.630707,3.202959,0.916620,depth,1
1777902006.375013,-0.317343,0.113757,2.627000,369.743591,260.138885,0.599553,2.817245,0.858019,depth,1
1777902006.386141,-0.313576,0.113402,2.596000,369.747284,260.302826,0.605134,2.827414,0.871465,depth,1
1777902006.397268,-0.318097,0.116085,2.638000,369.837677,260.441559,0.595415,2.830348,0.847019,depth,1
1777902006.408396,-0.315457,0.115223,2.622000,369.954559,260.415588,0.595393,2.829250,0.847019,depth,1
1777902006.419524,-0.317731,0.116050,2.638000,369.897430,260.435883,0.599936,2.836407,0.858019,depth,1
1777902006.430651,-0.317983,0.116146,2.643000,369.954559,260.415588,0.595406,2.829936,0.847019,depth,1
1777902006.441778,-0.308490,0.110828,2.556000,369.790283,260.163361,0.626414,3.227953,0.904638,depth,1
1777902006.452906,-0.315214,0.112546,2.612000,369.796051,260.046051,0.616512,3.254425,0.878559,depth,1
1777902006.464033,-0.314844,0.112542,2.612000,369.857147,260.045441,0.621047,3.249984,0.890119,depth,1
1777902006.475161,-0.305948,0.109641,2.541000,369.914459,260.072357,0.616475,3.252597,0.878559,depth,1
1777902006.486289,-0.310227,0.111493,2.581000,370.004242,260.093414,0.615663,3.262083,0.876052,depth,1
1777902006.497416,-0.311107,0.111206,2.581000,369.857147,260.045441,0.620779,3.236559,0.890119,depth,1
1777902006.508543,-0.310358,0.111348,2.576000,369.881592,260.105255,0.616053,3.231478,0.878559,depth,1
1777902006.519671,-0.313387,0.112931,2.606000,369.978485,260.152679,0.611429,3.273578,0.864892,depth,1
1777902006.530799,-0.311583,0.112281,2.591000,369.978485,260.152679,0.611508,3.277572,0.864892,depth,1
1777902006.541926,-0.311955,0.111788,2.591000,369.916656,260.070526,0.626256,3.279233,0.901679,depth,1
1777902006.553054,-0.306172,0.110331,2.546000,369.978485,260.152679,0.611008,3.252539,0.864892,depth,1
1777902006.564181,-0.314454,0.113026,2.612000,369.921448,260.125275,0.616179,3.287908,0.876052,depth,1
1777902006.575308,-0.310162,0.111152,2.576000,369.914459,260.072357,0.616584,3.258020,0.878559,depth,1
1777902006.586437,-0.315098,0.112921,2.617000,369.914459,260.072357,0.616318,3.244712,0.878559,depth,1
1777902006.597564,-0.310764,0.111367,2.581000,369.914459,260.072357,0.616208,3.239245,0.878559,depth,1
1777902006.608691,-0.313774,0.112446,2.606000,369.914459,260.072357,0.616118,3.234728,0.878559,depth,1
1777902006.619818,-0.311107,0.111206,2.581000,369.857147,260.045441,0.620723,3.233790,0.890119,depth,1
1777902006.630947,-0.308356,0.110504,2.561000,369.914459,260.072357,0.616083,3.232966,0.878559,depth,1
1777902006.642074,-0.311968,0.111799,2.591000,369.914459,260.072357,0.616863,3.271975,0.878559,depth,1
1777902006.653201,-0.307823,0.110629,2.561000,370.004242,260.093414,0.615631,3.260521,0.876052,depth,1
1777902006.664329,-0.308093,0.110129,2.556000,369.857147,260.045441,0.621764,3.285825,0.890119,depth,1
1777902006.675456,-0.311805,0.111442,2.591000,369.941559,260.013000,0.621416,3.268438,0.890119,depth,1
1777902006.686584,-0.308356,0.110504,2.561000,369.914459,260.072357,0.616770,3.267321,0.878559,depth,1
1777902006.697712,-0.315085,0.112910,2.617000,369.916656,260.070526,0.626059,3.269402,0.901679,depth,1
1777902006.708839,-0.309738,0.110428,2.571000,369.884613,259.987183,0.626118,3.272309,0.901679,depth,1
1777902006.719966,-0.312312,0.111637,2.591000,369.857147,260.045441,0.621063,3.250786,0.890119,depth,1
1777902006.731094,-0.314496,0.112705,2.612000,369.914459,260.072357,0.616663,3.261965,0.878559,depth,1
1777902006.742221,-0.312185,0.112498,2.596000,369.978485,260.152679,0.611130,3.258649,0.864892,depth,1
1777902006.753349,-0.308356,0.110504,2.561000,369.914459,260.072357,0.616539,3.255753,0.878559,depth,1
1777902006.764477,-0.310162,0.111152,2.576000,369.914459,260.072357,0.616403,3.248995,0.878559,depth,1
1777902006.775604,-0.310162,0.111152,2.576000,369.914459,260.072357,0.616389,3.248290,0.878559,depth,1
1777902006.797859,-0.313954,0.111931,2.606000,369.884613,259.987183,0.625649,3.248876,0.901679,depth,1
1777902006.808987,-0.313774,0.112446,2.606000,369.914459,260.072357,0.616570,3.257301,0.878559,depth,1
1777902006.820114,-0.311968,0.111799,2.591000,369.914459,260.072357,0.616112,3.234448,0.878559,depth,1
1777902006.831242,-0.311107,0.111206,2.581000,369.857147,260.045441,0.621313,3.263268,0.890119,depth,1
1777902006.842369,-0.310504,0.110991,2.576000,369.857147,260.045441,0.620948,3.245029,0.890119,depth,1
1777902006.853496,-0.307754,0.110289,2.556000,369.914459,260.072357,0.615991,3.228382,0.878559,depth,1
1777902006.864625,-0.307754,0.110289,2.556000,369.914459,260.072357,0.616247,3.241160,0.878559,depth,1
1777902006.875752,-0.310407,0.111517,2.581000,369.974030,260.097412,0.621195,3.257374,0.890119,depth,1
1777902006.886879,-0.312211,0.112165,2.596000,369.974030,260.097412,0.620916,3.243405,0.890119,depth,1
1777902006.898007,-0.307374,0.110765,2.556000,369.978485,260.152679,0.611011,3.252694,0.864892,depth,1
1777902006.909134,-0.312312,0.111637,2.591000,369.857147,260.045441,0.621428,3.269039,0.890119,depth,1
1777902006.920261,-0.303058,0.108606,2.517000,369.914459,260.072357,0.616116,3.234631,0.878559,depth,1
1777902006.931390,-0.306888,0.109698,2.546000,369.857147,260.045441,0.620944,3.244848,0.890119,depth,1
1777902006.942517,-0.314844,0.112542,2.612000,369.857147,260.045441,0.620768,3.236021,0.890119,depth,1
1777902006.953644,-0.310120,0.111468,2.576000,369.921448,260.125275,0.615543,3.256094,0.876052,depth,1
1777902006.964772,-0.310504,0.110991,2.576000,369.857147,260.045441,0.620298,3.212547,0.890119,depth,1
1777902006.975899,-0.306888,0.109698,2.546000,369.857147,260.045441,0.621049,3.250067,0.890119,depth,1
1777902006.987026,-0.307754,0.110289,2.556000,369.914459,260.072357,0.616200,3.238806,0.878559,depth,1
1777902006.998155,-0.308093,0.110129,2.556000,369.857147,260.045441,0.621334,3.264323,0.890119,depth,1
1777902007.009282,-0.309806,0.111301,2.576000,369.974030,260.097412,0.620984,3.246841,0.890119,depth,1
1777902007.020409,-0.310120,0.111468,2.576000,369.921448,260.125275,0.615216,3.239755,0.876052,depth,1
1777902007.031537,-0.312570,0.112015,2.596000,369.914459,260.072357,0.617038,3.280706,0.878559,depth,1
1777902007.042664,-0.310764,0.111367,2.581000,369.914459,260.072357,0.616867,3.272169,0.878559,depth,1
1777902007.053791,-0.314120,0.112283,2.606000,369.857147,260.045441,0.621157,3.255484,0.890119,depth,1
1777902007.064919,-0.308356,0.110504,2.561000,369.914459,260.072357,0.616347,3.246167,0.878559,depth,1
1777902007.076047,-0.314844,0.112542,2.612000,369.857147,260.045441,0.621246,3.259936,0.890119,depth,1
1777902007.087174,-0.312312,0.111637,2.591000,369.857147,260.045441,0.621018,3.248520,0.890119,depth,1
1777902007.098301,-0.314120,0.112283,2.606000,369.857147,260.045441,0.620575,3.226378,0.890119,depth,1
1777902007.109429,-0.314136,0.112857,2.612000,369.974030,260.097412,0.620990,3.247116,0.890119,depth,1
1777902007.120556,-0.307374,0.110765,2.556000,369.978485,260.152679,0.610786,3.241435,0.864892,depth,1
1777902007.131684,-0.309178,0.111415,2.571000,369.978485,260.152679,0.610931,3.248685,0.864892,depth,1
1777902007.142812,-0.309902,0.110775,2.571000,369.857147,260.045441,0.621055,3.250360,0.890119,depth,1
1777902007.153939,-0.314496,0.112705,2.612000,369.914459,260.072357,0.616545,3.256056,0.878559,depth,1
1777902007.165066,-0.308696,0.110345,2.561000,369.857147,260.045441,0.621190,3.257150,0.890119,depth,1
1777902007.176194,-0.314120,0.112283,2.606000,369.857147,260.045441,0.621317,3.263479,0.890119,depth,1
1777902007.187321,-0.310381,0.111848,2.581000,369.978485,260.152679,0.611508,3.277558,0.864892,depth,1
1777902007.198448,-0.313257,0.112241,2.606000,370.000000,260.038452,0.625912,3.262024,0.901679,depth,1
1777902007.209577,-0.309560,0.110936,2.571000,369.914459,260.072357,0.616892,3.273416,0.878559,depth,1
1777902007.220704,-0.310764,0.111367,2.581000,369.914459,260.072357,0.615717,3.214686,0.878559,depth,1
1777902007.231831,-0.312312,0.111637,2.591000,369.857147,260.045441,0.620659,3.230559,0.890119,depth,1
1777902007.242959,-0.310764,0.111367,2.581000,369.914459,260.072357,0.616343,3.245999,0.878559,depth,1
1777902007.254086,-0.314844,0.112542,2.612000,369.857147,260.045441,0.620933,3.244258,0.890119,depth,1
1777902007.265214,-0.312915,0.111853,2.596000,369.857147,260.045441,0.620808,3.238044,0.890119,depth,1
1777902007.276342,-0.311968,0.111799,2.591000,369.914459,260.072357,0.615876,3.222651,0.878559,depth,1
1777902007.287469,-0.310504,0.110991,2.576000,369.857147,260.045441,0.621455,3.270387,0.890119,depth,1
1777902007.298596,-0.312312,0.111637,2.591000,369.857147,260.045441,0.621267,3.260982,0.890119,depth,1
1777902007.309724,-0.311955,0.111788,2.591000,369.916656,260.070526,0.626068,3.269841,0.901679,depth,1
1777902007.320851,-0.310504,0.110991,2.576000,369.857147,260.045441,0.621404,3.267802,0.890119,depth,1
1777902007.331979,-0.308356,0.110504,2.561000,369.914459,260.072357,0.616379,3.247798,0.878559,depth,1
1777902007.343107,-0.310162,0.111152,2.576000,369.914459,260.072357,0.616142,3.235930,0.878559,depth,1
1777902007.354234,-0.310722,0.111684,2.581000,369.921448,260.125275,0.615380,3.247969,0.876052,depth,1
1777902007.365361,-0.308356,0.110504,2.561000,369.914459,260.072357,0.616546,3.256103,0.878559,depth,1
1777902007.376489,-0.312915,0.111853,2.596000,369.857147,260.045441,0.620056,3.200443,0.890119,depth,1
1777902007.387616,-0.312915,0.111853,2.596000,369.857147,260.045441,0.621433,3.269255,0.890119,depth,1
1777902007.398743,-0.312915,0.111853,2.596000,369.857147,260.045441,0.621161,3.255682,0.890119,depth,1
1777902007.409872,-0.308093,0.110129,2.556000,369.857147,260.045441,0.621201,3.257690,0.890119,depth,1
1777902007.420999,-0.304477,0.108837,2.526000,369.857147,260.045441,0.621031,3.249161,0.890119,depth,1
1777902007.432126,-0.304919,0.108710,2.531000,369.884613,259.987183,0.625713,3.252090,0.901679,depth,1
1777902007.443254,-0.310504,0.110991,2.576000,369.857147,260.045441,0.620871,3.241173,0.890119,depth,1
1777902007.454381,-0.317025,0.113611,2.633000,369.914459,260.072357,0.616544,3.256014,0.878559,depth,1
1777902007.465508,-0.315446,0.112757,2.617000,369.857147,260.045441,0.621092,3.252224,0.890119,depth,1
1777902007.476637,-0.309560,0.110936,2.571000,369.914459,260.072357,0.616010,3.229309,0.878559,depth,1
1777902007.487764,-0.310162,0.111152,2.576000,369.914459,260.072357,0.616973,3.277498,0.878559,depth,1
1777902007.498891,-0.306550,0.109857,2.546000,369.914459,260.072357,0.616515,3.254566,0.878559,depth,1
1777902007.510018,-0.310120,0.111468,2.576000,369.921448,260.125275,0.615218,3.239857,0.876052,depth,1
1777902007.521146,-0.312312,0.111637,2.591000,369.857147,260.045441,0.620975,3.246383,0.890119,depth,1
1777902007.532274,-0.304142,0.108994,2.526000,369.914459,260.072357,0.616419,3.249774,0.878559,depth,1
1777902007.543401,-0.314120,0.112283,2.606000,369.857147,260.045441,0.620858,3.240526,0.890119,depth,1
1777902007.554529,-0.317977,0.113662,2.638000,369.857147,260.045441,0.621622,3.278727,0.890119,depth,1
1777902007.565656,-0.312312,0.111637,2.591000,369.857147,260.045441,0.620745,3.234894,0.890119,depth,1
1777902007.576783,-0.312915,0.111853,2.596000,369.857147,260.045441,0.620764,3.235835,0.890119,depth,1
1777902007.587911,-0.307754,0.110289,2.556000,369.914459,260.072357,0.615782,3.217907,0.878559,depth,1
1777902007.599039,-0.315311,0.113625,2.622000,369.978485,260.152679,0.611521,3.278182,0.864892,depth,1
1777902007.610166,-0.309902,0.110775,2.571000,369.857147,260.045441,0.620797,3.237461,0.890119,depth,1
1777902007.621294,-0.310162,0.111152,2.576000,369.914459,260.072357,0.616571,3.257395,0.878559,depth,1
1777902007.632421,-0.308696,0.110345,2.561000,369.857147,260.045441,0.621171,3.256166,0.890119,depth,1
1777902007.643548,-0.313774,0.112446,2.606000,369.914459,260.072357,0.616305,3.244092,0.878559,depth,1
1777902007.654676,-0.311107,0.111206,2.581000,369.857147,260.045441,0.621059,3.250592,0.890119,depth,1
1777902007.665803,-0.312915,0.111853,2.596000,369.857147,260.045441,0.621137,3.254460,0.890119,depth,1
1777902007.676931,-0.311968,0.111799,2.591000,369.914459,260.072357,0.616764,3.267051,0.878559,depth,1
1777902007.688059,-0.314844,0.112542,2.612000,369.857147,260.045441,0.620986,3.246915,0.890119,depth,1
1777902007.699186,-0.311107,0.111206,2.581000,369.857147,260.045441,0.620554,3.225322,0.890119,depth,1
1777902007.710313,-0.308696,0.110345,2.561000,369.857147,260.045441,0.620666,3.230949,0.890119,depth,1
1777902007.721442,-0.311968,0.111799,2.591000,369.914459,260.072357,0.616338,3.245715,0.878559,depth,1
1777902007.732569,-0.310869,0.110995,2.576000,369.796051,260.046051,0.616184,3.238039,0.878559,depth,1
1777902007.743695,-0.311107,0.111206,2.581000,369.857147,260.045441,0.620942,3.244750,0.890119,depth,1
1777902007.754824,-0.311968,0.111799,2.591000,369.914459,260.072357,0.616906,3.274151,0.878559,depth,1
1777902007.765951,-0.311107,0.111206,2.581000,369.857147,260.045441,0.621640,3.279619,0.890119,depth,1
1777902007.777078,-0.309560,0.110936,2.571000,369.914459,260.072357,0.616216,3.239624,0.878559,depth,1
1777902007.788206,-0.314120,0.112283,2.606000,369.857147,260.045441,0.621281,3.261672,0.890119,depth,1
1777902007.799334,-0.312570,0.112015,2.596000,369.914459,260.072357,0.616338,3.245720,0.878559,depth,1
1777902007.810461,-0.314120,0.112283,2.606000,369.857147,260.045441,0.620580,3.226615,0.890119,depth,1
1777902007.821589,-0.311107,0.111206,2.581000,369.857147,260.045441,0.620755,3.235372,0.890119,depth,1
1777902007.832716,-0.308696,0.110345,2.561000,369.857147,260.045441,0.621327,3.263988,0.890119,depth,1
1777902007.843843,-0.311968,0.111799,2.591000,369.914459,260.072357,0.616434,3.250546,0.878559,depth,1
1777902007.854971,-0.312915,0.111853,2.596000,369.857147,260.045441,0.620946,3.244932,0.890119,depth,1
1777902007.866098,-0.311107,0.111206,2.581000,369.857147,260.045441,0.621423,3.268757,0.890119,depth,1
1777902007.877225,-0.311107,0.111206,2.581000,369.857147,260.045441,0.621082,3.251723,0.890119,depth,1
1777902007.888354,-0.310751,0.111356,2.581000,369.916656,260.070526,0.625739,3.253386,0.901679,depth,1
1777902007.899481,-0.310764,0.111367,2.581000,369.914459,260.072357,0.616013,3.229470,0.878559,depth,1
1777902007.910608,-0.308093,0.110129,2.556000,369.857147,260.045441,0.621344,3.264831,0.890119,depth,1
1777902007.921736,-0.310504,0.110991,2.576000,369.857147,260.045441,0.621115,3.253379,0.890119,depth,1
1777902007.932863,-0.306550,0.109857,2.546000,369.914459,260.072357,0.617096,3.283637,0.878559,depth,1
1777902007.943990,-0.312312,0.111637,2.591000,369.857147,260.045441,0.621135,3.254372,0.890119,depth,1
1777902007.955117,-0.312570,0.112015,2.596000,369.914459,260.072357,0.616587,3.258159,0.878559,depth,1
1777902007.966245,-0.310504,0.110991,2.576000,369.857147,260.045441,0.620654,3.230326,0.890119,depth,1
1777902007.977372,-0.313774,0.112446,2.606000,369.914459,260.072357,0.616727,3.265193,0.878559,depth,1
1777902007.988499,-0.306508,0.110170,2.546000,369.921448,260.125275,0.615686,3.263247,0.876052,depth,1
1777902007.999627,-0.309902,0.110775,2.571000,369.857147,260.045441,0.621250,3.260125,0.890119,depth,1
1777902008.010754,-0.310504,0.110991,2.576000,369.857147,260.045441,0.620349,3.215065,0.890119,depth,1
1777902008.021882,-0.313387,0.112931,2.606000,369.978485,260.152679,0.611361,3.270179,0.864892,depth,1
1777902008.033010,-0.312312,0.111637,2.591000,369.857147,260.045441,0.621050,3.250130,0.890119,depth,1
1777902008.044137,-0.307754,0.110289,2.556000,369.914459,260.072357,0.617014,3.279525,0.878559,depth,1
1777902008.055264,-0.314844,0.112542,2.612000,369.857147,260.045441,0.621297,3.262496,0.890119,depth,1
1777902008.066392,-0.307754,0.110289,2.556000,369.914459,260.072357,0.616302,3.243909,0.878559,depth,1
1777902008.077519,-0.310504,0.110991,2.576000,369.857147,260.045441,0.621651,3.280180,0.890119,depth,1
1777902008.088646,-0.305948,0.109641,2.541000,369.914459,260.072357,0.617120,3.284827,0.878559,depth,1
1777902008.099774,-0.310358,0.111348,2.576000,369.881592,260.105255,0.616212,3.239411,0.878559,depth,1
1777902008.110901,-0.312312,0.111637,2.591000,369.857147,260.045441,0.621495,3.272363,0.890119,depth,1
1777902008.122028,-0.312915,0.111853,2.596000,369.857147,260.045441,0.621309,3.263057,0.890119,depth,1
1777902008.133157,-0.315446,0.112757,2.617000,369.857147,260.045441,0.621273,3.261277,0.890119,depth,1
1777902008.144284,-0.311107,0.111206,2.581000,369.857147,260.045441,0.621323,3.263794,0.890119,depth,1
1777902008.155411,-0.308356,0.110504,2.561000,369.914459,260.072357,0.615623,3.209986,0.878559,depth,1
1777902008.166539,-0.310162,0.111152,2.576000,369.914459,260.072357,0.616648,3.261204,0.878559,depth,1
1777902008.177666,-0.306888,0.109698,2.546000,369.857147,260.045441,0.621258,3.260509,0.890119,depth,1
1777902008.188793,-0.310149,0.111141,2.576000,369.916656,260.070526,0.625717,3.252291,0.901679,depth,1
1777902008.199921,-0.309902,0.110775,2.571000,369.857147,260.045441,0.621182,3.256742,0.890119,depth,1
1777902008.211048,-0.309902,0.110775,2.571000,369.857147,260.045441,0.620746,3.234904,0.890119,depth,1
1777902008.222175,-0.312750,0.111502,2.596000,369.884613,259.987183,0.625840,3.258451,0.901679,depth,1
1777902008.233303,-0.314496,0.112705,2.612000,369.914459,260.072357,0.616516,3.254609,0.878559,depth,1
1777902008.244430,-0.310764,0.111367,2.581000,369.914459,260.072357,0.616487,3.253167,0.878559,depth,1
1777902008.255557,-0.310162,0.111152,2.576000,369.914459,260.072357,0.616477,3.252660,0.878559,depth,1
1777902008.266685,-0.310162,0.111152,2.576000,369.914459,260.072357,0.615743,3.215975,0.878559,depth,1
1777902008.277812,-0.314496,0.112705,2.612000,369.914459,260.072357,0.616040,3.230828,0.878559,depth,1
1777902008.288940,-0.307949,0.110484,2.556000,369.881592,260.105255,0.616674,3.262552,0.878559,depth,1
1777902008.300068,-0.310504,0.110991,2.576000,369.857147,260.045441,0.620358,3.215522,0.890119,depth,1
1777902008.311195,-0.311968,0.111799,2.591000,369.914459,260.072357,0.616578,3.257734,0.878559,depth,1
1777902008.322322,-0.310751,0.111356,2.581000,369.916656,260.070526,0.626348,3.283851,0.901679,depth,1
1777902008.333450,-0.310162,0.111152,2.576000,369.914459,260.072357,0.616497,3.253669,0.878559,depth,1
1777902008.344577,-0.310340,0.110643,2.576000,369.884613,259.987183,0.626083,3.270561,0.901679,depth,1
1777902008.355704,-0.311107,0.111206,2.581000,369.857147,260.045441,0.621645,3.279899,0.890119,depth,1
1777902008.366832,-0.311583,0.112281,2.591000,369.978485,260.152679,0.611098,3.257073,0.864892,depth,1
1777902008.377959,-0.306888,0.109698,2.546000,369.857147,260.045441,0.621024,3.248815,0.890119,depth,1
1777902008.389086,-0.305570,0.110115,2.541000,369.978485,260.152679,0.610951,3.249681,0.864892,depth,1
1777902008.400214,-0.310504,0.110991,2.576000,369.857147,260.045441,0.620241,3.209697,0.890119,depth,1
1777902008.411342,-0.314844,0.112542,2.612000,369.857147,260.045441,0.620825,3.238863,0.890119,depth,1
1777902008.422469,-0.314844,0.112542,2.612000,369.857147,260.045441,0.621700,3.282633,0.890119,depth,1
1777902008.433596,-0.312312,0.111637,2.591000,369.857147,260.045441,0.621012,3.248211,0.890119,depth,1
1777902008.444724,-0.311968,0.111799,2.591000,369.914459,260.072357,0.616318,3.244709,0.878559,depth,1
1777902008.455851,-0.310764,0.111367,2.581000,369.914459,260.072357,0.616092,3.233428,0.878559,depth,1
1777902008.466978,-0.312915,0.111853,2.596000,369.857147,260.045441,0.621156,3.255425,0.890119,depth,1
1777902008.478106,-0.310504,0.110991,2.576000,369.857147,260.045441,0.621595,3.277386,0.890119,depth,1
1777902008.489233,-0.306508,0.110170,2.546000,369.921448,260.125275,0.615720,3.264975,0.876052,depth,1
1777902008.500360,-0.306888,0.109698,2.546000,369.857147,260.045441,0.620756,3.235446,0.890119,depth,1
1777902008.511488,-0.308356,0.110504,2.561000,369.914459,260.072357,0.616612,3.259422,0.878559,depth,1
1777902008.522615,-0.312312,0.111637,2.591000,369.857147,260.045441,0.621440,3.269626,0.890119,depth,1
1777902008.533742,-0.310504,0.110991,2.576000,369.857147,260.045441,0.621404,3.267825,0.890119,depth,1
1777902008.544871,-0.314120,0.112283,2.606000,369.857147,260.045441,0.621287,3.261987,0.890119,depth,1
1777902008.555998,-0.312915,0.111853,2.596000,369.857147,260.045441,0.621447,3.269971,0.890119,depth,1
1777902008.567125,-0.309902,0.110775,2.571000,369.857147,260.045441,0.620656,3.230449,0.890119,depth,1
1777902008.578253,-0.311107,0.111206,2.581000,369.857147,260.045441,0.620219,3.208593,0.890119,depth,1
1777902008.589380,-0.309560,0.110936,2.571000,369.914459,260.072357,0.616011,3.229360,0.878559,depth,1
1777902008.600507,-0.311107,0.111206,2.581000,369.857147,260.045441,0.621008,3.248013,0.890119,depth,1
1777902008.611635,-0.310764,0.111367,2.581000,369.914459,260.072357,0.616546,3.256136,0.878559,depth,1
1777902008.622762,-0.312312,0.111637,2.591000,369.857147,260.045441,0.620364,3.215824,0.890119,depth,1
1777902008.633889,-0.310504,0.110991,2.576000,369.857147,260.045441,0.621316,3.263443,0.890119,depth,1
1777902008.645017,-0.312915,0.111853,2.596000,369.857147,260.045441,0.620896,3.242437,0.890119,depth,1
1777902008.656145,-0.310764,0.111367,2.581000,369.914459,260.072357,0.616664,3.262033,0.878559,depth,1
1777902008.667271,-0.313774,0.112446,2.606000,369.914459,260.072357,0.615833,3.220487,0.878559,depth,1
1777902008.678400,-0.312570,0.112015,2.596000,369.914459,260.072357,0.616511,3.254351,0.878559,depth,1
1777902008.689527,-0.311107,0.111206,2.581000,369.857147,260.045441,0.620902,3.242741,0.890119,depth,1
1777902008.700654,-0.308696,0.110345,2.561000,369.857147,260.045441,0.621188,3.257016,0.890119,depth,1
1777902008.711782,-0.305948,0.109641,2.541000,369.914459,260.072357,0.616270,3.242346,0.878559,depth,1
1777902008.722909,-0.308093,0.110129,2.556000,369.857147,260.045441,0.620656,3.230409,0.890119,depth,1
1777902008.734036,-0.310504,0.110991,2.576000,369.857147,260.045441,0.621479,3.271558,0.890119,depth,1
1777902008.745164,-0.312312,0.111637,2.591000,369.857147,260.045441,0.620483,3.221778,0.890119,depth,1
1777902008.756291,-0.310764,0.111367,2.581000,369.914459,260.072357,0.616315,3.244570,0.878559,depth,1
1777902008.767418,-0.310162,0.111152,2.576000,369.914459,260.072357,0.616359,3.246796,0.878559,depth,1
1777902008.778546,-0.312312,0.111637,2.591000,369.857147,260.045441,0.621047,3.249974,0.890119,depth,1
1777902008.789673,-0.314120,0.112283,2.606000,369.857147,260.045441,0.621242,3.259746,0.890119,depth,1
1777902008.800801,-0.309738,0.110428,2.571000,369.884613,259.987183,0.625578,3.245337,0.901679,depth,1
1777902008.811929,-0.310764,0.111367,2.581000,369.914459,260.072357,0.616010,3.229350,0.878559,depth,1
1777902008.823056,-0.314120,0.112283,2.606000,369.857147,260.045441,0.621361,3.265688,0.890119,depth,1
1777902008.834183,-0.310504,0.110991,2.576000,369.857147,260.045441,0.621471,3.271178,0.890119,depth,1
1777902008.845310,-0.310340,0.110643,2.576000,369.884613,259.987183,0.625565,3.244683,0.901679,depth,1
1777902008.856438,-0.314120,0.112283,2.606000,369.857147,260.045441,0.621639,3.279577,0.890119,depth,1
1777902008.867565,-0.313774,0.112446,2.606000,369.914459,260.072357,0.616490,3.253330,0.878559,depth,1
1777902008.878692,-0.312312,0.111637,2.591000,369.857147,260.045441,0.620622,3.228723,0.890119,depth,1
1777902008.889820,-0.314483,0.112694,2.612000,369.916656,260.070526,0.625400,3.236449,0.901679,depth,1
1777902008.900947,-0.310764,0.111367,2.581000,369.914459,260.072357,0.615770,3.217331,0.878559,depth,1
1777902008.912074,-0.308093,0.110129,2.556000,369.857147,260.045441,0.621041,3.249686,0.890119,depth,1
1777902008.923202,-0.312570,0.112015,2.596000,369.914459,260.072357,0.616409,3.249294,0.878559,depth,1
1777902008.934330,-0.308093,0.110129,2.556000,369.857147,260.045441,0.621257,3.260501,0.890119,depth,1
1777902008.945457,-0.314844,0.112542,2.612000,369.857147,260.045441,0.621072,3.251245,0.890119,depth,1
1777902008.956585,-0.310764,0.111367,2.581000,369.914459,260.072357,0.616702,3.263902,0.878559,depth,1
1777902008.967712,-0.307754,0.110289,2.556000,369.914459,260.072357,0.615524,3.205019,0.878559,depth,1
1777902008.978839,-0.312915,0.111853,2.596000,369.857147,260.045441,0.620686,3.231947,0.890119,depth,1
1777902008.989967,-0.310504,0.110991,2.576000,369.857147,260.045441,0.621764,3.285819,0.890119,depth,1
1777902009.001094,-0.310162,0.111152,2.576000,369.914459,260.072357,0.616243,3.240977,0.878559,depth,1
1777902009.012221,-0.314120,0.112283,2.606000,369.857147,260.045441,0.621106,3.252911,0.890119,depth,1
1777902009.023349,-0.310764,0.111367,2.581000,369.914459,260.072357,0.616637,3.260659,0.878559,depth,1
1777902009.034476,-0.306550,0.109857,2.546000,369.914459,260.072357,0.615802,3.218942,0.878559,depth,1
1777902009.045603,-0.309205,0.111085,2.571000,369.974030,260.097412,0.621168,3.256012,0.890119,depth,1
1777902009.056731,-0.310751,0.111356,2.581000,369.916656,260.070526,0.625796,3.256248,0.901679,depth,1
1777902009.067859,-0.310162,0.111152,2.576000,369.914459,260.072357,0.616153,3.236465,0.878559,depth,1
1777902009.078986,-0.309651,0.110949,2.576000,370.000000,260.038452,0.625904,3.261609,0.901679,depth,1
1777902009.090114,-0.311610,0.111715,2.591000,369.974030,260.058441,0.621404,3.267803,0.890119,depth,1
1777902009.101241,-0.309435,0.111544,2.576000,370.036102,260.138000,0.615767,3.267326,0.876052,depth,1
1777902009.112368,-0.311610,0.111949,2.591000,369.974030,260.097412,0.621013,3.248254,0.890119,depth,1
1777902009.123496,-0.305360,0.110041,2.546000,370.115936,260.103516,0.624719,3.268491,0.898372,depth,1
1777902009.134623,-0.309100,0.111684,2.576000,370.092255,260.161438,0.620112,3.261353,0.887212,depth,1
1777902009.145750,-0.311500,0.112551,2.596000,370.092255,260.161438,0.620174,3.264442,0.887212,depth,1
1777902009.156878,-0.310900,0.112334,2.591000,370.092255,260.161438,0.620469,3.279213,0.887212,depth,1
1777902009.168005,-0.307300,0.111033,2.561000,370.092255,260.161438,0.620257,3.268622,0.887212,depth,1
1777902009.179132,-0.305360,0.110041,2.546000,370.115936,260.103516,0.625677,3.316382,0.898372,depth,1
1777902009.190260,-0.305500,0.110383,2.546000,370.092255,260.161438,0.620373,3.274394,0.887212,depth,1
1777902009.201388,-0.312557,0.112634,2.606000,370.115936,260.103516,0.624858,3.275458,0.898372,depth,1
1777902009.212515,-0.309558,0.111554,2.581000,370.115936,260.103516,0.625166,3.290836,0.898372,depth,1
1777902009.223643,-0.311357,0.112202,2.596000,370.115936,260.103516,0.624456,3.255338,0.898372,depth,1
1777902009.234770,-0.306700,0.110817,2.556000,370.092255,260.161438,0.620390,3.275262,0.887212,depth,1
1777902009.245897,-0.310060,0.111433,2.581000,370.032043,260.083344,0.626228,3.277829,0.901679,depth,1
1777902009.257025,-0.309558,0.111554,2.581000,370.115936,260.103516,0.624315,3.248324,0.898372,depth,1
1777902009.268152,-0.308859,0.111001,2.571000,370.032043,260.083344,0.625831,3.257984,0.901679,depth,1
1777902009.279279,-0.309311,0.110871,2.576000,370.056976,260.025330,0.630504,3.260406,0.913239,depth,1
1777902009.290406,-0.307300,0.111033,2.561000,370.092255,260.161438,0.620240,3.267771,0.887212,depth,1
1777902009.301534,-0.309100,0.111684,2.576000,370.092255,260.161438,0.620144,3.262960,0.887212,depth,1
1777902009.312661,-0.307633,0.111121,2.561000,370.036102,260.176208,0.615512,3.254572,0.876052,depth,1
1777902009.323789,-0.308859,0.111001,2.571000,370.032043,260.083344,0.625775,3.255188,0.901679,depth,1
1777902009.334917,-0.311838,0.112410,2.596000,370.036102,260.138000,0.615945,3.276204,0.876052,depth,1
1777902009.346044,-0.308500,0.111467,2.571000,370.092255,260.161438,0.620890,3.300265,0.887212,depth,1
1777902009.357171,-0.310060,0.111433,2.581000,370.032043,260.083344,0.625819,3.257372,0.901679,depth,1
1777902009.368299,-0.308500,0.111467,2.571000,370.092255,260.161438,0.620465,3.278978,0.887212,depth,1
1777902009.379426,-0.309700,0.111901,2.581000,370.092255,260.161438,0.620340,3.272763,0.887212,depth,1
1777902009.390553,-0.307057,0.110354,2.556000,370.032043,260.083344,0.625881,3.260465,0.901679,depth,1
1777902009.401681,-0.308895,0.110156,2.571000,370.025970,259.941559,0.620844,3.239841,0.890119,depth,1
1777902009.412808,-0.306234,0.108938,2.546000,369.967957,259.916656,0.625507,3.241790,0.901679,depth,1
1777902009.423935,-0.308038,0.108730,2.561000,369.967957,259.773499,0.625659,3.249369,0.901679,depth,1
1777902009.435063,-0.311801,0.109246,2.591000,369.942322,259.647430,0.600240,2.851632,0.858019,depth,1
1777902009.446190,-0.306456,0.106964,2.546000,369.930389,259.582275,0.604418,2.840517,0.869020,depth,1
1777902009.457317,-0.313180,0.108600,2.606000,370.012817,259.435883,0.600797,2.879465,0.858019,depth,1
1777902009.468446,-0.313899,0.109637,2.612000,370.013153,259.565796,0.591075,2.833385,0.836019,depth,1
1777902009.479573,-0.309572,0.108126,2.576000,370.013153,259.565796,0.591611,2.860191,0.836019,depth,1
1777902009.490700,-0.314887,0.109612,2.622000,370.048218,259.492676,0.595028,2.851848,0.844976,depth,1
1777902009.501828,-0.307924,0.107486,2.561000,369.987183,259.564117,0.600794,2.879299,0.858019,depth,1
1777902009.512955,-0.307589,0.107770,2.556000,369.942322,259.647430,0.600105,2.844867,0.858019,depth,1
1777902009.524082,-0.309651,0.108899,2.576000,370.000000,259.695190,0.615713,3.214460,0.878559,depth,1
1777902009.535210,-0.308895,0.109059,2.571000,370.025970,259.757568,0.619681,3.181696,0.890119,depth,1
1777902009.546337,-0.303227,0.107032,2.521000,369.967957,259.773499,0.624654,3.199143,0.901679,depth,1
1777902009.557464,-0.304910,0.108253,2.541000,370.090515,259.836639,0.625812,3.197851,0.904638,depth,1
1777902009.568592,-0.306740,0.108560,2.556000,370.085541,259.780701,0.615685,3.213073,0.878559,depth,1
1777902009.579720,-0.300472,0.106948,2.507000,370.152130,259.861298,0.621259,3.209803,0.892656,depth,1
1777902009.590847,-0.299812,0.106969,2.507000,370.265808,259.864929,0.631390,3.237074,0.916620,depth,1
1777902009.601975,-0.302412,0.107924,2.526000,370.209717,259.889618,0.625615,3.187989,0.904638,depth,1
1777902009.613101,-0.304460,0.108306,2.546000,370.268402,259.809509,0.620262,3.210726,0.890119,depth,1
1777902009.624229,-0.300425,0.107151,2.521000,370.447357,259.793854,0.646162,3.819510,0.924430,depth,1
1777902009.635357,-0.301021,0.107363,2.526000,370.447357,259.793854,0.646467,3.834770,0.924430,depth,1
1777902009.646484,-0.308650,0.109749,2.591000,370.466675,259.731110,0.640662,3.787757,0.912266,depth,1
1777902009.657611,-0.302694,0.107631,2.541000,370.466675,259.731110,0.640449,3.777100,0.912266,depth,1
1777902009.668739,-0.307454,0.108525,2.581000,370.467529,259.597412,0.621437,3.269462,0.890119,depth,1
1777902009.679866,-0.305992,0.108298,2.571000,370.513000,259.629883,0.621150,3.255116,0.890119,depth,1
1777902009.690993,-0.303849,0.107871,2.556000,370.573334,259.664459,0.640168,3.763078,0.912266,depth,1
1777902009.713248,-0.304443,0.108082,2.561000,370.573334,259.664459,0.639796,3.744466,0.912266,depth,1
1777902009.724375,-0.305906,0.107489,2.576000,370.626923,259.459167,0.626889,3.251699,0.904638,depth,1
1777902009.735502,-0.307911,0.108366,2.596000,370.688446,259.466217,0.604891,2.815263,0.871465,depth,1
1777902009.746631,-0.306561,0.106877,2.581000,370.616791,259.321991,0.616877,3.230343,0.880674,depth,1
1777902009.757758,-0.303551,0.105681,2.571000,370.922424,259.190765,0.595019,2.851416,0.844976,depth,1
1777902009.768885,-0.305798,0.105435,2.591000,370.941559,259.013000,0.622162,3.305741,0.890119,depth,1
1777902009.780013,-0.300331,0.103035,2.546000,370.967957,258.916656,0.626763,3.304576,0.901679,depth,1
1777902009.791140,-0.303137,0.103771,2.576000,371.090515,258.836639,0.626899,3.252182,0.904638,depth,1
1777902009.802267,-0.303165,0.102286,2.581000,371.184265,258.554871,0.599648,2.870305,0.855605,depth,1
1777902009.813395,-0.301725,0.100575,2.576000,371.326965,258.301483,0.616671,3.312479,0.876052,depth,1
1777902009.824522,-0.300422,0.098347,2.571000,371.447357,257.960541,0.649146,3.968698,0.924430,depth,1
1777902009.835649,-0.303508,0.098065,2.591000,371.322662,257.786316,0.627556,3.344251,0.901679,depth,1
1777902009.846777,-0.301159,0.096119,2.576000,371.421814,257.555542,0.615208,2.940001,0.891020,depth,1
1777902009.857904,-0.300468,0.094608,2.571000,371.439667,257.333344,0.606253,2.987986,0.866234,depth,1
1777902009.869032,-0.303579,0.093172,2.606000,371.601685,256.882599,0.660913,4.391747,0.932696,depth,1
1777902009.880160,-0.303594,0.092387,2.606000,371.599182,256.752563,0.634743,3.546507,0.909532,depth,1
1777902009.891287,-0.299693,0.089074,2.571000,371.569611,256.405060,0.639248,3.697610,0.913239,depth,1
1777902009.902414,-0.301836,0.087615,2.596000,371.697723,256.018646,0.603008,3.038313,0.855605,depth,1
1777902009.913543,-0.299733,0.086136,2.576000,371.660461,255.884064,0.630815,3.573299,0.898372,depth,1
1777902009.924670,-0.301101,0.085319,2.591000,371.723236,255.664642,0.613396,3.132552,0.876862,depth,1
1777902009.935797,-0.300446,0.084664,2.591000,371.832336,255.555557,0.612890,3.107258,0.876862,depth,1
1777902009.946925,-0.300196,0.084958,2.596000,371.970245,255.577377,0.607569,3.115557,0.863145,depth,1
1777902009.958052,-0.302524,0.085296,2.622000,372.081848,255.493011,0.616855,3.092953,0.887491,depth,1
1777902009.969179,-0.302878,0.085697,2.622000,372.023529,255.558823,0.611502,3.106666,0.873421,depth,1
1777902009.980308,-0.302186,0.086217,2.622000,372.137360,255.644440,0.612018,3.063673,0.876862,depth,1
1777902009.991435,-0.294228,0.086289,2.556000,372.196686,256.022766,0.629058,3.485443,0.898372,depth,1
1777902010.002562,-0.295770,0.087055,2.571000,372.227753,256.066254,0.628352,3.450149,0.898372,depth,1
1777902010.013690,-0.295835,0.088542,2.576000,372.313141,256.286865,0.610497,2.987627,0.876862,depth,1
1777902010.024817,-0.297316,0.091476,2.596000,372.448730,256.660248,0.629200,3.426425,0.901679,depth,1
1777902010.035944,-0.301562,0.093596,2.633000,372.447357,256.793854,0.649938,4.008286,0.924430,depth,1
1777902010.047072,-0.297464,0.095056,2.606000,372.613678,257.194275,0.627841,3.299260,0.904638,depth,1
1777902010.058200,-0.296577,0.096727,2.596000,372.571442,257.532471,0.621765,3.285856,0.890119,depth,1
1777902010.069327,-0.299620,0.100799,2.633000,372.765350,257.973694,0.645796,3.801180,0.924430,depth,1
1777902010.080455,-0.298247,0.102093,2.617000,372.691620,258.287994,0.613762,3.074594,0.880674,depth,1
1777902010.091582,-0.295879,0.103318,2.596000,372.687347,258.627594,0.634389,3.421405,0.914902,depth,1
1777902010.102710,-0.299056,0.101908,2.627000,372.745911,258.193481,0.632094,3.559041,0.902282,depth,1
1777902010.113838,-0.296548,0.099765,2.606000,372.765350,257.973694,0.644966,3.759688,0.924430,depth,1
1777902010.124965,-0.294908,0.098142,2.596000,372.848694,257.767548,0.616166,3.237125,0.878559,depth,1
1777902010.136092,-0.297294,0.098935,2.617000,372.848694,257.767548,0.614869,3.172296,0.878559,depth,1
1777902010.147220,-0.294710,0.097706,2.596000,372.881592,257.695190,0.614510,3.154338,0.878559,depth,1
1777902010.158347,-0.293809,0.098463,2.596000,373.031311,257.821014,0.619911,3.142421,0.892656,depth,1
1777902010.169475,-0.296746,0.099671,2.622000,373.032196,257.857483,0.609769,3.114610,0.868692,depth,1
1777902010.180602,-0.295812,0.099575,2.617000,373.092957,257.873016,0.613675,3.070286,0.880674,depth,1
1777902010.191730,-0.294568,0.099157,2.606000,373.092957,257.873016,0.613726,3.072789,0.880674,depth,1
1777902010.202857,-0.296942,0.099956,2.627000,373.092957,257.873016,0.613345,3.053774,0.880674,depth,1
1777902010.213984,-0.295251,0.099755,2.622000,373.278168,257.871277,0.638158,3.609879,0.914902,depth,1
1777902010.225112,-0.294902,0.099931,2.622000,373.335602,257.900238,0.644238,3.661467,0.927521,depth,1
1777902010.236240,-0.296701,0.100541,2.638000,373.335602,257.900238,0.643108,3.604964,0.927521,depth,1
1777902010.247367,-0.296150,0.101440,2.638000,373.425690,258.047302,0.633444,3.670167,0.900103,depth,1
1777902010.258495,-0.297405,0.102207,2.648000,373.404114,258.109589,0.627960,3.639231,0.887939,depth,1
1777902010.269622,-0.293342,0.103380,2.617000,373.500000,258.500000,0.607973,3.058659,0.866999,depth,1
1777902010.280750,-0.293558,0.105089,2.617000,373.464355,258.781616,0.636419,3.522897,0.914902,depth,1
1777902010.291878,-0.292650,0.104829,2.606000,373.410431,258.811798,0.643564,3.627756,0.927521,depth,1
1777902010.303005,-0.295008,0.105674,2.627000,373.410431,258.811798,0.643836,3.641364,0.927521,depth,1
1777902010.314132,-0.295353,0.105731,2.633000,373.464355,258.781616,0.637793,3.591636,0.914902,depth,1
1777902010.325260,-0.293558,0.105089,2.617000,373.464355,258.781616,0.638582,3.631055,0.914902,depth,1
1777902010.336387,-0.291202,0.104245,2.596000,373.464355,258.781616,0.638733,3.638605,0.914902,depth,1
1777902010.347514,-0.292997,0.104888,2.612000,373.464355,258.781616,0.638021,3.603040,0.914902,depth,1
1777902010.358643,-0.293319,0.105951,2.622000,373.595886,258.890411,0.627607,3.621554,0.887939,depth,1
1777902010.369770,-0.291333,0.105681,2.606000,373.628387,258.952698,0.632073,3.601580,0.900103,depth,1
1777902010.380897,-0.292563,0.106127,2.617000,373.628387,258.952698,0.631595,3.577704,0.900103,depth,1
1777902010.392025,-0.290964,0.105514,2.612000,373.799988,258.885071,0.635894,3.496670,0.914902,depth,1
1777902010.403152,-0.290296,0.105272,2.606000,373.799988,258.885071,0.635943,3.499128,0.914902,depth,1
1777902010.414279,-0.289559,0.105338,2.606000,373.921997,258.895996,0.623959,3.404696,0.889663,depth,1
1777902010.425408,-0.290478,0.105537,2.617000,373.972015,258.855469,0.628452,3.376932,0.902282,depth,1
1777902010.436535,-0.290478,0.105537,2.617000,373.972015,258.855469,0.627458,3.327252,0.902282,depth,1
1777902010.447662,-0.282795,0.103445,2.561000,374.219116,258.883453,0.629414,3.425034,0.902282,depth,1
1777902010.458790,-0.288620,0.105633,2.617000,374.278168,258.871277,0.634558,3.429886,0.914902,depth,1
1777902010.469918,-0.289063,0.105441,2.622000,374.296051,258.806519,0.628349,3.371788,0.902282,depth,1
1777902010.481045,-0.289768,0.104782,2.643000,374.558746,258.561157,0.616020,3.260107,0.877044,depth,1
1777902010.492173,-0.292601,0.103329,2.670000,374.579193,258.153656,0.621841,3.298806,0.889663,depth,1
1777902010.503300,-0.288385,0.099607,2.638000,374.695251,257.747620,0.634987,3.407638,0.917085,depth,1
1777902010.514427,-0.289098,0.100583,2.638000,374.578583,257.907135,0.632900,3.303288,0.917085,depth,1
1777902010.525555,-0.288670,0.100171,2.638000,374.648590,257.839783,0.607691,2.826044,0.877925,depth,1
1777902010.536683,-0.288120,0.097895,2.638000,374.738617,257.467621,0.615511,3.234663,0.877044,depth,1
1777902010.547810,-0.285040,0.097750,2.617000,374.868164,257.572144,0.613404,3.114547,0.877782,depth,1
1777902010.558938,-0.285597,0.097498,2.622000,374.866150,257.500000,0.639613,3.723388,0.912863,depth,1
1777902010.570065,-0.282710,0.096663,2.606000,375.055542,257.460327,0.662955,4.721415,0.921317,depth,1
1777902010.581192,-0.286097,0.096932,2.638000,375.069244,257.310242,0.634439,3.741318,0.899032,depth,1
1777902010.592320,-0.282626,0.094511,2.612000,375.176758,257.068176,0.640772,3.781329,0.912863,depth,1
1777902010.603448,-0.281813,0.093882,2.606000,375.203979,257.000000,0.644436,3.687905,0.926695,depth,1
1777902010.614575,-0.282167,0.093057,2.612000,375.252594,256.828125,0.622218,3.406875,0.885201,depth,1
1777902010.625702,-0.280768,0.091953,2.617000,375.572174,256.616791,0.604040,2.915742,0.864314,depth,1
1777902010.636830,-0.282696,0.091304,2.638000,375.625336,256.390167,0.611669,3.414898,0.858427,depth,1
1777902010.647958,-0.279699,0.088084,2.627000,375.923889,255.923889,0.634051,3.433656,0.913444,depth,1
1777902010.659085,-0.281171,0.087185,2.643000,375.961548,255.689743,0.628160,3.427357,0.899032,depth,1
1777902010.670213,-0.280255,0.085217,2.643000,376.111115,255.368561,0.657878,4.165265,0.936433,depth,1
1777902010.681340,-0.281198,0.083698,2.659000,376.233337,255.038467,0.628663,3.452484,0.899032,depth,1
1777902010.692467,-0.277372,0.079973,2.627000,376.305786,254.592285,0.647961,3.973906,0.921206,depth,1
1777902010.703595,-0.275523,0.077888,2.617000,376.436493,254.298935,0.613277,3.236461,0.871370,depth,1
1777902010.714723,-0.275611,0.074488,2.633000,376.698151,253.664047,0.602225,2.824970,0.864314,depth,1
1777902010.725850,-0.269075,0.070809,2.591000,377.054199,253.249329,0.620790,3.346025,0.884674,depth,1
1777902010.736978,-0.272806,0.066987,2.627000,377.055542,252.460312,0.649997,4.073526,0.921317,depth,1
1777902010.748105,-0.269007,0.062316,2.596000,377.151764,251.815720,0.619982,3.305602,0.884674,depth,1
1777902010.759232,-0.271068,0.059943,2.617000,377.170807,251.341599,0.646476,3.899686,0.921206,depth,1
1777902010.770361,-0.271728,0.054321,2.627000,377.232483,250.380951,0.641219,3.941358,0.905980,depth,1
1777902010.781487,-0.268330,0.048922,2.606000,377.435272,249.559235,0.613589,3.273638,0.870289,depth,1
1777902010.792615,-0.268921,0.043408,2.627000,377.693329,248.589340,0.626084,3.322999,0.899059,depth,1
1777902010.803743,-0.266771,0.037019,2.606000,377.693329,247.589340,0.626457,3.341677,0.899059,depth,1
1777902010.814870,-0.267356,0.031500,2.612000,377.698151,246.664047,0.602647,2.846087,0.864314,depth,1
1777902010.825997,-0.267128,0.024449,2.617000,377.820099,245.492065,0.615689,3.357069,0.871370,depth,1
1777902010.837126,-0.268149,0.018451,2.627000,377.820099,244.492065,0.615087,3.326948,0.871370,depth,1
1777902010.848253,-0.267184,0.011066,2.606000,377.625000,243.294266,0.621271,3.359544,0.885201,depth,1
1777902010.859380,-0.267531,0.002621,2.612000,377.669220,241.895676,0.616981,3.018310,0.891536,depth,1
1777902010.870508,-0.267812,-0.003951,2.617000,377.707367,240.811707,0.617251,3.031841,0.891536,depth,1
1777902010.881635,-0.267171,-0.012062,2.606000,377.627167,239.466660,0.601668,3.047299,0.851805,depth,1
1777902010.892762,-0.266745,-0.020978,2.591000,377.442017,237.971008,0.626874,3.264030,0.903984,depth,1
1777902010.903890,-0.266737,-0.027600,2.576000,377.184906,236.841843,0.610585,3.240782,0.864424,depth,1
1777902010.915017,-0.270214,-0.038081,2.606000,377.123444,235.160492,0.640199,4.042885,0.898353,depth,1
1777902010.926145,-0.267042,-0.046007,2.561000,376.871979,233.714981,0.629417,3.391189,0.903984,depth,1
1777902010.937273,-0.270162,-0.055833,2.576000,376.611481,232.114944,0.638816,3.642778,0.914902,depth,1
1777902010.948400,-0.271991,-0.064024,2.581000,376.393341,230.764450,0.641344,3.821849,0.912266,depth,1
1777902010.959527,-0.275755,-0.074538,2.591000,375.942322,229.055557,0.601238,2.901538,0.858019,depth,1
1777902010.970655,-0.278300,-0.083508,2.591000,375.518738,227.562500,0.640306,3.519353,0.924799,depth,1
1777902010.981782,-0.280349,-0.091660,2.591000,375.177643,226.205582,0.617357,3.118045,0.887491,depth,1
1777902010.992909,-0.282348,-0.101319,2.591000,374.844818,224.597702,0.626162,3.428640,0.893972,depth,1
1777902011.004037,-0.286596,-0.109694,2.596000,374.229645,223.238892,0.616197,3.160004,0.882492,depth,1
1777902011.015164,-0.287190,-0.116875,2.581000,373.853607,221.932983,0.627265,3.422849,0.897020,depth,1
1777902011.026292,-0.290179,-0.124710,2.576000,373.260010,220.583328,0.615731,3.195996,0.879528,depth,1
1777902011.037419,-0.296032,-0.133620,2.596000,372.661926,219.263824,0.627761,3.392107,0.899796,depth,1
1777902011.048547,-0.293235,-0.137981,2.541000,372.072113,218.043274,0.610901,3.027158,0.875895,depth,1
1777902011.059674,-0.301415,-0.146088,2.581000,371.476624,217.051407,0.624956,3.540570,0.885361,depth,1
1777902011.070801,-0.306953,-0.153257,2.591000,370.749207,215.952377,0.640100,3.534910,0.923504,depth,1
1777902011.081929,-0.308144,-0.158324,2.571000,370.151947,214.903870,0.612975,3.078291,0.878524,depth,1
1777902011.093056,-0.306904,-0.161166,2.531000,369.546295,214.000000,0.629278,3.591172,0.893635,depth,1
1777902011.104183,-0.320346,-0.172436,2.612000,368.948608,212.990662,0.623733,3.163406,0.901161,depth,1
1777902011.115311,-0.309057,-0.168000,2.483000,368.161377,212.282059,0.603809,2.869243,0.866061,depth,1
1777902011.126438,-0.323652,-0.178350,2.571000,367.550537,211.544495,0.627385,3.308418,0.903041,depth,1
1777902011.137565,-0.316330,-0.175541,2.483000,366.898163,210.972229,0.630236,3.320115,0.909583,depth,1
1777902011.148694,-0.323757,-0.181849,2.521000,366.455750,210.352509,0.626285,3.384485,0.896488,depth,1
1777902011.159821,-0.325035,-0.182154,2.493000,365.612610,209.950455,0.645742,3.917927,0.918458,depth,1
1777902011.170948,-0.335043,-0.188944,2.546000,365.087708,209.456146,0.608865,3.084971,0.867913,depth,1
1777902011.182076,-0.333734,-0.189233,2.512000,364.544250,208.973450,0.657057,4.152702,0.935007,depth,1
1777902011.193203,-0.341071,-0.193678,2.541000,363.953003,208.589737,0.619571,3.163490,0.890753,depth,1
1777902011.204330,-0.342902,-0.194480,2.531000,363.412292,208.323105,0.634910,3.657093,0.904421,depth,1
1777902011.215458,-0.347962,-0.197214,2.546000,362.899292,208.055313,0.610966,3.162069,0.869311,depth,1
1777902011.226585,-0.356133,-0.201408,2.581000,362.333344,207.807465,0.617089,3.191663,0.883140,depth,1
1777902011.237712,-0.351461,-0.198842,2.531000,361.953796,207.579834,0.628354,3.298113,0.905980,depth,1
1777902011.248841,-0.357663,-0.201479,2.556000,361.493011,207.466385,0.606707,3.217274,0.855904,depth,1
1777902011.259968,-0.362426,-0.202586,2.571000,361.046204,207.478989,0.627714,3.266095,0.905980,depth,1
1777902011.271095,-0.357779,-0.199796,2.526000,360.756561,207.349930,0.621258,3.232779,0.891506,depth,1
1777902011.282223,-0.365733,-0.202646,2.561000,360.251801,207.336197,0.608837,3.203582,0.861912,depth,1
1777902011.293350,-0.369168,-0.203736,2.576000,360.035370,207.352386,0.628038,3.275832,0.906303,depth,1
1777902011.304477,-0.363458,-0.199696,2.521000,359.663849,207.299438,0.622899,3.177600,0.898366,depth,1
1777902011.315605,-0.372771,-0.202993,2.571000,359.310822,207.410690,0.614403,3.185945,0.876709,depth,1
1777902011.326732,-0.374308,-0.202814,2.571000,359.053009,207.440720,0.617318,3.183773,0.884107,depth,1
1777902011.337859,-0.370353,-0.199796,2.541000,358.982910,207.551285,0.619894,3.179630,0.890753,depth,1
1777902011.348988,-0.374642,-0.200003,2.556000,358.628052,207.715302,0.607980,3.160749,0.861912,depth,1
1777902011.360115,-0.374328,-0.197988,2.546000,358.433044,207.924103,0.652915,4.111069,0.926733,depth,1
1777902011.371242,-0.376974,-0.198194,2.556000,358.234528,208.020645,0.605370,3.062505,0.860300,depth,1
1777902011.382370,-0.379028,-0.197672,2.561000,358.012817,208.173782,0.618148,3.092356,0.890753,depth,1
1777902011.393497,-0.370966,-0.191226,2.502000,357.897430,208.500000,0.617963,3.083079,0.890753,depth,1
1777902011.404624,-0.381109,-0.195068,2.561000,357.662384,208.612305,0.606876,3.105551,0.861912,depth,1
1777902011.415752,-0.380271,-0.192598,2.546000,357.426178,208.837143,0.655022,4.072843,0.933912,depth,1
1777902011.426879,-0.373063,-0.187624,2.497000,357.407074,209.056046,0.626933,3.416917,0.896488,depth,1
1777902011.438006,-0.378592,-0.188229,2.526000,357.202850,209.324829,0.608828,3.055197,0.869311,depth,1
1777902011.449135,-0.379604,-0.186976,2.526000,357.030182,209.538788,0.614999,3.087137,0.883140,depth,1
1777902011.460262,-0.376274,-0.184212,2.502000,356.982452,209.709061,0.629832,3.403174,0.904421,depth,1
1777902011.471389,-0.381299,-0.184131,2.531000,356.869324,210.086639,0.639250,3.411325,0.927558,depth,1
1777902011.482517,-0.379515,-0.182361,2.517000,356.813690,210.215424,0.618736,2.988569,0.897412,depth,1
1777902011.493644,-0.382610,-0.182283,2.531000,356.645935,210.401474,0.612362,2.983379,0.881737,depth,1
1777902011.504771,-0.378035,-0.177508,2.497000,356.548401,210.803375,0.620241,3.278115,0.886696,depth,1
1777902011.515898,-0.380306,-0.177930,2.512000,356.548401,210.913971,0.619765,3.254319,0.886696,depth,1
1777902011.527026,-0.383760,-0.177686,2.531000,356.450012,211.184845,0.614317,3.262116,0.872687,depth,1
1777902011.538153,-0.382291,-0.175586,2.521000,356.441956,211.424103,0.621614,3.309606,0.888554,depth,1
1777902011.549280,-0.386043,-0.175197,2.546000,356.448547,211.784943,0.644245,3.704596,0.925383,depth,1
1777902011.560408,-0.394040,-0.178166,2.596000,356.379425,211.863281,0.643509,3.667769,0.925383,depth,1
1777902011.571536,-0.382062,-0.171827,2.517000,356.377167,212.020340,0.637774,3.722185,0.908325,depth,1
1777902011.582663,-0.378740,-0.169040,2.497000,356.426605,212.266052,0.610605,3.235183,0.864753,depth,1
1777902011.593791,-0.386396,-0.170400,2.546000,356.388641,212.597549,0.618002,3.166187,0.886696,depth,1
1777902011.604918,-0.379944,-0.166860,2.507000,356.480438,212.757431,0.636830,3.675011,0.908325,depth,1
1777902011.616045,-0.377873,-0.165316,2.493000,356.471588,212.863281,0.642239,3.604296,0.925383,depth,1
1777902011.627173,-0.381486,-0.165801,2.517000,356.475952,213.052887,0.636750,3.543318,0.914709,depth,1
1777902011.638300,-0.387462,-0.167905,2.561000,356.592590,213.186798,0.623595,3.524963,0.882739,depth,1
1777902011.649427,-0.394873,-0.170103,2.612000,356.642975,213.375992,0.605994,3.056083,0.862180,depth,1
1777902011.660555,-0.388808,-0.167362,2.576000,356.747223,213.442337,0.604959,3.004350,0.862180,depth,1
1777902011.671683,-0.385214,-0.165027,2.561000,356.971161,213.671478,0.611006,3.032409,0.875895,depth,1
1777902011.682810,-0.389211,-0.166465,2.596000,357.181671,213.807266,0.627885,3.398345,0.899796,depth,1
1777902011.693938,-0.386579,-0.165127,2.581000,357.245697,213.870102,0.631818,3.424388,0.908325,depth,1
1777902011.705065,-0.376184,-0.161047,2.517000,357.384369,213.867630,0.625041,3.426703,0.891268,depth,1
1777902011.716192,-0.387559,-0.166303,2.596000,357.456146,213.834137,0.624795,3.414398,0.891268,depth,1
1777902011.727320,-0.381439,-0.163998,2.561000,357.606781,213.844666,0.629802,3.371819,0.905913,depth,1
1777902011.738447,-0.380158,-0.164336,2.561000,357.822540,213.787735,0.608357,2.964137,0.872685,depth,1
1777902011.749574,-0.379952,-0.165651,2.571000,358.106201,213.674835,0.624137,3.264505,0.897118,depth,1
1777902011.760702,-0.382306,-0.168287,2.591000,358.206268,213.450500,0.599445,2.959690,0.850629,depth,1
1777902011.771830,-0.381025,-0.169629,2.591000,358.419556,213.227203,0.631366,3.328863,0.911973,depth,1
1777902011.782957,-0.378194,-0.169569,2.576000,358.524261,213.072815,0.630785,3.420963,0.905913,depth,1
1777902011.794085,-0.378936,-0.172282,2.591000,358.767181,212.785599,0.627305,3.307284,0.902898,depth,1
1777902011.805212,-0.372182,-0.173368,2.561000,359.165863,212.266663,0.616280,3.329792,0.874210,depth,1
1777902011.816339,-0.371034,-0.175430,2.561000,359.359100,211.919479,0.619951,3.342772,0.882739,depth,1
1777902011.827467,-0.372582,-0.180514,2.581000,359.584564,211.298843,0.613315,3.352151,0.865681,depth,1
1777902011.838594,-0.373168,-0.183887,2.591000,359.727417,210.853851,0.637105,3.434315,0.921047,depth,1
1777902011.849721,-0.367445,-0.185911,2.571000,360.204254,210.276138,0.626292,3.372232,0.897118,depth,1
1777902011.860849,-0.366371,-0.188974,2.571000,360.384369,209.762360,0.623758,3.362553,0.891268,depth,1
1777902011.871976,-0.365035,-0.194768,2.576000,360.727417,208.853851,0.636793,3.418736,0.921047,depth,1
1777902011.883103,-0.362976,-0.199610,2.576000,361.072113,208.043274,0.610452,3.004685,0.875895,depth,1
1777902011.894232,-0.362196,-0.204821,2.581000,361.320068,207.237152,0.632971,3.409084,0.911973,depth,1
1777902011.905358,-0.360227,-0.208961,2.581000,361.649109,206.545456,0.622829,3.316098,0.891268,depth,1
1777902011.916486,-0.354774,-0.212854,2.561000,362.097351,205.617157,0.621101,3.288596,0.888323,depth,1
1777902011.927613,-0.353345,-0.218085,2.561000,362.338074,204.736176,0.627867,3.397435,0.899796,depth,1
1777902011.938740,-0.347324,-0.221900,2.531000,362.658691,203.650711,0.623870,3.368156,0.891268,depth,1
1777902011.949868,-0.344134,-0.228938,2.531000,363.202271,202.451462,0.606767,2.988899,0.867473,depth,1
1777902011.960995,-0.348472,-0.240030,2.581000,363.613464,201.353683,0.609127,3.049303,0.870352,depth,1
1777902011.972123,-0.344610,-0.244935,2.561000,363.809082,200.214401,0.608748,3.030380,0.870352,depth,1
1777902011.983250,-0.339149,-0.250055,2.541000,364.279114,199.020737,0.625532,3.451241,0.891268,depth,1
1777902011.994377,-0.332629,-0.253230,2.507000,364.620178,197.899033,0.636271,3.519350,0.914709,depth,1
1777902012.005505,-0.335437,-0.264959,2.556000,365.243286,196.755127,0.628920,3.450066,0.899796,depth,1
1777902012.016632,-0.338116,-0.276613,2.591000,365.561890,195.419052,0.614369,3.032110,0.884317,depth,1
1777902012.027759,-0.326343,-0.277678,2.526000,366.123810,194.052383,0.614981,3.062724,0.884317,depth,1
1777902012.038887,-0.322880,-0.283644,2.517000,366.518005,192.860718,0.634914,3.579211,0.908325,depth,1
1777902012.050014,-0.320927,-0.293292,2.526000,367.048523,191.386536,0.589870,2.799269,0.834711,depth,1
1777902012.061141,-0.318199,-0.301363,2.531000,367.621704,190.110077,0.638684,3.597098,0.916854,depth,1
1777902012.072269,-0.312632,-0.306648,2.512000,368.167419,188.814301,0.620485,3.126873,0.894869,depth,1
1777902012.083396,-0.307258,-0.312485,2.493000,368.687988,187.403351,0.622672,3.236231,0.894869,depth,1
1777902012.094523,-0.313495,-0.331619,2.576000,369.356384,185.941635,0.645594,3.772047,0.925383,depth,1
1777902012.105651,-0.305439,-0.333576,2.531000,369.796051,184.621002,0.621617,3.183490,0.894869,depth,1
1777902012.116778,-0.297717,-0.337866,2.502000,370.523804,183.222733,0.619713,3.251700,0.886696,depth,1
1777902012.127906,-0.301105,-0.353790,2.561000,371.135468,181.882797,0.622298,3.217529,0.894869,depth,1
1777902012.139034,-0.291545,-0.354930,2.507000,371.687988,180.403351,0.623390,3.272120,0.894869,depth,1
1777902012.150161,-0.286824,-0.362543,2.502000,372.401550,178.968994,0.642970,3.811400,0.916854,depth,1
1777902012.161288,-0.285654,-0.373521,2.531000,373.167419,177.814301,0.622971,3.251172,0.894869,depth,1
1777902012.172416,-0.279037,-0.378056,2.502000,373.743713,176.294815,0.612078,2.969185,0.881737,depth,1
1777902012.183543,-0.273796,-0.384185,2.488000,374.381592,174.865768,0.654891,3.895725,0.942441,depth,1
1777902012.194670,-0.275196,-0.400471,2.541000,375.133911,173.490540,0.599501,3.032718,0.847115,depth,1
1777902012.205798,-0.265554,-0.399401,2.488000,375.810364,172.228149,0.612463,2.988438,0.881737,depth,1
1777902012.216925,-0.263722,-0.410200,2.502000,376.383698,170.754074,0.636366,3.430606,0.919386,depth,1
1777902012.228052,-0.262831,-0.424287,2.541000,377.232635,169.448227,0.608773,3.052442,0.869311,depth,1
1777902012.239180,-0.255446,-0.424853,2.502000,377.810364,168.228149,0.611158,2.923190,0.881737,depth,1
1777902012.250307,-0.265898,-0.451174,2.638000,378.371613,167.700455,0.637571,3.876471,0.900103,depth,1
1777902012.261434,-0.257332,-0.461477,2.617000,379.434509,165.410721,0.641988,3.988609,0.905540,depth,1
1777902012.272562,-0.239331,-0.445609,2.483000,380.272430,164.062500,0.632807,3.346182,0.914709,depth,1
1777902012.283689,-0.239226,-0.456113,2.512000,380.770355,163.152588,0.613653,3.047926,0.881737,depth,1
1777902012.294816,-0.235122,-0.461094,2.507000,381.394592,162.139603,0.619602,3.165049,0.890753,depth,1
1777902012.305944,-0.230192,-0.465472,2.497000,382.084045,161.065826,0.626492,3.205007,0.905980,depth,1
1777902012.317071,-0.232752,-0.487261,2.576000,382.874817,159.883270,0.640581,3.768119,0.913046,depth,1
1777902012.328198,-0.220594,-0.478114,2.493000,383.680725,158.749649,0.616415,3.286569,0.876709,depth,1
1777902012.339326,-0.220626,-0.487703,2.521000,384.099030,158.027893,0.644200,3.794991,0.920751,depth,1
1777902012.350453,-0.216844,-0.495449,2.531000,384.892609,157.037659,0.619187,3.277199,0.884107,depth,1
1777902012.361581,-0.211196,-0.495229,2.507000,385.510559,156.267227,0.615149,3.223268,0.876709,depth,1
1777902012.372709,-0.217693,-0.517372,2.606000,385.815552,155.839249,0.620958,3.171444,0.893824,depth,1
1777902012.383836,-0.214692,-0.522733,2.617000,386.461548,155.315582,0.625789,3.327068,0.898120,depth,1
1777902012.394963,-0.199442,-0.504702,2.493000,387.339996,154.149994,0.614728,3.145827,0.879528,depth,1
1777902012.406090,-0.196749,-0.509767,2.502000,387.928284,153.591080,0.595757,2.922421,0.843270,depth,1
1777902012.417218,-0.192594,-0.512019,2.497000,388.578125,153.026047,0.597177,2.971922,0.844347,depth,1
1777902012.428345,-0.191592,-0.515369,2.507000,388.883087,152.802521,0.606668,3.089793,0.862180,depth,1
1777902012.439472,-0.187150,-0.511713,2.483000,389.336151,152.580505,0.623785,3.221916,0.898366,depth,1
1777902012.450600,-0.185088,-0.511069,2.479000,389.642365,152.549255,0.613291,3.103595,0.878047,depth,1
1777902012.461727,-0.182294,-0.509289,2.469000,390.000000,152.500000,0.622315,3.422254,0.884674,depth,1
1777902012.472854,-0.180168,-0.510370,2.474000,390.435059,152.491302,0.616903,3.142007,0.885157,depth,1
1777902012.483982,-0.177211,-0.505520,2.460000,390.774628,152.835358,0.612435,3.060821,0.878047,depth,1
1777902012.495109,-0.177774,-0.508848,2.483000,390.964600,153.078171,0.604076,2.997799,0.860300,depth,1
1777902012.506236,-0.175196,-0.502239,2.465000,391.190247,153.589218,0.608992,3.034934,0.870732,depth,1
1777902012.517364,-0.173901,-0.502761,2.479000,391.588654,153.994675,0.610917,3.261401,0.864223,depth,1
1777902012.528491,-0.175104,-0.497715,2.479000,391.379425,154.872498,0.647618,3.873241,0.925383,depth,1
1777902012.539618,-0.177586,-0.497538,2.507000,391.292633,155.870102,0.634457,3.556319,0.908325,depth,1
1777902012.550746,-0.178408,-0.495481,2.526000,391.382111,156.865036,0.614548,3.243217,0.874210,depth,1
1777902012.561873,-0.179395,-0.496903,2.546000,391.454193,157.288803,0.630488,3.405459,0.905948,depth,1
1777902012.573000,-0.172134,-0.471213,2.442000,391.442322,158.241028,0.627653,3.402026,0.899032,depth,1
1777902012.584128,-0.171145,-0.462004,2.428000,391.442749,159.396942,0.630230,3.392557,0.905948,depth,1
1777902012.595255,-0.183267,-0.487841,2.596000,391.396149,160.415390,0.626523,3.345496,0.899032,depth,1
1777902012.606382,-0.182360,-0.476765,2.571000,391.252228,161.485428,0.620551,3.329191,0.884917,depth,1
1777902012.617511,-0.181186,-0.464684,2.541000,391.090332,162.591599,0.629192,3.340665,0.905948,depth,1
1777902012.628638,-0.179861,-0.452529,2.512000,390.962830,163.767944,0.605814,2.989072,0.865081,depth,1
1777902012.639765,-0.188729,-0.462221,2.612000,390.680756,165.142303,0.606424,3.019584,0.865081,depth,1
1777902012.650892,-0.180872,-0.431984,2.479000,390.375824,166.308105,0.618745,3.091901,0.892266,depth,1
1777902012.662019,-0.184692,-0.432017,2.517000,390.196411,167.437073,0.600918,2.911540,0.856718,depth,1
1777902012.673147,-0.183879,-0.417734,2.483000,389.904266,168.904266,0.643994,3.689759,0.925497,depth,1
1777902012.684275,-0.204134,-0.438831,2.697000,389.199554,171.287979,0.613459,3.059455,0.880674,depth,1
1777902012.695402,-0.193043,-0.410211,2.546000,389.142242,171.974136,0.640298,3.609116,0.920288,depth,1
1777902012.706529,-0.192119,-0.399282,2.521000,388.976013,173.154663,0.631032,3.570425,0.899059,depth,1
1777902012.717657,-0.192750,-0.388204,2.497000,388.551117,174.411682,0.620482,3.178765,0.892266,depth,1
1777902012.728784,-0.195496,-0.380960,2.497000,388.076813,175.662766,0.596338,2.781471,0.851772,depth,1
1777902012.739911,-0.198912,-0.374582,2.512000,387.691986,177.150665,0.607317,3.076754,0.864454,depth,1
1777902012.751039,-0.201413,-0.368254,2.521000,387.385956,178.462891,0.612736,3.075839,0.878047,depth,1
1777902012.762166,-0.202576,-0.358274,2.502000,386.923798,179.704758,0.631222,3.435059,0.906303,depth,1
1777902012.773293,-0.205490,-0.352317,2.517000,386.632629,181.093613,0.592766,2.930515,0.835389,depth,1
1777902012.784421,-0.206951,-0.341835,2.497000,386.098206,182.420471,0.622008,3.270262,0.891506,depth,1
1777902012.795548,-0.208583,-0.333534,2.488000,385.686035,183.645920,0.622463,3.293024,0.891506,depth,1
1777902012.806675,-0.214924,-0.331006,2.531000,385.219818,185.058914,0.615905,3.132459,0.883140,depth,1
1777902012.817803,-0.219532,-0.328368,2.561000,384.872894,186.163849,0.623283,3.196839,0.898366,depth,1
1777902012.828930,-0.220646,-0.318342,2.541000,384.392761,187.430435,0.612991,3.139040,0.875526,depth,1
1777902012.840057,-0.220694,-0.308251,2.512000,383.952179,188.539124,0.612171,3.097994,0.875527,depth,1
1777902012.851184,-0.221801,-0.299664,2.497000,383.533325,189.704346,0.611587,3.068811,0.875527,depth,1
1777902012.862312,-0.231192,-0.301878,2.576000,383.135956,190.921051,0.631737,3.498407,0.904421,depth,1
1777902012.873439,-0.230904,-0.291632,2.541000,382.651642,191.963959,0.621064,3.440791,0.880620,depth,1
1777902012.884566,-0.234910,-0.288143,2.561000,382.283173,192.938049,0.627346,3.437531,0.896488,depth,1
1777902012.895694,-0.232367,-0.274909,2.507000,381.868408,194.169586,0.606614,2.972457,0.867913,depth,1
1777902012.906821,-0.236418,-0.271161,2.526000,381.477478,195.165161,0.619197,3.347450,0.880620,depth,1
1777902012.917948,-0.237760,-0.264615,2.512000,381.022125,196.030975,0.626589,3.399722,0.896488,depth,1
1777902012.929076,-0.244744,-0.262822,2.556000,380.546417,197.115677,0.624625,3.333890,0.894869,depth,1
1777902012.940203,-0.241582,-0.253003,2.507000,380.283173,197.938049,0.627042,3.422331,0.896488,depth,1
1777902012.951330,-0.244637,-0.247582,2.517000,379.924774,199.039825,0.626171,3.378794,0.896488,depth,1
1777902012.962458,-0.246434,-0.241356,2.507000,379.448547,199.941635,0.648293,3.906966,0.925383,depth,1
1777902012.973585,-0.251334,-0.239185,2.541000,379.184021,200.865768,0.627228,3.300565,0.903041,depth,1
1777902012.984712,-0.250185,-0.230471,2.502000,378.717255,201.735123,0.621113,3.284581,0.888554,depth,1
1777902012.995840,-0.251987,-0.223879,2.497000,378.319519,202.794159,0.645637,3.774192,0.925383,depth,1
1777902013.006967,-0.256629,-0.222166,2.521000,377.939789,203.455215,0.614684,2.942732,0.889574,depth,1
1777902013.018094,-0.256433,-0.214508,2.502000,377.640106,204.486725,0.602909,2.939468,0.860300,depth,1
1777902013.029222,-0.259953,-0.212428,2.521000,377.371216,205.121216,0.615380,3.315243,0.872687,depth,1
1777902013.040349,-0.265285,-0.210513,2.556000,377.080353,205.941971,0.622145,3.336161,0.888554,depth,1
1777902013.051476,-0.264952,-0.203983,2.531000,376.694946,206.703873,0.621664,3.312126,0.888554,depth,1
1777902013.062604,-0.262783,-0.196764,2.497000,376.454956,207.477478,0.619225,3.348825,0.880620,depth,1
1777902013.073731,-0.271506,-0.197181,2.556000,376.030701,208.191513,0.605957,2.939584,0.867913,depth,1
1777902013.084858,-0.267108,-0.188510,2.502000,375.799988,208.968185,0.614367,3.264623,0.872687,depth,1
1777902013.095986,-0.271542,-0.185695,2.526000,375.480438,209.757431,0.637407,3.703844,0.908325,depth,1
1777902013.107113,-0.276278,-0.185029,2.561000,375.316589,210.302887,0.622575,3.231356,0.894869,depth,1
1777902013.118240,-0.279004,-0.181117,2.571000,375.040192,211.080353,0.620493,3.253571,0.888554,depth,1
1777902013.129368,-0.279196,-0.176206,2.561000,374.825043,211.788834,0.626172,3.247758,0.903041,depth,1
1777902013.140495,-0.280704,-0.172793,2.561000,374.571198,212.363632,0.591728,2.837210,0.837460,depth,1
1777902013.151622,-0.277311,-0.166827,2.521000,374.401550,212.922485,0.640135,3.669658,0.916854,depth,1
1777902013.162750,-0.278874,-0.162297,2.521000,374.134247,213.697525,0.626664,3.141519,0.909583,depth,1
1777902013.173877,-0.281597,-0.160110,2.541000,374.047607,214.287247,0.596518,2.818168,0.850386,depth,1
1777902013.185004,-0.282063,-0.155828,2.531000,373.779358,214.909531,0.616350,3.131170,0.884317,depth,1
1777902013.196132,-0.284298,-0.152887,2.541000,373.589142,215.513184,0.613995,3.129257,0.878524,depth,1
1777902013.207259,-0.288186,-0.151790,2.571000,373.500000,216.000000,0.648194,3.587785,0.941095,depth,1
1777902013.218386,-0.289010,-0.147825,2.571000,373.361755,216.665085,0.628453,3.426697,0.899796,depth,1
1777902013.229514,-0.287520,-0.144173,2.556000,373.328583,217.135864,0.629434,3.475785,0.899796,depth,1
1777902013.240641,-0.290076,-0.141411,2.571000,373.182861,217.741104,0.630528,3.408118,0.905913,depth,1
1777902013.251768,-0.291282,-0.138202,2.581000,373.169922,218.369278,0.624949,3.305106,0.897118,depth,1
1777902013.262896,-0.293135,-0.136004,2.591000,373.049255,218.824295,0.633691,3.263619,0.921047,depth,1
1777902013.274023,-0.290845,-0.132210,2.571000,373.053864,219.284515,0.613545,3.262619,0.870732,depth,1
1777902013.285150,-0.289378,-0.127814,2.556000,373.015076,219.896149,0.625123,3.198160,0.902898,depth,1
1777902013.296277,-0.293826,-0.126513,2.591000,372.934357,220.404037,0.611199,3.145296,0.870732,depth,1
1777902013.307405,-0.291590,-0.123275,2.571000,372.928925,220.783417,0.620310,3.139016,0.893824,depth,1
1777902013.318532,-0.290842,-0.119936,2.571000,373.054413,221.343536,0.606835,3.103008,0.861937,depth,1
1777902013.329659,-0.293227,-0.118621,2.591000,373.034027,221.717682,0.605265,3.024512,0.861937,depth,1
1777902013.340787,-0.289370,-0.115633,2.561000,373.111694,221.989685,0.625245,3.090395,0.908592,depth,1
1777902013.351914,-0.292588,-0.114585,2.591000,373.140350,222.389481,0.618825,3.472938,0.873416,depth,1
1777902013.363041,-0.289747,-0.111866,2.571000,373.238098,222.697281,0.605484,3.035470,0.861937,depth,1
1777902013.374169,-0.290272,-0.110330,2.581000,373.338654,223.026596,0.612205,3.000406,0.880491,depth,1
1777902013.385296,-0.288632,-0.108001,2.571000,373.425049,223.345673,0.626860,3.402618,0.897020,depth,1
1777902013.396423,-0.289788,-0.107978,2.591000,373.606384,223.489365,0.635223,3.326889,0.921714,depth,1
1777902013.407551,-0.288006,-0.107627,2.581000,373.717377,223.478256,0.625464,3.231122,0.902103,depth,1
1777902013.418678,-0.286017,-0.105670,2.571000,373.863708,223.736649,0.608291,3.233537,0.859051,depth,1
1777902013.429805,-0.287489,-0.105269,2.591000,373.989136,223.940216,0.625677,3.241802,0.902103,depth,1
1777902013.440933,-0.285274,-0.105460,2.581000,374.173767,223.840424,0.609550,2.867650,0.880492,depth,1
1777902013.452060,-0.283295,-0.106509,2.576000,374.412598,223.630630,0.615447,3.211631,0.878036,depth,1
1777902013.463187,-0.284417,-0.108704,2.606000,374.772888,223.472534,0.648263,3.711660,0.935074,depth,1
1777902013.474315,-0.281850,-0.109260,2.591000,374.927765,223.275925,0.645520,3.780010,0.924799,depth,1
1777902013.485442,-0.281068,-0.110983,2.591000,375.057983,222.989136,0.600718,2.800767,0.861758,depth,1
1777902013.496569,-0.277825,-0.113254,2.581000,375.418488,222.538040,0.626172,3.266559,0.902103,depth,1
1777902013.507697,-0.278140,-0.115964,2.596000,375.634399,222.197128,0.605359,3.167366,0.855029,depth,1
1777902013.518824,-0.271204,-0.117944,2.546000,375.901855,221.483337,0.617987,3.249528,0.882492,depth,1
1777902013.529951,-0.271118,-0.123378,2.571000,376.363007,220.766144,0.604565,2.896230,0.866601,depth,1
1777902013.541079,-0.271574,-0.128110,2.591000,376.638306,220.138290,0.589650,2.947378,0.826756,depth,1
1777902013.552206,-0.261152,-0.129787,2.517000,377.094971,219.224014,0.632827,3.403175,0.911909,depth,1
1777902013.563333,-0.264210,-0.137406,2.561000,377.348877,218.322968,0.637270,3.543427,0.916005,depth,1
1777902013.574461,-0.260467,-0.142412,2.546000,377.720764,217.338562,0.609311,3.133511,0.866601,depth,1
1777902013.585588,-0.255854,-0.147533,2.531000,378.245239,216.322968,0.640119,3.685844,0.916005,depth,1
1777902013.596715,-0.256297,-0.156889,2.556000,378.597076,214.990295,0.629858,3.374653,0.905913,depth,1
1777902013.607843,-0.254247,-0.164263,2.556000,378.942871,213.746033,0.613887,3.008008,0.884317,depth,1
1777902013.618970,-0.251856,-0.171163,2.556000,379.346405,212.581696,0.627860,3.450634,0.897118,depth,1
1777902013.630097,-0.245865,-0.177678,2.526000,379.864532,211.126328,0.622186,3.211944,0.894869,depth,1
1777902013.641225,-0.240793,-0.184364,2.507000,380.418915,209.746246,0.642254,3.743554,0.918458,depth,1
1777902013.652352,-0.244284,-0.198727,2.571000,380.864532,208.126328,0.625627,3.383964,0.894869,depth,1
1777902013.663479,-0.239266,-0.205067,2.541000,381.232330,206.656570,0.623385,3.064283,0.905250,depth,1
1777902013.674607,-0.237607,-0.216044,2.556000,381.750732,205.008698,0.636937,3.599786,0.912355,depth,1
1777902013.685734,-0.233716,-0.225025,2.541000,382.174347,203.269180,0.619563,3.295998,0.884107,depth,1
1777902013.696861,-0.230292,-0.234764,2.541000,382.755646,201.616196,0.618935,3.101428,0.892266,depth,1
1777902013.707989,-0.226576,-0.244196,2.531000,383.234283,199.851410,0.617170,3.155365,0.885157,depth,1
1777902013.719116,-0.224645,-0.255673,2.541000,383.714111,198.067200,0.623817,3.203314,0.899376,depth,1
1777902013.730243,-0.222868,-0.268509,2.561000,384.311096,196.244446,0.630030,3.371800,0.906486,depth,1
1777902013.741370,-0.220872,-0.279698,2.561000,384.647125,194.360199,0.638960,3.576730,0.918564,depth,1
1777902013.752498,-0.214642,-0.287015,2.531000,385.267883,192.555145,0.621921,3.279833,0.890811,depth,1
1777902013.763624,-0.213659,-0.300324,2.546000,385.649872,190.588730,0.597709,2.978135,0.845367,depth,1
1777902013.774751,-0.208963,-0.309571,2.531000,386.235565,188.711426,0.615149,3.093683,0.883188,depth,1
1777902013.785879,-0.203831,-0.317312,2.502000,386.707611,186.765640,0.611155,3.188702,0.868453,depth,1
1777902013.797007,-0.203191,-0.332459,2.531000,387.219208,184.811295,0.632909,3.232720,0.920637,depth,1
1777902013.808134,-0.198641,-0.343267,2.526000,387.927551,182.853958,0.618849,3.217728,0.886237,depth,1
1777902013.819262,-0.196796,-0.355964,2.531000,388.308929,180.806046,0.621047,3.138949,0.895671,depth,1
1777902013.830389,-0.191364,-0.363008,2.507000,388.922302,179.013519,0.623629,3.179397,0.900103,depth,1
1777902013.841515,-0.188414,-0.374061,2.502000,389.365143,176.983505,0.635881,3.459533,0.916726,depth,1
1777902013.852643,-0.187709,-0.389200,2.531000,389.857300,175.142685,0.617897,3.106266,0.889429,depth,1
1777902013.863770,-0.182036,-0.395435,2.502000,390.464539,173.299057,0.623931,3.403282,0.889663,depth,1
1777902013.874897,-0.179153,-0.406378,2.502000,390.961487,171.412750,0.624126,3.260483,0.897290,depth,1
1777902013.886025,-0.190029,-0.438201,2.654000,390.962677,170.253326,0.628324,3.435027,0.899059,depth,1
1777902013.897152,-0.172398,-0.426629,2.488000,391.958679,167.508270,0.614029,3.295652,0.870289,depth,1
1777902013.908280,-0.167888,-0.434724,2.474000,392.575745,165.678528,0.625270,3.275963,0.899376,depth,1
1777902013.919407,-0.166926,-0.445028,2.483000,392.848938,164.163544,0.608865,3.145321,0.864897,depth,1
1777902013.930534,-0.163801,-0.453869,2.479000,393.345825,162.500626,0.630023,3.533610,0.898376,depth,1
1777902013.941661,-0.161349,-0.463166,2.479000,393.772461,160.883148,0.594790,2.824711,0.845738,depth,1
1777902013.952790,-0.159476,-0.471574,2.479000,394.098206,159.420471,0.625095,3.424613,0.891506,depth,1
1777902013.963917,-0.155699,-0.480066,2.474000,394.700684,157.774155,0.607958,2.979135,0.870937,depth,1
1777902013.975044,-0.153339,-0.492581,2.488000,395.262482,156.075684,0.618421,3.266265,0.882739,depth,1
1777902013.986171,-0.148952,-0.493682,2.451000,395.633209,154.593033,0.616351,3.114401,0.885157,depth,1
1777902013.997298,-0.147983,-0.503532,2.465000,395.951599,153.362900,0.627431,3.534224,0.891867,depth,1
1777902014.008425,-0.146878,-0.511296,2.469000,396.186554,152.149521,0.607264,3.086648,0.863828,depth,1
1777902014.019553,-0.145442,-0.523573,2.488000,396.631287,150.703400,0.591271,2.811481,0.837602,depth,1
1777902014.030680,-0.142973,-0.523807,2.460000,396.777313,149.629318,0.624447,3.392255,0.891506,depth,1
1777902014.041808,-0.142250,-0.533383,2.474000,397.045074,148.479507,0.616906,3.295636,0.877482,depth,1
1777902014.052936,-0.139724,-0.538853,2.474000,397.485504,147.526093,0.613051,3.141999,0.875527,depth,1
1777902014.064063,-0.138172,-0.542508,2.465000,397.668121,146.543472,0.612524,3.115657,0.875527,depth,1
1777902014.075189,-0.136219,-0.543831,2.451000,397.873657,145.768646,0.625672,3.386220,0.894869,depth,1
1777902014.086318,-0.134401,-0.546658,2.442000,398.106476,144.916672,0.607378,3.232497,0.856820,depth,1
1777902014.097445,-0.133141,-0.548791,2.437000,398.280609,144.341080,0.614608,3.159909,0.878524,depth,1
1777902014.108572,-0.133794,-0.556657,2.460000,398.386536,143.870102,0.633681,3.517547,0.908325,depth,1
1777902014.119699,-0.134074,-0.562197,2.469000,398.423065,143.258011,0.610278,2.995987,0.875895,depth,1
1777902014.130826,-0.133143,-0.562926,2.465000,398.548065,142.971161,0.633471,3.379359,0.914709,depth,1
1777902014.141954,-0.133980,-0.566431,2.479000,398.533966,142.917480,0.629247,3.344105,0.905913,depth,1
1777902014.153082,-0.133710,-0.565289,2.474000,398.533966,142.917480,0.628663,3.314901,0.905913,depth,1
1777902014.164208,-0.133359,-0.563839,2.469000,398.548065,142.971161,0.631895,3.300594,0.914709,depth,1
1777902014.175335,-0.133143,-0.562926,2.465000,398.548065,142.971161,0.633159,3.363764,0.914709,depth,1
1777902014.186463,-0.134538,-0.564822,2.479000,398.436890,143.197418,0.605865,2.943772,0.867473,depth,1
1777902014.197591,-0.135286,-0.562272,2.483000,398.344604,143.798706,0.621288,3.409633,0.882739,depth,1
1777902014.208718,-0.134124,-0.555141,2.460000,398.328583,144.135864,0.628706,3.439389,0.899796,depth,1
1777902014.219845,-0.133447,-0.546167,2.437000,398.226471,144.805420,0.626156,3.482436,0.891268,depth,1
1777902014.230973,-0.135239,-0.546028,2.455000,398.084930,145.538467,0.611151,3.039662,0.875895,depth,1
1777902014.242100,-0.138150,-0.542865,2.460000,397.622833,146.287949,0.610710,3.128478,0.870352,depth,1
1777902014.253227,-0.139450,-0.539160,2.465000,397.444458,147.129379,0.622035,3.204379,0.894869,depth,1
1777902014.264354,-0.141846,-0.540118,2.493000,397.304016,148.023148,0.631589,3.706726,0.893635,depth,1
1777902014.275481,-0.142044,-0.528549,2.469000,397.030975,149.135696,0.604010,2.994511,0.860300,depth,1
1777902014.286608,-0.145562,-0.525741,2.488000,396.610626,150.327591,0.613800,3.027226,0.883140,depth,1
1777902014.297737,-0.145631,-0.516184,2.474000,396.455750,151.477875,0.628121,3.476299,0.896488,depth,1
1777902014.308864,-0.147804,-0.511082,2.483000,396.170349,152.690155,0.618774,3.147227,0.889574,depth,1
1777902014.319990,-0.147922,-0.500896,2.460000,395.909515,153.646027,0.615157,3.071534,0.884317,depth,1
1777902014.331118,-0.151724,-0.495571,2.483000,395.489349,155.384399,0.610954,3.161490,0.869311,depth,1
1777902014.342246,-0.155829,-0.492434,2.512000,395.088898,156.916672,0.617136,3.206973,0.882492,depth,1
1777902014.353373,-0.158879,-0.479628,2.502000,394.456146,158.786285,0.623415,3.345385,0.891268,depth,1
1777902014.364501,-0.158168,-0.467787,2.469000,394.214386,159.749649,0.624785,3.409142,0.891506,depth,1
1777902014.375628,-0.159880,-0.458390,2.469000,393.915314,161.391129,0.627486,3.536937,0.891867,depth,1
1777902014.386755,-0.162915,-0.451130,2.479000,393.500000,162.977097,0.605870,2.858784,0.871736,depth,1
1777902014.397882,-0.166786,-0.445198,2.497000,393.035706,164.567459,0.634540,3.601985,0.906252,depth,1
1777902014.409009,-0.168091,-0.437393,2.493000,392.763580,165.794418,0.616847,3.351935,0.874521,depth,1
1777902014.420136,-0.171455,-0.425922,2.493000,392.181671,167.778824,0.631297,3.568938,0.899796,depth,1
1777902014.431264,-0.183548,-0.428046,2.596000,391.349457,170.349457,0.607681,3.233283,0.857538,depth,1
1777902014.442391,-0.176987,-0.404433,2.488000,391.163147,171.355835,0.613045,3.118052,0.876709,depth,1
1777902014.453519,-0.181898,-0.401929,2.526000,390.786194,172.837982,0.620138,3.161551,0.892266,depth,1
1777902014.464647,-0.182799,-0.387253,2.493000,390.219147,174.468506,0.615266,3.197578,0.878285,depth,1
1777902014.475773,-0.186320,-0.379258,2.512000,389.853912,176.347946,0.623861,3.635487,0.877877,depth,1
1777902014.486900,-0.188033,-0.366183,2.483000,389.182739,177.858429,0.593978,2.919261,0.838982,depth,1
1777902014.498028,-0.192715,-0.362146,2.521000,388.874023,179.507874,0.638994,3.680820,0.913444,depth,1
1777902014.509156,-0.194263,-0.348290,2.497000,388.289856,181.305664,0.624252,3.225104,0.899376,depth,1
1777902014.520283,-0.197350,-0.340090,2.502000,387.824768,182.839264,0.604232,2.912557,0.864953,depth,1
1777902014.531410,-0.200820,-0.331071,2.507000,387.295563,184.507812,0.617994,3.195681,0.885201,depth,1
1777902014.542537,-0.204129,-0.321722,2.517000,386.865875,186.335983,0.623054,3.595166,0.877877,depth,1
1777902014.553664,-0.207286,-0.311852,2.512000,386.254150,187.920822,0.596211,2.901349,0.845461,depth,1
1777902014.564792,-0.208534,-0.301680,2.502000,385.896820,189.460312,0.635734,3.661654,0.906252,depth,1
1777902014.575919,-0.212446,-0.293331,2.512000,385.368225,191.100769,0.601982,2.930566,0.858427,depth,1
1777902014.587046,-0.216763,-0.286115,2.526000,384.833344,192.611984,0.599079,2.918522,0.851772,depth,1
1777902014.598174,-0.219946,-0.276195,2.526000,384.289856,194.305664,0.624645,3.244733,0.899376,depth,1
1777902014.609301,-0.218749,-0.262248,2.479000,383.786194,195.837982,0.619505,3.129907,0.892266,depth,1
1777902014.620428,-0.227330,-0.260391,2.541000,383.258362,197.266403,0.615861,3.089921,0.885157,depth,1
1777902014.631555,-0.226488,-0.248391,2.507000,382.879883,198.731445,0.636116,3.531758,0.913701,depth,1
1777902014.642683,-0.232012,-0.241820,2.531000,382.308105,200.256302,0.619656,3.137470,0.892266,depth,1
1777902014.653810,-0.230544,-0.230437,2.493000,381.959351,201.597565,0.623079,3.460454,0.884674,depth,1
1777902014.664937,-0.238845,-0.226770,2.546000,381.383392,203.048645,0.588897,2.879259,0.828279,depth,1
1777902014.676065,-0.241443,-0.218696,2.541000,380.862915,204.343430,0.627024,3.246183,0.905250,depth,1
1777902014.687192,-0.246401,-0.212352,2.561000,380.347900,205.701599,0.621125,3.108025,0.897412,depth,1
1777902014.698319,-0.244198,-0.201126,2.517000,380.000000,207.000000,0.635975,3.551665,0.912355,depth,1
1777902014.709447,-0.249578,-0.195732,2.541000,379.482147,208.241074,0.625133,3.485583,0.888554,depth,1
1777902014.720574,-0.253935,-0.190475,2.556000,378.995605,209.323105,0.608555,3.069464,0.867913,depth,1
1777902014.731701,-0.257892,-0.183981,2.571000,378.581818,210.600006,0.615606,3.326535,0.872687,depth,1
1777902014.742829,-0.258533,-0.175666,2.556000,378.219666,211.821808,0.619273,3.229707,0.886696,depth,1
1777902014.753956,-0.258924,-0.166540,2.521000,377.547180,212.971695,0.645426,3.625297,0.932299,depth,1
1777902014.765083,-0.263909,-0.163060,2.556000,377.312592,213.948959,0.627464,3.547837,0.891268,depth,1
1777902014.776211,-0.268270,-0.156940,2.561000,376.665070,215.033340,0.615360,3.081686,0.884317,depth,1
1777902014.787338,-0.266367,-0.149076,2.526000,376.364075,216.009705,0.632717,3.517564,0.905913,depth,1
1777902014.798465,-0.269157,-0.143218,2.521000,375.796478,216.961533,0.609894,2.976785,0.875895,depth,1
1777902014.809593,-0.274450,-0.139541,2.556000,375.533966,217.917480,0.629162,3.339809,0.905913,depth,1
1777902014.820720,-0.277109,-0.134307,2.561000,375.176575,218.844879,0.618919,3.179503,0.888323,depth,1
1777902014.831847,-0.279191,-0.129307,2.556000,374.734039,219.644211,0.611718,3.072403,0.875675,depth,1
1777902014.842975,-0.281871,-0.124083,2.556000,374.281799,220.525772,0.626649,3.496374,0.891804,depth,1
1777902014.854102,-0.287213,-0.120656,2.591000,374.035095,221.378952,0.616773,3.370324,0.873416,depth,1
1777902014.865230,-0.288562,-0.116083,2.591000,373.810577,222.140259,0.613807,3.319461,0.868543,depth,1
1777902014.876358,-0.289518,-0.111638,2.576000,373.370758,222.771835,0.597333,2.897601,0.848452,depth,1
1777902014.887485,-0.291955,-0.107562,2.576000,372.962769,223.454376,0.630379,3.726780,0.889608,depth,1
1777902014.898612,-0.294250,-0.103727,2.591000,372.863647,224.196976,0.633514,3.590734,0.904248,depth,1
1777902014.909740,-0.293537,-0.100510,2.571000,372.602264,224.602280,0.606819,3.083349,0.862881,depth,1
1777902014.920867,-0.297156,-0.096968,2.576000,372.091949,225.227966,0.626400,3.440570,0.893972,depth,1
1777902014.931994,-0.299006,-0.094088,2.581000,371.879150,225.740738,0.630880,3.369044,0.908748,depth,1
1777902014.943123,-0.300778,-0.091923,2.591000,371.777130,226.161743,0.624905,3.282858,0.898120,depth,1
1777902014.954250,-0.300522,-0.089133,2.576000,371.528412,226.539780,0.603532,2.918978,0.862881,depth,1
1777902014.965377,-0.306378,-0.087936,2.606000,371.138550,226.909637,0.631316,3.670604,0.894760,depth,1
1777902014.976505,-0.305043,-0.084799,2.591000,371.067078,227.347565,0.624168,3.167991,0.902020,depth,1
1777902014.987632,-0.303304,-0.083236,2.571000,370.963867,227.500000,0.629085,3.193854,0.913021,depth,1
1777902014.998759,-0.307264,-0.082361,2.596000,370.795959,227.779800,0.614083,3.166925,0.876862,depth,1
1777902015.009887,-0.309827,-0.081762,2.612000,370.685425,227.962494,0.643369,3.672457,0.924799,depth,1
1777902015.021014,-0.307702,-0.080956,2.591000,370.624481,227.987335,0.637955,3.632989,0.913239,depth,1
1777902015.032142,-0.308669,-0.081111,2.596000,370.562500,227.987503,0.614474,3.123299,0.880020,depth,1
1777902015.043270,-0.307338,-0.080043,2.571000,370.287201,228.035645,0.625813,3.546424,0.887212,depth,1
1777902015.054397,-0.309267,-0.080786,2.581000,370.164642,227.963409,0.625854,3.613124,0.883980,depth,1
1777902015.065524,-0.309753,-0.080959,2.581000,370.083344,227.934525,0.635127,3.645554,0.905540,depth,1
1777902015.076651,-0.315591,-0.083425,2.627000,370.031250,227.766663,0.641268,3.567424,0.924799,depth,1
1777902015.087779,-0.313512,-0.083489,2.612000,370.076935,227.677353,0.629943,3.463580,0.901679,depth,1
1777902015.098907,-0.308566,-0.084900,2.571000,370.081238,227.220840,0.641773,3.592672,0.924799,depth,1
1777902015.110034,-0.310684,-0.086918,2.596000,370.227753,227.022781,0.630097,3.537410,0.898372,depth,1
1777902015.121162,-0.310861,-0.089223,2.591000,370.098755,226.611115,0.618332,3.096198,0.891020,depth,1
1777902015.132289,-0.308857,-0.092434,2.591000,370.432312,226.076767,0.611951,3.060322,0.876862,depth,1
1777902015.143416,-0.307640,-0.094933,2.591000,370.634918,225.660721,0.606388,3.056481,0.863145,depth,1
1777902015.154544,-0.310790,-0.099972,2.617000,370.624481,224.987335,0.638767,3.673597,0.913239,depth,1
1777902015.165671,-0.305582,-0.101619,2.581000,370.780396,224.482346,0.615120,3.287581,0.873421,depth,1
1777902015.176798,-0.306262,-0.105725,2.591000,370.864258,223.864273,0.650365,3.881204,0.931852,depth,1
1777902015.187927,-0.310339,-0.113002,2.638000,371.105896,222.988235,0.644275,3.887332,0.916321,depth,1
1777902015.199054,-0.302681,-0.114887,2.581000,371.265106,222.265106,0.604602,2.900226,0.866493,depth,1
1777902015.210181,-0.302235,-0.121345,2.591000,371.534485,221.264374,0.601653,3.021150,0.853076,depth,1
1777902015.221309,-0.297217,-0.125312,2.561000,371.790253,220.359558,0.637401,3.579610,0.914523,depth,1
1777902015.232436,-0.297093,-0.131340,2.571000,372.005707,219.430481,0.616780,3.103770,0.886761,depth,1
1777902015.243563,-0.296373,-0.138026,2.581000,372.319214,218.398590,0.623995,3.259343,0.897020,depth,1
1777902015.254691,-0.293500,-0.144058,2.576000,372.704102,217.344025,0.620478,3.273328,0.887528,depth,1
1777902015.265818,-0.289476,-0.150915,2.561000,373.093964,216.047867,0.611225,2.951424,0.880492,depth,1
1777902015.276946,-0.289564,-0.160132,2.576000,373.363007,214.652710,0.633513,3.545421,0.906512,depth,1
1777902015.288074,-0.284399,-0.165166,2.546000,373.666656,213.484207,0.619825,3.194062,0.889858,depth,1
1777902015.299201,-0.278831,-0.171131,2.526000,374.235962,212.244217,0.621929,3.329975,0.888323,depth,1
1777902015.310328,-0.281275,-0.182630,2.561000,374.475037,210.706924,0.621957,3.443071,0.882739,depth,1
1777902015.321456,-0.278115,-0.191755,2.556000,374.915527,209.107086,0.625848,3.231574,0.903041,depth,1
1777902015.332583,-0.270396,-0.196380,2.512000,375.418915,207.746246,0.644568,3.859225,0.918458,depth,1
1777902015.343710,-0.266050,-0.206009,2.502000,375.982452,205.951752,0.632879,3.555543,0.904421,depth,1
1777902015.354839,-0.270908,-0.220294,2.571000,376.398315,204.508469,0.602729,2.880021,0.862820,depth,1
1777902015.365966,-0.263746,-0.226080,2.526000,376.811523,202.862167,0.640700,3.774072,0.913046,depth,1
1777902015.377093,-0.262254,-0.237393,2.541000,377.330658,201.170013,0.614739,3.033825,0.885157,depth,1
1777902015.388221,-0.254435,-0.243180,2.497000,377.896820,199.460312,0.635238,3.636886,0.906252,depth,1
1777902015.399348,-0.253831,-0.256106,2.517000,378.349548,197.579269,0.627041,3.384512,0.898376,depth,1
1777902015.410475,-0.249047,-0.264176,2.497000,378.827484,195.833984,0.612169,3.035900,0.878628,depth,1
1777902015.421603,-0.245447,-0.274973,2.502000,379.533844,194.063904,0.617020,3.150090,0.885045,depth,1
1777902015.421603,-0.245447,-0.274973,2.502000,379.533844,194.063904,0.617020,3.150090,0.885045,depth,1
1777902015.443858,-0.246564,-0.304059,2.571000,380.482025,190.456833,0.639767,3.777642,0.910535,depth,1
1777902015.466113,-0.235863,-0.320485,2.526000,381.572266,186.743591,0.608934,3.052822,0.869694,depth,1
1777902015.477240,-0.236235,-0.336715,2.571000,382.214783,184.978867,0.606306,3.043057,0.863612,depth,1
1777902015.488368,-0.228727,-0.341349,2.526000,382.790649,183.181290,0.617001,3.061443,0.889429,depth,1
1777902015.499495,-0.222644,-0.349025,2.502000,383.464539,181.299057,0.622320,3.322757,0.889663,depth,1
1777902015.510623,-0.220661,-0.363241,2.526000,384.167908,179.443604,0.640419,3.625349,0.919779,depth,1
1777902015.521750,-0.217848,-0.375157,2.531000,384.721588,177.535583,0.609202,3.162137,0.864897,depth,1
1777902015.532878,-0.212863,-0.384184,2.521000,385.427185,175.737671,0.622112,3.159787,0.897290,depth,1
1777902015.544005,-0.206265,-0.391893,2.497000,386.216858,173.774475,0.610513,3.098160,0.871376,depth,1
1777902015.555132,-0.206607,-0.401741,2.517000,386.441223,172.624802,0.623175,3.503975,0.882739,depth,1
1777902015.566260,-0.195338,-0.407510,2.460000,387.596680,170.018417,0.606431,3.140552,0.859051,depth,1
1777902015.577387,-0.193590,-0.421130,2.479000,388.163208,168.196411,0.603236,3.027434,0.856718,depth,1
1777902015.588514,-0.191764,-0.434266,2.502000,388.787537,166.605591,0.608424,2.986495,0.871736,depth,1
1777902015.599643,-0.184896,-0.437817,2.469000,389.545441,164.984848,0.612534,3.058874,0.878390,depth,1
1777902015.610770,-0.193495,-0.476785,2.633000,390.148712,163.365387,0.626095,3.324115,0.899032,depth,1
1777902015.621897,-0.180378,-0.465693,2.512000,390.874023,161.507874,0.640656,3.763913,0.913444,depth,1
1777902015.633025,-0.174692,-0.469130,2.483000,391.500000,159.977097,0.608123,2.971417,0.871736,depth,1
1777902015.644152,-0.170273,-0.475101,2.465000,392.051575,158.337296,0.635652,3.657573,0.906252,depth,1
1777902015.655279,-0.170228,-0.488500,2.497000,392.441162,157.088242,0.626342,3.374752,0.897118,depth,1
1777902015.666408,-0.158900,-0.486268,2.428000,393.617767,155.086960,0.602104,3.188526,0.845835,depth,1
1777902015.677535,-0.152046,-0.479177,2.346000,393.891327,153.371506,0.616913,3.054170,0.889574,depth,1
1777902015.688662,-0.155577,-0.507726,2.455000,394.511963,152.267227,0.595495,2.924755,0.842498,depth,1
1777902015.699790,-0.155394,-0.525714,2.502000,395.057007,150.842102,0.632716,3.547404,0.904421,depth,1
1777902015.710917,-0.161424,-0.564985,2.648000,395.551636,149.442474,0.604362,3.012102,0.860300,depth,1
1777902015.722044,-0.157806,-0.573339,2.648000,396.140900,148.081818,0.615017,3.297114,0.872687,depth,1
1777902015.733172,-0.146221,-0.546195,2.493000,396.547180,146.971695,0.645032,3.605634,0.932299,depth,1
1777902015.744299,-0.140630,-0.545025,2.455000,397.137817,145.714737,0.634468,3.429213,0.914709,depth,1
1777902015.755426,-0.136920,-0.546478,2.437000,397.611908,144.750397,0.619981,3.344294,0.882739,depth,1
1777902015.766555,-0.134452,-0.554128,2.442000,398.097351,143.597366,0.619163,3.191684,0.888323,depth,1
1777902015.777682,-0.134027,-0.566365,2.474000,398.478638,142.729919,0.616287,3.119375,0.884750,depth,1
1777902015.788809,-0.129992,-0.567055,2.451000,398.969391,141.681976,0.632850,3.622542,0.900998,depth,1
1777902015.799937,-0.128721,-0.573741,2.460000,399.275818,140.874786,0.619624,3.104716,0.893824,depth,1
1777902015.811064,-0.127265,-0.583422,2.483000,399.737854,140.125000,0.623068,3.501216,0.882610,depth,1
1777902015.822191,-0.124575,-0.578205,2.451000,399.922668,139.719925,0.626596,3.493714,0.891804,depth,1
1777902015.833320,-0.121288,-0.574335,2.424000,400.263245,139.275208,0.614188,3.014427,0.884750,depth,1
1777902015.844446,-0.118565,-0.569581,2.397000,400.510193,138.979599,0.605023,3.012396,0.861937,depth,1
1777902015.855574,-0.115155,-0.562658,2.363000,400.825562,138.768570,0.635959,3.477859,0.916005,depth,1
1777902015.866702,-0.114664,-0.561309,2.358000,400.870850,138.797562,0.631979,3.468685,0.906512,depth,1
1777902015.877829,-0.114223,-0.563849,2.367000,401.030914,138.725082,0.625845,3.456192,0.891804,depth,1
1777902015.888956,-0.114125,-0.565857,2.380000,401.162262,138.922394,0.629130,3.516101,0.897020,depth,1
1777902015.900084,-0.115615,-0.578034,2.437000,401.382416,139.165817,0.619585,3.102785,0.893824,depth,1
1777902015.911211,-0.118087,-0.587087,2.488000,401.373322,139.693329,0.615661,3.192515,0.879528,depth,1
1777902015.922338,-0.117245,-0.583885,2.488000,401.519226,140.248398,0.609361,2.950143,0.875895,depth,1
1777902015.933466,-0.117507,-0.581810,2.497000,401.547180,140.971695,0.643161,3.512039,0.932299,depth,1
1777902015.944594,-0.117449,-0.572910,2.479000,401.410004,141.790298,0.635896,3.628280,0.908325,depth,1
1777902015.955721,-0.118250,-0.572466,2.497000,401.418915,142.585587,0.618635,3.319344,0.880620,depth,1
1777902015.966848,-0.116903,-0.559549,2.465000,401.389374,143.561951,0.627813,3.460880,0.896488,depth,1
1777902015.977976,-0.116678,-0.547716,2.442000,401.236420,144.729813,0.618267,3.121873,0.889574,depth,1
1777902015.989103,-0.117192,-0.539251,2.437000,401.103210,146.029282,0.617743,3.205007,0.884107,depth,1
1777902016.000230,-0.117371,-0.531290,2.428000,400.994568,147.089798,0.631874,3.467670,0.906303,depth,1
1777902016.011358,-0.120073,-0.530431,2.460000,400.791992,148.468002,0.632160,3.626794,0.899059,depth,1
1777902016.022485,-0.122497,-0.523064,2.469000,400.445312,150.093750,0.599964,2.962741,0.851772,depth,1
1777902016.033612,-0.123410,-0.510793,2.451000,400.127594,151.582031,0.620645,3.328244,0.885201,depth,1
1777902016.044741,-0.125792,-0.506726,2.479000,399.958496,153.304794,0.635786,3.812072,0.898862,depth,1
1777902016.055868,-0.126065,-0.492377,2.451000,399.660339,154.822556,0.622428,3.138612,0.899140,depth,1
1777902016.066995,-0.128584,-0.483509,2.455000,399.254028,156.521683,0.610860,3.115485,0.871376,depth,1
1777902016.078123,-0.132118,-0.482378,2.497000,399.023621,158.145676,0.617563,3.312419,0.878285,depth,1
1777902016.089250,-0.129229,-0.458485,2.419000,398.802795,159.719025,0.631759,3.457723,0.906512,depth,1
1777902016.100378,-0.139010,-0.465043,2.521000,398.061798,161.904495,0.614931,3.292808,0.872687,depth,1
1777902016.111506,-0.161539,-0.508829,2.856000,397.449158,164.624298,0.619172,3.702191,0.862820,depth,1
1777902016.122633,-0.143273,-0.436803,2.512000,397.244659,166.467987,0.613012,3.023206,0.881369,depth,1
1777902016.133760,-0.142403,-0.423114,2.479000,397.068512,167.851334,0.620882,3.130657,0.895671,depth,1
1777902016.144888,-0.144496,-0.410555,2.469000,396.602509,169.746857,0.608440,3.171500,0.862525,depth,1
1777902016.156015,-0.147439,-0.399007,2.469000,396.088440,171.764175,0.622234,3.231263,0.894021,depth,1
1777902016.167142,-0.153215,-0.397598,2.531000,395.735138,173.711563,0.616013,3.194463,0.880309,depth,1
1777902016.178270,-0.155073,-0.380997,2.502000,395.112244,175.787979,0.620519,3.145541,0.894021,depth,1
1777902016.189397,-0.153234,-0.357094,2.419000,394.522980,177.796234,0.613564,3.014463,0.883188,depth,1
1777902016.200524,-0.156879,-0.347576,2.428000,393.976807,179.722839,0.598071,2.863941,0.851980,depth,1
1777902016.211653,-0.163588,-0.343360,2.483000,393.428741,181.822800,0.609381,3.041527,0.871376,depth,1
1777902016.222780,-0.168305,-0.334427,2.502000,392.831360,183.815552,0.623542,3.189576,0.899376,depth,1
1777902016.233907,-0.169660,-0.319929,2.479000,392.326447,185.803024,0.596082,3.068273,0.836792,depth,1
1777902016.245035,-0.172965,-0.310267,2.488000,391.860291,187.679108,0.623096,3.324700,0.891506,depth,1
1777902016.256162,-0.179051,-0.301826,2.517000,391.162964,189.745178,0.614793,3.104895,0.881737,depth,1
1777902016.267289,-0.180387,-0.286907,2.488000,390.573761,191.728607,0.624459,3.293192,0.896488,depth,1
1777902016.278417,-0.183506,-0.275472,2.488000,390.033020,193.710693,0.619505,3.120453,0.892739,depth,1
1777902016.289544,-0.192853,-0.271651,2.556000,389.302277,195.625824,0.626290,3.372122,0.897118,depth,1
1777902016.300672,-0.194075,-0.258240,2.531000,388.772583,197.458328,0.625313,3.613439,0.882610,depth,1
1777902016.311800,-0.200444,-0.250358,2.561000,388.087341,199.301254,0.621736,3.336245,0.887528,depth,1
1777902016.322927,-0.204195,-0.241444,2.576000,387.655975,201.039215,0.597225,2.892211,0.848452,depth,1
1777902016.334054,-0.208089,-0.230383,2.571000,386.936249,202.816025,0.610661,3.162176,0.868543,depth,1
1777902016.345182,-0.211980,-0.220242,2.571000,386.283539,204.517242,0.625469,3.394027,0.893972,depth,1
1777902016.356309,-0.215994,-0.210428,2.581000,385.750488,206.300201,0.628498,3.249936,0.908748,depth,1
1777902016.367436,-0.219555,-0.202190,2.581000,385.155548,207.676773,0.613243,3.124878,0.876862,depth,1
1777902016.378564,-0.221143,-0.191656,2.561000,384.601624,209.186996,0.620682,2.993674,0.902020,depth,1
1777902016.389691,-0.224086,-0.181879,2.556000,384.032043,210.773499,0.628405,3.386658,0.901679,depth,1
1777902016.400819,-0.229169,-0.175158,2.576000,383.474670,212.137131,0.633436,3.407028,0.913239,depth,1
1777902016.411946,-0.229377,-0.164325,2.546000,382.987335,213.626587,0.607003,2.969757,0.869020,depth,1
1777902016.423074,-0.236799,-0.159499,2.591000,382.426666,214.913330,0.643749,3.942138,0.912266,depth,1
1777902016.434201,-0.239444,-0.151889,2.576000,381.754395,216.032898,0.615586,3.208121,0.878559,depth,1
1777902016.445328,-0.243518,-0.145280,2.596000,381.386322,217.326706,0.625577,3.186075,0.904638,depth,1
1777902016.456456,-0.245267,-0.137189,2.581000,380.858978,218.538467,0.600220,2.850604,0.858019,depth,1
1777902016.467583,-0.252220,-0.131991,2.612000,380.197357,219.668854,0.612716,3.064605,0.878559,depth,1
1777902016.478710,-0.251966,-0.123817,2.576000,379.657837,220.732895,0.599548,2.775962,0.860073,depth,1
1777902016.489839,-0.253680,-0.118412,2.571000,379.288300,221.599106,0.631789,3.587408,0.900103,depth,1
1777902016.512093,-0.259249,-0.109088,2.571000,378.354034,223.163223,0.640246,3.714285,0.914902,depth,1
1777902016.523221,-0.267015,-0.105561,2.612000,377.754395,224.032898,0.614672,3.162427,0.878559,depth,1
1777902016.534348,-0.267180,-0.099829,2.591000,377.369629,224.845810,0.645484,3.723777,0.927521,depth,1
1777902016.545475,-0.269921,-0.096480,2.596000,377.000000,225.434204,0.590037,2.781486,0.836019,depth,1
1777902016.556603,-0.273251,-0.093074,2.596000,376.446655,226.000000,0.640210,3.765181,0.912266,depth,1
1777902016.567730,-0.275645,-0.088718,2.591000,375.960541,226.695175,0.614524,3.155011,0.878559,depth,1
1777902016.578857,-0.277398,-0.086097,2.591000,375.668854,227.131577,0.616727,3.265175,0.878559,depth,1
1777902016.589986,-0.280102,-0.082839,2.596000,375.308563,227.700455,0.633726,3.684222,0.900103,depth,1
1777902016.601113,-0.280527,-0.080296,2.576000,374.876068,228.019226,0.627011,3.316994,0.901679,depth,1
1777902016.612240,-0.285755,-0.080329,2.612000,374.660187,228.199127,0.596118,2.865497,0.847019,depth,1
1777902016.623368,-0.282371,-0.075823,2.556000,374.197357,228.668854,0.617553,3.306487,0.878559,depth,1
1777902016.634495,-0.288311,-0.075100,2.591000,373.852325,228.962021,0.632938,3.382151,0.913239,depth,1
1777902016.645622,-0.288197,-0.074583,2.581000,373.685425,229.000000,0.640401,3.524097,0.924799,depth,1
1777902016.656750,-0.289993,-0.073365,2.581000,373.385284,229.203461,0.624308,3.413048,0.890119,depth,1
1777902016.667877,-0.293471,-0.071706,2.596000,373.087494,229.550003,0.613376,3.068402,0.880020,depth,1
1777902016.679005,-0.296952,-0.071258,2.617000,372.905060,229.719406,0.637787,3.624578,0.913239,depth,1
1777902016.690133,-0.293920,-0.069085,2.581000,372.729156,229.918747,0.641977,3.602871,0.924799,depth,1
1777902016.701260,-0.296765,-0.069788,2.591000,372.445099,229.846313,0.620300,3.265164,0.887491,depth,1
1777902016.712387,-0.300669,-0.069659,2.606000,372.083344,229.934525,0.637949,3.786634,0.905540,depth,1
1777902016.723515,-0.300990,-0.069809,2.606000,372.030121,229.909637,0.634192,3.814374,0.894760,depth,1
1777902016.734642,-0.299432,-0.069203,2.581000,371.808075,229.898987,0.645184,3.845346,0.920692,depth,1
1777902016.745769,-0.298272,-0.068935,2.571000,371.808075,229.898987,0.646739,3.923131,0.920692,depth,1
1777902016.756897,-0.300475,-0.069550,2.581000,371.633728,229.841080,0.621537,3.402938,0.883696,depth,1
1777902016.768024,-0.304384,-0.071294,2.612000,371.584259,229.691010,0.609418,3.017185,0.872687,depth,1
1777902016.779152,-0.302611,-0.071531,2.591000,371.471924,229.556183,0.608699,2.981199,0.872687,depth,1
1777902016.790280,-0.300275,-0.070978,2.571000,371.471924,229.556183,0.609132,3.002872,0.872687,depth,1
1777902016.801407,-0.299582,-0.072014,2.561000,371.392059,229.335220,0.605648,3.024772,0.862881,depth,1
1777902016.812534,-0.301906,-0.073184,2.576000,371.296722,229.210022,0.611569,3.045891,0.876627,depth,1
1777902016.823662,-0.301959,-0.074710,2.576000,371.287872,228.954544,0.632019,3.515987,0.904248,depth,1
1777902016.834789,-0.302131,-0.076621,2.581000,371.357025,228.659378,0.610455,3.151891,0.868543,depth,1
1777902016.845916,-0.298776,-0.077242,2.556000,371.429352,228.429352,0.624607,3.188269,0.902103,depth,1
1777902016.857043,-0.301064,-0.079989,2.576000,371.437622,228.070770,0.629117,3.663716,0.889608,depth,1
1777902016.868171,-0.299359,-0.081573,2.561000,371.429596,227.725494,0.621484,3.323640,0.887528,depth,1
1777902016.879298,-0.299563,-0.083620,2.571000,371.591400,227.435486,0.631568,3.340246,0.911909,depth,1
1777902016.890425,-0.298749,-0.086610,2.576000,371.825226,226.962158,0.617481,3.313332,0.878036,depth,1
1777902016.901553,-0.294497,-0.088516,2.546000,371.956146,226.468414,0.616110,3.337179,0.873416,depth,1
1777902016.912680,-0.288477,-0.089766,2.502000,372.116486,225.989243,0.607908,2.972902,0.871125,depth,1
1777902016.923807,-0.293181,-0.095353,2.556000,372.373474,225.373474,0.632282,3.483874,0.906512,depth,1
1777902016.934935,-0.293095,-0.098716,2.561000,372.484375,224.838547,0.599342,3.080185,0.844347,depth,1
1777902016.946063,-0.294095,-0.102552,2.581000,372.699829,224.326355,0.632710,3.505258,0.906512,depth,1
1777902016.957190,-0.290805,-0.107141,2.571000,373.060608,223.489899,0.611386,3.154637,0.870732,depth,1
1777902016.968317,-0.290447,-0.112014,2.581000,373.309387,222.745300,0.617260,3.168024,0.884750,depth,1
1777902016.979445,-0.285294,-0.113791,2.546000,373.515137,222.186874,0.611491,3.159911,0.870732,depth,1
1777902016.990571,-0.284554,-0.119126,2.556000,373.829102,221.362091,0.621871,3.217052,0.893824,depth,1
1777902017.001699,-0.276711,-0.121992,2.502000,374.144775,220.434341,0.638171,3.704730,0.910192,depth,1
1777902017.012826,-0.278445,-0.128277,2.531000,374.395721,219.604263,0.638831,3.855673,0.904293,depth,1
1777902017.023954,-0.279533,-0.135513,2.561000,374.768341,218.641663,0.617410,3.279935,0.879528,depth,1
1777902017.035082,-0.274714,-0.140036,2.541000,375.215698,217.694443,0.603221,2.980054,0.859050,depth,1
1777902017.046208,-0.268054,-0.143323,2.497000,375.544556,216.707916,0.623498,3.408433,0.888323,depth,1
1777902017.057335,-0.266351,-0.149907,2.502000,375.930481,215.622437,0.606685,3.090667,0.862180,depth,1
1777902017.068464,-0.264706,-0.156436,2.512000,376.395721,214.604263,0.643843,4.106292,0.904293,depth,1
1777902017.079591,-0.267183,-0.165859,2.556000,376.760132,213.476639,0.625850,3.585287,0.885361,depth,1
1777902017.090718,-0.263316,-0.172467,2.546000,377.238098,212.247314,0.618750,3.203566,0.886696,depth,1
1777902017.101846,-0.254307,-0.175181,2.483000,377.671204,211.034683,0.626790,3.278672,0.903041,depth,1
1777902017.112973,-0.255532,-0.184296,2.517000,378.058044,209.883926,0.621570,3.307401,0.888554,depth,1
1777902017.124099,-0.250651,-0.190276,2.502000,378.636902,208.663696,0.622227,3.340268,0.888554,depth,1
1777902017.135227,-0.250697,-0.201178,2.526000,379.039459,207.114029,0.631692,3.496158,0.904421,depth,1
1777902017.146355,-0.246296,-0.206938,2.512000,379.556549,205.933640,0.630817,3.480007,0.903041,depth,1
1777902017.157482,-0.244689,-0.214188,2.521000,379.982452,204.820175,0.631497,3.486449,0.904421,depth,1
1777902017.168610,-0.238053,-0.220193,2.488000,380.577576,203.293106,0.597322,2.902182,0.848196,depth,1
1777902017.179737,-0.236768,-0.229355,2.502000,381.029907,201.927353,0.648148,3.842992,0.928222,depth,1
1777902017.190864,-0.234822,-0.239635,2.517000,381.606567,200.401642,0.618503,3.083776,0.892068,depth,1
1777902017.201992,-0.231517,-0.247372,2.512000,382.094025,198.991455,0.649829,3.927027,0.928222,depth,1
1777902017.213119,-0.232593,-0.259977,2.561000,382.673370,197.681396,0.616220,3.107878,0.885157,depth,1
1777902017.224246,-0.224116,-0.262427,2.502000,383.210815,196.226608,0.622843,3.154621,0.899376,depth,1
1777902017.235374,-0.220899,-0.271316,2.502000,383.765472,194.694336,0.624479,3.236445,0.899376,depth,1
1777902017.246501,-0.217847,-0.278064,2.497000,384.216278,193.435120,0.630582,3.410161,0.905948,depth,1
1777902017.257628,-0.219176,-0.291675,2.546000,384.715393,192.053848,0.607666,3.081694,0.865081,depth,1
1777902017.268756,-0.211665,-0.294711,2.502000,385.357056,190.661667,0.629370,3.500972,0.898376,depth,1
1777902017.279883,-0.208030,-0.302002,2.497000,385.911957,189.300629,0.605511,3.107181,0.858418,depth,1
1777902017.291010,-0.208945,-0.316221,2.546000,386.448486,187.895752,0.620733,3.220401,0.890811,depth,1
1777902017.302137,-0.202388,-0.319297,2.507000,387.025940,186.533340,0.623667,3.216289,0.898353,depth,1
1777902017.313265,-0.199438,-0.327118,2.507000,387.533325,185.187881,0.622088,3.288167,0.890811,depth,1
1777902017.324392,-0.195286,-0.333505,2.497000,388.113037,183.859283,0.621175,3.020476,0.901913,depth,1
1777902017.335519,-0.193453,-0.341773,2.502000,388.496399,182.549164,0.617043,3.311302,0.877044,depth,1
1777902017.346647,-0.190258,-0.349660,2.502000,389.047119,181.189636,0.614121,3.042295,0.883188,depth,1
1777902017.357774,-0.185085,-0.352575,2.479000,389.642944,180.123367,0.631863,3.388223,0.910247,depth,1
1777902017.368901,-0.182243,-0.361164,2.488000,390.252075,178.856308,0.634668,3.398879,0.916726,depth,1
1777902017.380029,-0.179578,-0.367048,2.479000,390.600922,177.605438,0.601165,2.812175,0.862304,depth,1
1777902017.391156,-0.177336,-0.377432,2.497000,391.213379,176.272202,0.604776,3.106885,0.856597,depth,1
1777902017.402283,-0.172723,-0.381036,2.479000,391.793549,175.171860,0.624091,3.166320,0.901913,depth,1
1777902017.413411,-0.166592,-0.378405,2.419000,392.141388,173.996552,0.616369,3.181307,0.881857,depth,1
1777902017.424538,-0.166945,-0.392388,2.469000,392.681244,172.920319,0.616301,3.208883,0.880309,depth,1
1777902017.435665,-0.171867,-0.415401,2.576000,393.068481,171.914383,0.618314,3.156915,0.887939,depth,1
1777902017.446793,-0.162629,-0.409382,2.497000,393.753662,170.753677,0.613532,3.188995,0.874381,depth,1
1777902017.457920,-0.155287,-0.401721,2.419000,394.156921,169.839630,0.626862,3.180010,0.908154,depth,1
1777902017.469047,-0.152331,-0.401541,2.393000,394.388885,169.093918,0.609821,3.063672,0.871370,depth,1
1777902017.480175,-0.156687,-0.418311,2.474000,394.528412,168.539780,0.604775,2.981150,0.862881,depth,1
1777902017.491302,-0.165468,-0.449657,2.622000,394.625793,167.500000,0.637660,4.028203,0.892739,depth,1
1777902017.502429,-0.151120,-0.436000,2.479000,395.552002,165.609344,0.619259,3.441915,0.876052,depth,1
1777902017.513557,-0.147037,-0.445154,2.483000,396.303467,164.141510,0.621644,3.227442,0.892739,depth,1
1777902017.524684,-0.146653,-0.453126,2.507000,396.614166,163.510376,0.640509,3.654169,0.918564,depth,1
1777902017.535811,-0.143424,-0.454292,2.483000,396.931152,162.554352,0.613485,3.259574,0.870734,depth,1
1777902017.546939,-0.145556,-0.460253,2.512000,396.852722,162.441864,0.614166,3.137822,0.878524,depth,1
1777902017.558066,-0.144820,-0.471328,2.541000,397.262756,161.463959,0.598125,3.004798,0.845073,depth,1
1777902017.569193,-0.137614,-0.467440,2.479000,397.901703,160.139603,0.619162,3.143062,0.890753,depth,1
1777902017.580321,-0.136780,-0.478853,2.507000,398.312592,159.084534,0.623317,3.340491,0.891268,depth,1
1777902017.591448,-0.133964,-0.473776,2.460000,398.356628,158.400742,0.629185,3.641607,0.890883,depth,1
1777902017.602575,-0.132512,-0.478776,2.460000,398.611328,157.523987,0.615476,3.216713,0.877854,depth,1
1777902017.613703,-0.133724,-0.490120,2.502000,398.792297,156.977615,0.621215,3.226767,0.891699,depth,1
1777902017.624830,-0.132426,-0.493693,2.502000,399.016113,156.361832,0.612964,3.220683,0.871376,depth,1
1777902017.635957,-0.129298,-0.488701,2.465000,399.220642,155.957748,0.627442,3.452661,0.895973,depth,1
1777902017.647085,-0.128009,-0.489863,2.460000,399.400696,155.580383,0.622961,3.354811,0.889663,depth,1
1777902017.658212,-0.126592,-0.487861,2.437000,399.439728,155.124115,0.624697,3.441580,0.889663,depth,1
1777902017.669339,-0.126211,-0.489731,2.437000,399.507080,154.793137,0.624104,3.411951,0.889663,depth,1
1777902017.680467,-0.125870,-0.490071,2.437000,399.567383,154.732864,0.624100,3.411723,0.889663,depth,1
1777902017.691594,-0.125687,-0.491398,2.442000,399.645386,154.676117,0.624240,3.418763,0.889663,depth,1
1777902017.702721,-0.124870,-0.486928,2.424000,399.626007,154.826950,0.621150,3.414942,0.882127,depth,1
1777902017.713849,-0.124139,-0.484834,2.419000,399.710388,155.021271,0.624441,3.428789,0.889663,depth,1
1777902017.724976,-0.125540,-0.488342,2.442000,399.671417,155.215897,0.633090,3.449562,0.910247,depth,1
1777902017.736103,-0.126599,-0.487262,2.451000,399.566437,155.722610,0.628746,3.391649,0.902282,depth,1
1777902017.747230,-0.127281,-0.489263,2.474000,399.654724,156.170853,0.629772,3.413208,0.903769,depth,1
1777902017.758358,-0.126487,-0.479161,2.442000,399.504059,156.837402,0.622308,3.472840,0.882127,depth,1
1777902017.769485,-0.127243,-0.478590,2.455000,399.489624,157.385834,0.641137,3.685550,0.918564,depth,1
1777902017.780612,-0.128056,-0.474221,2.455000,399.346710,158.153290,0.611352,3.279137,0.864424,depth,1
1777902017.791740,-0.131160,-0.473890,2.479000,399.024475,159.017487,0.609274,3.069835,0.869694,depth,1
1777902017.802867,-0.130930,-0.470672,2.483000,399.101318,159.709152,0.625336,3.324415,0.897118,depth,1
1777902017.813994,-0.133940,-0.470525,2.502000,398.755066,160.355438,0.632918,3.302624,0.917165,depth,1
1777902017.825122,-0.140172,-0.468012,2.541000,398.051727,162.026825,0.628491,3.545100,0.893972,depth,1
1777902017.836249,-0.165887,-0.529693,2.939000,397.500000,163.732635,0.618398,3.267678,0.882610,depth,1
1777902017.847376,-0.164513,-0.506341,2.856000,397.000000,165.000000,0.618226,4.067187,0.842206,depth,1
1777902017.858504,-0.154216,-0.468682,2.681000,397.034821,166.067169,0.613630,3.125848,0.877782,depth,1
1777902017.869632,-0.144521,-0.431802,2.497000,396.881256,166.881256,0.631611,3.627829,0.897636,depth,1
1777902017.880759,-0.145525,-0.426556,2.488000,396.616913,167.520828,0.593793,2.795516,0.844706,depth,1
1777902017.891887,-0.148081,-0.419944,2.493000,396.225311,168.813004,0.620108,3.091998,0.895671,depth,1
1777902017.903015,-0.151212,-0.415066,2.502000,395.777771,169.915237,0.607252,3.112100,0.862525,depth,1
1777902017.914142,-0.154827,-0.412913,2.526000,395.408173,170.962570,0.638699,3.470869,0.923205,depth,1
1777902017.925271,-0.155709,-0.400721,2.497000,394.948883,172.249710,0.619010,3.037093,0.895671,depth,1
1777902017.936398,-0.156948,-0.391076,2.479000,394.538086,173.425003,0.619972,3.331516,0.883353,depth,1
1777902017.947525,-0.157451,-0.377489,2.437000,393.978424,174.657074,0.597208,2.953079,0.845367,depth,1
1777902017.958653,-0.162459,-0.375031,2.465000,393.418762,175.845963,0.604225,2.922005,0.864463,depth,1
1777902017.969781,-0.165532,-0.369216,2.474000,392.986481,177.098404,0.596069,2.888673,0.845738,depth,1
1777902017.980908,-0.168210,-0.362572,2.479000,392.578674,178.384140,0.632528,3.524308,0.905106,depth,1
1777902017.992037,-0.173196,-0.357184,2.493000,391.880585,179.670395,0.598708,2.762400,0.858649,depth,1
1777902018.003164,-0.176683,-0.350891,2.502000,391.387207,180.977448,0.614769,3.037555,0.885045,depth,1
1777902018.014291,-0.179683,-0.343832,2.502000,390.870026,182.194336,0.636126,3.689169,0.905857,depth,1
1777902018.025420,-0.181582,-0.334543,2.483000,390.303253,183.354248,0.627422,3.241370,0.906486,depth,1
1777902018.036547,-0.185913,-0.328210,2.497000,389.732025,184.773849,0.606756,2.902001,0.871790,depth,1
1777902018.047674,-0.193021,-0.327302,2.546000,389.145905,186.018738,0.597636,2.856250,0.851277,depth,1
1777902018.058803,-0.191529,-0.312213,2.483000,388.575409,187.232803,0.610959,3.120573,0.871370,depth,1
1777902018.069930,-0.194783,-0.304542,2.479000,387.955658,188.479843,0.624845,3.404925,0.891867,depth,1
1777902018.081057,-0.199533,-0.300555,2.497000,387.379547,189.550415,0.629437,3.352267,0.905980,depth,1
1777902018.092186,-0.202125,-0.292670,2.493000,386.875885,190.831238,0.620563,3.345987,0.884107,depth,1
1777902018.103313,-0.205245,-0.283442,2.479000,386.135559,192.150757,0.622924,3.316063,0.891506,depth,1
1777902018.114440,-0.209800,-0.279753,2.507000,385.750702,193.336136,0.628523,3.306572,0.905980,depth,1
1777902018.125569,-0.215638,-0.276068,2.531000,385.098206,194.420471,0.623275,3.333619,0.891506,depth,1
1777902018.136696,-0.216764,-0.265734,2.502000,384.478271,195.656525,0.637666,3.636227,0.912355,depth,1
1777902018.147824,-0.219642,-0.258394,2.497000,383.906219,196.832611,0.626904,3.546572,0.889931,depth,1
1777902018.158952,-0.225120,-0.254831,2.521000,383.330353,197.866959,0.633488,3.450121,0.911213,depth,1
1777902018.170079,-0.225347,-0.245605,2.493000,382.858398,198.973450,0.628989,3.519702,0.896488,depth,1
1777902018.181206,-0.228459,-0.238585,2.483000,382.160858,200.021744,0.635010,3.503414,0.912355,depth,1
1777902018.192334,-0.234091,-0.234779,2.512000,381.652039,201.153503,0.608631,3.073296,0.867913,depth,1
1777902018.203462,-0.238943,-0.229749,2.521000,380.965515,202.158051,0.614450,3.059707,0.883140,depth,1
1777902018.214590,-0.239210,-0.220701,2.488000,380.377075,203.205124,0.607897,3.366731,0.851406,depth,1
1777902018.225717,-0.241910,-0.215192,2.488000,379.908966,204.160065,0.615515,2.984249,0.889574,depth,1
1777902018.236845,-0.247810,-0.213478,2.521000,379.448547,204.941635,0.648750,3.929817,0.925383,depth,1
1777902018.247973,-0.248801,-0.205729,2.502000,378.955750,206.000000,0.626832,3.411847,0.896488,depth,1
1777902018.259100,-0.253383,-0.201757,2.517000,378.426178,206.891937,0.653523,3.997893,0.933912,depth,1
1777902018.270229,-0.254580,-0.194934,2.497000,377.871674,207.793503,0.605610,3.074497,0.860300,depth,1
1777902018.281356,-0.259458,-0.192807,2.521000,377.455750,208.477875,0.628499,3.495204,0.896488,depth,1
1777902018.292483,-0.263171,-0.188256,2.526000,376.909760,209.320236,0.620534,3.078467,0.897412,depth,1
1777902018.303612,-0.262820,-0.182497,2.497000,376.448547,209.941635,0.649801,3.982376,0.925383,depth,1
1777902018.314739,-0.265611,-0.177396,2.502000,376.058044,210.883926,0.625104,3.484095,0.888554,depth,1
1777902018.325866,-0.270275,-0.175742,2.526000,375.696838,211.456894,0.615246,3.099494,0.883140,depth,1
1777902018.336995,-0.273127,-0.172092,2.521000,375.117401,212.021744,0.635204,3.513085,0.912355,depth,1
1777902018.348122,-0.275358,-0.168516,2.521000,374.735626,212.633621,0.617021,3.188261,0.883140,depth,1
1777902018.359250,-0.277063,-0.164434,2.521000,374.443970,213.331894,0.596346,2.853363,0.848196,depth,1
1777902018.370378,-0.277096,-0.159525,2.497000,373.982758,213.909485,0.642357,3.712070,0.920288,depth,1
1777902018.381505,-0.277633,-0.156085,2.488000,373.716522,214.405975,0.621451,3.257471,0.890753,depth,1
1777902018.392632,-0.281346,-0.153407,2.497000,373.248596,214.966095,0.624551,3.260212,0.898366,depth,1
1777902018.403761,-0.284788,-0.151640,2.517000,373.045074,215.479507,0.617160,3.308363,0.877482,depth,1
1777902018.414888,-0.284445,-0.148516,2.502000,372.811523,215.862167,0.641235,3.800839,0.913046,depth,1
1777902018.426016,-0.286422,-0.145222,2.502000,372.470734,216.429932,0.608277,2.995106,0.870937,depth,1
1777902018.437144,-0.288086,-0.143055,2.502000,372.183960,216.803589,0.602044,2.967843,0.856718,depth,1
1777902018.448272,-0.288145,-0.139997,2.488000,371.894379,217.194794,0.627105,3.377179,0.898904,depth,1
1777902018.459399,-0.292414,-0.139390,2.517000,371.738281,217.578506,0.636835,3.417598,0.921206,depth,1
1777902018.470527,-0.292477,-0.137317,2.507000,371.527557,217.839890,0.612906,3.079575,0.878285,depth,1
1777902018.481655,-0.299204,-0.136936,2.556000,371.357056,218.357056,0.621827,3.103834,0.899376,depth,1
1777902018.492782,-0.293866,-0.133259,2.502000,371.187653,218.492126,0.613578,3.113218,0.878285,depth,1
1777902018.503910,-0.295207,-0.131220,2.502000,370.956451,218.843536,0.633414,3.544650,0.906303,depth,1
1777902018.515038,-0.293109,-0.127628,2.483000,370.931458,219.294357,0.627923,3.558824,0.891867,depth,1
1777902018.526165,-0.293795,-0.126399,2.483000,370.812347,219.507874,0.614025,3.135523,0.878285,depth,1
1777902018.537294,-0.293566,-0.125290,2.479000,370.769745,219.665329,0.617820,3.187850,0.885157,depth,1
1777902018.548421,-0.295542,-0.123315,2.488000,370.612000,220.086670,0.607733,3.097546,0.864454,depth,1
1777902018.559548,-0.298098,-0.123422,2.512000,370.662689,220.272491,0.611887,3.166959,0.871369,depth,1
1777902018.570677,-0.297888,-0.121854,2.507000,370.596771,220.500000,0.625583,3.145301,0.906693,depth,1
1777902018.581804,-0.294559,-0.119612,2.479000,370.597046,220.653275,0.616128,3.103266,0.885157,depth,1
1777902018.592932,-0.296594,-0.119387,2.497000,370.614960,220.842178,0.632355,3.491687,0.906303,depth,1
1777902018.604060,-0.297288,-0.118211,2.507000,370.700012,221.126663,0.606953,3.058570,0.864454,depth,1
1777902018.615187,-0.298748,-0.118228,2.526000,370.835358,221.276657,0.633605,3.406247,0.913701,depth,1
1777902018.626315,-0.300674,-0.118653,2.541000,370.809509,221.323807,0.630756,3.411765,0.906303,depth,1
1777902018.637442,-0.298567,-0.117685,2.531000,370.966949,221.409088,0.616107,3.399538,0.870289,depth,1
1777902018.648571,-0.298254,-0.117271,2.531000,371.020325,221.479675,0.621516,3.382329,0.884674,depth,1
1777902018.659698,-0.298534,-0.117009,2.541000,371.172791,221.602722,0.608668,3.014639,0.870937,depth,1
1777902018.670825,-0.299014,-0.118835,2.561000,371.487610,221.450409,0.612967,2.953226,0.884756,depth,1
1777902018.681954,-0.291740,-0.116752,2.502000,371.554169,221.337494,0.609430,2.922591,0.877444,depth,1
1777902018.693081,-0.293250,-0.118525,2.526000,371.774017,221.225983,0.647880,3.670894,0.936155,depth,1
1777902018.704209,-0.293813,-0.120027,2.541000,371.974152,221.090515,0.641449,3.666680,0.920288,depth,1
1777902018.715337,-0.291316,-0.120460,2.526000,372.104340,220.895645,0.636626,3.584217,0.912355,depth,1
1777902018.726464,-0.291067,-0.122827,2.541000,372.440186,220.615387,0.598499,2.814805,0.855508,depth,1
1777902018.737592,-0.287989,-0.123149,2.526000,372.672302,220.436447,0.621554,3.110388,0.898366,depth,1
1777902018.748720,-0.291890,-0.127644,2.576000,372.973694,220.092102,0.631984,3.510791,0.904421,depth,1
1777902018.759848,-0.286016,-0.128363,2.541000,373.297455,219.675629,0.591708,2.808787,0.838831,depth,1
1777902018.770975,-0.287492,-0.133828,2.576000,373.710022,219.056808,0.634485,3.499961,0.911213,depth,1
1777902018.782104,-0.277263,-0.131933,2.493000,373.877045,218.638519,0.614470,3.088787,0.881737,depth,1
1777902018.793231,-0.277897,-0.136981,2.512000,374.131042,217.944443,0.620151,3.192490,0.890753,depth,1
1777902018.804358,-0.275328,-0.141117,2.512000,374.572021,217.234467,0.622895,3.177428,0.898366,depth,1
1777902018.815487,-0.278730,-0.147822,2.561000,374.903534,216.568802,0.611684,3.197969,0.869311,depth,1
1777902018.826614,-0.276305,-0.152354,2.561000,375.312042,215.805679,0.611453,3.186414,0.869311,depth,1
1777902018.837741,-0.266903,-0.154052,2.502000,375.835449,214.907806,0.637130,3.749657,0.905341,depth,1
1777902018.848870,-0.268479,-0.161216,2.531000,376.094025,213.991455,0.644739,3.672509,0.928222,depth,1
1777902018.859997,-0.268926,-0.168264,2.561000,376.554596,213.126236,0.613416,3.284564,0.869311,depth,1
1777902018.871124,-0.263018,-0.172686,2.526000,376.935883,211.978638,0.645980,3.734574,0.928222,depth,1
1777902018.882252,-0.260058,-0.178565,2.517000,377.282471,210.865814,0.604617,2.974459,0.862820,depth,1
1777902018.893380,-0.256631,-0.185163,2.517000,377.869690,209.735260,0.627002,3.371996,0.898904,depth,1
1777902018.904507,-0.254695,-0.192678,2.521000,378.270660,208.500000,0.607456,3.083712,0.864454,depth,1
1777902018.915635,-0.250536,-0.199304,2.512000,378.828613,207.244263,0.611870,3.032578,0.878047,depth,1
1777902018.926762,-0.250050,-0.209512,2.531000,379.234283,205.761719,0.616323,3.113031,0.885157,depth,1
1777902018.937890,-0.245578,-0.214866,2.512000,379.679932,204.572372,0.619718,3.140551,0.892266,depth,1
1777902018.949018,-0.244099,-0.224019,2.526000,380.165985,203.214188,0.618239,3.208832,0.885157,depth,1
1777902018.960145,-0.238853,-0.230845,2.502000,380.670624,201.670624,0.626231,3.324018,0.899376,depth,1
1777902018.971272,-0.235521,-0.238493,2.502000,381.244965,200.352280,0.634367,3.461069,0.912863,depth,1
1777902018.982400,-0.234573,-0.249078,2.517000,381.649261,198.783585,0.619988,3.165401,0.891699,depth,1
1777902018.993528,-0.233739,-0.260623,2.546000,382.248383,197.314026,0.638974,3.534619,0.920705,depth,1
1777902019.004655,-0.230044,-0.269323,2.531000,382.643372,195.569855,0.628082,3.586446,0.890883,depth,1
1777902019.015783,-0.223515,-0.275118,2.502000,383.314423,194.039001,0.623018,3.357652,0.889663,depth,1
1777902019.026910,-0.225205,-0.290644,2.556000,383.843262,192.421051,0.617549,3.088844,0.889429,depth,1
1777902019.038038,-0.215915,-0.291852,2.488000,384.415192,190.871338,0.639905,3.531176,0.923205,depth,1
1777902019.049166,-0.213393,-0.301317,2.488000,384.852356,189.230682,0.623993,3.161400,0.901913,depth,1
1777902019.060293,-0.213245,-0.315106,2.526000,385.434021,187.662033,0.634021,3.529220,0.908592,depth,1
1777902019.071420,-0.208202,-0.321487,2.497000,385.882294,185.935089,0.626297,3.352973,0.898093,depth,1
1777902019.082548,-0.204506,-0.331924,2.502000,386.591248,184.246994,0.592770,2.792357,0.842307,depth,1
1777902019.093676,-0.204783,-0.344935,2.531000,386.947937,182.685486,0.623980,3.355712,0.892165,depth,1
1777902019.104803,-0.197341,-0.350053,2.493000,387.703461,180.904129,0.622263,3.388407,0.886237,depth,1
1777902019.115930,-0.200292,-0.369586,2.561000,388.112915,179.222580,0.612091,3.043247,0.878066,depth,1
1777902019.127058,-0.191559,-0.369924,2.497000,388.756775,177.568939,0.612067,3.042002,0.878066,depth,1
1777902019.138186,-0.188199,-0.378382,2.488000,389.219604,175.871628,0.626360,3.315924,0.900103,depth,1
1777902019.149313,-0.185796,-0.388768,2.497000,389.752258,174.314194,0.607703,3.021729,0.868170,depth,1
1777902019.160441,-0.182030,-0.396996,2.488000,390.288971,172.645050,0.611797,3.220783,0.868453,depth,1
1777902019.171568,-0.179215,-0.403986,2.483000,390.714294,171.292328,0.612129,3.179047,0.871369,depth,1
1777902019.182696,-0.183473,-0.424072,2.561000,390.945312,170.046875,0.621110,3.351471,0.885201,depth,1
1777902019.193824,-0.171388,-0.423031,2.469000,391.905151,167.567642,0.619330,3.284330,0.884107,depth,1
1777902019.204951,-0.170140,-0.437790,2.497000,392.456390,165.847076,0.629282,3.388745,0.903769,depth,1
1777902019.216078,-0.166916,-0.442398,2.483000,392.850708,164.620377,0.613394,3.154167,0.875776,depth,1
1777902019.227206,-0.163073,-0.448651,2.469000,393.357544,163.092270,0.626726,3.570815,0.888274,depth,1
1777902019.238334,-0.159889,-0.457240,2.469000,393.913788,161.591949,0.615950,3.160351,0.881857,depth,1
1777902019.249461,-0.157942,-0.468337,2.479000,394.365143,159.983505,0.636315,3.481226,0.916726,depth,1
1777902019.260589,-0.160254,-0.481529,2.526000,394.481659,159.247208,0.626844,3.516868,0.891268,depth,1
1777902019.271717,-0.151923,-0.483482,2.474000,395.358856,157.178680,0.619226,3.348886,0.880620,depth,1
1777902019.282844,-0.148189,-0.487305,2.451000,395.767334,155.715027,0.607348,2.931591,0.871790,depth,1
1777902019.293972,-0.144625,-0.492438,2.437000,396.248383,154.314026,0.635770,3.374388,0.920705,depth,1
1777902019.305099,-0.143897,-0.501930,2.451000,396.522583,153.141632,0.618588,3.242756,0.884333,depth,1
1777902019.316226,-0.141868,-0.510781,2.460000,396.971008,151.913040,0.612003,2.914535,0.884280,depth,1
1777902019.327355,-0.141387,-0.522564,2.483000,397.284851,150.695755,0.620136,3.190549,0.890811,depth,1
1777902019.338482,-0.138120,-0.524138,2.455000,397.578674,149.384140,0.634440,3.619884,0.905106,depth,1
1777902019.349609,-0.135804,-0.528932,2.451000,397.946655,148.390305,0.621355,3.251530,0.890811,depth,1
1777902019.360737,-0.134318,-0.534692,2.451000,398.208191,147.376709,0.634386,3.617209,0.905106,depth,1
1777902019.371865,-0.132889,-0.542928,2.460000,398.545105,146.276947,0.640037,3.606253,0.919779,depth,1
1777902019.382992,-0.132032,-0.549852,2.469000,398.779816,145.414520,0.615339,3.209876,0.877854,depth,1
1777902019.394120,-0.129642,-0.552581,2.460000,399.114441,144.584579,0.619574,3.144717,0.891699,depth,1
1777902019.405247,-0.126730,-0.549476,2.428000,399.332123,143.859390,0.620215,3.194506,0.890811,depth,1
1777902019.416374,-0.127288,-0.559662,2.455000,399.481628,143.143387,0.626709,3.235315,0.905008,depth,1
1777902019.427503,-0.123706,-0.552464,2.410000,399.705170,142.595673,0.602526,2.837029,0.864463,depth,1
1777902019.438630,-0.124982,-0.563943,2.451000,399.851044,142.229553,0.598278,2.874323,0.851980,depth,1
1777902019.449757,-0.126895,-0.577342,2.502000,399.969482,141.942612,0.598822,2.901497,0.851980,depth,1
1777902019.460886,-0.119688,-0.547691,2.371000,400.071869,141.837677,0.611604,3.152705,0.871376,depth,1
1777902019.472013,-0.117606,-0.542230,2.346000,400.222626,141.779831,0.614713,3.178566,0.877854,depth,1
1777902019.483140,-0.117642,-0.544563,2.358000,400.326111,141.860413,0.622953,3.201869,0.897290,depth,1
1777902019.494268,-0.118218,-0.546932,2.371000,400.339386,141.975754,0.620155,3.191530,0.890811,depth,1
1777902019.505395,-0.118583,-0.545662,2.375000,400.309265,142.373886,0.645539,3.578478,0.934924,depth,1
1777902019.516523,-0.117887,-0.539181,2.358000,400.281219,142.844849,0.620765,3.222018,0.890811,depth,1
1777902019.527650,-0.118149,-0.534791,2.350000,400.159851,143.314743,0.613241,3.234530,0.871376,depth,1
1777902019.538778,-0.118219,-0.532344,2.354000,400.183868,143.930008,0.610654,2.993752,0.876946,depth,1
1777902019.549906,-0.118844,-0.525508,2.342000,399.957733,144.688965,0.605199,2.987697,0.863612,depth,1
1777902019.561033,-0.119580,-0.521152,2.342000,399.822235,145.491226,0.615380,2.980403,0.889429,depth,1
1777902019.572161,-0.122306,-0.523912,2.380000,399.679810,146.523300,0.629239,3.386570,0.903769,depth,1
1777902019.583288,-0.125630,-0.526753,2.419000,399.444458,147.547531,0.607874,3.143224,0.862525,depth,1
1777902019.594415,-0.126560,-0.518274,2.410000,399.194458,148.714127,0.613911,3.180016,0.875776,depth,1
1777902019.605544,-0.127755,-0.511788,2.410000,398.980652,149.874863,0.611408,3.201347,0.868453,depth,1
1777902019.616671,-0.125949,-0.492882,2.354000,398.767578,151.159866,0.621098,3.174473,0.894021,depth,1
1777902019.627798,-0.129710,-0.493118,2.393000,398.465759,152.589035,0.619183,3.200369,0.887939,depth,1
1777902019.638926,-0.133043,-0.492075,2.424000,398.171844,153.911194,0.624792,3.201333,0.901913,depth,1
1777902019.650054,-0.132354,-0.475581,2.384000,397.899323,155.426178,0.608139,2.926225,0.874036,depth,1
1777902019.661181,-0.138019,-0.478838,2.442000,397.467377,156.894424,0.632023,3.396193,0.910247,depth,1
1777902019.672309,-0.139908,-0.476152,2.465000,397.364349,158.153488,0.612374,3.048219,0.878524,depth,1
1777902019.683436,-0.145599,-0.463513,2.488000,396.604156,161.114578,0.620237,3.027343,0.899225,depth,1
1777902019.694563,-0.145927,-0.459338,2.483000,396.496277,161.677856,0.620381,3.185085,0.891699,depth,1
1777902019.705692,-0.147419,-0.450219,2.488000,396.288635,163.418900,0.639574,3.422410,0.927815,depth,1
1777902019.716819,-0.149407,-0.437098,2.474000,395.797455,165.264755,0.599993,2.919495,0.854007,depth,1
1777902019.727946,-0.155235,-0.426369,2.517000,395.243835,168.404922,0.623117,3.302718,0.892656,depth,1
1777902019.739074,-0.151798,-0.410686,2.451000,395.132324,169.197205,0.628487,3.305375,0.905948,depth,1
1777902019.750202,-0.154838,-0.400429,2.455000,394.641724,171.116791,0.614972,3.182916,0.878285,depth,1
1777902019.761329,-0.158332,-0.390781,2.465000,394.140778,173.090302,0.598798,2.777575,0.858115,depth,1
1777902019.772457,-0.160875,-0.380671,2.465000,393.695953,174.859131,0.598769,2.946305,0.849608,depth,1
1777902019.783584,-0.165031,-0.370911,2.479000,393.131866,176.933334,0.615421,3.136320,0.881737,depth,1
1777902019.794712,-0.168717,-0.360541,2.488000,392.596741,178.964279,0.622995,3.378672,0.888554,depth,1
1777902019.805840,-0.169885,-0.348269,2.479000,392.287262,180.872498,0.644433,3.713994,0.925383,depth,1
1777902019.816967,-0.173637,-0.337403,2.479000,391.634613,182.762817,0.636435,3.527565,0.914709,depth,1
1777902019.828094,-0.178200,-0.330656,2.512000,391.247986,184.692429,0.619635,3.326962,0.882739,depth,1
1777902019.839223,-0.185433,-0.324841,2.561000,390.615265,186.757874,0.629837,3.252420,0.911973,depth,1
1777902019.850350,-0.183066,-0.304084,2.483000,390.045441,188.644775,0.635206,3.556451,0.910192,depth,1
1777902019.861477,-0.186724,-0.293870,2.483000,389.410126,190.418854,0.605781,2.957027,0.866601,depth,1
1777902019.872606,-0.191677,-0.287021,2.521000,389.051697,192.360077,0.651038,3.964584,0.929367,depth,1
1777902019.883733,-0.194481,-0.276901,2.512000,388.452759,193.921570,0.598335,2.947724,0.848452,depth,1
1777902019.894860,-0.196468,-0.264438,2.497000,387.908936,195.788712,0.613067,3.282496,0.868543,depth,1
1777902019.905988,-0.201923,-0.256579,2.512000,387.174957,197.410675,0.631603,3.589213,0.899548,depth,1
1777902019.917115,-0.208330,-0.252954,2.571000,386.895721,199.029800,0.600789,3.048297,0.849559,depth,1
1777902019.928243,-0.209083,-0.239274,2.521000,386.073853,200.528412,0.631720,3.501024,0.904248,depth,1
1777902019.939371,-0.215490,-0.233553,2.576000,385.764923,202.360306,0.636824,3.453651,0.919377,depth,1
1777902019.950498,-0.213955,-0.220221,2.512000,385.109161,203.653015,0.631644,3.407232,0.908748,depth,1
1777902019.961626,-0.219828,-0.213189,2.541000,384.531708,205.278122,0.639915,3.805128,0.909532,depth,1
1777902019.972753,-0.222299,-0.205271,2.526000,383.888214,206.415176,0.620942,3.297299,0.887491,depth,1
1777902019.983881,-0.225485,-0.198202,2.531000,383.420197,207.688889,0.644270,3.799646,0.920692,depth,1
1777902019.995008,-0.228669,-0.189455,2.531000,382.877716,209.179489,0.622972,3.186197,0.898120,depth,1
1777902020.006135,-0.233867,-0.184440,2.556000,382.381805,210.341415,0.614245,3.175001,0.876862,depth,1
1777902020.017264,-0.232241,-0.173793,2.502000,381.810394,211.504990,0.618622,3.181263,0.887491,depth,1
1777902020.028391,-0.241733,-0.171295,2.571000,381.292419,212.728012,0.609448,3.147718,0.866234,depth,1
1777902020.039518,-0.241780,-0.163079,2.541000,380.805725,213.783234,0.609191,3.134853,0.866234,depth,1
1777902020.050647,-0.242666,-0.155308,2.512000,380.179810,214.797974,0.612627,3.094120,0.876862,depth,1
1777902020.061774,-0.249084,-0.151180,2.541000,379.566040,215.802933,0.600119,3.106447,0.844976,depth,1
1777902020.072901,-0.254471,-0.147756,2.571000,379.155548,216.676773,0.612266,3.076040,0.876862,depth,1
1777902020.084029,-0.257529,-0.142238,2.571000,378.642578,217.602417,0.602763,3.080750,0.852870,depth,1
1777902020.095156,-0.261221,-0.137225,2.576000,378.108429,218.487946,0.628385,3.158844,0.913021,depth,1
1777902020.106284,-0.261917,-0.131587,2.556000,377.648712,219.259476,0.616545,3.077452,0.887491,depth,1
1777902020.117412,-0.265956,-0.127592,2.561000,377.054871,219.975616,0.624939,3.567371,0.883980,depth,1
1777902020.128539,-0.268200,-0.123452,2.561000,376.676941,220.672836,0.594242,3.065740,0.832319,depth,1
1777902020.139667,-0.274822,-0.120369,2.591000,376.097565,221.426834,0.622761,3.097666,0.902020,depth,1
1777902020.150795,-0.278583,-0.118061,2.606000,375.738403,221.924057,0.637586,3.614545,0.913239,depth,1
1777902020.161922,-0.282762,-0.115405,2.612000,375.154327,222.407410,0.618472,3.103201,0.891020,depth,1
1777902020.173049,-0.278983,-0.110459,2.561000,374.860931,222.860947,0.637122,3.665437,0.909532,depth,1
1777902020.184177,-0.280931,-0.108093,2.561000,374.532928,223.259476,0.618422,3.171264,0.887491,depth,1
1777902020.195305,-0.284190,-0.105343,2.561000,373.984039,223.722549,0.620102,3.255289,0.887491,depth,1
1777902020.206432,-0.287463,-0.104300,2.581000,373.808075,224.034348,0.645144,3.843341,0.920692,depth,1
1777902020.217560,-0.292177,-0.102700,2.596000,373.302490,224.400772,0.609475,2.941231,0.876627,depth,1
1777902020.228688,-0.292956,-0.101411,2.581000,372.890137,224.517044,0.631981,3.514111,0.904248,depth,1
1777902020.239815,-0.292582,-0.100263,2.571000,372.762451,224.643677,0.626979,3.469534,0.893972,depth,1
1777902020.250943,-0.291619,-0.097192,2.541000,372.346436,224.966293,0.637550,3.587018,0.914523,depth,1
1777902020.262070,-0.295591,-0.096491,2.556000,371.966675,225.181488,0.643260,3.667022,0.924799,depth,1
1777902020.273197,-0.299537,-0.096842,2.581000,371.790527,225.280518,0.612757,3.266990,0.868543,depth,1
1777902020.284326,-0.298720,-0.095262,2.561000,371.537231,225.420212,0.636259,3.378655,0.921714,depth,1
1777902020.295453,-0.301186,-0.095763,2.571000,371.319214,225.398590,0.627464,3.432771,0.897020,depth,1
1777902020.306580,-0.302813,-0.095736,2.576000,371.144775,225.434341,0.634342,3.513275,0.910192,depth,1
1777902020.317708,-0.300828,-0.095025,2.546000,370.883759,225.365814,0.616683,3.139142,0.884750,depth,1
1777902020.328836,-0.307901,-0.096286,2.591000,370.591400,225.435486,0.635254,3.524514,0.911909,depth,1
1777902020.339963,-0.303526,-0.094880,2.546000,370.426605,225.390335,0.638048,3.582314,0.916005,depth,1
1777902020.351091,-0.306970,-0.096214,2.571000,370.348877,225.322968,0.639632,3.661490,0.916005,depth,1
1777902020.362219,-0.305474,-0.095793,2.556000,370.299133,225.299149,0.643664,3.673282,0.925497,depth,1
1777902020.373346,-0.297921,-0.094097,2.493000,370.303192,225.184250,0.626386,3.261342,0.902898,depth,1
1777902020.384474,-0.299826,-0.094989,2.502000,370.160187,225.088989,0.605357,2.918410,0.867472,depth,1
1777902020.395601,-0.301454,-0.095821,2.502000,369.879547,224.945541,0.598852,2.930033,0.850629,depth,1
1777902020.406729,-0.304799,-0.097283,2.526000,369.802277,224.852936,0.601302,2.884066,0.859051,depth,1
1777902020.417856,-0.303831,-0.097841,2.521000,369.864685,224.724426,0.619901,3.228612,0.888323,depth,1
1777902020.428984,-0.306337,-0.100136,2.546000,369.950500,224.500000,0.620724,3.269733,0.888323,depth,1
1777902020.440112,-0.303756,-0.099637,2.526000,369.980377,224.450974,0.625253,3.320271,0.897118,depth,1
1777902020.451239,-0.304042,-0.100032,2.521000,369.828430,224.349670,0.602100,2.924008,0.859050,depth,1
1777902020.462367,-0.304625,-0.102912,2.531000,369.934631,223.926468,0.603044,2.971172,0.859051,depth,1
1777902020.473494,-0.301157,-0.103256,2.507000,370.034302,223.699341,0.603337,2.985831,0.859051,depth,1
1777902020.484622,-0.302200,-0.105259,2.521000,370.143555,223.455444,0.622180,3.342516,0.888323,depth,1
1777902020.495750,-0.300745,-0.107026,2.517000,370.310791,223.123993,0.622264,3.458432,0.882739,depth,1
1777902020.506877,-0.300016,-0.109397,2.517000,370.435638,222.717819,0.622726,3.369823,0.888323,depth,1
1777902020.518004,-0.300567,-0.112291,2.526000,370.524750,222.290436,0.652557,4.056270,0.928580,depth,1
1777902020.529133,-0.301119,-0.115094,2.541000,370.733978,221.927887,0.610953,3.029774,0.875895,depth,1
1777902020.540260,-0.302342,-0.118915,2.561000,370.927185,221.436890,0.631850,3.474240,0.905913,depth,1
1777902020.551387,-0.304072,-0.123437,2.581000,371.032715,220.836441,0.601981,3.121345,0.848886,depth,1
1777902020.562515,-0.297922,-0.125563,2.546000,371.375977,220.192734,0.631416,3.574882,0.899796,depth,1
1777902020.573642,-0.292777,-0.127449,2.517000,371.676025,219.624603,0.602152,3.129850,0.848886,depth,1
1777902020.584770,-0.289414,-0.130835,2.502000,371.954956,218.909912,0.617342,3.254703,0.880620,depth,1
1777902020.595898,-0.293573,-0.137896,2.546000,372.112610,218.103607,0.616849,3.230056,0.880620,depth,1
1777902020.607025,-0.284348,-0.139657,2.488000,372.552551,217.253754,0.616506,3.212892,0.880620,depth,1
1777902020.618153,-0.287952,-0.146361,2.531000,372.775757,216.522720,0.593199,2.910722,0.837460,depth,1
1777902020.629281,-0.287750,-0.151697,2.546000,373.099091,215.765762,0.618152,3.295174,0.880620,depth,1
1777902020.640408,-0.282483,-0.156623,2.521000,373.516815,214.668198,0.610734,3.241652,0.864753,depth,1
1777902020.651536,-0.285522,-0.164957,2.561000,373.759766,213.683182,0.620192,3.397191,0.880620,depth,1
1777902020.662663,-0.281341,-0.169381,2.541000,374.090912,212.713638,0.616014,3.346941,0.872687,depth,1
1777902020.673791,-0.275112,-0.174509,2.517000,374.702911,211.560867,0.611130,3.045951,0.875527,depth,1
1777902020.684918,-0.279906,-0.184499,2.571000,374.888885,210.513153,0.609142,3.098854,0.867913,depth,1
1777902020.696046,-0.271582,-0.188385,2.526000,375.473694,209.298248,0.588816,2.769340,0.833572,depth,1
1777902020.707174,-0.268903,-0.195994,2.531000,376.021729,208.065216,0.637165,3.611152,0.912355,depth,1
1777902020.718301,-0.268324,-0.204944,2.546000,376.389832,206.745758,0.603937,2.940434,0.862820,depth,1
1777902020.729429,-0.266741,-0.213447,2.561000,376.922546,205.517288,0.623257,3.332721,0.891506,depth,1
1777902020.740557,-0.259681,-0.217498,2.517000,377.347046,204.194794,0.605653,3.006116,0.863828,depth,1
1777902020.751684,-0.255396,-0.224711,2.507000,377.906708,202.805206,0.626982,3.371012,0.898904,depth,1
1777902020.762812,-0.251783,-0.232212,2.497000,378.354767,201.354752,0.616400,3.116870,0.885157,depth,1
1777902020.773939,-0.249241,-0.241860,2.502000,378.879883,199.771927,0.636366,3.544275,0.913701,depth,1
1777902020.785067,-0.247559,-0.251846,2.521000,379.491516,198.377777,0.628573,3.298948,0.906486,depth,1
1777902020.796195,-0.242395,-0.258561,2.497000,379.976288,196.803696,0.605863,2.994107,0.864953,depth,1
1777902020.807322,-0.238083,-0.266308,2.488000,380.572327,195.299377,0.625699,3.452039,0.891647,depth,1
1777902020.818449,-0.237097,-0.278311,2.517000,381.216858,193.774475,0.610734,3.109190,0.871376,depth,1
1777902020.829578,-0.234321,-0.286965,2.512000,381.612518,192.193741,0.624589,3.283658,0.897290,depth,1
1777902020.840705,-0.228587,-0.294865,2.497000,382.361206,190.533340,0.644947,3.741466,0.925294,depth,1
1777902020.851832,-0.225361,-0.305391,2.497000,382.918427,188.715134,0.603887,3.043730,0.857530,depth,1
1777902020.862959,-0.226690,-0.320063,2.541000,383.367004,187.138214,0.622617,3.488307,0.882127,depth,1
1777902020.874087,-0.222023,-0.327869,2.526000,383.935364,185.482986,0.602776,2.892741,0.862304,depth,1
1777902020.885214,-0.216221,-0.334038,2.502000,384.571747,183.882492,0.635974,3.664393,0.906716,depth,1
1777902020.896341,-0.212664,-0.344900,2.502000,385.184937,182.010269,0.620229,3.252644,0.887939,depth,1
1777902020.907469,-0.210372,-0.356491,2.517000,385.796173,180.378372,0.605776,2.925407,0.868170,depth,1
1777902020.918596,-0.205719,-0.364356,2.502000,386.382080,178.656464,0.603018,2.904833,0.862304,depth,1
1777902020.929723,-0.201957,-0.374301,2.502000,387.030609,176.942184,0.621913,3.215238,0.894021,depth,1
1777902020.940851,-0.198234,-0.384058,2.497000,387.603943,175.127762,0.620919,3.132515,0.895671,depth,1
1777902020.951978,-0.193311,-0.390346,2.479000,388.211792,173.552078,0.594395,2.825640,0.844706,depth,1
1777902020.963105,-0.192923,-0.404164,2.512000,388.720123,172.071732,0.594952,2.897642,0.842498,depth,1
1777902020.974233,-0.206386,-0.452591,2.742000,389.380951,170.275360,0.630202,3.542671,0.898372,depth,1
1777902020.985360,-0.182044,-0.419699,2.474000,390.108032,168.297760,0.624167,3.220824,0.899376,depth,1
1777902020.996487,-0.177465,-0.426166,2.451000,390.615875,166.473358,0.632888,3.542271,0.905106,depth,1
1777902021.007615,-0.183219,-0.457440,2.581000,391.227264,165.024475,0.609675,3.089878,0.869694,depth,1
1777902021.018742,-0.174398,-0.451535,2.497000,391.720825,163.472931,0.624979,3.303160,0.897290,depth,1
1777902021.029869,-0.169073,-0.455349,2.469000,392.309448,161.922348,0.628561,3.352651,0.903769,depth,1
1777902021.040997,-0.166729,-0.465923,2.479000,392.836395,160.403442,0.637026,3.614619,0.911835,depth,1
1777902021.052124,-0.162416,-0.471201,2.460000,393.368500,158.852127,0.621804,3.273969,0.890811,depth,1
1777902021.063251,-0.161897,-0.480049,2.474000,393.620178,157.777237,0.636041,3.507849,0.914709,depth,1
1777902021.074379,-0.157796,-0.498824,2.507000,394.697144,155.648743,0.634437,3.483691,0.911909,depth,1
1777902021.085506,-0.153335,-0.499640,2.474000,395.112762,154.361832,0.612239,3.184426,0.871376,depth,1
1777902021.096633,-0.150848,-0.510087,2.479000,395.599243,152.720108,0.610127,3.071625,0.871736,depth,1
1777902021.107761,-0.147047,-0.513263,2.465000,396.115295,151.660400,0.616412,3.119685,0.885045,depth,1
1777902021.118888,-0.145158,-0.520731,2.465000,396.445709,150.353775,0.641623,3.524853,0.927815,depth,1
1777902021.130015,-0.144607,-0.535358,2.497000,396.866425,148.995010,0.590742,2.871984,0.833255,depth,1
1777902021.141143,-0.140022,-0.535547,2.465000,397.344391,147.761383,0.615152,3.200538,0.877854,depth,1
1777902021.152270,-0.135577,-0.537675,2.442000,397.898651,146.503052,0.617844,3.205533,0.884333,depth,1
1777902021.163397,-0.133478,-0.546176,2.451000,398.355988,145.355972,0.647553,3.536968,0.942034,depth,1
1777902021.174525,-0.133517,-0.559506,2.483000,398.651917,144.279205,0.613660,3.125924,0.877854,depth,1
1777902021.185652,-0.124847,-0.541282,2.375000,399.171692,143.169174,0.616906,3.144407,0.885045,depth,1
1777902021.196779,-0.129223,-0.570956,2.483000,399.397736,142.290405,0.634658,3.475657,0.912863,depth,1
1777902021.207907,-0.124913,-0.567105,2.442000,399.782013,141.305450,0.621951,3.399194,0.884917,depth,1
1777902021.219034,-0.120689,-0.563287,2.406000,400.209259,140.491226,0.614745,3.036381,0.885045,depth,1
1777902021.230161,-0.123624,-0.589994,2.502000,400.533325,139.761734,0.620997,3.082769,0.898353,depth,1
1777902021.241289,-0.113004,-0.550807,2.321000,400.844940,139.112335,0.614584,3.042532,0.884333,depth,1
1777902021.252416,-0.111755,-0.558218,2.342000,401.263214,138.665436,0.612114,3.048602,0.877854,depth,1
1777902021.263543,-0.111284,-0.565931,2.358000,401.488983,137.952209,0.623816,3.090662,0.905008,depth,1
1777902021.274671,-0.110937,-0.571686,2.375000,401.697754,137.648010,0.618459,3.088994,0.891699,depth,1
1777902021.285798,-0.109040,-0.572969,2.375000,402.042145,137.415070,0.620433,3.457891,0.878188,depth,1
1777902021.296925,-0.112077,-0.596222,2.465000,402.233826,137.145523,0.618592,3.095602,0.891699,depth,1
1777902021.308052,-0.111605,-0.601237,2.488000,402.496948,137.240540,0.616477,3.137174,0.884333,depth,1
1777902021.319180,-0.109487,-0.592046,2.451000,402.577545,137.284500,0.617236,3.175164,0.884333,depth,1
1777902021.330307,-0.107523,-0.585324,2.428000,402.743896,137.491638,0.613908,3.266246,0.871458,depth,1
1777902021.341434,-0.108236,-0.590006,2.455000,402.828644,137.812576,0.616636,3.128676,0.885157,depth,1
1777902021.352562,-0.106885,-0.585977,2.451000,403.035370,138.352386,0.632689,3.508381,0.906303,depth,1
1777902021.363689,-0.108199,-0.585632,2.460000,402.873840,138.790176,0.620197,3.164535,0.892266,depth,1
1777902021.374816,-0.106849,-0.581578,2.455000,403.072357,139.293289,0.623519,3.333600,0.892117,depth,1
1777902021.385944,-0.105992,-0.574389,2.442000,403.123749,140.018936,0.614469,3.155663,0.878390,depth,1
1777902021.397071,-0.105578,-0.569893,2.442000,403.196808,140.813034,0.614424,3.164127,0.877854,depth,1
1777902021.419326,-0.106945,-0.560942,2.451000,403.024811,142.757690,0.602266,2.962716,0.857530,depth,1
1777902021.430453,-0.107429,-0.555138,2.451000,402.939728,143.778961,0.602747,2.986748,0.857530,depth,1
1777902021.441580,-0.107810,-0.546156,2.437000,402.763580,144.807327,0.623969,3.405208,0.889663,depth,1
1777902021.452708,-0.109162,-0.539280,2.437000,402.524292,146.024307,0.633784,3.517358,0.908592,depth,1
1777902021.463835,-0.110585,-0.537892,2.460000,402.455475,147.159821,0.619396,3.211033,0.887939,depth,1
1777902021.474962,-0.112660,-0.531765,2.469000,402.163788,148.573883,0.609188,3.208891,0.862525,depth,1
1777902021.486090,-0.112578,-0.517536,2.437000,401.919769,149.872314,0.615945,3.309638,0.874381,depth,1
1777902021.497217,-0.114973,-0.511541,2.442000,401.537659,151.118729,0.621578,3.320114,0.887939,depth,1
1777902021.508344,-0.117270,-0.506330,2.460000,401.283569,152.693283,0.634453,3.550815,0.908592,depth,1
1777902021.519472,-0.121161,-0.505733,2.497000,400.916077,154.111893,0.609683,3.090292,0.869694,depth,1
1777902021.530599,-0.122642,-0.495433,2.488000,400.583649,155.581223,0.625580,3.333180,0.897290,depth,1
1777902021.541726,-0.124950,-0.486445,2.483000,400.139954,156.969467,0.609215,3.026039,0.871736,depth,1
1777902021.552854,-0.125673,-0.475646,2.469000,399.890656,158.376816,0.627240,3.664548,0.884872,depth,1
1777902021.563981,-0.127747,-0.465325,2.455000,399.401001,159.716171,0.620881,3.277582,0.888323,depth,1
1777902021.575108,-0.136361,-0.471223,2.556000,398.834381,161.951172,0.593911,3.008613,0.834348,depth,1
1777902021.586236,-0.156904,-0.510532,2.862000,398.198730,164.528839,0.627405,3.852371,0.875895,depth,1
1777902021.597363,-0.141279,-0.440163,2.521000,397.673553,166.160919,0.609331,3.092709,0.868692,depth,1
1777902021.608490,-0.140556,-0.428808,2.483000,397.429199,166.980820,0.626035,3.371994,0.896488,depth,1
1777902021.619618,-0.143956,-0.420809,2.488000,396.888885,168.517090,0.620892,3.229555,0.890753,depth,1
1777902021.630745,-0.147048,-0.409523,2.483000,396.301575,170.330444,0.604591,3.139253,0.854514,depth,1
1777902021.641872,-0.151394,-0.402150,2.497000,395.694214,172.002899,0.610304,3.004660,0.875526,depth,1
1777902021.653000,-0.162141,-0.413583,2.638000,395.334869,173.846268,0.647867,3.715121,0.933912,depth,1
1777902021.664127,-0.153176,-0.369786,2.419000,394.533325,175.533340,0.617001,3.163706,0.884317,depth,1
1777902021.675254,-0.151989,-0.350213,2.346000,393.901672,177.080002,0.616767,3.247787,0.879528,depth,1
1777902021.686382,-0.161939,-0.355494,2.451000,393.347961,178.908936,0.614504,3.241014,0.874210,depth,1
1777902021.697509,-0.171852,-0.357987,2.546000,392.731995,180.820770,0.623774,3.130711,0.902898,depth,1
1777902021.708636,-0.176843,-0.349679,2.556000,392.003571,182.459900,0.622397,3.369270,0.887528,depth,1
1777902021.719764,-0.176338,-0.331459,2.493000,391.337006,184.120880,0.622870,3.297566,0.892298,depth,1
1777902021.730891,-0.182959,-0.328136,2.546000,390.850464,185.877472,0.616850,3.281790,0.878036,depth,1
1777902021.742018,-0.187370,-0.319183,2.546000,390.103119,187.394104,0.633909,3.704484,0.899548,depth,1
1777902021.753145,-0.193412,-0.311360,2.561000,389.271545,189.028091,0.611198,3.106148,0.872687,depth,1
1777902021.764273,-0.198125,-0.303164,2.576000,388.672241,190.705780,0.600640,3.040817,0.849559,depth,1
1777902021.775400,-0.199921,-0.289652,2.546000,387.977020,192.396545,0.627461,3.493606,0.893972,depth,1
1777902021.786527,-0.203144,-0.279508,2.531000,387.227173,193.834259,0.623837,3.051238,0.907030,depth,1
1777902021.797655,-0.210112,-0.274751,2.571000,386.596802,195.373260,0.655954,4.160656,0.931852,depth,1
1777902021.808782,-0.212266,-0.263379,2.546000,385.885834,196.847153,0.603218,2.979875,0.859051,depth,1
1777902021.819909,-0.215254,-0.253487,2.531000,385.163696,198.268250,0.625958,3.335484,0.898120,depth,1
1777902021.831037,-0.223262,-0.250655,2.581000,384.536133,199.578308,0.636286,3.919097,0.894760,depth,1
1777902021.842164,-0.224492,-0.236919,2.546000,383.814819,201.329437,0.630471,3.348579,0.908748,depth,1
1777902021.853291,-0.229105,-0.230247,2.556000,383.185181,202.612091,0.630745,3.362267,0.908748,depth,1
1777902021.864419,-0.232868,-0.222215,2.546000,382.395966,203.820206,0.615883,3.256912,0.876862,depth,1
1777902021.875546,-0.238725,-0.216399,2.576000,381.874756,205.232330,0.614817,3.203591,0.876862,depth,1
1777902021.886673,-0.237458,-0.204153,2.521000,381.219574,206.536926,0.619924,3.246368,0.887491,depth,1
1777902021.897801,-0.243847,-0.200030,2.546000,380.536133,207.578308,0.634505,3.830053,0.894760,depth,1
1777902021.908928,-0.250568,-0.195565,2.571000,379.810394,208.656693,0.620589,3.279622,0.887491,depth,1
1777902021.920055,-0.253375,-0.188249,2.571000,379.339539,209.884064,0.633817,3.723407,0.898372,depth,1
1777902021.931183,-0.253563,-0.180754,2.541000,378.805725,210.783234,0.610651,3.207898,0.866234,depth,1
1777902021.942311,-0.261041,-0.175848,2.571000,378.053558,211.964279,0.637729,3.775660,0.905540,depth,1
1777902021.953438,-0.264762,-0.170944,2.576000,377.515533,212.842651,0.605372,3.156497,0.855605,depth,1
1777902021.964566,-0.270144,-0.166581,2.591000,376.876251,213.734528,0.620610,3.280672,0.887491,depth,1
1777902021.975693,-0.273031,-0.161136,2.581000,376.219574,214.536926,0.620016,3.250969,0.887491,depth,1
1777902021.986820,-0.270200,-0.153376,2.531000,375.800781,215.327423,0.625489,3.312070,0.898120,depth,1
1777902021.997948,-0.281678,-0.152897,2.606000,375.226196,216.158737,0.610896,3.281880,0.863145,depth,1
1777902022.009075,-0.282613,-0.147556,2.591000,374.800781,216.901382,0.600925,2.919089,0.856358,depth,1
1777902022.020202,-0.284699,-0.142441,2.576000,374.177643,217.614777,0.622388,3.369591,0.887491,depth,1
1777902022.031330,-0.285984,-0.137140,2.561000,373.682007,218.367813,0.626725,3.456822,0.893972,depth,1
1777902022.042458,-0.292521,-0.134345,2.591000,373.151520,219.100372,0.603814,2.933056,0.862881,depth,1
1777902022.053585,-0.292871,-0.130248,2.571000,372.714020,219.613632,0.632297,3.529896,0.904248,depth,1
1777902022.064713,-0.295814,-0.126333,2.571000,372.220367,220.270370,0.614354,3.067833,0.882492,depth,1
1777902022.075840,-0.297578,-0.122804,2.571000,371.924408,220.862396,0.624159,3.534013,0.883696,depth,1
1777902022.086967,-0.298455,-0.118635,2.556000,371.483521,221.445053,0.619591,3.133581,0.892298,depth,1
1777902022.098095,-0.306236,-0.116058,2.596000,370.966675,222.181488,0.641859,3.596980,0.924799,depth,1
1777902022.109222,-0.305648,-0.112621,2.571000,370.570648,222.570648,0.625450,3.230415,0.902103,depth,1
1777902022.120349,-0.308186,-0.108582,2.571000,370.144928,223.248184,0.625860,3.250960,0.902103,depth,1
1777902022.131477,-0.310503,-0.105464,2.576000,369.857422,223.805557,0.594662,2.872651,0.843024,depth,1
1777902022.142604,-0.313244,-0.101513,2.581000,369.500000,224.500000,0.635842,3.357801,0.921714,depth,1
1777902022.153731,-0.309260,-0.095156,2.531000,369.144928,225.248184,0.626796,3.297717,0.902103,depth,1
1777902022.164859,-0.322213,-0.094969,2.617000,368.741943,225.811829,0.585359,2.908720,0.817961,depth,1
1777902022.175987,-0.320302,-0.089467,2.591000,368.527161,226.570648,0.627193,3.317585,0.902103,depth,1
1777902022.187114,-0.320682,-0.084533,2.576000,368.153168,227.309906,0.616901,3.284334,0.878036,depth,1
1777902022.198241,-0.322541,-0.079717,2.576000,367.841919,228.116196,0.622004,3.705612,0.869728,depth,1
1777902022.209369,-0.326896,-0.076521,2.591000,367.429596,228.725494,0.619860,3.242458,0.887528,depth,1
1777902022.220496,-0.325198,-0.071150,2.571000,367.291199,229.527466,0.620239,3.165974,0.892298,depth,1
1777902022.231623,-0.321802,-0.064902,2.521000,366.790253,230.359558,0.638596,3.639341,0.914523,depth,1
1777902022.242751,-0.332820,-0.061693,2.606000,366.762451,231.252869,0.627922,3.516684,0.893972,depth,1
1777902022.253878,-0.327570,-0.056408,2.546000,366.353699,231.907410,0.614732,3.086758,0.882492,depth,1
1777902022.265005,-0.335118,-0.051954,2.596000,366.168488,232.831497,0.617928,3.050467,0.892298,depth,1
1777902022.276133,-0.334721,-0.047217,2.576000,365.802673,233.557465,0.625116,3.376339,0.893972,depth,1
1777902022.287261,-0.337523,-0.042796,2.591000,365.660706,234.339279,0.587796,2.916627,0.823659,depth,1
1777902022.309516,-0.336029,-0.031485,2.561000,365.254059,236.160568,0.623743,3.146754,0.902020,depth,1
1777902022.320643,-0.332553,-0.025417,2.521000,364.950928,237.114517,0.608183,3.084466,0.866234,depth,1
1777902022.331770,-0.341039,-0.020830,2.576000,364.744843,237.975311,0.646568,3.601245,0.936359,depth,1
1777902022.342898,-0.340831,-0.015247,2.571000,364.668762,238.905060,0.632985,3.384478,0.913239,depth,1
1777902022.354025,-0.345051,-0.011034,2.591000,364.407654,239.626129,0.605927,3.187557,0.855439,depth,1
1777902022.365152,-0.348786,-0.005898,2.606000,364.119995,240.486664,0.641737,3.841540,0.912266,depth,1
1777902022.376280,-0.349530,-0.001335,2.612000,364.129883,241.242432,0.622786,3.336932,0.890119,depth,1
1777902022.387407,-0.346159,0.004071,2.581000,364.000000,242.143158,0.627244,3.328647,0.901679,depth,1
1777902022.398535,-0.349154,0.008070,2.596000,363.836639,242.803528,0.625872,3.200830,0.904638,depth,1
1777902022.409662,-0.350512,0.013763,2.606000,363.834442,243.740494,0.618958,3.094748,0.892656,depth,1
1777902022.420789,-0.350715,0.016980,2.606000,363.800903,244.272934,0.618200,3.056890,0.892656,depth,1
1777902022.431917,-0.350270,0.021732,2.596000,363.651123,245.073334,0.608528,3.086423,0.866999,depth,1
1777902022.443045,-0.353082,0.027046,2.612000,363.543304,245.928574,0.617362,3.065722,0.890119,depth,1
1777902022.454172,-0.354762,0.031062,2.622000,363.489349,246.572098,0.625860,3.499737,0.889663,depth,1
1777902022.465299,-0.345656,0.033682,2.561000,363.632874,247.135132,0.602798,3.031120,0.855439,depth,1
1777902022.476427,-0.354875,0.039003,2.622000,363.470734,247.878372,0.602228,3.002627,0.855439,depth,1
1777902022.487554,-0.352597,0.042957,2.606000,363.489349,248.572098,0.625444,3.478954,0.889663,depth,1
1777902022.498681,-0.356271,0.046383,2.638000,363.596497,249.046051,0.612085,3.033087,0.878559,depth,1
1777902022.509809,-0.355140,0.050519,2.627000,363.538300,249.756760,0.602585,3.020503,0.855439,depth,1
1777902022.520936,-0.349489,0.052079,2.591000,363.668854,250.131577,0.612997,3.078657,0.878559,depth,1
1777902022.532063,-0.353225,0.057223,2.617000,363.631104,250.893326,0.607939,3.056956,0.866999,depth,1
1777902022.543192,-0.354060,0.060491,2.627000,363.715607,251.393936,0.630572,3.482973,0.902282,depth,1
1777902022.554319,-0.354512,0.063278,2.633000,363.774048,251.827744,0.617684,3.031075,0.892656,depth,1
1777902022.565446,-0.350831,0.066101,2.606000,363.781616,252.402298,0.636925,3.548208,0.914902,depth,1
1777902022.576574,-0.355475,0.069498,2.643000,363.836639,252.803528,0.624299,3.122165,0.904638,depth,1
1777902022.587701,-0.352493,0.072661,2.627000,363.972961,253.391891,0.632142,3.605049,0.900103,depth,1
1777902022.598828,-0.350425,0.075008,2.612000,363.982117,253.847870,0.619899,3.141841,0.892656,depth,1
1777902022.609956,-0.349662,0.077498,2.612000,364.108093,254.259003,0.604201,3.101256,0.855439,depth,1
1777902022.621083,-0.349262,0.080570,2.622000,364.393951,254.715622,0.632208,3.564760,0.902282,depth,1
1777902022.632210,-0.351357,0.083336,2.638000,364.399994,255.087357,0.607821,3.017191,0.868692,depth,1
1777902022.643337,-0.346437,0.084840,2.612000,364.640472,255.471436,0.637039,3.510259,0.917085,depth,1
1777902022.654466,-0.346121,0.087963,2.612000,364.692627,255.987015,0.618768,3.136033,0.890119,depth,1
1777902022.665593,-0.344785,0.090626,2.612000,364.913330,256.426666,0.637723,3.640797,0.912266,depth,1
1777902022.676720,-0.344104,0.092516,2.606000,364.894867,256.774048,0.618102,3.051962,0.892656,depth,1
1777902022.687848,-0.341506,0.094644,2.596000,365.107239,257.186493,0.603367,3.034143,0.856710,depth,1
1777902022.698975,-0.343825,0.098100,2.622000,365.288300,257.599091,0.629966,3.496258,0.900103,depth,1
1777902022.710102,-0.345540,0.101098,2.643000,365.457764,257.959991,0.607472,3.033620,0.866999,depth,1
1777902022.721230,-0.337193,0.101716,2.591000,365.715607,258.393951,0.631537,3.531216,0.902282,depth,1
1777902022.732357,-0.342569,0.106066,2.638000,365.836639,258.803528,0.622505,3.032477,0.904638,depth,1
1777902022.743484,-0.340250,0.106147,2.622000,365.876373,258.922729,0.624327,3.123557,0.904638,depth,1
1777902022.754612,-0.340091,0.104946,2.622000,365.902588,258.725098,0.619035,3.149374,0.890119,depth,1
1777902022.765739,-0.339880,0.101934,2.627000,366.043671,258.197693,0.607948,3.023560,0.868692,depth,1
1777902022.776867,-0.339562,0.099786,2.622000,365.989532,257.876312,0.622368,3.374140,0.887212,depth,1
1777902022.787995,-0.336262,0.099820,2.617000,366.426666,257.913330,0.646367,4.073000,0.912266,depth,1
1777902022.799122,-0.335733,0.101298,2.627000,366.724457,258.093323,0.607853,3.052699,0.866999,depth,1
1777902022.810249,-0.334545,0.103336,2.622000,366.814819,258.460327,0.651532,4.150262,0.921317,depth,1
1777902022.821377,-0.330113,0.102550,2.596000,367.000000,258.500000,0.650024,3.778093,0.936155,depth,1
1777902022.832504,-0.332496,0.104063,2.617000,367.047302,258.612610,0.602341,3.008285,0.855439,depth,1
1777902022.843631,-0.329553,0.102967,2.606000,367.303040,258.503510,0.627798,3.344266,0.902282,depth,1
1777902022.854759,-0.330439,0.102328,2.617000,367.386322,258.326721,0.625880,3.201250,0.904638,depth,1
1777902022.865886,-0.330439,0.102328,2.617000,367.386322,258.326721,0.627462,3.280346,0.904638,depth,1
1777902022.877014,-0.329450,0.102747,2.606000,367.320190,258.467102,0.616507,3.254194,0.878559,depth,1
1777902022.888142,-0.332108,0.104720,2.627000,367.319641,258.655243,0.630194,3.750928,0.887939,depth,1
1777902022.899269,-0.332201,0.105666,2.633000,367.428558,258.770966,0.614960,3.134515,0.880674,depth,1
1777902022.910396,-0.328669,0.105967,2.606000,367.449371,259.000000,0.608155,3.027382,0.869020,depth,1
1777902022.921525,-0.327175,0.107220,2.596000,367.488098,259.275787,0.607727,3.123421,0.863145,depth,1
1777902022.932652,-0.328947,0.108343,2.617000,367.632172,259.317993,0.625102,3.375634,0.893972,depth,1
1777902022.943779,-0.323535,0.109091,2.606000,368.299103,259.517120,0.614990,3.188787,0.878036,depth,1
1777902022.954907,-0.323037,0.108025,2.596000,368.175537,259.409576,0.589567,2.943219,0.826756,depth,1
1777902022.966034,-0.322799,0.107817,2.596000,368.214996,259.375000,0.614886,3.153754,0.879528,depth,1
1777902022.977161,-0.323400,0.108402,2.606000,368.321442,259.403076,0.606500,3.086272,0.861937,depth,1
1777902022.988289,-0.323212,0.108673,2.606000,368.352417,259.447906,0.623029,3.499256,0.882610,depth,1
1777902022.999417,-0.321440,0.109244,2.596000,368.440918,259.612000,0.627391,3.429136,0.897020,depth,1
1777902023.010544,-0.324199,0.110258,2.622000,368.516479,259.598907,0.622530,3.280526,0.892298,depth,1
1777902023.021672,-0.321084,0.108837,2.596000,368.500000,259.544434,0.614380,3.069173,0.882492,depth,1
1777902023.032799,-0.322731,0.109066,2.612000,368.554871,259.471558,0.599814,3.138815,0.842594,depth,1
1777902023.043926,-0.324483,0.109725,2.633000,368.692780,259.435730,0.603153,3.100238,0.852870,depth,1
1777902023.055054,-0.321649,0.108921,2.606000,368.611115,259.488892,0.616585,3.179394,0.882492,depth,1
1777902023.066182,-0.321545,0.110232,2.617000,368.852051,259.629242,0.597895,2.925712,0.848452,depth,1
1777902023.077309,-0.320896,0.110427,2.617000,368.959015,259.661316,0.598562,2.959067,0.848452,depth,1
1777902023.088436,-0.319902,0.111254,2.622000,369.223389,259.762665,0.607300,3.032956,0.866601,depth,1
1777902023.099564,-0.316730,0.110151,2.596000,369.223389,259.762665,0.607138,3.024858,0.866601,depth,1
1777902023.110691,-0.319292,0.111042,2.617000,369.223389,259.762665,0.606835,3.009717,0.866601,depth,1
1777902023.121818,-0.319693,0.112102,2.617000,369.157196,259.937500,0.633348,3.582423,0.904248,depth,1
1777902023.132946,-0.315001,0.110512,2.591000,369.409576,259.858154,0.612734,3.352229,0.864223,depth,1
1777902023.144074,-0.319189,0.112586,2.622000,369.340607,259.981781,0.643447,3.982591,0.909487,depth,1
1777902023.155201,-0.317648,0.112289,2.612000,369.394104,260.003693,0.639894,4.003767,0.899548,depth,1
1777902023.166329,-0.312415,0.110751,2.576000,369.537231,260.005310,0.642560,4.042109,0.904295,depth,1
1777902023.177456,-0.315037,0.112325,2.596000,369.504547,260.123871,0.642640,3.942251,0.909487,depth,1
1777902023.188584,-0.316251,0.112757,2.606000,369.504547,260.123871,0.641349,3.877699,0.909487,depth,1
1777902023.199712,-0.312624,0.111959,2.581000,369.603607,260.171173,0.645495,3.886213,0.919427,depth,1
1777902023.210839,-0.316043,0.113861,2.612000,369.659088,260.263245,0.635092,3.669675,0.904248,depth,1
1777902023.221966,-0.313702,0.112751,2.596000,369.726410,260.194611,0.635753,3.400136,0.919377,depth,1
1777902023.233094,-0.311889,0.112099,2.581000,369.726410,260.194611,0.635279,3.376397,0.919377,depth,1
1777902023.244221,-0.315336,0.113601,2.612000,369.775818,260.220276,0.630686,3.359312,0.908748,depth,1
1777902023.255348,-0.310571,0.114357,2.581000,369.946747,260.571991,0.602485,2.997089,0.856358,depth,1
1777902023.266477,-0.314301,0.115731,2.612000,369.946747,260.571991,0.601870,2.966326,0.856358,depth,1
1777902023.277604,-0.312989,0.115699,2.606000,370.044312,260.610779,0.588320,2.680158,0.836791,depth,1
1777902023.288731,-0.310412,0.116013,2.591000,370.173492,260.773865,0.605669,2.953599,0.866493,depth,1
1777902023.299859,-0.308226,0.115326,2.576000,370.238647,260.771210,0.626482,3.361709,0.898120,depth,1
1777902023.310986,-0.312672,0.117432,2.612000,370.215698,260.852936,0.615641,3.313611,0.873421,depth,1
1777902023.322114,-0.310277,0.116349,2.596000,370.295410,260.792419,0.621584,3.329397,0.887491,depth,1
1777902023.333242,-0.310109,0.116662,2.596000,370.323242,260.844452,0.616464,3.285971,0.876862,depth,1
1777902023.344369,-0.305928,0.115089,2.561000,370.323242,260.844452,0.617313,3.328413,0.876862,depth,1
1777902023.355496,-0.308318,0.115988,2.581000,370.323242,260.844452,0.616975,3.311507,0.876862,depth,1
1777902023.366624,-0.306988,0.115715,2.576000,370.445770,260.836304,0.626080,3.341628,0.898120,depth,1
1777902023.377751,-0.307476,0.116266,2.581000,370.463928,260.890839,0.629985,3.324303,0.908748,depth,1
1777902023.388878,-0.312067,0.118117,2.622000,370.512054,260.891571,0.631903,3.334755,0.913021,depth,1
1777902023.400007,-0.308866,0.117276,2.596000,370.529755,260.946442,0.635975,3.318342,0.924021,depth,1
1777902023.411134,-0.313781,0.118275,2.633000,370.445770,260.836304,0.626868,3.381014,0.898120,depth,1
1777902023.422261,-0.309268,0.116277,2.596000,370.463074,260.780426,0.622379,3.369135,0.887491,depth,1
1777902023.433389,-0.311875,0.117556,2.617000,370.445770,260.836304,0.626201,3.347656,0.898120,depth,1
1777902023.444516,-0.310058,0.116298,2.606000,370.529419,260.709808,0.616023,3.332731,0.873421,depth,1
1777902023.455644,-0.314867,0.118382,2.643000,370.463074,260.780426,0.620937,3.297025,0.887491,depth,1
1777902023.466772,-0.310772,0.116566,2.612000,370.529419,260.709808,0.615735,3.318355,0.873421,depth,1
1777902023.477899,-0.313865,0.117726,2.638000,370.529419,260.709808,0.615948,3.328997,0.873421,depth,1
1777902023.489026,-0.310950,0.116269,2.612000,370.500000,260.660858,0.619457,3.298942,0.883696,depth,1
1777902023.500154,-0.312141,0.116026,2.622000,370.500000,260.547607,0.638279,3.803128,0.905540,depth,1
1777902023.511281,-0.308450,0.114654,2.591000,370.500000,260.547607,0.637421,3.760269,0.905540,depth,1
1777902023.522409,-0.313062,0.115788,2.627000,370.446442,260.472229,0.609001,3.187129,0.863145,depth,1
1777902023.533536,-0.309258,0.114069,2.596000,370.464691,260.413727,0.612860,3.174565,0.873421,depth,1
1777902023.544664,-0.314715,0.116196,2.643000,370.487946,260.423706,0.604016,3.143384,0.852870,depth,1
1777902023.555791,-0.311096,0.114176,2.612000,370.475891,260.315247,0.604822,3.183689,0.852870,depth,1
1777902023.566918,-0.307404,0.112821,2.581000,370.475891,260.315247,0.604089,3.147065,0.852870,depth,1
1777902023.578046,-0.312883,0.114832,2.627000,370.475891,260.315247,0.603896,3.137417,0.852870,depth,1
1777902023.589174,-0.311096,0.114176,2.612000,370.475891,260.315247,0.603662,3.125720,0.852870,depth,1
1777902023.600301,-0.308707,0.113611,2.591000,370.457306,260.373993,0.600186,3.157400,0.842594,depth,1
1777902023.611429,-0.311130,0.113829,2.612000,370.470245,260.257935,0.607456,3.109895,0.863145,depth,1
1777902023.622556,-0.314307,0.115672,2.638000,370.457306,260.373993,0.598608,3.078490,0.842594,depth,1
1777902023.633683,-0.311242,0.114176,2.612000,370.451813,260.315247,0.602837,3.084439,0.852870,depth,1
1777902023.644812,-0.311805,0.114751,2.617000,370.457306,260.373993,0.598187,3.057446,0.842594,depth,1
1777902023.655939,-0.311885,0.115239,2.612000,370.345612,260.490784,0.607632,3.056922,0.866234,depth,1
1777902023.667066,-0.311525,0.114269,2.606000,370.286591,260.373993,0.599211,3.108645,0.842594,depth,1
1777902023.678194,-0.312363,0.114514,2.606000,370.147919,260.414581,0.614008,3.100023,0.880020,depth,1
1777902023.689321,-0.312645,0.114726,2.612000,370.220215,260.406067,0.612673,3.096385,0.876862,depth,1
1777902023.700449,-0.315365,0.115918,2.627000,370.068390,260.493591,0.631195,3.526178,0.901679,depth,1
1777902023.711577,-0.313564,0.115256,2.612000,370.068390,260.493591,0.632998,3.616338,0.901679,depth,1
1777902023.722704,-0.314164,0.115477,2.617000,370.068390,260.493591,0.630818,3.507313,0.901679,depth,1
1777902023.733831,-0.315293,0.115546,2.627000,370.080170,260.432495,0.607498,2.994498,0.869020,depth,1
1777902023.744959,-0.309651,0.113706,2.576000,370.000000,260.500000,0.660225,4.279358,0.936594,depth,1
1777902023.756086,-0.314579,0.115516,2.617000,370.000000,260.500000,0.659443,4.240296,0.936594,depth,1
1777902023.767213,-0.313901,0.114920,2.612000,370.012817,260.438049,0.628949,3.413894,0.901679,depth,1
1777902023.778342,-0.315781,0.115580,2.627000,370.000000,260.438049,0.628489,3.390892,0.901679,depth,1
1777902023.789469,-0.313257,0.115030,2.606000,370.000000,260.500000,0.657396,4.137932,0.936594,depth,1
1777902023.800596,-0.309050,0.113485,2.571000,370.000000,260.500000,0.657487,4.142465,0.936594,depth,1
1777902023.811724,-0.312055,0.114589,2.596000,370.000000,260.500000,0.658051,4.170699,0.936594,depth,1
1777902023.822851,-0.312411,0.114787,2.596000,369.940796,260.532898,0.653093,4.166039,0.924430,depth,1
1777902023.833978,-0.312411,0.114787,2.596000,369.940796,260.532898,0.651944,4.108585,0.924430,depth,1
1777902023.845107,-0.314825,0.115927,2.612000,369.860229,260.604309,0.646657,4.148209,0.909232,depth,1
1777902023.856234,-0.312692,0.115448,2.591000,369.793854,260.679810,0.651875,4.105173,0.924430,depth,1
1777902023.867361,-0.312692,0.115448,2.591000,369.793854,260.679810,0.651546,4.088699,0.924430,depth,1
1777902023.878489,-0.313093,0.115551,2.591000,369.727264,260.696960,0.623329,3.364088,0.890119,depth,1
1777902023.889616,-0.316036,0.116511,2.612000,369.660248,260.700867,0.628969,3.414884,0.901679,depth,1
1777902023.900744,-0.312285,0.115129,2.581000,369.660248,260.700867,0.628688,3.400823,0.901679,depth,1
1777902023.911872,-0.316036,0.116511,2.612000,369.660248,260.700867,0.629394,3.436149,0.901679,depth,1
1777902023.922999,-0.317851,0.117181,2.627000,369.660248,260.700867,0.629613,3.447066,0.901679,depth,1
1777902023.934126,-0.316036,0.116511,2.612000,369.660248,260.700867,0.629355,3.434186,0.901679,depth,1
1777902023.945254,-0.316641,0.116735,2.617000,369.660248,260.700867,0.628974,3.415135,0.901679,depth,1
1777902023.956382,-0.318577,0.117448,2.633000,369.660248,260.700867,0.629614,3.447112,0.901679,depth,1
1777902023.967509,-0.313495,0.115575,2.591000,369.660248,260.700867,0.629544,3.443652,0.901679,depth,1
1777902023.978636,-0.316641,0.116735,2.617000,369.660248,260.700867,0.629932,3.463005,0.901679,depth,1
1777902023.989764,-0.316641,0.116735,2.617000,369.660248,260.700867,0.630310,3.481944,0.901679,depth,1
1777902024.000891,-0.317441,0.116730,2.627000,369.727478,260.626831,0.625209,3.516189,0.887212,depth,1
1777902024.012018,-0.313695,0.115352,2.596000,369.727478,260.626831,0.624591,3.485279,0.887212,depth,1
1777902024.023146,-0.311279,0.114463,2.576000,369.727478,260.626831,0.624516,3.481533,0.887212,depth,1
1777902024.034274,-0.316036,0.116511,2.612000,369.660248,260.700867,0.630227,3.477790,0.901679,depth,1
1777902024.045401,-0.316641,0.116735,2.617000,369.660248,260.700867,0.630624,3.497634,0.901679,depth,1
1777902024.056529,-0.314904,0.115796,2.606000,369.727478,260.626831,0.624586,3.485030,0.887212,depth,1
1777902024.067656,-0.312635,0.114715,2.591000,369.803406,260.557678,0.631251,3.528991,0.901679,depth,1
1777902024.078784,-0.312635,0.114715,2.591000,369.803406,260.557678,0.630675,3.500198,0.901679,depth,1
1777902024.089912,-0.314445,0.115379,2.606000,369.803406,260.557678,0.631149,3.523900,0.901679,depth,1
1777902024.101039,-0.312467,0.114704,2.596000,369.931610,260.519226,0.629895,3.461190,0.901679,depth,1
1777902024.112166,-0.309651,0.113706,2.576000,370.000000,260.500000,0.659740,4.255140,0.936594,depth,1
1777902024.123294,-0.313257,0.115030,2.606000,370.000000,260.500000,0.659827,4.259461,0.936594,depth,1
1777902024.134421,-0.313978,0.115295,2.612000,370.000000,260.500000,0.659563,4.246293,0.936594,depth,1
1777902024.145549,-0.313257,0.115030,2.606000,370.000000,260.500000,0.659316,4.233910,0.936594,depth,1
1777902024.156677,-0.313257,0.115030,2.606000,370.000000,260.500000,0.659933,4.264781,0.936594,depth,1
1777902024.167804,-0.310252,0.113927,2.581000,370.000000,260.500000,0.659006,4.218430,0.936594,depth,1
1777902024.178931,-0.314579,0.115516,2.617000,370.000000,260.500000,0.658910,4.213653,0.936594,depth,1
1777902024.190059,-0.313257,0.115030,2.606000,370.000000,260.500000,0.659333,4.234774,0.936594,depth,1
1777902024.201186,-0.313978,0.115295,2.612000,370.000000,260.500000,0.659584,4.247322,0.936594,depth,1
1777902024.212313,-0.314579,0.115516,2.617000,370.000000,260.500000,0.659420,4.239121,0.936594,depth,1
1777902024.223442,-0.313620,0.115415,2.612000,370.059204,260.519745,0.654588,4.240798,0.924430,depth,1
1777902024.234569,-0.311098,0.114487,2.591000,370.059204,260.519745,0.654409,4.231849,0.924430,depth,1
1777902024.245696,-0.312899,0.115149,2.606000,370.059204,260.519745,0.654265,4.224671,0.924430,depth,1
1777902024.256824,-0.312899,0.115149,2.606000,370.059204,260.519745,0.652989,4.160839,0.924430,depth,1
1777902024.267951,-0.314220,0.115635,2.617000,370.059204,260.519745,0.652821,4.152437,0.924430,depth,1
1777902024.279079,-0.315421,0.116077,2.627000,370.059204,260.519745,0.652402,4.131507,0.924430,depth,1
1777902024.290207,-0.314820,0.115856,2.622000,370.059204,260.519745,0.652141,4.118447,0.924430,depth,1
1777902024.301334,-0.311703,0.115084,2.596000,370.058441,260.582245,0.624776,3.436416,0.890119,depth,1
1777902024.312461,-0.314820,0.115856,2.622000,370.059204,260.519745,0.652058,4.114319,0.924430,depth,1
1777902024.323589,-0.309902,0.114419,2.581000,370.058441,260.582245,0.624982,3.446713,0.890119,depth,1
1777902024.334717,-0.311699,0.114708,2.596000,370.059204,260.519745,0.652149,4.118839,0.924430,depth,1
1777902024.345844,-0.312733,0.115473,2.606000,370.086670,260.573334,0.647436,4.126479,0.912266,depth,1
1777902024.356972,-0.314053,0.115961,2.617000,370.086670,260.573334,0.646370,4.073194,0.912266,depth,1
1777902024.368099,-0.310940,0.115185,2.591000,370.085541,260.635956,0.619867,3.422190,0.878559,depth,1
1777902024.379226,-0.312243,0.115787,2.606000,370.167755,260.625275,0.640597,4.079864,0.897500,depth,1
1777902024.390354,-0.309898,0.114045,2.581000,370.059204,260.519745,0.651404,4.081593,0.924430,depth,1
1777902024.401482,-0.312733,0.115473,2.606000,370.086670,260.573334,0.646597,4.084510,0.912266,depth,1
1777902024.412609,-0.311770,0.115362,2.596000,370.047302,260.628387,0.641591,4.077487,0.900103,depth,1
1777902024.423736,-0.311334,0.114809,2.591000,370.019989,260.573334,0.646056,4.057476,0.912266,depth,1
1777902024.434864,-0.314418,0.116554,2.617000,370.026672,260.671112,0.614542,3.387105,0.866999,depth,1
1777902024.445992,-0.308768,0.114251,2.571000,370.047302,260.628387,0.640655,4.030677,0.900103,depth,1
1777902024.457119,-0.312971,0.115806,2.606000,370.047302,260.628387,0.641734,4.084658,0.900103,depth,1
1777902024.468247,-0.310252,0.114246,2.581000,370.000000,260.553345,0.645552,4.032272,0.912266,depth,1
1777902024.479374,-0.312055,0.114910,2.596000,370.000000,260.553345,0.645736,4.041474,0.912266,depth,1
1777902024.490501,-0.312451,0.115373,2.596000,369.934235,260.630371,0.651214,4.010296,0.927521,depth,1
1777902024.501629,-0.312451,0.115373,2.596000,369.934235,260.630371,0.651080,4.003599,0.927521,depth,1
1777902024.512756,-0.312290,0.115716,2.596000,369.960907,260.687347,0.645854,3.994648,0.914902,depth,1
1777902024.523884,-0.312451,0.115373,2.596000,369.934235,260.630371,0.650690,3.984088,0.927521,depth,1
1777902024.535012,-0.310486,0.115048,2.581000,369.960907,260.687347,0.644705,3.937207,0.914902,depth,1
1777902024.546139,-0.312207,0.115020,2.591000,369.874725,260.608490,0.654882,3.941309,0.940140,depth,1
1777902024.557266,-0.315340,0.116174,2.617000,369.874725,260.608490,0.655133,3.953855,0.940140,depth,1
1777902024.568394,-0.314377,0.116085,2.612000,369.934235,260.630371,0.648515,3.875329,0.927521,depth,1
1777902024.579521,-0.312809,0.115242,2.596000,369.874725,260.608490,0.654472,3.920784,0.940140,depth,1
1777902024.590649,-0.313493,0.116162,2.606000,369.960907,260.687347,0.641234,3.763661,0.914902,depth,1
1777902024.601777,-0.313860,0.116023,2.606000,369.900238,260.664398,0.649689,3.934034,0.927521,depth,1
1777902024.612904,-0.314583,0.116291,2.612000,369.900238,260.664398,0.650125,3.955837,0.927521,depth,1
1777902024.624031,-0.314337,0.115494,2.612000,369.940796,260.532898,0.652136,4.118187,0.924430,depth,1
1777902024.635159,-0.312294,0.114995,2.591000,369.860229,260.604309,0.647193,4.174992,0.909232,depth,1
1777902024.646287,-0.313224,0.115353,2.596000,369.805725,260.626923,0.629301,3.372273,0.904638,depth,1
1777902024.657414,-0.314102,0.115660,2.606000,369.860229,260.604309,0.647175,4.174095,0.909232,depth,1
1777902024.668542,-0.311415,0.114607,2.581000,369.805725,260.613678,0.629521,3.383268,0.904638,depth,1
1777902024.679669,-0.310005,0.113902,2.576000,369.940796,260.532898,0.653165,4.169672,0.924430,depth,1
1777902024.690796,-0.309050,0.113485,2.571000,370.000000,260.500000,0.658859,4.211082,0.936594,depth,1
1777902024.701925,-0.312411,0.114787,2.596000,369.940796,260.532898,0.652846,4.153688,0.924430,depth,1
1777902024.713052,-0.313615,0.115229,2.606000,369.940796,260.532898,0.653034,4.163115,0.924430,depth,1
1777902024.724179,-0.311810,0.114566,2.591000,369.940796,260.532898,0.652331,4.127958,0.924430,depth,1
1777902024.735307,-0.310606,0.114123,2.581000,369.940796,260.532898,0.652995,4.161153,0.924430,depth,1
1777902024.746434,-0.313496,0.115348,2.606000,369.960541,260.552643,0.651940,4.108385,0.924430,depth,1
1777902024.757561,-0.313493,0.115723,2.606000,369.961029,260.614716,0.624866,3.440941,0.890119,depth,1
1777902024.768690,-0.310097,0.114613,2.581000,370.025970,260.614716,0.625030,3.449141,0.890119,depth,1
1777902024.779817,-0.310483,0.115426,2.581000,369.961456,260.750580,0.621233,3.448147,0.880674,depth,1
1777902024.790944,-0.312411,0.114787,2.596000,369.940796,260.532898,0.652451,4.133941,0.924430,depth,1
1777902024.802072,-0.310341,0.114649,2.576000,369.884521,260.657959,0.641521,4.126074,0.897500,depth,1
1777902024.813200,-0.310044,0.114485,2.576000,369.934235,260.630371,0.653174,4.108277,0.927521,depth,1
1777902024.824327,-0.309733,0.114365,2.581000,370.086670,260.573334,0.646856,4.097477,0.912266,depth,1
1777902024.835455,-0.312055,0.114962,2.596000,370.000000,260.561951,0.629823,3.457582,0.901679,depth,1
1777902024.846582,-0.313624,0.115793,2.612000,370.058441,260.582245,0.624831,3.439161,0.890119,depth,1
1777902024.857709,-0.311098,0.114487,2.591000,370.059204,260.519745,0.651721,4.097439,0.924430,depth,1
1777902024.868836,-0.309898,0.114045,2.581000,370.059204,260.519745,0.652384,4.130623,0.924430,depth,1
1777902024.879964,-0.312733,0.115473,2.606000,370.086670,260.573334,0.647820,4.145663,0.912266,depth,1
1777902024.891091,-0.308772,0.114624,2.571000,370.046661,260.691101,0.615238,3.421902,0.866999,depth,1
1777902024.902218,-0.307501,0.113532,2.561000,370.058441,260.582245,0.625084,3.451806,0.890119,depth,1
1777902024.913347,-0.309984,0.114796,2.581000,370.044861,260.645294,0.629879,3.460364,0.901679,depth,1
1777902024.924474,-0.311294,0.115396,2.591000,370.026672,260.671112,0.616199,3.469997,0.866999,depth,1
1777902024.935601,-0.311895,0.115619,2.596000,370.026672,260.671112,0.615544,3.437213,0.866999,depth,1
1777902024.946729,-0.313096,0.116064,2.606000,370.026672,260.671112,0.616085,3.464298,0.866999,depth,1
1777902024.957856,-0.313414,0.116430,2.606000,369.974030,260.731598,0.625297,3.462467,0.890119,depth,1
1777902024.968983,-0.312042,0.115825,2.596000,370.002136,260.705383,0.614930,3.448640,0.864892,depth,1
1777902024.980111,-0.312042,0.115825,2.596000,370.002136,260.705383,0.615513,3.477822,0.864892,depth,1
1777902024.991238,-0.308533,0.113922,2.571000,370.086670,260.573334,0.647336,4.121483,0.912266,depth,1
1777902025.002365,-0.311103,0.114862,2.591000,370.058441,260.582245,0.624963,3.445790,0.890119,depth,1
1777902025.013493,-0.309898,0.114045,2.581000,370.059204,260.519745,0.653190,4.170924,0.924430,depth,1
1777902025.024620,-0.311098,0.114487,2.591000,370.059204,260.519745,0.653591,4.190959,0.924430,depth,1
1777902025.035748,-0.310252,0.113927,2.581000,370.000000,260.500000,0.657640,4.150143,0.936594,depth,1
1777902025.046876,-0.311454,0.114368,2.591000,370.000000,260.500000,0.658290,4.182651,0.936594,depth,1
1777902025.058003,-0.311098,0.114487,2.591000,370.059204,260.519745,0.652787,4.150766,0.924430,depth,1
1777902025.069130,-0.312899,0.115149,2.606000,370.059204,260.519745,0.653450,4.183885,0.924430,depth,1
1777902025.080258,-0.311699,0.114708,2.596000,370.059204,260.519745,0.652416,4.132222,0.924430,depth,1
1777902025.091385,-0.311454,0.114368,2.591000,370.000000,260.500000,0.657291,4.132673,0.936594,depth,1
1777902025.102512,-0.309651,0.113706,2.576000,370.000000,260.500000,0.657998,4.168052,0.936594,depth,1
1777902025.113640,-0.309651,0.114076,2.576000,370.000000,260.561951,0.629605,3.446681,0.901679,depth,1
1777902025.124767,-0.313610,0.115606,2.606000,369.941559,260.595245,0.625080,3.451620,0.890119,depth,1
1777902025.135894,-0.306394,0.112576,2.546000,369.940796,260.532898,0.652817,4.152254,0.924430,depth,1
1777902025.147022,-0.310252,0.113927,2.581000,370.000000,260.500000,0.658403,4.188295,0.936594,depth,1
1777902025.158150,-0.311810,0.114566,2.591000,369.940796,260.532898,0.652405,4.131659,0.924430,depth,1
1777902025.169277,-0.310252,0.113927,2.581000,370.000000,260.500000,0.657434,4.139812,0.936594,depth,1
1777902025.180405,-0.313257,0.115030,2.606000,370.000000,260.500000,0.658388,4.187551,0.936594,depth,1
1777902025.191532,-0.309050,0.113485,2.571000,370.000000,260.500000,0.657020,4.119113,0.936594,depth,1
1777902025.202659,-0.311810,0.114566,2.591000,369.940796,260.532898,0.653077,4.165273,0.924430,depth,1
1777902025.213787,-0.311454,0.114368,2.591000,370.000000,260.500000,0.658193,4.177761,0.936594,depth,1
1777902025.224914,-0.312411,0.114787,2.596000,369.940796,260.532898,0.651868,4.104820,0.924430,depth,1
1777902025.236041,-0.308592,0.113688,2.561000,369.874725,260.608490,0.659719,4.183158,0.940140,depth,1
1777902025.247169,-0.311454,0.114368,2.591000,370.000000,260.500000,0.658496,4.192926,0.936594,depth,1
1777902025.258296,-0.313615,0.115229,2.606000,369.940796,260.532898,0.652842,4.153490,0.924430,depth,1
1777902025.269423,-0.308082,0.113356,2.561000,369.960541,260.552643,0.652741,4.148439,0.924430,depth,1
1777902025.280552,-0.311454,0.114368,2.591000,370.000000,260.500000,0.657786,4.157448,0.936594,depth,1
1777902025.291679,-0.310252,0.113927,2.581000,370.000000,260.500000,0.657729,4.154594,0.936594,depth,1
1777902025.302806,-0.309898,0.114045,2.581000,370.059204,260.519745,0.653241,4.173469,0.924430,depth,1
1777902025.313933,-0.307729,0.113479,2.561000,370.019989,260.573334,0.648082,4.158795,0.912266,depth,1
1777902025.325061,-0.309651,0.113706,2.576000,370.000000,260.500000,0.657661,4.151185,0.936594,depth,1
1777902025.336188,-0.310252,0.114297,2.581000,370.000000,260.561951,0.630584,3.495645,0.901679,depth,1
1777902025.347315,-0.311805,0.114940,2.591000,369.941559,260.595245,0.625470,3.471142,0.890119,depth,1
1777902025.358443,-0.313257,0.115030,2.606000,370.000000,260.500000,0.657529,4.144597,0.936594,depth,1
1777902025.369570,-0.309651,0.114400,2.576000,370.000000,260.616241,0.620393,3.448456,0.878559,depth,1
1777902025.380697,-0.314122,0.115849,2.612000,369.976349,260.591400,0.646784,4.154561,0.909232,depth,1
1777902025.391826,-0.310488,0.114242,2.581000,369.960541,260.552643,0.653013,4.162063,0.924430,depth,1
1777902025.402953,-0.309297,0.113824,2.576000,370.059204,260.519745,0.652418,4.132292,0.924430,depth,1
1777902025.414080,-0.309902,0.114419,2.581000,370.058441,260.582245,0.625000,3.447605,0.890119,depth,1
1777902025.425208,-0.311098,0.114487,2.591000,370.059204,260.519745,0.653549,4.188865,0.924430,depth,1
1777902025.436335,-0.309898,0.114045,2.581000,370.059204,260.519745,0.653108,4.166778,0.924430,depth,1
1777902025.447462,-0.312899,0.115149,2.606000,370.059204,260.519745,0.653580,4.190390,0.924430,depth,1
1777902025.458590,-0.311454,0.114740,2.591000,370.000000,260.561951,0.629563,3.444555,0.901679,depth,1
1777902025.469717,-0.311098,0.114487,2.591000,370.059204,260.519745,0.653960,4.209410,0.924430,depth,1
1777902025.480844,-0.313257,0.115404,2.606000,370.000000,260.561951,0.629926,3.462735,0.901679,depth,1
1777902025.491972,-0.309898,0.114045,2.581000,370.059204,260.519745,0.652636,4.143181,0.924430,depth,1
1777902025.503100,-0.310940,0.115185,2.591000,370.085541,260.635956,0.620490,3.453332,0.878559,depth,1
1777902025.514227,-0.309902,0.114419,2.581000,370.058441,260.582245,0.625208,3.458027,0.890119,depth,1
1777902025.525355,-0.312904,0.115527,2.606000,370.058441,260.582245,0.624805,3.437900,0.890119,depth,1
