timestamp_s,depth_m,pixel_u,pixel_v
1777901229.017602,2.675000,373.731934,258.703949
1777901229.028729,2.665000,373.548615,258.576385
1777901229.039857,2.692000,373.731934,258.703949
1777901229.050984,2.675000,373.657135,258.628571
1777901229.062111,2.665000,373.731934,258.703949
1777901229.073239,2.665000,373.584503,258.633789
1777901229.084366,2.659000,373.731934,258.703949
1777901229.095493,2.670000,373.731934,258.703949
1777901229.106621,2.675000,373.731934,258.703949
1777901229.117748,2.670000,373.731934,258.703949
1777901229.128875,2.670000,373.659760,258.708038
1777901229.140002,2.692000,373.657135,258.628571
1777901229.151130,2.659000,373.731934,258.703949
1777901229.162257,2.692000,373.584503,258.633789
1777901229.173384,2.665000,373.731934,258.703949
1777901229.184512,2.670000,373.657135,258.628571
1777901229.195639,2.681000,373.619720,258.570435
1777901229.206766,2.659000,373.659760,258.708038
1777901229.217894,2.692000,373.694244,258.645966
1777901229.229021,2.659000,373.657135,258.628571
1777901229.240148,2.665000,373.657135,258.628571
1777901229.251276,2.686000,373.731934,258.703949
1777901229.262403,2.686000,373.731934,258.703949
1777901229.273530,2.665000,373.731934,258.703949
1777901229.284658,2.670000,373.584503,258.633789
1777901229.295785,2.697000,373.584503,258.633789
1777901229.306912,2.675000,373.584503,258.633789
1777901229.318040,2.670000,373.749420,258.645966
1777901229.329166,2.675000,373.657135,258.628571
1777901229.340293,2.697000,373.657135,258.628571
1777901229.351421,2.665000,373.657135,258.628571
1777901229.362548,2.670000,373.659760,258.708038
1777901229.373675,2.675000,373.659760,258.708038
1777901229.384803,2.686000,373.657135,258.628571
1777901229.395931,2.686000,373.694244,258.645966
1777901229.407057,2.675000,373.623596,258.650787
1777901229.418185,2.675000,373.731934,258.703949
1777901229.429312,2.665000,373.659760,258.708038
1777901229.440439,2.670000,373.731934,258.703949
1777901229.451567,2.670000,373.657135,258.628571
1777901229.462694,2.670000,373.731934,258.703949
1777901229.473821,2.665000,373.584503,258.633789
1777901229.484949,2.681000,373.657135,258.628571
1777901229.496076,2.681000,373.659760,258.708038
1777901229.507203,2.665000,373.659760,258.708038
1777901229.518331,2.665000,373.659760,258.708038
1777901229.529459,2.686000,373.604156,258.576385
1777901229.540586,2.686000,373.657135,258.628571
1777901229.551713,2.665000,373.657135,258.628571
1777901229.562840,2.670000,373.731934,258.703949
1777901229.573967,2.697000,373.731934,258.703949
1777901229.585094,2.665000,373.694244,258.645966
1777901229.596222,2.665000,373.659760,258.708038
1777901229.607350,2.670000,373.657135,258.628571
1777901229.618477,2.675000,373.731934,258.703949
1777901229.629605,2.681000,373.731934,258.703949
1777901229.640731,2.675000,373.731934,258.703949
1777901229.651859,2.686000,373.657135,258.628571
1777901229.662987,2.686000,373.731934,258.703949
1777901229.674114,2.686000,373.652161,258.688416
1777901229.685241,2.675000,373.731934,258.703949
1777901229.696369,2.686000,373.731934,258.703949
1777901229.707496,2.681000,373.659760,258.708038
1777901229.718622,2.670000,373.731934,258.703949
1777901229.729750,2.692000,373.657135,258.628571
1777901229.740878,2.692000,373.731934,258.703949
1777901229.752005,2.675000,373.731934,258.703949
1777901229.763133,2.665000,373.731934,258.703949
1777901229.774260,2.659000,373.731934,258.703949
1777901229.785387,2.681000,373.657135,258.628571
1777901229.796515,2.675000,373.659760,258.708038
1777901229.807642,2.665000,373.731934,258.703949
1777901229.818769,2.686000,373.731934,258.703949
1777901229.829896,2.675000,373.731934,258.703949
1777901229.841024,2.675000,373.731934,258.703949
1777901229.852151,2.675000,373.657135,258.628571
1777901229.863279,2.665000,373.604156,258.576385
1777901229.874406,2.675000,373.731934,258.703949
1777901229.885532,2.659000,373.657135,258.628571
1777901229.896661,2.659000,373.731934,258.703949
1777901229.907788,2.675000,373.749420,258.645966
1777901229.918915,2.665000,373.657135,258.628571
1777901229.930043,2.670000,373.657135,258.628571
1777901229.941170,2.670000,373.657135,258.628571
1777901229.952297,2.670000,373.731934,258.703949
1777901229.963424,2.665000,373.659760,258.708038
1777901229.974551,2.675000,373.731934,258.703949
1777901229.985678,2.665000,373.659760,258.708038
1777901229.996806,2.659000,373.803650,258.643829
1777901230.007933,2.670000,373.659760,258.708038
1777901230.019061,2.665000,373.731934,258.703949
1777901230.030188,2.686000,373.659760,258.708038
1777901230.041315,2.681000,373.676056,258.570435
1777901230.052442,2.697000,373.657135,258.628571
1777901230.063569,2.665000,373.749420,258.645966
1777901230.074697,2.670000,373.694244,258.645966
1777901230.085824,2.675000,373.731934,258.703949
1777901230.096951,2.670000,373.731934,258.703949
1777901230.108079,2.665000,373.694244,258.645966
1777901230.119206,2.670000,373.731934,258.703949
1777901230.130333,2.675000,373.584503,258.633789
1777901230.141461,2.659000,373.731934,258.703949
1777901230.152588,2.697000,373.731934,258.703949
1777901230.163715,2.670000,373.676056,258.570435
1777901230.174843,2.665000,373.731934,258.703949
1777901230.185970,2.675000,373.731934,258.703949
1777901230.197097,2.686000,373.659760,258.708038
1777901230.208225,2.665000,373.731934,258.703949
1777901230.219352,2.692000,373.731934,258.703949
1777901230.230479,2.665000,373.731934,258.703949
1777901230.241607,2.665000,373.731934,258.703949
1777901230.252734,2.681000,373.731934,258.703949
1777901230.263861,2.670000,373.731934,258.703949
1777901230.274989,2.659000,373.657135,258.628571
1777901230.286116,2.681000,373.749420,258.645966
1777901230.297243,2.665000,373.657135,258.628571
1777901230.308371,2.675000,373.731934,258.703949
1777901230.319498,2.670000,373.584503,258.633789
1777901230.330625,2.675000,373.731934,258.703949
1777901230.341753,2.686000,373.731934,258.703949
1777901230.352880,2.686000,373.659760,258.708038
1777901230.364007,2.665000,373.659760,258.708038
1777901230.375134,2.670000,373.731934,258.703949
1777901230.386261,2.681000,373.731934,258.703949
1777901230.397388,2.665000,373.731934,258.703949
1777901230.408517,2.697000,373.731934,258.703949
1777901230.419644,2.670000,373.657135,258.628571
1777901230.430770,2.670000,373.731934,258.703949
1777901230.441898,2.686000,373.731934,258.703949
1777901230.453026,2.670000,373.731934,258.703949
1777901230.464153,2.686000,373.731934,258.703949
1777901230.475280,2.681000,373.657135,258.628571
1777901230.486408,2.686000,373.619720,258.570435
1777901230.497535,2.665000,373.657135,258.628571
1777901230.508662,2.665000,373.548615,258.576385
1777901230.519790,2.665000,373.712006,258.589569
1777901230.530917,2.692000,373.619720,258.570435
1777901230.542044,2.675000,373.731934,258.703949
1777901230.553172,2.665000,373.678009,258.650787
1777901230.564299,2.670000,373.659760,258.708038
1777901230.575426,2.681000,373.731934,258.703949
1777901230.586554,2.681000,373.659760,258.708038
1777901230.597681,2.665000,373.731934,258.703949
1777901230.608808,2.675000,373.731934,258.703949
1777901230.619936,2.648000,373.694244,258.645966
1777901230.631063,2.692000,373.731934,258.703949
1777901230.642190,2.659000,373.731934,258.703949
1777901230.653318,2.665000,373.657135,258.628571
1777901230.664445,2.681000,373.657135,258.628571
1777901230.675572,2.675000,373.731934,258.703949
1777901230.686700,2.686000,373.731934,258.703949
1777901230.697827,2.686000,373.657135,258.628571
1777901230.708954,2.665000,373.731934,258.703949
1777901230.720082,2.681000,373.749420,258.645966
1777901230.731210,2.697000,373.659760,258.708038
1777901230.742337,2.659000,373.731934,258.703949
1777901230.753464,2.670000,373.657135,258.628571
1777901230.764591,2.681000,373.731934,258.703949
1777901230.775718,2.659000,373.731934,258.703949
1777901230.786846,2.670000,373.657135,258.628571
1777901230.797974,2.670000,373.659760,258.708038
1777901230.809101,2.686000,373.657135,258.628571
1777901230.820229,2.686000,373.731934,258.703949
1777901230.831356,2.665000,373.731934,258.703949
1777901230.842483,2.665000,373.657135,258.628571
1777901230.853611,2.670000,373.803772,258.713959
1777901230.864738,2.681000,373.731934,258.703949
1777901230.875865,2.665000,373.731934,258.703949
1777901230.886993,2.675000,373.657135,258.628571
1777901230.898120,2.648000,373.694244,258.645966
1777901230.909247,2.670000,373.619720,258.570435
1777901230.920374,2.686000,373.657135,258.628571
1777901230.931502,2.659000,373.676056,258.570435
1777901230.942629,2.665000,373.731934,258.703949
1777901230.953756,2.665000,373.731934,258.703949
1777901230.964884,2.686000,373.731934,258.703949
1777901230.976011,2.665000,373.619720,258.570435
1777901230.987138,2.709000,373.657135,258.628571
1777901230.998266,2.686000,373.731934,258.703949
1777901231.009393,2.665000,373.694244,258.645966
1777901231.020520,2.681000,373.731934,258.703949
1777901231.031648,2.675000,373.749420,258.645966
1777901231.042775,2.681000,373.657135,258.628571
1777901231.053902,2.643000,373.731934,258.703949
1777901231.065030,2.670000,373.676056,258.570435
1777901231.076157,2.665000,373.731934,258.703949
1777901231.087284,2.665000,373.584503,258.633789
1777901231.098412,2.681000,373.584503,258.633789
1777901231.109539,2.692000,373.731934,258.703949
1777901231.120666,2.686000,373.731934,258.703949
1777901231.131794,2.659000,373.731934,258.703949
1777901231.142921,2.686000,373.731934,258.703949
1777901231.154048,2.681000,373.731934,258.703949
1777901231.165176,2.681000,373.731934,258.703949
1777901231.176303,2.659000,373.657135,258.628571
1777901231.187430,2.670000,373.749420,258.645966
1777901231.198558,2.665000,373.731934,258.703949
1777901231.209685,2.686000,373.690491,258.578583
1777901231.220812,2.686000,373.731934,258.703949
1777901231.231940,2.665000,373.676056,258.570435
1777901231.243067,2.659000,373.694244,258.512634
1777901231.254194,2.665000,373.731934,258.703949
1777901231.265322,2.675000,373.731934,258.703949
1777901231.276449,2.675000,373.731934,258.703949
1777901231.287576,2.665000,373.584503,258.633789
1777901231.298704,2.659000,373.584503,258.633789
1777901231.309831,2.670000,373.731934,258.703949
1777901231.320958,2.686000,373.659760,258.708038
1777901231.332086,2.697000,373.659760,258.708038
1777901231.343213,2.697000,373.623596,258.650787
1777901231.354340,2.659000,373.619720,258.570435
1777901231.365467,2.665000,373.657135,258.628571
1777901231.376595,2.697000,373.638885,258.513885
1777901231.387722,2.665000,373.584503,258.633789
1777901231.398849,2.692000,373.657135,258.628571
1777901231.409977,2.709000,373.657135,258.628571
1777901231.421104,2.675000,373.657135,258.628571
1777901231.432231,2.670000,373.657135,258.628571
1777901231.443360,2.686000,373.731934,258.703949
1777901231.454487,2.670000,373.731934,258.703949
1777901231.465614,2.681000,373.731934,258.703949
1777901231.476742,2.686000,373.659760,258.708038
1777901231.487870,2.665000,373.731934,258.703949
1777901231.498996,2.665000,373.731934,258.703949
1777901231.510125,2.665000,373.584503,258.633789
1777901231.521252,2.681000,373.657135,258.628571
1777901231.532379,2.659000,373.623596,258.650787
1777901231.543508,2.709000,373.657135,258.628571
1777901231.554635,2.665000,373.731934,258.703949
1777901231.565762,2.681000,373.731934,258.703949
1777901231.576890,2.670000,373.731934,258.703949
1777901231.588017,2.675000,373.657135,258.628571
1777901231.599144,2.686000,373.657135,258.628571
1777901231.610273,2.670000,373.731934,258.703949
1777901231.621400,2.670000,373.731934,258.703949
1777901231.632527,2.665000,373.657135,258.628571
1777901231.643656,2.681000,373.731934,258.703949
1777901231.654783,2.670000,373.659760,258.708038
1777901231.665910,2.675000,373.731934,258.703949
1777901231.677038,2.670000,373.731934,258.703949
1777901231.688165,2.665000,373.659760,258.708038
1777901231.699293,2.675000,373.731934,258.703949
1777901231.710421,2.675000,373.731934,258.703949
1777901231.721548,2.665000,373.731934,258.703949
1777901231.732675,2.681000,373.694244,258.645966
1777901231.743804,2.681000,373.731934,258.703949
1777901231.754931,2.665000,373.731934,258.703949
1777901231.766058,2.654000,373.731934,258.703949
1777901231.777186,2.670000,373.731934,258.703949
1777901231.788313,2.670000,373.659760,258.708038
1777901231.799441,2.686000,373.731934,258.703949
1777901231.810568,2.697000,373.659760,258.708038
1777901231.821696,2.670000,373.659760,258.708038
1777901231.832823,2.665000,373.731934,258.703949
1777901231.843951,2.665000,373.731934,258.703949
1777901231.855079,2.665000,373.731934,258.703949
1777901231.866206,2.670000,373.657135,258.628571
1777901231.877333,2.675000,373.731934,258.703949
1777901231.888461,2.697000,373.731934,258.703949
1777901231.899589,2.670000,373.731934,258.703949
1777901231.910716,2.670000,373.731934,258.703949
1777901231.921844,2.681000,373.694244,258.645966
1777901231.932971,2.665000,373.731934,258.703949
1777901231.944099,2.659000,373.731934,258.703949
1777901231.955227,2.675000,373.731934,258.703949
1777901231.966354,2.665000,373.731934,258.703949
1777901231.977481,2.665000,373.731934,258.703949
1777901231.988610,2.675000,373.659760,258.708038
1777901231.999737,2.686000,373.731934,258.703949
1777901232.010864,2.686000,373.731934,258.703949
1777901232.021992,2.675000,373.731934,258.703949
1777901232.033119,2.659000,373.657135,258.628571
1777901232.044247,2.686000,373.731934,258.703949
1777901232.055375,2.665000,373.731934,258.703949
1777901232.066502,2.670000,373.659760,258.708038
1777901232.077629,2.670000,373.712006,258.589569
1777901232.088758,2.675000,373.619720,258.570435
1777901232.099885,2.681000,373.584503,258.633789
1777901232.111012,2.686000,373.694244,258.645966
1777901232.122140,2.670000,373.584503,258.633789
1777901232.133268,2.675000,373.731934,258.703949
1777901232.144395,2.686000,373.657135,258.628571
1777901232.155523,2.665000,373.657135,258.628571
1777901232.166650,2.697000,373.657135,258.628571
1777901232.177778,2.697000,373.638885,258.513885
1777901232.188906,2.670000,373.694244,258.645966
1777901232.200033,2.675000,373.638885,258.513885
1777901232.211160,2.670000,373.694244,258.645966
1777901232.222288,2.686000,373.619720,258.570435
1777901232.233416,2.692000,373.619720,258.570435
1777901232.244543,2.670000,373.619720,258.570435
1777901232.255670,2.692000,373.657135,258.628571
1777901232.266798,2.686000,373.694244,258.645966
1777901232.277925,2.665000,373.694244,258.512634
1777901232.289053,2.670000,373.659760,258.708038
1777901232.300181,2.665000,373.731934,258.703949
1777901232.311308,2.686000,373.659760,258.708038
1777901232.322436,2.665000,373.731934,258.703949
1777901232.333564,2.686000,373.731934,258.703949
1777901232.344691,2.665000,373.731934,258.703949
1777901232.355818,2.665000,373.731934,258.703949
1777901232.366946,2.648000,373.731934,258.703949
1777901232.378074,2.681000,373.731934,258.703949
1777901232.389201,2.665000,373.731934,258.703949
1777901232.400329,2.659000,373.657135,258.628571
1777901232.411457,2.686000,373.659760,258.708038
1777901232.422584,2.681000,373.694244,258.645966
1777901232.433712,2.665000,373.638885,258.513885
1777901232.444839,2.670000,373.819824,258.587830
1777901232.455966,2.670000,373.659760,258.574707
1777901232.467094,2.681000,373.694244,258.645966
1777901232.489349,2.675000,373.694244,258.645966
1777901232.500477,2.686000,373.659760,258.708038
1777901232.511604,2.686000,373.657135,258.628571
1777901232.522732,2.665000,373.731934,258.703949
1777901232.533860,2.675000,373.731934,258.703949
1777901232.544987,2.665000,373.731934,258.703949
1777901232.556114,2.675000,373.731934,258.703949
1777901232.567242,2.681000,373.584503,258.633789
1777901232.578370,2.675000,373.731934,258.703949
1777901232.589497,2.665000,373.731934,258.703949
1777901232.600625,2.675000,373.659760,258.708038
1777901232.611752,2.670000,373.659760,258.708038
1777901232.622880,2.665000,373.731934,258.703949
1777901232.634007,2.681000,373.659760,258.708038
1777901232.645135,2.665000,373.749420,258.645966
1777901232.656262,2.692000,373.731934,258.703949
1777901232.667390,2.675000,373.731934,258.703949
1777901232.678517,2.692000,373.731934,258.703949
1777901232.689645,2.675000,373.731934,258.703949
1777901232.700772,2.675000,373.731934,258.703949
1777901232.711900,2.675000,373.731934,258.703949
1777901232.723027,2.697000,373.731934,258.703949
1777901232.734154,2.659000,373.731934,258.703949
1777901232.745282,2.670000,373.731934,258.703949
1777901232.756410,2.670000,373.731934,258.703949
1777901232.767537,2.681000,373.731934,258.703949
1777901232.778665,2.659000,373.659760,258.708038
1777901232.789793,2.670000,373.731934,258.703949
1777901232.800920,2.665000,373.731934,258.703949
1777901232.812048,2.675000,373.731934,258.703949
1777901232.823175,2.686000,373.731934,258.703949
1777901232.834302,2.659000,373.731934,258.703949
1777901232.845430,2.670000,373.731934,258.703949
1777901232.856558,2.665000,373.731934,258.703949
1777901232.867685,2.670000,373.731934,258.703949
1777901232.878813,2.665000,373.731934,258.703949
1777901232.889940,2.681000,373.584503,258.633789
1777901232.901067,2.659000,373.731934,258.703949
1777901232.912195,2.665000,373.657135,258.628571
1777901232.923323,2.675000,373.657135,258.628571
1777901232.934450,2.665000,373.731934,258.703949
1777901232.945578,2.675000,373.657135,258.628571
1777901232.956706,2.681000,373.731934,258.703949
1777901232.967833,2.659000,373.731934,258.703949
1777901232.978961,2.670000,373.676056,258.570435
1777901232.990088,2.675000,373.731934,258.703949
1777901233.001215,2.681000,373.731934,258.703949
1777901233.012343,2.675000,373.731934,258.703949
1777901233.023471,2.659000,373.731934,258.703949
1777901233.034598,2.681000,373.584503,258.633789
1777901233.045726,2.665000,373.731934,258.703949
1777901233.056853,2.681000,373.731934,258.703949
1777901233.067981,2.686000,373.731934,258.703949
1777901233.079109,2.665000,373.731934,258.703949
1777901233.090236,2.681000,373.731934,258.703949
1777901233.101363,2.670000,373.731934,258.703949
1777901233.112491,2.670000,373.659760,258.708038
1777901233.123619,2.670000,373.749420,258.645966
1777901233.134746,2.659000,373.731934,258.703949
1777901233.145873,2.665000,373.731934,258.703949
1777901233.157001,2.659000,373.731934,258.703949
1777901233.168128,2.659000,373.657135,258.628571
1777901233.179256,2.665000,373.731934,258.703949
1777901233.190384,2.665000,373.749420,258.645966
1777901233.201511,2.697000,373.678009,258.650787
1777901233.212638,2.675000,373.657135,258.628571
1777901233.223767,2.665000,373.731934,258.703949
1777901233.234894,2.665000,373.657135,258.628571
1777901233.246021,2.670000,373.659760,258.708038
1777901233.257149,2.686000,373.659760,258.708038
1777901233.268276,2.681000,373.731934,258.703949
1777901233.279403,2.681000,373.731934,258.703949
1777901233.290532,2.665000,373.731934,258.703949
1777901233.301659,2.665000,373.749420,258.645966
1777901233.312786,2.659000,373.659760,258.708038
1777901233.323914,2.681000,373.731934,258.703949
1777901233.335042,2.670000,373.731934,258.703949
1777901233.346169,2.692000,373.731934,258.703949
1777901233.357297,2.686000,373.694244,258.645966
1777901233.368424,2.686000,373.657135,258.628571
1777901233.379551,2.686000,373.731934,258.703949
1777901233.390680,2.686000,373.749420,258.645966
1777901233.401807,2.654000,373.731934,258.703949
1777901233.412934,2.681000,373.659760,258.708038
1777901233.424062,2.670000,373.731934,258.703949
1777901233.435189,2.675000,373.659760,258.708038
1777901233.446317,2.659000,373.731934,258.703949
1777901233.457445,2.681000,373.731934,258.703949
1777901233.468572,2.665000,373.731934,258.703949
1777901233.479699,2.670000,373.657135,258.628571
1777901233.490827,2.681000,373.676056,258.570435
1777901233.501954,2.665000,373.657135,258.628571
1777901233.513081,2.681000,373.731934,258.703949
1777901233.524209,2.659000,373.659760,258.708038
1777901233.535336,2.686000,373.731934,258.703949
1777901233.546464,2.681000,373.731934,258.703949
1777901233.557592,2.675000,373.731934,258.703949
1777901233.568719,2.659000,373.731934,258.703949
1777901233.579846,2.665000,373.731934,258.703949
1777901233.590973,2.686000,373.731934,258.703949
1777901233.602101,2.692000,373.731934,258.703949
1777901233.613228,2.659000,373.749420,258.645966
1777901233.624356,2.659000,373.731934,258.703949
1777901233.635484,2.670000,373.657135,258.628571
1777901233.646610,2.675000,373.731934,258.703949
1777901233.657738,2.686000,373.731934,258.703949
1777901233.668866,2.670000,373.657135,258.628571
1777901233.679993,2.692000,373.731934,258.703949
1777901233.691120,2.665000,373.659760,258.708038
1777901233.702248,2.681000,373.749420,258.645966
1777901233.713376,2.670000,373.657135,258.628571
1777901233.724502,2.686000,373.657135,258.628571
1777901233.735631,2.665000,373.731934,258.703949
1777901233.746758,2.686000,373.731934,258.703949
1777901233.757885,2.692000,373.731934,258.703949
1777901233.769013,2.686000,373.731934,258.703949
1777901233.780140,2.659000,373.803772,258.713959
1777901233.791267,2.665000,373.731934,258.703949
1777901233.802395,2.665000,373.731934,258.703949
1777901233.813523,2.686000,373.657135,258.628571
1777901233.824650,2.665000,373.803650,258.643829
1777901233.835778,2.670000,373.731934,258.703949
1777901233.846905,2.675000,373.731934,258.703949
1777901233.858032,2.692000,373.657135,258.628571
1777901233.869160,2.665000,373.803650,258.643829
1777901233.880287,2.665000,373.657135,258.628571
1777901233.891414,2.681000,373.803772,258.713959
1777901233.902542,2.675000,373.731934,258.703949
1777901233.913669,2.681000,373.731934,258.703949
1777901233.924797,2.648000,373.731934,258.703949
1777901233.935925,2.692000,373.731934,258.703949
1777901233.947052,2.675000,373.731934,258.703949
1777901233.958179,2.692000,373.731934,258.703949
1777901233.969307,2.670000,373.731934,258.703949
1777901233.980434,2.648000,373.731934,258.703949
1777901233.991561,2.659000,373.731934,258.703949
1777901234.002689,2.670000,373.731934,258.703949
1777901234.013816,2.665000,373.731934,258.703949
1777901234.024944,2.681000,373.659760,258.708038
1777901234.036071,2.659000,373.731934,258.703949
1777901234.047199,2.665000,373.731934,258.703949
1777901234.058326,2.665000,373.731934,258.703949
1777901234.069453,2.681000,373.731934,258.703949
1777901234.080581,2.670000,373.731934,258.703949
1777901234.091708,2.675000,373.731934,258.703949
1777901234.102835,2.665000,373.584503,258.633789
1777901234.113963,2.648000,373.659760,258.708038
1777901234.125091,2.665000,373.659760,258.708038
1777901234.136218,2.665000,373.589569,258.684814
1777901234.147346,2.659000,373.659760,258.708038
1777901234.158473,2.659000,373.513885,258.611115
1777901234.169600,2.665000,373.513885,258.611115
1777901234.180728,2.654000,373.367828,258.645966
1777901234.191855,2.675000,373.296051,258.654999
1777901234.202982,2.659000,373.296051,258.654999
1777901234.214110,2.648000,373.296051,258.654999
1777901234.225238,2.665000,373.296051,258.654999
1777901234.236365,2.675000,373.296051,258.654999
1777901234.247493,2.648000,373.296051,258.654999
1777901234.258620,2.643000,373.296051,258.654999
1777901234.269747,2.665000,373.367828,258.673553
1777901234.280875,2.659000,373.443665,258.591553
1777901234.292002,2.675000,373.443665,258.591553
1777901234.303129,2.670000,373.443665,258.591553
1777901234.314257,2.670000,373.443665,258.591553
1777901234.325385,2.670000,373.584503,258.633789
1777901234.336512,2.670000,373.584503,258.633789
1777901234.347640,2.675000,373.659760,258.708038
1777901234.358767,2.675000,373.657135,258.628571
1777901234.369894,2.697000,373.659760,258.708038
1777901234.381022,2.670000,373.731934,258.703949
1777901234.392149,2.675000,373.731934,258.703949
1777901234.403276,2.697000,373.731934,258.703949
1777901234.414404,2.659000,373.657135,258.628571
1777901234.425531,2.686000,373.694244,258.645966
1777901234.436658,2.665000,373.835602,258.595886
1777901234.447787,2.681000,373.676056,258.570435
1777901234.458914,2.675000,373.765778,258.587830
1777901234.470041,2.675000,373.781616,258.597687
1777901234.481168,2.659000,373.764557,258.654999
1777901234.492296,2.686000,373.803650,258.643829
1777901234.503423,2.659000,373.659760,258.708038
1777901234.514550,2.665000,373.731934,258.703949
1777901234.525678,2.665000,373.731934,258.703949
1777901234.536805,2.665000,373.731934,258.703949
1777901234.547932,2.681000,373.659760,258.708038
1777901234.559060,2.675000,373.731934,258.703949
1777901234.570187,2.665000,373.659760,258.708038
1777901234.581314,2.659000,373.659760,258.708038
1777901234.592442,2.659000,373.443665,258.591553
1777901234.603569,2.654000,373.592072,258.689972
1777901234.614696,2.659000,373.445953,258.718475
1777901234.625824,2.659000,373.443665,258.591553
1777901234.636951,2.665000,373.296051,258.654999
1777901234.648078,2.654000,373.296051,258.654999
1777901234.659207,2.675000,373.296051,258.654999
1777901234.670333,2.648000,373.286041,258.713959
1777901234.681460,2.665000,373.296051,258.654999
1777901234.692589,2.654000,373.286041,258.713959
1777901234.703716,2.654000,373.158508,258.669006
1777901234.714843,2.654000,373.229889,258.673553
1777901234.725971,2.648000,373.229889,258.673553
1777901234.737098,2.681000,373.229889,258.673553
1777901234.748225,2.659000,373.219116,258.731934
1777901234.759353,2.675000,373.296051,258.654999
1777901234.770480,2.659000,373.296051,258.654999
1777901234.781607,2.686000,373.296051,258.654999
1777901234.792735,2.670000,373.296051,258.654999
1777901234.803862,2.675000,373.296051,258.654999
1777901234.814989,2.659000,373.296051,258.654999
1777901234.826117,2.659000,373.443665,258.591553
1777901234.837244,2.692000,373.659760,258.708038
1777901234.848371,2.654000,373.731934,258.703949
1777901234.859499,2.659000,373.657135,258.628571
1777901234.870626,2.670000,373.731934,258.703949
1777901234.881753,2.665000,373.731934,258.703949
1777901234.892881,2.665000,373.875000,258.652771
1777901234.904008,2.665000,373.875000,258.652771
1777901234.915135,2.654000,373.952698,258.574310
1777901234.926262,2.654000,373.952698,258.574310
1777901234.937390,2.659000,374.040527,258.554047
1777901234.948517,2.643000,374.040527,258.554047
1777901234.959645,2.643000,374.040527,258.554047
1777901234.970773,2.648000,374.040527,258.554047
1777901234.981899,2.643000,374.040527,258.554047
1777901234.993026,2.643000,374.040527,258.554047
1777901235.004154,2.643000,374.040527,258.554047
1777901235.015281,2.648000,374.040527,258.554047
1777901235.026409,2.648000,374.040527,258.554047
1777901235.037537,2.659000,374.013336,258.606659
1777901235.048664,2.659000,373.952698,258.574310
1777901235.059791,2.659000,373.875000,258.652771
1777901235.070919,2.675000,373.803772,258.713959
1777901235.082046,2.665000,373.731934,258.703949
1777901235.093173,2.681000,373.731934,258.703949
1777901235.104301,2.654000,373.513336,258.735565
1777901235.115428,2.659000,373.296051,258.654999
1777901235.126555,2.681000,373.314423,258.713959
1777901235.137683,2.643000,373.229889,258.673553
1777901235.148810,2.665000,373.128723,258.721832
1777901235.159937,2.697000,373.116547,258.780884
1777901235.171065,2.681000,373.040527,258.781525
1777901235.182192,2.697000,372.912659,258.933319
1777901235.193319,2.692000,372.841278,258.920624
1777901235.204447,2.665000,372.621613,259.000000
1777901235.215574,2.675000,372.626678,258.940002
1777901235.226701,2.681000,372.526672,259.077789
1777901235.237829,2.675000,372.383118,259.103882
1777901235.248956,2.665000,372.388153,259.162292
1777901235.260083,2.670000,372.240356,259.088440
1777901235.271211,2.659000,372.170105,259.089661
1777901235.282338,2.665000,372.170105,259.089661
1777901235.293465,2.638000,372.081085,259.132874
1777901235.304593,2.638000,371.916107,259.158936
1777901235.315721,2.659000,371.829987,259.331085
1777901235.326847,2.665000,371.817780,259.264435
1777901235.337975,2.654000,371.750000,259.260956
1777901235.349102,2.648000,371.681824,259.244598
1777901235.360229,2.681000,371.651306,259.188599
1777901235.371356,2.675000,371.651306,259.188599
1777901235.382484,2.681000,371.651306,259.188599
1777901235.393612,2.675000,371.584412,259.199127
1777901235.404738,2.697000,371.584412,259.199127
1777901235.415866,2.686000,371.586670,259.164459
1777901235.426994,2.665000,371.651306,259.188599
1777901235.438121,2.697000,371.651306,259.188599
1777901235.449249,2.659000,371.651306,259.188599
1777901235.460376,2.659000,371.750000,259.260956
1777901235.471503,2.654000,371.817780,259.264435
1777901235.482631,2.638000,371.956421,259.111115
1777901235.493758,2.659000,371.955261,259.114105
1777901235.504885,2.648000,372.167786,259.029480
1777901235.516013,2.665000,372.170105,259.089661
1777901235.527140,2.681000,372.315796,259.092102
1777901235.538267,2.692000,372.383118,259.103882
1777901235.549396,2.697000,372.434204,258.973694
1777901235.560523,2.665000,372.526672,259.077789
1777901235.571650,2.665000,372.621613,259.000000
1777901235.582778,2.665000,372.705200,258.893433
1777901235.593905,2.670000,372.912659,258.933319
1777901235.605032,2.665000,373.040009,258.844452
1777901235.616160,2.665000,373.040009,258.844452
1777901235.627287,2.686000,373.054047,258.903168
1777901235.638414,2.670000,373.132385,258.841614
1777901235.649542,2.654000,373.205139,258.843811
1777901235.660669,2.659000,373.216095,258.783905
1777901235.671796,2.648000,373.216095,258.783905
1777901235.682925,2.675000,373.199554,258.845795
1777901235.694052,2.665000,373.247101,258.731934
1777901235.705179,2.681000,373.247101,258.855469
1777901235.716307,2.654000,373.247101,258.731934
1777901235.727434,2.665000,373.205139,258.843811
1777901235.738561,2.659000,373.210297,258.787476
1777901235.749689,2.665000,373.134277,258.901672
1777901235.760816,2.648000,373.144531,258.904419
1777901235.771943,2.670000,373.146576,258.964539
1777901235.783071,2.665000,373.128723,258.843689
1777901235.794198,2.670000,373.040527,258.781525
1777901235.805326,2.681000,373.040527,258.903168
1777901235.816453,2.665000,372.911407,258.995331
1777901235.827580,2.648000,372.784882,259.014191
1777901235.838707,2.665000,372.630127,259.059357
1777901235.849835,2.654000,372.594604,259.105865
1777901235.860963,2.686000,372.594604,259.105865
1777901235.872090,2.665000,372.519745,259.175446
1777901235.883217,2.697000,372.388153,259.162292
1777901235.894345,2.697000,372.388153,259.162292
1777901235.905472,2.697000,372.388153,259.162292
1777901235.916599,2.670000,372.240356,259.088440
1777901235.927727,2.659000,372.170105,259.089661
1777901235.938854,2.659000,372.170105,259.089661
1777901235.949981,2.670000,372.170105,259.089661
1777901235.961109,2.659000,372.130524,259.139862
1777901235.972237,2.670000,372.041107,259.182648
1777901235.983364,2.643000,372.041107,259.182648
1777901235.994492,2.643000,372.130524,259.139862
1777901236.005619,2.659000,372.081085,259.132874
1777901236.016746,2.654000,372.130524,259.139862
1777901236.027874,2.670000,372.130524,259.139862
1777901236.039001,2.648000,372.170105,259.089661
1777901236.050128,2.648000,372.170105,259.089661
1777901236.061256,2.681000,372.170105,259.089661
1777901236.072383,2.670000,372.252258,259.153168
1777901236.083510,2.670000,372.315796,259.092102
1777901236.094638,2.665000,372.320007,259.151123
1777901236.105765,2.648000,372.388153,259.162292
1777901236.116893,2.697000,372.388153,259.162292
1777901236.128021,2.686000,372.448730,259.089752
1777901236.139148,2.709000,372.519745,259.135956
1777901236.150275,2.665000,372.526672,259.077789
1777901236.161403,2.665000,372.594604,259.105865
1777901236.172530,2.654000,372.630127,259.059357
1777901236.183657,2.681000,372.701141,258.954010
1777901236.194785,2.686000,372.786041,258.889648
1777901236.205912,2.686000,372.846832,258.828827
1777901236.217039,2.665000,372.846832,258.828827
1777901236.228167,2.670000,372.907654,258.675690
1777901236.239294,2.659000,372.968903,258.653320
1777901236.250421,2.681000,373.013336,258.606659
1777901236.261548,2.692000,373.013336,258.606659
1777901236.272676,2.714000,373.013336,258.606659
1777901236.283803,2.665000,373.040527,258.554047
1777901236.294931,2.675000,373.026306,258.447357
1777901236.306059,2.670000,372.900238,258.335602
1777901236.317186,2.675000,372.900238,258.335602
1777901236.328313,2.654000,372.729309,258.257263
1777901236.339441,2.648000,372.883759,257.774109
1777901236.350568,2.665000,372.942993,257.598694
1777901236.361695,2.697000,372.759369,257.313477
1777901236.372823,2.675000,372.816162,256.983826
1777901236.383950,2.638000,372.727478,256.633118
1777901236.395077,2.709000,372.594940,256.308014
1777901236.406205,2.643000,372.650696,255.810379
1777901236.417332,2.659000,372.594940,255.430374
1777901236.428459,2.643000,372.639679,254.868973
1777901236.439588,2.665000,372.548187,254.433731
1777901236.450715,2.665000,372.639679,253.764938
1777901236.461842,2.643000,372.623840,253.154556
1777901236.472970,2.659000,372.556824,252.714020
1777901236.484097,2.665000,372.527466,251.950546
1777901236.495224,2.654000,372.577423,251.151184
1777901236.506352,2.670000,372.459015,250.389801
1777901236.517479,2.654000,372.315704,249.596115
1777901236.528606,2.659000,372.206787,248.771835
1777901236.539735,2.670000,372.146393,247.753082
1777901236.550862,2.627000,372.039734,246.882553
1777901236.561989,2.665000,372.008728,245.928452
1777901236.573117,2.681000,372.008728,244.928452
1777901236.584244,2.665000,371.954559,244.089218
1777901236.595371,2.654000,371.943298,242.979385
1777901236.606499,2.643000,371.926483,242.169937
1777901236.617626,2.686000,371.917480,241.221680
1777901236.628754,2.665000,371.917480,240.221680
1777901236.639882,2.665000,371.874786,239.323578
1777901236.651009,2.670000,371.947113,238.475967
1777901236.662136,2.692000,371.947113,237.475967
1777901236.673264,2.659000,371.867615,236.577347
1777901236.684391,2.648000,371.813202,235.592590
1777901236.695518,2.633000,372.029419,234.756531
1777901236.706645,2.638000,372.028564,233.957138
1777901236.717773,2.659000,372.009796,233.106216
1777901236.728901,2.638000,371.975952,232.176285
1777901236.740028,2.692000,372.132385,231.422653
1777901236.751156,2.665000,372.237640,230.384369
1777901236.762283,2.648000,372.466675,229.533340
1777901236.773410,2.665000,372.524048,228.548080
1777901236.784538,2.665000,372.429993,227.791672
1777901236.795665,2.659000,372.551025,226.908157
1777901236.806792,2.670000,372.842468,225.907135
1777901236.817921,2.686000,372.887756,225.000000
1777901236.829048,2.748000,373.030304,223.954544
1777901236.840175,2.665000,373.030304,222.954544
1777901236.851303,2.654000,373.150604,221.884933
1777901236.862430,2.659000,373.267700,220.892914
1777901236.873557,2.659000,373.291443,219.844681
1777901236.884685,2.659000,373.354065,218.846283
1777901236.895813,2.675000,373.804596,217.678162
1777901236.906940,2.648000,373.891083,216.490097
1777901236.918068,2.665000,373.984985,215.173340
1777901236.929195,2.648000,374.095734,213.904266
1777901236.940322,2.638000,374.179230,212.731995
1777901236.951450,2.627000,374.186798,211.407410
1777901236.962577,2.659000,374.381195,210.000000
1777901236.973704,2.648000,374.434357,208.845123
1777901236.984832,2.638000,374.613861,207.161713
1777901236.995960,2.659000,374.687408,205.807022
1777901237.007087,2.659000,374.874786,204.323578
1777901237.018215,2.617000,374.898193,202.927750
1777901237.029342,2.681000,374.998413,201.328598
1777901237.040469,2.627000,375.006500,199.837402
1777901237.051597,2.571000,375.087646,198.212830
1777901237.062724,2.643000,375.159546,196.470779
1777901237.073851,2.643000,375.169098,195.035767
1777901237.084980,2.541000,375.116913,193.399689
1777901237.096107,2.596000,375.142639,191.673080
1777901237.107234,2.591000,375.236572,190.268814
1777901237.118362,2.561000,375.327301,188.449478
1777901237.129489,2.576000,375.477692,186.747025
1777901237.140616,2.517000,375.309204,185.232285
1777901237.151743,2.556000,375.424103,183.558029
1777901237.162871,2.526000,375.447815,181.982605
1777901237.173998,2.561000,375.469299,180.434204
1777901237.185126,2.571000,375.491302,178.895645
1777901237.196254,2.556000,375.415924,177.446899
1777901237.207381,2.521000,375.408691,176.047821
1777901237.218508,2.576000,375.377197,174.586258
1777901237.229636,2.561000,375.266083,173.337814
1777901237.240763,2.546000,375.311401,172.048248
1777901237.251890,2.541000,375.241638,170.669571
1777901237.263018,2.428000,375.193298,169.476410
1777901237.274146,2.410000,375.136719,168.471588
1777901237.285272,2.526000,375.127502,167.379410
1777901237.296401,2.517000,375.127502,166.379410
1777901237.307528,2.561000,375.077515,165.401550
1777901237.318655,2.526000,375.106415,164.447571
1777901237.329783,2.541000,375.048553,163.597092
1777901237.340910,2.571000,375.095734,162.904266
1777901237.352037,2.556000,374.975006,161.975006
1777901237.363165,2.531000,375.007965,161.279114
1777901237.374292,2.581000,375.000000,160.500000
1777901237.385420,2.541000,375.006561,159.888336
1777901237.396548,2.507000,374.865692,159.168289
1777901237.407675,2.541000,374.905457,158.423080
1777901237.418802,2.465000,374.915466,157.816589
1777901237.429930,2.460000,374.998413,157.328598
1777901237.441057,2.455000,375.009521,156.595245
1777901237.452184,2.483000,375.036346,156.233810
1777901237.463312,2.488000,374.956726,155.572113
1777901237.474439,2.556000,375.007965,155.279114
1777901237.485567,2.502000,375.009521,154.595245
1777901237.496695,2.521000,375.007965,154.279114
1777901237.507822,2.493000,375.020721,153.720886
1777901237.518949,2.531000,375.027100,153.374802
1777901237.530077,2.541000,375.040009,153.008331
1777901237.541204,2.502000,375.049500,152.599014
1777901237.552331,2.526000,375.121521,152.267654
1777901237.563459,2.521000,375.008728,151.928452
1777901237.574587,2.502000,374.965332,151.524750
1777901237.585714,2.526000,375.094757,151.109985
1777901237.596841,2.521000,375.089111,150.868088
1777901237.607969,2.521000,374.994690,150.494675
1777901237.619096,2.488000,375.008728,149.928452
1777901237.630223,2.531000,375.089111,149.771835
1777901237.641351,2.521000,374.983337,149.220367
1777901237.652478,2.521000,375.029968,148.880066
1777901237.663606,2.526000,375.005249,148.442108
1777901237.674734,2.517000,375.029968,147.880066
1777901237.685861,2.507000,375.005249,147.536835
1777901237.696988,2.526000,375.008728,146.928452
1777901237.708116,2.517000,374.907227,146.694153
1777901237.719244,2.526000,375.008728,145.928452
1777901237.730371,2.497000,374.935638,145.524750
1777901237.741498,2.521000,374.943298,144.979385
1777901237.752626,2.521000,374.891083,144.490097
1777901237.763753,2.488000,374.793579,143.839249
1777901237.774881,2.479000,374.530914,143.204468
1777901237.786008,2.497000,374.450165,142.613403
1777901237.797135,2.541000,374.231445,141.825562
1777901237.808264,2.502000,374.143311,141.199677
1777901237.819391,2.531000,373.880005,140.539993
1777901237.830518,2.517000,373.712646,139.809525
1777901237.841646,2.488000,373.217316,139.057190
1777901237.852773,2.541000,372.998413,138.328598
1777901237.863900,2.479000,372.360840,137.352753
1777901237.875028,2.556000,371.975739,136.621353
1777901237.886155,2.531000,371.602264,135.909821
1777901237.897282,2.502000,371.030609,134.980682
1777901237.908411,2.483000,370.355438,134.090042
1777901237.919538,2.531000,369.752777,133.110046
1777901237.930665,2.502000,369.129883,132.245697
1777901237.941793,2.483000,368.355438,131.090042
1777901237.952920,2.497000,367.665100,130.006256
1777901237.964047,2.479000,366.926453,128.780914
1777901237.975175,2.517000,366.068848,127.541473
1777901237.986302,2.469000,365.153351,126.316116
1777901237.997430,2.483000,364.290863,125.101311
1777901238.008558,2.474000,363.320801,123.438187
1777901238.019685,2.479000,362.640656,122.112198
1777901238.030812,2.455000,361.665039,120.475487
1777901238.041939,2.479000,360.826233,118.996841
1777901238.053067,2.460000,359.927338,117.361771
1777901238.064194,2.483000,358.818481,115.644760
1777901238.075321,2.469000,358.009186,114.100914
1777901238.086450,2.455000,357.069458,112.276237
1777901238.097577,2.455000,356.233185,110.386543
1777901238.108704,2.455000,355.258911,108.341087
1777901238.119832,2.451000,354.637817,106.272438
1777901238.130959,2.419000,353.637817,104.272438
1777901238.142086,2.424000,352.971954,102.297508
1777901238.153214,2.393000,352.287506,99.954185
1777901238.164341,2.428000,351.538452,97.875000
1777901238.175469,2.455000,350.980591,95.605179
1777901238.186597,2.442000,350.395721,93.395729
1777901238.197724,2.406000,349.622559,91.063728
1777901238.208851,2.384000,349.351959,88.793571
1777901238.219979,2.380000,348.878784,86.440285
1777901238.231106,2.367000,348.429291,84.101013
1777901238.242234,2.380000,348.104370,81.826599
1777901238.253361,2.406000,347.830658,79.529411
1777901238.264489,2.380000,347.640137,77.460228
1777901238.275616,2.384000,347.215912,74.960228
1777901238.286744,2.371000,347.183899,72.772034
1777901238.297871,2.346000,347.000000,70.500000
1777901238.308998,2.342000,346.958557,68.241440
1777901238.320127,2.380000,347.035370,66.188080
1777901238.331254,2.367000,347.151886,64.175545
1777901238.342381,2.354000,347.286865,62.034344
1777901238.353509,2.380000,347.286865,60.034344
1777901238.364636,2.375000,347.445190,58.138702
1777901238.375763,2.346000,347.780090,56.083332
1777901238.386891,2.346000,347.986115,54.233795
1777901238.398018,2.346000,348.448730,52.532051
1777901238.409146,2.342000,348.626923,50.726269
1777901238.420274,2.342000,349.049286,49.042255
1777901238.431401,2.354000,349.373077,47.392937
1777901238.442528,2.337000,349.735931,45.662338
1777901238.453656,2.337000,350.385132,44.139641
1777901238.464783,2.346000,350.755402,42.681820
1777901238.475910,2.337000,351.204437,41.413334
1777901238.487037,2.342000,351.573334,40.086666
1777901238.498165,2.354000,352.207275,39.012821
1777901238.509292,2.333000,352.626831,37.727463
1777901238.520419,2.354000,352.956787,36.592594
1777901238.531548,2.337000,353.610352,35.700451
1777901238.542675,2.346000,353.770264,34.700451
1777901238.553802,2.346000,354.345245,33.626190
1777901238.564930,2.342000,354.702209,32.851112
1777901238.576057,2.337000,355.194458,32.000000
1777901238.587184,2.342000,355.527405,31.232876
1777901238.598312,2.329000,355.929474,30.606838
1777901238.609439,2.337000,356.270844,30.081249
1777901238.620566,2.354000,356.684692,29.666666
1777901238.631694,2.337000,357.158020,29.058441
1777901238.642822,2.333000,357.462067,28.719540
1777901238.653949,2.342000,357.880005,28.473333
1777901238.665077,2.321000,358.117401,28.052410
1777901238.676204,2.333000,358.402008,27.850506
1777901238.687331,2.325000,358.918762,27.729166
1777901238.698459,2.317000,359.191071,27.650406
1777901238.709586,2.329000,359.552979,27.504816
1777901238.720713,2.329000,359.820068,27.401516
1777901238.731841,2.317000,360.160278,27.335155
1777901238.742969,2.317000,360.423431,27.342342
1777901238.754096,2.317000,360.638458,27.308641
1777901238.765224,2.321000,361.019409,27.393297
1777901238.776351,2.325000,361.181488,27.399651
1777901238.787478,2.337000,361.345673,27.530865
1777901238.798606,2.337000,361.533325,27.828829
1777901238.809733,2.321000,361.614410,27.855856
1777901238.820860,2.329000,361.782532,27.889482
1777901238.831988,2.317000,361.891785,28.078533
1777901238.843115,2.333000,362.085480,28.268375
1777901238.854242,2.333000,362.122620,28.395510
1777901238.865371,2.325000,362.000000,28.570707
1777901238.876498,2.329000,361.964355,28.868093
1777901238.887625,2.325000,361.989258,29.094982
1777901238.898753,2.333000,361.844910,29.429590
1777901238.909880,2.329000,361.719208,29.759058
1777901238.921007,2.342000,361.636047,30.005405
1777901238.932134,2.363000,361.510864,30.347826
1777901238.943262,2.350000,361.301147,30.787878
1777901238.954389,2.313000,361.071167,31.161049
1777901238.965516,2.313000,360.764709,31.756863
1777901238.976645,2.305000,360.622589,32.121693
1777901238.987772,2.301000,360.416656,32.759258
1777901238.998899,2.293000,359.941406,33.300365
1777901239.010027,2.325000,359.765930,33.977528
1777901239.021154,2.313000,359.489136,34.608696
1777901239.032281,2.313000,359.103119,35.383057
1777901239.043409,2.329000,358.798523,36.168499
1777901239.054536,2.329000,358.535187,37.170372
1777901239.065663,2.317000,358.133698,38.124294
1777901239.076791,2.342000,357.816467,39.048691
1777901239.087919,2.325000,357.541412,40.052025
1777901239.099046,2.321000,357.143402,41.184357
1777901239.110174,2.313000,356.927765,42.220371
1777901239.121301,2.329000,356.445068,43.494507
1777901239.132428,2.337000,356.279633,44.544445
1777901239.143556,2.337000,355.950012,45.977779
1777901239.154683,2.333000,355.478821,47.366482
1777901239.165810,2.329000,355.276550,48.608059
1777901239.176938,2.346000,355.080139,50.329689
1777901239.188065,2.358000,354.797180,51.747795
1777901239.199192,2.342000,354.479797,53.161617
1777901239.210320,2.371000,354.256805,54.887756
1777901239.221447,2.410000,354.153717,56.354057
1777901239.232575,2.358000,353.953613,58.030930
1777901239.243703,2.375000,353.671661,59.728333
1777901239.254830,2.367000,353.658447,61.303776
1777901239.265957,2.337000,353.401001,63.029701
1777901239.277085,2.354000,353.270325,64.812607
1777901239.288212,2.354000,353.289215,66.588234
1777901239.299339,2.337000,353.160736,68.235191
1777901239.310467,2.346000,353.044556,70.029701
1777901239.321594,2.350000,353.156006,71.806236
1777901239.332721,2.367000,353.185181,73.631241
1777901239.343850,2.346000,353.248047,75.378296
1777901239.354977,2.371000,353.283264,77.167450
1777901239.366104,2.380000,353.392517,79.004669
1777901239.377231,2.393000,353.537292,80.665146
1777901239.388359,2.397000,353.593445,82.387848
1777901239.399486,2.393000,353.707367,83.973396
1777901239.410613,2.380000,353.914764,85.770164
1777901239.421741,2.363000,354.209930,87.490387
1777901239.432868,2.428000,354.399689,89.078987
1777901239.443996,2.424000,354.571869,90.808846
1777901239.455123,2.397000,354.647308,92.477676
1777901239.466251,2.428000,354.844849,93.950844
1777901239.477378,2.428000,355.023163,95.513885
1777901239.488506,2.424000,355.447571,97.106415
1777901239.499633,2.428000,355.531250,98.584824
1777901239.510760,2.442000,355.864868,100.036034
1777901239.521888,2.437000,356.114288,101.650795
1777901239.533016,2.428000,356.398499,102.986366
1777901239.544142,2.424000,356.742035,104.521736
1777901239.555271,2.451000,356.955750,106.000000
1777901239.566398,2.442000,357.318512,107.294815
1777901239.577525,2.460000,357.546783,108.557014
1777901239.588653,2.437000,357.898346,109.943199
1777901239.599780,2.474000,358.126099,111.073914
1777901239.610908,2.460000,358.629333,112.378975
1777901239.622036,2.451000,358.803101,113.431786
1777901239.633163,2.455000,359.112091,114.671089
1777901239.644290,2.460000,359.500000,115.701981
1777901239.655418,2.460000,359.793579,116.669456
1777901239.666545,2.455000,360.029907,117.716522
1777901239.677672,2.465000,360.449585,118.712883
1777901239.688800,2.437000,360.622040,119.589958
1777901239.699928,2.493000,360.872681,120.605148
1777901239.711055,2.474000,361.288330,121.518990
1777901239.722183,2.479000,361.559265,122.518829
1777901239.733310,2.488000,361.846680,123.220818
1777901239.744437,2.479000,362.030426,124.030434
1777901239.755565,2.479000,362.346100,124.852486
1777901239.766692,2.469000,362.563568,125.638420
1777901239.777819,2.493000,362.841339,126.454147
1777901239.788948,2.488000,363.017395,127.191307
1777901239.800075,2.512000,363.269165,127.850769
1777901239.811202,2.526000,363.512817,128.652420
1777901239.822329,2.521000,363.762726,129.324600
1777901239.833457,2.493000,363.860413,129.918808
1777901239.844584,2.479000,364.192535,130.537354
1777901239.855711,2.493000,364.346100,131.031204
1777901239.866839,2.483000,364.543091,131.696838
1777901239.877967,2.488000,364.674286,132.155258
1777901239.889094,2.479000,364.723450,132.484711
1777901239.900222,2.483000,364.889923,133.065109
1777901239.911349,2.561000,365.050079,133.306732
1777901239.922476,2.488000,365.086029,133.548386
1777901239.933604,2.497000,365.155151,134.049149
1777901239.944731,2.497000,365.129883,134.245697
1777901239.955859,2.526000,365.205841,134.319504
1777901239.966987,2.479000,365.162872,134.426178
1777901239.978114,2.517000,365.134247,134.381592
1777901239.989241,2.502000,365.192535,134.537354
1777901240.000369,2.483000,365.075226,134.485245
1777901240.011496,2.493000,364.950500,134.381363
1777901240.022623,2.483000,364.794312,134.270920
1777901240.033751,2.479000,364.615387,134.038467
1777901240.044879,2.488000,364.409943,133.797165
1777901240.056006,2.488000,364.192535,133.537354
1777901240.067134,2.497000,363.817169,133.158936
1777901240.078261,2.507000,363.577240,132.754745
1777901240.089388,2.502000,363.230865,132.339111
1777901240.100516,2.479000,362.809143,131.860306
1777901240.111643,2.488000,362.458862,131.237106
1777901240.122771,2.469000,361.836151,130.765533
1777901240.133899,2.483000,361.529480,130.113861
1777901240.145026,2.465000,360.917358,129.558823
1777901240.156153,2.483000,360.369598,128.884247
1777901240.167281,2.479000,359.826202,128.012817
1777901240.178408,2.493000,359.130676,127.227608
1777901240.189535,2.455000,358.582977,126.395386
1777901240.200663,2.474000,357.778259,125.497795
1777901240.211791,2.474000,357.115112,124.533630
1777901240.222918,2.465000,356.424774,123.640121
1777901240.234046,2.442000,355.819244,122.752594
1777901240.245173,2.502000,355.008942,121.605652
1777901240.256300,2.465000,354.217651,120.543381
1777901240.267427,2.465000,353.425507,119.356377
1777901240.278555,2.460000,352.810852,118.227905
1777901240.289682,2.474000,351.900146,117.015358
1777901240.300810,2.469000,351.088776,115.680687
1777901240.311938,2.488000,350.333344,114.355659
1777901240.323065,2.442000,349.719299,113.172249
1777901240.334192,2.479000,348.886780,111.649368
1777901240.345320,2.465000,348.149597,110.308945
1777901240.356447,2.460000,347.344604,108.803543
1777901240.367574,2.442000,346.589996,107.198334
1777901240.378703,2.460000,345.980591,105.605179
1777901240.389830,2.437000,345.331696,104.089111
1777901240.400957,2.460000,344.500000,102.372055
1777901240.412085,2.437000,343.936890,100.668282
1777901240.423212,2.437000,343.377441,98.936272
1777901240.434339,2.424000,342.670013,97.110001
1777901240.445467,2.410000,342.233002,95.438774
1777901240.456595,2.419000,341.610291,93.487564
1777901240.467722,2.354000,341.221680,91.760521
1777901240.478850,2.342000,340.721954,89.795647
1777901240.489978,2.393000,340.441162,87.862747
1777901240.501105,2.384000,340.123322,85.883331
1777901240.512233,2.419000,339.795380,84.029701
1777901240.523360,2.410000,339.560608,82.010101
1777901240.534487,2.393000,339.410004,80.010002
1777901240.545616,2.371000,339.096771,78.010750
1777901240.556743,2.393000,339.267059,76.159088
1777901240.567870,2.371000,339.281586,74.306419
1777901240.578998,2.375000,339.353546,72.402023
1777901240.590126,2.397000,339.353546,70.402023
1777901240.601253,2.350000,339.400818,68.443764
1777901240.612381,2.354000,339.702606,66.662674
1777901240.623508,2.375000,339.908386,64.797272
1777901240.634635,2.393000,340.271454,63.099800
1777901240.645764,2.358000,340.599182,61.443764
1777901240.656891,2.367000,340.960785,59.625271
1777901240.668018,2.346000,341.346069,57.845009
1777901240.679147,2.354000,341.771484,56.322849
1777901240.690274,2.350000,342.379456,54.601677
1777901240.701401,2.329000,342.985626,53.105515
1777901240.712528,2.350000,343.501160,51.652874
1777901240.723656,2.342000,343.972412,50.243679
1777901240.734784,2.354000,344.616791,48.800453
1777901240.745911,2.346000,345.326447,47.367817
1777901240.757039,2.333000,345.687347,46.114941
1777901240.768167,2.337000,346.555542,44.845806
1777901240.779294,2.337000,346.985809,43.784870
1777901240.790422,2.342000,347.735931,42.467533
1777901240.801549,2.346000,348.447845,41.278118
1777901240.812676,2.346000,349.202087,40.000000
1777901240.823805,2.342000,349.700012,39.043751
1777901240.834932,2.333000,350.255157,38.024693
1777901240.846059,2.354000,351.139069,36.940697
1777901240.857187,2.337000,351.646454,36.088890
1777901240.868315,2.317000,352.252045,35.211384
1777901240.879442,2.346000,352.842804,34.276516
1777901240.890570,2.329000,353.466278,33.561798
1777901240.901697,2.346000,354.034332,32.808083
1777901240.912825,2.350000,354.646301,32.048149
1777901240.923953,2.342000,355.042816,31.353817
1777901240.935080,2.342000,355.588348,30.805099
1777901240.946207,2.337000,356.253174,30.143898
1777901240.957335,2.321000,356.701752,29.526316
1777901240.968463,2.325000,357.047882,29.093971
1777901240.979590,2.337000,357.620270,28.603092
1777901240.990718,2.358000,358.107086,28.214163
1777901241.001845,2.317000,358.532623,27.717813
1777901241.012973,2.325000,358.885468,27.345299
1777901241.024101,2.333000,359.363953,27.044218
1777901241.035228,2.329000,359.601410,26.638449
1777901241.046355,2.325000,360.155670,26.351946
1777901241.057484,2.317000,360.522034,26.042328
1777901241.068611,2.293000,360.620819,25.869488
1777901241.079738,2.301000,361.000000,25.601009
1777901241.090867,2.342000,361.236603,25.395510
1777901241.101994,2.337000,361.500000,25.181973
1777901241.113121,2.337000,361.782532,24.889482
1777901241.124249,2.329000,361.932983,24.821869
1777901241.135376,2.342000,362.301239,24.611408
1777901241.146504,2.317000,362.370758,24.477718
1777901241.157631,2.301000,362.477722,24.360071
1777901241.168759,2.325000,362.686707,24.163935
1777901241.179887,2.333000,362.956512,24.166666
1777901241.191014,2.337000,362.967743,24.224014
1777901241.202142,2.337000,362.967743,24.224014
1777901241.213269,2.354000,363.067017,24.208113
1777901241.224396,2.337000,363.100891,24.342342
1777901241.235525,2.342000,363.057648,24.439640
1777901241.246652,2.325000,362.863647,24.691288
1777901241.257779,2.317000,362.662933,24.973928
1777901241.268908,2.305000,362.699799,25.329435
1777901241.280035,2.277000,362.500000,25.679924
1777901241.291162,2.333000,362.345154,25.984221
1777901241.302290,2.289000,362.161743,26.777121
1777901241.313417,2.313000,361.952393,27.277779
1777901241.324545,2.293000,361.734528,27.876247
1777901241.335673,2.342000,361.353546,28.741415
1777901241.346800,2.342000,361.059204,29.467106
1777901241.357928,2.305000,360.860229,30.427958
1777901241.369056,2.305000,360.549988,31.087500
1777901241.380183,2.329000,360.117401,32.192871
1777901241.391310,2.325000,359.935303,33.262745
1777901241.402438,2.325000,359.442535,34.494251
1777901241.413566,2.337000,359.118225,35.616280
1777901241.424693,2.321000,358.746124,36.924419
1777901241.435821,2.337000,358.292633,38.372093
1777901241.446949,2.342000,358.139832,39.557472
1777901241.458076,2.342000,357.653564,41.155430
1777901241.469204,2.337000,357.294006,42.601124
1777901241.480332,2.371000,357.030640,44.304504
1777901241.491459,2.337000,356.600342,45.787086
1777901241.502587,2.354000,356.227112,47.527473
1777901241.513714,2.337000,356.005188,49.246979
1777901241.524842,2.342000,355.620178,50.937500
1777901241.535970,2.342000,355.375977,52.897316
1777901241.547097,2.346000,355.034698,54.826546
1777901241.558225,2.350000,354.799713,56.552631
1777901241.569353,2.358000,354.655212,58.500717
1777901241.580480,2.358000,354.521729,60.447826
1777901241.591607,2.375000,354.362701,62.437592
1777901241.602735,2.367000,354.278015,64.337700
1777901241.613863,2.358000,354.134796,66.426086
1777901241.624990,2.358000,354.046997,68.410255
1777901241.636118,2.371000,354.063568,70.461861
1777901241.647246,2.354000,354.063568,72.461861
1777901241.658373,2.358000,354.109253,74.483192
1777901241.669501,2.375000,354.286133,76.357651
1777901241.680629,2.410000,354.403290,78.257889
1777901241.691756,2.380000,354.603058,80.312584
1777901241.702883,2.406000,354.772064,82.212120
1777901241.714012,2.406000,354.871796,84.164642
1777901241.725139,2.393000,354.991516,85.978813
1777901241.736267,2.410000,355.270935,87.904968
1777901241.747395,2.437000,355.460327,89.717171
1777901241.758522,2.393000,355.808289,91.676682
1777901241.769650,2.442000,356.176056,93.417030
1777901241.780778,2.419000,356.369202,95.297462
1777901241.791905,2.393000,356.804749,96.891212
1777901241.803032,2.424000,357.011169,98.684799
1777901241.814161,2.424000,357.369202,100.297462
1777901241.825288,2.406000,357.860870,101.991302
1777901241.836416,2.424000,358.143921,103.624084
1777901241.847544,2.419000,358.434113,105.110077
1777901241.858671,2.428000,358.841705,106.805176
1777901241.869798,2.479000,359.218170,108.059090
1777901241.880927,2.451000,359.689392,109.734848
1777901241.892054,2.428000,360.040192,110.973213
1777901241.903181,2.455000,360.317688,112.247261
1777901241.914310,2.483000,360.890778,113.763123
1777901241.925437,2.465000,361.252441,114.834030
1777901241.936564,2.465000,361.613434,116.021011
1777901241.947693,2.479000,361.983185,117.099442
1777901241.958820,2.474000,362.333344,118.229599
1777901241.969947,2.465000,362.776855,119.344490
1777901241.981076,2.465000,363.242035,120.311592
1777901241.992203,2.488000,363.546326,121.370674
1777901242.003330,2.483000,364.000000,122.191307
1777901242.014459,2.460000,364.246124,122.997185
1777901242.025586,2.469000,364.577881,124.004097
1777901242.036713,2.479000,364.920227,124.944443
1777901242.047841,2.576000,365.418793,125.729347
1777901242.058969,2.502000,365.615601,126.489365
1777901242.070096,2.488000,365.861237,127.327614
1777901242.081224,2.451000,366.248260,128.022308
1777901242.092352,2.474000,366.360046,128.773560
1777901242.103479,2.479000,366.796051,129.447250
1777901242.114607,2.474000,366.991638,129.913528
1777901242.125735,2.479000,367.227722,130.733887
1777901242.136862,2.521000,367.517303,131.160446
1777901242.147990,2.493000,367.623077,131.781998
1777901242.159118,2.526000,367.693268,132.192490
1777901242.170245,2.502000,367.925232,132.640182
1777901242.181373,2.483000,368.049774,133.331818
1777901242.192501,2.474000,367.979523,133.652054
1777901242.203628,2.507000,368.252258,134.237244
1777901242.214756,2.502000,368.163757,134.550720
1777901242.225884,2.502000,368.396545,135.094833
1777901242.237011,2.483000,368.350006,135.611115
1777901242.248139,2.493000,368.340302,135.947006
1777901242.259267,2.479000,368.237305,136.257889
1777901242.270394,2.521000,368.187408,136.828644
1777901242.281522,2.483000,368.070862,137.122040
1777901242.292650,2.502000,368.058441,137.403717
1777901242.303777,2.474000,367.853210,137.750336
1777901242.314905,2.479000,367.749329,137.960007
1777901242.326033,2.521000,367.512085,138.235214
1777901242.337160,2.497000,367.432526,138.460312
1777901242.348288,2.531000,367.221771,138.738846
1777901242.359416,2.483000,366.841278,138.873016
1777901242.370543,2.517000,366.699738,138.976196
1777901242.381671,2.493000,366.459991,138.850662
1777901242.392799,2.483000,366.046143,139.000000
1777901242.403927,2.488000,365.632263,139.043655
1777901242.415054,2.571000,365.501923,139.048904
1777901242.426182,2.502000,364.972656,138.949219
1777901242.437309,2.507000,364.678467,138.933075
1777901242.448436,2.483000,364.216156,138.834641
1777901242.459565,2.469000,363.755829,138.891479
1777901242.470692,2.507000,363.352417,138.656494
1777901242.481819,2.483000,362.932343,138.340851
1777901242.492946,2.483000,362.531372,138.259537
1777901242.504075,2.460000,362.129852,137.896378
1777901242.515202,2.488000,361.518646,137.544769
1777901242.526329,2.479000,361.163605,137.235657
1777901242.537457,2.488000,360.682526,136.639801
1777901242.548584,2.479000,360.135315,136.196808
1777901242.559711,2.483000,359.570740,135.596558
1777901242.570840,2.474000,359.086700,134.789993
1777901242.581967,2.483000,358.581482,134.206177
1777901242.593094,2.465000,358.147888,133.368484
1777901242.604222,2.479000,357.469086,132.595154
1777901242.615349,2.460000,357.003601,131.676254
1777901242.626476,2.479000,356.410248,130.891327
1777901242.637604,2.465000,355.877563,129.961212
1777901242.648732,2.465000,355.377136,129.058395
1777901242.659859,2.479000,354.801208,128.101822
1777901242.670987,2.488000,354.223877,126.985237
1777901242.682114,2.442000,353.574982,125.833954
1777901242.693241,2.451000,353.122467,124.776512
1777901242.704370,2.474000,352.527039,123.708176
1777901242.715497,2.460000,351.902252,122.590225
1777901242.726624,2.479000,351.381500,121.362488
1777901242.737752,2.465000,350.774475,120.122673
1777901242.748879,2.465000,350.272247,118.881805
1777901242.760007,2.460000,349.695190,117.833984
1777901242.771135,2.451000,349.297852,116.438530
1777901242.782262,2.474000,348.611542,115.241028
1777901242.793389,2.460000,348.272247,113.881805
1777901242.804517,2.451000,347.739594,112.574219
1777901242.815645,2.469000,347.265625,111.147133
1777901242.826772,2.488000,346.807800,109.821236
1777901242.837900,2.460000,346.386719,108.346352
1777901242.849027,2.469000,346.008057,106.989250
1777901242.860154,2.424000,345.536285,105.536293
1777901242.871283,2.410000,345.214844,104.221352
1777901242.882410,2.465000,344.768738,102.661499
1777901242.893537,2.451000,344.480774,101.241028
1777901242.904665,2.483000,343.984131,99.547623
1777901242.915792,2.410000,343.724457,98.248657
1777901242.926919,2.406000,343.487396,96.550423
1777901242.938047,2.393000,343.084747,94.954803
1777901242.949175,2.437000,342.884247,93.277542
1777901242.960302,2.384000,342.596497,91.614037
1777901242.971429,2.384000,342.382446,90.092262
1777901242.982557,2.410000,342.340668,88.375916
1777901242.993685,2.424000,342.159302,86.665192
1777901243.004812,2.406000,341.888336,85.006569
1777901243.015940,2.397000,341.883575,83.250397
1777901243.027067,2.424000,341.703522,81.579109
1777901243.038194,2.397000,341.575012,79.974998
1777901243.049323,2.380000,341.634186,78.162392
1777901243.060450,2.358000,341.548065,76.399040
1777901243.071577,2.375000,341.455383,74.794174
1777901243.082705,2.375000,341.500000,73.021278
1777901243.093832,2.367000,341.557251,71.126495
1777901243.104959,2.337000,341.548065,69.399040
1777901243.116088,2.346000,341.697113,67.634613
1777901243.127215,2.380000,341.858093,66.000000
1777901243.138342,2.358000,341.982361,64.161858
1777901243.149470,2.329000,342.114227,62.514866
1777901243.160597,2.342000,342.338074,60.661926
1777901243.171724,2.337000,342.475250,58.965347
1777901243.182853,2.342000,342.926697,57.165794
1777901243.193980,2.321000,343.100891,55.450451
1777901243.205107,2.321000,343.262146,53.875000
1777901243.216235,2.325000,343.675201,52.105984
1777901243.227362,2.313000,343.981476,50.649830
1777901243.238489,2.313000,344.409088,48.898991
1777901243.249618,2.293000,344.766998,47.438774
1777901243.260745,2.313000,345.117432,45.820381
1777901243.271872,2.301000,345.676727,44.249580
1777901243.283000,2.313000,346.269989,42.860001
1777901243.294127,2.317000,346.736664,41.474998
1777901243.305255,2.301000,347.466675,40.033333
1777901243.316383,2.321000,347.727570,38.637821
1777901243.327510,2.325000,348.543030,37.162754
1777901243.338637,2.325000,349.017853,36.049107
1777901243.349765,2.333000,349.708344,34.849358
1777901243.360893,2.342000,350.368103,33.764614
1777901243.372020,2.329000,350.965698,32.601307
1777901243.383147,2.321000,351.671417,31.582939
1777901243.394275,2.337000,352.210938,30.645733
1777901243.405402,2.342000,352.966522,29.759514
1777901243.416530,2.321000,353.438049,28.812685
1777901243.427658,2.337000,354.114044,28.039474
1777901243.438785,2.337000,354.806946,27.420815
1777901243.449912,2.321000,355.247070,26.700293
1777901243.461040,2.346000,355.888397,26.267857
1777901243.472167,2.333000,356.251495,25.694941
1777901243.483294,2.346000,356.841705,25.267885
1777901243.494423,2.346000,357.174957,24.847662
1777901243.505550,2.337000,357.786896,24.465754
1777901243.516677,2.342000,358.013885,24.266975
1777901243.527805,2.305000,358.409088,24.253031
1777901243.538932,2.342000,358.710083,24.262016
1777901243.550059,2.337000,358.890930,24.242704
1777901243.561187,2.333000,359.124023,24.227907
1777901243.572315,2.337000,359.209869,24.327160
1777901243.583441,2.346000,359.394501,24.525993
1777901243.594570,2.325000,359.270355,24.835638
1777901243.605697,2.337000,359.496063,25.266983
1777901243.616824,2.337000,359.463226,25.419405
1777901243.627952,2.333000,359.247223,26.110048
1777901243.639079,2.321000,359.127441,26.539215
1777901243.650206,2.305000,358.980774,27.209936
1777901243.661335,2.277000,358.855774,27.767628
1777901243.672462,2.317000,358.684540,28.426016
1777901243.683589,2.242000,358.474762,29.245790
1777901243.694717,2.289000,358.223907,30.154882
1777901243.705844,2.313000,357.691345,31.084656
1777901243.716971,2.321000,357.636047,32.005405
1777901243.728099,2.301000,357.174774,33.016216
1777901243.739226,2.301000,356.740936,34.188404
1777901243.750353,2.301000,356.402161,35.369564
1777901243.761482,2.301000,356.027313,36.406193
1777901243.772609,2.333000,355.537628,37.659496
1777901243.783736,2.333000,355.194153,39.250916
1777901243.794864,2.337000,354.862549,40.546391
1777901243.805991,2.313000,354.530914,42.103092
1777901243.817118,2.321000,354.171173,43.466667
1777901243.828245,2.317000,353.948730,45.131622
1777901243.839373,2.329000,353.594116,46.670120
1777901243.850501,2.321000,353.339996,48.150002
1777901243.861627,2.325000,353.095459,50.038834
1777901243.872756,2.380000,352.848175,51.671616
1777901243.883883,2.354000,352.744324,53.466019
1777901243.895010,2.329000,352.646332,55.050079
1777901243.906138,2.346000,352.404755,57.009525
1777901243.917265,2.358000,352.283264,58.917057
1777901243.928392,2.342000,352.353668,60.604069
1777901243.939521,2.419000,352.396393,62.445946
1777901243.950647,2.363000,352.469086,64.327301
1777901243.961775,2.346000,352.392853,66.159225
1777901243.972903,2.367000,352.450897,68.083336
1777901243.984030,2.358000,352.456512,69.801453
1777901243.995157,2.393000,352.546722,71.718269
1777901244.006285,2.371000,352.813599,73.570068
1777901244.017412,2.354000,352.908325,75.533333
1777901244.028539,2.358000,353.040100,77.272476
1777901244.039667,2.380000,353.166656,79.055557
1777901244.050795,2.410000,353.391602,80.955284
1777901244.061922,2.367000,353.807007,82.624832
1777901244.073050,2.424000,354.055115,84.414696
1777901244.084177,2.406000,354.158722,86.039680
1777901244.095304,2.375000,354.503357,87.737617
1777901244.106432,2.406000,354.933075,89.472443
1777901244.117559,2.410000,355.245605,90.960861
1777901244.128686,2.406000,355.606689,92.762901
1777901244.139814,2.384000,355.862579,94.421768
1777901244.150942,2.437000,356.176483,96.058823
1777901244.162069,2.380000,356.663910,97.650070
1777901244.173197,2.393000,356.923798,99.295235
1777901244.184324,2.424000,357.289062,100.712311
1777901244.195451,2.384000,357.816193,102.293556
1777901244.206579,2.397000,358.155182,103.755745
1777901244.217706,2.393000,358.724823,105.226952
1777901244.228833,2.424000,358.975800,106.451614
1777901244.239962,2.455000,359.416321,107.816048
1777901244.251089,2.428000,359.991394,109.158043
1777901244.262216,2.465000,360.330322,110.585587
1777901244.273343,2.460000,360.761902,111.779762
1777901244.284471,2.460000,361.160706,112.924110
1777901244.295598,2.455000,361.595673,114.060188
1777901244.306725,2.460000,361.972961,115.189186
1777901244.317853,2.465000,362.601562,116.170540
1777901244.328980,2.474000,362.957642,117.240112
1777901244.340108,2.460000,363.480164,118.320107
1777901244.351236,2.465000,363.888428,119.201363
1777901244.362363,2.455000,364.419342,120.280914
1777901244.373490,2.469000,364.813446,120.984909
1777901244.384618,2.493000,365.293549,121.816185
1777901244.395745,2.507000,365.722443,122.606697
1777901244.406872,2.465000,366.116241,123.100838
1777901244.418000,2.460000,366.636475,123.906723
1777901244.429128,2.474000,367.025421,124.600281
1777901244.440255,2.483000,367.474792,125.176468
1777901244.451383,2.517000,367.872131,125.918106
1777901244.462510,2.469000,368.314667,126.537354
1777901244.473637,2.502000,368.610413,127.120956
1777901244.484765,2.469000,368.820190,127.692947
1777901244.495893,2.479000,369.133026,128.330338
1777901244.507020,2.521000,369.499298,128.847855
1777901244.518148,2.512000,369.634918,129.395386
1777901244.529275,2.497000,369.945160,129.938110
1777901244.540402,2.493000,370.311401,130.336258
1777901244.551530,2.488000,370.411438,130.758713
1777901244.562657,2.474000,370.628265,131.080933
1777901244.573784,2.488000,370.796051,131.447250
1777901244.584913,2.483000,370.759735,131.690277
1777901244.596040,2.497000,371.008301,131.868607
1777901244.607167,2.483000,370.961304,132.194946
1777901244.618295,2.488000,371.077515,132.262009
1777901244.629422,2.483000,371.078979,132.352295
1777901244.640549,2.507000,371.078979,132.352295
1777901244.651678,2.502000,371.078979,132.352295
1777901244.662805,2.497000,370.990692,132.303879
1777901244.673932,2.497000,370.726135,132.159622
1777901244.685060,2.497000,370.557648,132.161133
1777901244.696187,2.483000,370.437500,131.982147
1777901244.707314,2.488000,369.923187,131.646378
1777901244.718441,2.497000,369.637299,131.393539
1777901244.729570,2.507000,369.418793,131.141022
1777901244.740697,2.521000,368.971252,130.744247
1777901244.751824,2.502000,368.613281,130.451660
1777901244.762952,2.497000,368.132507,129.921890
1777901244.774079,2.517000,367.594330,129.544678
1777901244.785206,2.502000,367.222687,128.958862
1777901244.796335,2.497000,366.560272,128.452484
1777901244.807462,2.502000,366.060364,127.869682
1777901244.818589,2.483000,365.529480,127.113853
1777901244.829717,2.493000,364.751709,126.497940
1777901244.840844,2.483000,364.087708,125.819160
1777901244.851971,2.556000,363.570831,125.029167
1777901244.863099,2.479000,362.679108,124.197784
1777901244.874226,2.474000,362.005615,123.239098
1777901244.885354,2.460000,361.306824,122.546722
1777901244.896482,2.479000,360.521271,121.580246
1777901244.907609,2.469000,359.677643,120.621399
1777901244.918736,2.465000,358.846375,119.650208
1777901244.929864,2.465000,358.264740,118.762688
1777901244.940991,2.460000,357.545197,117.491226
1777901244.952118,2.442000,356.634277,116.402161
1777901244.963247,2.460000,355.759613,115.316071
1777901244.974374,2.479000,355.109802,114.109787
1777901244.985501,2.437000,354.250336,112.925034
1777901244.996629,2.442000,353.483276,111.844711
1777901245.007756,2.465000,352.673370,110.511375
1777901245.018883,2.437000,352.000000,109.363998
1777901245.030011,2.451000,351.199738,107.932526
1777901245.041139,2.451000,350.552429,106.665321
1777901245.052266,2.442000,349.815399,105.316071
1777901245.063394,2.442000,349.143860,103.905945
1777901245.074521,2.455000,348.544861,102.503349
1777901245.085648,2.455000,347.991669,101.152779
1777901245.096776,2.428000,347.291168,99.659866
1777901245.107903,2.410000,346.846588,98.198044
1777901245.119030,2.419000,346.266388,96.688980
1777901245.130159,2.410000,345.888885,95.092590
1777901245.141286,2.410000,345.266388,93.559830
1777901245.152413,2.410000,344.935333,92.076149
1777901245.163540,2.419000,344.456146,90.491226
1777901245.174668,2.406000,344.080353,88.854164
1777901245.185795,2.393000,343.584778,87.379311
1777901245.196923,2.406000,343.418427,85.653900
1777901245.208051,2.393000,343.037506,84.133331
1777901245.219178,2.337000,342.690277,82.541664
1777901245.230305,2.342000,342.482574,80.854950
1777901245.241433,2.380000,342.340363,79.483826
1777901245.252560,2.346000,342.173523,77.719940
1777901245.263688,2.354000,342.163605,76.071869
1777901245.274816,2.354000,341.849030,74.572495
1777901245.285943,2.375000,341.799377,72.903633
1777901245.297070,2.367000,341.837616,71.172653
1777901245.308198,2.337000,341.835022,69.525513
1777901245.319325,2.358000,341.766144,68.087257
1777901245.330452,2.350000,341.834198,66.425827
1777901245.341581,2.346000,341.900177,64.836006
1777901245.352708,2.342000,341.951080,63.333332
1777901245.363835,2.346000,342.077789,61.742592
1777901245.374963,2.346000,342.238861,60.131908
1777901245.386090,2.333000,342.285980,58.556820
1777901245.397217,2.333000,342.490540,57.045456
1777901245.408345,2.342000,342.844818,55.528736
1777901245.419472,2.329000,342.960236,53.897728
1777901245.430600,2.333000,343.333344,52.516853
1777901245.441728,2.321000,343.653473,50.838043
1777901245.452855,2.329000,343.981384,49.348232
1777901245.463982,2.325000,344.131866,47.989010
1777901245.475110,2.305000,344.565491,46.589287
1777901245.486237,2.342000,345.034088,45.176136
1777901245.497364,2.329000,345.348480,43.573864
1777901245.508492,2.325000,345.948273,42.337166
1777901245.519619,2.301000,346.273560,41.097828
1777901245.530746,2.337000,346.983154,39.794006
1777901245.541874,2.313000,347.338715,38.505375
1777901245.553001,2.321000,347.920288,37.248188
1777901245.564128,2.325000,348.479706,35.832451
1777901245.575257,2.321000,349.032013,34.845573
1777901245.586384,2.285000,349.570648,33.527172
1777901245.597511,2.321000,350.282623,32.510868
1777901245.608638,2.333000,350.751740,31.541666
1777901245.619766,2.333000,351.390320,30.426598
1777901245.630893,2.301000,351.878784,29.601009
1777901245.642020,2.317000,352.641663,28.768333
1777901245.653148,2.333000,353.220612,28.057972
1777901245.664275,2.321000,353.850403,27.279675
1777901245.675402,2.325000,354.403412,26.638630
1777901245.686530,2.354000,354.989349,25.974125
1777901245.697658,2.325000,355.463226,25.419405
1777901245.708784,2.325000,356.056793,24.898355
1777901245.719913,2.325000,356.509705,24.551569
1777901245.731040,2.325000,357.000000,24.053097
1777901245.742167,2.313000,357.385742,23.844250
1777901245.753295,2.321000,357.831879,23.650724
1777901245.764422,2.325000,358.214172,23.465248
1777901245.775549,2.333000,358.550415,23.075630
1777901245.786677,2.337000,358.804504,23.090014
1777901245.797804,2.346000,359.221313,23.156294
1777901245.808931,2.337000,359.393188,23.125170
1777901245.820059,2.350000,359.495880,23.143251
1777901245.831186,2.329000,359.711212,23.519567
1777901245.842314,2.321000,359.676178,23.731974
1777901245.853441,2.342000,359.701477,23.925034
1777901245.864569,2.333000,359.790375,24.256510
1777901245.875695,2.325000,359.634277,24.758434
1777901245.886824,2.329000,359.723358,24.968962
1777901245.897951,2.337000,359.574799,25.614174
1777901245.909078,2.342000,359.370819,26.129852
1777901245.920206,2.333000,359.167328,26.686747
1777901245.931333,2.358000,358.916321,27.395750
1777901245.942460,2.321000,358.624176,28.071712
1777901245.953588,2.346000,358.341461,28.906504
1777901245.964715,2.325000,357.805206,29.816187
1777901245.975842,2.346000,357.525177,30.768707
1777901245.986970,2.342000,357.227325,31.698744
1777901245.998097,2.313000,356.747559,32.741982
1777901246.009224,2.329000,356.344818,33.808907
1777901246.020353,2.333000,355.952576,34.982758
1777901246.031480,2.285000,355.563538,36.106129
1777901246.042607,2.305000,355.107086,37.529411
1777901246.053734,2.321000,354.672760,38.832573
1777901246.064862,2.342000,354.145935,40.210445
1777901246.075989,2.305000,353.761902,41.734257
1777901246.087116,2.317000,353.356689,43.042057
1777901246.098244,2.325000,352.993866,44.854069
1777901246.109371,2.305000,352.628754,46.503948
1777901246.120498,2.329000,352.344147,47.990742
1777901246.131626,2.313000,351.924744,49.803379
1777901246.142753,2.321000,351.711121,51.693649
1777901246.153880,2.346000,351.565887,53.378296
1777901246.165008,2.329000,351.140747,55.254814
1777901246.176136,2.337000,350.852844,57.084084
1777901246.187263,2.325000,350.796143,59.074406
1777901246.198391,2.337000,350.631744,60.876274
1777901246.209517,2.342000,350.638763,62.817295
1777901246.220645,2.337000,350.534698,64.744217
1777901246.231773,2.342000,350.506012,66.704147
1777901246.242900,2.342000,350.602600,68.754250
1777901246.254027,2.358000,350.553833,70.648720
1777901246.265155,2.358000,350.648865,72.693382
1777901246.276282,2.358000,350.847595,74.811646
1777901246.287409,2.354000,351.021057,76.726143
1777901246.298537,2.384000,351.225433,78.561150
1777901246.309664,2.358000,351.489136,80.550728
1777901246.320791,2.367000,351.657166,82.285881
1777901246.331919,2.380000,352.061951,84.151176
1777901246.343046,2.397000,352.478302,85.908302
1777901246.354173,2.397000,352.794312,87.748451
1777901246.365302,2.419000,353.115723,89.311951
1777901246.376428,2.428000,353.666656,91.067673
1777901246.387556,2.397000,354.106873,92.858780
1777901246.398684,2.428000,354.515259,94.424934
1777901246.409811,2.410000,355.026917,95.973076
1777901246.420938,2.406000,355.566925,97.464569
1777901246.432066,2.406000,355.941406,98.964844
1777901246.443193,2.424000,356.525177,100.409523
1777901246.454320,2.406000,356.986511,101.847504
1777901246.465448,2.437000,357.447815,103.365219
1777901246.476575,2.384000,357.959991,104.500000
1777901246.487702,2.437000,358.433197,105.817917
1777901246.498829,2.442000,358.943481,107.168114
1777901246.509957,2.465000,359.434204,108.469299
1777901246.521084,2.424000,359.991150,109.902657
1777901246.532212,2.419000,360.448547,110.927803
1777901246.543339,2.428000,360.954956,112.117119
1777901246.554466,2.442000,361.468475,113.283783
1777901246.565593,2.437000,361.964996,114.348557
1777901246.576722,2.442000,362.472717,115.599998
1777901246.587849,2.460000,362.950836,116.543777
1777901246.598976,2.469000,363.392548,117.392555
1777901246.610104,2.460000,363.980377,118.549019
1777901246.621231,2.455000,364.445526,119.372360
1777901246.632358,2.483000,364.958923,120.347549
1777901246.643486,2.479000,365.504822,121.158653
1777901246.654613,2.474000,366.034302,121.826797
1777901246.665740,2.460000,366.430206,122.604271
1777901246.676868,2.442000,367.050446,123.370033
1777901246.687995,2.479000,367.386139,124.073906
1777901246.699122,2.493000,367.933014,124.704720
1777901246.710250,2.455000,368.347168,125.388634
1777901246.721377,2.483000,368.991058,126.004463
1777901246.732504,2.497000,369.413635,126.440910
1777901246.743632,2.526000,369.888885,127.234566
1777901246.754760,2.483000,370.108063,127.426178
1777901246.765887,2.493000,370.658905,128.148834
1777901246.777015,2.488000,371.058380,128.448547
1777901246.788141,2.507000,371.478058,128.845032
1777901246.799268,2.493000,371.925232,129.278809
1777901246.810397,2.465000,372.127502,129.571426
1777901246.821524,2.483000,372.555542,130.045670
1777901246.832651,2.479000,372.911407,130.268768
1777901246.843779,2.474000,373.108063,130.426178
1777901246.854906,2.488000,373.468750,130.744049
1777901246.866033,2.469000,373.665131,131.082199
1777901246.877161,2.502000,373.808868,131.264526
1777901246.888288,2.474000,374.049774,131.422318
1777901246.899415,2.469000,374.193298,131.476410
1777901246.910543,2.460000,374.316956,131.522324
1777901246.921670,2.483000,374.477692,131.647324
1777901246.932797,2.488000,374.473907,131.702896
1777901246.943924,2.483000,374.473907,131.702896
1777901246.955052,2.469000,374.482605,131.607239
1777901246.966179,2.488000,374.394745,131.491226
1777901246.977306,2.469000,374.245941,131.383698
1777901246.988435,2.455000,374.106140,131.328842
1777901246.999562,2.479000,373.847961,131.061401
1777901247.010689,2.469000,373.734467,130.757065
1777901247.021817,2.488000,373.509308,130.430618
1777901247.032943,2.488000,373.066071,130.142441
1777901247.044071,2.479000,372.655518,129.615067
1777901247.055199,2.483000,372.365204,129.324631
1777901247.066326,2.474000,371.809143,128.860306
1777901247.077453,2.479000,371.258942,128.533615
1777901247.088581,2.469000,370.569092,127.925476
1777901247.099708,2.455000,369.774536,127.358231
1777901247.110835,2.455000,369.318604,126.776436
1777901247.121963,2.488000,368.584015,126.155998
1777901247.133090,2.455000,367.816589,125.598396
1777901247.144217,2.483000,367.162018,124.873840
1777901247.155345,2.507000,366.332031,124.035431
1777901247.166472,2.488000,365.573639,123.343666
1777901247.177599,2.479000,364.661438,122.491501
1777901247.188727,2.546000,363.706726,121.639534
1777901247.199854,2.465000,362.751617,120.870010
1777901247.210981,2.474000,361.802032,119.871010
1777901247.222109,2.479000,360.831390,118.912483
1777901247.233237,2.451000,359.955963,117.872955
1777901247.244364,2.460000,359.053436,116.863869
1777901247.255491,2.488000,358.022888,115.773537
1777901247.266619,2.442000,357.022400,114.634331
1777901247.277746,2.424000,356.070374,113.533333
1777901247.288874,2.460000,355.125153,112.326111
1777901247.300001,2.437000,354.012482,111.089890
1777901247.311128,2.397000,353.062500,109.700981
1777901247.322256,2.460000,352.229553,108.418800
1777901247.333383,2.424000,351.189789,107.203163
1777901247.344510,2.451000,350.303802,105.565804
1777901247.355638,2.437000,349.358124,104.231720
1777901247.366765,2.451000,348.439301,102.738098
1777901247.377892,2.442000,347.562958,101.261726
1777901247.389019,2.410000,346.715637,99.768219
1777901247.400147,2.428000,345.985718,98.132141
1777901247.411274,2.384000,345.233948,96.483635
1777901247.422401,2.424000,344.514709,94.985291
1777901247.433529,2.410000,343.744080,93.353310
1777901247.444656,2.354000,343.177856,91.685326
1777901247.455783,2.384000,342.469910,90.090225
1777901247.466911,2.375000,341.917969,88.472656
1777901247.478039,2.354000,341.341064,86.792793
1777901247.489166,2.358000,340.843658,85.205429
1777901247.500294,2.354000,340.279938,83.531250
1777901247.511421,2.354000,339.913818,81.932823
1777901247.522548,2.367000,339.677246,80.210320
1777901247.533676,2.384000,339.298248,78.634277
1777901247.544803,2.371000,339.072571,76.955643
1777901247.555930,2.358000,338.899323,75.288437
1777901247.567058,2.380000,338.759033,73.682541
1777901247.578185,2.354000,338.586212,72.000000
1777901247.589313,2.346000,338.565216,70.500000
1777901247.600441,2.350000,338.508942,68.778275
1777901247.611568,2.337000,338.508514,67.331779
1777901247.622694,2.358000,338.646332,65.716743
1777901247.633823,2.346000,338.548065,64.399040
1777901247.644950,2.358000,338.697968,62.693272
1777901247.656077,2.346000,338.759003,61.255085
1777901247.667205,2.342000,339.028198,59.867329
1777901247.678332,2.337000,339.102814,58.275291
1777901247.689459,2.329000,339.301971,57.000000
1777901247.700588,2.329000,339.651581,55.621441
1777901247.711714,2.329000,339.754486,54.173985
1777901247.722842,2.329000,339.979797,52.801346
1777901247.733969,2.317000,340.174438,51.231434
1777901247.745097,2.293000,340.514709,50.053921
1777901247.756224,2.301000,340.668304,48.723858
1777901247.767352,2.277000,341.000000,47.560001
1777901247.778479,2.301000,341.441162,46.137257
1777901247.789606,2.301000,341.635925,44.990292
1777901247.800734,2.301000,341.838867,43.878357
1777901247.811861,2.293000,342.303162,42.491379
1777901247.822988,2.337000,342.691742,41.237465
1777901247.834115,2.313000,343.065216,40.021740
1777901247.845243,2.317000,343.541840,38.895741
1777901247.856371,2.325000,344.008698,37.860870
1777901247.867497,2.317000,344.324707,36.770115
1777901247.878626,2.337000,344.961548,35.733620
1777901247.889753,2.325000,345.414520,34.699429
1777901247.900880,2.337000,346.109222,33.655319
1777901247.912008,2.329000,346.500000,32.701977
1777901247.923135,2.333000,347.075836,31.699572
1777901247.934262,2.333000,347.703094,30.908232
1777901247.945390,2.342000,348.415375,30.175640
1777901247.956517,2.329000,349.041199,29.414415
1777901247.967644,2.337000,349.526917,28.723078
1777901247.978772,2.329000,350.175903,28.129150
1777901247.989899,2.337000,350.665405,27.593008
1777901248.001027,2.301000,351.173340,27.221819
1777901248.012155,2.317000,351.824829,26.688564
1777901248.023282,2.329000,352.317474,26.426130
1777901248.034409,2.317000,352.776978,26.307236
1777901248.045537,2.321000,353.218353,25.896631
1777901248.056664,2.313000,353.799988,25.602299
1777901248.067791,2.313000,354.044525,25.611872
1777901248.078919,2.301000,354.258850,25.482269
1777901248.090046,2.321000,354.784729,25.465279
1777901248.101173,2.301000,354.933105,25.531691
1777901248.112302,2.305000,355.000000,25.583334
1777901248.123429,2.301000,355.037415,25.658730
1777901248.134556,2.305000,355.083038,25.888889
1777901248.145684,2.305000,355.108368,26.078917
1777901248.156811,2.317000,355.027985,26.416084
1777901248.167938,2.317000,354.905609,26.747086
1777901248.179066,2.305000,354.705139,27.122377
1777901248.190193,2.313000,354.237579,27.573286
1777901248.201320,2.325000,354.095581,27.986858
1777901248.212448,2.321000,353.801910,28.474495
1777901248.223575,2.325000,353.306152,29.264776
1777901248.234702,2.305000,352.826233,29.736406
1777901248.245831,2.321000,352.501801,30.409798
1777901248.256958,2.342000,351.854248,31.284349
1777901248.268085,2.325000,351.311951,32.124527
1777901248.279212,2.329000,350.898376,33.040894
1777901248.290340,2.317000,350.359955,33.992397
1777901248.301467,2.313000,349.710754,35.035019
1777901248.312594,2.321000,349.343475,36.076046
1777901248.323722,2.321000,348.593018,37.138245
1777901248.334849,2.329000,348.118195,38.367863
1777901248.345976,2.337000,347.713348,39.588001
1777901248.357104,2.329000,347.120697,40.943966
1777901248.368232,2.333000,346.888885,42.212250
1777901248.379358,2.285000,346.279724,43.750725
1777901248.390486,2.305000,345.991150,45.097343
1777901248.401614,2.333000,345.568176,46.784847
1777901248.412741,2.333000,345.162964,48.277039
1777901248.423869,2.285000,344.909912,49.909908
1777901248.434996,2.313000,344.630646,51.644146
1777901248.446123,2.337000,344.573822,53.108067
1777901248.457252,2.313000,344.300781,54.959690
1777901248.468379,2.325000,344.184021,56.883862
1777901248.479506,2.321000,344.061829,58.609352
1777901248.490634,2.301000,343.855347,60.400944
1777901248.501761,2.317000,343.991302,62.137680
1777901248.512888,2.329000,344.182373,63.863976
1777901248.524017,2.337000,344.245239,65.650513
1777901248.535144,2.358000,344.505005,67.590843
1777901248.546271,2.337000,344.705811,69.439133
1777901248.557400,2.333000,344.977509,71.180031
1777901248.568527,2.325000,345.227203,72.829933
1777901248.579654,2.342000,345.481171,74.651878
1777901248.590782,2.342000,345.837982,76.549797
1777901248.601909,2.329000,346.206726,78.291992
1777901248.613036,2.363000,346.749359,80.022560
1777901248.624165,2.358000,347.083344,81.901512
1777901248.635292,2.375000,347.500000,83.500000
1777901248.646419,2.384000,348.086700,85.079369
1777901248.657547,2.346000,348.600952,86.854240
1777901248.668674,2.346000,349.061584,88.380432
1777901248.679802,2.424000,349.661896,89.821983
1777901248.690930,2.410000,350.240082,91.419579
1777901248.702057,2.397000,350.740753,92.965355
1777901248.713184,2.465000,351.334564,94.422470
1777901248.724312,2.442000,352.040436,95.977943
1777901248.735440,2.406000,352.643494,97.330757
1777901248.746567,2.428000,353.244446,98.789543
1777901248.757694,2.406000,353.830780,100.103050
1777901248.768822,2.442000,354.500000,101.500000
1777901248.779950,2.367000,355.072571,102.685486
1777901248.791077,2.397000,355.760742,103.971771
1777901248.802205,2.419000,356.132477,105.182335
1777901248.813332,2.410000,356.906708,106.342934
1777901248.824460,2.451000,357.487793,107.548782
1777901248.835588,2.380000,358.004181,108.562500
1777901248.846715,2.479000,358.710205,109.786789
1777901248.857842,2.502000,359.158295,110.837135
1777901248.868970,2.442000,359.854248,111.906204
1777901248.880098,2.437000,360.396545,112.791664
1777901248.891225,2.442000,360.973694,113.907898
1777901248.902353,2.460000,361.491394,114.696838
1777901248.913480,2.455000,361.951721,115.542984
1777901248.924608,2.465000,362.625000,116.480652
1777901248.935736,2.474000,363.047821,117.126083
1777901248.946863,2.465000,363.690582,117.929680
1777901248.957990,2.465000,364.273499,118.729347
1777901248.969118,2.479000,364.679108,119.420471
1777901248.980246,2.497000,365.342926,119.906723
1777901248.991373,2.556000,365.689972,120.658440
1777901249.002501,2.451000,366.126770,121.196579
1777901249.013628,2.479000,366.687408,121.897652
1777901249.024756,2.483000,367.124634,122.444931
1777901249.035884,2.497000,367.508270,123.090912
1777901249.047011,2.465000,368.008759,123.603798
1777901249.058138,2.451000,368.383942,124.275299
1777901249.069266,2.455000,368.760468,124.862915
1777901249.080394,2.460000,369.245941,125.383705
1777901249.091521,2.479000,369.614410,125.850281
1777901249.102649,2.469000,369.832611,126.553192
1777901249.113776,2.465000,370.348663,127.039055
1777901249.124904,2.502000,370.650055,127.663902
1777901249.136032,2.479000,371.040436,128.030685
1777901249.147159,2.479000,371.391418,128.623795
1777901249.158286,2.469000,371.628265,129.080933
1777901249.169413,2.469000,371.794312,129.397156
1777901249.180542,2.460000,372.008301,129.868607
1777901249.191669,2.455000,372.331848,130.290558
1777901249.202796,2.493000,372.368500,130.680725
1777901249.213924,2.479000,372.473907,130.982605
1777901249.225051,2.483000,372.637299,131.393539
1777901249.236179,2.479000,372.783325,131.500000
1777901249.247307,2.483000,372.721954,131.735794
1777901249.258434,2.479000,372.837402,131.928452
1777901249.269562,2.479000,372.763702,132.065735
1777901249.280690,2.497000,372.737518,132.101456
1777901249.291817,2.479000,372.613464,132.150238
1777901249.302944,2.483000,372.458344,132.160492
1777901249.314073,2.483000,372.365753,132.040131
1777901249.325200,2.483000,371.959473,131.809311
1777901249.336327,2.493000,371.733917,131.625732
1777901249.347455,2.465000,371.414429,131.354355
1777901249.358582,2.488000,371.018433,131.259598
1777901249.369709,2.479000,370.543091,130.879303
1777901249.380838,2.442000,370.019165,130.429199
1777901249.391965,2.488000,369.584045,130.075638
1777901249.403092,2.483000,368.914490,129.456528
1777901249.414221,2.479000,368.396545,129.094833
1777901249.425348,2.497000,367.666656,128.438141
1777901249.436475,2.488000,367.088684,127.894135
1777901249.447603,2.469000,366.331848,127.290558
1777901249.458730,2.571000,365.594330,126.544678
1777901249.469857,2.474000,364.710327,125.844254
1777901249.480986,2.526000,363.841949,125.060349
1777901249.492113,2.469000,363.005890,124.330383
1777901249.503240,2.451000,362.027527,123.533333
1777901249.514368,2.455000,361.192535,122.537354
1777901249.525495,2.465000,360.121704,121.760719
1777901249.536622,2.442000,359.121704,120.760719
1777901249.547750,2.455000,358.095642,119.718704
1777901249.558878,2.442000,356.946777,118.596642
1777901249.570005,2.451000,355.866943,117.417007
1777901249.581133,2.455000,354.759949,116.186554
1777901249.592260,2.451000,353.761505,114.803520
1777901249.592260,2.460000,353.761505,114.803520
1777901249.614515,2.442000,351.523621,112.187668
1777901249.625643,2.451000,350.626190,110.819160
1777901249.636770,2.437000,349.613129,109.354752
1777901249.647897,2.455000,348.425232,107.816185
1777901249.659025,2.428000,347.467987,106.270668
1777901249.670152,2.451000,346.520996,104.750702
1777901249.681280,2.442000,345.641663,102.983330
1777901249.692408,2.424000,344.803101,101.431786
1777901249.703535,2.437000,343.937042,99.795425
1777901249.714662,2.384000,342.982758,98.004311
1777901249.725790,2.358000,342.104340,96.104347
1777901249.736917,2.410000,341.451752,94.521927
1777901249.748045,2.406000,340.689392,92.734848
1777901249.759173,2.384000,340.049988,90.900002
1777901249.770300,2.384000,339.434113,88.978294
1777901249.781427,2.393000,338.807983,87.145927
1777901249.792555,2.354000,338.358368,85.344292
1777901249.803683,2.384000,337.737762,83.522903
1777901249.814810,2.393000,337.363495,81.726997
1777901249.825938,2.393000,337.013153,79.887428
1777901249.837065,2.363000,336.672180,78.221764
1777901249.848192,2.325000,336.478638,76.448715
1777901249.859320,2.337000,336.148438,74.703102
1777901249.870447,2.346000,335.930328,72.909836
1777901249.881575,2.350000,335.777313,71.214386
1777901249.892703,2.375000,335.617126,69.432434
1777901249.903830,2.337000,335.694153,67.907219
1777901249.914957,2.337000,335.582916,66.131363
1777901249.926085,2.337000,335.651367,64.515305
1777901249.937213,2.329000,335.570374,62.938889
1777901249.948340,2.317000,335.505890,61.264706
1777901249.959468,2.337000,335.702637,59.886364
1777901249.970595,2.342000,335.851196,58.412697
1777901249.981722,2.329000,336.026672,56.887619
1777901249.992850,2.333000,336.202393,55.547619
1777901250.003978,2.325000,336.482758,53.936783
1777901250.015105,2.333000,336.635010,52.778397
1777901250.026233,2.321000,337.014404,51.322521
1777901250.037360,2.329000,337.165802,50.113438
1777901250.048487,2.313000,337.516754,48.827160
1777901250.059614,2.337000,337.942719,47.659721
1777901250.070743,2.293000,338.254486,46.399643
1777901250.081870,2.301000,338.651123,45.164078
1777901250.081870,2.321000,338.651123,45.164078
1777901250.104125,2.317000,339.452820,42.981133
1777901250.115252,2.293000,339.882629,41.907669
1777901250.126380,2.301000,340.515015,40.786785
1777901250.137508,2.305000,340.983643,39.721725
1777901250.148635,2.313000,341.504425,38.553097
1777901250.159762,2.305000,342.104065,37.482418
1777901250.170890,2.321000,342.637207,36.423027
1777901250.182017,2.313000,343.163330,35.386879
1777901250.193145,2.333000,343.898956,34.452755
1777901250.204273,2.325000,344.473083,33.333332
1777901250.215400,2.301000,345.116852,32.439575
1777901250.226527,2.313000,345.787994,31.365261
1777901250.237655,2.325000,346.496796,30.434227
1777901250.248782,2.325000,347.152313,29.560549
1777901250.259910,2.317000,347.826233,28.658392
1777901250.271038,2.317000,348.524811,27.886967
1777901250.282165,2.305000,349.257782,27.036667
1777901250.293292,2.305000,349.951080,26.342434
1777901250.304420,2.317000,350.634613,25.662394
1777901250.315548,2.285000,351.198456,24.980263
1777901250.326675,2.285000,351.958069,24.258064
1777901250.337803,2.317000,352.629150,23.814577
1777901250.348930,2.313000,353.120209,23.143169
1777901250.360057,2.305000,353.777405,22.847992
1777901250.371186,2.317000,354.334442,22.351290
1777901250.382313,2.301000,354.874023,21.960981
1777901250.393440,2.273000,355.421051,21.686403
1777901250.404568,2.313000,355.958893,21.465754
1777901250.415695,2.301000,356.339050,21.283106
1777901250.426822,2.301000,356.781189,21.030613
1777901250.437950,2.293000,357.130005,20.822222
1777901250.449078,2.293000,357.459717,20.966442
1777901250.460205,2.305000,357.823853,20.944258
1777901250.471333,2.293000,357.942963,20.784117
1777901250.482460,2.305000,358.126770,20.863388
1777901250.493587,2.301000,358.303131,21.023489
1777901250.504714,2.301000,358.359070,21.067114
1777901250.515842,2.301000,358.429047,21.292793
1777901250.526970,2.317000,358.407898,21.461018
1777901250.538097,2.305000,358.280182,21.841639
1777901250.549225,2.305000,358.318695,21.979731
1777901250.560352,2.313000,358.157318,22.236525
1777901250.571479,2.301000,358.000000,22.637970
1777901250.582608,2.305000,357.838226,22.890337
1777901250.593735,2.293000,357.613647,23.299784
1777901250.604862,2.289000,357.374207,23.794550
1777901250.615990,2.301000,357.000000,24.286022
1777901250.627117,2.305000,356.744904,24.885317
1777901250.638244,2.317000,356.198914,25.606558
1777901250.649372,2.285000,355.990143,26.095394
1777901250.660500,2.301000,355.604950,26.910213
1777901250.671627,2.317000,355.095886,27.655518
1777901250.682755,2.313000,354.732880,28.463415
1777901250.693882,2.337000,354.335663,29.366081
1777901250.705009,2.337000,353.895905,30.355556
1777901250.716137,2.371000,353.533325,31.361212
1777901250.727264,2.317000,353.075745,32.416668
1777901250.738392,2.329000,352.741852,33.526318
1777901250.749520,2.325000,352.318939,34.816994
1777901250.760647,2.321000,351.838013,36.060242
1777901250.771774,2.346000,351.624176,37.375832
1777901250.782902,2.321000,351.180908,38.754986
1777901250.794029,2.358000,350.970093,40.029915
1777901250.805156,2.337000,350.757172,41.470589
1777901250.816285,2.329000,350.439514,42.848083
1777901250.827412,2.354000,350.100769,44.520931
1777901250.838539,2.317000,349.977478,45.941441
1777901250.849667,2.301000,349.655701,47.638496
1777901250.860795,2.329000,349.588318,49.159756
1777901250.871921,2.313000,349.348694,50.932411
1777901250.883049,2.350000,349.192749,52.560871
1777901250.894177,2.325000,349.072266,54.367256
1777901250.905304,2.321000,348.902649,56.008850
1777901250.916432,2.329000,348.808868,57.917431
1777901250.927559,2.321000,348.720764,59.491226
1777901250.938686,2.329000,348.708893,61.241329
1777901250.949813,2.342000,348.803314,63.018017
1777901250.960942,2.329000,348.884796,64.909370
1777901250.972069,2.346000,349.034088,66.607407
1777901250.983196,2.358000,349.326019,68.429825
1777901250.994324,2.346000,349.392761,70.202896
1777901251.005451,2.358000,349.601105,71.905159
1777901251.016578,2.397000,349.675171,73.611351
1777901251.027707,2.371000,350.000000,75.500000
1777901251.038834,2.397000,350.169983,77.237717
1777901251.049961,2.384000,350.543793,79.077126
1777901251.061089,2.367000,350.858917,80.832710
1777901251.072216,2.384000,351.117493,82.301407
1777901251.083343,2.419000,351.496826,83.948036
1777901251.094471,2.437000,351.933075,85.472443
1777901251.105599,2.410000,352.213806,87.029213
1777901251.116726,2.410000,352.688904,88.598694
1777901251.127854,2.424000,353.057678,90.073074
1777901251.138981,2.393000,353.446167,91.648720
1777901251.150108,2.410000,353.855591,93.164642
1777901251.161236,2.437000,354.148438,94.703102
1777901251.172364,2.428000,354.567474,96.312172
1777901251.183491,2.437000,355.011169,97.684799
1777901251.194619,2.428000,355.264740,99.139915
1777901251.205746,2.419000,355.727783,100.612503
1777901251.216873,2.442000,356.076935,102.109688
1777901251.228001,2.406000,356.679932,103.473450
1777901251.239128,2.460000,357.031250,104.875000
1777901251.250256,2.428000,357.556549,106.066368
1777901251.261384,2.424000,357.982605,107.337685
1777901251.272511,2.451000,358.589386,108.689392
1777901251.283638,2.424000,358.866974,109.866966
1777901251.294766,2.437000,359.402252,110.857948
1777901251.305893,2.437000,359.983063,112.046608
1777901251.317020,2.437000,360.449585,113.042015
1777901251.328149,2.460000,360.974365,114.094017
1777901251.339276,2.451000,361.398315,115.050850
1777901251.350403,2.455000,361.983063,116.046608
1777901251.361531,2.469000,362.471771,116.955643
1777901251.372658,2.483000,362.884399,117.889786
1777901251.383785,2.460000,363.337372,118.819160
1777901251.394912,2.479000,363.842804,119.689705
1777901251.406041,2.469000,364.386169,120.388885
1777901251.417168,2.469000,364.774139,121.072105
1777901251.428295,2.507000,365.293549,121.816185
1777901251.439423,2.546000,365.670807,122.609955
1777901251.450550,2.465000,366.143860,123.105118
1777901251.461678,2.455000,366.528229,123.923386
1777901251.472806,2.483000,366.782837,124.539421
1777901251.483933,2.521000,367.410583,125.081299
1777901251.495060,2.507000,367.669403,125.711937
1777901251.506188,2.474000,367.992920,126.375885
1777901251.517315,2.493000,368.362366,126.993088
1777901251.528442,2.502000,368.644165,127.565399
1777901251.539571,2.488000,368.953979,127.967918
1777901251.550698,2.474000,369.208160,128.510544
1777901251.561825,2.502000,369.398315,129.000000
1777901251.572953,2.497000,369.634918,129.386719
1777901251.584080,2.474000,369.711487,129.712891
1777901251.595207,2.493000,369.707458,130.099854
1777901251.606335,2.488000,369.831879,130.399994
1777901251.617463,2.507000,369.915894,130.546722
1777901251.628590,2.521000,369.887756,130.908157
1777901251.639718,2.502000,369.919189,130.954544
1777901251.650845,2.502000,369.887756,130.908157
1777901251.661972,2.483000,369.570496,130.932007
1777901251.673100,2.497000,369.318024,130.901367
1777901251.684227,2.517000,369.150604,130.884933
1777901251.695355,2.483000,368.946075,130.573532
1777901251.706483,2.460000,368.338287,130.435638
1777901251.717610,2.502000,368.038849,130.148865
1777901251.728737,2.483000,367.573273,129.795486
1777901251.739865,2.497000,367.129883,129.377151
1777901251.750993,2.483000,366.523163,129.160492
1777901251.762120,2.507000,365.892426,128.518188
1777901251.773248,2.517000,365.127502,128.287247
1777901251.784375,2.469000,364.316956,127.522324
1777901251.795502,2.497000,363.567413,126.899261
1777901251.806630,2.479000,362.637299,126.393539
1777901251.817757,2.507000,361.864319,125.617996
1777901251.828885,2.488000,360.913757,125.021927
1777901251.840012,2.497000,359.979156,124.284225
1777901251.851140,2.483000,358.943939,123.495575
1777901251.862267,2.465000,357.953613,122.598549
1777901251.873394,2.460000,356.951752,121.766083
1777901251.884522,2.479000,355.784576,120.909752
1777901251.895649,2.465000,354.841949,119.965515
1777901251.906777,2.442000,353.739319,118.810539
1777901251.917905,2.460000,352.542358,117.820618
1777901251.929032,2.451000,351.461853,116.663841
1777901251.940159,2.455000,350.429565,115.564850
1777901251.951287,2.465000,349.217102,114.117645
1777901251.962414,2.451000,348.217682,112.887077
1777901251.973541,2.455000,347.239899,111.729431
1777901251.984670,2.455000,346.215912,110.125504
1777901251.995797,2.437000,345.137848,108.811531
1777901252.006924,2.428000,344.116241,107.233894
1777901252.018052,2.406000,343.213013,105.860306
1777901252.029179,2.465000,342.219482,104.293556
1777901252.040306,2.437000,341.500000,102.795197
1777901252.051435,2.419000,340.630096,101.104340
1777901252.062562,2.410000,339.872681,99.605148
1777901252.073689,2.419000,338.956512,97.956520
1777901252.084817,2.410000,338.152161,96.281158
1777901252.095944,2.397000,337.596741,94.721725
1777901252.107071,2.397000,336.982452,93.048248
1777901252.118199,2.375000,336.370361,91.592590
1777901252.129327,2.384000,335.748108,89.906487
1777901252.140454,2.393000,335.301086,88.305687
1777901252.151582,2.406000,334.710205,86.786789
1777901252.162709,2.363000,334.360107,85.069939
1777901252.173836,2.371000,333.831909,83.564102
1777901252.184964,2.350000,333.702789,82.219444
1777901252.196092,2.406000,333.277069,80.580872
1777901252.207218,2.384000,332.901733,79.134132
1777901252.218347,2.358000,332.641968,77.599449
1777901252.229474,2.346000,332.321838,76.060349
1777901252.240601,2.350000,332.257874,74.683960
1777901252.251729,2.346000,332.120056,73.233810
1777901252.262856,2.346000,331.918701,71.837395
1777901252.273983,2.354000,331.888885,70.489899
1777901252.285111,2.342000,331.789307,69.143349
1777901252.296239,2.333000,331.719940,68.005157
1777901252.307366,2.321000,331.707489,66.612244
1777901252.318493,2.337000,331.593140,65.323532
1777901252.329621,2.329000,331.659821,64.095726
1777901252.340748,2.346000,331.634186,62.888889
1777901252.351876,2.342000,331.626251,61.616161
1777901252.363004,2.333000,331.749573,60.551609
1777901252.374131,2.342000,331.835846,59.224457
1777901252.385258,2.342000,331.911224,58.149078
1777901252.396386,2.325000,332.000000,57.000000
1777901252.407513,2.313000,332.091064,55.952847
1777901252.418640,2.321000,332.133667,54.914654
1777901252.429769,2.325000,332.233795,53.925751
1777901252.440896,2.305000,332.477875,52.712391
1777901252.452023,2.325000,332.539673,51.717171
1777901252.463151,2.337000,332.645386,50.632626
1777901252.474278,2.333000,333.016144,49.548386
1777901252.485405,2.325000,333.125977,48.492126
1777901252.496533,2.325000,333.266937,47.334637
1777901252.507660,2.305000,333.542145,46.344654
1777901252.518788,2.329000,333.789001,45.394508
1777901252.529916,2.325000,334.233917,43.955555
1777901252.541043,2.325000,334.555542,42.898052
1777901252.552170,2.342000,334.945190,41.880138
1777901252.563298,2.313000,335.347046,40.742008
1777901252.574425,2.317000,335.642944,39.723164
1777901252.585552,2.317000,336.115173,38.614616
1777901252.596680,2.305000,336.605652,37.578529
1777901252.607808,2.321000,337.052063,36.564785
1777901252.618935,2.337000,337.568970,35.482758
1777901252.630063,2.313000,338.045715,34.518394
1777901252.641190,2.305000,338.664337,33.530094
1777901252.652317,2.325000,339.237762,32.593857
1777901252.663445,2.301000,339.925171,31.641724
1777901252.674572,2.293000,340.555939,30.793541
1777901252.685699,2.293000,341.223755,30.032295
1777901252.696827,2.313000,341.927094,29.332176
1777901252.707955,2.333000,342.750000,28.629108
1777901252.719082,2.321000,343.384979,28.206573
1777901252.730209,2.313000,344.123383,27.642942
1777901252.741337,2.321000,344.809021,27.268089
1777901252.752464,2.325000,345.370361,26.940264
1777901252.763591,2.329000,345.986023,26.500000
1777901252.774719,2.321000,346.592987,26.245169
1777901252.785846,2.321000,347.104248,26.080000
1777901252.796974,2.325000,347.707733,25.692488
1777901252.808102,2.333000,348.045441,25.482517
1777901252.819229,2.305000,348.592468,25.418139
1777901252.830356,2.305000,348.894440,25.353498
1777901252.841484,2.325000,349.228424,25.264568
1777901252.852611,2.305000,349.475189,25.215130
1777901252.863738,2.333000,349.809021,25.246738
1777901252.874866,2.337000,349.995300,25.078917
1777901252.885993,2.325000,350.061127,25.091118
1777901252.897121,2.321000,350.270111,25.196552
1777901252.908249,2.301000,350.225281,25.254023
1777901252.919376,2.317000,350.158020,25.367935
1777901252.930503,2.317000,350.044525,25.611872
1777901252.941631,2.317000,350.043915,25.704954
1777901252.952758,2.337000,349.894806,26.011074
1777901252.963885,2.305000,349.852753,26.407534
1777901252.975013,2.317000,349.630829,26.773073
1777901252.986141,2.317000,349.342346,27.131756
1777901252.997267,2.293000,349.043915,27.704954
1777901253.008396,2.317000,348.851959,28.271931
1777901253.019523,2.317000,348.487427,28.889618
1777901253.030650,2.313000,348.076660,29.708889
1777901253.041778,2.277000,347.957245,30.620613
1777901253.052905,2.329000,347.456818,31.348635
1777901253.064033,2.289000,347.169403,32.284153
1777901253.075161,2.321000,346.807129,33.559643
1777901253.086287,2.317000,346.326630,34.690155
1777901253.097415,2.317000,345.986664,35.923332
1777901253.108543,2.305000,345.668945,37.183674
1777901253.119670,2.317000,345.242645,38.699547
1777901253.130797,2.289000,345.006836,40.133560
1777901253.141925,2.321000,344.610718,41.595238
1777901253.153052,2.337000,344.454559,43.309345
1777901253.164179,2.325000,344.166656,45.152229
1777901253.175307,2.342000,343.947571,46.922043
1777901253.186435,2.337000,343.939514,48.625000
1777901253.197562,2.305000,343.620026,50.478737
1777901253.208689,2.285000,343.521362,52.448719
1777901253.219817,2.313000,343.534485,54.500000
1777901253.230944,2.293000,343.544250,56.522125
1777901253.242071,2.301000,343.578247,58.521740
1777901253.253200,2.313000,343.669556,60.552670
1777901253.264326,2.329000,343.727814,62.666668
1777901253.275454,2.313000,343.961212,64.906609
1777901253.286582,2.337000,344.196899,67.053444
1777901253.297709,2.342000,344.491394,69.112068
1777901253.308836,2.342000,344.791504,71.397163
1777901253.319964,2.342000,345.120117,73.373817
1777901253.331091,2.354000,345.559998,75.487999
1777901253.342218,2.337000,346.073212,77.547714
1777901253.353346,2.346000,346.443604,79.667923
1777901253.364474,2.367000,347.055542,81.643211
1777901253.375601,2.380000,347.587250,83.666664
1777901253.386729,2.428000,348.051086,85.704376
1777901253.397856,2.393000,348.673889,87.773766
1777901253.408983,2.371000,349.352448,89.529274
1777901253.420111,2.437000,350.000000,91.256790
1777901253.431238,2.424000,350.690308,93.085823
1777901253.442365,2.460000,351.351135,94.927483
1777901253.453493,2.428000,352.041992,96.578880
1777901253.464620,2.406000,352.842987,98.230370
1777901253.475748,2.424000,353.537323,99.917908
1777901253.486876,2.406000,354.197571,101.439514
1777901253.498003,2.428000,355.065887,102.910408
1777901253.509130,2.393000,355.777313,104.461967
1777901253.520257,2.428000,356.560181,105.704010
1777901253.531385,2.437000,357.204376,107.301781
1777901253.542512,2.428000,357.948608,108.650513
1777901253.553640,2.419000,358.766510,110.076805
1777901253.564767,2.451000,359.542236,111.181259
1777901253.575894,2.442000,360.213745,112.675636
1777901253.587022,2.442000,361.063629,113.913635
1777901253.598149,2.428000,361.603180,114.990479
1777901253.609276,2.437000,362.474640,116.001534
1777901253.620403,2.455000,363.077576,117.056038
1777901253.631531,2.474000,363.934784,118.021736
1777901253.642658,2.451000,364.763824,119.124069
1777901253.653785,2.483000,365.235931,119.914764
1777901253.664913,2.497000,366.048706,120.718414
1777901253.676040,2.479000,366.711426,121.490738
1777901253.687167,2.483000,367.179840,122.364342
1777901253.698296,2.546000,367.921295,122.972221
1777901253.709423,2.479000,368.445953,123.486488
1777901253.720550,2.488000,369.042053,124.227417
1777901253.731678,2.474000,369.590088,124.692192
1777901253.742805,2.465000,370.179840,125.364342
1777901253.753932,2.483000,370.737976,125.829460
1777901253.765060,2.479000,371.179840,126.364342
1777901253.776187,2.502000,371.665100,126.707352
1777901253.787314,2.479000,372.100769,127.331779
1777901253.798442,2.512000,372.467590,127.532410
1777901253.809569,2.488000,372.781860,128.004608
1777901253.820696,2.465000,373.127502,128.287247
1777901253.831824,2.488000,373.445953,128.513519
1777901253.842951,2.479000,373.731171,128.643631
1777901253.854078,2.488000,373.834106,128.914764
1777901253.865206,2.460000,374.120117,129.139633
1777901253.876333,2.460000,374.263641,129.189392
1777901253.887460,2.479000,374.403656,129.140671
1777901253.898588,2.483000,374.459076,129.130310
1777901253.909716,2.465000,374.490997,129.088593
1777901253.920843,2.460000,374.472961,128.990997
1777901253.931971,2.460000,374.094788,128.688080
1777901253.943098,2.469000,373.970245,128.540176
1777901253.954225,2.483000,373.702393,128.441971
1777901253.965353,2.483000,373.415924,128.321533
1777901253.976480,2.507000,373.263641,128.189392
1777901253.987607,2.483000,372.780243,127.764015
1777901253.998735,2.460000,372.275024,127.427505
1777901254.009862,2.474000,371.717163,127.330444
1777901254.020989,2.479000,371.144501,126.872673
1777901254.032117,2.497000,370.561340,126.451660
1777901254.043244,2.488000,369.717163,126.252525
1777901254.054371,2.469000,368.897980,125.688217
1777901254.065498,2.465000,368.212006,125.242676
1777901254.076626,2.497000,367.431458,124.732529
1777901254.087754,2.479000,366.579529,124.189491
1777901254.098880,2.512000,365.512085,123.643814
1777901254.110008,2.479000,364.727509,122.964287
1777901254.121135,2.488000,363.686920,122.333336
1777901254.132262,2.474000,362.779572,121.655914
1777901254.143391,2.455000,361.714661,120.892349
1777901254.154518,2.465000,360.775146,120.051590
1777901254.165645,2.469000,359.747406,119.236977
1777901254.176773,2.469000,358.702240,118.416336
1777901254.187900,2.442000,357.671844,117.444878
1777901254.199027,2.455000,356.696625,116.500000
1777901254.210155,2.442000,355.812042,115.454887
1777901254.221282,2.424000,354.755554,114.405228
1777901254.232409,2.437000,353.792786,113.256111
1777901254.243537,2.424000,352.707550,112.057472
1777901254.254664,2.419000,351.831390,110.912483
1777901254.265791,2.474000,350.922485,109.770027
1777901254.276919,2.451000,349.838348,108.548874
1777901254.288046,2.437000,348.781494,107.298767
1777901254.299173,2.442000,347.753998,106.110703
1777901254.310301,2.437000,346.928497,104.837578
1777901254.321428,2.428000,345.937042,103.533333
1777901254.332555,2.428000,344.974640,102.274155
1777901254.343683,2.424000,344.049255,100.881310
1777901254.354810,2.419000,343.201752,99.590225
1777901254.365937,2.419000,342.409760,98.276939
1777901254.377065,2.437000,341.586121,96.889717
1777901254.388192,2.428000,340.821960,95.465912
1777901254.399320,2.371000,340.282623,94.034218
1777901254.410448,2.406000,339.657715,92.573433
1777901254.421574,2.371000,338.965881,91.191605
1777901254.432702,2.354000,338.546509,89.577522
1777901254.443830,2.384000,337.965179,88.258369
1777901254.454957,2.380000,337.644531,86.730469
1777901254.466084,2.363000,337.300140,85.316071
1777901254.477212,2.393000,336.865875,83.810097
1777901254.488339,2.346000,336.655914,82.397850
1777901254.499466,2.397000,336.419861,81.057251
1777901254.510593,2.346000,336.084625,79.560257
1777901254.521721,2.337000,335.911530,78.266670
1777901254.532848,2.333000,335.744781,76.871094
1777901254.543975,2.337000,335.521545,75.478447
1777901254.555103,2.375000,335.375732,74.092102
1777901254.566231,2.358000,335.438141,72.666664
1777901254.577358,2.342000,335.420349,71.522125
1777901254.588485,2.363000,335.355652,70.274323
1777901254.599612,2.346000,335.252808,69.070854
1777901254.610739,2.342000,335.267975,67.946075
1777901254.621868,2.363000,335.208527,66.692940
1777901254.632995,2.371000,335.244110,65.474747
1777901254.644122,2.337000,335.451935,64.399040
1777901254.655250,2.329000,335.500000,63.385715
1777901254.666377,2.354000,335.495178,62.326923
1777901254.677504,2.342000,335.620575,61.245777
1777901254.688632,2.342000,335.671417,60.140602
1777901254.699759,2.354000,335.901672,59.040001
1777901254.710886,2.313000,336.053925,58.209152
1777901254.722014,2.313000,336.087555,57.314899
1777901254.733141,2.313000,336.373871,56.378380
1777901254.744268,2.313000,336.486481,55.445946
1777901254.755396,2.337000,336.674072,54.428146
1777901254.766523,2.333000,336.846161,53.600300
1777901254.777650,2.342000,337.159546,52.666668
1777901254.788779,2.337000,337.300537,51.948818
1777901254.799906,2.313000,337.578125,51.015625
1777901254.811033,2.329000,338.015137,50.140152
1777901254.822161,2.325000,338.208344,49.322918
1777901254.833288,2.354000,338.640839,48.429276
1777901254.844415,2.317000,338.898193,47.663029
1777901254.855543,2.305000,339.303680,46.809017
1777901254.866670,2.321000,339.682983,45.961540
1777901254.877797,2.317000,340.051453,44.955555
1777901254.888925,2.305000,340.380615,44.170212
1777901254.900052,2.305000,340.619720,43.380264
1777901254.911179,2.321000,341.093567,42.474854
1777901254.922307,2.313000,341.517975,41.500000
1777901254.933434,2.321000,341.801422,40.521278
1777901254.944561,2.346000,342.228516,39.796230
1777901254.955688,2.317000,342.644440,38.941521
1777901254.966816,2.329000,343.081879,38.008076
1777901254.977943,2.321000,343.507141,37.270237
1777901254.989071,2.321000,343.972015,36.348484
1777901255.000199,2.342000,344.521118,35.463615
1777901255.011326,2.317000,344.976013,34.584476
1777901255.022453,2.313000,345.524292,33.703705
1777901255.033581,2.317000,346.113037,32.942329
1777901255.044708,2.321000,346.613800,32.319542
1777901255.055835,2.301000,347.117523,31.475706
1777901255.066963,2.293000,347.768799,30.879910
1777901255.078090,2.317000,348.294861,30.282051
1777901255.089217,2.313000,348.918365,29.716553
1777901255.100345,2.317000,349.384155,29.314421
1777901255.111472,2.329000,350.051727,28.743679
1777901255.122599,2.342000,350.638702,28.362471
1777901255.133727,2.305000,351.099182,28.115341
1777901255.144854,2.313000,351.641968,27.852974
1777901255.155981,2.325000,352.044830,27.565517
1777901255.167109,2.329000,352.547607,27.345804
1777901255.178236,2.305000,352.818298,27.248842
1777901255.189363,2.313000,353.203186,27.099316
1777901255.200491,2.301000,353.402679,27.016779
1777901255.211618,2.317000,353.727081,26.966442
1777901255.222746,2.321000,353.870758,26.798185
1777901255.233874,2.305000,353.914398,26.817352
1777901255.245001,2.317000,353.901367,26.862812
1777901255.256128,2.313000,353.901367,26.862812
1777901255.267256,2.325000,353.828247,27.031639
1777901255.278383,2.321000,353.593323,27.080000
1777901255.289510,2.305000,353.500000,27.171053
1777901255.300638,2.301000,353.108093,27.586712
1777901255.311765,2.305000,352.943695,27.747240
1777901255.322892,2.317000,352.483673,28.042484
1777901255.334020,2.321000,352.044800,28.466667
1777901255.345147,2.321000,351.644318,28.870075
1777901255.356274,2.305000,351.139496,29.371672
1777901255.367402,2.317000,350.698608,29.892439
1777901255.378529,2.301000,350.155273,30.589577
1777901255.389656,2.305000,349.711761,31.179317
1777901255.400784,2.293000,349.281952,31.986301
1777901255.411911,2.329000,348.769135,32.986488
1777901255.423038,2.313000,348.232666,33.973156
1777901255.434165,2.313000,347.796478,34.968098
1777901255.445293,2.301000,347.336578,36.142235
1777901255.456421,2.313000,346.878174,37.441860
1777901255.467548,2.317000,346.403870,38.624573
1777901255.478676,2.321000,346.104248,40.080002
1777901255.489803,2.321000,345.753876,41.449223
1777901255.500930,2.313000,345.324982,43.107529
1777901255.512058,2.329000,345.065063,44.694065
1777901255.523185,2.317000,344.916382,46.312134
1777901255.534312,2.333000,344.778564,48.195236
1777901255.545440,2.337000,344.619568,49.610905
1777901255.556567,2.325000,344.596558,51.421894
1777901255.567694,2.325000,344.661682,53.357052
1777901255.578823,2.325000,344.875336,55.160107
1777901255.589950,2.325000,345.051697,57.043537
1777901255.601077,2.337000,345.370972,58.862904
1777901255.612205,2.346000,345.642365,60.646423
1777901255.623332,2.346000,346.090668,62.461647
1777901255.634459,2.346000,346.560333,64.284485
1777901255.645587,2.346000,347.047424,65.974136
1777901255.656714,2.342000,347.647827,67.815941
1777901255.667841,2.342000,348.214478,69.720291
1777901255.678969,2.371000,348.771942,71.274857
1777901255.690096,2.354000,349.414856,72.927223
1777901255.701223,2.350000,350.064606,74.803230
1777901255.712352,2.371000,350.697510,76.389137
1777901255.723479,2.354000,351.342194,78.026550
1777901255.734606,2.410000,351.980469,79.751747
1777901255.745734,2.384000,352.676178,81.385033
1777901255.756861,2.384000,353.223114,82.834679
1777901255.767988,2.442000,354.007874,84.358269
1777901255.779116,2.380000,354.593323,85.858429
1777901255.790243,2.424000,355.306824,87.416664
1777901255.801370,2.451000,355.865448,88.826668
1777901255.812498,2.371000,356.631500,90.147881
1777901255.823625,2.358000,357.266907,91.602707
1777901255.834753,2.424000,357.851990,92.874847
1777901255.845879,2.424000,358.619720,94.099876
1777901255.857008,2.375000,359.216980,95.452118
1777901255.868134,2.428000,359.789551,96.681267
1777901255.879262,2.393000,360.399261,97.774872
1777901255.890390,2.469000,361.008636,99.070374
1777901255.901517,2.406000,361.558777,100.191513
1777901255.912644,2.397000,362.128204,101.347435
1777901255.923772,2.419000,362.597656,102.476562
1777901255.934899,2.424000,363.144165,103.519844
1777901255.946026,2.437000,363.566406,104.601562
1777901255.957154,2.424000,364.051270,105.597839
1777901255.968281,2.424000,364.361908,106.785034
1777901255.979409,2.428000,365.007996,107.749336
1777901255.990536,2.451000,365.237518,108.695007
1777901256.001664,2.437000,365.719940,109.706284
1777901256.012790,2.442000,366.090668,110.672249
1777901256.023919,2.465000,366.486725,111.606194
1777901256.035046,2.455000,366.752869,112.469826
1777901256.046173,2.442000,367.187958,113.459618
1777901256.057301,2.465000,367.454956,114.468468
1777901256.068428,2.469000,367.873657,115.194824
1777901256.079555,2.442000,368.204254,116.207520
1777901256.090683,2.460000,368.461151,117.000000
1777901256.101810,2.460000,368.721954,117.795647
1777901256.112937,2.460000,369.137451,118.546394
1777901256.124065,2.479000,369.374786,119.276947
1777901256.135192,2.469000,369.677368,120.087341
1777901256.146320,2.460000,370.069031,120.730637
1777901256.157448,2.474000,370.376068,121.442734
1777901256.168575,2.410000,370.686768,122.338356
1777901256.179702,2.479000,371.148926,123.195038
1777901256.190830,2.488000,371.534668,123.826736
1777901256.201957,2.556000,371.897064,124.563728
1777901256.213084,2.488000,372.254700,125.299149
1777901256.224212,2.455000,372.623322,126.143333
1777901256.235339,2.469000,372.980774,126.548080
1777901256.246466,2.483000,373.385101,127.299355
1777901256.257594,2.483000,373.748352,127.936272
1777901256.268721,2.460000,374.052887,128.485580
1777901256.279848,2.474000,374.258911,129.182846
1777901256.290976,2.469000,374.805420,129.639557
1777901256.302104,2.479000,375.127502,130.379410
1777901256.313231,2.488000,375.424103,130.833328
1777901256.324358,2.483000,375.675873,131.360977
1777901256.335486,2.460000,376.037384,131.962616
1777901256.346613,2.469000,376.205841,132.319504
1777901256.357740,2.483000,376.588501,132.582596
1777901256.368868,2.479000,376.876495,133.226196
1777901256.379995,2.493000,377.139282,133.471054
1777901256.391122,2.502000,377.420349,133.883484
1777901256.402250,2.502000,377.637299,134.314240
1777901256.413377,2.479000,377.702545,134.603882
1777901256.424504,2.469000,378.085144,134.997116
1777901256.435632,2.497000,378.331848,135.290558
1777901256.446759,2.531000,378.426727,135.521545
1777901256.457887,2.483000,378.576935,135.707977
1777901256.469015,2.488000,378.727539,136.100006
1777901256.480142,2.507000,378.809723,136.276108
1777901256.491269,2.497000,378.766815,136.439194
1777901256.502397,2.502000,379.037506,136.595963
1777901256.513525,2.507000,379.066101,136.959213
1777901256.524652,2.507000,379.093781,137.099564
1777901256.535780,2.512000,379.110626,137.241882
1777901256.546907,2.497000,379.098938,137.334854
1777901256.558034,2.531000,378.870789,137.371506
1777901256.569162,2.512000,378.793304,137.390106
1777901256.580289,2.526000,378.568176,137.440903
1777901256.591417,2.531000,378.500000,137.500000
1777901256.602545,2.517000,378.245789,137.379410
1777901256.613672,2.502000,378.100769,137.331787
1777901256.624799,2.531000,377.674500,137.117371
1777901256.635927,2.497000,377.510254,136.935226
1777901256.647054,2.517000,376.906799,136.766190
1777901256.658181,2.488000,376.568176,136.440903
1777901256.669310,2.497000,376.093201,136.233810
1777901256.680437,2.502000,375.600311,135.883102
1777901256.691564,2.517000,375.100769,135.331787
1777901256.702692,2.488000,374.350464,135.082550
1777901256.713819,2.483000,373.554047,134.486481
1777901256.724946,2.493000,372.898285,134.014084
1777901256.736073,2.483000,372.127502,133.379410
1777901256.747202,2.488000,371.449066,132.927475
1777901256.758329,2.493000,370.546417,132.136993
1777901256.769456,2.517000,369.575897,131.441971
1777901256.780584,2.474000,368.640350,130.603806
1777901256.791711,2.497000,367.710327,129.844254
1777901256.802838,2.502000,366.777313,128.995697
1777901256.813967,2.502000,365.831879,128.013046
1777901256.825094,2.474000,364.724335,126.895920
1777901256.836221,2.502000,363.601105,125.875870
1777901256.847349,2.469000,362.399994,124.781944
1777901256.858476,2.465000,361.462494,123.627777
1777901256.869603,2.469000,360.325409,122.268517
1777901256.880731,2.455000,359.268555,120.879890
1777901256.891859,2.479000,358.066925,119.653542
1777901256.902986,2.442000,357.100647,118.027451
1777901256.914114,2.455000,355.892303,116.538460
1777901256.925241,2.442000,355.007690,114.935898
1777901256.936368,2.455000,353.886353,113.416664
1777901256.947496,2.465000,353.033325,111.555557
1777901256.958624,2.442000,351.984955,109.791977
1777901256.969751,2.455000,351.025726,108.161766
1777901256.980879,2.437000,350.218079,106.298637
1777901256.992006,2.410000,349.287476,104.369270
1777901257.003133,2.442000,348.376709,102.384140
1777901257.014261,2.428000,347.426117,100.454216
1777901257.025388,2.428000,346.575531,98.660423
1777901257.036516,2.406000,345.941864,96.565895
1777901257.047644,2.363000,345.070312,94.554688
1777901257.058771,2.354000,344.338562,92.688889
1777901257.069898,2.384000,343.883057,90.608871
1777901257.081026,2.358000,343.191437,88.681389
1777901257.092153,2.375000,342.752350,86.643906
1777901257.103281,2.380000,342.034882,84.680878
1777901257.114409,2.342000,341.704132,82.841087
1777901257.125536,2.346000,341.100647,80.879738
1777901257.136663,2.342000,340.735138,78.996124
1777901257.147791,2.350000,340.340057,77.032257
1777901257.158918,2.337000,340.005432,75.190475
1777901257.170045,2.325000,339.788574,73.388885
1777901257.181173,2.342000,339.596649,71.587517
1777901257.192301,2.346000,339.302032,69.693268
1777901257.203428,2.337000,339.195862,68.005157
1777901257.214555,2.342000,339.097717,66.265274
1777901257.225683,2.321000,339.153198,64.585861
1777901257.236810,2.337000,339.117432,63.205528
1777901257.247937,2.329000,339.108215,61.389179
1777901257.259066,2.317000,339.169342,59.998219
1777901257.270193,2.321000,339.279633,58.544445
1777901257.281320,2.317000,339.246918,57.146385
1777901257.292448,2.321000,339.567535,55.791454
1777901257.303576,2.313000,339.741486,54.525509
1777901257.314703,2.313000,339.869293,53.261436
1777901257.325830,2.301000,340.032990,51.955444
1777901257.336958,2.325000,340.295288,50.933029
1777901257.348085,2.321000,340.492554,49.837799
1777901257.359213,2.337000,340.819824,48.846848
1777901257.370340,2.333000,341.118835,47.737682
1777901257.381468,2.313000,341.274933,46.754986
1777901257.392596,2.317000,341.739258,45.592743
1777901257.403723,2.329000,342.066925,44.443108
1777901257.414850,2.333000,342.435120,43.534351
1777901257.425978,2.321000,342.832092,42.556393
1777901257.437105,2.313000,343.352234,41.581562
1777901257.448232,2.325000,343.802826,40.583332
1777901257.459361,2.305000,344.096405,39.872242
1777901257.470488,2.317000,344.507202,38.985611
1777901257.481615,2.333000,344.806244,38.279182
1777901257.492743,2.305000,345.159271,37.295063
1777901257.503870,2.317000,345.596558,36.384995
1777901257.514997,2.337000,346.063782,35.619736
1777901257.526125,2.342000,346.402618,34.872162
1777901257.537252,2.293000,347.000000,34.120987
1777901257.548379,2.317000,347.380768,33.250607
1777901257.559508,2.313000,347.867615,32.412754
1777901257.570635,2.321000,348.246002,31.685118
1777901257.581762,2.337000,348.730164,30.979242
1777901257.592890,2.313000,349.108704,30.187199
1777901257.604017,2.329000,349.656891,29.525030
1777901257.615144,2.342000,350.072449,28.666666
1777901257.626271,2.317000,350.660553,28.026861
1777901257.637399,2.301000,351.127838,27.316607
1777901257.648527,2.317000,351.645844,26.569853
1777901257.659654,2.301000,352.160461,25.855721
1777901257.670782,2.337000,352.813477,25.180506
1777901257.681909,2.293000,353.275146,24.401213
1777901257.693036,2.333000,353.767303,23.888050
1777901257.704164,2.313000,354.307800,23.223499
1777901257.715291,2.305000,354.741150,22.564394
1777901257.726418,2.305000,355.200012,22.091026
1777901257.737547,2.230000,355.717255,21.468224
1777901257.748674,2.329000,356.245758,20.992157
1777901257.759801,2.289000,356.554260,20.585272
1777901257.770929,2.337000,357.093018,20.018087
1777901257.782056,2.305000,357.462891,19.798920
1777901257.793183,2.301000,357.841766,19.359274
1777901257.804311,2.313000,358.300140,18.941566
1777901257.815439,2.317000,358.447540,18.699867
1777901257.826566,2.329000,358.841766,18.359274
1777901257.837694,2.342000,359.387085,18.192204
1777901257.848821,2.285000,359.528015,18.028000
1777901257.859948,2.246000,359.759613,17.881805
1777901257.871076,2.313000,360.000000,17.763565
1777901257.882203,2.301000,360.255585,17.619236
1777901257.893330,2.321000,360.405243,17.630066
1777901257.904459,2.289000,360.544128,17.503294
1777901257.915586,2.313000,360.500000,17.558594
1777901257.926713,2.305000,360.710602,17.651163
1777901257.937841,2.313000,360.681061,17.848366
1777901257.948968,2.321000,360.901672,17.871010
1777901257.960095,2.342000,360.743011,18.113232
1777901257.971223,2.301000,360.719421,18.298584
1777901257.982350,2.301000,360.886353,18.537878
1777901257.993478,2.301000,360.803558,18.854246
1777901258.004606,2.317000,360.611542,19.241026
1777901258.015733,2.317000,360.515717,19.636478
1777901258.026860,2.313000,360.500000,20.096491
1777901258.037988,2.313000,360.389099,20.484158
1777901258.049115,2.305000,360.234711,21.169788
1777901258.060242,2.313000,359.985077,21.544777
1777901258.071369,2.313000,359.714661,22.244949
1777901258.082498,2.317000,359.484955,22.903509
1777901258.093625,2.354000,359.242523,23.630596
1777901258.104752,2.354000,359.033325,24.533333
1777901258.115880,2.337000,358.667908,25.258146
1777901258.127007,2.342000,358.439911,26.231722
1777901258.138134,2.325000,358.077667,27.309439
1777901258.149262,2.293000,357.731842,28.201754
1777901258.160389,2.337000,357.423035,29.273939
1777901258.171517,2.325000,357.125153,30.326113
1777901258.182645,2.329000,356.744873,31.543922
1777901258.193772,2.337000,356.297668,32.587944
1777901258.204899,2.325000,355.969391,33.817432
1777901258.216027,2.342000,355.664307,35.227699
1777901258.227154,2.317000,355.246216,36.554008
1777901258.238281,2.325000,354.949951,37.949944
1777901258.249409,2.317000,354.580414,39.527973
1777901258.260537,2.325000,354.111481,40.987484
1777901258.271664,2.325000,353.934021,42.440971
1777901258.282792,2.333000,353.639862,44.159672
1777901258.293919,2.317000,353.440857,45.778973
1777901258.305046,2.321000,353.175507,47.425205
1777901258.316174,2.321000,353.102753,49.169655
1777901258.327301,2.321000,352.893677,50.747910
1777901258.338428,2.325000,352.821747,52.573872
1777901258.349557,2.325000,352.813477,54.271961
1777901258.360684,2.329000,352.648926,56.000000
1777901258.371811,2.333000,352.575409,57.816139
1777901258.382939,2.337000,352.589844,59.640625
1777901258.394066,2.337000,352.580780,61.453846
1777901258.405193,2.346000,352.653320,63.071999
1777901258.416321,2.337000,352.701477,64.925034
1777901258.427449,2.337000,352.704773,66.834015
1777901258.438576,2.358000,353.037201,68.701103
1777901258.449704,2.380000,353.217163,70.539421
1777901258.460831,2.371000,353.420471,72.098206
1777901258.471958,2.354000,353.588562,73.976288
1777901258.483086,2.375000,353.730835,75.850769
1777901258.494213,2.375000,353.943481,77.581161
1777901258.505341,2.410000,354.235199,79.275612
1777901258.516468,2.410000,354.608582,80.930847
1777901258.527596,2.397000,354.883270,82.739799
1777901258.538723,2.424000,355.096008,84.338821
1777901258.549850,2.428000,355.446747,85.868607
1777901258.560978,2.451000,355.785339,87.682663
1777901258.572106,2.424000,356.043549,89.156464
1777901258.583233,2.410000,356.491943,90.564514
1777901258.594361,2.397000,356.795471,92.035858
1777901258.605488,2.410000,357.254272,93.467720
1777901258.616615,2.460000,357.630066,94.984314
1777901258.627743,2.451000,358.007904,96.297760
1777901258.638871,2.428000,358.508118,97.435707
1777901258.649998,2.419000,358.888489,98.897148
1777901258.661126,2.502000,359.390137,100.282829
1777901258.672253,2.424000,359.766663,101.519234
1777901258.683380,2.406000,360.150452,102.647209
1777901258.694508,2.442000,360.640717,103.841766
1777901258.705636,2.442000,361.079803,105.032173
1777901258.716763,2.483000,361.445740,106.155037
1777901258.727891,2.428000,361.865631,107.224808
1777901258.739018,2.406000,362.163330,108.290497
1777901258.750145,2.428000,362.677094,109.128906
1777901258.761273,2.442000,362.980164,110.170631
1777901258.772401,2.442000,363.287048,111.055557
1777901258.783528,2.479000,363.830658,111.887100
1777901258.794656,2.428000,364.149658,112.655785
1777901258.805783,2.437000,364.468872,113.525589
1777901258.816910,2.442000,364.994476,114.349930
1777901258.828038,2.465000,365.314972,115.008476
1777901258.839165,2.451000,365.616455,115.672249
1777901258.850293,2.442000,366.016815,116.449577
1777901258.861421,2.455000,366.358551,117.033615
1777901258.872548,2.460000,366.709412,117.585472
1777901258.883675,2.451000,367.000000,118.398308
1777901258.894804,2.465000,367.304962,118.768791
1777901258.905931,2.437000,367.700134,119.319389
1777901258.917058,2.442000,368.013031,119.857971
1777901258.928186,2.460000,368.341949,120.443962
1777901258.939313,2.460000,368.565796,120.812866
1777901258.950440,2.455000,368.953003,121.410255
1777901258.961567,2.442000,369.319885,121.899849
1777901258.972696,2.455000,369.578949,122.403511
1777901258.983823,2.460000,369.923431,122.959457
1777901258.994950,2.465000,370.187592,123.336433
1777901259.006078,2.455000,370.448547,124.058372
1777901259.017205,2.460000,370.846283,124.637749
1777901259.028332,2.465000,371.316132,125.153366
1777901259.039461,2.479000,371.459473,125.707207
1777901259.050588,2.479000,371.750366,126.198807
1777901259.061715,2.488000,372.131805,126.881821
1777901259.072843,2.483000,372.299347,127.278320
1777901259.083970,2.465000,372.490295,127.893204
1777901259.095097,2.437000,372.822754,128.295929
1777901259.106225,2.460000,372.962616,128.874802
1777901259.117353,2.460000,373.192169,129.328232
1777901259.128480,2.474000,373.301361,129.659927
1777901259.139608,2.474000,373.524750,129.975250
1777901259.150735,2.455000,373.529999,130.240005
1777901259.161863,2.469000,373.653076,130.545914
1777901259.172991,2.488000,373.729279,130.737732
1777901259.184118,2.460000,373.708954,130.849411
1777901259.195245,2.451000,373.580139,130.937500
1777901259.206373,2.465000,373.524261,130.927185
1777901259.217500,2.451000,373.524261,130.927185
1777901259.228627,2.483000,373.410004,130.860001
1777901259.239756,2.469000,373.206268,130.646866
1777901259.250883,2.455000,372.894989,130.595001
1777901259.262010,2.442000,372.500000,130.321548
1777901259.273138,2.469000,372.284546,129.918701
1777901259.284265,2.474000,371.818634,129.571899
1777901259.295393,2.469000,371.388336,129.063110
1777901259.306521,2.437000,370.833344,128.655548
1777901259.317648,2.474000,370.265076,128.114288
1777901259.328775,2.451000,369.654083,127.569183
1777901259.339903,2.455000,369.064148,126.841942
1777901259.351030,2.465000,368.355652,126.228073
1777901259.362158,2.460000,367.577881,125.528038
1777901259.373286,2.465000,366.743469,124.803383
1777901259.384413,2.442000,366.022522,123.941444
1777901259.395540,2.469000,365.189178,123.009010
1777901259.406667,2.455000,364.386536,122.129890
1777901259.417795,2.474000,363.533325,121.033333
1777901259.428923,2.455000,362.673981,120.192986
1777901259.440050,2.451000,361.798248,119.074562
1777901259.451178,2.451000,360.887939,118.038795
1777901259.462305,2.455000,359.982452,117.048248
1777901259.473432,2.455000,359.047424,116.025864
1777901259.484560,2.419000,358.066681,114.847221
1777901259.495688,2.419000,357.028442,113.658539
1777901259.506815,2.424000,356.056458,112.403229
1777901259.517943,2.428000,355.219940,111.207649
1777901259.529070,2.428000,354.258362,109.733604
1777901259.540198,2.410000,353.479675,108.451218
1777901259.551326,2.424000,352.627899,107.089149
1777901259.562453,2.428000,351.867981,105.575165
1777901259.573580,2.397000,351.011627,104.116280
1777901259.584708,2.437000,350.114105,102.576920
1777901259.595835,2.397000,349.583984,101.145035
1777901259.606963,2.437000,348.933075,99.472443
1777901259.618091,2.393000,348.279724,97.856209
1777901259.629218,2.342000,347.836670,96.394913
1777901259.640345,2.380000,347.192993,94.770584
1777901259.651473,2.371000,346.814087,93.237717
1777901259.662601,2.406000,346.269897,91.597839
1777901259.673728,2.397000,345.939636,90.031548
1777901259.684856,2.337000,345.637390,88.373779
1777901259.695983,2.358000,345.253845,86.834030
1777901259.707110,2.358000,345.000000,85.422417
1777901259.718239,2.346000,344.758667,83.772247
1777901259.729366,2.384000,344.593445,82.387848
1777901259.740493,2.350000,344.522522,80.834831
1777901259.751621,2.354000,344.296478,79.523811
1777901259.762748,2.346000,344.065002,78.084999
1777901259.773875,2.367000,343.983582,76.839081
1777901259.785004,2.354000,343.784576,75.603775
1777901259.796131,2.337000,343.712738,74.282639
1777901259.807258,2.346000,343.712738,73.127495
1777901259.818386,2.350000,343.588837,71.910423
1777901259.829513,2.342000,343.539673,70.717171
1777901259.840640,2.317000,343.539673,69.717171
1777901259.851768,2.321000,343.477875,68.712387
1777901259.862896,2.293000,343.491241,67.657898
1777901259.874023,2.325000,343.391235,66.618645
1777901259.885150,2.313000,343.375366,65.776810
1777901259.896279,2.329000,343.438965,64.673523
1777901259.907406,2.346000,343.532806,63.947792
1777901259.918533,2.342000,343.488647,63.049244
1777901259.929661,2.342000,343.590240,62.186718
1777901259.940788,2.337000,343.712524,61.280048
1777901259.951915,2.337000,343.796722,60.446968
1777901259.963044,2.321000,344.000000,59.500000
1777901259.974171,2.342000,344.168518,58.753998
1777901259.985298,2.329000,344.350677,58.057003
1777901259.996426,2.342000,344.481628,57.237743
1777901260.007554,2.354000,344.638794,56.423031
1777901260.018681,2.313000,344.753571,55.532143
1777901260.029809,2.350000,345.068512,54.962833
1777901260.040936,2.317000,345.089050,54.119862
1777901260.052063,2.333000,345.489624,53.385838
1777901260.063191,2.354000,345.538177,52.675571
1777901260.074319,2.325000,345.848145,52.176544
1777901260.085446,2.325000,345.953613,51.448109
1777901260.096574,2.329000,346.275146,50.736969
1777901260.107701,2.329000,346.518372,50.208332
1777901260.118828,2.329000,346.831543,49.499397
1777901260.129956,2.337000,347.097687,49.032967
1777901260.141084,2.329000,347.552673,48.402725
1777901260.152211,2.342000,347.807983,47.692028
1777901260.163339,2.333000,348.055145,47.215687
1777901260.174466,2.337000,348.419159,46.593285
1777901260.185594,2.333000,348.695770,46.284847
1777901260.196722,2.354000,349.146423,45.560715
1777901260.207849,2.317000,349.403961,45.115242
1777901260.218976,2.337000,349.821747,44.492062
1777901260.230104,2.337000,350.047791,44.127453
1777901260.241231,2.329000,350.436096,43.526318
1777901260.252359,2.325000,350.859375,42.968750
1777901260.263487,2.325000,351.207214,42.464607
1777901260.274614,2.333000,351.546875,41.877605
1777901260.285741,2.329000,351.786621,41.405304
1777901260.296868,2.329000,352.165375,40.911537
1777901260.307997,2.346000,352.472656,40.328125
1777901260.319124,2.333000,352.746765,39.770027
1777901260.330251,2.333000,353.049255,39.237373
1777901260.341379,2.317000,353.378906,38.632812
1777901260.352506,2.325000,353.597839,37.989204
1777901260.363634,2.325000,354.080414,37.444878
1777901260.374762,2.337000,354.369934,36.883659
1777901260.385889,2.329000,354.661530,36.256115
1777901260.397016,2.321000,355.091370,35.682110
1777901260.408144,2.346000,355.316528,34.934109
1777901260.419271,2.342000,355.584625,34.396152
1777901260.430399,2.333000,355.947571,33.728493
1777901260.441527,2.346000,356.295563,32.976562
1777901260.452654,2.337000,356.572388,32.328022
1777901260.463781,2.358000,356.741150,31.564394
1777901260.474909,2.367000,357.192322,30.969231
1777901260.486037,2.354000,357.429260,30.359163
1777901260.497164,2.337000,357.806244,29.612514
1777901260.508292,2.333000,358.047089,29.125605
1777901260.519419,2.358000,358.473358,28.384138
1777901260.530546,2.329000,358.784027,27.751560
1777901260.541674,2.346000,359.038177,27.193384
1777901260.552802,2.346000,359.400513,26.678524
1777901260.563929,2.354000,359.548401,25.983871
1777901260.575057,2.321000,359.893188,25.371943
1777901260.586184,2.325000,360.349152,24.926218
1777901260.597311,2.342000,360.607910,24.353767
1777901260.608439,2.350000,360.744568,23.882504
1777901260.619567,2.346000,361.003784,23.405304
1777901260.630694,2.329000,361.346710,22.925034
1777901260.641822,2.337000,361.605072,22.443106
1777901260.652949,2.354000,361.844727,22.026773
1777901260.664076,2.337000,362.152344,21.628906
1777901260.675205,2.321000,362.433075,21.160105
1777901260.686332,2.325000,362.539673,20.896826
1777901260.697459,2.333000,362.843506,20.511450
1777901260.708587,2.321000,363.162689,20.109789
1777901260.719714,2.305000,363.365723,19.879892
1777901260.730841,2.317000,363.556427,19.455511
1777901260.741968,2.350000,363.716339,19.311111
1777901260.753097,2.346000,364.000000,19.000000
1777901260.764224,2.305000,364.246246,18.834013
1777901260.775351,2.333000,364.329285,18.634277
1777901260.786479,2.321000,364.467224,18.368853
1777901260.797606,2.321000,364.737427,18.180952
1777901260.808734,2.301000,364.929962,18.037815
1777901260.819862,2.305000,364.974579,17.953390
1777901260.830989,2.293000,365.038788,17.887932
1777901260.842116,2.325000,365.191284,17.673698
1777901260.853244,2.313000,365.306030,17.547413
1777901260.864372,2.301000,365.482758,17.397989
1777901260.875499,2.305000,365.487183,17.347578
1777901260.886627,2.317000,365.504333,17.353622
1777901260.897754,2.285000,365.508606,17.303162
1777901260.908881,2.321000,365.487183,17.347578
1777901260.920009,2.289000,365.504333,17.353622
1777901260.931136,2.293000,365.362823,17.466076
1777901260.942264,2.321000,365.212402,17.607752
1777901260.953392,2.301000,365.098053,17.748116
1777901260.964519,2.289000,364.973694,17.951754
1777901260.975646,2.313000,364.711914,18.134239
1777901260.986774,2.321000,364.404358,18.210144
1777901260.997902,2.301000,364.151917,18.439528
1777901261.009029,2.329000,363.877197,18.942982
1777901261.020157,2.321000,363.367371,19.181561
1777901261.031284,2.325000,363.057526,19.747787
1777901261.042411,2.337000,362.500000,20.184057
1777901261.053540,2.350000,362.038788,20.887932
1777901261.064667,2.384000,361.466675,21.268055
1777901261.075794,2.337000,361.000000,22.000000
1777901261.086922,2.337000,360.553284,22.668034
1777901261.098049,2.329000,360.004089,23.471312
1777901261.109176,2.358000,359.471069,24.318182
1777901261.120305,2.354000,358.849243,25.135546
1777901261.131432,2.333000,358.421783,26.165987
1777901261.142559,2.325000,357.757812,27.201361
1777901261.153687,2.342000,357.326630,28.386881
1777901261.164814,2.380000,356.654510,29.462889
1777901261.175941,2.337000,356.351929,30.691898
1777901261.187069,2.325000,355.586609,31.921259
1777901261.198197,2.342000,355.307800,33.215836
1777901261.209324,2.325000,354.738647,34.549244
1777901261.220451,2.333000,354.376251,36.025253
1777901261.231579,2.337000,353.868622,37.492702
1777901261.242707,2.325000,353.416656,38.789143
1777901261.253834,2.333000,353.048492,40.488808
1777901261.264962,2.337000,352.703827,42.029739
1777901261.276089,2.337000,352.271820,43.466175
1777901261.287216,2.333000,352.033569,45.151741
1777901261.298344,2.346000,351.823029,46.718788
1777901261.309472,2.337000,351.473358,48.384140
1777901261.320599,2.342000,351.301392,50.025543
1777901261.331727,2.337000,351.133575,51.772266
1777901261.342854,2.346000,351.076813,53.410160
1777901261.353981,2.350000,350.977264,55.089645
1777901261.365110,2.346000,350.756073,56.809708
1777901261.376237,2.342000,350.665314,58.511379
1777901261.387364,2.346000,350.633209,60.135208
1777901261.398492,2.346000,350.548401,61.793011
1777901261.409619,2.346000,350.576660,63.438820
1777901261.420747,2.354000,350.579834,65.046219
1777901261.431875,2.342000,350.666656,66.748268
1777901261.443002,2.371000,350.635956,68.248535
1777901261.454129,2.393000,350.778687,69.885201
1777901261.465257,2.380000,350.760468,71.373741
1777901261.476384,2.410000,350.956451,72.915649
1777901261.487511,2.419000,351.111115,74.548523
1777901261.498639,2.437000,351.225037,76.066101
1777901261.509766,2.451000,351.298462,77.652718
1777901261.520893,2.437000,351.420471,79.098206
1777901261.532021,2.451000,351.516541,80.676308
1777901261.543149,2.442000,351.670715,82.004051
1777901261.554275,2.419000,351.684357,83.772789
1777901261.565403,2.419000,351.991455,85.094017
1777901261.576531,2.442000,352.206421,86.669456
1777901261.587658,2.424000,352.361786,87.967476
1777901261.598786,2.474000,352.427490,89.353691
1777901261.609913,2.437000,352.681396,90.864792
1777901261.621040,2.451000,352.948212,92.212486
1777901261.632167,2.455000,353.059052,93.519684
1777901261.643295,2.442000,353.368011,94.914665
1777901261.654422,2.437000,353.519226,96.241028
1777901261.665549,2.465000,353.737732,97.399223
1777901261.676677,2.451000,353.900513,98.577522
1777901261.687804,2.442000,354.223969,99.925781
1777901261.698931,2.442000,354.446167,101.092308
1777901261.710060,2.428000,354.691895,102.187248
1777901261.721187,2.442000,355.073792,103.349144
1777901261.732314,2.437000,355.177948,104.435593
1777901261.743442,2.442000,355.421051,105.618080
1777901261.754569,2.428000,355.956360,106.480156
1777901261.765696,2.393000,356.118195,107.415672
1777901261.776824,2.437000,356.356171,108.512100
1777901261.787951,2.437000,356.778229,109.528229
1777901261.799078,2.428000,357.031036,110.414307
1777901261.810206,2.437000,357.272095,111.272110
1777901261.821333,2.419000,357.750000,112.032257
1777901261.832460,2.455000,358.174164,112.793198
1777901261.843588,2.442000,358.383484,113.593498
1777901261.854716,2.424000,358.813568,114.525421
1777901261.865843,2.437000,359.112915,115.096596
1777901261.876971,2.451000,359.546722,115.718269
1777901261.888098,2.437000,359.816681,116.500000
1777901261.899225,2.428000,360.255554,117.054169
1777901261.910353,2.451000,360.611359,117.641136
1777901261.921480,2.437000,360.970337,118.461861
1777901261.932607,2.437000,361.303162,118.914955
1777901261.943735,2.460000,361.611359,119.520569
1777901261.954862,2.442000,362.029663,120.016953
1777901261.965989,2.428000,362.393524,120.637299
1777901261.977118,2.451000,362.578949,121.403511
1777901261.988244,2.442000,362.964294,121.854164
1777901261.999372,2.469000,363.377197,122.385963
1777901262.010499,2.455000,363.665131,122.783867
1777901262.021627,2.437000,363.927216,123.385735
1777901262.032754,2.460000,364.266968,123.867287
1777901262.043882,2.479000,364.381592,124.241325
1777901262.055009,2.455000,364.589294,124.508926
1777901262.066136,2.451000,364.933624,125.057526
1777901262.077263,2.469000,365.322784,125.318253
1777901262.088391,2.455000,365.316589,125.697105
1777901262.099518,2.451000,365.398499,125.986366
1777901262.110645,2.451000,365.572449,126.326088
1777901262.121773,2.451000,365.646362,126.495651
1777901262.132900,2.442000,365.691528,126.526314
1777901262.144027,2.451000,365.673981,126.728073
1777901262.155155,2.479000,365.600281,126.827431
1777901262.166282,2.428000,365.605652,126.882439
1777901262.177410,2.451000,365.507446,126.846725
1777901262.188538,2.460000,365.330292,126.900002
1777901262.199665,2.465000,365.118408,126.738304
1777901262.210792,2.437000,364.791656,126.543106
1777901262.221920,2.479000,364.470581,126.223228
1777901262.233047,2.451000,364.169647,126.058037
1777901262.244174,2.465000,363.744263,125.676727
1777901262.255302,2.502000,363.457611,125.368423
1777901262.266429,2.474000,362.907898,124.973686
1777901262.277556,2.469000,362.377197,124.491226
1777901262.288684,2.451000,361.907898,123.973686
1777901262.299811,2.451000,361.127197,123.358185
1777901262.310938,2.451000,360.536163,122.773048
1777901262.322066,2.442000,359.862579,122.315643
1777901262.333194,2.465000,359.063507,121.460320
1777901262.344321,2.451000,358.289856,120.694336
1777901262.366576,2.428000,356.784088,119.102272
1777901262.377703,2.428000,356.122009,118.236481
1777901262.388831,2.460000,355.271240,117.373894
1777901262.399958,2.419000,354.318573,116.293976
1777901262.411085,2.465000,353.560608,115.212120
1777901262.422213,2.455000,352.690308,114.100746
1777901262.433340,2.479000,351.880493,113.054085
1777901262.444467,2.460000,351.015503,111.746773
1777901262.455595,2.437000,350.162750,110.578125
1777901262.466722,2.451000,349.352631,109.364220
1777901262.477849,2.451000,348.638458,108.015381
1777901262.488977,2.424000,347.839417,106.605934
1777901262.500104,2.419000,346.985260,105.326637
1777901262.511232,2.474000,346.140350,103.807014
1777901262.522359,2.363000,345.598602,102.516670
1777901262.533487,2.406000,344.870758,101.014969
1777901262.544614,2.393000,344.098206,99.579529
1777901262.555741,2.397000,343.385376,98.060478
1777901262.566869,2.419000,342.804962,96.662300
1777901262.577996,2.384000,342.244049,95.168152
1777901262.589123,2.380000,341.582214,93.695328
1777901262.600251,2.371000,340.991058,92.226189
1777901262.611378,2.380000,340.537292,90.665146
1777901262.622505,2.406000,339.934998,89.084999
1777901262.633634,2.406000,339.591339,87.711540
1777901262.644761,2.393000,339.000000,86.059998
1777901262.655887,2.375000,338.752014,84.703705
1777901262.667016,2.397000,338.495178,83.326920
1777901262.678143,2.325000,338.045441,81.919189
1777901262.689270,2.354000,337.797455,80.427429
1777901262.700398,2.329000,337.622833,79.129890
1777901262.711525,2.346000,337.448547,77.721970
1777901262.722652,2.346000,337.391510,76.481133
1777901262.733780,2.363000,337.233795,74.925751
1777901262.744907,2.329000,337.072235,73.898193
1777901262.756034,2.337000,336.925568,72.640312
1777901262.767162,2.337000,336.812408,71.336433
1777901262.778289,2.333000,336.756470,70.252663
1777901262.789416,2.333000,336.767273,69.124626
1777901262.800545,2.346000,336.943970,68.127876
1777901262.811671,2.325000,336.978271,66.969566
1777901262.822798,2.350000,337.115479,65.937004
1777901262.833926,2.337000,337.135620,64.951836
1777901262.845054,2.346000,337.223969,63.925781
1777901262.856181,2.350000,337.363647,62.992424
1777901262.867309,2.342000,337.488800,61.951492
1777901262.878436,2.333000,337.722626,61.067856
1777901262.889563,2.354000,337.709412,60.290600
1777901262.900691,2.346000,338.051086,59.356449
1777901262.911818,2.393000,338.349274,58.518383
1777901262.922945,2.346000,338.489197,57.635490
1777901262.934073,2.333000,338.713440,56.899281
1777901262.945200,2.337000,338.822144,56.233829
1777901262.956327,2.325000,339.217041,55.428059
1777901262.967454,2.350000,339.464294,54.777382
1777901262.978583,2.354000,339.595154,54.118790
1777901262.989709,2.354000,339.911102,53.396297
1777901263.000836,2.354000,340.155396,52.610912
1777901263.011965,2.342000,340.372192,51.941109
1777901263.023092,2.333000,340.600952,51.338112
1777901263.034219,2.329000,340.946045,50.575539
1777901263.045347,2.329000,341.135010,50.103943
1777901263.056474,2.329000,341.483765,49.358604
1777901263.067601,2.346000,341.659241,48.651798
1777901263.078729,2.337000,341.985504,48.187199
1777901263.089856,2.367000,342.046387,47.610500
1777901263.100983,2.363000,342.277985,46.872955
1777901263.112111,2.358000,342.443573,46.240372
1777901263.123238,2.354000,342.574799,45.614174
1777901263.134365,2.342000,342.829376,44.924603
1777901263.145494,2.337000,343.258362,44.354752
1777901263.156620,2.329000,343.374023,43.681103
1777901263.167747,2.346000,343.508698,42.933067
1777901263.178875,2.350000,343.701324,42.160000
1777901263.190002,2.346000,344.000000,41.598362
1777901263.201130,2.375000,344.326630,40.864792
1777901263.212258,2.358000,344.437500,40.120834
1777901263.223385,2.346000,344.578522,39.535812
1777901263.234512,2.337000,344.850128,38.742298
1777901263.245640,2.346000,345.292358,38.038136
1777901263.256767,2.337000,345.470093,37.462963
1777901263.267894,2.337000,345.590057,36.792908
1777901263.279022,2.342000,345.726501,36.047009
1777901263.290149,2.329000,346.244354,35.474575
1777901263.301276,2.333000,346.376923,34.781998
1777901263.312404,2.358000,346.589752,34.047009
1777901263.323531,2.350000,347.022308,33.433037
1777901263.334658,2.325000,347.238098,32.670868
1777901263.345786,2.337000,347.500000,32.000000
1777901263.356913,2.354000,347.683685,31.287943
1777901263.368041,2.329000,348.099426,30.742296
1777901263.379169,2.337000,348.310028,30.038408
1777901263.390296,2.305000,348.665253,29.510548
1777901263.401423,2.342000,348.797974,28.815296
1777901263.412549,2.329000,349.336121,28.130253
1777901263.423678,2.321000,349.487396,27.649860
1777901263.434805,2.321000,349.755829,27.068586
1777901263.445932,2.325000,350.009613,26.150892
1777901263.457060,2.317000,350.344208,25.801361
1777901263.468187,2.375000,350.600006,25.000000
1777901263.479314,2.285000,351.022308,24.522322
1777901263.490442,2.325000,351.355835,23.836849
1777901263.501569,2.325000,351.508545,23.196581
1777901263.512696,2.317000,351.862305,22.663769
1777901263.523824,2.329000,352.156219,22.013947
1777901263.534951,2.285000,352.437500,21.429167
1777901263.546078,2.333000,352.672394,20.846924
1777901263.557207,2.313000,352.983978,20.312954
1777901263.568333,2.313000,353.261505,20.008621
1777901263.579461,2.325000,353.568970,19.415230
1777901263.590589,2.301000,353.874298,19.038136
1777901263.601716,2.313000,354.150360,18.741844
1777901263.612843,2.305000,354.457642,18.272598
1777901263.623971,2.317000,354.802246,17.966103
1777901263.635098,2.293000,354.994263,17.818966
1777901263.646225,2.305000,355.376068,17.635328
1777901263.657353,2.273000,355.598297,17.458689
1777901263.668480,2.305000,355.866669,17.147518
1777901263.679607,2.333000,356.163849,17.127119
1777901263.690735,2.289000,356.378967,17.168741
1777901263.701862,2.261000,356.517426,17.136681
1777901263.712990,2.301000,356.639954,17.226442
1777901263.724118,2.293000,356.695709,17.230982
1777901263.735245,2.277000,356.774963,17.326302
1777901263.746372,2.305000,356.716461,17.573997
1777901263.757500,2.293000,356.613434,17.658264
1777901263.768627,2.277000,356.657074,17.877914
1777901263.779754,2.317000,356.548401,17.983871
1777901263.790882,2.301000,356.327881,18.234015
1777901263.802009,2.313000,356.127594,18.511719
1777901263.813136,2.277000,355.657074,18.762688
1777901263.824264,2.317000,355.432007,19.059999
1777901263.835391,2.289000,354.996124,19.457365
1777901263.846518,2.325000,354.519684,19.940945
1777901263.857645,2.317000,353.931824,20.371212
1777901263.868773,2.285000,353.452759,20.960630
1777901263.879900,2.321000,352.984863,21.454546
1777901263.891027,2.321000,352.435120,22.155216
1777901263.902155,2.313000,351.689484,22.778200
1777901263.913282,2.289000,351.033325,23.533333
1777901263.924410,2.333000,350.473358,24.384138
1777901263.935538,2.317000,350.083038,25.404152
1777901263.946665,2.342000,349.336975,26.375757
1777901263.957792,2.321000,348.833923,27.557533
1777901263.968920,2.342000,348.157654,28.553551
1777901263.980047,2.329000,347.809021,29.696323
1777901263.991174,2.289000,347.150421,31.092659
1777901264.002302,2.354000,346.879211,32.321720
1777901264.013429,2.354000,346.278381,33.510155
1777901264.024556,2.350000,345.986023,35.180653
1777901264.035684,2.321000,345.769592,36.616375
1777901264.046811,2.329000,345.336792,38.238426
1777901264.057938,2.305000,345.052460,39.601398
1777901264.069067,2.329000,344.934021,41.440971
1777901264.080193,2.342000,344.755859,43.220657
1777901264.091321,2.350000,344.513977,44.867134
1777901264.102448,2.367000,344.242645,46.627796
1777901264.113575,2.342000,344.170837,48.431301
1777901264.124703,2.342000,344.117645,50.182598
1777901264.135831,2.329000,344.144257,52.047272
1777901264.146958,2.350000,344.084900,53.896381
1777901264.158085,2.346000,344.108185,55.854088
1777901264.169213,2.354000,344.100006,57.744873
1777901264.180340,2.342000,344.222229,59.515034
1777901264.191467,2.354000,344.333344,61.538868
1777901264.202595,2.393000,344.357056,63.444004
1777901264.213722,2.346000,344.367859,65.403717
1777901264.224849,2.380000,344.515991,67.094666
1777901264.235977,2.354000,344.610229,69.085304
1777901264.247104,2.358000,344.939026,71.051491
1777901264.258231,2.346000,345.168701,72.940140
1777901264.269359,2.342000,345.392853,74.916664
1777901264.280486,2.367000,345.613129,76.836678
1777901264.291614,2.329000,345.957367,78.643410
1777901264.302741,2.367000,346.374847,80.408806
1777901264.313869,2.367000,346.796722,82.446968
1777901264.324996,2.363000,347.119415,84.246719
1777901264.336123,2.406000,347.488464,86.148720
1777901264.347251,2.371000,347.844788,87.639946
1777901264.358378,2.363000,348.280975,89.422729
1777901264.369505,2.397000,348.704407,91.206291
1777901264.380633,2.384000,349.138367,92.891823
1777901264.391760,2.380000,349.664093,94.527130
1777901264.402887,2.428000,350.188812,96.046875
1777901264.414015,2.424000,350.518524,97.587303
1777901264.425142,2.428000,351.179596,98.996124
1777901264.436269,2.455000,351.554657,100.580002
1777901264.447397,2.428000,352.140472,101.897827
1777901264.458524,2.367000,352.549805,103.146080
1777901264.469652,2.410000,353.118195,104.415672
1777901264.480780,2.437000,353.693665,105.770584
1777901264.491907,2.419000,354.224762,106.936142
1777901264.503034,2.406000,354.855469,108.097656
1777901264.514162,2.424000,355.353333,109.209335
1777901264.525289,2.380000,355.870087,110.275589
1777901264.536417,2.419000,356.460327,111.417992
1777901264.547545,2.410000,357.074371,112.589638
1777901264.558672,2.437000,357.609283,113.483604
1777901264.569799,2.410000,358.074982,114.645248
1777901264.580927,2.397000,358.616516,115.593498
1777901264.592054,2.428000,359.163330,116.653282
1777901264.603181,2.428000,359.685638,117.540649
1777901264.614310,2.437000,360.247528,118.500702
1777901264.625437,2.437000,360.638397,119.424110
1777901264.636564,2.451000,361.319519,120.305687
1777901264.647692,2.460000,361.644226,121.028847
1777901264.658819,2.428000,362.262573,121.976418
1777901264.669946,2.455000,362.595245,123.009521
1777901264.681075,2.455000,363.315186,123.666664
1777901264.692202,2.474000,363.599335,124.298851
1777901264.703329,2.455000,364.336517,125.122810
1777901264.714457,2.479000,364.613861,125.886139
1777901264.725584,2.451000,365.197052,126.444992
1777901264.736712,2.479000,365.533325,127.033333
1777901264.747839,2.451000,366.090149,127.571426
1777901264.758967,2.474000,366.456726,128.149033
1777901264.770094,2.451000,366.843140,128.625824
1777901264.781221,2.465000,367.156311,129.015945
1777901264.792349,2.479000,367.464996,129.449997
1777901264.803477,2.483000,367.927277,129.986359
1777901264.814604,2.460000,368.121490,130.344238
1777901264.825732,2.469000,368.596497,130.709061
1777901264.836859,2.469000,368.839294,131.031250
1777901264.847986,2.469000,369.059082,131.424240
1777901264.859114,2.469000,369.300598,131.726196
1777901264.870241,2.479000,369.756927,132.023285
1777901264.881369,2.460000,369.899994,132.330307
1777901264.892497,2.497000,370.066376,132.671188
1777901264.903624,2.474000,370.105194,132.850372
1777901264.914751,2.460000,370.364716,133.023911
1777901264.925879,2.479000,370.600006,133.472733
1777901264.937006,2.483000,370.800873,133.697647
1777901264.948133,2.493000,370.867249,133.991150
1777901264.959262,2.521000,371.000000,134.333328
1777901264.970389,2.493000,371.071442,134.628845
1777901264.981516,2.479000,371.113464,134.941849
1777901264.992644,2.469000,371.090271,135.054169
1777901265.003772,2.488000,371.305908,135.551437
1777901265.014899,2.479000,371.399994,135.781952
1777901265.026027,2.493000,371.361786,135.959351
1777901265.037154,2.483000,371.278229,136.204300
1777901265.048281,2.483000,371.354095,136.580917
1777901265.059409,2.488000,371.261810,136.855606
1777901265.070536,2.479000,371.199738,136.932526
1777901265.081664,2.483000,371.163330,137.294510
1777901265.092792,2.497000,370.987915,137.575272
1777901265.103919,2.493000,370.837341,137.718674
1777901265.115046,2.483000,370.862427,137.764557
1777901265.126174,2.493000,370.729584,137.933060
1777901265.137301,2.493000,370.527771,138.003967
1777901265.148429,2.488000,370.432526,138.035721
1777901265.159557,2.497000,370.253235,137.984497
1777901265.170684,2.474000,369.833344,137.874664
1777901265.181811,2.493000,369.699860,137.889771
1777901265.192938,2.497000,369.472229,137.916672
1777901265.204067,2.479000,368.988373,137.735138
1777901265.215194,2.497000,368.688904,137.338562
1777901265.226321,2.521000,368.391479,137.083984
1777901265.237449,2.483000,367.798187,136.819016
1777901265.248576,2.483000,367.386719,136.307297
1777901265.259703,2.483000,366.746765,136.083984
1777901265.270832,2.497000,366.223083,135.615387
1777901265.281959,2.488000,365.537872,135.172974
1777901265.293086,2.493000,364.966431,134.570892
1777901265.304214,2.465000,364.163544,133.992508
1777901265.315341,2.497000,363.354095,133.338211
1777901265.326468,2.469000,362.533081,132.569855
1777901265.337596,2.469000,361.647125,132.012207
1777901265.348724,2.442000,360.899994,131.216660
1777901265.359851,2.474000,359.992950,130.220657
1777901265.370979,2.465000,359.042267,129.305161
1777901265.382106,2.465000,358.042267,128.305161
1777901265.393233,2.455000,357.193665,127.280518
1777901265.404361,2.469000,356.304688,126.128296
1777901265.415489,2.460000,355.246277,124.891182
1777901265.426616,2.451000,354.300446,123.600906
1777901265.437744,2.451000,353.290802,122.424141
1777901265.448871,2.442000,352.295807,121.066223
1777901265.459999,2.424000,351.353394,119.726868
1777901265.471127,2.455000,350.145264,118.195946
1777901265.482254,2.460000,349.299225,116.832787
1777901265.493381,2.451000,348.264679,115.363235
1777901265.504509,2.442000,347.344421,113.771873
1777901265.515637,2.437000,346.334442,112.093330
1777901265.526764,2.442000,345.469177,110.618721
1777901265.537892,2.419000,344.516388,108.889267
1777901265.549019,2.410000,343.691071,107.218353
1777901265.560147,2.354000,342.956177,105.584778
1777901265.571275,2.406000,342.141113,103.757904
1777901265.582402,2.428000,341.333344,101.936218
1777901265.593529,2.384000,340.620453,100.069344
1777901265.604657,2.354000,339.937256,98.260765
1777901265.615785,2.342000,339.235596,96.570175
1777901265.626912,2.371000,338.827545,94.684685
1777901265.638039,2.342000,338.192505,92.731270
1777901265.649168,2.380000,337.744781,90.972656
1777901265.660295,2.406000,337.223541,89.087303
1777901265.671422,2.358000,336.940613,87.345482
1777901265.682550,2.358000,336.549011,85.504204
1777901265.693677,2.358000,336.348816,83.635727
1777901265.704804,2.410000,336.021179,81.906776
1777901265.715933,2.337000,335.828400,80.288330
1777901265.727060,2.346000,335.478271,78.447823
1777901265.738187,2.363000,335.486481,76.726730
1777901265.749316,2.342000,335.328735,75.213516
1777901265.760443,2.354000,335.286407,73.577667
1777901265.771570,2.321000,335.096405,72.029411
1777901265.782698,2.333000,335.132996,70.585861
1777901265.793825,2.329000,335.165802,69.176262
1777901265.804953,2.342000,335.139038,67.810722
1777901265.816081,2.342000,335.241608,66.215164
1777901265.827208,2.333000,335.424988,64.974998
1777901265.838335,2.317000,335.620026,63.830742
1777901265.849464,2.346000,335.756653,62.555000
1777901265.860591,2.342000,336.003479,61.212914
1777901265.871718,2.329000,336.126495,60.208546
1777901265.882846,2.321000,336.287872,59.161617
1777901265.893973,2.317000,336.563110,58.072815
1777901265.905101,2.321000,336.862183,57.285255
1777901265.916229,2.313000,337.066376,56.327301
1777901265.927356,2.333000,337.404968,55.482456
1777901265.938483,2.329000,337.627258,54.700001
1777901265.949612,2.329000,338.073914,53.926086
1777901265.960739,2.329000,338.406128,52.970886
1777901265.971866,2.346000,338.719299,52.224022
1777901265.982994,2.325000,339.110229,51.463478
1777901265.994122,2.325000,339.475983,50.824417
1777901266.005249,2.342000,339.833344,50.135418
1777901266.016377,2.346000,340.379883,49.408806
1777901266.027504,2.333000,340.638580,48.738186
1777901266.038632,2.329000,341.214905,48.245422
1777901266.049760,2.342000,341.452911,47.618359
1777901266.060887,2.329000,341.928558,47.112244
1777901266.072014,2.321000,342.239380,46.703579
1777901266.083142,2.333000,342.659821,46.229450
1777901266.094270,2.317000,343.000000,45.720360
1777901266.105397,2.325000,343.290253,45.251701
1777901266.116524,2.321000,343.734924,44.847553
1777901266.127653,2.342000,343.982391,44.404930
1777901266.138780,2.325000,344.320953,44.100372
1777901266.149907,2.313000,344.534363,43.618320
1777901266.161035,2.333000,344.937042,43.287655
1777901266.172162,2.317000,345.217041,43.003876
1777901266.183290,2.313000,345.500000,42.500000
1777901266.194418,2.301000,345.755890,42.242874
1777901266.205545,2.305000,346.000000,41.970589
1777901266.216672,2.333000,346.291656,41.625000
1777901266.227801,2.317000,346.515747,41.374016
1777901266.238928,2.313000,346.678070,40.970848
1777901266.250055,2.305000,346.950348,40.705673
1777901266.261183,2.321000,347.084503,40.457745
1777901266.272310,2.305000,347.190979,40.268089
1777901266.283438,2.313000,347.419708,39.855232
1777901266.294566,2.321000,347.645844,39.569855
1777901266.305693,2.321000,347.786133,39.395458
1777901266.316821,2.313000,347.929626,39.169136
1777901266.327949,2.337000,348.113647,38.887627
1777901266.339076,2.321000,348.255188,38.473747
1777901266.350203,2.337000,348.242432,38.346668
1777901266.361331,2.346000,348.552673,38.003719
1777901266.372459,2.317000,348.714661,37.636364
1777901266.383586,2.346000,348.710693,37.355976
1777901266.394714,2.329000,348.921631,37.121891
1777901266.405842,2.329000,348.934326,36.794300
1777901266.416969,2.313000,349.090363,36.492062
1777901266.428097,2.321000,349.220184,36.200493
1777901266.439224,2.325000,349.309509,35.736843
1777901266.450351,2.313000,349.461914,35.428215
1777901266.461479,2.317000,349.546143,35.121796
1777901266.472607,2.321000,349.523071,34.657692
1777901266.483734,2.329000,349.723694,34.309254
1777901266.494862,2.325000,349.846527,33.937107
1777901266.505989,2.337000,349.946960,33.553032
1777901266.517117,2.317000,349.894012,33.212006
1777901266.528244,2.321000,350.144928,32.831356
1777901266.539372,2.337000,350.162231,32.370090
1777901266.550499,2.337000,350.349152,31.926218
1777901266.561626,2.354000,350.354248,31.696732
1777901266.572754,2.337000,350.553833,31.206409
1777901266.583881,2.305000,350.500000,31.000000
1777901266.595009,2.354000,350.561523,30.488462
1777901266.606137,2.321000,350.633209,30.103079
1777901266.617264,2.337000,350.806732,29.869001
1777901266.628391,2.317000,350.893188,29.371943
1777901266.639519,2.317000,351.019531,29.027344
1777901266.650646,2.325000,351.139221,28.828648
1777901266.661774,2.305000,351.171875,28.351562
1777901266.672902,2.313000,351.326630,27.985275
1777901266.684029,2.321000,351.415009,27.776440
1777901266.695156,2.301000,351.488098,27.452381
1777901266.706285,2.289000,351.575409,27.051588
1777901266.717412,2.293000,351.462891,26.887989
1777901266.728539,2.293000,351.654510,26.462889
1777901266.739667,2.293000,351.681396,26.191433
1777901266.750794,2.305000,351.637085,25.983871
1777901266.761921,2.293000,351.657074,25.762688
1777901266.773049,2.289000,351.715240,25.491228
1777901266.784177,2.321000,351.903412,25.210884
1777901266.806432,2.301000,351.865814,24.851694
1777901266.817559,2.293000,351.717743,24.506384
1777901266.828686,2.305000,351.768494,24.245468
1777901266.839814,2.305000,351.850128,23.991596
1777901266.850942,2.289000,351.865814,23.944916
1777901266.862069,2.301000,351.676727,23.761494
1777901266.873197,2.273000,351.614044,23.596491
1777901266.884324,2.313000,351.582611,23.552174
1777901266.895451,2.293000,351.626099,23.465218
1777901266.906579,2.317000,351.544250,23.398230
1777901266.917707,2.301000,351.474152,23.277298
1777901266.928834,2.301000,351.421753,23.288406
1777901266.939962,2.305000,351.223236,23.174963
1777901266.951089,2.277000,351.081818,23.150000
1777901266.962217,2.301000,350.981323,23.000000
1777901266.973344,2.293000,350.847015,23.061192
1777901266.984472,2.293000,350.595245,22.906349
1777901266.995599,2.289000,350.423065,22.876602
1777901267.006726,2.305000,350.184998,22.816587
1777901267.017854,2.285000,350.170776,22.962233
1777901267.028981,2.277000,349.909821,22.942028
1777901267.040109,2.277000,349.816498,22.954546
1777901267.051237,2.325000,349.475006,23.045000
1777901267.062364,2.301000,349.353729,23.035715
1777901267.073491,2.305000,349.035339,23.242424
1777901267.084619,2.301000,348.959991,23.350000
1777901267.095747,2.289000,348.619537,23.520203
1777901267.106874,2.301000,348.291870,23.640133
1777901267.118002,2.289000,348.079987,23.911667
1777901267.129129,2.293000,347.921875,24.057291
1777901267.140256,2.321000,347.678345,24.514999
1777901267.151385,2.293000,347.254608,24.752094
1777901267.162512,2.301000,347.101898,25.143351
1777901267.173639,2.301000,346.871033,25.696817
1777901267.184767,2.313000,346.701385,26.046875
1777901267.195894,2.317000,346.333344,26.622450
1777901267.207021,2.289000,346.101898,27.143351
1777901267.218150,2.313000,345.856659,27.949913
1777901267.229277,2.301000,345.559998,28.514999
1777901267.240404,2.305000,345.130280,29.250423
1777901267.251532,2.329000,344.921875,30.057291
1777901267.262659,2.321000,344.560760,31.010416
1777901267.273786,2.329000,344.179626,32.086357
1777901267.284914,2.313000,343.860962,33.063652
1777901267.296042,2.325000,343.475006,34.044998
1777901267.307169,2.325000,343.064362,35.346535
1777901267.318297,2.342000,342.686188,36.469917
1777901267.329424,2.321000,342.203247,37.661789
1777901267.340552,2.321000,341.829224,39.037766
1777901267.351680,2.329000,341.454559,40.500000
1777901267.362807,2.325000,340.971954,41.898754
1777901267.373934,2.354000,340.468475,43.454956
1777901267.385062,2.346000,339.972473,45.191132
1777901267.396189,2.337000,339.486298,46.699856
1777901267.407317,2.329000,338.862305,48.543480
1777901267.418444,2.346000,338.479431,50.388653
1777901267.429572,2.342000,338.030182,52.452587
1777901267.440699,2.329000,337.581573,54.388653
1777901267.451826,2.329000,337.118958,56.441216
1777901267.462955,2.342000,336.584686,58.724461
1777901267.474082,2.367000,336.322357,60.894375
1777901267.485209,2.358000,335.861450,63.087791
1777901267.496337,2.342000,335.536591,65.624664
1777901267.507464,2.346000,335.352386,68.035378
1777901267.518592,2.342000,335.244080,70.581589
1777901267.529720,2.337000,334.920227,73.047012
1777901267.540847,2.342000,334.796844,75.589417
1777901267.551974,2.354000,334.927551,78.247826
1777901267.563102,2.346000,334.951752,80.982452
1777901267.574229,2.354000,334.920227,83.656693
1777901267.585356,2.354000,335.074554,86.201752
1777901267.596485,2.393000,335.232330,88.975471
1777901267.607612,2.375000,335.644836,91.879189
1777901267.618739,2.397000,336.078766,94.524612
1777901267.629867,2.410000,336.483948,97.315201
1777901267.640994,2.428000,336.953400,99.983047
1777901267.652122,2.424000,337.431213,102.899292
1777901267.663250,2.419000,338.086456,105.638771
1777901267.674377,2.406000,338.735596,108.444443
1777901267.685504,2.419000,339.356750,111.176308
1777901267.696632,2.406000,340.108307,113.855133
1777901267.707760,2.410000,340.779175,116.504166
1777901267.718887,2.397000,341.556030,119.265251
1777901267.730015,2.419000,342.482758,122.041664
1777901267.741142,2.424000,343.245392,124.687943
1777901267.752269,2.451000,343.899872,127.387695
1777901267.763397,2.437000,344.766968,129.933624
1777901267.774524,2.442000,345.622803,132.491226
1777901267.785652,2.442000,346.508942,135.392853
1777901267.796780,2.437000,347.424774,137.837753
1777901267.807907,2.406000,348.189240,140.451233
1777901267.819034,2.455000,349.008698,143.056519
1777901267.830162,2.442000,349.719604,145.530762
1777901267.841290,2.451000,350.589325,148.309418
1777901267.852417,2.437000,351.396393,150.798798
1777901267.863544,2.442000,352.100922,153.444962
1777901267.874672,2.469000,353.044128,155.751907
1777901267.885799,2.460000,353.645660,158.522522
1777901267.896926,2.460000,354.183411,161.074966
1777901267.908055,2.479000,355.018677,163.556076
1777901267.919182,2.483000,355.731995,166.159134
1777901267.930309,2.465000,356.323242,168.934341
1777901267.941437,2.483000,357.025513,171.231293
1777901267.952564,2.479000,357.830658,173.846695
1777901267.963692,2.488000,358.215179,176.194000
1777901267.974820,2.512000,358.985748,178.777191
1777901267.985947,2.517000,359.632965,181.079788
1777901267.997074,2.497000,360.174957,183.405151
1777901268.008202,2.561000,360.989014,185.879120
1777901268.019329,2.493000,361.329498,187.965515
1777901268.030457,2.526000,361.849915,190.335281
1777901268.041585,2.556000,362.391205,192.560883
1777901268.052712,2.571000,363.059296,194.940689
1777901268.063839,2.561000,363.675049,197.174011
1777901268.074967,2.581000,364.108917,199.180832
1777901268.086094,2.606000,364.609650,201.460526
1777901268.097222,2.606000,364.986664,203.617783
1777901268.108350,2.591000,365.653168,205.592346
1777901268.119477,2.596000,365.972961,207.554047
1777901268.130604,2.591000,366.559601,209.639908
1777901268.141732,2.591000,366.905762,211.611496
1777901268.152860,2.596000,367.274506,213.551468
1777901268.163987,2.617000,367.664246,215.471008
1777901268.175115,2.617000,368.010345,217.343674
1777901268.186242,2.633000,368.267639,219.214111
1777901268.197369,2.606000,368.886627,220.873016
1777901268.208498,2.638000,369.041656,222.555557
1777901268.219625,2.622000,369.176483,224.210785
1777901268.230752,2.638000,369.613647,225.823227
1777901268.241880,2.643000,369.806519,227.407928
1777901268.253007,2.648000,370.000000,229.000000
1777901268.264134,2.648000,370.270538,230.362320
1777901268.275263,2.643000,370.387177,231.805130
1777901268.286390,2.643000,370.828125,233.039062
1777901268.297517,2.659000,370.892303,234.228210
1777901268.308644,2.659000,370.955383,235.753281
1777901268.319772,2.659000,371.030304,236.946976
1777901268.330900,2.638000,371.192993,237.882202
1777901268.342027,2.654000,371.171875,238.960938
1777901268.353155,2.643000,371.346344,239.856766
1777901268.364282,2.633000,371.552002,240.874664
1777901268.375409,2.638000,371.789734,241.766663
1777901268.386538,2.675000,371.781097,242.641785
1777901268.397665,2.692000,371.786560,243.290161
1777901268.408792,2.670000,371.931824,243.969696
1777901268.419920,2.648000,371.789734,244.766663
1777901268.431047,2.638000,372.029846,245.236313
1777901268.442174,2.681000,372.030304,245.946976
1777901268.453302,2.659000,372.060608,246.292923
1777901268.464430,2.665000,372.030304,246.946976
1777901268.475557,2.654000,372.030304,247.171722
1777901268.486685,2.648000,372.291656,247.661453
1777901268.497812,2.654000,372.192993,247.882202
1777901268.508939,2.648000,372.237366,248.053024
1777901268.520067,2.638000,372.352936,248.485291
1777901268.531194,2.665000,372.369232,248.666672
1777901268.542321,2.643000,372.380249,248.861725
1777901268.553450,2.648000,372.537323,248.947754
1777901268.564577,2.648000,372.582703,249.071609
1777901268.575704,2.638000,372.582703,249.071609
1777901268.586832,2.643000,372.545013,249.121658
1777901268.597959,2.643000,372.609100,249.297363
1777901268.609087,2.659000,372.683685,249.316299
1777901268.620214,2.648000,372.683685,249.316299
1777901268.631341,2.665000,372.742310,249.399521
1777901268.642469,2.648000,372.683685,249.316299
1777901268.653597,2.648000,372.752991,249.340530
1777901268.664724,2.648000,372.752991,249.340530
1777901268.675851,2.648000,372.683685,249.316299
1777901268.686979,2.665000,372.683685,249.214111
1777901268.698107,2.659000,372.679016,249.150620
1777901268.709233,2.643000,372.588806,249.133820
1777901268.720361,2.627000,372.654510,249.055954
1777901268.731489,2.648000,372.654510,249.055954
1777901268.742616,2.659000,372.618011,249.019470
1777901268.753743,2.648000,372.454987,248.878342
1777901268.764871,2.643000,372.454987,248.878342
1777901268.775998,2.633000,372.308990,248.834549
1777901268.787126,2.633000,372.304565,248.774582
1777901268.798254,2.633000,372.278595,248.597015
1777901268.809381,2.643000,372.245087,248.419113
1777901268.820508,2.665000,371.995270,248.286057
1777901268.831636,2.648000,372.042847,248.190475
1777901268.842763,2.659000,372.014709,248.063721
1777901268.853890,2.633000,372.000000,248.000000
1777901268.865018,2.648000,371.763977,247.885651
1777901268.876146,2.648000,371.659760,247.574707
1777901268.887272,2.643000,371.573944,247.445923
1777901268.898401,2.643000,371.507843,247.425049
1777901268.909528,2.648000,371.398651,247.261261
1777901268.920655,2.638000,371.214600,247.203201
1777901268.931783,2.617000,371.105530,247.014389
1777901268.942910,2.638000,371.041656,246.777771
1777901268.954037,2.633000,370.862366,246.649460
1777901268.965166,2.643000,370.748901,246.593338
1777901268.976292,2.670000,370.573944,246.445923
1777901268.987420,2.612000,370.573944,246.445923
1777901268.998548,2.643000,370.528351,246.369614
1777901269.009675,2.622000,370.266663,246.324738
1777901269.020802,2.617000,370.069702,246.342041
1777901269.031930,2.638000,370.026306,246.234650
1777901269.043057,2.596000,369.956696,246.231598
1777901269.054185,2.638000,369.771484,246.140457
1777901269.065312,2.638000,369.582275,246.082275
1777901269.076440,2.627000,369.518738,246.056244
1777901269.087567,2.643000,369.500000,246.111115
1777901269.098695,2.612000,369.339478,246.333328
1777901269.109822,2.638000,369.275360,246.349899
1777901269.120949,2.643000,369.171844,246.293991
1777901269.132077,2.638000,368.838501,246.380951
1777901269.143205,2.617000,368.681152,246.482407
1777901269.154331,2.591000,368.647186,246.709549
1777901269.165460,2.638000,368.612091,246.814819
1777901269.176587,2.654000,368.584839,246.888229
1777901269.187714,2.648000,368.404327,247.240631
1777901269.198841,2.622000,368.305725,247.398422
1777901269.209969,2.638000,368.213562,247.469055
1777901269.221097,2.606000,368.084259,247.829590
1777901269.232224,2.561000,368.009644,248.067444
1777901269.243351,2.581000,367.970917,248.436050
1777901269.254479,2.627000,367.844452,248.709259
1777901269.265606,2.617000,367.697510,248.868973
1777901269.276734,2.617000,367.545441,249.102280
1777901269.287861,2.627000,367.631165,249.652863
1777901269.298988,2.617000,367.539337,249.859558
1777901269.310117,2.633000,367.545441,250.102280
1777901269.321244,2.659000,367.639679,250.764938
1777901269.332371,2.648000,367.500000,251.000000
1777901269.343499,2.606000,367.545441,251.102280
1777901269.354626,2.612000,367.631165,251.652863
1777901269.365753,2.596000,367.555542,252.000000
1777901269.376881,2.617000,367.540222,252.247131
1777901269.388008,2.627000,367.717804,252.714020
1777901269.399136,2.612000,367.619049,253.000000
1777901269.410264,2.633000,367.812500,253.234848
1777901269.421391,2.617000,367.888885,253.609253
1777901269.432518,2.612000,368.091064,253.897995
1777901269.443646,2.581000,368.033325,254.257401
1777901269.454773,2.576000,368.168549,254.565536
1777901269.465900,2.581000,368.315033,254.868134
1777901269.477029,2.612000,368.406372,255.073029
1777901269.488156,2.633000,368.406555,255.491333
1777901269.499283,2.633000,368.556824,255.806824
1777901269.510411,2.581000,368.675934,256.022217
1777901269.521538,2.665000,368.911102,256.290741
1777901269.532666,2.596000,369.044952,256.689148
1777901269.543794,2.643000,369.251801,256.880432
1777901269.554921,2.617000,369.434448,257.000000
1777901269.566048,2.612000,369.706451,257.397736
1777901269.577177,2.606000,369.816681,257.670380
1777901269.588304,2.591000,370.094147,257.894531
1777901269.599431,2.581000,370.152863,258.114166
1777901269.610559,2.591000,370.197662,258.500000
1777901269.621686,2.617000,370.416168,258.664703
1777901269.632814,2.654000,370.528076,258.949432
1777901269.643941,2.561000,370.801910,259.192383
1777901269.655069,2.606000,371.098846,259.436035
1777901269.666196,2.606000,371.305725,259.601593
1777901269.677324,2.627000,371.459290,259.924408
1777901269.688452,2.606000,371.670563,260.185181
1777901269.699579,2.576000,371.726532,260.349304
1777901269.710706,2.596000,372.111786,260.596802
1777901269.721834,2.571000,372.311096,260.832336
1777901269.732961,2.576000,372.500000,261.070587
1777901269.744089,2.622000,372.599182,261.382416
1777901269.755217,2.596000,372.691193,261.400818
1777901269.766344,2.648000,372.749481,261.276001
1777901269.777472,2.627000,372.798340,261.000000
1777901269.788599,2.654000,372.948273,260.722229
1777901269.799727,2.643000,373.005890,260.517639
1777901269.810854,2.591000,373.074707,260.277771
1777901269.821982,2.591000,373.176910,260.266296
1777901269.833109,2.659000,373.282379,260.346069
1777901269.844237,2.665000,373.370117,260.396118
1777901269.855365,2.591000,373.468353,260.430389
1777901269.866492,2.648000,373.563293,260.500000
1777901269.877619,2.617000,373.531250,260.549988
1777901269.888747,2.591000,373.531250,260.549988
1777901269.899875,2.531000,373.758545,260.745728
1777901269.911002,2.591000,373.818573,260.774261
1777901269.922130,2.659000,373.798340,260.518524
1777901269.933257,2.576000,373.864594,260.500000
1777901269.944385,2.612000,373.890259,260.393372
1777901269.955513,2.596000,373.969513,260.445129
1777901269.966640,2.612000,373.969513,260.445129
1777901269.977767,2.596000,373.969513,260.445129
1777901269.988895,2.596000,373.821808,260.398315
1777901270.000023,2.612000,373.821808,260.398315
1777901270.011150,2.581000,373.650116,260.449280
1777901270.022278,2.581000,373.691193,260.400818
1777901270.033405,2.617000,373.691193,260.400818
1777901270.044533,2.591000,373.658600,260.353546
1777901270.055661,2.606000,373.617584,260.400818
1777901270.066788,2.633000,373.617584,260.400818
1777901270.077915,2.643000,373.531250,260.549988
1777901270.089042,2.638000,373.500000,260.500000
1777901270.100170,2.633000,373.500000,260.500000
1777901270.111298,2.648000,373.500000,260.500000
1777901270.122425,2.648000,373.351746,260.531708
1777901270.133553,2.654000,373.135284,260.482361
1777901270.144681,2.665000,373.135284,260.482361
1777901270.155808,2.627000,373.069763,260.500000
1777901270.166936,2.627000,372.970917,260.563965
1777901270.178063,2.622000,372.908051,260.545990
1777901270.189190,2.638000,372.909088,260.600372
1777901270.200318,2.659000,372.755829,260.465118
1777901270.211446,2.659000,372.690186,260.470581
1777901270.222573,2.648000,372.546509,260.509705
1777901270.233701,2.617000,372.540222,260.567047
1777901270.244828,2.627000,372.310852,260.638580
1777901270.255955,2.659000,372.168549,260.655426
1777901270.267084,2.622000,372.093414,260.723450
1777901270.278211,2.638000,372.033325,260.709259
1777901270.289338,2.617000,372.066315,260.546234
1777901270.300466,2.617000,371.899139,260.593170
1777901270.311594,2.622000,371.834167,260.719116
1777901270.322721,2.622000,371.825806,260.666656
1777901270.333849,2.612000,371.768188,260.683594
1777901270.344976,2.596000,371.706879,260.686768
1777901270.356103,2.596000,371.706879,260.686768
1777901270.367232,2.612000,371.399048,260.653839
1777901270.378359,2.617000,371.281311,260.705688
1777901270.389486,2.612000,371.198364,260.642273
1777901270.400614,2.627000,371.186798,260.592590
1777901270.411741,2.638000,371.080505,260.640900
1777901270.422869,2.648000,371.027100,260.625214
1777901270.433997,2.638000,371.027100,260.625214
1777901270.445124,2.659000,370.954468,260.661774
1777901270.456251,2.638000,370.911774,260.558838
1777901270.467379,2.654000,370.729767,260.626221
1777901270.478506,2.638000,370.720337,260.666656
1777901270.489634,2.665000,370.548065,260.620178
1777901270.500762,2.617000,370.466339,260.586548
1777901270.511889,2.591000,370.378296,260.658905
1777901270.523016,2.622000,370.419037,260.561890
1777901270.534143,2.576000,370.320801,260.655701
1777901270.545271,2.617000,370.320801,260.561829
1777901270.556398,2.622000,370.237640,260.615631
1777901270.567525,2.617000,370.263824,260.567139
1777901270.578654,2.622000,370.320801,260.655701
1777901270.589781,2.612000,370.209717,260.552429
1777901270.600908,2.606000,370.263824,260.567139
1777901270.612036,2.633000,370.320801,260.561829
1777901270.623163,2.617000,370.237640,260.615631
1777901270.634290,2.627000,370.263824,260.567139
1777901270.645418,2.612000,370.263824,260.567139
1777901270.656545,2.617000,370.320801,260.561829
1777901270.667672,2.606000,370.295410,260.609802
1777901270.678801,2.612000,370.345734,260.607758
1777901270.689928,2.606000,370.353668,260.613464
1777901270.701055,2.612000,370.402466,260.611359
1777901270.712183,2.627000,370.402466,260.611359
1777901270.723310,2.633000,370.402466,260.611359
1777901270.734437,2.617000,370.467285,260.560760
1777901270.745565,2.633000,370.514160,260.584900
1777901270.756692,2.627000,370.579437,260.532715
1777901270.767819,2.659000,370.629822,260.576935
1777901270.778948,2.659000,370.685699,260.561890
1777901270.790075,2.670000,370.806335,260.561890
1777901270.801202,2.659000,370.806335,260.561890
1777901270.812330,2.675000,370.806335,260.561890
1777901270.823457,2.648000,370.883484,260.606781
1777901270.834584,2.681000,370.865387,260.557678
1777901270.845712,2.648000,370.979645,260.622833
1777901270.856839,2.627000,370.919037,260.571442
1777901270.867967,2.665000,370.979645,260.622833
1777901270.879095,2.643000,370.979645,260.622833
1777901270.890222,2.665000,370.979645,260.622833
1777901270.901349,2.627000,370.979645,260.622833
1777901270.912477,2.675000,370.979645,260.622833
1777901270.923604,2.638000,370.979645,260.622833
1777901270.934731,2.643000,370.998413,260.671417
1777901270.945859,2.654000,370.979645,260.622833
1777901270.956986,2.643000,371.027100,260.625214
1777901270.968113,2.638000,371.007904,260.576630
1777901270.979240,2.670000,370.955353,260.562988
1777901270.990369,2.638000,371.035980,260.528961
1777901271.001496,2.638000,370.947113,260.524048
1777901271.012623,2.638000,371.086823,260.505432
1777901271.023751,2.638000,371.028290,260.452820
1777901271.034878,2.617000,371.086823,260.505432
1777901271.046005,2.659000,371.007904,260.576630
1777901271.057133,2.633000,371.035980,260.528961
1777901271.068260,2.648000,371.028290,260.452820
1777901271.079388,2.612000,371.086823,260.505432
1777901271.090516,2.612000,371.086823,260.505432
1777901271.101643,2.627000,371.035980,260.528961
1777901271.112770,2.638000,371.028290,260.452820
1777901271.123898,2.627000,371.106415,260.552429
1777901271.135025,2.627000,371.086823,260.505432
1777901271.146152,2.617000,371.086823,260.505432
1777901271.157280,2.627000,371.086823,260.505432
1777901271.168407,2.606000,371.139282,260.481995
1777901271.179535,2.581000,371.086823,260.505432
1777901271.190663,2.606000,371.086823,260.505432
1777901271.201790,2.617000,371.139282,260.481995
1777901271.212917,2.617000,371.086823,260.505432
1777901271.224045,2.622000,371.086823,260.505432
1777901271.235172,2.638000,371.192719,260.496063
1777901271.246299,2.612000,371.159546,260.529236
1777901271.257427,2.617000,371.078979,260.600311
1777901271.268554,2.612000,371.027100,260.625214
1777901271.279682,2.638000,371.080505,260.640900
1777901271.290810,2.633000,371.027100,260.625214
1777901271.301937,2.622000,371.080505,260.640900
1777901271.313064,2.627000,371.027100,260.625214
1777901271.324192,2.638000,370.998413,260.671417
1777901271.335319,2.648000,370.998413,260.671417
1777901271.346446,2.638000,370.998413,260.671417
1777901271.357574,2.665000,370.998413,260.671417
1777901271.368701,2.659000,370.998413,260.671417
1777901271.379829,2.665000,370.998413,260.671417
1777901271.390957,2.638000,371.027100,260.625214
1777901271.402084,2.659000,370.998413,260.671417
1777901271.413211,2.638000,370.979645,260.622833
1777901271.424338,2.638000,371.027100,260.625214
1777901271.435466,2.659000,370.937500,260.620178
1777901271.446593,2.654000,371.027100,260.625214
1777901271.457721,2.659000,370.979645,260.622833
1777901271.468849,2.648000,370.998413,260.671417
1777901271.479976,2.648000,371.007904,260.576630
1777901271.491103,2.665000,370.979645,260.622833
1777901271.502231,2.627000,370.998413,260.671417
1777901271.513358,2.638000,370.998413,260.671417
1777901271.524486,2.665000,370.979645,260.622833
1777901271.535614,2.648000,370.937500,260.620178
1777901271.546741,2.648000,370.998413,260.671417
1777901271.557868,2.686000,370.998413,260.671417
1777901271.568996,2.648000,370.998413,260.671417
1777901271.580123,2.648000,370.998413,260.671417
1777901271.591251,2.681000,370.998413,260.671417
1777901271.602379,2.643000,370.998413,260.671417
1777901271.613506,2.627000,370.998413,260.671417
1777901271.624634,2.670000,370.998413,260.671417
1777901271.635762,2.643000,371.027100,260.625214
1777901271.646889,2.665000,370.998413,260.671417
1777901271.658016,2.659000,370.998413,260.671417
1777901271.669144,2.638000,370.998413,260.671417
1777901271.680271,2.643000,370.998413,260.671417
1777901271.691399,2.638000,370.998413,260.671417
1777901271.702527,2.665000,370.998413,260.671417
1777901271.713654,2.643000,370.998413,260.671417
1777901271.724781,2.643000,370.998413,260.671417
1777901271.735909,2.648000,370.998413,260.671417
1777901271.747037,2.648000,370.998413,260.671417
1777901271.758164,2.638000,370.998413,260.671417
1777901271.769292,2.638000,370.998413,260.671417
1777901271.780419,2.665000,370.998413,260.671417
1777901271.791546,2.643000,370.998413,260.671417
1777901271.802675,2.670000,371.026367,260.768982
1777901271.813802,2.648000,371.007812,260.818481
1777901271.824929,2.665000,371.026367,260.768982
1777901271.836057,2.659000,371.026611,260.716736
1777901271.847184,2.643000,370.998413,260.671417
1777901271.858311,2.648000,370.998413,260.671417
1777901271.869439,2.692000,370.998413,260.671417
1777901271.880567,2.681000,371.051025,260.687408
1777901271.891694,2.643000,370.998413,260.671417
1777901271.902821,2.648000,370.998413,260.671417
1777901271.913949,2.643000,371.026611,260.716736
1777901271.925077,2.638000,370.979279,260.720886
1777901271.936204,2.617000,370.998413,260.671417
1777901271.947332,2.638000,370.998444,260.724579
1777901271.958459,2.681000,370.979462,260.774078
1777901271.969586,2.638000,370.998444,260.724579
1777901271.980715,2.659000,371.026367,260.768982
1777901271.991842,2.648000,370.998413,260.671417
1777901272.002969,2.659000,370.998444,260.724579
1777901272.014097,2.638000,370.998413,260.671417
1777901272.025225,2.648000,371.026611,260.716736
1777901272.036352,2.648000,370.998413,260.671417
1777901272.047480,2.665000,370.998413,260.671417
1777901272.058607,2.665000,370.998444,260.724579
1777901272.069734,2.648000,370.998413,260.671417
1777901272.080863,2.643000,370.998413,260.671417
1777901272.091990,2.665000,370.998413,260.671417
1777901272.103117,2.692000,371.026611,260.716736
1777901272.114245,2.643000,370.998413,260.671417
1777901272.125372,2.665000,370.998413,260.671417
1777901272.136499,2.665000,370.998413,260.671417
1777901272.147628,2.648000,370.998413,260.671417
1777901272.158755,2.665000,370.998413,260.671417
1777901272.169882,2.648000,370.998413,260.671417
1777901272.181010,2.654000,370.998444,260.724579
1777901272.192137,2.659000,370.979279,260.720886
1777901272.203265,2.643000,370.998413,260.671417
1777901272.214393,2.648000,370.998413,260.671417
1777901272.225520,2.654000,370.998413,260.671417
1777901272.236647,2.622000,370.998413,260.671417
1777901272.247775,2.648000,370.979462,260.774078
1777901272.258903,2.659000,370.998413,260.671417
1777901272.270030,2.648000,370.979462,260.774078
1777901272.281158,2.638000,371.026367,260.768982
1777901272.292285,2.654000,371.031891,260.791077
1777901272.303413,2.665000,370.998444,260.871307
1777901272.314540,2.670000,371.007904,260.766205
1777901272.325668,2.638000,370.998444,260.724579
1777901272.336795,2.643000,370.998413,260.671417
1777901272.347922,2.665000,370.998413,260.671417
1777901272.359051,2.654000,370.998413,260.671417
1777901272.370178,2.654000,370.998413,260.671417
1777901272.381305,2.638000,370.998413,260.671417
1777901272.392433,2.659000,370.998444,260.724579
1777901272.403560,2.648000,370.998444,260.724579
1777901272.414687,2.638000,370.998413,260.671417
1777901272.425816,2.643000,371.007904,260.766205
1777901272.436943,2.633000,371.026367,260.768982
1777901272.448070,2.643000,370.998413,260.671417
1777901272.459198,2.648000,371.007812,260.818481
1777901272.470325,2.638000,371.026611,260.716736
1777901272.481452,2.622000,371.007904,260.766205
1777901272.492581,2.643000,370.979279,260.720886
1777901272.503708,2.643000,370.998444,260.724579
1777901272.514835,2.638000,371.007812,260.818481
1777901272.525963,2.665000,371.050568,260.740906
1777901272.537090,2.643000,371.026611,260.716736
1777901272.548217,2.633000,370.998413,260.671417
1777901272.559345,2.648000,370.998413,260.671417
1777901272.570472,2.633000,370.998413,260.671417
1777901272.581600,2.648000,370.979462,260.774078
1777901272.592728,2.612000,370.998444,260.724579
1777901272.603855,2.643000,371.007812,260.818481
1777901272.614982,2.643000,371.007812,260.818481
1777901272.626110,2.638000,371.026367,260.768982
1777901272.637237,2.638000,371.007812,260.818481
1777901272.648364,2.648000,370.998444,260.871307
1777901272.659492,2.638000,370.979279,260.720886
1777901272.670620,2.627000,371.007812,260.818481
1777901272.681747,2.692000,371.026611,260.716736
1777901272.692875,2.633000,370.979462,260.774078
1777901272.704002,2.665000,370.979279,260.720886
1777901272.715129,2.643000,371.007904,260.766205
1777901272.726257,2.648000,370.979279,260.720886
1777901272.737384,2.606000,370.998444,260.871307
1777901272.748512,2.648000,370.938690,260.929260
1777901272.759639,2.638000,371.026367,260.768982
1777901272.770766,2.638000,371.026367,260.768982
1777901272.781894,2.638000,371.040680,260.794983
1777901272.793021,2.648000,370.979462,260.774078
1777901272.804149,2.648000,371.007812,260.818481
1777901272.815276,2.648000,370.979279,260.720886
1777901272.826403,2.648000,370.918274,260.831726
1777901272.837532,2.654000,370.947632,260.876190
1777901272.848659,2.638000,371.007812,260.818481
1777901272.859786,2.638000,371.026367,260.768982
1777901272.870914,2.643000,371.007812,260.818481
1777901272.882041,2.617000,371.026611,260.716736
1777901272.893168,2.648000,371.026367,260.768982
1777901272.904296,2.654000,371.007904,260.766205
1777901272.915423,2.648000,370.979462,260.774078
1777901272.926551,2.643000,371.026367,260.768982
1777901272.937679,2.659000,370.998413,260.671417
1777901272.948806,2.659000,371.007812,260.818481
1777901272.959933,2.659000,370.998444,260.724579
1777901272.971061,2.659000,370.947632,260.876190
1777901272.982188,2.648000,370.979279,260.720886
