# which inertial sample is which camera frame, from the hardware trigger
# frame_period_s=0.011127829  (89.864786664 Hz, measured from this session's own trigger pulses -- the camera does not run at 90.000)
# trigger_pulses=4756  pulses_the_imu_missed=0
# t_bar_s is the exposure time in the BAR's clock, the same clock as esp_timestamp_us in imu/raw_imu.csv
# imu_sample is a row index into imu/raw_imu.csv; tagged=0 means the inertial stream missed that pulse and the time is interpolated
frame,video_row,t_bar_s,imu_sample,tagged
0,0,306.862441,4,1
1,1,306.873576,15,1
2,2,306.884711,26,1
3,3,306.895849,37,1
4,4,306.906985,48,1
5,5,306.918121,59,1
6,6,306.929257,70,1
7,7,306.940392,81,1
8,8,306.951529,92,1
9,9,306.962666,103,1
10,10,306.973801,114,1
11,11,306.984938,125,1
12,12,306.996074,136,1
13,13,307.007208,147,1
14,14,307.018346,158,1
15,15,307.029480,169,1
16,16,307.040618,180,1
17,17,307.051752,191,1
18,18,307.062891,202,1
19,19,307.074024,213,1
20,20,307.085161,224,1
21,21,307.096297,235,1
22,22,307.107435,246,1
23,23,307.118569,257,1
24,24,307.129707,268,1
25,25,307.140843,279,1
26,26,307.151977,290,1
27,27,307.163114,301,1
28,28,307.174251,312,1
29,29,307.185388,323,1
30,30,307.196524,334,1
31,31,307.207658,345,1
32,32,307.218794,356,1
33,33,307.229932,367,1
34,34,307.241067,378,1
35,35,307.252205,389,1
36,36,307.263341,400,1
37,37,307.274476,411,1
38,38,307.285612,422,1
39,39,307.296748,433,1
40,40,307.307885,444,1
41,41,307.319021,455,1
42,42,307.330155,466,1
43,43,307.341294,477,1
44,44,307.352429,488,1
45,45,307.363566,499,1
46,46,307.374700,510,1
47,47,307.385837,521,1
48,48,307.396975,532,1
49,49,307.408108,543,1
50,50,307.419244,554,1
51,51,307.430382,565,1
52,52,307.441518,576,1
53,53,307.452653,587,1
54,54,307.463790,598,1
55,55,307.474927,609,1
56,56,307.486062,620,1
57,57,307.497198,631,1
58,58,307.508333,642,1
59,59,307.519472,653,1
60,60,307.530606,664,1
61,61,307.541743,675,1
62,62,307.552880,686,1
63,63,307.564015,697,1
64,64,307.575150,708,1
65,65,307.586288,719,1
66,66,307.597422,730,1
67,67,307.608561,741,1
68,68,307.619695,752,1
69,69,307.630832,763,1
70,70,307.641967,774,1
71,71,307.653103,785,1
72,72,307.663228,795,1
73,73,307.674363,806,1
74,74,307.685499,817,1
75,75,307.696637,828,1
76,76,307.707772,839,1
77,77,307.718909,850,1
78,78,307.730044,861,1
79,79,307.741179,872,1
80,80,307.752317,883,1
81,81,307.763452,894,1
82,82,307.774588,905,1
83,83,307.785724,916,1
84,84,307.796862,927,1
85,85,307.807998,938,1
86,86,307.819132,949,1
87,87,307.830270,960,1
88,88,307.841406,971,1
89,89,307.852540,982,1
90,90,307.863679,993,1
91,91,307.874814,1004,1
92,92,307.885951,1015,1
93,93,307.897101,1026,1
94,94,307.908221,1037,1
95,95,307.919359,1048,1
96,96,307.930495,1059,1
97,97,307.941630,1070,1
98,98,307.952766,1081,1
99,99,307.963902,1092,1
100,100,307.975040,1103,1
101,101,307.986176,1114,1
102,102,307.997311,1125,1
103,103,308.008446,1136,1
104,104,308.019583,1147,1
105,105,308.030719,1158,1
106,106,308.041856,1169,1
107,107,308.052991,1180,1
108,108,308.064129,1191,1
109,109,308.075264,1202,1
110,110,308.086401,1213,1
111,111,308.097535,1224,1
112,112,308.108671,1235,1
113,113,308.119810,1246,1
114,114,308.130945,1257,1
115,115,308.142080,1268,1
116,116,308.153215,1279,1
117,117,308.164354,1290,1
118,118,308.175488,1301,1
119,119,308.186624,1312,1
120,120,308.197762,1323,1
121,121,308.208898,1334,1
122,122,308.220032,1345,1
123,123,308.231169,1356,1
124,124,308.242305,1367,1
125,125,308.253442,1378,1
126,126,308.264579,1389,1
127,127,308.275714,1400,1
128,128,308.286851,1411,1
129,129,308.297985,1422,1
130,130,308.309123,1433,1
131,131,308.320259,1444,1
132,132,308.331395,1455,1
133,133,308.342531,1466,1
134,134,308.353668,1477,1
135,135,308.364804,1488,1
136,136,308.375940,1499,1
137,137,308.387076,1510,1
138,138,308.398211,1521,1
139,139,308.409346,1532,1
140,140,308.420482,1543,1
141,141,308.431619,1554,1
142,142,308.442756,1565,1
143,143,308.453892,1576,1
144,144,308.465029,1587,1
145,145,308.476163,1598,1
146,146,308.487300,1609,1
147,147,308.498435,1620,1
148,148,308.509573,1631,1
149,149,308.520708,1642,1
150,150,308.531843,1653,1
151,151,308.542979,1664,1
152,152,308.554117,1675,1
153,153,308.565253,1686,1
154,154,308.576390,1697,1
155,155,308.587526,1708,1
156,156,308.598660,1719,1
157,157,308.609800,1730,1
158,158,308.620934,1741,1
159,159,308.632070,1752,1
160,160,308.643206,1763,1
161,161,308.654342,1774,1
162,162,308.665479,1785,1
163,163,308.676615,1796,1
164,164,308.687750,1807,1
165,165,308.698885,1818,1
166,166,308.710021,1829,1
167,167,308.721159,1840,1
168,168,308.732293,1851,1
169,169,308.743429,1862,1
170,170,308.754568,1873,1
171,171,308.765704,1884,1
172,172,308.776838,1895,1
173,173,308.787975,1906,1
174,174,308.799110,1917,1
175,175,308.810248,1928,1
176,176,308.821385,1939,1
177,177,308.832520,1950,1
178,178,308.843656,1961,1
179,179,308.854791,1972,1
180,180,308.865928,1983,1
181,181,308.877063,1994,1
182,182,308.888201,2005,1
183,183,308.899338,2016,1
184,184,308.910471,2027,1
185,185,308.921608,2038,1
186,186,308.932746,2049,1
187,187,308.943879,2060,1
188,188,308.955018,2071,1
189,189,308.966152,2082,1
190,190,308.977288,2093,1
191,191,308.988427,2104,1
192,192,308.999561,2115,1
193,193,309.010699,2126,1
194,194,309.020822,2136,1
195,195,309.031958,2147,1
196,196,309.043100,2158,1
197,197,309.054229,2169,1
198,198,309.065367,2180,1
199,199,309.076502,2191,1
200,200,309.087639,2202,1
201,201,309.098774,2213,1
202,202,309.109909,2224,1
203,203,309.121048,2235,1
204,204,309.132183,2246,1
205,205,309.143320,2257,1
206,206,309.154455,2268,1
207,207,309.165590,2279,1
208,208,309.176729,2290,1
209,209,309.187862,2301,1
210,210,309.198999,2312,1
211,211,309.210136,2323,1
212,212,309.221271,2334,1
213,213,309.232408,2345,1
214,214,309.243545,2356,1
215,215,309.254680,2367,1
216,216,309.265817,2378,1
217,217,309.276953,2389,1
218,218,309.288097,2400,1
219,219,309.299223,2411,1
220,220,309.310359,2422,1
221,221,309.321496,2433,1
222,222,309.332631,2444,1
223,223,309.343768,2455,1
224,224,309.354904,2466,1
225,225,309.366042,2477,1
226,226,309.377176,2488,1
227,227,309.388314,2499,1
228,228,309.399449,2510,1
229,229,309.410585,2521,1
230,230,309.421720,2532,1
231,231,309.432857,2543,1
232,232,309.443994,2554,1
233,233,309.455130,2565,1
234,234,309.466267,2576,1
235,235,309.477403,2587,1
236,236,309.488537,2598,1
237,237,309.499674,2609,1
238,238,309.510809,2620,1
239,239,309.521945,2631,1
240,240,309.533082,2642,1
241,241,309.544218,2653,1
242,242,309.555353,2664,1
243,243,309.566492,2675,1
244,244,309.577627,2686,1
245,245,309.588763,2697,1
246,246,309.599901,2708,1
247,247,309.611036,2719,1
248,248,309.622172,2730,1
249,249,309.633308,2741,1
250,250,309.644444,2752,1
251,251,309.655580,2763,1
252,252,309.666716,2774,1
253,253,309.677852,2785,1
254,254,309.688989,2796,1
255,255,309.700125,2807,1
256,256,309.711259,2818,1
257,257,309.722397,2829,1
258,258,309.733532,2840,1
259,259,309.744667,2851,1
260,260,309.755806,2862,1
261,261,309.766942,2873,1
262,262,309.778077,2884,1
263,263,309.789214,2895,1
264,264,309.800349,2906,1
265,265,309.811486,2917,1
266,266,309.822622,2928,1
267,267,309.833759,2939,1
268,268,309.844894,2950,1
269,269,309.856031,2961,1
270,270,309.867165,2972,1
271,271,309.878301,2983,1
272,272,309.889439,2994,1
273,273,309.900575,3005,1
274,274,309.911709,3016,1
275,275,309.922848,3027,1
276,276,309.933984,3038,1
277,277,309.945119,3049,1
278,278,309.956254,3060,1
279,279,309.967391,3071,1
280,280,309.978528,3082,1
281,281,309.989662,3093,1
282,282,310.000800,3104,1
283,283,310.011935,3115,1
284,284,310.023073,3126,1
285,285,310.034206,3137,1
286,286,310.045342,3148,1
287,287,310.056479,3159,1
288,288,310.067615,3170,1
289,289,310.078753,3181,1
290,290,310.089887,3192,1
291,291,310.101025,3203,1
292,292,310.112160,3214,1
293,293,310.123298,3225,1
294,294,310.134432,3236,1
295,295,310.145568,3247,1
296,296,310.156704,3258,1
297,297,310.167840,3269,1
298,298,310.178978,3280,1
299,299,310.190113,3291,1
300,300,310.201248,3302,1
301,301,310.212387,3313,1
302,302,310.223523,3324,1
303,303,310.234658,3335,1
304,304,310.245795,3346,1
305,305,310.256930,3357,1
306,306,310.268066,3368,1
307,307,310.279202,3379,1
308,308,310.290339,3390,1
309,309,310.301473,3401,1
310,310,310.312611,3412,1
311,311,310.323748,3423,1
312,312,310.334881,3434,1
313,313,310.346018,3445,1
314,314,310.357156,3456,1
315,315,310.367280,3466,1
316,316,310.378415,3477,1
317,317,310.389550,3488,1
318,318,310.400686,3499,1
319,319,310.411824,3510,1
320,320,310.422959,3521,1
321,321,310.434099,3532,1
322,322,310.445232,3543,1
323,323,310.456368,3554,1
324,324,310.467505,3565,1
325,325,310.478641,3576,1
326,326,310.489777,3587,1
327,327,310.500912,3598,1
328,328,310.512047,3609,1
329,329,310.523185,3620,1
330,330,310.534321,3631,1
331,331,310.545458,3642,1
332,332,310.556592,3653,1
333,333,310.567730,3664,1
334,334,310.578865,3675,1
335,335,310.590000,3686,1
336,336,310.601138,3697,1
337,337,310.612275,3708,1
338,338,310.623410,3719,1
339,339,310.634546,3730,1
340,340,310.645681,3741,1
341,341,310.656817,3752,1
342,342,310.667955,3763,1
343,343,310.679097,3774,1
344,344,310.690226,3785,1
345,345,310.701362,3796,1
346,346,310.712497,3807,1
347,347,310.723633,3817,1
348,348,310.734771,3828,1
349,349,310.745906,3839,1
350,350,310.757043,3850,1
351,351,310.768179,3861,1
352,352,310.779316,3872,1
353,353,310.790450,3883,1
354,354,310.801586,3894,1
355,355,310.812724,3905,1
356,356,310.823860,3916,1
357,357,310.834994,3927,1
358,358,310.846131,3938,1
359,359,310.857268,3949,1
360,360,310.868405,3960,1
361,361,310.879539,3971,1
362,362,310.890675,3982,1
363,363,310.901813,3993,1
364,364,310.912947,4004,1
365,365,310.924095,4015,1
366,366,310.935221,4026,1
367,367,310.946356,4037,1
368,368,310.957492,4048,1
369,369,310.968629,4059,1
370,370,310.979766,4070,1
371,371,310.990901,4081,1
372,372,311.002037,4092,1
373,373,311.013172,4103,1
374,374,311.024310,4114,1
375,375,311.035446,4125,1
376,376,311.046582,4136,1
377,377,311.057718,4147,1
378,378,311.068853,4158,1
379,379,311.079991,4169,1
380,380,311.091126,4180,1
381,381,311.102263,4191,1
382,382,311.113399,4202,1
383,383,311.124536,4213,1
384,384,311.135671,4224,1
385,385,311.146808,4235,1
386,386,311.157944,4246,1
387,387,311.169080,4257,1
388,388,311.180216,4268,1
389,389,311.191350,4279,1
390,390,311.202488,4290,1
391,391,311.213624,4301,1
392,392,311.224760,4312,1
393,393,311.235896,4323,1
394,394,311.247033,4334,1
395,395,311.258168,4345,1
396,396,311.269304,4356,1
397,397,311.280439,4367,1
398,398,311.291575,4378,1
399,399,311.302713,4389,1
400,400,311.313849,4400,1
401,401,311.324983,4411,1
402,402,311.336120,4422,1
403,403,311.347256,4433,1
404,404,311.358391,4444,1
405,405,311.369528,4455,1
406,406,311.380664,4466,1
407,407,311.391802,4477,1
408,408,311.402938,4488,1
409,409,311.414074,4499,1
410,410,311.425211,4510,1
411,411,311.436347,4521,1
412,412,311.447483,4532,1
413,413,311.458619,4543,1
414,414,311.469754,4554,1
415,415,311.480889,4565,1
416,416,311.492026,4576,1
417,417,311.503163,4587,1
418,418,311.514298,4598,1
419,419,311.525434,4609,1
420,420,311.536569,4620,1
421,421,311.547707,4631,1
422,422,311.558843,4642,1
423,423,311.569978,4653,1
424,424,311.581115,4664,1
425,425,311.592252,4675,1
426,426,311.603388,4686,1
427,427,311.614522,4697,1
428,428,311.625660,4708,1
429,429,311.636795,4719,1
430,430,311.647931,4730,1
431,431,311.659068,4741,1
432,432,311.670205,4752,1
433,433,311.681339,4763,1
434,434,311.692477,4774,1
435,435,311.703613,4785,1
436,436,311.713736,4795,1
437,437,311.724871,4806,1
438,438,311.736009,4817,1
439,439,311.747143,4828,1
440,440,311.758279,4839,1
441,441,311.769416,4850,1
442,442,311.780552,4861,1
443,443,311.791690,4872,1
444,444,311.802826,4883,1
445,445,311.813961,4894,1
446,446,311.825101,4905,1
447,447,311.836233,4916,1
448,448,311.847370,4927,1
449,449,311.858504,4938,1
450,450,311.869642,4949,1
451,451,311.880777,4960,1
452,452,311.891913,4971,1
453,453,311.903050,4982,1
454,454,311.914186,4993,1
455,455,311.925321,5004,1
456,456,311.936459,5015,1
457,457,311.947594,5026,1
458,458,311.958730,5037,1
459,459,311.969865,5048,1
460,460,311.981003,5059,1
461,461,311.992138,5070,1
462,462,312.003276,5081,1
463,463,312.014412,5092,1
464,464,312.025548,5103,1
465,465,312.036683,5114,1
466,466,312.047820,5125,1
467,467,312.058957,5136,1
468,468,312.070096,5147,1
469,469,312.081228,5158,1
470,470,312.092364,5169,1
471,471,312.103501,5180,1
472,472,312.114635,5191,1
473,473,312.125772,5202,1
474,474,312.136909,5213,1
475,475,312.148044,5224,1
476,476,312.159181,5235,1
477,477,312.170318,5246,1
478,478,312.181452,5257,1
479,479,312.192588,5268,1
480,480,312.203724,5279,1
481,481,312.214860,5290,1
482,482,312.225998,5301,1
483,483,312.237132,5312,1
484,484,312.248271,5323,1
485,485,312.259405,5334,1
486,486,312.270542,5345,1
487,487,312.281677,5356,1
488,488,312.292815,5367,1
489,489,312.303951,5378,1
490,490,312.315095,5389,1
491,491,312.326223,5400,1
492,492,312.337359,5411,1
493,493,312.348496,5422,1
494,494,312.359631,5433,1
495,495,312.370767,5444,1
496,496,312.381902,5455,1
497,497,312.393038,5466,1
498,498,312.404174,5477,1
499,499,312.415312,5488,1
500,500,312.426446,5499,1
501,501,312.437585,5510,1
502,502,312.448719,5521,1
503,503,312.459855,5532,1
504,504,312.470993,5543,1
505,505,312.482127,5554,1
506,506,312.493265,5565,1
507,507,312.504400,5576,1
508,508,312.515535,5587,1
509,509,312.526673,5598,1
510,510,312.537807,5609,1
511,511,312.548946,5620,1
512,512,312.560080,5631,1
513,513,312.571217,5642,1
514,514,312.582354,5653,1
515,515,312.593488,5664,1
516,516,312.604626,5675,1
517,517,312.615763,5686,1
518,518,312.626898,5697,1
519,519,312.638033,5708,1
520,520,312.649170,5719,1
521,521,312.660305,5730,1
522,522,312.671443,5741,1
523,523,312.682579,5752,1
524,524,312.693714,5763,1
525,525,312.704849,5774,1
526,526,312.715985,5785,1
527,527,312.727122,5796,1
528,528,312.738260,5807,1
529,529,312.749393,5818,1
530,530,312.760530,5829,1
531,531,312.771667,5840,1
532,532,312.782804,5851,1
533,533,312.793940,5862,1
534,534,312.805075,5873,1
535,535,312.816210,5884,1
536,536,312.827349,5895,1
537,537,312.838483,5906,1
538,538,312.849620,5917,1
539,539,312.860755,5928,1
540,540,312.871893,5939,1
541,541,312.883027,5950,1
542,542,312.894163,5961,1
543,543,312.905300,5972,1
544,544,312.916436,5983,1
545,545,312.927571,5994,1
546,546,312.938709,6005,1
547,547,312.949844,6016,1
548,548,312.960980,6027,1
549,549,312.972117,6038,1
550,550,312.983253,6049,1
551,551,312.994390,6060,1
552,552,313.005526,6071,1
553,553,313.016663,6082,1
554,554,313.027798,6093,1
555,555,313.038934,6104,1
556,556,313.050071,6115,1
557,557,313.061206,6126,1
558,558,313.071330,6136,1
559,559,313.082466,6147,1
560,560,313.093603,6158,1
561,561,313.104739,6169,1
562,562,313.115873,6180,1
563,563,313.127009,6191,1
564,564,313.138147,6202,1
565,565,313.149282,6213,1
566,566,313.160419,6224,1
567,567,313.171554,6235,1
568,568,313.182691,6246,1
569,569,313.193828,6257,1
570,570,313.204962,6268,1
571,571,313.216100,6279,1
572,572,313.227237,6290,1
573,573,313.238372,6301,1
574,574,313.249508,6312,1
575,575,313.260642,6323,1
576,576,313.271779,6334,1
577,577,313.282915,6345,1
578,578,313.294052,6356,1
579,579,313.305189,6367,1
580,580,313.316323,6378,1
581,581,313.327460,6389,1
582,582,313.338598,6400,1
583,583,313.349733,6411,1
584,584,313.360869,6422,1
585,585,313.372006,6433,1
586,586,313.383142,6444,1
587,587,313.394276,6455,1
588,588,313.405414,6466,1
589,589,313.416550,6477,1
590,590,313.427684,6488,1
591,591,313.438823,6499,1
592,592,313.449959,6510,1
593,593,313.461100,6521,1
594,594,313.472230,6532,1
595,595,313.483367,6543,1
596,596,313.494501,6554,1
597,597,313.505637,6565,1
598,598,313.516775,6576,1
599,599,313.527910,6587,1
600,600,313.539047,6598,1
601,601,313.550182,6609,1
602,602,313.561319,6620,1
603,603,313.572454,6631,1
604,604,313.583591,6642,1
605,605,313.594728,6653,1
606,606,313.605864,6664,1
607,607,313.616998,6675,1
608,608,313.628136,6686,1
609,609,313.639271,6697,1
610,610,313.650407,6708,1
611,611,313.661545,6719,1
612,612,313.672681,6730,1
613,613,313.683816,6741,1
614,614,313.694951,6752,1
615,615,313.706098,6763,1
616,616,313.717224,6774,1
617,617,313.728359,6785,1
618,618,313.739497,6796,1
619,619,313.750634,6807,1
620,620,313.761770,6818,1
621,621,313.772904,6829,1
622,622,313.784042,6840,1
623,623,313.795177,6851,1
624,624,313.806313,6862,1
625,625,313.817450,6873,1
626,626,313.828585,6884,1
627,627,313.839722,6895,1
628,628,313.850859,6906,1
629,629,313.861995,6917,1
630,630,313.873130,6928,1
631,631,313.884267,6939,1
632,632,313.895401,6950,1
633,633,313.906537,6961,1
634,634,313.917675,6972,1
635,635,313.928810,6983,1
636,636,313.939947,6994,1
637,637,313.951081,7005,1
638,638,313.962218,7016,1
639,639,313.973354,7027,1
640,640,313.984492,7038,1
641,641,313.995628,7049,1
642,642,314.006763,7060,1
643,643,314.017899,7071,1
644,644,314.029035,7082,1
645,645,314.040172,7093,1
646,646,314.051308,7104,1
647,647,314.062445,7115,1
648,648,314.073581,7126,1
649,649,314.084716,7137,1
650,650,314.095853,7148,1
651,651,314.106988,7159,1
652,652,314.118124,7170,1
653,653,314.129260,7181,1
654,654,314.140397,7192,1
655,655,314.151534,7203,1
656,656,314.162669,7214,1
657,657,314.173805,7225,1
658,658,314.184942,7236,1
659,659,314.196078,7247,1
660,660,314.207214,7258,1
661,661,314.218348,7269,1
662,662,314.229486,7280,1
663,663,314.240622,7291,1
664,664,314.251757,7302,1
665,665,314.262892,7313,1
666,666,314.274031,7324,1
667,667,314.285166,7335,1
668,668,314.296303,7346,1
669,669,314.307439,7357,1
670,670,314.318573,7368,1
671,671,314.329710,7379,1
672,672,314.340847,7390,1
673,673,314.351983,7401,1
674,674,314.363119,7412,1
675,675,314.374256,7423,1
676,676,314.385393,7434,1
677,677,314.396528,7445,1
678,678,314.407664,7456,1
679,679,314.417786,7466,1
680,680,314.428924,7477,1
681,681,314.440058,7488,1
682,682,314.451194,7499,1
683,683,314.462330,7510,1
684,684,314.473468,7521,1
685,685,314.484605,7532,1
686,686,314.495741,7543,1
687,687,314.506875,7554,1
688,688,314.518013,7565,1
689,689,314.529147,7576,1
690,690,314.540285,7587,1
691,691,314.551421,7598,1
692,692,314.562558,7609,1
693,693,314.573693,7620,1
694,694,314.584828,7631,1
695,695,314.595965,7642,1
696,696,314.607101,7653,1
697,697,314.618236,7664,1
698,698,314.629373,7675,1
699,699,314.640510,7686,1
700,700,314.651646,7697,1
701,701,314.662782,7708,1
702,702,314.673918,7719,1
703,703,314.685054,7730,1
704,704,314.696188,7741,1
705,705,314.707325,7752,1
706,706,314.718462,7763,1
707,707,314.729599,7774,1
708,708,314.740735,7785,1
709,709,314.751871,7796,1
710,710,314.763007,7807,1
711,711,314.774142,7818,1
712,712,314.785277,7829,1
713,713,314.796414,7840,1
714,714,314.807551,7851,1
715,715,314.818686,7862,1
716,716,314.829824,7873,1
717,717,314.840959,7884,1
718,718,314.852098,7895,1
719,719,314.863232,7906,1
720,720,314.874368,7917,1
721,721,314.885504,7928,1
722,722,314.896640,7939,1
723,723,314.907775,7950,1
724,724,314.918911,7961,1
725,725,314.930048,7972,1
726,726,314.941185,7983,1
727,727,314.952320,7994,1
728,728,314.963456,8005,1
729,729,314.974593,8016,1
730,730,314.985730,8027,1
731,731,314.996864,8038,1
732,732,315.008001,8049,1
733,733,315.019136,8060,1
734,734,315.030273,8071,1
735,735,315.041408,8082,1
736,736,315.052544,8093,1
737,737,315.063682,8104,1
738,738,315.074817,8115,1
739,739,315.085955,8126,1
740,740,315.097096,8137,1
741,741,315.108225,8148,1
742,742,315.119363,8159,1
743,743,315.130498,8170,1
744,744,315.141635,8181,1
745,745,315.152772,8192,1
746,746,315.163906,8203,1
747,747,315.175042,8214,1
748,748,315.186180,8225,1
749,749,315.197315,8236,1
750,750,315.208452,8247,1
751,751,315.219588,8258,1
752,752,315.230722,8269,1
753,753,315.241858,8280,1
754,754,315.252996,8291,1
755,755,315.264132,8302,1
756,756,315.275266,8313,1
757,757,315.286403,8324,1
758,758,315.297541,8335,1
759,759,315.308676,8346,1
760,760,315.319813,8357,1
761,761,315.330950,8368,1
762,762,315.342095,8379,1
763,763,315.353222,8390,1
764,764,315.364357,8401,1
765,765,315.375494,8412,1
766,766,315.386630,8423,1
767,767,315.397766,8434,1
768,768,315.408902,8445,1
769,769,315.420038,8456,1
770,770,315.431172,8467,1
771,771,315.442311,8478,1
772,772,315.453446,8489,1
773,773,315.464582,8500,1
774,774,315.475717,8511,1
775,775,315.486853,8522,1
776,776,315.497989,8533,1
777,777,315.509126,8544,1
778,778,315.520263,8555,1
779,779,315.531399,8566,1
780,780,315.542536,8577,1
781,781,315.553671,8588,1
782,782,315.564808,8599,1
783,783,315.575942,8610,1
784,784,315.587080,8621,1
785,785,315.598216,8632,1
786,786,315.609352,8643,1
787,787,315.620486,8654,1
788,788,315.631624,8665,1
789,789,315.642760,8676,1
790,790,315.653895,8687,1
791,791,315.665033,8698,1
792,792,315.676169,8709,1
793,793,315.687304,8720,1
794,794,315.698441,8731,1
795,795,315.709577,8742,1
796,796,315.720713,8752,1
797,797,315.731847,8763,1
798,798,315.742984,8774,1
799,799,315.754120,8785,1
800,800,315.765258,8796,1
801,801,315.775380,8806,1
802,802,315.786518,8817,1
803,803,315.797651,8828,1
804,804,315.808788,8839,1
805,805,315.819926,8850,1
806,806,315.831060,8861,1
807,807,315.842199,8872,1
808,808,315.853334,8883,1
809,809,315.864470,8894,1
810,810,315.875607,8905,1
811,811,315.886743,8916,1
812,812,315.897877,8927,1
813,813,315.909015,8938,1
814,814,315.920149,8949,1
815,815,315.931285,8960,1
816,816,315.942422,8971,1
817,817,315.953558,8982,1
818,818,315.964693,8993,1
819,819,315.975831,9004,1
820,820,315.986966,9015,1
821,821,315.998102,9026,1
822,822,316.009239,9037,1
823,823,316.020375,9048,1
824,824,316.031510,9059,1
825,825,316.042646,9070,1
826,826,316.053784,9081,1
827,827,316.064918,9092,1
828,828,316.076056,9103,1
829,829,316.087190,9114,1
830,830,316.098327,9125,1
831,831,316.109463,9136,1
832,832,316.120601,9147,1
833,833,316.131736,9158,1
834,834,316.142871,9169,1
835,835,316.154009,9180,1
836,836,316.165144,9191,1
837,837,316.176282,9202,1
838,838,316.187415,9213,1
839,839,316.198554,9224,1
840,840,316.209690,9235,1
841,841,316.220825,9246,1
842,842,316.231962,9257,1
843,843,316.243100,9268,1
844,844,316.254234,9279,1
845,845,316.265371,9290,1
846,846,316.276504,9301,1
847,847,316.287643,9312,1
848,848,316.298777,9323,1
849,849,316.309913,9334,1
850,850,316.321050,9345,1
851,851,316.332186,9356,1
852,852,316.343321,9367,1
853,853,316.354459,9378,1
854,854,316.365595,9389,1
855,855,316.376730,9400,1
856,856,316.387868,9411,1
857,857,316.399004,9422,1
858,858,316.410138,9433,1
859,859,316.421274,9444,1
860,860,316.432410,9455,1
861,861,316.443548,9466,1
862,862,316.454685,9477,1
863,863,316.465820,9488,1
864,864,316.476955,9499,1
865,865,316.488097,9510,1
866,866,316.499227,9521,1
867,867,316.510363,9532,1
868,868,316.521501,9543,1
869,869,316.532637,9554,1
870,870,316.543771,9565,1
871,871,316.554909,9576,1
872,872,316.566044,9587,1
873,873,316.577182,9598,1
874,874,316.588316,9609,1
875,875,316.599454,9620,1
876,876,316.610589,9631,1
877,877,316.621726,9642,1
878,878,316.632861,9653,1
879,879,316.643998,9664,1
880,880,316.655134,9675,1
881,881,316.666269,9686,1
882,882,316.677405,9697,1
883,883,316.688542,9708,1
884,884,316.699677,9719,1
885,885,316.710814,9730,1
886,886,316.721950,9741,1
887,887,316.733096,9752,1
888,888,316.744223,9763,1
889,889,316.755359,9774,1
890,890,316.766495,9785,1
891,891,316.777631,9796,1
892,892,316.788768,9807,1
893,893,316.799903,9818,1
894,894,316.811038,9829,1
895,895,316.822175,9840,1
896,896,316.833310,9851,1
897,897,316.844448,9862,1
898,898,316.855584,9873,1
899,899,316.866720,9884,1
900,900,316.877856,9895,1
901,901,316.888994,9906,1
902,902,316.900128,9917,1
903,903,316.911263,9928,1
904,904,316.922399,9939,1
905,905,316.933538,9950,1
906,906,316.944671,9961,1
907,907,316.955809,9972,1
908,908,316.966945,9983,1
909,909,316.978082,9994,1
910,910,316.989218,10005,1
911,911,317.000352,10016,1
912,912,317.011489,10027,1
913,913,317.022624,10038,1
914,914,317.033763,10049,1
915,915,317.044899,10060,1
916,916,317.056033,10071,1
917,917,317.067170,10082,1
918,918,317.078305,10093,1
919,919,317.089443,10104,1
920,920,317.100580,10115,1
921,921,317.111715,10126,1
922,922,317.121837,10136,1
923,923,317.132974,10147,1
924,924,317.144110,10158,1
925,925,317.155247,10169,1
926,926,317.166384,10180,1
927,927,317.177518,10191,1
928,928,317.188653,10202,1
929,929,317.199792,10213,1
930,930,317.210928,10224,1
931,931,317.222062,10235,1
932,932,317.233200,10246,1
933,933,317.244336,10257,1
934,934,317.255473,10268,1
935,935,317.266608,10279,1
936,936,317.277744,10290,1
937,937,317.288880,10301,1
938,938,317.300016,10312,1
939,939,317.311151,10323,1
940,940,317.322287,10334,1
941,941,317.333425,10345,1
942,942,317.344561,10356,1
943,943,317.355697,10367,1
944,944,317.366833,10378,1
945,945,317.377969,10389,1
946,946,317.389105,10400,1
947,947,317.400240,10411,1
948,948,317.411377,10422,1
949,949,317.422512,10433,1
950,950,317.433650,10444,1
951,951,317.444785,10455,1
952,952,317.455921,10466,1
953,953,317.467058,10477,1
954,954,317.478194,10488,1
955,955,317.489330,10499,1
956,956,317.500466,10510,1
957,957,317.511602,10521,1
958,958,317.522739,10532,1
959,959,317.533873,10543,1
960,960,317.545011,10554,1
961,961,317.556145,10565,1
962,962,317.567281,10576,1
963,963,317.578419,10587,1
964,964,317.589555,10598,1
965,965,317.600692,10609,1
966,966,317.611826,10620,1
967,967,317.622962,10631,1
968,968,317.634106,10642,1
969,969,317.645235,10653,1
970,970,317.656373,10664,1
971,971,317.667507,10675,1
972,972,317.678645,10686,1
973,973,317.689779,10697,1
974,974,317.700917,10708,1
975,975,317.712051,10719,1
976,976,317.723190,10730,1
977,977,317.734325,10741,1
978,978,317.745461,10752,1
979,979,317.756597,10763,1
980,980,317.767733,10774,1
981,981,317.778869,10785,1
982,982,317.790004,10796,1
983,983,317.801140,10807,1
984,984,317.812277,10818,1
985,985,317.823413,10829,1
986,986,317.834549,10840,1
987,987,317.845685,10851,1
988,988,317.856822,10862,1
989,989,317.867957,10873,1
990,990,317.879100,10884,1
991,991,317.890229,10895,1
992,992,317.901367,10906,1
993,993,317.912502,10917,1
994,994,317.923639,10928,1
995,995,317.934773,10939,1
996,996,317.945911,10950,1
997,997,317.957046,10961,1
998,998,317.968182,10972,1
999,999,317.979319,10983,1
1000,1000,317.990456,10994,1
1001,1001,318.001592,11005,1
1002,1002,318.012728,11016,1
1003,1003,318.023864,11027,1
1004,1004,318.035000,11038,1
1005,1005,318.046137,11049,1
1006,1006,318.057273,11060,1
1007,1007,318.068407,11071,1
1008,1008,318.079544,11082,1
1009,1009,318.090681,11093,1
1010,1010,318.101816,11104,1
1011,1011,318.112953,11115,1
1012,1012,318.124097,11126,1
1013,1013,318.135224,11137,1
1014,1014,318.146359,11148,1
1015,1015,318.157496,11159,1
1016,1016,318.168633,11170,1
1017,1017,318.179768,11181,1
1018,1018,318.190906,11192,1
1019,1019,318.202041,11203,1
1020,1020,318.213177,11214,1
1021,1021,318.224314,11225,1
1022,1022,318.235451,11236,1
1023,1023,318.246585,11247,1
1024,1024,318.257721,11258,1
1025,1025,318.268858,11269,1
1026,1026,318.279995,11280,1
1027,1027,318.291130,11291,1
1028,1028,318.302267,11302,1
1029,1029,318.313403,11313,1
1030,1030,318.324538,11324,1
1031,1031,318.335675,11335,1
1032,1032,318.346811,11346,1
1033,1033,318.357948,11357,1
1034,1034,318.369096,11368,1
1035,1035,318.380218,11379,1
1036,1036,318.391355,11390,1
1037,1037,318.402493,11401,1
1038,1038,318.413629,11412,1
1039,1039,318.424763,11423,1
1040,1040,318.435898,11434,1
1041,1041,318.447037,11445,1
1042,1042,318.458171,11456,1
1043,1043,318.468295,11466,1
1044,1044,318.479431,11477,1
1045,1045,318.490569,11488,1
1046,1046,318.501705,11499,1
1047,1047,318.512840,11510,1
1048,1048,318.523977,11521,1
1049,1049,318.535113,11532,1
1050,1050,318.546249,11543,1
1051,1051,318.557385,11554,1
1052,1052,318.568522,11565,1
1053,1053,318.579658,11576,1
1054,1054,318.590792,11587,1
1055,1055,318.601928,11598,1
1056,1056,318.613066,11609,1
1057,1057,318.624202,11620,1
1058,1058,318.635339,11631,1
1059,1059,318.646473,11642,1
1060,1060,318.657608,11653,1
1061,1061,318.668746,11664,1
1062,1062,318.679881,11675,1
1063,1063,318.691018,11686,1
1064,1064,318.702154,11697,1
1065,1065,318.713291,11708,1
1066,1066,318.724426,11719,1
1067,1067,318.735564,11730,1
1068,1068,318.746700,11741,1
1069,1069,318.757834,11752,1
1070,1070,318.768970,11763,1
1071,1071,318.780107,11774,1
1072,1072,318.791244,11785,1
1073,1073,318.802378,11796,1
1074,1074,318.813515,11807,1
1075,1075,318.824651,11818,1
1076,1076,318.835788,11829,1
1077,1077,318.846923,11840,1
1078,1078,318.858061,11851,1
1079,1079,318.869196,11862,1
1080,1080,318.880333,11873,1
1081,1081,318.891469,11884,1
1082,1082,318.902603,11895,1
1083,1083,318.913739,11906,1
1084,1084,318.924877,11917,1
1085,1085,318.936012,11928,1
1086,1086,318.947150,11939,1
1087,1087,318.958285,11950,1
1088,1088,318.969421,11961,1
1089,1089,318.980559,11972,1
1090,1090,318.991694,11983,1
1091,1091,319.002828,11994,1
1092,1092,319.013964,12005,1
1093,1093,319.025101,12016,1
1094,1094,319.036237,12027,1
1095,1095,319.047375,12038,1
1096,1096,319.058510,12049,1
1097,1097,319.069647,12060,1
1098,1098,319.080782,12071,1
1099,1099,319.091917,12082,1
1100,1100,319.103055,12093,1
1101,1101,319.114191,12104,1
1102,1102,319.125328,12115,1
1103,1103,319.136462,12126,1
1104,1104,319.147597,12137,1
1105,1105,319.158734,12148,1
1106,1106,319.169872,12159,1
1107,1107,319.181007,12170,1
1108,1108,319.192144,12181,1
1109,1109,319.203281,12192,1
1110,1110,319.214417,12203,1
1111,1111,319.225552,12214,1
1112,1112,319.236688,12225,1
1113,1113,319.247823,12236,1
1114,1114,319.258961,12247,1
1115,1115,319.270104,12258,1
1116,1116,319.281232,12269,1
1117,1117,319.292369,12280,1
1118,1118,319.303506,12291,1
1119,1119,319.314642,12302,1
1120,1120,319.325776,12313,1
1121,1121,319.336913,12324,1
1122,1122,319.348049,12335,1
1123,1123,319.359184,12346,1
1124,1124,319.370322,12357,1
1125,1125,319.381458,12368,1
1126,1126,319.392592,12379,1
1127,1127,319.403730,12390,1
1128,1128,319.414866,12401,1
1129,1129,319.426003,12412,1
1130,1130,319.437139,12423,1
1131,1131,319.448274,12434,1
1132,1132,319.459410,12445,1
1133,1133,319.470548,12456,1
1134,1134,319.481683,12467,1
1135,1135,319.492820,12478,1
1136,1136,319.503956,12489,1
1137,1137,319.515098,12500,1
1138,1138,319.526226,12511,1
1139,1139,319.537364,12522,1
1140,1140,319.548499,12533,1
1141,1141,319.559634,12544,1
1142,1142,319.570770,12555,1
1143,1143,319.581906,12566,1
1144,1144,319.593043,12577,1
1145,1145,319.604179,12588,1
1146,1146,319.615314,12599,1
1147,1147,319.626453,12610,1
1148,1148,319.637589,12621,1
1149,1149,319.648725,12632,1
1150,1150,319.659859,12643,1
1151,1151,319.670997,12654,1
1152,1152,319.682133,12665,1
1153,1153,319.693268,12676,1
1154,1154,319.704405,12687,1
1155,1155,319.715541,12698,1
1156,1156,319.726676,12709,1
1157,1157,319.737812,12720,1
1158,1158,319.748949,12731,1
1159,1159,319.760095,12742,1
1160,1160,319.771223,12753,1
1161,1161,319.782358,12764,1
1162,1162,319.793493,12775,1
1163,1163,319.804630,12786,1
1164,1164,319.815767,12797,1
1165,1165,319.825888,12807,1
1166,1166,319.837025,12818,1
1167,1167,319.848163,12829,1
1168,1168,319.859298,12840,1
1169,1169,319.870433,12851,1
1170,1170,319.881571,12862,1
1171,1171,319.892708,12873,1
1172,1172,319.903843,12884,1
1173,1173,319.914977,12895,1
1174,1174,319.926116,12906,1
1175,1175,319.937252,12917,1
1176,1176,319.948387,12928,1
1177,1177,319.959522,12939,1
1178,1178,319.970658,12950,1
1179,1179,319.981796,12961,1
1180,1180,319.992932,12972,1
1181,1181,320.004069,12983,1
1182,1182,320.015204,12994,1
1183,1183,320.026340,13005,1
1184,1184,320.037477,13016,1
1185,1185,320.048611,13027,1
1186,1186,320.059748,13038,1
1187,1187,320.070885,13049,1
1188,1188,320.082021,13060,1
1189,1189,320.093157,13071,1
1190,1190,320.104294,13082,1
1191,1191,320.115428,13093,1
1192,1192,320.126567,13104,1
1193,1193,320.137702,13115,1
1194,1194,320.148836,13126,1
1195,1195,320.159972,13137,1
1196,1196,320.171111,13148,1
1197,1197,320.182245,13159,1
1198,1198,320.193381,13170,1
1199,1199,320.204518,13181,1
1200,1200,320.215654,13192,1
1201,1201,320.226790,13203,1
1202,1202,320.237925,13214,1
1203,1203,320.249062,13225,1
1204,1204,320.260198,13236,1
1205,1205,320.271335,13247,1
1206,1206,320.282471,13258,1
1207,1207,320.293606,13269,1
1208,1208,320.304742,13280,1
1209,1209,320.315879,13291,1
1210,1210,320.327014,13302,1
1211,1211,320.338152,13313,1
1212,1212,320.349288,13324,1
1213,1213,320.360422,13335,1
1214,1214,320.371560,13346,1
1215,1215,320.382697,13357,1
1216,1216,320.393832,13368,1
1217,1217,320.404969,13379,1
1218,1218,320.416103,13390,1
1219,1219,320.427239,13401,1
1220,1220,320.438376,13412,1
1221,1221,320.449513,13423,1
1222,1222,320.460649,13434,1
1223,1223,320.471785,13445,1
1224,1224,320.482920,13456,1
1225,1225,320.494056,13467,1
1226,1226,320.505192,13478,1
1227,1227,320.516329,13489,1
1228,1228,320.527464,13500,1
1229,1229,320.538602,13511,1
1230,1230,320.549738,13522,1
1231,1231,320.560873,13533,1
1232,1232,320.572008,13544,1
1233,1233,320.583146,13555,1
1234,1234,320.594280,13566,1
1235,1235,320.605419,13577,1
1236,1236,320.616556,13588,1
1237,1237,320.627690,13599,1
1238,1238,320.638826,13610,1
1239,1239,320.649961,13621,1
1240,1240,320.661100,13632,1
1241,1241,320.672235,13643,1
1242,1242,320.683370,13654,1
1243,1243,320.694507,13665,1
1244,1244,320.705642,13676,1
1245,1245,320.717795,13687,1
1246,1246,320.727914,13697,1
1247,1247,320.739050,13708,1
1248,1248,320.750186,13719,1
1249,1249,320.761323,13730,1
1250,1250,320.772461,13741,1
1251,1251,320.783595,13752,1
1252,1252,320.794732,13763,1
1253,1253,320.805867,13774,1
1254,1254,320.817005,13785,1
1255,1255,320.828141,13796,1
1256,1256,320.839277,13807,1
1257,1257,320.850411,13818,1
1258,1258,320.861550,13829,1
1259,1259,320.872686,13840,1
1260,1260,320.883822,13851,1
1261,1261,320.894957,13862,1
1262,1262,320.906098,13873,1
1263,1263,320.917230,13884,1
1264,1264,320.928366,13895,1
1265,1265,320.939501,13906,1
1266,1266,320.950636,13917,1
1267,1267,320.961774,13928,1
1268,1268,320.972911,13939,1
1269,1269,320.984047,13950,1
1270,1270,320.995183,13961,1
1271,1271,321.006318,13972,1
1272,1272,321.017453,13983,1
1273,1273,321.028589,13994,1
1274,1274,321.039727,14005,1
1275,1275,321.050863,14016,1
1276,1276,321.061998,14027,1
1277,1277,321.073134,14038,1
1278,1278,321.084272,14049,1
1279,1279,321.095408,14060,1
1280,1280,321.106544,14071,1
1281,1281,321.117679,14082,1
1282,1282,321.128817,14093,1
1283,1283,321.139952,14104,1
1284,1284,321.151097,14115,1
1285,1285,321.162224,14126,1
1286,1286,321.172348,14136,1
1287,1287,321.183483,14147,1
1288,1288,321.194619,14158,1
1289,1289,321.205755,14169,1
1290,1290,321.216893,14180,1
1291,1291,321.228027,14191,1
1292,1292,321.239165,14202,1
1293,1293,321.250299,14213,1
1294,1294,321.261436,14224,1
1295,1295,321.272572,14235,1
1296,1296,321.283709,14246,1
1297,1297,321.294844,14257,1
1298,1298,321.305980,14268,1
1299,1299,321.317116,14279,1
1300,1300,321.328254,14290,1
1301,1301,321.339388,14301,1
1302,1302,321.350526,14312,1
1303,1303,321.361662,14323,1
1304,1304,321.372798,14334,1
1305,1305,321.383933,14345,1
1306,1306,321.395069,14356,1
1307,1307,321.406207,14367,1
1308,1308,321.417344,14378,1
1309,1309,321.428478,14389,1
1310,1310,321.439614,14400,1
1311,1311,321.450751,14411,1
1312,1312,321.461886,14422,1
1313,1313,321.473022,14433,1
1314,1314,321.484158,14444,1
1315,1315,321.495296,14455,1
1316,1316,321.506432,14466,1
1317,1317,321.517568,14477,1
1318,1318,321.528704,14488,1
1319,1319,321.539841,14499,1
1320,1320,321.550976,14510,1
1321,1321,321.562113,14521,1
1322,1322,321.573247,14532,1
1323,1323,321.584383,14543,1
1324,1324,321.595521,14554,1
1325,1325,321.606655,14565,1
1326,1326,321.617794,14576,1
1327,1327,321.628930,14587,1
1328,1328,321.640066,14598,1
1329,1329,321.651201,14609,1
1330,1330,321.662337,14620,1
1331,1331,321.673473,14631,1
1332,1332,321.684610,14642,1
1333,1333,321.695744,14653,1
1334,1334,321.706882,14664,1
1335,1335,321.718016,14675,1
1336,1336,321.729154,14686,1
1337,1337,321.740290,14697,1
1338,1338,321.751425,14708,1
1339,1339,321.762561,14719,1
1340,1340,321.773698,14730,1
1341,1341,321.784833,14741,1
1342,1342,321.795970,14752,1
1343,1343,321.807107,14763,1
1344,1344,321.818243,14774,1
1345,1345,321.829379,14785,1
1346,1346,321.840514,14796,1
1347,1347,321.851651,14807,1
1348,1348,321.862786,14818,1
1349,1349,321.873922,14829,1
1350,1350,321.885059,14840,1
1351,1351,321.896196,14851,1
1352,1352,321.907332,14862,1
1353,1353,321.918467,14873,1
1354,1354,321.929602,14884,1
1355,1355,321.940741,14895,1
1356,1356,321.951876,14906,1
1357,1357,321.963011,14917,1
1358,1358,321.974147,14928,1
1359,1359,321.985284,14939,1
1360,1360,321.996420,14950,1
1361,1361,322.007558,14961,1
1362,1362,322.018691,14972,1
1363,1363,322.029830,14983,1
1364,1364,322.040964,14994,1
1365,1365,322.052101,15005,1
1366,1366,322.063238,15016,1
1367,1367,322.074372,15027,1
1368,1368,322.085510,15038,1
1369,1369,322.096646,15049,1
1370,1370,322.107782,15060,1
1371,1371,322.118916,15071,1
1372,1372,322.130053,15082,1
1373,1373,322.141190,15093,1
1374,1374,322.152325,15104,1
1375,1375,322.163462,15115,1
1376,1376,322.174599,15126,1
1377,1377,322.185735,15137,1
1378,1378,322.196870,15148,1
1379,1379,322.208008,15159,1
1380,1380,322.219143,15170,1
1381,1381,322.230278,15181,1
1382,1382,322.241414,15192,1
1383,1383,322.252553,15203,1
1384,1384,322.263688,15214,1
1385,1385,322.274824,15225,1
1386,1386,322.285961,15236,1
1387,1387,322.297098,15247,1
1388,1388,322.308233,15258,1
1389,1389,322.319368,15269,1
1390,1390,322.330505,15280,1
1391,1391,322.341641,15291,1
1392,1392,322.352777,15302,1
1393,1393,322.363911,15313,1
1394,1394,322.375049,15324,1
1395,1395,322.386184,15335,1
1396,1396,322.397322,15346,1
1397,1397,322.408458,15357,1
1398,1398,322.419592,15368,1
1399,1399,322.430729,15379,1
1400,1400,322.441866,15390,1
1401,1401,322.453002,15401,1
1402,1402,322.464136,15412,1
1403,1403,322.475274,15423,1
1404,1404,322.486410,15434,1
1405,1405,322.497545,15445,1
1406,1406,322.508683,15456,1
1407,1407,322.518806,15466,1
1408,1408,322.529941,15477,1
1409,1409,322.541077,15488,1
1410,1410,322.552213,15499,1
1411,1411,322.563351,15510,1
1412,1412,322.574486,15521,1
1413,1413,322.585622,15532,1
1414,1414,322.596759,15543,1
1415,1415,322.607894,15554,1
1416,1416,322.619029,15565,1
1417,1417,322.630167,15576,1
1418,1418,322.641304,15587,1
1419,1419,322.652440,15598,1
1420,1420,322.663576,15609,1
1421,1421,322.674713,15620,1
1422,1422,322.685848,15631,1
1423,1423,322.696983,15642,1
1424,1424,322.708120,15653,1
1425,1425,322.719255,15664,1
1426,1426,322.730391,15675,1
1427,1427,322.741528,15686,1
1428,1428,322.752664,15697,1
1429,1429,322.763802,15708,1
1430,1430,322.774937,15719,1
1431,1431,322.786073,15730,1
1432,1432,322.797209,15741,1
1433,1433,322.808344,15752,1
1434,1434,322.819481,15763,1
1435,1435,322.830617,15774,1
1436,1436,322.841752,15785,1
1437,1437,322.852889,15796,1
1438,1438,322.864025,15807,1
1439,1439,322.875162,15818,1
1440,1440,322.886299,15829,1
1441,1441,322.897433,15840,1
1442,1442,322.908569,15851,1
1443,1443,322.919705,15862,1
1444,1444,322.930842,15873,1
1445,1445,322.941977,15884,1
1446,1446,322.953115,15895,1
1447,1447,322.964252,15906,1
1448,1448,322.975387,15917,1
1449,1449,322.986522,15928,1
1450,1450,322.997658,15939,1
1451,1451,323.008795,15950,1
1452,1452,323.019931,15961,1
1453,1453,323.031066,15972,1
1454,1454,323.042202,15983,1
1455,1455,323.053341,15994,1
1456,1456,323.064475,16005,1
1457,1457,323.075611,16016,1
1458,1458,323.086748,16027,1
1459,1459,323.097885,16038,1
1460,1460,323.109019,16049,1
1461,1461,323.120156,16060,1
1462,1462,323.131293,16071,1
1463,1463,323.142429,16082,1
1464,1464,323.153566,16093,1
1465,1465,323.164702,16104,1
1466,1466,323.175838,16115,1
1467,1467,323.186974,16126,1
1468,1468,323.198108,16137,1
1469,1469,323.209246,16148,1
1470,1470,323.220382,16159,1
1471,1471,323.231518,16170,1
1472,1472,323.242655,16181,1
1473,1473,323.253789,16192,1
1474,1474,323.264925,16203,1
1475,1475,323.276063,16214,1
1476,1476,323.287197,16225,1
1477,1477,323.298335,16236,1
1478,1478,323.309471,16247,1
1479,1479,323.320605,16258,1
1480,1480,323.331744,16269,1
1481,1481,323.342880,16280,1
1482,1482,323.354014,16291,1
1483,1483,323.365152,16302,1
1484,1484,323.376288,16313,1
1485,1485,323.387423,16324,1
1486,1486,323.398561,16335,1
1487,1487,323.409696,16346,1
1488,1488,323.420832,16357,1
1489,1489,323.431968,16368,1
1490,1490,323.443102,16379,1
1491,1491,323.454240,16390,1
1492,1492,323.465375,16401,1
1493,1493,323.476513,16412,1
1494,1494,323.487647,16423,1
1495,1495,323.498786,16434,1
1496,1496,323.509919,16445,1
1497,1497,323.521056,16456,1
1498,1498,323.532194,16467,1
1499,1499,323.543329,16478,1
1500,1500,323.554466,16489,1
1501,1501,323.565602,16500,1
1502,1502,323.576736,16511,1
1503,1503,323.587874,16522,1
1504,1504,323.599010,16533,1
1505,1505,323.610147,16544,1
1506,1506,323.621282,16555,1
1507,1507,323.632418,16566,1
1508,1508,323.643554,16577,1
1509,1509,323.654690,16588,1
1510,1510,323.665828,16599,1
1511,1511,323.676963,16610,1
1512,1512,323.688101,16621,1
1513,1513,323.699236,16632,1
1514,1514,323.710369,16643,1
1515,1515,323.721507,16654,1
1516,1516,323.732644,16665,1
1517,1517,323.743778,16676,1
1518,1518,323.754914,16687,1
1519,1519,323.766053,16698,1
1520,1520,323.777187,16709,1
1521,1521,323.788324,16720,1
1522,1522,323.799459,16731,1
1523,1523,323.810597,16742,1
1524,1524,323.821733,16753,1
1525,1525,323.832867,16764,1
1526,1526,323.844004,16775,1
1527,1527,323.855139,16786,1
1528,1528,323.865264,16796,1
1529,1529,323.876399,16807,1
1530,1530,323.887537,16818,1
1531,1531,323.898672,16829,1
1532,1532,323.909809,16840,1
1533,1533,323.920944,16851,1
1534,1534,323.932081,16862,1
1535,1535,323.943216,16873,1
1536,1536,323.954354,16884,1
1537,1537,323.965488,16895,1
1538,1538,323.976626,16906,1
1539,1539,323.987762,16917,1
1540,1540,323.998898,16928,1
1541,1541,324.010034,16939,1
1542,1542,324.021169,16950,1
1543,1543,324.032307,16961,1
1544,1544,324.043443,16972,1
1545,1545,324.054579,16983,1
1546,1546,324.065714,16994,1
1547,1547,324.076851,17005,1
1548,1548,324.087986,17016,1
1549,1549,324.099124,17027,1
1550,1550,324.110259,17038,1
1551,1551,324.121395,17049,1
1552,1552,324.132531,17060,1
1553,1553,324.143668,17071,1
1554,1554,324.154804,17082,1
1555,1555,324.165939,17093,1
1556,1556,324.177075,17104,1
1557,1557,324.188212,17115,1
1558,1558,324.199347,17126,1
1559,1559,324.210485,17137,1
1560,1560,324.221620,17148,1
1561,1561,324.232757,17159,1
1562,1562,324.243891,17170,1
1563,1563,324.255030,17181,1
1564,1564,324.266165,17192,1
1565,1565,324.277302,17203,1
1566,1566,324.288437,17214,1
1567,1567,324.299573,17225,1
1568,1568,324.310710,17236,1
1569,1569,324.321846,17247,1
1570,1570,324.332983,17258,1
1571,1571,324.344116,17269,1
1572,1572,324.355252,17280,1
1573,1573,324.366390,17291,1
1574,1574,324.377524,17302,1
1575,1575,324.388663,17313,1
1576,1576,324.399799,17324,1
1577,1577,324.410934,17335,1
1578,1578,324.422070,17346,1
1579,1579,324.433207,17357,1
1580,1580,324.444343,17368,1
1581,1581,324.455480,17379,1
1582,1582,324.466613,17390,1
1583,1583,324.477751,17401,1
1584,1584,324.488887,17412,1
1585,1585,324.500023,17423,1
1586,1586,324.511160,17434,1
1587,1587,324.522296,17445,1
1588,1588,324.533430,17456,1
1589,1589,324.544568,17467,1
1590,1590,324.555704,17478,1
1591,1591,324.566840,17489,1
1592,1592,324.577975,17500,1
1593,1593,324.589111,17511,1
1594,1594,324.600248,17522,1
1595,1595,324.611383,17533,1
1596,1596,324.622520,17544,1
1597,1597,324.633658,17555,1
1598,1598,324.644794,17566,1
1599,1599,324.655928,17577,1
1600,1600,324.667064,17588,1
1601,1601,324.678200,17599,1
1602,1602,324.689336,17610,1
1603,1603,324.700472,17621,1
1604,1604,324.711608,17632,1
1605,1605,324.722744,17643,1
1606,1606,324.733883,17654,1
1607,1607,324.745016,17665,1
1608,1608,324.756154,17676,1
1609,1609,324.767289,17687,1
1610,1610,324.778427,17698,1
1611,1611,324.789564,17709,1
1612,1612,324.800697,17720,1
1613,1613,324.811835,17731,1
1614,1614,324.822970,17742,1
1615,1615,324.834108,17753,1
1616,1616,324.845244,17764,1
1617,1617,324.856380,17775,1
1618,1618,324.867516,17786,1
1619,1619,324.878652,17797,1
1620,1620,324.889788,17808,1
1621,1621,324.900925,17819,1
1622,1622,324.912060,17830,1
1623,1623,324.923197,17841,1
1624,1624,324.934331,17852,1
1625,1625,324.945469,17863,1
1626,1626,324.956603,17874,1
1627,1627,324.967740,17885,1
1628,1628,324.978878,17896,1
1629,1629,324.990014,17907,1
1630,1630,325.001150,17918,1
1631,1631,325.012285,17929,1
1632,1632,325.023421,17940,1
1633,1633,325.034559,17951,1
1634,1634,325.045694,17962,1
1635,1635,325.056830,17973,1
1636,1636,325.067964,17984,1
1637,1637,325.079100,17995,1
1638,1638,325.090238,18006,1
1639,1639,325.101375,18017,1
1640,1640,325.112511,18028,1
1641,1641,325.123646,18039,1
1642,1642,325.134781,18050,1
1643,1643,325.145918,18061,1
1644,1644,325.157055,18072,1
1645,1645,325.168190,18083,1
1646,1646,325.179328,18094,1
1647,1647,325.190464,18105,1
1648,1648,325.201599,18116,1
1649,1649,325.212736,18127,1
1650,1650,325.222860,18137,1
1651,1651,325.233994,18148,1
1652,1652,325.245130,18159,1
1653,1653,325.256268,18170,1
1654,1654,325.267403,18181,1
1655,1655,325.278538,18192,1
1656,1656,325.289675,18203,1
1657,1657,325.300812,18214,1
1658,1658,325.311948,18225,1
1659,1659,325.323096,18236,1
1660,1660,325.334219,18247,1
1661,1661,325.345357,18258,1
1662,1662,325.356492,18269,1
1663,1663,325.367629,18280,1
1664,1664,325.378766,18291,1
1665,1665,325.389900,18302,1
1666,1666,325.401036,18313,1
1667,1667,325.412172,18324,1
1668,1668,325.423309,18335,1
1669,1669,325.434444,18346,1
1670,1670,325.445580,18357,1
1671,1671,325.456718,18368,1
1672,1672,325.467854,18379,1
1673,1673,325.478989,18390,1
1674,1674,325.490127,18401,1
1675,1675,325.501262,18412,1
1676,1676,325.512397,18423,1
1677,1677,325.523534,18434,1
1678,1678,325.534671,18445,1
1679,1679,325.545806,18456,1
1680,1680,325.556943,18467,1
1681,1681,325.568079,18478,1
1682,1682,325.579215,18489,1
1683,1683,325.590349,18500,1
1684,1684,325.601486,18511,1
1685,1685,325.612624,18522,1
1686,1686,325.623760,18533,1
1687,1687,325.634894,18544,1
1688,1688,325.646032,18555,1
1689,1689,325.657167,18566,1
1690,1690,325.668304,18577,1
1691,1691,325.679441,18588,1
1692,1692,325.690575,18599,1
1693,1693,325.701714,18610,1
1694,1694,325.712847,18621,1
1695,1695,325.723983,18632,1
1696,1696,325.735121,18643,1
1697,1697,325.746257,18654,1
1698,1698,325.757394,18665,1
1699,1699,325.768527,18676,1
1700,1700,325.779664,18687,1
1701,1701,325.790800,18698,1
1702,1702,325.801938,18709,1
1703,1703,325.813074,18720,1
1704,1704,325.824208,18731,1
1705,1705,325.835345,18742,1
1706,1706,325.846482,18753,1
1707,1707,325.857619,18764,1
1708,1708,325.868753,18775,1
1709,1709,325.879892,18786,1
1710,1710,325.891025,18797,1
1711,1711,325.902164,18808,1
1712,1712,325.913298,18819,1
1713,1713,325.924433,18830,1
1714,1714,325.935572,18841,1
1715,1715,325.946707,18852,1
1716,1716,325.957843,18863,1
1717,1717,325.968980,18874,1
1718,1718,325.980114,18885,1
1719,1719,325.991250,18896,1
1720,1720,326.002388,18907,1
1721,1721,326.013522,18918,1
1722,1722,326.024660,18929,1
1723,1723,326.035796,18940,1
1724,1724,326.046931,18951,1
1725,1725,326.058068,18962,1
1726,1726,326.069205,18973,1
1727,1727,326.080340,18984,1
1728,1728,326.091476,18995,1
1729,1729,326.102612,19006,1
1730,1730,326.113750,19017,1
1731,1731,326.124886,19028,1
1732,1732,326.136022,19039,1
1733,1733,326.147156,19050,1
1734,1734,326.158294,19061,1
1735,1735,326.169430,19072,1
1736,1736,326.180567,19083,1
1737,1737,326.191703,19094,1
1738,1738,326.202838,19105,1
1739,1739,326.213975,19116,1
1740,1740,326.225109,19127,1
1741,1741,326.236246,19138,1
1742,1742,326.247381,19149,1
1743,1743,326.258519,19160,1
1744,1744,326.269655,19171,1
1745,1745,326.280791,19182,1
1746,1746,326.291928,19193,1
1747,1747,326.303063,19204,1
1748,1748,326.314198,19215,1
1749,1749,326.325335,19226,1
1750,1750,326.336470,19237,1
1751,1751,326.347608,19248,1
1752,1752,326.358743,19259,1
1753,1753,326.369879,19270,1
1754,1754,326.381015,19281,1
1755,1755,326.392151,19292,1
1756,1756,326.403287,19303,1
1757,1757,326.414425,19314,1
1758,1758,326.425560,19325,1
1759,1759,326.436698,19336,1
1760,1760,326.447833,19347,1
1761,1761,326.458968,19358,1
1762,1762,326.470106,19369,1
1763,1763,326.481242,19380,1
1764,1764,326.492376,19391,1
1765,1765,326.503514,19402,1
1766,1766,326.514649,19413,1
1767,1767,326.525786,19424,1
1768,1768,326.536920,19435,1
1769,1769,326.548058,19446,1
1770,1770,326.559194,19457,1
1771,1771,326.569318,19467,1
1772,1772,326.580454,19478,1
1773,1773,326.591590,19489,1
1774,1774,326.602727,19500,1
1775,1775,326.613862,19511,1
1776,1776,326.624998,19522,1
1777,1777,326.636133,19533,1
1778,1778,326.647272,19544,1
1779,1779,326.658406,19555,1
1780,1780,326.669544,19566,1
1781,1781,326.680680,19577,1
1782,1782,326.691814,19588,1
1783,1783,326.702950,19599,1
1784,1784,326.714100,19610,1
1785,1785,326.725222,19621,1
1786,1786,326.736361,19632,1
1787,1787,326.747496,19643,1
1788,1788,326.758631,19654,1
1789,1789,326.769767,19665,1
1790,1790,326.780903,19676,1
1791,1791,326.792039,19687,1
1792,1792,326.803176,19698,1
1793,1793,326.814312,19709,1
1794,1794,326.825450,19720,1
1795,1795,326.836585,19731,1
1796,1796,326.847721,19742,1
1797,1797,326.858857,19753,1
1798,1798,326.869992,19764,1
1799,1799,326.881128,19775,1
1800,1800,326.892266,19786,1
1801,1801,326.903400,19797,1
1802,1802,326.914538,19808,1
1803,1803,326.925674,19819,1
1804,1804,326.936810,19830,1
1805,1805,326.947945,19841,1
1806,1806,326.959094,19852,1
1807,1807,326.970218,19863,1
1808,1808,326.981353,19874,1
1809,1809,326.992489,19885,1
1810,1810,327.003627,19896,1
1811,1811,327.014764,19907,1
1812,1812,327.025899,19918,1
1813,1813,327.037036,19929,1
1814,1814,327.048172,19940,1
1815,1815,327.059308,19951,1
1816,1816,327.070443,19962,1
1817,1817,327.081580,19973,1
1818,1818,327.092716,19984,1
1819,1819,327.103852,19995,1
1820,1820,327.114989,20006,1
1821,1821,327.126123,20017,1
1822,1822,327.137259,20028,1
1823,1823,327.148396,20039,1
1824,1824,327.159534,20050,1
1825,1825,327.170669,20061,1
1826,1826,327.181803,20072,1
1827,1827,327.192942,20083,1
1828,1828,327.204076,20094,1
1829,1829,327.215212,20105,1
1830,1830,327.226349,20116,1
1831,1831,327.237486,20127,1
1832,1832,327.248622,20138,1
1833,1833,327.259756,20149,1
1834,1834,327.270893,20160,1
1835,1835,327.282030,20171,1
1836,1836,327.293166,20182,1
1837,1837,327.304301,20193,1
1838,1838,327.315439,20204,1
1839,1839,327.326574,20215,1
1840,1840,327.337710,20226,1
1841,1841,327.348845,20237,1
1842,1842,327.359983,20248,1
1843,1843,327.371118,20259,1
1844,1844,327.382256,20270,1
1845,1845,327.393391,20281,1
1846,1846,327.404526,20292,1
1847,1847,327.415662,20303,1
1848,1848,327.426798,20314,1
1849,1849,327.437936,20325,1
1850,1850,327.449073,20336,1
1851,1851,327.460209,20347,1
1852,1852,327.471343,20358,1
1853,1853,327.482481,20369,1
1854,1854,327.493617,20380,1
1855,1855,327.504752,20391,1
1856,1856,327.515888,20402,1
1857,1857,327.527026,20413,1
1858,1858,327.538162,20424,1
1859,1859,327.549297,20435,1
1860,1860,327.560432,20446,1
1861,1861,327.571569,20457,1
1862,1862,327.582705,20468,1
1863,1863,327.593841,20479,1
1864,1864,327.604978,20490,1
1865,1865,327.616114,20501,1
1866,1866,327.627249,20512,1
1867,1867,327.638385,20523,1
1868,1868,327.649522,20534,1
1869,1869,327.660657,20545,1
1870,1870,327.671794,20556,1
1871,1871,327.682929,20567,1
1872,1872,327.694067,20578,1
1873,1873,327.705203,20589,1
1874,1874,327.716339,20600,1
1875,1875,327.727475,20611,1
1876,1876,327.738611,20622,1
1877,1877,327.749748,20633,1
1878,1878,327.760883,20644,1
1879,1879,327.772019,20655,1
1880,1880,327.783156,20666,1
1881,1881,327.794292,20677,1
1882,1882,327.805429,20688,1
1883,1883,327.816563,20699,1
1884,1884,327.827701,20710,1
1885,1885,327.838837,20721,1
1886,1886,327.849973,20732,1
1887,1887,327.861110,20743,1
1888,1888,327.872243,20754,1
1889,1889,327.883381,20765,1
1890,1890,327.894517,20776,1
1891,1891,327.905653,20787,1
1892,1892,327.915776,20797,1
1893,1893,327.926912,20808,1
1894,1894,327.938050,20819,1
1895,1895,327.949184,20830,1
1896,1896,327.960320,20841,1
1897,1897,327.971456,20852,1
1898,1898,327.982592,20863,1
1899,1899,327.993730,20874,1
1900,1900,328.004865,20885,1
1901,1901,328.016000,20896,1
1902,1902,328.027137,20907,1
1903,1903,328.038274,20918,1
1904,1904,328.049411,20929,1
1905,1905,328.060547,20940,1
1906,1906,328.071681,20951,1
1907,1907,328.082817,20962,1
1908,1908,328.093955,20973,1
1909,1909,328.105096,20984,1
1910,1910,328.116227,20995,1
1911,1911,328.127362,21006,1
1912,1912,328.138500,21017,1
1913,1913,328.149636,21028,1
1914,1914,328.160771,21039,1
1915,1915,328.171908,21050,1
1916,1916,328.183044,21061,1
1917,1917,328.194180,21072,1
1918,1918,328.205315,21083,1
1919,1919,328.216453,21094,1
1920,1920,328.227589,21105,1
1921,1921,328.238725,21116,1
1922,1922,328.249862,21127,1
1923,1923,328.260998,21138,1
1924,1924,328.272132,21149,1
1925,1925,328.283269,21160,1
1926,1926,328.294405,21171,1
1927,1927,328.305541,21182,1
1928,1928,328.316677,21193,1
1929,1929,328.327815,21204,1
1930,1930,328.338951,21215,1
1931,1931,328.350099,21226,1
1932,1932,328.361223,21237,1
1933,1933,328.372359,21248,1
1934,1934,328.383494,21259,1
1935,1935,328.394630,21270,1
1936,1936,328.405765,21281,1
1937,1937,328.416901,21292,1
1938,1938,328.428039,21303,1
1939,1939,328.439175,21314,1
1940,1940,328.450312,21325,1
1941,1941,328.461446,21336,1
1942,1942,328.472583,21347,1
1943,1943,328.483718,21358,1
1944,1944,328.494854,21369,1
1945,1945,328.505993,21380,1
1946,1946,328.517126,21391,1
1947,1947,328.528263,21402,1
1948,1948,328.539399,21413,1
1949,1949,328.550537,21424,1
1950,1950,328.561673,21435,1
1951,1951,328.572809,21446,1
1952,1952,328.583945,21457,1
1953,1953,328.595080,21468,1
1954,1954,328.606216,21479,1
1955,1955,328.617353,21490,1
1956,1956,328.628490,21501,1
1957,1957,328.639623,21512,1
1958,1958,328.650762,21523,1
1959,1959,328.661896,21534,1
1960,1960,328.673032,21545,1
1961,1961,328.684170,21556,1
1962,1962,328.695307,21567,1
1963,1963,328.706443,21578,1
1964,1964,328.717578,21589,1
1965,1965,328.728713,21600,1
1966,1966,328.739849,21611,1
1967,1967,328.750986,21622,1
1968,1968,328.762122,21633,1
1969,1969,328.773259,21644,1
1970,1970,328.784393,21655,1
1971,1971,328.795532,21666,1
1972,1972,328.806667,21677,1
1973,1973,328.817802,21688,1
1974,1974,328.828939,21699,1
1975,1975,328.840074,21710,1
1976,1976,328.851213,21721,1
1977,1977,328.862346,21732,1
1978,1978,328.873484,21743,1
1979,1979,328.884620,21754,1
1980,1980,328.895757,21765,1
1981,1981,328.906890,21776,1
1982,1982,328.918027,21787,1
1983,1983,328.929165,21798,1
1984,1984,328.940301,21809,1
1985,1985,328.951435,21820,1
1986,1986,328.962573,21831,1
1987,1987,328.973708,21842,1
1988,1988,328.984844,21853,1
1989,1989,328.995982,21864,1
1990,1990,329.007117,21875,1
1991,1991,329.018254,21886,1
1992,1992,329.029389,21897,1
1993,1993,329.040526,21908,1
1994,1994,329.051663,21919,1
1995,1995,329.062799,21930,1
1996,1996,329.073934,21941,1
1997,1997,329.085069,21952,1
1998,1998,329.096207,21963,1
1999,1999,329.107343,21974,1
2000,2000,329.118479,21985,1
2001,2001,329.129614,21996,1
2002,2002,329.140751,22007,1
2003,2003,329.151887,22018,1
2004,2004,329.163023,22029,1
2005,2005,329.174159,22040,1
2006,2006,329.185294,22051,1
2007,2007,329.196431,22062,1
2008,2008,329.207566,22073,1
2009,2009,329.218704,22084,1
2010,2010,329.229839,22095,1
2011,2011,329.240976,22106,1
2012,2012,329.252113,22117,1
2013,2013,329.262234,22127,1
2014,2014,329.273373,22138,1
2015,2015,329.284508,22149,1
2016,2016,329.295643,22160,1
2017,2017,329.306781,22171,1
2018,2018,329.317916,22182,1
2019,2019,329.329052,22193,1
2020,2020,329.340189,22204,1
2021,2021,329.351325,22215,1
2022,2022,329.362462,22226,1
2023,2023,329.373597,22237,1
2024,2024,329.384732,22248,1
2025,2025,329.395870,22259,1
2026,2026,329.407006,22270,1
2027,2027,329.418142,22281,1
2028,2028,329.429278,22292,1
2029,2029,329.440415,22303,1
2030,2030,329.451549,22314,1
2031,2031,329.462686,22325,1
2032,2032,329.473822,22336,1
2033,2033,329.484957,22347,1
2034,2034,329.496100,22358,1
2035,2035,329.507230,22369,1
2036,2036,329.518368,22380,1
2037,2037,329.529503,22391,1
2038,2038,329.540640,22402,1
2039,2039,329.551775,22413,1
2040,2040,329.562912,22424,1
2041,2041,329.574046,22435,1
2042,2042,329.585184,22446,1
2043,2043,329.596320,22457,1
2044,2044,329.607455,22468,1
2045,2045,329.618591,22479,1
2046,2046,329.629728,22490,1
2047,2047,329.640865,22501,1
2048,2048,329.652001,22512,1
2049,2049,329.663136,22523,1
2050,2050,329.674273,22534,1
2051,2051,329.685410,22545,1
2052,2052,329.696546,22556,1
2053,2053,329.707680,22567,1
2054,2054,329.718816,22578,1
2055,2055,329.729953,22589,1
2056,2056,329.741096,22600,1
2057,2057,329.752226,22611,1
2058,2058,329.763362,22622,1
2059,2059,329.774497,22633,1
2060,2060,329.785632,22644,1
2061,2061,329.796771,22655,1
2062,2062,329.807905,22666,1
2063,2063,329.819041,22677,1
2064,2064,329.830177,22688,1
2065,2065,329.841314,22699,1
2066,2066,329.852450,22710,1
2067,2067,329.863586,22721,1
2068,2068,329.874724,22732,1
2069,2069,329.885859,22743,1
2070,2070,329.896995,22754,1
2071,2071,329.908130,22765,1
2072,2072,329.919268,22776,1
2073,2073,329.930404,22787,1
2074,2074,329.941541,22798,1
2075,2075,329.952677,22809,1
2076,2076,329.963811,22820,1
2077,2077,329.974948,22831,1
2078,2078,329.986100,22842,1
2079,2079,329.997220,22853,1
2080,2080,330.008356,22864,1
2081,2081,330.019493,22875,1
2082,2082,330.030627,22886,1
2083,2083,330.041764,22897,1
2084,2084,330.052899,22908,1
2085,2085,330.064036,22919,1
2086,2086,330.075172,22930,1
2087,2087,330.086309,22941,1
2088,2088,330.097446,22952,1
2089,2089,330.108581,22963,1
2090,2090,330.119718,22974,1
2091,2091,330.130853,22985,1
2092,2092,330.141989,22996,1
2093,2093,330.153127,23007,1
2094,2094,330.164262,23018,1
2095,2095,330.175398,23029,1
2096,2096,330.186533,23040,1
2097,2097,330.197672,23051,1
2098,2098,330.208806,23062,1
2099,2099,330.219944,23073,1
2100,2100,330.231077,23084,1
2101,2101,330.242214,23095,1
2102,2102,330.253351,23106,1
2103,2103,330.264487,23117,1
2104,2104,330.275624,23128,1
2105,2105,330.286758,23139,1
2106,2106,330.297897,23150,1
2107,2107,330.309032,23161,1
2108,2108,330.320167,23172,1
2109,2109,330.331304,23183,1
2110,2110,330.342442,23194,1
2111,2111,330.353577,23205,1
2112,2112,330.364713,23216,1
2113,2113,330.375849,23227,1
2114,2114,330.386986,23238,1
2115,2115,330.398121,23249,1
2116,2116,330.409256,23260,1
2117,2117,330.420394,23271,1
2118,2118,330.431529,23282,1
2119,2119,330.442664,23293,1
2120,2120,330.453801,23304,1
2121,2121,330.464937,23315,1
2122,2122,330.476074,23326,1
2123,2123,330.487210,23337,1
2124,2124,330.498345,23348,1
2125,2125,330.509481,23359,1
2126,2126,330.520617,23370,1
2127,2127,330.531754,23381,1
2128,2128,330.542892,23392,1
2129,2129,330.554028,23403,1
2130,2130,330.565163,23414,1
2131,2131,330.576298,23425,1
2132,2132,330.587435,23436,1
2133,2133,330.598571,23447,1
2134,2134,330.608695,23457,1
2135,2135,330.619832,23468,1
2136,2136,330.630966,23479,1
2137,2137,330.642104,23490,1
2138,2138,330.653240,23501,1
2139,2139,330.664376,23512,1
2140,2140,330.675512,23523,1
2141,2141,330.686648,23534,1
2142,2142,330.697785,23545,1
2143,2143,330.708920,23556,1
2144,2144,330.720055,23566,1
2145,2145,330.731191,23577,1
2146,2146,330.742329,23588,1
2147,2147,330.753465,23599,1
2148,2148,330.764600,23610,1
2149,2149,330.775737,23621,1
2150,2150,330.786872,23632,1
2151,2151,330.798008,23643,1
2152,2152,330.809146,23654,1
2153,2153,330.820281,23665,1
2154,2154,330.831417,23676,1
2155,2155,330.842553,23687,1
2156,2156,330.853689,23698,1
2157,2157,330.864825,23709,1
2158,2158,330.875963,23720,1
2159,2159,330.887100,23731,1
2160,2160,330.898235,23742,1
2161,2161,330.909372,23753,1
2162,2162,330.920507,23764,1
2163,2163,330.931642,23775,1
2164,2164,330.942778,23786,1
2165,2165,330.953915,23797,1
2166,2166,330.965050,23808,1
2167,2167,330.976187,23819,1
2168,2168,330.987322,23830,1
2169,2169,330.998460,23841,1
2170,2170,331.009594,23852,1
2171,2171,331.020732,23863,1
2172,2172,331.031868,23874,1
2173,2173,331.043005,23885,1
2174,2174,331.054140,23896,1
2175,2175,331.065275,23907,1
2176,2176,331.076413,23918,1
2177,2177,331.087549,23929,1
2178,2178,331.098683,23940,1
2179,2179,331.109820,23951,1
2180,2180,331.120958,23962,1
2181,2181,331.132100,23973,1
2182,2182,331.143228,23984,1
2183,2183,331.154366,23995,1
2184,2184,331.165500,24006,1
2185,2185,331.176639,24017,1
2186,2186,331.187774,24028,1
2187,2187,331.198911,24039,1
2188,2188,331.210044,24050,1
2189,2189,331.221181,24061,1
2190,2190,331.232318,24072,1
2191,2191,331.243453,24083,1
2192,2192,331.254591,24094,1
2193,2193,331.265726,24105,1
2194,2194,331.276862,24116,1
2195,2195,331.288000,24127,1
2196,2196,331.299136,24138,1
2197,2197,331.310271,24149,1
2198,2198,331.321408,24160,1
2199,2199,331.332545,24171,1
2200,2200,331.343681,24182,1
2201,2201,331.354817,24193,1
2202,2202,331.365953,24204,1
2203,2203,331.377097,24215,1
2204,2204,331.388225,24226,1
2205,2205,331.399360,24237,1
2206,2206,331.410497,24248,1
2207,2207,331.421632,24259,1
2208,2208,331.432769,24270,1
2209,2209,331.443905,24281,1
2210,2210,331.455039,24292,1
2211,2211,331.466178,24303,1
2212,2212,331.477314,24314,1
2213,2213,331.488448,24325,1
2214,2214,331.499584,24336,1
2215,2215,331.510723,24347,1
2216,2216,331.521857,24358,1
2217,2217,331.532994,24369,1
2218,2218,331.544131,24380,1
2219,2219,331.555265,24391,1
2220,2220,331.566401,24402,1
2221,2221,331.577538,24413,1
2222,2222,331.588676,24424,1
2223,2223,331.599812,24435,1
2224,2224,331.610947,24446,1
2225,2225,331.622081,24457,1
2226,2226,331.633218,24468,1
2227,2227,331.644355,24479,1
2228,2228,331.655492,24490,1
2229,2229,331.666626,24501,1
2230,2230,331.677763,24512,1
2231,2231,331.688900,24523,1
2232,2232,331.700036,24534,1
2233,2233,331.711171,24545,1
2234,2234,331.722307,24556,1
2235,2235,331.733444,24567,1
2236,2236,331.744579,24578,1
2237,2237,331.755717,24589,1
2238,2238,331.766853,24600,1
2239,2239,331.777989,24611,1
2240,2240,331.789124,24622,1
2241,2241,331.800261,24633,1
2242,2242,331.811397,24644,1
2243,2243,331.822534,24655,1
2244,2244,331.833669,24666,1
2245,2245,331.844806,24677,1
2246,2246,331.855942,24688,1
2247,2247,331.867077,24699,1
2248,2248,331.878214,24710,1
2249,2249,331.889351,24721,1
2250,2250,331.900485,24732,1
2251,2251,331.911621,24743,1
2252,2252,331.922757,24754,1
2253,2253,331.933895,24765,1
2254,2254,331.945032,24776,1
2255,2255,331.955153,24786,1
2256,2256,331.966290,24797,1
2257,2257,331.977425,24808,1
2258,2258,331.988562,24819,1
2259,2259,331.999697,24830,1
2260,2260,332.010834,24841,1
2261,2261,332.021970,24852,1
2262,2262,332.033108,24863,1
2263,2263,332.044243,24874,1
2264,2264,332.055380,24885,1
2265,2265,332.066517,24896,1
2266,2266,332.077651,24907,1
2267,2267,332.088787,24918,1
2268,2268,332.099925,24929,1
2269,2269,332.111060,24940,1
2270,2270,332.122195,24951,1
2271,2271,332.133331,24962,1
2272,2272,332.144469,24973,1
2273,2273,332.155605,24984,1
2274,2274,332.166740,24995,1
2275,2275,332.177878,25006,1
2276,2276,332.189013,25017,1
2277,2277,332.200150,25028,1
2278,2278,332.211286,25039,1
2279,2279,332.222422,25050,1
2280,2280,332.233559,25061,1
2281,2281,332.244694,25072,1
2282,2282,332.255830,25083,1
2283,2283,332.266966,25094,1
2284,2284,332.278102,25105,1
2285,2285,332.289237,25116,1
2286,2286,332.300376,25127,1
2287,2287,332.311511,25138,1
2288,2288,332.322647,25149,1
2289,2289,332.333783,25160,1
2290,2290,332.344919,25171,1
2291,2291,332.356056,25182,1
2292,2292,332.367192,25193,1
2293,2293,332.378328,25204,1
2294,2294,332.389463,25215,1
2295,2295,332.400601,25226,1
2296,2296,332.411734,25237,1
2297,2297,332.422873,25248,1
2298,2298,332.434007,25259,1
2299,2299,332.445143,25270,1
2300,2300,332.456280,25281,1
2301,2301,332.467417,25292,1
2302,2302,332.478551,25303,1
2303,2303,332.489688,25314,1
2304,2304,332.500825,25325,1
2305,2305,332.511961,25336,1
2306,2306,332.523098,25347,1
2307,2307,332.534233,25358,1
2308,2308,332.545369,25369,1
2309,2309,332.556505,25380,1
2310,2310,332.567642,25391,1
2311,2311,332.578778,25402,1
2312,2312,332.589915,25413,1
2313,2313,332.601048,25424,1
2314,2314,332.612186,25435,1
2315,2315,332.623321,25446,1
2316,2316,332.634457,25457,1
2317,2317,332.645595,25468,1
2318,2318,332.656732,25479,1
2319,2319,332.667867,25490,1
2320,2320,332.679002,25501,1
2321,2321,332.690140,25512,1
2322,2322,332.701275,25523,1
2323,2323,332.712410,25534,1
2324,2324,332.723547,25545,1
2325,2325,332.734682,25556,1
2326,2326,332.745819,25567,1
2327,2327,332.756956,25578,1
2328,2328,332.768096,25589,1
2329,2329,332.779227,25600,1
2330,2330,332.790365,25611,1
2331,2331,332.801502,25622,1
2332,2332,332.812635,25633,1
2333,2333,332.823773,25644,1
2334,2334,332.834909,25655,1
2335,2335,332.846043,25666,1
2336,2336,332.857181,25677,1
2337,2337,332.868318,25688,1
2338,2338,332.879455,25699,1
2339,2339,332.890589,25710,1
2340,2340,332.901726,25721,1
2341,2341,332.912862,25732,1
2342,2342,332.923998,25743,1
2343,2343,332.935135,25754,1
2344,2344,332.946270,25765,1
2345,2345,332.957405,25776,1
2346,2346,332.968543,25787,1
2347,2347,332.979679,25798,1
2348,2348,332.990815,25809,1
2349,2349,333.001951,25820,1
2350,2350,333.013095,25831,1
2351,2351,333.024224,25842,1
2352,2352,333.035360,25853,1
2353,2353,333.046496,25864,1
2354,2354,333.057632,25875,1
2355,2355,333.068769,25886,1
2356,2356,333.079903,25897,1
2357,2357,333.091038,25908,1
2358,2358,333.102176,25919,1
2359,2359,333.113313,25930,1
2360,2360,333.124448,25941,1
2361,2361,333.135585,25952,1
2362,2362,333.146719,25963,1
2363,2363,333.157858,25974,1
2364,2364,333.168993,25985,1
2365,2365,333.180129,25996,1
2366,2366,333.191264,26007,1
2367,2367,333.202401,26018,1
2368,2368,333.213538,26029,1
2369,2369,333.224672,26040,1
2370,2370,333.235808,26051,1
2371,2371,333.246946,26062,1
2372,2372,333.258081,26073,1
2373,2373,333.269218,26084,1
2374,2374,333.280354,26095,1
2375,2375,333.291489,26106,1
2376,2376,333.302625,26117,1
2377,2377,333.312750,26127,1
2378,2378,333.323886,26138,1
2379,2379,333.335023,26149,1
2380,2380,333.346159,26160,1
2381,2381,333.357296,26171,1
2382,2382,333.368430,26182,1
2383,2383,333.379568,26193,1
2384,2384,333.390703,26204,1
2385,2385,333.401838,26215,1
2386,2386,333.412975,26226,1
2387,2387,333.424111,26237,1
2388,2388,333.435247,26248,1
2389,2389,333.446382,26259,1
2390,2390,333.457521,26270,1
2391,2391,333.468657,26281,1
2392,2392,333.479792,26292,1
2393,2393,333.490928,26303,1
2394,2394,333.502063,26314,1
2395,2395,333.513200,26325,1
2396,2396,333.524336,26336,1
2397,2397,333.535474,26347,1
2398,2398,333.546607,26358,1
2399,2399,333.557746,26369,1
2400,2400,333.568881,26380,1
2401,2401,333.580017,26391,1
2402,2402,333.591153,26402,1
2403,2403,333.602290,26413,1
2404,2404,333.613425,26424,1
2405,2405,333.624563,26435,1
2406,2406,333.635698,26446,1
2407,2407,333.646833,26457,1
2408,2408,333.657970,26468,1
2409,2409,333.669107,26479,1
2410,2410,333.680241,26490,1
2411,2411,333.691377,26501,1
2412,2412,333.702516,26512,1
2413,2413,333.713651,26523,1
2414,2414,333.724787,26534,1
2415,2415,333.735922,26545,1
2416,2416,333.747059,26556,1
2417,2417,333.758194,26567,1
2418,2418,333.769330,26578,1
2419,2419,333.780467,26589,1
2420,2420,333.791605,26600,1
2421,2421,333.802739,26611,1
2422,2422,333.813875,26622,1
2423,2423,333.825011,26633,1
2424,2424,333.836147,26644,1
2425,2425,333.847285,26655,1
2426,2426,333.858421,26666,1
2427,2427,333.869558,26677,1
2428,2428,333.880693,26688,1
2429,2429,333.891830,26699,1
2430,2430,333.902966,26710,1
2431,2431,333.914101,26721,1
2432,2432,333.925237,26732,1
2433,2433,333.936374,26743,1
2434,2434,333.947509,26754,1
2435,2435,333.958645,26765,1
2436,2436,333.969783,26776,1
2437,2437,333.980919,26787,1
2438,2438,333.992055,26798,1
2439,2439,334.003191,26809,1
2440,2440,334.014325,26820,1
2441,2441,334.025462,26831,1
2442,2442,334.036601,26842,1
2443,2443,334.047734,26853,1
2444,2444,334.058871,26864,1
2445,2445,334.070008,26875,1
2446,2446,334.081144,26886,1
2447,2447,334.092280,26897,1
2448,2448,334.103415,26908,1
2449,2449,334.114552,26919,1
2450,2450,334.125688,26930,1
2451,2451,334.136824,26941,1
2452,2452,334.147961,26952,1
2453,2453,334.159098,26963,1
2454,2454,334.170231,26974,1
2455,2455,334.181369,26985,1
2456,2456,334.192506,26996,1
2457,2457,334.203642,27007,1
2458,2458,334.214778,27018,1
2459,2459,334.225912,27029,1
2460,2460,334.237049,27040,1
2461,2461,334.248185,27051,1
2462,2462,334.259322,27062,1
2463,2463,334.270458,27073,1
2464,2464,334.281595,27084,1
2465,2465,334.292728,27095,1
2466,2466,334.303868,27106,1
2467,2467,334.315002,27117,1
2468,2468,334.326138,27128,1
2469,2469,334.337275,27139,1
2470,2470,334.348409,27150,1
2471,2471,334.359545,27161,1
2472,2472,334.370683,27172,1
2473,2473,334.381819,27183,1
2474,2474,334.392955,27194,1
2475,2475,334.404098,27205,1
2476,2476,334.415227,27216,1
2477,2477,334.426363,27227,1
2478,2478,334.437498,27238,1
2479,2479,334.448636,27249,1
2480,2480,334.459772,27260,1
2481,2481,334.470909,27271,1
2482,2482,334.482043,27282,1
2483,2483,334.493181,27293,1
2484,2484,334.504315,27304,1
2485,2485,334.515451,27315,1
2486,2486,334.526589,27326,1
2487,2487,334.537723,27337,1
2488,2488,334.548862,27348,1
2489,2489,334.559997,27359,1
2490,2490,334.571133,27370,1
2491,2491,334.582268,27381,1
2492,2492,334.593406,27392,1
2493,2493,334.604541,27403,1
2494,2494,334.615677,27414,1
2495,2495,334.626813,27425,1
2496,2496,334.637950,27436,1
2497,2497,334.649093,27447,1
2498,2498,334.659210,27457,1
2499,2499,334.670345,27468,1
2500,2500,334.681483,27479,1
2501,2501,334.692618,27490,1
2502,2502,334.703755,27501,1
2503,2503,334.714890,27512,1
2504,2504,334.726026,27523,1
2505,2505,334.737163,27534,1
2506,2506,334.748299,27545,1
2507,2507,334.759435,27556,1
2508,2508,334.770571,27567,1
2509,2509,334.781707,27578,1
2510,2510,334.792845,27589,1
2511,2511,334.803980,27600,1
2512,2512,334.815117,27611,1
2513,2513,334.826253,27622,1
2514,2514,334.837389,27633,1
2515,2515,334.848523,27644,1
2516,2516,334.859661,27655,1
2517,2517,334.870796,27666,1
2518,2518,334.881932,27677,1
2519,2519,334.893067,27688,1
2520,2520,334.904204,27699,1
2521,2521,334.915340,27710,1
2522,2522,334.926476,27721,1
2523,2523,334.937614,27732,1
2524,2524,334.948748,27743,1
2525,2525,334.959886,27754,1
2526,2526,334.971020,27765,1
2527,2527,334.982157,27776,1
2528,2528,334.993294,27787,1
2529,2529,335.004429,27798,1
2530,2530,335.015567,27809,1
2531,2531,335.026703,27820,1
2532,2532,335.037839,27831,1
2533,2533,335.048976,27842,1
2534,2534,335.060109,27853,1
2535,2535,335.071247,27864,1
2536,2536,335.082382,27875,1
2537,2537,335.093519,27886,1
2538,2538,335.104654,27897,1
2539,2539,335.115793,27908,1
2540,2540,335.126927,27919,1
2541,2541,335.138063,27930,1
2542,2542,335.149198,27941,1
2543,2543,335.160335,27952,1
2544,2544,335.171471,27963,1
2545,2545,335.182607,27974,1
2546,2546,335.193744,27985,1
2547,2547,335.204881,27996,1
2548,2548,335.216018,28007,1
2549,2549,335.227152,28018,1
2550,2550,335.238290,28029,1
2551,2551,335.249426,28040,1
2552,2552,335.260560,28051,1
2553,2553,335.271697,28062,1
2554,2554,335.282833,28073,1
2555,2555,335.293968,28084,1
2556,2556,335.305105,28095,1
2557,2557,335.316242,28106,1
2558,2558,335.327379,28117,1
2559,2559,335.338515,28128,1
2560,2560,335.349649,28139,1
2561,2561,335.360787,28150,1
2562,2562,335.371921,28161,1
2563,2563,335.383059,28172,1
2564,2564,335.394195,28183,1
2565,2565,335.405332,28194,1
2566,2566,335.416467,28205,1
2567,2567,335.427603,28216,1
2568,2568,335.438738,28227,1
2569,2569,335.449876,28238,1
2570,2570,335.461011,28249,1
2571,2571,335.472149,28260,1
2572,2572,335.483284,28271,1
2573,2573,335.494420,28282,1
2574,2574,335.505556,28293,1
2575,2575,335.516693,28304,1
2576,2576,335.527829,28315,1
2577,2577,335.538964,28326,1
2578,2578,335.550101,28337,1
2579,2579,335.561235,28348,1
2580,2580,335.572372,28359,1
2581,2581,335.583510,28370,1
2582,2582,335.594645,28381,1
2583,2583,335.605781,28392,1
2584,2584,335.616918,28403,1
2585,2585,335.628054,28414,1
2586,2586,335.639188,28425,1
2587,2587,335.650326,28436,1
2588,2588,335.661462,28447,1
2589,2589,335.672598,28458,1
2590,2590,335.683735,28469,1
2591,2591,335.694871,28480,1
2592,2592,335.706007,28491,1
2593,2593,335.717788,28501,1
2594,2594,335.728278,28512,1
2595,2595,335.739414,28523,1
2596,2596,335.750553,28534,1
2597,2597,335.761687,28545,1
2598,2598,335.772823,28556,1
2599,2599,335.783959,28567,1
2600,2600,335.795103,28578,1
2601,2601,335.806233,28589,1
2602,2602,335.817368,28600,1
2603,2603,335.828505,28611,1
2604,2604,335.839639,28622,1
2605,2605,335.850776,28633,1
2606,2606,335.861913,28644,1
2607,2607,335.873047,28655,1
2608,2608,335.884183,28666,1
2609,2609,335.895321,28677,1
2610,2610,335.906458,28688,1
2611,2611,335.917593,28699,1
2612,2612,335.928728,28710,1
2613,2613,335.939866,28721,1
2614,2614,335.951002,28732,1
2615,2615,335.962139,28743,1
2616,2616,335.973272,28754,1
2617,2617,335.984410,28765,1
2618,2618,335.995545,28776,1
2619,2619,336.005671,28786,1
2620,2620,336.016805,28797,1
2621,2621,336.027943,28808,1
2622,2622,336.039079,28819,1
2623,2623,336.050216,28830,1
2624,2624,336.061349,28841,1
2625,2625,336.072488,28852,1
2626,2626,336.083624,28863,1
2627,2627,336.094758,28874,1
2628,2628,336.105896,28885,1
2629,2629,336.117032,28896,1
2630,2630,336.128166,28907,1
2631,2631,336.139304,28918,1
2632,2632,336.150440,28929,1
2633,2633,336.161576,28940,1
2634,2634,336.172713,28951,1
2635,2635,336.183848,28962,1
2636,2636,336.194985,28973,1
2637,2637,336.206121,28984,1
2638,2638,336.217256,28995,1
2639,2639,336.228393,29006,1
2640,2640,336.239527,29017,1
2641,2641,336.250663,29028,1
2642,2642,336.261801,29039,1
2643,2643,336.272937,29050,1
2644,2644,336.284073,29061,1
2645,2645,336.295210,29072,1
2646,2646,336.306346,29083,1
2647,2647,336.317482,29094,1
2648,2648,336.328618,29105,1
2649,2649,336.339754,29116,1
2650,2650,336.350889,29127,1
2651,2651,336.362028,29138,1
2652,2652,336.373161,29149,1
2653,2653,336.384298,29160,1
2654,2654,336.395435,29171,1
2655,2655,336.406571,29182,1
2656,2656,336.417706,29193,1
2657,2657,336.428842,29204,1
2658,2658,336.439979,29215,1
2659,2659,336.451114,29226,1
2660,2660,336.462252,29237,1
2661,2661,336.473389,29248,1
2662,2662,336.484523,29259,1
2663,2663,336.495661,29270,1
2664,2664,336.506795,29281,1
2665,2665,336.517932,29292,1
2666,2666,336.529067,29303,1
2667,2667,336.540204,29314,1
2668,2668,336.551340,29325,1
2669,2669,336.562478,29336,1
2670,2670,336.573614,29347,1
2671,2671,336.584749,29358,1
2672,2672,336.595885,29369,1
2673,2673,336.607020,29380,1
2674,2674,336.618157,29391,1
2675,2675,336.629292,29402,1
2676,2676,336.640428,29413,1
2677,2677,336.651566,29424,1
2678,2678,336.662701,29435,1
2679,2679,336.673837,29446,1
2680,2680,336.684973,29457,1
2681,2681,336.696110,29468,1
2682,2682,336.707247,29479,1
2683,2683,336.718384,29490,1
2684,2684,336.729519,29501,1
2685,2685,336.740654,29512,1
2686,2686,336.751791,29523,1
2687,2687,336.762926,29534,1
2688,2688,336.774064,29545,1
2689,2689,336.785198,29556,1
2690,2690,336.796337,29567,1
2691,2691,336.807470,29578,1
2692,2692,336.818608,29589,1
2693,2693,336.829743,29600,1
2694,2694,336.840879,29611,1
2695,2695,336.852017,29622,1
2696,2696,336.863151,29633,1
2697,2697,336.874288,29644,1
2698,2698,336.885423,29655,1
2699,2699,336.896561,29666,1
2700,2700,336.907696,29677,1
2701,2701,336.918833,29688,1
2702,2702,336.929970,29699,1
2703,2703,336.941105,29710,1
2704,2704,336.952242,29721,1
2705,2705,336.963378,29732,1
2706,2706,336.974515,29743,1
2707,2707,336.985649,29754,1
2708,2708,336.996786,29765,1
2709,2709,337.007923,29776,1
2710,2710,337.019058,29787,1
2711,2711,337.030195,29798,1
2712,2712,337.041331,29809,1
2713,2713,337.052467,29820,1
2714,2714,337.063602,29831,1
2715,2715,337.074738,29842,1
2716,2716,337.085876,29853,1
2717,2717,337.097012,29864,1
2718,2718,337.108149,29875,1
2719,2719,337.119282,29886,1
2720,2720,337.130418,29897,1
2721,2721,337.141556,29908,1
2722,2722,337.152693,29919,1
2723,2723,337.163829,29930,1
2724,2724,337.174964,29941,1
2725,2725,337.186101,29952,1
2726,2726,337.197235,29963,1
2727,2727,337.208373,29974,1
2728,2728,337.219509,29985,1
2729,2729,337.230646,29996,1
2730,2730,337.241782,30007,1
2731,2731,337.252916,30018,1
2732,2732,337.264053,30029,1
2733,2733,337.275190,30040,1
2734,2734,337.286325,30051,1
2735,2735,337.297462,30062,1
2736,2736,337.308599,30073,1
2737,2737,337.319735,30084,1
2738,2738,337.330869,30095,1
2739,2739,337.342005,30106,1
2740,2740,337.352131,30116,1
2741,2741,337.363267,30127,1
2742,2742,337.374403,30138,1
2743,2743,337.385539,30149,1
2744,2744,337.396675,30160,1
2745,2745,337.407810,30171,1
2746,2746,337.418948,30182,1
2747,2747,337.430094,30193,1
2748,2748,337.441220,30204,1
2749,2749,337.452355,30215,1
2750,2750,337.463490,30226,1
2751,2751,337.474628,30237,1
2752,2752,337.485762,30248,1
2753,2753,337.496898,30259,1
2754,2754,337.508037,30270,1
2755,2755,337.519172,30281,1
2756,2756,337.530309,30292,1
2757,2757,337.541445,30303,1
2758,2758,337.552581,30314,1
2759,2759,337.563715,30325,1
2760,2760,337.574854,30336,1
2761,2761,337.585989,30347,1
2762,2762,337.597125,30358,1
2763,2763,337.608260,30369,1
2764,2764,337.619398,30380,1
2765,2765,337.630532,30391,1
2766,2766,337.641670,30402,1
2767,2767,337.652807,30413,1
2768,2768,337.663943,30424,1
2769,2769,337.675077,30435,1
2770,2770,337.686213,30446,1
2771,2771,337.697351,30457,1
2772,2772,337.708487,30468,1
2773,2773,337.719621,30479,1
2774,2774,337.730759,30490,1
2775,2775,337.741894,30501,1
2776,2776,337.753031,30512,1
2777,2777,337.764166,30523,1
2778,2778,337.775303,30534,1
2779,2779,337.786439,30545,1
2780,2780,337.797576,30556,1
2781,2781,337.808711,30567,1
2782,2782,337.819848,30578,1
2783,2783,337.830984,30589,1
2784,2784,337.842121,30600,1
2785,2785,337.853257,30611,1
2786,2786,337.864393,30622,1
2787,2787,337.875527,30633,1
2788,2788,337.886666,30644,1
2789,2789,337.897801,30655,1
2790,2790,337.908936,30666,1
2791,2791,337.920074,30677,1
2792,2792,337.931208,30688,1
2793,2793,337.942345,30699,1
2794,2794,337.953480,30710,1
2795,2795,337.964618,30721,1
2796,2796,337.975754,30732,1
2797,2797,337.986889,30743,1
2798,2798,337.998025,30754,1
2799,2799,338.009163,30765,1
2800,2800,338.020298,30776,1
2801,2801,338.031434,30787,1
2802,2802,338.042571,30798,1
2803,2803,338.053708,30809,1
2804,2804,338.064841,30820,1
2805,2805,338.075978,30831,1
2806,2806,338.087116,30842,1
2807,2807,338.098251,30853,1
2808,2808,338.109387,30864,1
2809,2809,338.120525,30875,1
2810,2810,338.131660,30886,1
2811,2811,338.142796,30897,1
2812,2812,338.153932,30908,1
2813,2813,338.165069,30919,1
2814,2814,338.176204,30930,1
2815,2815,338.187339,30941,1
2816,2816,338.198477,30952,1
2817,2817,338.209613,30963,1
2818,2818,338.220749,30974,1
2819,2819,338.231886,30985,1
2820,2820,338.243022,30996,1
2821,2821,338.254157,31007,1
2822,2822,338.265293,31018,1
2823,2823,338.276428,31029,1
2824,2824,338.287566,31040,1
2825,2825,338.298703,31051,1
2826,2826,338.309839,31062,1
2827,2827,338.320975,31073,1
2828,2828,338.332109,31084,1
2829,2829,338.343245,31095,1
2830,2830,338.354383,31106,1
2831,2831,338.365519,31117,1
2832,2832,338.376655,31128,1
2833,2833,338.387790,31139,1
2834,2834,338.398928,31150,1
2835,2835,338.410063,31161,1
2836,2836,338.421198,31172,1
2837,2837,338.432334,31183,1
2838,2838,338.443470,31194,1
2839,2839,338.454608,31205,1
2840,2840,338.465744,31216,1
2841,2841,338.476881,31227,1
2842,2842,338.488017,31238,1
2843,2843,338.499151,31249,1
2844,2844,338.510287,31260,1
2845,2845,338.521425,31271,1
2846,2846,338.532562,31282,1
2847,2847,338.543697,31293,1
2848,2848,338.554834,31304,1
2849,2849,338.565968,31315,1
2850,2850,338.577106,31326,1
2851,2851,338.588242,31337,1
2852,2852,338.599379,31348,1
2853,2853,338.610515,31359,1
2854,2854,338.621650,31370,1
2855,2855,338.632786,31381,1
2856,2856,338.643922,31392,1
2857,2857,338.655059,31403,1
2858,2858,338.666195,31414,1
2859,2859,338.677331,31425,1
2860,2860,338.688465,31436,1
2861,2861,338.698589,31446,1
2862,2862,338.709727,31457,1
2863,2863,338.720862,31468,1
2864,2864,338.731997,31479,1
2865,2865,338.743134,31490,1
2866,2866,338.754271,31501,1
2867,2867,338.765408,31512,1
2868,2868,338.776544,31523,1
2869,2869,338.787680,31534,1
2870,2870,338.798816,31545,1
2871,2871,338.809950,31556,1
2872,2872,338.821098,31567,1
2873,2873,338.832225,31578,1
2874,2874,338.843359,31589,1
2875,2875,338.854498,31600,1
2876,2876,338.865633,31611,1
2877,2877,338.876767,31622,1
2878,2878,338.887906,31633,1
2879,2879,338.899042,31644,1
2880,2880,338.910177,31655,1
2881,2881,338.921312,31666,1
2882,2882,338.932449,31677,1
2883,2883,338.943587,31688,1
2884,2884,338.954722,31699,1
2885,2885,338.965859,31710,1
2886,2886,338.976993,31721,1
2887,2887,338.988129,31732,1
2888,2888,338.999265,31743,1
2889,2889,339.010403,31754,1
2890,2890,339.021539,31765,1
2891,2891,339.032674,31776,1
2892,2892,339.043812,31787,1
2893,2893,339.054947,31798,1
2894,2894,339.066094,31809,1
2895,2895,339.077218,31820,1
2896,2896,339.088354,31831,1
2897,2897,339.099492,31842,1
2898,2898,339.110626,31853,1
2899,2899,339.121762,31864,1
2900,2900,339.132898,31875,1
2901,2901,339.144037,31886,1
2902,2902,339.155171,31897,1
2903,2903,339.166307,31908,1
2904,2904,339.177444,31919,1
2905,2905,339.188582,31930,1
2906,2906,339.199717,31941,1
2907,2907,339.210854,31952,1
2908,2908,339.221990,31963,1
2909,2909,339.233124,31974,1
2910,2910,339.244261,31985,1
2911,2911,339.255396,31996,1
2912,2912,339.266533,32007,1
2913,2913,339.277670,32018,1
2914,2914,339.288804,32029,1
2915,2915,339.299941,32040,1
2916,2916,339.311077,32051,1
2917,2917,339.322215,32062,1
2918,2918,339.333351,32073,1
2919,2919,339.344485,32084,1
2920,2920,339.355624,32095,1
2921,2921,339.366760,32106,1
2922,2922,339.377895,32117,1
2923,2923,339.389030,32128,1
2924,2924,339.400167,32139,1
2925,2925,339.411303,32150,1
2926,2926,339.422441,32161,1
2927,2927,339.433575,32172,1
2928,2928,339.444711,32183,1
2929,2929,339.455846,32194,1
2930,2930,339.466985,32205,1
2931,2931,339.478120,32216,1
2932,2932,339.489257,32227,1
2933,2933,339.500391,32238,1
2934,2934,339.511528,32249,1
2935,2935,339.522665,32260,1
2936,2936,339.533801,32271,1
2937,2937,339.544936,32282,1
2938,2938,339.556073,32293,1
2939,2939,339.567211,32304,1
2940,2940,339.578344,32315,1
2941,2941,339.589482,32326,1
2942,2942,339.600618,32337,1
2943,2943,339.611755,32348,1
2944,2944,339.622889,32359,1
2945,2945,339.634027,32370,1
2946,2946,339.645163,32381,1
2947,2947,339.656300,32392,1
2948,2948,339.667435,32403,1
2949,2949,339.678569,32414,1
2950,2950,339.689705,32425,1
2951,2951,339.700843,32436,1
2952,2952,339.711979,32447,1
2953,2953,339.723115,32458,1
2954,2954,339.734250,32469,1
2955,2955,339.745388,32480,1
2956,2956,339.756524,32491,1
2957,2957,339.767660,32502,1
2958,2958,339.778797,32513,1
2959,2959,339.789931,32524,1
2960,2960,339.801069,32535,1
2961,2961,339.812206,32546,1
2962,2962,339.823341,32557,1
2963,2963,339.834478,32568,1
2964,2964,339.845614,32579,1
2965,2965,339.856749,32590,1
2966,2966,339.867886,32601,1
2967,2967,339.879020,32612,1
2968,2968,339.890157,32623,1
2969,2969,339.901295,32634,1
2970,2970,339.912428,32645,1
2971,2971,339.923567,32656,1
2972,2972,339.934702,32667,1
2973,2973,339.945839,32678,1
2974,2974,339.956974,32689,1
2975,2975,339.968111,32700,1
2976,2976,339.979248,32711,1
2977,2977,339.990384,32722,1
2978,2978,340.001520,32733,1
2979,2979,340.012655,32744,1
2980,2980,340.023791,32755,1
2981,2981,340.034927,32766,1
2982,2982,340.045052,32776,1
2983,2983,340.056188,32787,1
2984,2984,340.067322,32798,1
2985,2985,340.078460,32809,1
2986,2986,340.089594,32820,1
2987,2987,340.100732,32831,1
2988,2988,340.111868,32842,1
2989,2989,340.123005,32853,1
2990,2990,340.134141,32864,1
2991,2991,340.145275,32875,1
2992,2992,340.156414,32886,1
2993,2993,340.167550,32897,1
2994,2994,340.178684,32908,1
2995,2995,340.189819,32919,1
2996,2996,340.200957,32930,1
2997,2997,340.212098,32941,1
2998,2998,340.223229,32952,1
2999,2999,340.234366,32963,1
3000,3000,340.245500,32974,1
3001,3001,340.256639,32985,1
3002,3002,340.267772,32996,1
3003,3003,340.278911,33007,1
3004,3004,340.290045,33018,1
3005,3005,340.301183,33029,1
3006,3006,340.312317,33040,1
3007,3007,340.323455,33051,1
3008,3008,340.334591,33062,1
3009,3009,340.345727,33073,1
3010,3010,340.356863,33084,1
3011,3011,340.368000,33095,1
3012,3012,340.379134,33106,1
3013,3013,340.390271,33117,1
3014,3014,340.401407,33128,1
3015,3015,340.412543,33139,1
3016,3016,340.423681,33150,1
3017,3017,340.434814,33161,1
3018,3018,340.445951,33172,1
3019,3019,340.457096,33183,1
3020,3020,340.468223,33194,1
3021,3021,340.479361,33205,1
3022,3022,340.490497,33216,1
3023,3023,340.501631,33227,1
3024,3024,340.512770,33238,1
3025,3025,340.523906,33249,1
3026,3026,340.535040,33260,1
3027,3027,340.546176,33271,1
3028,3028,340.557312,33282,1
3029,3029,340.568449,33293,1
3030,3030,340.579585,33304,1
3031,3031,340.590723,33315,1
3032,3032,340.601858,33326,1
3033,3033,340.612993,33337,1
3034,3034,340.624131,33348,1
3035,3035,340.635268,33359,1
3036,3036,340.646402,33370,1
3037,3037,340.657540,33381,1
3038,3038,340.668676,33392,1
3039,3039,340.679810,33403,1
3040,3040,340.690946,33414,1
3041,3041,340.702095,33425,1
3042,3042,340.713220,33436,1
3043,3043,340.724357,33446,1
3044,3044,340.735493,33457,1
3045,3045,340.746629,33468,1
3046,3046,340.757765,33479,1
3047,3047,340.768900,33490,1
3048,3048,340.780035,33501,1
3049,3049,340.791171,33512,1
3050,3050,340.802310,33523,1
3051,3051,340.813443,33534,1
3052,3052,340.824580,33545,1
3053,3053,340.835717,33556,1
3054,3054,340.846854,33567,1
3055,3055,340.857990,33578,1
3056,3056,340.869124,33589,1
3057,3057,340.880261,33600,1
3058,3058,340.891397,33611,1
3059,3059,340.902535,33622,1
3060,3060,340.913671,33633,1
3061,3061,340.924806,33644,1
3062,3062,340.935943,33655,1
3063,3063,340.947078,33666,1
3064,3064,340.958214,33677,1
3065,3065,340.969350,33688,1
3066,3066,340.980487,33699,1
3067,3067,340.991624,33710,1
3068,3068,341.002758,33721,1
3069,3069,341.013894,33732,1
3070,3070,341.025031,33743,1
3071,3071,341.036168,33754,1
3072,3072,341.047305,33765,1
3073,3073,341.058441,33776,1
3074,3074,341.069576,33787,1
3075,3075,341.080712,33798,1
3076,3076,341.091849,33809,1
3077,3077,341.102984,33820,1
3078,3078,341.114121,33831,1
3079,3079,341.125257,33842,1
3080,3080,341.136393,33853,1
3081,3081,341.147530,33864,1
3082,3082,341.158665,33875,1
3083,3083,341.169801,33886,1
3084,3084,341.180938,33897,1
3085,3085,341.192073,33908,1
3086,3086,341.203208,33919,1
3087,3087,341.214345,33930,1
3088,3088,341.225483,33941,1
3089,3089,341.236617,33952,1
3090,3090,341.247755,33963,1
3091,3091,341.258891,33974,1
3092,3092,341.270027,33985,1
3093,3093,341.281163,33996,1
3094,3094,341.292298,34007,1
3095,3095,341.303436,34018,1
3096,3096,341.314572,34029,1
3097,3097,341.325708,34040,1
3098,3098,341.336844,34051,1
3099,3099,341.347978,34062,1
3100,3100,341.359115,34073,1
3101,3101,341.370253,34084,1
3102,3102,341.381388,34095,1
3103,3103,341.391510,34105,1
3104,3104,341.402648,34116,1
3105,3105,341.413784,34127,1
3106,3106,341.424919,34138,1
3107,3107,341.436057,34149,1
3108,3108,341.447193,34160,1
3109,3109,341.458328,34171,1
3110,3110,341.469466,34182,1
3111,3111,341.480600,34193,1
3112,3112,341.491737,34204,1
3113,3113,341.502873,34215,1
3114,3114,341.514008,34226,1
3115,3115,341.525146,34237,1
3116,3116,341.536282,34248,1
3117,3117,341.547419,34259,1
3118,3118,341.558555,34270,1
3119,3119,341.569690,34281,1
3120,3120,341.580825,34292,1
3121,3121,341.591963,34303,1
3122,3122,341.603105,34314,1
3123,3123,341.614233,34325,1
3124,3124,341.625372,34336,1
3125,3125,341.636506,34347,1
3126,3126,341.647643,34358,1
3127,3127,341.658778,34369,1
3128,3128,341.669916,34380,1
3129,3129,341.681052,34391,1
3130,3130,341.692188,34402,1
3131,3131,341.703324,34413,1
3132,3132,341.714461,34424,1
3133,3133,341.725597,34435,1
3134,3134,341.736733,34446,1
3135,3135,341.747869,34457,1
3136,3136,341.759003,34468,1
3137,3137,341.770139,34479,1
3138,3138,341.781276,34490,1
3139,3139,341.792412,34501,1
3140,3140,341.803550,34512,1
3141,3141,341.814684,34523,1
3142,3142,341.825822,34534,1
3143,3143,341.836957,34545,1
3144,3144,341.848100,34556,1
3145,3145,341.859230,34567,1
3146,3146,341.870364,34578,1
3147,3147,341.881503,34589,1
3148,3148,341.892639,34600,1
3149,3149,341.903773,34611,1
3150,3150,341.914910,34622,1
3151,3151,341.926048,34633,1
3152,3152,341.937183,34644,1
3153,3153,341.948319,34655,1
3154,3154,341.959455,34666,1
3155,3155,341.970590,34677,1
3156,3156,341.981727,34688,1
3157,3157,341.992863,34699,1
3158,3158,342.004000,34710,1
3159,3159,342.015136,34721,1
3160,3160,342.026271,34732,1
3161,3161,342.037409,34743,1
3162,3162,342.048545,34754,1
3163,3163,342.059681,34765,1
3164,3164,342.070816,34776,1
3165,3165,342.081954,34787,1
3166,3166,342.093097,34798,1
3167,3167,342.104224,34809,1
3168,3168,342.115361,34820,1
3169,3169,342.126497,34831,1
3170,3170,342.137633,34842,1
3171,3171,342.148770,34853,1
3172,3172,342.159906,34864,1
3173,3173,342.171041,34875,1
3174,3174,342.182176,34886,1
3175,3175,342.193313,34897,1
3176,3176,342.204449,34908,1
3177,3177,342.215587,34919,1
3178,3178,342.226723,34930,1
3179,3179,342.237860,34941,1
3180,3180,342.248996,34952,1
3181,3181,342.260130,34963,1
3182,3182,342.271266,34974,1
3183,3183,342.282402,34985,1
3184,3184,342.293539,34996,1
3185,3185,342.304674,35007,1
3186,3186,342.315812,35018,1
3187,3187,342.326949,35029,1
3188,3188,342.338096,35040,1
3189,3189,342.349218,35051,1
3190,3190,342.360355,35062,1
3191,3191,342.371493,35073,1
3192,3192,342.382627,35084,1
3193,3193,342.393764,35095,1
3194,3194,342.404900,35106,1
3195,3195,342.416035,35117,1
3196,3196,342.427174,35128,1
3197,3197,342.438309,35139,1
3198,3198,342.449444,35150,1
3199,3199,342.460582,35161,1
3200,3200,342.471717,35172,1
3201,3201,342.482854,35183,1
3202,3202,342.493990,35194,1
3203,3203,342.505127,35205,1
3204,3204,342.516261,35216,1
3205,3205,342.527399,35227,1
3206,3206,342.538534,35238,1
3207,3207,342.549671,35249,1
3208,3208,342.560808,35260,1
3209,3209,342.571942,35271,1
3210,3210,342.583078,35282,1
3211,3211,342.594214,35293,1
3212,3212,342.605352,35304,1
3213,3213,342.616486,35315,1
3214,3214,342.627624,35326,1
3215,3215,342.638761,35337,1
3216,3216,342.649896,35348,1
3217,3217,342.661033,35359,1
3218,3218,342.672167,35370,1
3219,3219,342.683304,35381,1
3220,3220,342.694439,35392,1
3221,3221,342.705577,35403,1
3222,3222,342.716714,35414,1
3223,3223,342.727849,35425,1
3224,3224,342.737973,35435,1
3225,3225,342.749110,35446,1
3226,3226,342.760246,35457,1
3227,3227,342.771381,35468,1
3228,3228,342.782518,35479,1
3229,3229,342.793654,35490,1
3230,3230,342.804790,35501,1
3231,3231,342.815926,35512,1
3232,3232,342.827062,35523,1
3233,3233,342.838199,35534,1
3234,3234,342.849335,35545,1
3235,3235,342.860470,35556,1
3236,3236,342.871605,35567,1
3237,3237,342.882743,35578,1
3238,3238,342.893880,35589,1
3239,3239,342.905015,35600,1
3240,3240,342.916149,35611,1
3241,3241,342.927288,35622,1
3242,3242,342.938422,35633,1
3243,3243,342.949560,35644,1
3244,3244,342.960695,35655,1
3245,3245,342.971832,35666,1
3246,3246,342.982968,35677,1
3247,3247,342.994104,35688,1
3248,3248,343.005239,35699,1
3249,3249,343.016376,35710,1
3250,3250,343.027511,35721,1
3251,3251,343.038649,35732,1
3252,3252,343.049786,35743,1
3253,3253,343.060921,35754,1
3254,3254,343.072056,35765,1
3255,3255,343.083194,35776,1
3256,3256,343.094328,35787,1
3257,3257,343.105465,35798,1
3258,3258,343.116601,35809,1
3259,3259,343.127739,35820,1
3260,3260,343.138874,35831,1
3261,3261,343.150009,35842,1
3262,3262,343.161147,35853,1
3263,3263,343.172283,35864,1
3264,3264,343.183419,35875,1
3265,3265,343.194553,35886,1
3266,3266,343.205691,35897,1
3267,3267,343.216826,35908,1
3268,3268,343.227963,35919,1
3269,3269,343.239104,35930,1
3270,3270,343.250235,35941,1
3271,3271,343.261371,35952,1
3272,3272,343.272508,35963,1
3273,3273,343.283643,35974,1
3274,3274,343.294779,35985,1
3275,3275,343.305915,35996,1
3276,3276,343.317053,36007,1
3277,3277,343.328190,36018,1
3278,3278,343.339323,36029,1
3279,3279,343.350459,36040,1
3280,3280,343.361598,36051,1
3281,3281,343.372732,36062,1
3282,3282,343.383868,36073,1
3283,3283,343.395006,36084,1
3284,3284,343.406140,36095,1
3285,3285,343.417277,36106,1
3286,3286,343.428412,36117,1
3287,3287,343.439550,36128,1
3288,3288,343.450685,36139,1
3289,3289,343.461821,36150,1
3290,3290,343.472959,36161,1
3291,3291,343.484098,36172,1
3292,3292,343.495230,36183,1
3293,3293,343.506367,36194,1
3294,3294,343.517504,36205,1
3295,3295,343.528640,36216,1
3296,3296,343.539776,36227,1
3297,3297,343.550912,36238,1
3298,3298,343.562046,36249,1
3299,3299,343.573182,36260,1
3300,3300,343.584320,36271,1
3301,3301,343.595456,36282,1
3302,3302,343.606591,36293,1
3303,3303,343.617728,36304,1
3304,3304,343.628863,36315,1
3305,3305,343.639999,36326,1
3306,3306,343.651135,36337,1
3307,3307,343.662273,36348,1
3308,3308,343.673409,36359,1
3309,3309,343.684545,36370,1
3310,3310,343.695680,36381,1
3311,3311,343.706816,36392,1
3312,3312,343.717952,36403,1
3313,3313,343.729096,36414,1
3314,3314,343.740226,36425,1
3315,3315,343.751363,36436,1
3316,3316,343.762499,36447,1
3317,3317,343.773633,36458,1
3318,3318,343.784769,36469,1
3319,3319,343.795907,36480,1
3320,3320,343.807041,36491,1
3321,3321,343.818179,36502,1
3322,3322,343.829316,36513,1
3323,3323,343.840452,36524,1
3324,3324,343.851587,36535,1
3325,3325,343.862723,36546,1
3326,3326,343.873860,36557,1
3327,3327,343.884994,36568,1
3328,3328,343.896132,36579,1
3329,3329,343.907267,36590,1
3330,3330,343.918404,36601,1
3331,3331,343.929541,36612,1
3332,3332,343.940677,36623,1
3333,3333,343.951813,36634,1
3334,3334,343.962950,36645,1
3335,3335,343.974095,36656,1
3336,3336,343.985222,36667,1
3337,3337,343.996357,36678,1
3338,3338,344.007494,36689,1
3339,3339,344.018630,36700,1
3340,3340,344.029765,36711,1
3341,3341,344.040902,36722,1
3342,3342,344.052037,36733,1
3343,3343,344.063175,36744,1
3344,3344,344.074309,36755,1
3345,3345,344.084434,36765,1
3346,3346,344.095570,36776,1
3347,3347,344.106705,36787,1
3348,3348,344.117843,36798,1
3349,3349,344.128979,36809,1
3350,3350,344.140115,36820,1
3351,3351,344.151251,36831,1
3352,3352,344.162386,36842,1
3353,3353,344.173523,36853,1
3354,3354,344.184660,36864,1
3355,3355,344.195796,36875,1
3356,3356,344.206930,36886,1
3357,3357,344.218069,36897,1
3358,3358,344.229205,36908,1
3359,3359,344.240339,36919,1
3360,3360,344.251477,36930,1
3361,3361,344.262612,36941,1
3362,3362,344.273747,36952,1
3363,3363,344.284885,36963,1
3364,3364,344.296019,36974,1
3365,3365,344.307157,36985,1
3366,3366,344.318292,36996,1
3367,3367,344.329428,37007,1
3368,3368,344.340565,37018,1
3369,3369,344.351702,37029,1
3370,3370,344.362837,37040,1
3371,3371,344.373972,37051,1
3372,3372,344.385108,37062,1
3373,3373,344.396246,37073,1
3374,3374,344.407382,37084,1
3375,3375,344.418518,37095,1
3376,3376,344.429655,37106,1
3377,3377,344.440789,37117,1
3378,3378,344.451927,37128,1
3379,3379,344.463063,37139,1
3380,3380,344.474199,37150,1
3381,3381,344.485336,37161,1
3382,3382,344.496472,37172,1
3383,3383,344.507608,37183,1
3384,3384,344.518744,37194,1
3385,3385,344.529879,37205,1
3386,3386,344.541015,37216,1
3387,3387,344.552150,37227,1
3388,3388,344.563287,37238,1
3389,3389,344.574424,37249,1
3390,3390,344.585562,37260,1
3391,3391,344.596696,37271,1
3392,3392,344.607834,37282,1
3393,3393,344.618970,37293,1
3394,3394,344.630106,37304,1
3395,3395,344.641242,37315,1
3396,3396,344.652378,37326,1
3397,3397,344.663512,37337,1
3398,3398,344.674648,37348,1
3399,3399,344.685784,37359,1
3400,3400,344.696920,37370,1
3401,3401,344.708057,37381,1
3402,3402,344.719195,37392,1
3403,3403,344.730330,37403,1
3404,3404,344.741466,37414,1
3405,3405,344.752603,37425,1
3406,3406,344.763739,37436,1
3407,3407,344.774875,37447,1
3408,3408,344.786012,37458,1
3409,3409,344.797146,37469,1
3410,3410,344.808282,37480,1
3411,3411,344.819418,37491,1
3412,3412,344.830555,37502,1
3413,3413,344.841693,37513,1
3414,3414,344.852828,37524,1
3415,3415,344.863964,37535,1
3416,3416,344.875104,37546,1
3417,3417,344.886235,37557,1
3418,3418,344.897372,37568,1
3419,3419,344.908509,37579,1
3420,3420,344.919646,37590,1
3421,3421,344.930780,37601,1
3422,3422,344.941916,37612,1
3423,3423,344.953053,37623,1
3424,3424,344.964189,37634,1
3425,3425,344.975326,37645,1
3426,3426,344.986462,37656,1
3427,3427,344.997599,37667,1
3428,3428,345.008732,37678,1
3429,3429,345.019869,37689,1
3430,3430,345.031006,37700,1
3431,3431,345.042143,37711,1
3432,3432,345.053279,37722,1
3433,3433,345.064416,37733,1
3434,3434,345.075549,37744,1
3435,3435,345.086687,37755,1
3436,3436,345.097823,37766,1
3437,3437,345.108959,37777,1
3438,3438,345.120098,37788,1
3439,3439,345.131232,37799,1
3440,3440,345.142368,37810,1
3441,3441,345.153505,37821,1
3442,3442,345.164640,37832,1
3443,3443,345.175776,37843,1
3444,3444,345.186913,37854,1
3445,3445,345.198047,37865,1
3446,3446,345.209183,37876,1
3447,3447,345.220319,37887,1
3448,3448,345.231457,37898,1
3449,3449,345.242594,37909,1
3450,3450,345.253729,37920,1
3451,3451,345.264866,37931,1
3452,3452,345.276002,37942,1
3453,3453,345.287136,37953,1
3454,3454,345.298272,37964,1
3455,3455,345.309410,37975,1
3456,3456,345.320544,37986,1
3457,3457,345.331682,37997,1
3458,3458,345.342819,38008,1
3459,3459,345.353954,38019,1
3460,3460,345.365098,38030,1
3461,3461,345.376225,38041,1
3462,3462,345.387362,38052,1
3463,3463,345.398500,38063,1
3464,3464,345.409634,38074,1
3465,3465,345.420771,38085,1
3466,3466,345.430895,38095,1
3467,3467,345.442030,38106,1
3468,3468,345.453167,38117,1
3469,3469,345.464302,38128,1
3470,3470,345.475440,38139,1
3471,3471,345.486575,38150,1
3472,3472,345.497712,38161,1
3473,3473,345.508848,38172,1
3474,3474,345.519985,38183,1
3475,3475,345.531120,38194,1
3476,3476,345.542256,38205,1
3477,3477,345.553392,38216,1
3478,3478,345.564528,38227,1
3479,3479,345.575666,38238,1
3480,3480,345.586799,38249,1
3481,3481,345.597938,38260,1
3482,3482,345.609074,38271,1
3483,3483,345.620210,38282,1
3484,3484,345.631347,38293,1
3485,3485,345.642481,38304,1
3486,3486,345.653619,38315,1
3487,3487,345.664754,38326,1
3488,3488,345.675890,38337,1
3489,3489,345.687027,38348,1
3490,3490,345.698162,38359,1
3491,3491,345.709298,38370,1
3492,3492,345.720436,38380,1
3493,3493,345.731571,38391,1
3494,3494,345.742708,38402,1
3495,3495,345.753844,38413,1
3496,3496,345.764980,38424,1
3497,3497,345.776114,38435,1
3498,3498,345.787252,38446,1
3499,3499,345.798386,38457,1
3500,3500,345.809524,38468,1
3501,3501,345.820658,38479,1
3502,3502,345.831795,38490,1
3503,3503,345.842933,38501,1
3504,3504,345.854068,38512,1
3505,3505,345.865204,38523,1
3506,3506,345.876340,38534,1
3507,3507,345.887478,38545,1
3508,3508,345.898612,38556,1
3509,3509,345.909748,38567,1
3510,3510,345.920886,38578,1
3511,3511,345.932022,38589,1
3512,3512,345.943157,38600,1
3513,3513,345.954295,38611,1
3514,3514,345.965431,38622,1
3515,3515,345.976567,38633,1
3516,3516,345.987701,38644,1
3517,3517,345.998839,38655,1
3518,3518,346.009975,38666,1
3519,3519,346.021112,38677,1
3520,3520,346.032245,38688,1
3521,3521,346.043382,38699,1
3522,3522,346.054519,38710,1
3523,3523,346.065654,38721,1
3524,3524,346.076792,38732,1
3525,3525,346.087928,38743,1
3526,3526,346.099063,38754,1
3527,3527,346.110200,38765,1
3528,3528,346.121335,38776,1
3529,3529,346.132472,38787,1
3530,3530,346.143607,38798,1
3531,3531,346.154744,38809,1
3532,3532,346.165881,38820,1
3533,3533,346.177018,38831,1
3534,3534,346.188152,38842,1
3535,3535,346.199290,38853,1
3536,3536,346.210424,38864,1
3537,3537,346.221563,38875,1
3538,3538,346.232696,38886,1
3539,3539,346.243835,38897,1
3540,3540,346.254968,38908,1
3541,3541,346.266107,38919,1
3542,3542,346.277243,38930,1
3543,3543,346.288378,38941,1
3544,3544,346.299513,38952,1
3545,3545,346.310649,38963,1
3546,3546,346.321786,38974,1
3547,3547,346.332923,38985,1
3548,3548,346.344058,38996,1
3549,3549,346.355194,39007,1
3550,3550,346.366330,39018,1
3551,3551,346.377468,39029,1
3552,3552,346.388604,39040,1
3553,3553,346.399740,39051,1
3554,3554,346.410876,39062,1
3555,3555,346.422012,39073,1
3556,3556,346.433148,39084,1
3557,3557,346.444283,39095,1
3558,3558,346.455419,39106,1
3559,3559,346.466556,39117,1
3560,3560,346.477692,39128,1
3561,3561,346.488829,39139,1
3562,3562,346.499964,39150,1
3563,3563,346.511101,39161,1
3564,3564,346.522237,39172,1
3565,3565,346.533373,39183,1
3566,3566,346.544511,39194,1
3567,3567,346.555646,39205,1
3568,3568,346.566781,39216,1
3569,3569,346.577919,39227,1
3570,3570,346.589053,39238,1
3571,3571,346.600189,39249,1
3572,3572,346.611327,39260,1
3573,3573,346.622463,39271,1
3574,3574,346.633599,39282,1
3575,3575,346.644735,39293,1
3576,3576,346.655871,39304,1
3577,3577,346.667006,39315,1
3578,3578,346.678144,39326,1
3579,3579,346.689278,39337,1
3580,3580,346.700415,39348,1
3581,3581,346.711552,39359,1
3582,3582,346.722688,39370,1
3583,3583,346.733822,39381,1
3584,3584,346.744959,39392,1
3585,3585,346.756099,39403,1
3586,3586,346.767232,39414,1
3587,3587,346.777357,39424,1
3588,3588,346.788494,39435,1
3589,3589,346.799628,39446,1
3590,3590,346.810764,39457,1
3591,3591,346.821899,39468,1
3592,3592,346.833038,39479,1
3593,3593,346.844174,39490,1
3594,3594,346.855310,39501,1
3595,3595,346.866446,39512,1
3596,3596,346.877581,39523,1
3597,3597,346.888719,39534,1
3598,3598,346.899855,39545,1
3599,3599,346.910991,39556,1
3600,3600,346.922127,39567,1
3601,3601,346.933263,39578,1
3602,3602,346.944399,39589,1
3603,3603,346.955534,39600,1
3604,3604,346.966672,39611,1
3605,3605,346.977806,39622,1
3606,3606,346.988944,39633,1
3607,3607,347.000078,39644,1
3608,3608,347.011216,39655,1
3609,3609,347.022351,39666,1
3610,3610,347.033486,39677,1
3611,3611,347.044622,39688,1
3612,3612,347.055760,39699,1
3613,3613,347.066896,39710,1
3614,3614,347.078031,39721,1
3615,3615,347.089169,39732,1
3616,3616,347.100303,39743,1
3617,3617,347.111441,39754,1
3618,3618,347.122576,39765,1
3619,3619,347.133714,39776,1
3620,3620,347.144850,39787,1
3621,3621,347.155986,39798,1
3622,3622,347.167122,39809,1
3623,3623,347.178259,39820,1
3624,3624,347.189394,39831,1
3625,3625,347.200530,39842,1
3626,3626,347.211667,39853,1
3627,3627,347.222803,39864,1
3628,3628,347.233939,39875,1
3629,3629,347.245074,39886,1
3630,3630,347.256210,39897,1
3631,3631,347.267347,39908,1
3632,3632,347.278481,39919,1
3633,3633,347.289619,39930,1
3634,3634,347.300754,39941,1
3635,3635,347.311890,39952,1
3636,3636,347.323027,39963,1
3637,3637,347.334162,39974,1
3638,3638,347.345299,39985,1
3639,3639,347.356436,39996,1
3640,3640,347.367573,40007,1
3641,3641,347.378709,40018,1
3642,3642,347.389845,40029,1
3643,3643,347.400981,40040,1
3644,3644,347.412117,40051,1
3645,3645,347.423253,40062,1
3646,3646,347.434390,40073,1
3647,3647,347.445525,40084,1
3648,3648,347.456660,40095,1
3649,3649,347.467796,40106,1
3650,3650,347.478933,40117,1
3651,3651,347.490069,40128,1
3652,3652,347.501204,40139,1
3653,3653,347.512342,40150,1
3654,3654,347.523477,40161,1
3655,3655,347.534615,40172,1
3656,3656,347.545752,40183,1
3657,3657,347.556886,40194,1
3658,3658,347.568021,40205,1
3659,3659,347.579160,40216,1
3660,3660,347.590294,40227,1
3661,3661,347.601430,40238,1
3662,3662,347.612568,40249,1
3663,3663,347.623703,40260,1
3664,3664,347.634840,40271,1
3665,3665,347.645977,40282,1
3666,3666,347.657113,40293,1
3667,3667,347.668248,40304,1
3668,3668,347.679383,40315,1
3669,3669,347.690521,40326,1
3670,3670,347.701655,40337,1
3671,3671,347.712794,40348,1
3672,3672,347.723929,40359,1
3673,3673,347.735064,40370,1
3674,3674,347.746200,40381,1
3675,3675,347.757337,40392,1
3676,3676,347.768473,40403,1
3677,3677,347.779610,40414,1
3678,3678,347.790744,40425,1
3679,3679,347.801880,40436,1
3680,3680,347.813018,40447,1
3681,3681,347.824155,40458,1
3682,3682,347.835290,40469,1
3683,3683,347.846426,40480,1
3684,3684,347.857564,40491,1
3685,3685,347.868699,40502,1
3686,3686,347.879835,40513,1
3687,3687,347.890971,40524,1
3688,3688,347.902106,40535,1
3689,3689,347.913242,40546,1
3690,3690,347.924380,40557,1
3691,3691,347.935516,40568,1
3692,3692,347.946651,40579,1
3693,3693,347.957789,40590,1
3694,3694,347.968924,40601,1
3695,3695,347.980061,40612,1
3696,3696,347.991197,40623,1
3697,3697,348.002332,40634,1
3698,3698,348.013467,40645,1
3699,3699,348.024605,40656,1
3700,3700,348.035741,40667,1
3701,3701,348.046877,40678,1
3702,3702,348.058014,40689,1
3703,3703,348.069150,40700,1
3704,3704,348.080286,40711,1
3705,3705,348.091422,40722,1
3706,3706,348.102557,40733,1
3707,3707,348.113695,40744,1
3708,3708,348.123819,40754,1
3709,3709,348.134955,40765,1
3710,3710,348.146099,40776,1
3711,3711,348.157226,40787,1
3712,3712,348.168362,40798,1
3713,3713,348.179498,40809,1
3714,3714,348.190636,40820,1
3715,3715,348.201769,40831,1
3716,3716,348.212907,40842,1
3717,3717,348.224042,40853,1
3718,3718,348.235178,40864,1
3719,3719,348.246314,40875,1
3720,3720,348.257450,40886,1
3721,3721,348.268586,40897,1
3722,3722,348.279723,40908,1
3723,3723,348.290859,40919,1
3724,3724,348.301995,40930,1
3725,3725,348.313131,40941,1
3726,3726,348.324268,40952,1
3727,3727,348.335406,40963,1
3728,3728,348.346541,40974,1
3729,3729,348.357676,40985,1
3730,3730,348.368812,40996,1
3731,3731,348.379949,41007,1
3732,3732,348.391099,41018,1
3733,3733,348.402221,41029,1
3734,3734,348.413359,41040,1
3735,3735,348.424494,41051,1
3736,3736,348.435630,41062,1
3737,3737,348.446765,41073,1
3738,3738,348.457903,41084,1
3739,3739,348.469039,41095,1
3740,3740,348.480174,41106,1
3741,3741,348.491311,41117,1
3742,3742,348.502447,41128,1
3743,3743,348.513583,41139,1
3744,3744,348.524719,41150,1
3745,3745,348.535856,41161,1
3746,3746,348.546991,41172,1
3747,3747,348.558128,41183,1
3748,3748,348.569265,41194,1
3749,3749,348.580400,41205,1
3750,3750,348.591535,41216,1
3751,3751,348.602673,41227,1
3752,3752,348.613809,41238,1
3753,3753,348.624946,41249,1
3754,3754,348.636079,41260,1
3755,3755,348.647218,41271,1
3756,3756,348.658354,41282,1
3757,3757,348.669489,41293,1
3758,3758,348.680626,41304,1
3759,3759,348.691762,41315,1
3760,3760,348.702898,41326,1
3761,3761,348.714032,41337,1
3762,3762,348.725169,41348,1
3763,3763,348.736305,41359,1
3764,3764,348.747441,41370,1
3765,3765,348.758577,41381,1
3766,3766,348.769715,41392,1
3767,3767,348.780850,41403,1
3768,3768,348.791986,41414,1
3769,3769,348.803123,41425,1
3770,3770,348.814258,41436,1
3771,3771,348.825396,41447,1
3772,3772,348.836531,41458,1
3773,3773,348.847668,41469,1
3774,3774,348.858802,41480,1
3775,3775,348.869940,41491,1
3776,3776,348.881076,41502,1
3777,3777,348.892213,41513,1
3778,3778,348.903349,41524,1
3779,3779,348.914483,41535,1
3780,3780,348.925621,41546,1
3781,3781,348.936757,41557,1
3782,3782,348.947893,41568,1
3783,3783,348.959030,41579,1
3784,3784,348.970166,41590,1
3785,3785,348.981302,41601,1
3786,3786,348.992437,41612,1
3787,3787,349.003574,41623,1
3788,3788,349.014710,41634,1
3789,3789,349.025847,41645,1
3790,3790,349.036982,41656,1
3791,3791,349.048117,41667,1
3792,3792,349.059255,41678,1
3793,3793,349.070389,41689,1
3794,3794,349.081525,41700,1
3795,3795,349.092663,41711,1
3796,3796,349.103798,41722,1
3797,3797,349.114936,41733,1
3798,3798,349.126072,41744,1
3799,3799,349.137206,41755,1
3800,3800,349.148342,41766,1
3801,3801,349.159478,41777,1
3802,3802,349.170616,41788,1
3803,3803,349.181751,41799,1
3804,3804,349.192888,41810,1
3805,3805,349.204025,41821,1
3806,3806,349.215159,41832,1
3807,3807,349.226296,41843,1
3808,3808,349.237431,41854,1
3809,3809,349.248569,41865,1
3810,3810,349.259704,41876,1
3811,3811,349.270841,41887,1
3812,3812,349.281977,41898,1
3813,3813,349.293115,41909,1
3814,3814,349.304248,41920,1
3815,3815,349.315387,41931,1
3816,3816,349.326523,41942,1
3817,3817,349.337657,41953,1
3818,3818,349.348793,41964,1
3819,3819,349.359930,41975,1
3820,3820,349.371067,41986,1
3821,3821,349.382201,41997,1
3822,3822,349.393339,42008,1
3823,3823,349.404473,42019,1
3824,3824,349.415610,42030,1
3825,3825,349.426746,42041,1
3826,3826,349.437884,42052,1
3827,3827,349.449020,42063,1
3828,3828,349.459142,42073,1
3829,3829,349.470279,42084,1
3830,3830,349.481417,42095,1
3831,3831,349.492553,42106,1
3832,3832,349.503686,42117,1
3833,3833,349.514824,42128,1
3834,3834,349.525960,42139,1
3835,3835,349.537098,42150,1
3836,3836,349.548231,42161,1
3837,3837,349.559369,42172,1
3838,3838,349.570505,42183,1
3839,3839,349.581642,42194,1
3840,3840,349.592778,42205,1
3841,3841,349.603913,42216,1
3842,3842,349.615049,42227,1
3843,3843,349.626184,42238,1
3844,3844,349.637322,42249,1
3845,3845,349.648458,42260,1
3846,3846,349.659594,42271,1
3847,3847,349.670729,42282,1
3848,3848,349.681867,42293,1
3849,3849,349.693002,42304,1
3850,3850,349.704139,42315,1
3851,3851,349.715275,42326,1
3852,3852,349.726410,42337,1
3853,3853,349.737546,42348,1
3854,3854,349.748684,42359,1
3855,3855,349.759820,42370,1
3856,3856,349.770954,42381,1
3857,3857,349.782097,42392,1
3858,3858,349.793228,42403,1
3859,3859,349.804365,42414,1
3860,3860,349.815499,42425,1
3861,3861,349.826637,42436,1
3862,3862,349.837773,42447,1
3863,3863,349.848909,42458,1
3864,3864,349.860046,42469,1
3865,3865,349.871180,42480,1
3866,3866,349.882317,42491,1
3867,3867,349.893454,42502,1
3868,3868,349.904590,42513,1
3869,3869,349.915726,42524,1
3870,3870,349.926863,42535,1
3871,3871,349.937996,42546,1
3872,3872,349.949132,42557,1
3873,3873,349.960270,42568,1
3874,3874,349.971405,42579,1
3875,3875,349.982543,42590,1
3876,3876,349.993678,42601,1
3877,3877,350.004815,42612,1
3878,3878,350.015952,42623,1
3879,3879,350.027100,42634,1
3880,3880,350.038222,42645,1
3881,3881,350.049358,42656,1
3882,3882,350.060495,42667,1
3883,3883,350.071632,42678,1
3884,3884,350.082766,42689,1
3885,3885,350.093905,42700,1
3886,3886,350.105041,42711,1
3887,3887,350.116175,42722,1
3888,3888,350.127312,42733,1
3889,3889,350.138449,42744,1
3890,3890,350.149584,42755,1
3891,3891,350.160722,42766,1
3892,3892,350.171858,42777,1
3893,3893,350.182992,42788,1
3894,3894,350.194128,42799,1
3895,3895,350.205266,42810,1
3896,3896,350.216400,42821,1
3897,3897,350.227537,42832,1
3898,3898,350.238674,42843,1
3899,3899,350.249810,42854,1
3900,3900,350.260945,42865,1
3901,3901,350.272081,42876,1
3902,3902,350.283218,42887,1
3903,3903,350.294353,42898,1
3904,3904,350.305490,42909,1
3905,3905,350.316625,42920,1
3906,3906,350.327763,42931,1
3907,3907,350.338899,42942,1
3908,3908,350.350036,42953,1
3909,3909,350.361171,42964,1
3910,3910,350.372308,42975,1
3911,3911,350.383444,42986,1
3912,3912,350.394579,42997,1
3913,3913,350.405717,43008,1
3914,3914,350.416853,43019,1
3915,3915,350.427989,43030,1
3916,3916,350.439125,43041,1
3917,3917,350.450262,43052,1
3918,3918,350.461398,43063,1
3919,3919,350.472534,43074,1
3920,3920,350.483669,43085,1
3921,3921,350.494805,43096,1
3922,3922,350.505942,43107,1
3923,3923,350.517078,43118,1
3924,3924,350.528214,43129,1
3925,3925,350.539351,43140,1
3926,3926,350.550485,43151,1
3927,3927,350.561621,43162,1
3928,3928,350.572758,43173,1
3929,3929,350.583894,43184,1
3930,3930,350.595030,43195,1
3931,3931,350.606168,43206,1
3932,3932,350.617304,43217,1
3933,3933,350.628438,43228,1
3934,3934,350.639576,43239,1
3935,3935,350.650712,43250,1
3936,3936,350.661846,43261,1
3937,3937,350.672982,43272,1
3938,3938,350.684121,43283,1
3939,3939,350.695255,43294,1
3940,3940,350.706391,43305,1
3941,3941,350.717789,43315,1
3942,3942,350.728665,43326,1
3943,3943,350.739801,43337,1
3944,3944,350.750938,43348,1
3945,3945,350.762071,43359,1
3946,3946,350.773208,43370,1
3947,3947,350.784345,43381,1
3948,3948,350.795482,43392,1
3949,3949,350.805606,43402,1
3950,3950,350.816742,43413,1
3951,3951,350.827879,43424,1
3952,3952,350.839015,43435,1
3953,3953,350.850149,43446,1
3954,3954,350.861286,43457,1
3955,3955,350.872421,43468,1
3956,3956,350.883559,43479,1
3957,3957,350.894694,43490,1
3958,3958,350.905831,43501,1
3959,3959,350.916967,43512,1
3960,3960,350.928103,43523,1
3961,3961,350.939239,43534,1
3962,3962,350.950376,43545,1
3963,3963,350.961512,43556,1
3964,3964,350.972647,43567,1
3965,3965,350.983782,43578,1
3966,3966,350.994921,43589,1
3967,3967,351.006055,43600,1
3968,3968,351.017193,43611,1
3969,3969,351.028328,43622,1
3970,3970,351.039465,43633,1
3971,3971,351.050599,43644,1
3972,3972,351.061738,43655,1
3973,3973,351.072874,43666,1
3974,3974,351.084008,43677,1
3975,3975,351.095146,43688,1
3976,3976,351.106282,43699,1
3977,3977,351.117416,43710,1
3978,3978,351.128553,43721,1
3979,3979,351.139689,43732,1
3980,3980,351.150827,43743,1
3981,3981,351.161963,43754,1
3982,3982,351.173100,43765,1
3983,3983,351.184235,43776,1
3984,3984,351.195371,43787,1
3985,3985,351.206506,43798,1
3986,3986,351.217644,43809,1
3987,3987,351.228780,43820,1
3988,3988,351.239915,43831,1
3989,3989,351.251052,43842,1
3990,3990,351.262186,43853,1
3991,3991,351.273322,43864,1
3992,3992,351.284459,43875,1
3993,3993,351.295596,43886,1
3994,3994,351.306732,43897,1
3995,3995,351.317867,43908,1
3996,3996,351.329005,43919,1
3997,3997,351.340140,43930,1
3998,3998,351.351275,43941,1
3999,3999,351.362413,43952,1
4000,4000,351.373549,43963,1
4001,4001,351.384684,43974,1
4002,4002,351.395821,43985,1
4003,4003,351.406956,43996,1
4004,4004,351.418099,44007,1
4005,4005,351.429230,44018,1
4006,4006,351.440366,44029,1
4007,4007,351.451502,44040,1
4008,4008,351.462637,44051,1
4009,4009,351.473773,44062,1
4010,4010,351.484910,44073,1
4011,4011,351.496048,44084,1
4012,4012,351.507182,44095,1
4013,4013,351.518318,44106,1
4014,4014,351.529456,44117,1
4015,4015,351.540591,44128,1
4016,4016,351.551728,44139,1
4017,4017,351.562864,44150,1
4018,4018,351.574000,44161,1
4019,4019,351.585137,44172,1
4020,4020,351.596273,44183,1
4021,4021,351.607410,44194,1
4022,4022,351.618543,44205,1
4023,4023,351.629680,44216,1
4024,4024,351.640817,44227,1
4025,4025,351.651954,44238,1
4026,4026,351.663098,44249,1
4027,4027,351.674225,44260,1
4028,4028,351.685360,44271,1
4029,4029,351.696498,44282,1
4030,4030,351.707634,44293,1
4031,4031,351.718770,44304,1
4032,4032,351.729906,44315,1
4033,4033,351.741043,44326,1
4034,4034,351.752177,44337,1
4035,4035,351.763314,44348,1
4036,4036,351.774450,44359,1
4037,4037,351.785586,44370,1
4038,4038,351.796722,44381,1
4039,4039,351.807858,44392,1
4040,4040,351.818996,44403,1
4041,4041,351.830130,44414,1
4042,4042,351.841267,44425,1
4043,4043,351.852402,44436,1
4044,4044,351.863541,44447,1
4045,4045,351.874676,44458,1
4046,4046,351.885811,44469,1
4047,4047,351.896949,44480,1
4048,4048,351.908083,44491,1
4049,4049,351.919220,44502,1
4050,4050,351.930356,44513,1
4051,4051,351.941493,44524,1
4052,4052,351.952630,44535,1
4053,4053,351.963766,44546,1
4054,4054,351.974901,44557,1
4055,4055,351.986037,44568,1
4056,4056,351.997174,44579,1
4057,4057,352.008310,44590,1
4058,4058,352.019444,44601,1
4059,4059,352.030583,44612,1
4060,4060,352.041718,44623,1
4061,4061,352.052855,44634,1
4062,4062,352.063991,44645,1
4063,4063,352.075127,44656,1
4064,4064,352.086263,44667,1
4065,4065,352.097400,44678,1
4066,4066,352.108535,44689,1
4067,4067,352.119671,44700,1
4068,4068,352.130807,44711,1
4069,4069,352.141942,44722,1
4070,4070,352.152066,44732,1
4071,4071,352.163203,44743,1
4072,4072,352.174340,44754,1
4073,4073,352.185476,44765,1
4074,4074,352.196612,44776,1
4075,4075,352.207748,44787,1
4076,4076,352.218883,44798,1
4077,4077,352.230021,44809,1
4078,4078,352.241156,44820,1
4079,4079,352.252291,44831,1
4080,4080,352.263429,44842,1
4081,4081,352.274566,44853,1
4082,4082,352.285702,44864,1
4083,4083,352.296836,44875,1
4084,4084,352.307972,44886,1
4085,4085,352.319110,44897,1
4086,4086,352.330246,44908,1
4087,4087,352.341381,44919,1
4088,4088,352.352518,44930,1
4089,4089,352.363655,44941,1
4090,4090,352.374790,44952,1
4091,4091,352.385925,44963,1
4092,4092,352.397062,44974,1
4093,4093,352.408199,44985,1
4094,4094,352.419336,44996,1
4095,4095,352.430471,45007,1
4096,4096,352.441606,45018,1
4097,4097,352.452744,45029,1
4098,4098,352.463880,45040,1
4099,4099,352.475016,45051,1
4100,4100,352.486153,45062,1
4101,4101,352.497287,45073,1
4102,4102,352.508424,45084,1
4103,4103,352.519561,45095,1
4104,4104,352.530696,45106,1
4105,4105,352.541832,45117,1
4106,4106,352.552967,45128,1
4107,4107,352.564104,45139,1
4108,4108,352.575241,45150,1
4109,4109,352.586378,45161,1
4110,4110,352.597512,45172,1
4111,4111,352.608650,45183,1
4112,4112,352.619786,45194,1
4113,4113,352.630923,45205,1
4114,4114,352.642056,45216,1
4115,4115,352.653195,45227,1
4116,4116,352.664329,45238,1
4117,4117,352.675466,45249,1
4118,4118,352.686602,45260,1
4119,4119,352.697740,45271,1
4120,4120,352.708875,45282,1
4121,4121,352.720010,45293,1
4122,4122,352.731148,45304,1
4123,4123,352.742284,45315,1
4124,4124,352.753418,45326,1
4125,4125,352.764555,45337,1
4126,4126,352.775690,45348,1
4127,4127,352.786829,45359,1
4128,4128,352.797964,45370,1
4129,4129,352.809101,45381,1
4130,4130,352.820235,45392,1
4131,4131,352.831373,45403,1
4132,4132,352.842509,45414,1
4133,4133,352.853646,45425,1
4134,4134,352.864781,45436,1
4135,4135,352.875918,45447,1
4136,4136,352.887053,45458,1
4137,4137,352.898188,45469,1
4138,4138,352.909326,45480,1
4139,4139,352.920462,45491,1
4140,4140,352.931599,45502,1
4141,4141,352.942732,45513,1
4142,4142,352.953869,45524,1
4143,4143,352.965007,45535,1
4144,4144,352.976144,45546,1
4145,4145,352.987277,45557,1
4146,4146,352.998415,45568,1
4147,4147,353.009551,45579,1
4148,4148,353.020686,45590,1
4149,4149,353.031822,45601,1
4150,4150,353.042959,45612,1
4151,4151,353.054098,45623,1
4152,4152,353.065230,45634,1
4153,4153,353.076368,45645,1
4154,4154,353.087502,45656,1
4155,4155,353.098639,45667,1
4156,4156,353.109775,45678,1
4157,4157,353.120913,45689,1
4158,4158,353.132048,45700,1
4159,4159,353.143184,45711,1
4160,4160,353.154322,45722,1
4161,4161,353.165456,45733,1
4162,4162,353.176593,45744,1
4163,4163,353.187728,45755,1
4164,4164,353.198866,45766,1
4165,4165,353.210002,45777,1
4166,4166,353.221139,45788,1
4167,4167,353.232275,45799,1
4168,4168,353.243411,45810,1
4169,4169,353.254547,45821,1
4170,4170,353.265683,45832,1
4171,4171,353.276819,45843,1
4172,4172,353.287954,45854,1
4173,4173,353.299096,45865,1
4174,4174,353.310226,45876,1
4175,4175,353.321362,45887,1
4176,4176,353.332499,45898,1
4177,4177,353.343636,45909,1
4178,4178,353.354770,45920,1
4179,4179,353.365909,45931,1
4180,4180,353.377045,45942,1
4181,4181,353.388179,45953,1
4182,4182,353.399315,45964,1
4183,4183,353.410452,45975,1
4184,4184,353.421588,45986,1
4185,4185,353.432724,45997,1
4186,4186,353.443862,46008,1
4187,4187,353.454997,46019,1
4188,4188,353.466132,46030,1
4189,4189,353.477268,46041,1
4190,4190,353.488406,46052,1
4191,4191,353.498529,46062,1
4192,4192,353.509666,46073,1
4193,4193,353.520802,46084,1
4194,4194,353.531938,46095,1
4195,4195,353.543074,46106,1
4196,4196,353.554210,46117,1
4197,4197,353.565346,46128,1
4198,4198,353.576483,46139,1
4199,4199,353.587619,46150,1
4200,4200,353.598755,46161,1
4201,4201,353.609890,46172,1
4202,4202,353.621028,46183,1
4203,4203,353.632163,46194,1
4204,4204,353.643300,46205,1
4205,4205,353.654434,46216,1
4206,4206,353.665572,46227,1
4207,4207,353.676708,46238,1
4208,4208,353.687844,46249,1
4209,4209,353.698979,46260,1
4210,4210,353.710117,46271,1
4211,4211,353.721252,46282,1
4212,4212,353.732387,46293,1
4213,4213,353.743526,46304,1
4214,4214,353.754659,46315,1
4215,4215,353.765797,46326,1
4216,4216,353.776933,46337,1
4217,4217,353.788070,46348,1
4218,4218,353.799206,46359,1
4219,4219,353.810341,46370,1
4220,4220,353.821476,46381,1
4221,4221,353.832614,46392,1
4222,4222,353.843751,46403,1
4223,4223,353.854885,46414,1
4224,4224,353.866021,46425,1
4225,4225,353.877158,46436,1
4226,4226,353.888293,46447,1
4227,4227,353.899430,46458,1
4228,4228,353.910567,46469,1
4229,4229,353.921702,46480,1
4230,4230,353.932840,46491,1
4231,4231,353.943976,46502,1
4232,4232,353.955110,46513,1
4233,4233,353.966248,46524,1
4234,4234,353.977383,46535,1
4235,4235,353.988521,46546,1
4236,4236,353.999655,46557,1
4237,4237,354.010791,46568,1
4238,4238,354.021927,46579,1
4239,4239,354.033065,46590,1
4240,4240,354.044201,46601,1
4241,4241,354.055337,46612,1
4242,4242,354.066474,46623,1
4243,4243,354.077610,46634,1
4244,4244,354.088746,46645,1
4245,4245,354.099881,46656,1
4246,4246,354.111018,46667,1
4247,4247,354.122152,46678,1
4248,4248,354.133290,46689,1
4249,4249,354.144427,46700,1
4250,4250,354.155561,46711,1
4251,4251,354.166698,46722,1
4252,4252,354.177835,46733,1
4253,4253,354.188971,46744,1
4254,4254,354.200107,46755,1
4255,4255,354.211242,46766,1
4256,4256,354.222379,46777,1
4257,4257,354.233514,46788,1
4258,4258,354.244652,46799,1
4259,4259,354.255788,46810,1
4260,4260,354.266925,46821,1
4261,4261,354.278059,46832,1
4262,4262,354.289196,46843,1
4263,4263,354.300333,46854,1
4264,4264,354.311468,46865,1
4265,4265,354.322605,46876,1
4266,4266,354.333742,46887,1
4267,4267,354.344876,46898,1
4268,4268,354.356013,46909,1
4269,4269,354.367148,46920,1
4270,4270,354.378284,46931,1
4271,4271,354.389423,46942,1
4272,4272,354.400559,46953,1
4273,4273,354.411693,46964,1
4274,4274,354.422830,46975,1
4275,4275,354.433966,46986,1
4276,4276,354.445103,46997,1
4277,4277,354.456239,47008,1
4278,4278,354.467375,47019,1
4279,4279,354.478510,47030,1
4280,4280,354.489648,47041,1
4281,4281,354.500784,47052,1
4282,4282,354.511920,47063,1
4283,4283,354.523057,47074,1
4284,4284,354.534190,47085,1
4285,4285,354.545328,47096,1
4286,4286,354.556463,47107,1
4287,4287,354.567600,47118,1
4288,4288,354.578736,47129,1
4289,4289,354.589871,47140,1
4290,4290,354.601009,47151,1
4291,4291,354.612143,47162,1
4292,4292,354.623280,47173,1
4293,4293,354.634418,47184,1
4294,4294,354.645552,47195,1
4295,4295,354.656688,47206,1
4296,4296,354.667825,47217,1
4297,4297,354.678961,47228,1
4298,4298,354.690101,47239,1
4299,4299,354.701233,47250,1
4300,4300,354.712371,47261,1
4301,4301,354.723506,47272,1
4302,4302,354.734643,47283,1
4303,4303,354.745778,47294,1
4304,4304,354.756915,47305,1
4305,4305,354.768051,47316,1
4306,4306,354.779188,47327,1
4307,4307,354.790322,47338,1
4308,4308,354.801459,47349,1
4309,4309,354.812594,47360,1
4310,4310,354.823731,47371,1
4311,4311,354.834869,47382,1
4312,4312,354.844992,47392,1
4313,4313,354.856128,47403,1
4314,4314,354.867263,47414,1
4315,4315,354.878401,47425,1
4316,4316,354.889537,47436,1
4317,4317,354.900672,47447,1
4318,4318,354.911807,47458,1
4319,4319,354.922946,47469,1
4320,4320,354.934079,47480,1
4321,4321,354.945218,47491,1
4322,4322,354.956354,47502,1
4323,4323,354.967489,47513,1
4324,4324,354.978625,47524,1
4325,4325,354.989762,47535,1
4326,4326,355.000898,47546,1
4327,4327,355.012034,47557,1
4328,4328,355.023171,47568,1
4329,4329,355.034305,47579,1
4330,4330,355.045442,47590,1
4331,4331,355.056577,47601,1
4332,4332,355.067714,47612,1
4333,4333,355.078849,47623,1
4334,4334,355.089988,47634,1
4335,4335,355.101123,47645,1
4336,4336,355.112259,47656,1
4337,4337,355.123395,47667,1
4338,4338,355.134532,47678,1
4339,4339,355.145669,47689,1
4340,4340,355.156803,47700,1
4341,4341,355.167939,47711,1
4342,4342,355.179076,47722,1
4343,4343,355.190212,47733,1
4344,4344,355.201348,47744,1
4345,4345,355.212485,47755,1
4346,4346,355.223622,47766,1
4347,4347,355.234757,47777,1
4348,4348,355.245892,47788,1
4349,4349,355.257029,47799,1
4350,4350,355.268165,47810,1
4351,4351,355.279302,47821,1
4352,4352,355.290438,47832,1
4353,4353,355.301572,47843,1
4354,4354,355.312709,47854,1
4355,4355,355.323845,47865,1
4356,4356,355.334982,47876,1
4357,4357,355.346119,47887,1
4358,4358,355.357255,47898,1
4359,4359,355.368390,47909,1
4360,4360,355.379527,47920,1
4361,4361,355.390663,47931,1
4362,4362,355.401799,47942,1
4363,4363,355.412936,47953,1
4364,4364,355.424072,47964,1
4365,4365,355.435209,47975,1
4366,4366,355.446343,47986,1
4367,4367,355.457480,47997,1
4368,4368,355.468616,48008,1
4369,4369,355.479751,48019,1
4370,4370,355.490889,48030,1
4371,4371,355.502024,48041,1
4372,4372,355.513162,48052,1
4373,4373,355.524298,48063,1
4374,4374,355.535433,48074,1
4375,4375,355.546569,48085,1
4376,4376,355.557704,48096,1
4377,4377,355.568842,48107,1
4378,4378,355.579976,48118,1
4379,4379,355.591115,48129,1
4380,4380,355.602250,48140,1
4381,4381,355.613385,48151,1
4382,4382,355.624524,48162,1
4383,4383,355.635660,48173,1
4384,4384,355.646793,48184,1
4385,4385,355.657930,48195,1
4386,4386,355.669068,48206,1
4387,4387,355.680204,48217,1
4388,4388,355.691338,48228,1
4389,4389,355.702474,48239,1
4390,4390,355.713611,48250,1
4391,4391,355.724746,48260,1
4392,4392,355.735884,48271,1
4393,4393,355.747018,48282,1
4394,4394,355.758155,48293,1
4395,4395,355.769292,48304,1
4396,4396,355.780429,48315,1
4397,4397,355.791564,48326,1
4398,4398,355.802700,48337,1
4399,4399,355.813837,48348,1
4400,4400,355.824973,48359,1
4401,4401,355.836110,48370,1
4402,4402,355.847246,48381,1
4403,4403,355.858383,48392,1
4404,4404,355.869518,48403,1
4405,4405,355.880654,48414,1
4406,4406,355.891790,48425,1
4407,4407,355.902925,48436,1
4408,4408,355.914062,48447,1
4409,4409,355.925197,48458,1
4410,4410,355.936335,48469,1
4411,4411,355.947469,48480,1
4412,4412,355.958606,48491,1
4413,4413,355.969743,48502,1
4414,4414,355.980879,48513,1
4415,4415,355.992015,48524,1
4416,4416,356.003151,48535,1
4417,4417,356.014288,48546,1
4418,4418,356.025423,48557,1
4419,4419,356.036559,48568,1
4420,4420,356.047696,48579,1
4421,4421,356.058833,48590,1
4422,4422,356.069969,48601,1
4423,4423,356.081105,48612,1
4424,4424,356.092242,48623,1
4425,4425,356.103378,48634,1
4426,4426,356.114513,48645,1
4427,4427,356.125650,48656,1
4428,4428,356.136784,48667,1
4429,4429,356.147920,48678,1
4430,4430,356.159058,48689,1
4431,4431,356.170195,48700,1
4432,4432,356.181329,48711,1
4433,4433,356.191454,48721,1
4434,4434,356.202591,48732,1
4435,4435,356.213725,48743,1
4436,4436,356.224863,48754,1
4437,4437,356.235997,48765,1
4438,4438,356.247135,48776,1
4439,4439,356.258269,48787,1
4440,4440,356.269407,48798,1
4441,4441,356.280543,48809,1
4442,4442,356.291678,48820,1
4443,4443,356.302816,48831,1
4444,4444,356.313953,48842,1
4445,4445,356.325097,48853,1
4446,4446,356.336225,48864,1
4447,4447,356.347360,48875,1
4448,4448,356.358496,48886,1
4449,4449,356.369631,48897,1
4450,4450,356.380767,48908,1
4451,4451,356.391906,48919,1
4452,4452,356.403042,48930,1
4453,4453,356.414177,48941,1
4454,4454,356.425313,48952,1
4455,4455,356.436448,48963,1
4456,4456,356.447584,48974,1
4457,4457,356.458720,48985,1
4458,4458,356.469858,48996,1
4459,4459,356.480993,49007,1
4460,4460,356.492129,49018,1
4461,4461,356.503265,49029,1
4462,4462,356.514403,49040,1
4463,4463,356.525538,49051,1
4464,4464,356.536673,49062,1
4465,4465,356.547812,49073,1
4466,4466,356.558948,49084,1
4467,4467,356.570095,49095,1
4468,4468,356.581218,49106,1
4469,4469,356.592354,49117,1
4470,4470,356.603492,49128,1
4471,4471,356.614626,49139,1
4472,4472,356.625764,49150,1
4473,4473,356.636901,49161,1
4474,4474,356.648036,49172,1
4475,4475,356.659171,49183,1
4476,4476,356.670309,49194,1
4477,4477,356.681443,49205,1
4478,4478,356.692579,49216,1
4479,4479,356.703717,49227,1
4480,4480,356.714853,49238,1
4481,4481,356.725989,49249,1
4482,4482,356.737126,49260,1
4483,4483,356.748262,49271,1
4484,4484,356.759399,49282,1
4485,4485,356.770534,49293,1
4486,4486,356.781670,49304,1
4487,4487,356.792805,49315,1
4488,4488,356.803943,49326,1
4489,4489,356.815077,49337,1
4490,4490,356.826214,49348,1
4491,4491,356.837351,49359,1
4492,4492,356.848487,49370,1
4493,4493,356.859624,49381,1
4494,4494,356.870758,49392,1
4495,4495,356.881896,49403,1
4496,4496,356.893032,49414,1
4497,4497,356.904168,49425,1
4498,4498,356.915304,49436,1
4499,4499,356.926440,49447,1
4500,4500,356.937576,49458,1
4501,4501,356.948711,49469,1
4502,4502,356.959849,49480,1
4503,4503,356.970985,49491,1
4504,4504,356.982121,49502,1
4505,4505,356.993257,49513,1
4506,4506,357.004393,49524,1
4507,4507,357.015528,49535,1
4508,4508,357.026666,49546,1
4509,4509,357.037801,49557,1
4510,4510,357.048937,49568,1
4511,4511,357.060075,49579,1
4512,4512,357.071211,49590,1
4513,4513,357.082346,49601,1
4514,4514,357.093481,49612,1
4515,4515,357.104617,49623,1
4516,4516,357.115753,49634,1
4517,4517,357.126891,49645,1
4518,4518,357.138025,49656,1
4519,4519,357.149164,49667,1
4520,4520,357.160300,49678,1
4521,4521,357.171435,49689,1
4522,4522,357.182570,49700,1
4523,4523,357.193708,49711,1
4524,4524,357.204844,49722,1
4525,4525,357.215981,49733,1
4526,4526,357.227117,49744,1
4527,4527,357.238251,49755,1
4528,4528,357.249388,49766,1
4529,4529,357.260524,49777,1
4530,4530,357.271661,49788,1
4531,4531,357.282797,49799,1
4532,4532,357.293932,49810,1
4533,4533,357.305070,49821,1
4534,4534,357.316204,49832,1
4535,4535,357.327342,49843,1
4536,4536,357.338478,49854,1
4537,4537,357.349614,49865,1
4538,4538,357.360750,49876,1
4539,4539,357.371884,49887,1
4540,4540,357.383022,49898,1
4541,4541,357.394157,49909,1
4542,4542,357.405294,49920,1
4543,4543,357.416430,49931,1
4544,4544,357.427568,49942,1
4545,4545,357.438704,49953,1
4546,4546,357.449837,49964,1
4547,4547,357.460974,49975,1
4548,4548,357.472110,49986,1
4549,4549,357.483248,49997,1
4550,4550,357.494382,50008,1
4551,4551,357.505518,50019,1
4552,4552,357.516655,50030,1
4553,4553,357.527791,50041,1
4554,4554,357.537917,50051,1
4555,4555,357.549051,50062,1
4556,4556,357.560188,50073,1
4557,4557,357.571324,50084,1
4558,4558,357.582460,50095,1
4559,4559,357.593596,50106,1
4560,4560,357.604732,50117,1
4561,4561,357.615869,50128,1
4562,4562,357.627004,50139,1
4563,4563,357.638141,50150,1
4564,4564,357.649277,50161,1
4565,4565,357.660413,50172,1
4566,4566,357.671550,50183,1
4567,4567,357.682684,50194,1
4568,4568,357.693822,50205,1
4569,4569,357.704959,50216,1
4570,4570,357.716098,50227,1
4571,4571,357.727229,50238,1
4572,4572,357.738368,50249,1
4573,4573,357.749503,50260,1
4574,4574,357.760640,50271,1
4575,4575,357.771775,50282,1
4576,4576,357.782910,50293,1
4577,4577,357.794047,50304,1
4578,4578,357.805183,50315,1
4579,4579,357.816320,50326,1
4580,4580,357.827457,50337,1
4581,4581,357.838592,50348,1
4582,4582,357.849727,50359,1
4583,4583,357.860865,50370,1
4584,4584,357.872000,50381,1
4585,4585,357.883136,50392,1
4586,4586,357.894274,50403,1
4587,4587,357.905410,50414,1
4588,4588,357.916544,50425,1
4589,4589,357.927681,50436,1
4590,4590,357.938818,50447,1
4591,4591,357.949955,50458,1
4592,4592,357.961097,50469,1
4593,4593,357.972227,50480,1
4594,4594,357.983363,50491,1
4595,4595,357.994499,50502,1
4596,4596,358.005635,50513,1
4597,4597,358.016771,50524,1
4598,4598,358.027906,50535,1
4599,4599,358.039043,50546,1
4600,4600,358.050180,50557,1
4601,4601,358.061315,50568,1
4602,4602,358.072450,50579,1
4603,4603,358.083586,50590,1
4604,4604,358.094723,50601,1
4605,4605,358.105859,50612,1
4606,4606,358.116997,50623,1
4607,4607,358.128131,50634,1
4608,4608,358.139268,50645,1
4609,4609,358.150404,50656,1
4610,4610,358.161539,50667,1
4611,4611,358.172678,50678,1
4612,4612,358.183812,50689,1
4613,4613,358.194950,50700,1
4614,4614,358.206095,50711,1
4615,4615,358.217221,50722,1
4616,4616,358.228358,50733,1
4617,4617,358.239492,50744,1
4618,4618,358.250630,50755,1
4619,4619,358.261766,50766,1
4620,4620,358.272900,50777,1
4621,4621,358.284036,50788,1
4622,4622,358.295173,50799,1
4623,4623,358.306311,50810,1
4624,4624,358.317446,50821,1
4625,4625,358.328582,50832,1
4626,4626,358.339720,50843,1
4627,4627,358.350855,50854,1
4628,4628,358.361992,50865,1
4629,4629,358.373126,50876,1
4630,4630,358.384264,50887,1
4631,4631,358.395401,50898,1
4632,4632,358.406534,50909,1
4633,4633,358.417673,50920,1
4634,4634,358.428809,50931,1
4635,4635,358.439944,50942,1
4636,4636,358.451079,50953,1
4637,4637,358.462215,50964,1
4638,4638,358.473351,50975,1
4639,4639,358.484487,50986,1
4640,4640,358.495626,50997,1
4641,4641,358.506762,51008,1
4642,4642,358.517896,51019,1
4643,4643,358.529033,51030,1
4644,4644,358.540168,51041,1
4645,4645,358.551305,51052,1
4646,4646,358.562440,51063,1
4647,4647,358.573577,51074,1
4648,4648,358.584714,51085,1
4649,4649,358.595851,51096,1
4650,4650,358.606985,51107,1
4651,4651,358.618121,51118,1
4652,4652,358.629259,51129,1
4653,4653,358.640395,51140,1
4654,4654,358.651530,51151,1
4655,4655,358.662666,51162,1
4656,4656,358.673802,51173,1
4657,4657,358.684940,51184,1
4658,4658,358.696075,51195,1
4659,4659,358.707212,51206,1
4660,4660,358.718348,51217,1
4661,4661,358.729483,51228,1
4662,4662,358.740620,51239,1
4663,4663,358.751757,51250,1
4664,4664,358.762891,51261,1
4665,4665,358.774030,51272,1
4666,4666,358.785166,51283,1
4667,4667,358.796302,51294,1
4668,4668,358.807437,51305,1
4669,4669,358.818573,51316,1
4670,4670,358.829708,51327,1
4671,4671,358.840845,51338,1
4672,4672,358.851981,51349,1
4673,4673,358.863118,51360,1
4674,4674,358.873242,51370,1
4675,4675,358.884378,51381,1
4676,4676,358.895513,51392,1
4677,4677,358.906649,51403,1
4678,4678,358.917787,51414,1
4679,4679,358.928921,51425,1
4680,4680,358.940058,51436,1
4681,4681,358.951196,51447,1
4682,4682,358.962332,51458,1
4683,4683,358.973467,51469,1
4684,4684,358.984603,51480,1
4685,4685,358.995740,51491,1
4686,4686,359.006876,51502,1
4687,4687,359.018010,51513,1
4688,4688,359.029149,51524,1
4689,4689,359.040283,51535,1
4690,4690,359.051421,51546,1
4691,4691,359.062556,51557,1
4692,4692,359.073693,51568,1
4693,4693,359.084828,51579,1
4694,4694,359.095963,51590,1
4695,4695,359.107101,51601,1
4696,4696,359.118238,51612,1
4697,4697,359.129374,51623,1
4698,4698,359.140509,51634,1
4699,4699,359.151647,51645,1
4700,4700,359.162782,51656,1
4701,4701,359.173919,51667,1
4702,4702,359.185053,51678,1
4703,4703,359.196191,51689,1
4704,4704,359.207325,51700,1
4705,4705,359.218463,51711,1
4706,4706,359.229597,51722,1
4707,4707,359.240734,51733,1
4708,4708,359.251871,51744,1
4709,4709,359.263007,51755,1
4710,4710,359.274142,51766,1
4711,4711,359.285278,51777,1
4712,4712,359.296416,51788,1
4713,4713,359.307553,51799,1
4714,4714,359.318689,51810,1
4715,4715,359.329823,51821,1
4716,4716,359.340961,51832,1
4717,4717,359.352101,51843,1
4718,4718,359.363231,51854,1
4719,4719,359.374369,51865,1
4720,4720,359.385505,51876,1
4721,4721,359.396641,51887,1
4722,4722,359.407777,51898,1
4723,4723,359.418914,51909,1
4724,4724,359.430050,51920,1
4725,4725,359.441185,51931,1
4726,4726,359.452322,51942,1
4727,4727,359.463459,51953,1
4728,4728,359.474594,51964,1
4729,4729,359.485729,51975,1
4730,4730,359.496867,51986,1
4731,4731,359.508003,51997,1
4732,4732,359.519137,52008,1
4733,4733,359.530273,52019,1
4734,4734,359.541410,52030,1
4735,4735,359.552545,52041,1
4736,4736,359.563682,52052,1
4737,4737,359.574818,52063,1
4738,4738,359.585954,52074,1
4739,4739,359.597097,52085,1
4740,4740,359.608228,52096,1
4741,4741,359.619364,52107,1
4742,4742,359.630501,52118,1
4743,4743,359.641635,52129,1
4744,4744,359.652771,52140,1
4745,4745,359.663907,52151,1
4746,4746,359.675045,52162,1
4747,4747,359.686181,52173,1
4748,4748,359.697318,52184,1
4749,4749,359.708453,52195,1
4750,4750,359.719589,52206,1
4751,4751,359.730725,52217,1
4752,4752,359.741861,52228,1
4753,4753,359.752998,52239,1
4754,4754,359.764133,52250,1
