timestamp_s,depth_m,pixel_u,pixel_v
1777992358.030334,2.227000,343.107697,426.953857
1777992358.041457,2.230000,343.107697,426.953857
1777992358.052578,2.223000,343.107697,426.953857
1777992358.063700,2.227000,343.107697,426.953857
1777992358.074821,2.227000,343.107697,426.953857
1777992358.085944,2.238000,343.107697,426.953857
1777992358.097065,2.249000,343.107697,426.953857
1777992358.108186,2.242000,343.107697,426.953857
1777992358.119309,2.230000,343.107697,426.953857
1777992358.130430,2.230000,343.107697,426.953857
1777992358.141551,2.227000,343.107697,426.953857
1777992358.152673,2.223000,343.107697,426.953857
1777992358.163795,2.223000,343.107697,426.953857
1777992358.174916,2.227000,343.107697,426.953857
1777992358.186038,2.234000,343.107697,426.953857
1777992358.197160,2.227000,343.107697,426.953857
1777992358.208281,2.227000,343.107697,426.953857
1777992358.219403,2.227000,343.107697,426.953857
1777992358.230525,2.230000,343.107697,426.953857
1777992358.241646,2.230000,343.107697,426.953857
1777992358.252768,2.230000,343.107697,426.953857
1777992358.263889,2.227000,343.107697,426.953857
1777992358.275010,2.230000,343.107697,426.953857
1777992358.286133,2.230000,343.107697,426.953857
1777992358.297254,2.227000,343.107697,426.953857
1777992358.308375,2.227000,343.107697,426.953857
1777992358.319497,2.230000,343.107697,426.953857
1777992358.330618,2.238000,343.107697,426.953857
1777992358.341739,2.223000,343.107697,426.953857
1777992358.352861,2.230000,343.107697,426.953857
1777992358.363982,2.227000,343.107697,426.953857
1777992358.375103,2.242000,343.107697,426.953857
1777992358.386225,2.223000,343.107697,426.953857
1777992358.397346,2.227000,343.107697,426.953857
1777992358.408467,2.230000,343.107697,426.953857
1777992358.419589,2.238000,343.107697,426.953857
1777992358.430710,2.227000,343.107697,426.953857
1777992358.441831,2.230000,343.107697,426.953857
1777992358.452953,2.230000,343.107697,426.953857
1777992358.464074,2.230000,343.107697,426.953857
1777992358.475195,2.227000,343.107697,426.953857
1777992358.486317,2.230000,343.107697,426.953857
1777992358.497437,2.227000,343.107697,426.953857
1777992358.508558,2.246000,343.107697,426.953857
1777992358.519679,2.242000,343.107697,426.953857
1777992358.530801,2.219000,343.107697,426.953857
1777992358.541922,2.227000,343.107697,426.953857
1777992358.553042,2.219000,343.107697,426.953857
1777992358.564164,2.230000,343.107697,426.953857
1777992358.575285,2.223000,343.107697,426.953857
1777992358.586406,2.223000,343.107697,426.953857
1777992358.597528,2.246000,343.053040,426.969696
1777992358.608648,2.230000,343.107697,426.953857
1777992358.619769,2.230000,343.107697,426.953857
1777992358.630892,2.246000,343.107697,426.953857
1777992358.642014,2.234000,343.107697,426.953857
1777992358.653136,2.227000,343.107697,426.953857
1777992358.664259,2.219000,343.107697,426.953857
1777992358.675381,2.227000,343.107697,426.953857
1777992358.686503,2.238000,343.107697,426.953857
1777992358.697626,2.227000,343.107697,426.953857
1777992358.708748,2.227000,343.107697,426.953857
1777992358.719870,2.227000,343.107697,426.953857
1777992358.730993,2.246000,343.107697,426.953857
1777992358.742115,2.242000,343.107697,426.953857
1777992358.753237,2.223000,343.107697,426.953857
1777992358.764360,2.219000,343.107697,426.953857
1777992358.775482,2.242000,343.107697,426.953857
1777992358.786604,2.227000,343.107697,426.953857
1777992358.797727,2.227000,343.107697,426.953857
1777992358.808849,2.227000,343.107697,426.953857
1777992358.819970,2.230000,343.107697,426.953857
1777992358.831093,2.230000,343.107697,426.953857
1777992358.842215,2.227000,343.107697,426.953857
1777992358.853337,2.230000,343.107697,426.953857
1777992358.864460,2.230000,343.107697,426.953857
1777992358.886703,2.230000,343.107697,426.953857
1777992358.897826,2.230000,343.107697,426.953857
1777992358.908947,2.223000,343.107697,426.953857
1777992358.920069,2.238000,343.107697,426.953857
1777992358.931192,2.230000,343.107697,426.953857
1777992358.942314,2.223000,343.107697,426.953857
1777992358.953435,2.234000,343.107697,426.953857
1777992358.964557,2.234000,343.107697,426.953857
1777992358.975680,2.234000,343.053040,426.969696
1777992358.986801,2.242000,343.107697,426.953857
1777992358.997923,2.234000,343.107697,426.953857
1777992359.020167,2.238000,343.107697,426.953857
1777992359.031289,2.253000,343.107697,426.953857
1777992359.042411,2.227000,343.107697,426.953857
1777992359.053533,2.230000,343.107697,426.953857
1777992359.064654,2.230000,343.107697,426.953857
1777992359.075777,2.230000,343.107697,426.953857
1777992359.086898,2.227000,343.107697,426.953857
1777992359.098020,2.230000,343.107697,426.953857
1777992359.109142,2.223000,343.107697,426.953857
1777992359.120264,2.242000,343.107697,426.953857
1777992359.131385,2.223000,343.107697,426.953857
1777992359.142508,2.219000,343.107697,426.953857
1777992359.153629,2.227000,343.107697,426.953857
1777992359.164750,2.227000,343.107697,426.953857
1777992359.175873,2.223000,343.107697,426.953857
1777992359.186994,2.227000,343.107697,426.953857
1777992359.198115,2.227000,343.107697,426.953857
1777992359.209238,2.238000,343.107697,426.953857
1777992359.220359,2.242000,343.107697,426.953857
1777992359.231480,2.223000,343.107697,426.953857
1777992359.242603,2.227000,343.107697,426.953857
1777992359.253724,2.230000,343.107697,426.953857
1777992359.264845,2.230000,343.107697,426.953857
1777992359.275967,2.234000,343.107697,426.953857
1777992359.287089,2.219000,343.107697,426.953857
1777992359.298210,2.215000,343.107697,426.953857
1777992359.309332,2.230000,343.107697,426.953857
1777992359.320453,2.238000,343.107697,426.953857
1777992359.331574,2.230000,343.107697,426.953857
1777992359.342696,2.234000,343.107697,426.953857
1777992359.353818,2.230000,343.107697,426.953857
1777992359.364939,2.230000,343.107697,426.953857
1777992359.376061,2.223000,343.107697,426.953857
1777992359.387182,2.227000,343.107697,426.953857
1777992359.398303,2.227000,343.107697,426.953857
1777992359.409424,2.227000,343.107697,426.953857
1777992359.420546,2.234000,343.107697,426.953857
1777992359.431667,2.238000,343.107697,426.953857
1777992359.442788,2.219000,343.107697,426.953857
1777992359.453910,2.223000,343.107697,426.953857
1777992359.465031,2.234000,343.107697,426.953857
1777992359.476152,2.223000,343.107697,426.953857
1777992359.487274,2.215000,343.107697,426.953857
1777992359.498395,2.230000,343.107697,426.953857
1777992359.509516,2.227000,343.107697,426.953857
1777992359.520638,2.219000,343.107697,426.953857
1777992359.531759,2.227000,343.107697,426.953857
1777992359.542880,2.230000,343.107697,426.953857
1777992359.554002,2.227000,343.107697,426.953857
1777992359.565123,2.219000,343.107697,426.953857
1777992359.576243,2.234000,343.107697,426.953857
1777992359.587365,2.230000,343.107697,426.953857
1777992359.598486,2.223000,343.107697,426.953857
1777992359.609607,2.238000,343.107697,426.953857
1777992359.620731,2.234000,343.107697,426.953857
1777992359.631853,2.230000,343.107697,426.953857
1777992359.642975,2.230000,343.107697,426.953857
1777992359.654098,2.227000,343.107697,426.953857
1777992359.665220,2.227000,343.107697,426.953857
1777992359.676342,2.230000,343.107697,426.953857
1777992359.687466,2.230000,343.107697,426.953857
1777992359.698588,2.230000,343.107697,426.953857
1777992359.709710,2.234000,343.107697,426.953857
1777992359.720833,2.223000,343.053040,426.969696
1777992359.731955,2.227000,343.107697,426.953857
1777992359.743077,2.227000,343.107697,426.953857
1777992359.754200,2.219000,343.107697,426.953857
1777992359.765321,2.223000,343.107697,426.953857
1777992359.776443,2.227000,343.053040,426.969696
1777992359.787566,2.230000,343.107697,426.953857
1777992359.798688,2.234000,343.107697,426.953857
1777992359.809810,2.230000,343.107697,426.953857
1777992359.820933,2.234000,343.107697,426.953857
1777992359.832055,2.230000,343.107697,426.953857
1777992359.843177,2.227000,343.107697,426.953857
1777992359.854299,2.234000,343.107697,426.953857
1777992359.865421,2.227000,343.107697,426.953857
1777992359.876543,2.230000,343.053040,426.969696
1777992359.887665,2.230000,343.107697,426.953857
1777992359.898788,2.227000,343.107697,426.953857
1777992359.909910,2.234000,343.107697,426.953857
1777992359.921031,2.227000,343.107697,426.953857
1777992359.932154,2.234000,343.107697,426.953857
1777992359.943276,2.227000,343.107697,426.953857
1777992359.954397,2.246000,343.107697,426.953857
1777992359.965520,2.230000,343.107697,426.953857
1777992359.976642,2.242000,343.107697,426.953857
1777992359.987763,2.215000,343.107697,426.953857
1777992359.998886,2.230000,343.107697,426.953857
1777992360.010008,2.227000,343.107697,426.953857
1777992360.021129,2.227000,343.107697,426.953857
1777992360.032252,2.227000,343.107697,426.953857
1777992360.043374,2.238000,343.107697,426.953857
1777992360.054495,2.227000,343.107697,426.953857
1777992360.065618,2.219000,343.107697,426.953857
1777992360.076739,2.230000,343.107697,426.953857
1777992360.087861,2.230000,343.107697,426.953857
1777992360.098983,2.242000,343.107697,426.953857
1777992360.110105,2.215000,343.107697,426.953857
1777992360.121226,2.227000,343.107697,426.953857
1777992360.132349,2.242000,343.107697,426.953857
1777992360.143470,2.230000,343.107697,426.953857
1777992360.154592,2.230000,343.107697,426.953857
1777992360.165714,2.230000,343.107697,426.953857
1777992360.176836,2.234000,343.107697,426.953857
1777992360.187957,2.227000,343.107697,426.953857
1777992360.199079,2.227000,343.107697,426.953857
1777992360.210201,2.230000,343.107697,426.953857
1777992360.221322,2.230000,343.107697,426.953857
1777992360.232444,2.230000,343.107697,426.953857
1777992360.243566,2.230000,343.107697,426.953857
1777992360.254687,2.234000,343.107697,426.953857
1777992360.265809,2.230000,343.107697,426.953857
1777992360.276930,2.230000,343.107697,426.953857
1777992360.288052,2.242000,343.107697,426.953857
1777992360.299173,2.230000,343.107697,426.953857
1777992360.310295,2.230000,343.107697,426.953857
1777992360.321417,2.246000,343.107697,426.953857
1777992360.332538,2.219000,343.107697,426.953857
1777992360.343660,2.234000,343.107697,426.953857
1777992360.354781,2.219000,343.107697,426.953857
1777992360.365902,2.234000,343.107697,426.953857
1777992360.377024,2.227000,343.107697,426.953857
1777992360.388145,2.219000,343.107697,426.953857
1777992360.399267,2.227000,343.107697,426.953857
1777992360.410389,2.223000,343.107697,426.953857
1777992360.421510,2.219000,343.107697,426.953857
1777992360.432631,2.227000,343.107697,426.953857
1777992360.443753,2.230000,343.107697,426.953857
1777992360.454874,2.230000,343.107697,426.953857
1777992360.465995,2.230000,343.107697,426.953857
1777992360.477117,2.227000,343.107697,426.953857
1777992360.488238,2.238000,343.107697,426.953857
1777992360.499359,2.238000,343.107697,426.953857
1777992360.510481,2.227000,343.107697,426.953857
1777992360.521602,2.230000,343.107697,426.953857
1777992360.532723,2.230000,343.107697,426.953857
1777992360.543845,2.230000,343.107697,426.953857
1777992360.554966,2.234000,343.107697,426.953857
1777992360.566087,2.227000,343.107697,426.953857
1777992360.577209,2.219000,343.053040,426.969696
1777992360.588329,2.234000,343.107697,426.953857
1777992360.599450,2.234000,343.107697,426.953857
1777992360.610572,2.234000,343.107697,426.953857
1777992360.621693,2.246000,343.107697,426.953857
1777992360.632811,2.234000,343.107697,426.953857
1777992360.643960,2.234000,343.107697,426.953857
1777992360.655107,2.249000,343.107697,426.953857
1777992360.666256,2.227000,343.107697,426.953857
1777992360.677405,2.227000,343.107697,426.953857
1777992360.688553,2.230000,343.107697,426.953857
1777992360.699701,2.219000,343.107697,426.953857
1777992360.721998,2.230000,343.107697,426.953857
1777992360.733147,2.234000,343.107697,426.953857
1777992360.744295,2.230000,343.107697,426.953857
1777992360.755444,2.223000,343.107697,426.953857
1777992360.766593,2.219000,343.107697,426.953857
1777992360.777741,2.230000,343.107697,426.953857
1777992360.788891,2.215000,343.107697,426.953857
1777992360.800039,2.219000,343.107697,426.953857
1777992360.811188,2.223000,343.107697,426.953857
1777992360.822338,2.227000,343.107697,426.953857
1777992360.833486,2.230000,343.107697,426.953857
1777992360.844635,2.230000,343.107697,426.953857
1777992360.855785,2.227000,343.107697,426.953857
1777992360.866934,2.227000,343.107697,426.953857
1777992360.878082,2.219000,343.107697,426.953857
1777992360.889232,2.246000,343.107697,426.953857
1777992360.900381,2.227000,343.107697,426.953857
1777992360.911530,2.238000,343.107697,426.953857
1777992360.922680,2.223000,343.107697,426.953857
1777992360.933829,2.230000,343.107697,426.953857
1777992360.944978,2.230000,343.107697,426.953857
1777992360.956128,2.227000,343.107697,426.953857
1777992360.967277,2.227000,343.107697,426.953857
1777992360.978426,2.227000,343.107697,426.953857
1777992360.989577,2.230000,343.107697,426.953857
1777992361.000726,2.230000,343.107697,426.953857
1777992361.011875,2.230000,343.107697,426.953857
1777992361.023026,2.230000,343.107697,426.953857
1777992361.034175,2.227000,343.107697,426.953857
1777992361.045325,2.234000,343.107697,426.953857
1777992361.056475,2.230000,343.107697,426.953857
1777992361.067625,2.230000,343.107697,426.953857
1777992361.078774,2.223000,343.107697,426.953857
1777992361.089925,2.234000,343.107697,426.953857
1777992361.101074,2.223000,343.107697,426.953857
1777992361.112224,2.223000,343.107697,426.953857
1777992361.123375,2.230000,343.107697,426.953857
1777992361.134525,2.227000,343.107697,426.953857
1777992361.145674,2.227000,343.107697,426.953857
1777992361.167975,2.230000,343.053040,426.969696
1777992361.179125,2.230000,343.107697,426.953857
1777992361.190275,2.234000,343.107697,426.953857
1777992361.201426,2.223000,343.107697,426.953857
1777992361.212576,2.234000,343.107697,426.953857
1777992361.223726,2.227000,343.107697,426.953857
1777992361.234877,2.230000,343.107697,426.953857
1777992361.246027,2.230000,343.107697,426.953857
1777992361.257178,2.227000,343.107697,426.953857
1777992361.268329,2.234000,343.107697,426.953857
1777992361.279480,2.223000,343.107697,426.953857
1777992361.290630,2.227000,343.107697,426.953857
1777992361.301781,2.230000,343.107697,426.953857
1777992361.312932,2.227000,343.107697,426.953857
1777992361.324082,2.234000,343.107697,426.953857
1777992361.335234,2.227000,343.107697,426.953857
1777992361.346384,2.242000,343.107697,426.953857
1777992361.357535,2.227000,343.107697,426.953857
1777992361.368686,2.234000,343.107697,426.953857
1777992361.379837,2.227000,343.107697,426.953857
1777992361.390988,2.234000,343.107697,426.953857
1777992361.402139,2.253000,343.107697,426.953857
1777992361.413290,2.234000,343.107697,426.953857
1777992361.424441,2.230000,343.107697,426.953857
1777992361.435593,2.234000,343.107697,426.953857
1777992361.446744,2.230000,343.107697,426.953857
1777992361.457895,2.227000,343.107697,426.953857
1777992361.469047,2.223000,343.107697,426.953857
1777992361.480198,2.230000,343.107697,426.953857
1777992361.491349,2.227000,343.107697,426.953857
1777992361.502501,2.238000,343.107697,426.953857
1777992361.513652,2.223000,343.107697,426.953857
1777992361.524803,2.238000,343.107697,426.953857
1777992361.535956,2.227000,343.107697,426.953857
1777992361.547107,2.234000,343.107697,426.953857
1777992361.558258,2.234000,343.107697,426.953857
1777992361.569411,2.227000,343.107697,426.953857
1777992361.580562,2.227000,343.107697,426.953857
1777992361.591714,2.246000,343.107697,426.953857
1777992361.602866,2.230000,343.107697,426.953857
1777992361.614017,2.234000,343.107697,426.953857
1777992361.625169,2.223000,343.107697,426.953857
1777992361.636321,2.230000,343.107697,426.953857
1777992361.647455,2.234000,343.107697,426.953857
1777992361.658589,2.234000,343.107697,426.953857
1777992361.669723,2.230000,343.107697,426.953857
1777992361.680858,2.219000,343.107697,426.953857
1777992361.691992,2.238000,343.107697,426.953857
1777992361.703125,2.230000,343.107697,426.953857
1777992361.714260,2.230000,343.107697,426.953857
1777992361.725394,2.219000,343.107697,426.953857
1777992361.736528,2.219000,343.107697,426.953857
1777992361.747663,2.227000,343.107697,426.953857
1777992361.758797,2.230000,343.107697,426.953857
1777992361.769931,2.219000,343.053040,426.969696
1777992361.781066,2.227000,343.107697,426.953857
1777992361.792200,2.234000,343.107697,426.953857
1777992361.803335,2.230000,343.107697,426.953857
1777992361.814470,2.230000,343.107697,426.953857
1777992361.825604,2.227000,343.107697,426.953857
1777992361.836739,2.227000,343.107697,426.953857
1777992361.847874,2.230000,343.107697,426.953857
1777992361.859008,2.230000,343.107697,426.953857
1777992361.870143,2.242000,343.107697,426.953857
1777992361.881278,2.230000,343.107697,426.953857
1777992361.892413,2.230000,343.107697,426.953857
1777992361.903547,2.227000,343.107697,426.953857
1777992361.914683,2.230000,343.107697,426.953857
1777992361.925818,2.219000,343.107697,426.953857
1777992361.936952,2.238000,343.107697,426.953857
1777992361.948088,2.238000,343.107697,426.953857
1777992361.959223,2.227000,343.107697,426.953857
1777992361.970358,2.234000,343.107697,426.953857
1777992361.981493,2.227000,343.053040,426.969696
1777992361.992628,2.230000,343.107697,426.953857
1777992362.003763,2.223000,343.107697,426.953857
1777992362.014899,2.227000,343.107697,426.953857
1777992362.026034,2.219000,343.107697,426.953857
1777992362.037169,2.227000,343.107697,426.953857
1777992362.048306,2.230000,343.107697,426.953857
1777992362.059440,2.230000,343.107697,426.953857
1777992362.070576,2.219000,343.107697,426.953857
1777992362.081711,2.227000,343.107697,426.953857
1777992362.092847,2.227000,343.107697,426.953857
1777992362.103982,2.253000,343.107697,426.953857
1777992362.115118,2.215000,343.107697,426.953857
1777992362.126254,2.242000,343.107697,426.953857
1777992362.137390,2.230000,343.107697,426.953857
1777992362.148525,2.219000,343.107697,426.953857
1777992362.159661,2.234000,343.107697,426.953857
1777992362.170797,2.230000,343.107697,426.953857
1777992362.181933,2.246000,343.107697,426.953857
1777992362.193069,2.227000,343.107697,426.953857
1777992362.204205,2.219000,343.107697,426.953857
1777992362.215341,2.230000,343.107697,426.953857
1777992362.226477,2.230000,343.107697,426.953857
1777992362.237613,2.227000,343.107697,426.953857
1777992362.248749,2.246000,343.107697,426.953857
1777992362.259886,2.230000,343.107697,426.953857
1777992362.271022,2.230000,343.107697,426.953857
1777992362.282157,2.230000,343.107697,426.953857
1777992362.293294,2.219000,343.107697,426.953857
1777992362.304430,2.215000,343.107697,426.953857
1777992362.315567,2.223000,343.107697,426.953857
1777992362.326704,2.249000,343.107697,426.953857
1777992362.337840,2.227000,343.053040,426.969696
1777992362.348976,2.230000,343.107697,426.953857
1777992362.360113,2.223000,343.107697,426.953857
1777992362.371249,2.230000,343.107697,426.953857
1777992362.382386,2.227000,343.107697,426.953857
1777992362.393523,2.234000,343.107697,426.953857
1777992362.404660,2.230000,343.107697,426.953857
1777992362.415796,2.230000,343.107697,426.953857
1777992362.426933,2.230000,343.107697,426.953857
1777992362.438070,2.230000,343.107697,426.953857
1777992362.449206,2.246000,343.107697,426.953857
1777992362.460344,2.227000,343.107697,426.953857
1777992362.471480,2.227000,343.107697,426.953857
1777992362.482617,2.242000,343.107697,426.953857
1777992362.493755,2.234000,343.107697,426.953857
1777992362.504892,2.219000,343.107697,426.953857
1777992362.516029,2.238000,343.107697,426.953857
1777992362.527165,2.227000,343.107697,426.953857
1777992362.538303,2.227000,343.107697,426.953857
1777992362.549440,2.230000,343.107697,426.953857
1777992362.560577,2.234000,343.107697,426.953857
1777992362.571715,2.223000,343.107697,426.953857
1777992362.582852,2.227000,343.107697,426.953857
1777992362.593989,2.223000,343.107697,426.953857
1777992362.605127,2.230000,343.107697,426.953857
1777992362.616264,2.227000,343.107697,426.953857
1777992362.627401,2.230000,343.107697,426.953857
1777992362.638539,2.227000,343.107697,426.953857
1777992362.649661,2.227000,343.107697,426.953857
1777992362.660783,2.230000,343.107697,426.953857
1777992362.671906,2.230000,343.107697,426.953857
1777992362.683028,2.227000,343.107697,426.953857
1777992362.694150,2.230000,343.107697,426.953857
1777992362.705273,2.230000,343.107697,426.953857
1777992362.716396,2.230000,343.107697,426.953857
1777992362.727518,2.238000,343.107697,426.953857
1777992362.738641,2.238000,343.107697,426.953857
1777992362.749763,2.223000,343.107697,426.953857
1777992362.760885,2.230000,343.107697,426.953857
1777992362.772007,2.219000,343.107697,426.953857
1777992362.783130,2.227000,343.107697,426.953857
1777992362.794252,2.215000,343.107697,426.953857
1777992362.805375,2.227000,343.107697,426.953857
1777992362.816497,2.219000,343.107697,426.953857
1777992362.827618,2.249000,343.107697,426.953857
1777992362.838742,2.227000,343.107697,426.953857
1777992362.849863,2.230000,343.107697,426.953857
1777992362.860985,2.227000,343.107697,426.953857
1777992362.872108,2.215000,343.107697,426.953857
1777992362.883230,2.230000,343.107697,426.953857
1777992362.894352,2.230000,343.107697,426.953857
1777992362.905475,2.242000,343.107697,426.953857
1777992362.916596,2.227000,343.107697,426.953857
1777992362.927718,2.227000,343.107697,426.953857
1777992362.938841,2.230000,343.107697,426.953857
1777992362.949963,2.219000,343.107697,426.953857
1777992362.961084,2.230000,343.107697,426.953857
1777992362.972206,2.219000,343.107697,426.953857
1777992362.983329,2.238000,343.107697,426.953857
1777992362.994451,2.234000,343.107697,426.953857
1777992363.005573,2.230000,343.107697,426.953857
1777992363.016695,2.238000,343.107697,426.953857
1777992363.027817,2.230000,343.107697,426.953857
1777992363.038939,2.234000,343.107697,426.953857
1777992363.050061,2.230000,343.107697,426.953857
1777992363.061183,2.230000,343.107697,426.953857
1777992363.072304,2.223000,343.107697,426.953857
1777992363.083427,2.227000,343.107697,426.953857
1777992363.094549,2.227000,343.107697,426.953857
1777992363.105670,2.230000,343.107697,426.953857
1777992363.116793,2.219000,343.107697,426.953857
1777992363.127914,2.230000,343.107697,426.953857
1777992363.139036,2.227000,343.107697,426.953857
1777992363.150158,2.242000,343.107697,426.953857
1777992363.161280,2.230000,343.107697,426.953857
1777992363.172401,2.230000,343.107697,426.953857
1777992363.183524,2.230000,343.107697,426.953857
1777992363.194645,2.227000,343.107697,426.953857
1777992363.205767,2.230000,343.107697,426.953857
1777992363.216889,2.223000,343.107697,426.953857
1777992363.228010,2.230000,343.107697,426.953857
1777992363.239132,2.227000,343.107697,426.953857
1777992363.250254,2.234000,343.107697,426.953857
1777992363.261376,2.227000,343.107697,426.953857
1777992363.272497,2.234000,343.107697,426.953857
1777992363.283619,2.227000,343.107697,426.953857
1777992363.294741,2.230000,343.107697,426.953857
1777992363.305862,2.238000,343.107697,426.953857
1777992363.316984,2.230000,343.107697,426.953857
1777992363.328106,2.234000,343.107697,426.953857
1777992363.339227,2.230000,343.107697,426.953857
1777992363.350349,2.227000,343.107697,426.953857
1777992363.361470,2.230000,343.107697,426.953857
1777992363.372592,2.227000,343.107697,426.953857
1777992363.383714,2.230000,343.107697,426.953857
1777992363.394835,2.230000,343.107697,426.953857
1777992363.405956,2.234000,343.107697,426.953857
1777992363.417077,2.227000,343.107697,426.953857
1777992363.428200,2.230000,343.107697,426.953857
1777992363.439321,2.227000,343.107697,426.953857
1777992363.450442,2.227000,343.107697,426.953857
1777992363.461564,2.230000,343.107697,426.953857
1777992363.472685,2.230000,343.107697,426.953857
1777992363.483806,2.215000,343.107697,426.953857
1777992363.494928,2.230000,343.107697,426.953857
1777992363.506049,2.234000,343.107697,426.953857
1777992363.517170,2.234000,343.107697,426.953857
1777992363.528292,2.230000,343.107697,426.953857
1777992363.539414,2.230000,343.107697,426.953857
1777992363.550534,2.238000,343.107697,426.953857
1777992363.561656,2.223000,343.107697,426.953857
1777992363.572777,2.219000,343.107697,426.953857
1777992363.583899,2.230000,343.107697,426.953857
1777992363.595020,2.242000,343.107697,426.953857
1777992363.606141,2.249000,343.107697,426.953857
1777992363.617262,2.219000,343.107697,426.953857
1777992363.628384,2.242000,343.107697,426.953857
1777992363.639506,2.230000,343.107697,426.953857
1777992363.650628,2.227000,343.107697,426.953857
1777992363.661752,2.230000,343.107697,426.953857
1777992363.672873,2.227000,343.107697,426.953857
1777992363.683996,2.230000,343.107697,426.953857
1777992363.695119,2.227000,343.107697,426.953857
1777992363.706241,2.242000,343.107697,426.953857
1777992363.717363,2.234000,343.107697,426.953857
1777992363.728486,2.223000,343.107697,426.953857
1777992363.739608,2.227000,343.107697,426.953857
1777992363.750730,2.227000,343.107697,426.953857
1777992363.761853,2.227000,343.107697,426.953857
1777992363.772974,2.227000,343.107697,426.953857
1777992363.784097,2.230000,343.107697,426.953857
1777992363.795220,2.246000,343.107697,426.953857
1777992363.806342,2.230000,343.107697,426.953857
1777992363.817463,2.230000,343.107697,426.953857
1777992363.828586,2.234000,343.107697,426.953857
1777992363.839708,2.227000,343.107697,426.953857
1777992363.850830,2.227000,343.107697,426.953857
1777992363.861952,2.227000,343.107697,426.953857
1777992363.873075,2.238000,343.107697,426.953857
1777992363.884197,2.230000,343.107697,426.953857
1777992363.895318,2.230000,343.107697,426.953857
1777992363.906441,2.227000,343.107697,426.953857
1777992363.917563,2.230000,343.107697,426.953857
1777992363.928685,2.230000,343.107697,426.953857
1777992363.939807,2.227000,343.107697,426.953857
1777992363.950929,2.234000,343.107697,426.953857
1777992363.962051,2.242000,343.107697,426.953857
1777992363.973174,2.219000,343.107697,426.953857
1777992363.984295,2.223000,343.107697,426.953857
1777992363.995417,2.223000,343.107697,426.953857
1777992364.006540,2.230000,343.107697,426.953857
1777992364.017661,2.234000,343.107697,426.953857
1777992364.028783,2.227000,343.107697,426.953857
1777992364.039906,2.246000,343.107697,426.953857
1777992364.051027,2.223000,343.107697,426.953857
1777992364.062149,2.230000,343.107697,426.953857
1777992364.073271,2.215000,343.107697,426.953857
1777992364.084393,2.253000,343.107697,426.953857
1777992364.095514,2.230000,343.107697,426.953857
1777992364.106637,2.219000,343.107697,426.953857
1777992364.117759,2.242000,343.107697,426.953857
1777992364.128880,2.230000,343.107697,426.953857
1777992364.140002,2.227000,343.053040,426.969696
1777992364.151124,2.227000,343.107697,426.953857
1777992364.162245,2.230000,343.107697,426.953857
1777992364.173368,2.230000,343.107697,426.953857
1777992364.184489,2.227000,343.107697,426.953857
1777992364.195611,2.242000,343.107697,426.953857
1777992364.206733,2.234000,343.107697,426.953857
1777992364.217854,2.227000,343.107697,426.953857
1777992364.228976,2.227000,343.107697,426.953857
1777992364.240098,2.223000,343.107697,426.953857
1777992364.251220,2.230000,343.107697,426.953857
1777992364.262341,2.242000,343.107697,426.953857
1777992364.273463,2.227000,343.107697,426.953857
1777992364.284585,2.230000,343.107697,426.953857
1777992364.295706,2.249000,343.107697,426.953857
1777992364.306827,2.227000,343.107697,426.953857
1777992364.317949,2.230000,343.107697,426.953857
1777992364.329071,2.230000,343.107697,426.953857
1777992364.340192,2.227000,343.107697,426.953857
1777992364.351314,2.230000,343.107697,426.953857
1777992364.362435,2.238000,343.107697,426.953857
1777992364.373556,2.223000,343.107697,426.953857
1777992364.384678,2.223000,343.107697,426.953857
1777992364.395800,2.234000,343.107697,426.953857
1777992364.406921,2.219000,343.107697,426.953857
1777992364.418043,2.230000,343.107697,426.953857
1777992364.429164,2.227000,343.107697,426.953857
1777992364.440285,2.234000,343.107697,426.953857
1777992364.451407,2.234000,343.107697,426.953857
1777992364.462528,2.223000,343.107697,426.953857
1777992364.473650,2.238000,343.107697,426.953857
1777992364.484771,2.227000,343.107697,426.953857
1777992364.495892,2.238000,343.107697,426.953857
1777992364.507013,2.227000,343.107697,426.953857
1777992364.518136,2.230000,343.107697,426.953857
1777992364.529256,2.227000,343.107697,426.953857
1777992364.540377,2.223000,343.107697,426.953857
1777992364.551499,2.230000,343.053040,426.969696
1777992364.562620,2.230000,343.107697,426.953857
1777992364.573741,2.230000,343.107697,426.953857
1777992364.584863,2.234000,343.107697,426.953857
1777992364.595984,2.219000,343.107697,426.953857
1777992364.607105,2.227000,343.107697,426.953857
1777992364.618227,2.238000,343.107697,426.953857
1777992364.629348,2.227000,343.107697,426.953857
1777992364.640470,2.227000,343.107697,426.953857
1777992364.651592,2.249000,343.107697,426.953857
1777992364.662714,2.230000,343.107697,426.953857
1777992364.673837,2.242000,343.053040,426.969696
1777992364.684960,2.238000,343.107697,426.953857
1777992364.696082,2.234000,343.107697,426.953857
1777992364.707204,2.242000,343.107697,426.953857
1777992364.718327,2.230000,343.107697,426.953857
1777992364.729449,2.227000,343.107697,426.953857
1777992364.740571,2.230000,343.107697,426.953857
1777992364.751693,2.230000,343.107697,426.953857
1777992364.762816,2.223000,343.107697,426.953857
1777992364.773937,2.223000,343.107697,426.953857
1777992364.785059,2.227000,343.107697,426.953857
1777992364.796182,2.238000,343.107697,426.953857
1777992364.807304,2.242000,343.107697,426.953857
1777992364.818426,2.230000,343.107697,426.953857
1777992364.829549,2.234000,343.107697,426.953857
1777992364.840671,2.230000,343.107697,426.953857
1777992364.851793,2.242000,343.107697,426.953857
1777992364.862916,2.234000,343.107697,426.953857
1777992364.874037,2.227000,343.107697,426.953857
1777992364.885159,2.230000,343.107697,426.953857
1777992364.896282,2.234000,343.107697,426.953857
1777992364.907403,2.227000,343.107697,426.953857
1777992364.918525,2.219000,343.107697,426.953857
1777992364.929648,2.230000,343.107697,426.953857
1777992364.940770,2.234000,343.107697,426.953857
1777992364.951891,2.227000,343.107697,426.953857
1777992364.963014,2.230000,343.107697,426.953857
1777992364.974136,2.227000,343.107697,426.953857
1777992364.985257,2.230000,343.107697,426.953857
1777992364.996380,2.227000,343.107697,426.953857
1777992365.007502,2.230000,343.107697,426.953857
1777992365.018623,2.234000,343.107697,426.953857
1777992365.029746,2.242000,343.107697,426.953857
1777992365.040867,2.227000,343.107697,426.953857
1777992365.051989,2.230000,343.107697,426.953857
1777992365.063112,2.230000,343.107697,426.953857
1777992365.074233,2.234000,343.107697,426.953857
1777992365.085355,2.227000,343.107697,426.953857
1777992365.096477,2.227000,343.107697,426.953857
1777992365.107599,2.238000,343.107697,426.953857
1777992365.118720,2.227000,343.107697,426.953857
1777992365.129843,2.223000,343.107697,426.953857
1777992365.140964,2.219000,343.107697,426.953857
1777992365.152086,2.219000,343.107697,426.953857
1777992365.163208,2.219000,343.107697,426.953857
1777992365.174329,2.234000,343.107697,426.953857
1777992365.185451,2.227000,343.107697,426.953857
1777992365.196572,2.230000,343.107697,426.953857
1777992365.207694,2.219000,343.107697,426.953857
1777992365.218816,2.227000,343.107697,426.953857
1777992365.229937,2.227000,343.107697,426.953857
1777992365.241059,2.227000,343.107697,426.953857
1777992365.252181,2.227000,343.107697,426.953857
1777992365.263302,2.230000,343.107697,426.953857
1777992365.274424,2.230000,343.107697,426.953857
1777992365.285545,2.223000,343.107697,426.953857
1777992365.296667,2.234000,343.107697,426.953857
1777992365.307789,2.230000,343.107697,426.953857
1777992365.318910,2.230000,343.107697,426.953857
1777992365.330031,2.238000,343.107697,426.953857
1777992365.341153,2.227000,343.107697,426.953857
1777992365.352275,2.223000,343.107697,426.953857
1777992365.363396,2.230000,343.107697,426.953857
1777992365.374518,2.230000,343.107697,426.953857
1777992365.385639,2.230000,343.107697,426.953857
1777992365.396760,2.227000,343.107697,426.953857
1777992365.407882,2.227000,343.107697,426.953857
1777992365.419003,2.246000,343.107697,426.953857
1777992365.430124,2.234000,343.107697,426.953857
1777992365.441246,2.234000,343.107697,426.953857
1777992365.452368,2.227000,343.107697,426.953857
1777992365.463489,2.219000,343.107697,426.953857
1777992365.474610,2.227000,343.107697,426.953857
1777992365.485731,2.234000,343.107697,426.953857
1777992365.496853,2.238000,343.107697,426.953857
1777992365.507974,2.246000,343.107697,426.953857
1777992365.519095,2.238000,343.107697,426.953857
1777992365.530216,2.230000,343.107697,426.953857
1777992365.541338,2.223000,343.107697,426.953857
1777992365.552459,2.227000,343.107697,426.953857
1777992365.563580,2.234000,343.107697,426.953857
1777992365.574702,2.234000,343.107697,426.953857
1777992365.585823,2.227000,343.107697,426.953857
1777992365.596944,2.253000,343.107697,426.953857
1777992365.608065,2.234000,343.107697,426.953857
1777992365.619186,2.227000,343.107697,426.953857
1777992365.630307,2.238000,343.107697,426.953857
1777992365.641428,2.227000,343.107697,426.953857
1777992365.652551,2.227000,343.107697,426.953857
1777992365.663673,2.230000,343.107697,426.953857
1777992365.674795,2.249000,343.107697,426.953857
1777992365.685919,2.230000,343.107697,426.953857
1777992365.697041,2.234000,343.107697,426.953857
1777992365.708163,2.227000,343.107697,426.953857
1777992365.719286,2.238000,343.107697,426.953857
1777992365.730408,2.215000,343.107697,426.953857
1777992365.741529,2.238000,343.053040,426.969696
1777992365.752653,2.230000,343.107697,426.953857
1777992365.763774,2.227000,343.107697,426.953857
1777992365.774896,2.227000,343.107697,426.953857
1777992365.786019,2.227000,343.107697,426.953857
1777992365.797141,2.227000,343.107697,426.953857
1777992365.808263,2.227000,343.107697,426.953857
1777992365.819386,2.223000,343.107697,426.953857
1777992365.830508,2.227000,343.107697,426.953857
1777992365.841630,2.234000,343.107697,426.953857
1777992365.852753,2.234000,343.107697,426.953857
1777992365.863874,2.230000,343.053040,426.969696
1777992365.874996,2.230000,343.107697,426.953857
1777992365.886119,2.223000,343.107697,426.953857
1777992365.897241,2.234000,343.107697,426.953857
1777992365.908363,2.227000,343.107697,426.953857
1777992365.919485,2.227000,343.107697,426.953857
1777992365.930607,2.238000,343.107697,426.953857
1777992365.941729,2.230000,343.107697,426.953857
1777992365.952852,2.253000,343.107697,426.953857
1777992365.963973,2.227000,343.107697,426.953857
1777992365.975095,2.238000,343.107697,426.953857
1777992365.986217,2.227000,343.107697,426.953857
1777992365.997339,2.230000,343.107697,426.953857
1777992366.008461,2.230000,343.107697,426.953857
1777992366.019583,2.219000,343.107697,426.953857
1777992366.030705,2.238000,343.107697,426.953857
1777992366.041827,2.234000,343.107697,426.953857
1777992366.052949,2.227000,343.107697,426.953857
1777992366.064071,2.223000,343.107697,426.953857
1777992366.075192,2.238000,343.107697,426.953857
1777992366.086314,2.219000,343.107697,426.953857
1777992366.097436,2.227000,343.107697,426.953857
1777992366.108558,2.227000,343.107697,426.953857
1777992366.119679,2.223000,343.107697,426.953857
1777992366.130802,2.230000,343.107697,426.953857
1777992366.141923,2.230000,343.107697,426.953857
1777992366.153045,2.227000,343.107697,426.953857
1777992366.164167,2.230000,343.107697,426.953857
1777992366.175289,2.230000,343.107697,426.953857
1777992366.186410,2.234000,343.107697,426.953857
1777992366.197532,2.219000,343.107697,426.953857
1777992366.208654,2.227000,343.107697,426.953857
1777992366.219775,2.227000,343.107697,426.953857
1777992366.230897,2.230000,343.107697,426.953857
1777992366.242019,2.223000,343.107697,426.953857
1777992366.253140,2.246000,343.107697,426.953857
1777992366.264262,2.223000,343.107697,426.953857
1777992366.275383,2.238000,343.107697,426.953857
1777992366.286505,2.230000,343.107697,426.953857
1777992366.297627,2.238000,343.107697,426.953857
1777992366.308748,2.223000,343.107697,426.953857
1777992366.319870,2.230000,343.107697,426.953857
1777992366.330992,2.242000,343.107697,426.953857
1777992366.342113,2.230000,343.107697,426.953857
1777992366.353234,2.230000,343.107697,426.953857
1777992366.364357,2.230000,343.107697,426.953857
1777992366.375478,2.227000,343.107697,426.953857
1777992366.386599,2.230000,343.107697,426.953857
1777992366.397721,2.242000,343.107697,426.953857
1777992366.408842,2.227000,343.107697,426.953857
1777992366.419963,2.227000,343.107697,426.953857
1777992366.431085,2.230000,343.053040,426.969696
1777992366.442206,2.219000,343.107697,426.953857
1777992366.453327,2.227000,343.107697,426.953857
1777992366.464449,2.230000,343.107697,426.953857
1777992366.475570,2.246000,343.107697,426.953857
1777992366.486691,2.230000,343.107697,426.953857
1777992366.497813,2.219000,343.107697,426.953857
1777992366.508934,2.234000,343.107697,426.953857
1777992366.520055,2.230000,343.107697,426.953857
1777992366.531176,2.219000,343.107697,426.953857
1777992366.542298,2.227000,343.107697,426.953857
1777992366.553419,2.227000,343.107697,426.953857
1777992366.564540,2.227000,343.107697,426.953857
1777992366.575662,2.227000,343.107697,426.953857
1777992366.586782,2.230000,343.107697,426.953857
1777992366.597903,2.230000,343.107697,426.953857
1777992366.609025,2.227000,343.107697,426.953857
1777992366.620146,2.227000,343.107697,426.953857
1777992366.631267,2.242000,343.107697,426.953857
1777992366.642394,2.234000,343.107697,426.953857
1777992366.664666,2.230000,343.107697,426.953857
1777992366.675803,2.227000,343.107697,426.953857
1777992366.686939,2.234000,343.107697,426.953857
1777992366.698076,2.215000,343.107697,426.953857
1777992366.709213,2.219000,343.107697,426.953857
1777992366.720349,2.215000,343.107697,426.953857
1777992366.731485,2.242000,343.107697,426.953857
1777992366.742623,2.230000,343.107697,426.953857
1777992366.753759,2.227000,343.107697,426.953857
1777992366.764896,2.219000,343.107697,426.953857
1777992366.776033,2.227000,343.107697,426.953857
1777992366.787170,2.227000,343.107697,426.953857
1777992366.798307,2.230000,343.107697,426.953857
1777992366.809444,2.227000,343.107697,426.953857
1777992366.820581,2.230000,343.107697,426.953857
1777992366.831718,2.230000,343.107697,426.953857
1777992366.842856,2.223000,343.107697,426.953857
1777992366.853993,2.230000,343.107697,426.953857
1777992366.865129,2.234000,343.107697,426.953857
1777992366.876268,2.230000,343.107697,426.953857
1777992366.887404,2.234000,343.107697,426.953857
1777992366.898541,2.219000,343.107697,426.953857
1777992366.909680,2.227000,343.107697,426.953857
1777992366.920817,2.234000,343.107697,426.953857
1777992366.931954,2.230000,343.107697,426.953857
1777992366.943092,2.227000,343.107697,426.953857
1777992366.954230,2.230000,343.107697,426.953857
1777992366.965367,2.234000,343.107697,426.953857
1777992366.976504,2.230000,343.107697,426.953857
1777992366.987643,2.230000,343.107697,426.953857
1777992366.998780,2.223000,343.107697,426.953857
1777992367.009918,2.246000,343.107697,426.953857
1777992367.021057,2.238000,343.107697,426.953857
1777992367.032194,2.230000,343.107697,426.953857
1777992367.043332,2.230000,343.107697,426.953857
1777992367.054471,2.227000,343.107697,426.953857
1777992367.065609,2.249000,343.107697,426.953857
1777992367.076746,2.230000,343.107697,426.953857
1777992367.087885,2.230000,343.107697,426.953857
1777992367.099023,2.227000,343.107697,426.953857
1777992367.110161,2.242000,343.107697,426.953857
1777992367.121300,2.219000,343.107697,426.953857
1777992367.132438,2.242000,343.107697,426.953857
1777992367.143576,2.246000,343.107697,426.953857
1777992367.154715,2.227000,343.107697,426.953857
1777992367.165854,2.219000,343.107697,426.953857
1777992367.176992,2.219000,343.107697,426.953857
1777992367.188131,2.230000,343.107697,426.953857
1777992367.199270,2.230000,343.107697,426.953857
1777992367.210408,2.223000,343.107697,426.953857
1777992367.221547,2.227000,343.107697,426.953857
1777992367.232686,2.227000,343.107697,426.953857
1777992367.243824,2.219000,343.107697,426.953857
1777992367.254964,2.230000,343.107697,426.953857
1777992367.266103,2.223000,343.107697,426.953857
1777992367.277241,2.234000,343.107697,426.953857
1777992367.288381,2.230000,343.107697,426.953857
1777992367.299520,2.246000,343.107697,426.953857
1777992367.310659,2.249000,343.053040,426.969696
1777992367.321798,2.242000,343.053040,426.969696
1777992367.332937,2.242000,343.053040,426.969696
1777992367.344076,2.265000,343.053040,426.969696
1777992367.355216,2.249000,343.053040,426.969696
1777992367.366355,2.273000,343.053040,426.969696
1777992367.377494,2.261000,343.053040,426.969696
1777992367.388635,2.261000,343.053040,426.969696
1777992367.399774,2.273000,343.000000,427.000000
1777992367.410913,2.273000,343.053040,426.969696
1777992367.422052,2.261000,343.053040,426.969696
1777992367.433193,2.277000,343.000000,427.000000
1777992367.444332,2.277000,343.000000,427.000000
1777992367.455472,2.273000,343.000000,427.000000
1777992367.466612,2.293000,343.023071,426.899994
1777992367.477751,2.273000,343.053040,426.969696
1777992367.488891,2.277000,343.053040,426.969696
1777992367.500032,2.249000,343.053040,426.969696
1777992367.511171,2.261000,343.053040,426.969696
1777992367.522311,2.249000,343.053040,426.969696
1777992367.533452,2.261000,343.053040,426.969696
1777992367.544592,2.238000,343.053040,426.969696
1777992367.555732,2.273000,343.053040,426.969696
1777992367.566873,2.246000,343.053040,426.969696
1777992367.578012,2.261000,343.053040,426.969696
1777992367.589152,2.246000,343.053040,426.969696
1777992367.600293,2.253000,343.107697,426.953857
1777992367.611434,2.230000,343.107697,426.953857
1777992367.622574,2.242000,343.053040,426.969696
1777992367.633715,2.230000,343.107697,426.953857
1777992367.644840,2.234000,343.107697,426.953857
1777992367.655964,2.246000,343.053040,426.969696
1777992367.667090,2.234000,343.107697,426.953857
1777992367.678215,2.227000,343.107697,426.953857
1777992367.689339,2.219000,343.107697,426.953857
1777992367.700465,2.234000,343.107697,426.953857
1777992367.711589,2.242000,343.107697,426.953857
1777992367.722714,2.219000,343.053040,426.969696
1777992367.733840,2.253000,343.107697,426.953857
1777992367.744964,2.227000,343.053040,426.969696
1777992367.756089,2.238000,343.107697,426.953857
1777992367.767214,2.242000,343.053040,426.969696
1777992367.778339,2.242000,343.053040,426.969696
1777992367.789463,2.238000,343.107697,426.953857
1777992367.800589,2.261000,343.053040,426.969696
1777992367.811713,2.253000,343.053040,426.969696
1777992367.822838,2.242000,343.053040,426.969696
1777992367.833964,2.273000,343.053040,426.969696
1777992367.845088,2.273000,343.053040,426.969696
1777992367.856213,2.242000,343.107697,426.953857
1777992367.867337,2.261000,343.053040,426.969696
1777992367.878463,2.265000,343.053040,426.969696
1777992367.889587,2.273000,343.023071,426.899994
1777992367.900712,2.285000,343.053040,426.969696
1777992367.911837,2.273000,343.053040,426.969696
1777992367.922961,2.273000,343.023071,426.899994
1777992367.934086,2.249000,342.968750,426.929688
1777992367.945211,2.253000,342.968750,426.929688
1777992367.956336,2.277000,342.968750,426.929688
1777992367.967460,2.273000,342.968750,426.929688
1777992367.978586,2.249000,342.817719,426.755219
1777992367.989710,2.265000,342.895660,426.834595
1777992368.000834,2.273000,342.895660,426.834595
1777992368.011960,2.285000,342.844604,426.867157
1777992368.023084,2.273000,342.895660,426.834595
1777992368.034209,2.273000,342.817719,426.755219
1777992368.045334,2.253000,342.817719,426.755219
1777992368.056458,2.261000,342.844604,426.867157
1777992368.067583,2.277000,342.766663,426.789734
1777992368.078708,2.261000,342.766663,426.789734
1777992368.089833,2.261000,342.766663,426.789734
1777992368.100957,2.273000,342.766663,426.789734
1777992368.112082,2.234000,342.766663,426.789734
1777992368.123207,2.253000,342.664124,426.903320
1777992368.134331,2.238000,342.766663,426.789734
1777992368.145457,2.242000,342.664124,426.903320
1777992368.156581,2.238000,342.708344,426.802094
1777992368.167705,2.227000,342.620148,426.948334
1777992368.178830,2.227000,342.572510,426.994904
1777992368.189955,2.230000,342.431091,426.794495
1777992368.201079,2.238000,342.346558,427.047607
1777992368.212204,2.230000,342.286469,427.015625
1777992368.223329,2.227000,342.286469,427.015625
1777992368.234453,2.227000,342.286469,427.015625
1777992368.245578,2.230000,342.228210,427.015381
1777992368.256702,2.223000,342.164062,427.000000
1777992368.267827,2.242000,342.134918,426.928558
1777992368.278952,2.246000,342.164062,427.000000
1777992368.290076,2.230000,342.060608,426.722229
1777992368.301200,2.234000,342.073517,426.455872
1777992368.312325,2.215000,342.053040,425.969696
1777992368.323450,2.227000,342.023071,425.899994
1777992368.334574,2.227000,342.007568,425.820709
1777992368.345698,2.230000,342.071594,425.582703
1777992368.356823,2.219000,342.123199,425.275360
1777992368.367948,2.230000,342.055145,425.110291
1777992368.379072,2.227000,342.096771,425.104828
1777992368.390197,2.219000,342.111115,425.031738
1777992368.401321,2.234000,342.053040,424.969696
1777992368.412445,2.230000,342.023071,424.899994
1777992368.423570,2.227000,342.055969,424.654510
1777992368.434695,2.234000,342.135712,424.350006
1777992368.445819,2.230000,342.053040,423.969696
1777992368.456944,2.227000,342.053040,423.969696
1777992368.468068,2.219000,342.197632,423.285706
1777992368.479192,2.227000,342.236328,423.029846
1777992368.490317,2.246000,342.297363,422.551544
1777992368.501441,2.238000,342.299011,422.058838
1777992368.512565,2.234000,342.434998,421.692657
1777992368.523690,2.277000,342.476532,421.167908
1777992368.534814,2.230000,342.728851,420.634338
1777992368.545938,2.238000,342.776947,419.985291
1777992368.557064,2.253000,342.832092,419.234558
1777992368.568188,2.249000,342.787445,418.536224
1777992368.579312,2.238000,342.835785,417.500000
1777992368.590437,2.238000,342.957733,416.500000
1777992368.601561,2.261000,343.007141,415.549988
1777992368.612685,2.230000,343.135712,414.350006
1777992368.623810,2.238000,343.301697,413.150848
1777992368.634936,2.273000,343.556366,411.923248
1777992368.646060,2.285000,343.758698,410.634338
1777992368.657186,2.289000,343.849152,409.165436
1777992368.668311,2.285000,343.900238,407.763977
1777992368.679435,2.289000,343.952026,406.167877
1777992368.690561,2.285000,344.226105,404.641022
1777992368.701685,2.273000,344.385345,402.924347
1777992368.712810,2.285000,344.542847,401.197632
1777992368.723936,2.261000,344.787445,399.536224
1777992368.735060,2.285000,344.883331,398.000000
1777992368.746185,2.234000,344.901672,396.134277
1777992368.757310,2.249000,345.071442,394.442871
1777992368.768435,2.227000,345.107056,392.691010
1777992368.779560,2.230000,345.301697,390.958649
1777992368.790684,2.277000,345.418488,389.017029
1777992368.801810,2.289000,345.716431,387.308472
1777992368.812935,2.289000,345.839233,385.456268
1777992368.824059,2.293000,345.909729,383.534729
1777992368.835185,2.293000,345.938354,381.602753
1777992368.846309,2.289000,346.211121,379.540009
1777992368.857434,2.289000,346.373077,377.660034
1777992368.868560,2.277000,346.532471,375.774902
1777992368.879684,2.289000,346.636353,373.787872
1777992368.890809,2.301000,346.894867,371.695740
1777992368.901934,2.313000,347.183136,369.730438
1777992368.913059,2.289000,347.358826,367.673035
1777992368.924183,2.249000,347.553375,365.592590
1777992368.935309,2.277000,347.726501,363.480774
1777992368.946433,2.285000,348.047302,361.466217
1777992368.957558,2.301000,348.322357,359.254395
1777992368.968683,2.277000,348.519226,357.209412
1777992368.979808,2.277000,348.619995,355.091125
1777992368.990932,2.333000,349.000000,352.972778
1777992369.002058,2.325000,349.305389,350.681732
1777992369.013182,2.325000,349.599182,348.629852
1777992369.024306,2.317000,349.774261,346.449371
1777992369.035432,2.317000,350.109741,344.343689
1777992369.046556,2.301000,350.418213,342.306427
1777992369.057681,2.325000,350.727631,340.146332
1777992369.068806,2.329000,350.988373,338.063965
1777992369.079931,2.333000,351.517639,336.064697
1777992369.091055,2.329000,351.626678,334.100952
1777992369.102180,2.313000,352.129517,332.295227
1777992369.113305,2.325000,352.500000,330.500000
1777992369.124429,2.325000,352.804596,328.601532
1777992369.135555,2.317000,353.196075,326.932251
1777992369.146679,2.321000,353.598083,325.323822
1777992369.157803,2.313000,354.014404,323.720734
1777992369.168929,2.317000,354.283691,322.058502
1777992369.180053,2.313000,354.776062,320.796570
1777992369.191177,2.313000,355.025513,319.231293
1777992369.202302,2.293000,355.372437,317.913269
1777992369.213427,2.301000,355.853851,316.619049
1777992369.224551,2.321000,356.139038,315.259644
1777992369.235676,2.317000,356.575745,314.075745
1777992369.246801,2.317000,356.979797,313.055542
1777992369.257925,2.305000,357.224945,312.096893
1777992369.269050,2.325000,357.837616,311.172638
1777992369.280175,2.317000,358.000000,310.500000
1777992369.291299,2.317000,358.425751,309.955444
1777992369.302423,2.321000,358.837616,309.172638
1777992369.313549,2.342000,359.016266,308.778870
1777992369.324673,2.305000,359.399689,308.295410
1777992369.335797,2.313000,359.866333,307.914642
1777992369.346922,2.305000,360.109009,307.733032
1777992369.358047,2.313000,360.486481,307.554047
1777992369.369171,2.305000,360.603607,307.409912
1777992369.380296,2.325000,361.104858,307.269165
1777992369.391420,2.293000,361.280609,307.169006
1777992369.402545,2.293000,361.377167,307.129883
1777992369.413670,2.285000,361.668213,306.899231
1777992369.424794,2.301000,361.766205,306.906799
1777992369.435918,2.305000,362.141968,306.981476
1777992369.447043,2.293000,362.331787,307.100769
1777992369.458168,2.293000,362.491486,306.945740
1777992369.469292,2.289000,362.668213,306.899231
1777992369.480417,2.289000,362.668213,306.899231
1777992369.491541,2.285000,362.716736,306.917053
1777992369.502665,2.293000,362.845520,306.967468
1777992369.513790,2.305000,362.936890,307.082520
1777992369.524915,2.301000,362.980194,307.264038
1777992369.536039,2.293000,363.072235,307.170776
1777992369.547164,2.289000,362.918701,307.198364
1777992369.558288,2.301000,362.816589,307.184998
1777992369.569412,2.289000,362.665070,307.291473
1777992369.580537,2.317000,362.563110,307.197418
1777992369.591661,2.301000,362.628754,307.328583
1777992369.602785,2.289000,362.404297,307.500000
1777992369.613910,2.301000,362.314636,307.661560
1777992369.625034,2.305000,362.228333,307.708344
1777992369.636158,2.321000,361.973969,307.753479
1777992369.647283,2.321000,361.873444,307.835999
1777992369.658408,2.350000,361.820251,308.001740
1777992369.669533,2.354000,361.374786,308.288300
1777992369.680657,2.333000,361.338715,308.494629
1777992369.691783,2.354000,361.089111,308.793213
1777992369.702908,2.325000,361.000000,309.000000
1777992369.714032,2.342000,360.805695,309.311951
1777992369.725158,2.337000,360.609680,309.557861
1777992369.736282,2.329000,360.511108,309.760681
1777992369.747406,2.333000,360.326721,309.945557
1777992369.758532,2.346000,360.104370,309.826599
1777992369.769656,2.317000,359.752106,309.795654
1777992369.780781,2.342000,359.625214,309.723053
1777992369.791907,2.358000,359.454559,309.574066
1777992369.803031,2.354000,359.286713,309.379974
1777992369.814155,2.354000,359.247894,309.204346
1777992369.825281,2.342000,358.772186,308.906189
1777992369.836405,2.333000,358.729370,308.651825
1777992369.847530,2.305000,358.559937,308.502472
1777992369.858655,2.325000,358.461548,308.125000
1777992369.869779,2.321000,358.438110,308.071442
1777992369.880904,2.333000,358.377441,307.936279
1777992369.892029,2.346000,358.169922,307.738556
1777992369.903154,2.346000,358.169922,307.630707
1777992369.914278,2.363000,357.990204,307.442810
1777992369.925403,2.367000,357.807281,307.225922
1777992369.936527,2.371000,357.698029,307.079193
1777992369.947652,2.358000,357.727722,306.970306
1777992369.958777,2.358000,357.660187,306.946594
1777992369.969902,2.346000,357.610565,306.956726
1777992369.981026,2.346000,357.563110,306.927185
1777992369.992151,2.375000,357.514709,306.946075
1777992370.003276,2.329000,357.514709,306.946075
1777992370.014400,2.337000,357.490295,306.844666
1777992370.025525,2.354000,357.441162,306.862732
1777992370.036650,2.367000,357.441162,306.862732
1777992370.047774,2.358000,357.441162,306.862732
1777992370.058899,2.358000,357.315186,306.666656
1777992370.070024,2.367000,357.248352,306.524506
1777992370.081148,2.342000,357.304077,306.513824
1777992370.092272,2.367000,357.385864,306.287354
1777992370.103397,2.350000,357.379761,306.227203
1777992370.114522,2.350000,357.369812,306.177460
1777992370.125645,2.346000,357.409088,306.101013
1777992370.136771,2.354000,357.409088,306.101013
1777992370.147895,2.342000,357.409088,306.101013
1777992370.159019,2.321000,357.409088,306.101013
1777992370.170145,2.354000,357.305847,306.092773
1777992370.181268,2.358000,357.262146,306.125000
1777992370.192393,2.317000,357.223938,306.203430
1777992370.203518,2.346000,357.223938,306.203430
1777992370.214642,2.342000,357.177765,306.300842
1777992370.225766,2.350000,357.294312,306.459229
1777992370.236892,2.350000,357.254913,306.723694
1777992370.248016,2.346000,357.210693,306.856659
1777992370.259140,2.337000,357.210693,306.856659
1777992370.270265,2.337000,357.215179,306.970032
1777992370.281389,2.333000,357.228607,307.322876
1777992370.292513,2.337000,357.204590,307.737213
1777992370.303638,2.329000,357.210693,307.856659
1777992370.314762,2.358000,357.210693,307.856659
1777992370.325886,2.346000,357.169342,308.001770
1777992370.337012,2.371000,357.151031,308.618042
1777992370.348136,2.350000,357.162384,308.827362
1777992370.359260,2.317000,357.146393,308.943573
1777992370.370385,2.371000,357.090912,309.388885
1777992370.381509,2.363000,357.155334,309.708557
1777992370.392633,2.321000,357.097717,309.912750
1777992370.403758,2.375000,357.090912,310.510101
1777992370.414882,2.325000,357.162384,310.827362
1777992370.426006,2.342000,357.028198,311.132660
1777992370.437131,2.363000,357.045013,311.475006
1777992370.448255,2.346000,357.000000,311.855438
1777992370.459379,2.333000,356.979797,312.198639
1777992370.470504,2.305000,356.964294,312.646271
1777992370.481628,2.321000,356.907135,312.882263
1777992370.492752,2.265000,356.707916,313.128723
1777992370.503877,2.301000,356.606049,313.704956
1777992370.515001,2.238000,356.500000,313.952393
1777992370.526125,2.261000,356.395233,314.103180
1777992370.537249,2.301000,356.174591,314.571442
1777992370.548374,2.321000,356.057983,314.866333
1777992370.559498,2.277000,355.595245,315.009521
1777992370.570622,2.301000,355.418915,315.360352
1777992370.581747,2.293000,355.071899,315.738556
1777992370.592871,2.289000,354.613464,315.870117
1777992370.603995,2.313000,354.228668,315.851837
1777992370.615119,2.293000,353.660187,315.946594
1777992370.626243,2.346000,353.202667,315.916260
1777992370.637367,2.337000,352.579193,315.841583
1777992370.648489,2.321000,352.010101,315.619537
1777992370.659640,2.313000,351.250824,315.348175
1777992370.670790,2.354000,350.598999,315.009888
1777992370.681942,2.325000,349.839264,314.793579
1777992370.693093,2.354000,348.989807,314.377563
1777992370.704243,2.325000,348.000000,314.000000
1777992370.715395,2.342000,347.036469,313.350708
1777992370.726546,2.333000,346.000000,312.685760
1777992370.737697,2.354000,344.853607,312.056427
1777992370.748849,2.354000,343.841370,311.233521
1777992370.760000,2.358000,342.565308,310.329437
1777992370.771151,2.329000,341.400818,309.370148
1777992370.782302,2.329000,340.186829,308.163483
1777992370.793454,2.293000,338.653931,306.794067
1777992370.804605,2.380000,337.324677,305.584412
1777992370.815757,2.337000,335.952698,304.261261
1777992370.826908,2.342000,334.498901,302.889618
1777992370.838060,2.346000,333.000000,301.305939
1777992370.849212,2.329000,331.666656,299.645844
1777992370.860363,2.253000,330.049286,298.042267
1777992370.871515,2.358000,328.722992,296.359161
1777992370.882667,2.285000,327.134277,294.527588
1777992370.893819,2.305000,325.812653,292.450134
1777992370.904970,2.289000,324.148682,290.239807
1777992370.916123,2.301000,322.766663,288.210266
1777992370.927274,2.293000,321.211182,286.096680
1777992370.938426,2.293000,319.960938,283.828125
1777992370.949579,2.317000,318.720184,281.172760
1777992370.960731,2.313000,317.462830,278.908875
1777992370.971883,2.305000,316.296021,276.233826
1777992370.983034,2.329000,315.184662,273.772186
1777992370.994187,2.317000,314.385345,270.917267
1777992371.005339,2.346000,313.356323,268.101135
1777992371.016491,2.337000,312.477936,265.441162
1777992371.027645,2.363000,311.934784,262.492767
1777992371.038797,2.367000,311.080872,259.566162
1777992371.049949,2.346000,310.786560,256.757782
1777992371.061102,2.350000,310.340637,253.771286
1777992371.072254,2.329000,310.105530,250.752991
1777992371.083407,2.301000,309.971008,247.949280
1777992371.094560,2.337000,309.718140,244.955887
1777992371.105712,2.333000,309.718140,241.955887
1777992371.116865,2.350000,309.907532,238.951340
1777992371.128019,2.337000,309.954559,236.053024
1777992371.139171,2.358000,310.411194,233.236008
1777992371.150324,2.342000,310.936493,230.452377
1777992371.161477,2.393000,311.380219,227.692703
1777992371.172630,2.337000,311.992188,224.817703
1777992371.183783,2.358000,312.811707,222.211197
1777992371.194937,2.384000,313.743164,219.524597
1777992371.206089,2.346000,314.544708,217.127365
1777992371.217242,2.397000,315.679901,214.830688
1777992371.228396,2.346000,316.648163,212.357147
1777992371.239549,2.354000,317.802673,210.181335
1777992371.250702,2.337000,318.844818,207.965515
1777992371.261857,2.329000,320.157745,206.053574
1777992371.273010,2.342000,321.157745,204.053574
1777992371.284163,2.346000,322.172516,202.128662
1777992371.295317,2.337000,323.294983,200.294983
1777992371.306470,2.350000,324.643066,198.643066
1777992371.317624,2.358000,325.822815,197.381378
1777992371.328778,2.346000,326.918182,195.857574
1777992371.339932,2.346000,328.000000,194.500000
1777992371.351085,2.337000,329.079498,193.351685
1777992371.362240,2.342000,330.146423,192.339569
1777992371.373393,2.342000,331.277252,191.320877
1777992371.384547,2.346000,332.359741,190.419144
1777992371.395702,2.346000,333.471161,189.743591
1777992371.406856,2.375000,334.528839,189.256409
1777992371.418009,2.358000,335.314117,188.528839
1777992371.429163,2.367000,336.236115,188.246521
1777992371.440318,2.354000,336.978729,187.790787
1777992371.451472,2.337000,337.872742,187.463638
1777992371.462626,2.375000,338.528839,187.256409
1777992371.473781,2.346000,339.425079,187.397552
1777992371.484935,2.342000,339.937683,187.339569
1777992371.496089,2.354000,340.480469,187.354355
1777992371.507244,2.375000,341.000000,187.445450
1777992371.518399,2.354000,341.425079,187.397552
1777992371.529553,2.346000,341.881165,187.553619
1777992371.540708,2.337000,342.372375,187.444443
1777992371.551862,2.358000,342.703705,187.629623
1777992371.563017,2.371000,342.763519,187.669510
1777992371.574172,2.342000,343.059326,187.983047
1777992371.585327,2.337000,343.406158,188.156860
1777992371.596481,2.346000,343.406158,188.156860
1777992371.607637,2.367000,343.455841,188.108261
1777992371.618792,2.350000,343.455841,188.108261
1777992371.629946,2.358000,343.481171,188.188400
1777992371.641102,2.393000,343.480469,188.354355
1777992371.652257,2.371000,343.480469,188.354355
1777992371.663388,2.346000,343.372375,188.444443
1777992371.674536,2.354000,343.376801,188.275360
1777992371.685683,2.346000,342.982452,188.078949
1777992371.696830,2.342000,342.651917,187.958694
1777992371.707978,2.346000,342.473206,187.919647
1777992371.719126,2.363000,342.339569,187.862930
1777992371.730273,2.342000,341.763519,187.669510
1777992371.741421,2.363000,341.519531,187.645645
1777992371.752568,2.350000,340.876892,187.609604
1777992371.763715,2.358000,340.425079,187.397552
1777992371.774863,2.337000,339.881165,187.553619
1777992371.786011,2.358000,339.372375,187.444443
1777992371.797158,2.380000,338.685028,187.529053
1777992371.808306,2.346000,338.261017,187.575470
1777992371.819454,2.358000,337.449829,187.608414
1777992371.830601,2.358000,336.528290,187.710693
1777992371.841750,2.358000,335.711975,187.902908
1777992371.852897,2.337000,335.022644,188.265366
1777992371.864045,2.337000,333.937683,188.339569
1777992371.875193,2.333000,332.953705,188.546295
1777992371.886341,2.337000,331.973053,188.902359
1777992371.897489,2.333000,330.953705,189.546295
1777992371.908637,2.342000,329.815186,189.818481
1777992371.919786,2.337000,328.711975,190.608414
1777992371.930933,2.333000,327.539215,191.173203
1777992371.942081,2.346000,326.291656,191.980774
1777992371.953230,2.354000,325.125397,192.892960
1777992371.964378,2.358000,324.040588,193.762314
1777992371.975526,2.363000,322.779877,195.018875
1777992371.986675,2.363000,321.500000,196.000000
1777992371.997823,2.346000,320.294983,197.294983
1777992372.008971,2.375000,319.060059,198.771774
1777992372.020120,2.350000,318.000000,200.000000
1777992372.031269,2.337000,316.886902,201.761902
1777992372.042417,2.337000,315.717712,203.492493
1777992372.053566,2.329000,314.666656,205.066666
1777992372.064714,2.305000,313.844818,206.965515
1777992372.075863,2.354000,312.852509,208.817108
1777992372.087012,2.342000,312.017548,210.938599
1777992372.098161,2.342000,311.324921,212.901962
1777992372.109309,2.342000,310.404572,214.917374
1777992372.120458,2.371000,309.802673,217.181335
1777992372.131607,2.371000,309.423737,219.299438
1777992372.142755,2.363000,308.876740,221.478989
1777992372.153905,2.363000,308.688904,223.958328
1777992372.165053,2.337000,308.291321,226.291321
1777992372.176202,2.375000,308.114746,228.786880
1777992372.187352,2.371000,308.115479,231.162735
1777992372.198501,2.346000,308.050903,233.788803
1777992372.209649,2.354000,308.365662,236.119400
1777992372.220799,2.325000,308.491486,238.812653
1777992372.231948,2.305000,308.822540,241.211029
1777992372.243097,2.285000,309.223755,243.904114
1777992372.254247,2.317000,309.532471,246.467529
1777992372.265396,2.253000,310.405060,249.054855
1777992372.276545,2.253000,311.029083,251.563950
1777992372.287695,2.249000,311.666656,254.349304
1777992372.298844,2.227000,312.488098,256.595245
1777992372.309994,2.273000,313.102264,259.142059
1777992372.321143,2.234000,313.927612,261.563812
1777992372.332293,2.289000,315.000000,264.000000
1777992372.343442,2.253000,315.874786,266.241608
1777992372.354591,2.313000,316.807220,268.801788
1777992372.365742,2.313000,317.797546,271.040131
1777992372.376891,2.301000,318.867004,273.255615
1777992372.388040,2.305000,319.896149,275.368500
1777992372.399191,2.289000,321.046875,277.421875
1777992372.410340,2.329000,322.206421,279.561768
1777992372.421490,2.301000,323.469391,281.382660
1777992372.432640,2.301000,324.704285,283.340179
1777992372.443790,2.313000,326.000000,285.000000
1777992372.454940,2.305000,327.340179,286.593170
1777992372.466090,2.317000,328.561768,288.206421
1777992372.477240,2.289000,329.927765,289.627258
1777992372.488390,2.305000,331.241089,290.888336
1777992372.499541,2.301000,332.602936,292.093140
1777992372.510690,2.305000,334.079742,293.165863
1777992372.521840,2.313000,335.341309,294.247223
1777992372.532991,2.265000,336.556610,295.413086
1777992372.544141,2.317000,337.916656,296.370361
1777992372.555291,2.305000,339.313171,297.271332
1777992372.566442,2.285000,340.443420,298.131775
1777992372.577592,2.293000,341.740204,298.888885
1777992372.588742,2.293000,343.169739,299.723755
1777992372.599893,2.293000,344.359100,300.431824
1777992372.611044,2.289000,345.531525,301.274780
1777992372.622194,2.289000,346.660706,301.642853
1777992372.633345,2.293000,347.895538,302.347168
1777992372.644495,2.289000,349.055298,302.737762
1777992372.655646,2.293000,350.032410,303.146606
1777992372.666792,2.293000,351.048920,303.486237
1777992372.677912,2.301000,352.195099,303.744995
1777992372.689031,2.301000,353.042053,304.021820
1777992372.700152,2.293000,353.949066,304.155853
1777992372.711271,2.317000,354.852722,304.322479
1777992372.722391,2.289000,355.745361,304.504639
1777992372.733511,2.289000,356.536041,304.585571
1777992372.744631,2.285000,357.287262,304.772644
1777992372.755750,2.289000,358.050934,304.844147
1777992372.766870,2.289000,358.665131,305.216125
1777992372.777990,2.285000,359.350800,305.246002
1777992372.789109,2.285000,359.767731,305.282043
1777992372.800229,2.285000,360.371521,305.296631
1777992372.811349,2.289000,360.819702,305.336365
1777992372.822468,2.289000,361.119385,305.345734
1777992372.833588,2.285000,361.618408,305.358978
1777992372.844708,2.301000,361.870117,305.377167
1777992372.855827,2.313000,362.023590,305.523590
1777992372.866946,2.301000,362.198761,305.683868
1777992372.878066,2.301000,362.439331,305.639008
1777992372.889185,2.301000,362.471588,305.708130
1777992372.900305,2.293000,362.604828,305.731537
1777992372.911425,2.289000,362.560181,305.858032
1777992372.922544,2.293000,362.467590,305.904327
1777992372.933663,2.293000,362.365753,305.993835
1777992372.944783,2.293000,362.085724,305.990479
1777992372.955902,2.313000,361.957153,306.031738
1777992372.967021,2.301000,361.634766,306.027100
1777992372.978141,2.301000,361.198761,305.740204
1777992372.989260,2.305000,360.700623,305.834869
1777992373.000379,2.301000,360.200623,305.799377
1777992373.011499,2.285000,359.581818,305.600006
1777992373.022618,2.285000,359.112122,305.606750
1777992373.033737,2.293000,358.397308,305.379456
1777992373.044857,2.293000,357.665131,305.216125
1777992373.055976,2.293000,356.765442,305.009247
1777992373.067094,2.301000,355.833344,304.533020
1777992373.078214,2.313000,354.810638,304.212830
1777992373.089333,2.301000,353.737427,303.902527
1777992373.100452,2.301000,352.431183,303.509186
1777992373.111571,2.305000,351.192993,302.858063
1777992373.122690,2.313000,349.919495,302.291473
1777992373.133809,2.305000,348.504761,301.671417
1777992373.144928,2.301000,346.981750,300.882263
1777992373.156047,2.305000,345.548065,300.009613
1777992373.167166,2.321000,344.023346,299.045013
1777992373.178285,2.313000,342.412628,297.961151
1777992373.189404,2.321000,340.691925,297.010101
1777992373.200522,2.293000,339.140167,295.801697
1777992373.211641,2.317000,337.448975,294.535706
1777992373.222760,2.325000,335.799316,293.113434
1777992373.233879,2.313000,334.340179,291.593170
1777992373.244997,2.313000,332.627563,289.923462
1777992373.256117,2.337000,331.185760,288.321167
1777992373.267235,2.321000,329.645935,286.354065
1777992373.278353,2.321000,328.322968,284.542328
1777992373.289473,2.321000,326.996521,282.363007
1777992373.300591,2.329000,325.776031,280.118042
1777992373.311710,2.305000,324.457672,277.677032
1777992373.322829,2.289000,323.500000,275.500000
1777992373.333947,2.325000,322.438965,272.947174
1777992373.345065,2.305000,321.739532,270.222229
1777992373.356185,2.285000,320.800751,267.811920
1777992373.367303,2.329000,320.059784,265.010864
1777992373.378421,2.329000,319.516846,262.232208
1777992373.389540,2.301000,318.927612,259.453339
1777992373.400658,2.325000,318.511627,256.602722
1777992373.411777,2.317000,318.370148,253.599182
1777992373.422896,2.321000,318.089294,250.668655
1777992373.434014,2.277000,318.064636,247.682831
1777992373.445132,2.301000,318.215332,244.774323
1777992373.456251,2.337000,318.285126,241.771484
1777992373.467369,2.313000,318.455688,238.955704
1777992373.478487,2.305000,318.703705,235.936813
1777992373.489606,2.305000,319.363434,233.088165
1777992373.500724,2.313000,319.794861,230.156174
1777992373.511842,2.301000,320.447327,227.376343
1777992373.522961,2.342000,321.199554,224.616776
1777992373.534079,2.354000,321.985504,221.756042
1777992373.545197,2.329000,323.000000,219.000000
1777992373.556315,2.350000,323.970581,216.382355
1777992373.567433,2.342000,325.051483,213.737747
1777992373.578551,2.337000,326.175323,211.350616
1777992373.589670,2.325000,327.279907,208.638672
1777992373.600787,2.329000,328.522400,206.440292
1777992373.611905,2.337000,329.702850,204.268738
1777992373.623024,2.354000,331.251251,202.014923
1777992373.634142,2.333000,332.583954,200.072678
1777992373.645259,2.354000,333.920410,198.052246
1777992373.656377,2.358000,335.419128,196.245102
1777992373.667497,2.346000,336.868286,194.500000
1777992373.678617,2.329000,338.181335,192.802673
1777992373.689736,2.358000,339.747223,191.483337
1777992373.700857,2.325000,341.168030,190.135498
1777992373.711976,2.342000,342.538239,188.808746
1777992373.723096,2.367000,343.943970,187.675064
1777992373.734216,2.354000,345.382935,186.796143
1777992373.745335,2.346000,346.610229,185.967743
1777992373.756455,2.354000,347.941681,185.377777
1777992373.767575,2.342000,349.188538,184.669403
1777992373.778694,2.346000,350.406158,184.156860
1777992373.789814,2.363000,351.500000,183.850006
1777992373.800934,2.346000,352.427734,183.401184
1777992373.812053,2.342000,353.427734,183.401184
1777992373.823172,2.346000,354.430206,183.236465
1777992373.834292,2.337000,355.406158,183.156860
1777992373.845412,2.354000,356.169342,183.188171
1777992373.856531,2.333000,356.895660,183.127228
1777992373.867651,2.354000,357.500000,183.149994
1777992373.878770,2.363000,358.353119,183.418076
1777992373.889889,2.367000,358.766663,183.466660
1777992373.901009,2.346000,359.363892,183.663895
1777992373.912128,2.354000,359.844604,183.829575
1777992373.923247,2.371000,360.164062,183.755203
1777992373.934367,2.375000,360.500000,184.000000
1777992373.945486,2.363000,360.845947,183.954544
1777992373.956605,2.333000,361.169342,184.188171
1777992373.967725,2.346000,361.475403,184.073776
1777992373.978844,2.358000,361.475403,184.073776
1777992373.989963,2.337000,361.750702,184.165268
1777992374.001082,2.354000,361.881165,184.376816
1777992374.012201,2.363000,361.941010,184.348083
1777992374.023320,2.342000,361.881165,184.376816
1777992374.034440,2.346000,361.943970,184.257706
1777992374.045559,2.346000,361.771362,184.088150
1777992374.056677,2.354000,361.560852,183.984131
1777992374.067797,2.375000,361.406158,183.843140
1777992374.078916,2.342000,361.341522,183.743164
1777992374.090034,2.329000,361.114746,183.562836
1777992374.101153,2.375000,360.770477,183.387985
1777992374.112273,2.358000,360.359192,183.500000
1777992374.123391,2.419000,360.179260,183.140060
1777992374.134510,2.358000,359.549194,183.049179
1777992374.145629,2.358000,359.406158,182.843140
1777992374.156748,2.342000,358.686615,182.797714
1777992374.167866,2.350000,358.430206,182.763535
1777992374.178986,2.337000,357.695892,182.543854
1777992374.190104,2.375000,357.359192,182.500000
1777992374.201223,2.333000,356.562317,182.318848
1777992374.212342,2.371000,356.108093,182.195190
1777992374.223461,2.346000,355.376801,182.188400
1777992374.234579,2.325000,354.507233,182.162323
1777992374.245698,2.358000,353.980377,182.088242
1777992374.256817,2.367000,353.233337,182.118179
1777992374.267935,2.346000,352.327393,182.080353
1777992374.279054,2.350000,351.518524,182.290131
1777992374.290173,2.325000,350.555542,182.453705
1777992374.301291,2.358000,349.555542,182.453705
1777992374.312410,2.329000,348.557678,182.548080
1777992374.323528,2.350000,347.569031,182.632996
1777992374.334646,2.333000,346.582489,183.276093
1777992374.345766,2.419000,345.442322,183.528839
1777992374.356884,2.354000,344.281799,183.872849
1777992374.368002,2.371000,343.000000,184.500000
1777992374.379121,2.350000,341.718201,185.127151
1777992374.390239,2.346000,340.405487,185.810989
1777992374.401357,2.371000,339.261169,186.604813
1777992374.412476,2.337000,337.977783,187.803711
1777992374.423594,2.346000,336.500000,188.500000
1777992374.434712,2.350000,335.251770,189.833328
1777992374.445831,2.317000,333.767029,190.896057
1777992374.456949,2.329000,332.379913,192.125443
1777992374.468067,2.337000,331.035583,193.391586
1777992374.479186,2.354000,329.581573,195.021271
1777992374.490304,2.354000,328.213043,196.656357
1777992374.501421,2.354000,326.959991,198.339996
1777992374.512540,2.358000,325.763763,200.132690
1777992374.523658,2.342000,324.346039,202.063492
1777992374.534776,2.358000,323.078796,204.018188
1777992374.545894,2.346000,322.078796,206.018188
1777992374.557012,2.346000,320.880127,208.342102
1777992374.568130,2.337000,319.724640,210.666672
1777992374.579248,2.354000,318.767517,213.022415
1777992374.590366,2.317000,317.872894,215.307907
1777992374.601484,2.342000,317.245178,217.903580
1777992374.612602,2.325000,316.465515,220.364944
1777992374.623720,2.350000,315.754822,223.096420
1777992374.634838,2.337000,315.232483,225.725494
1777992374.645955,2.358000,314.708344,228.229172
1777992374.657075,2.346000,314.336182,231.056976
1777992374.668195,2.354000,313.959412,233.715942
1777992374.679315,2.380000,313.843140,236.593842
1777992374.690435,2.354000,313.698914,239.236557
1777992374.701555,2.371000,313.692719,241.945312
1777992374.712675,2.346000,313.923065,244.789749
1777992374.723795,2.346000,314.147552,247.562836
1777992374.734915,2.342000,314.639099,250.177948
1777992374.746034,2.337000,315.049377,253.101242
1777992374.757154,2.317000,315.712891,255.900238
1777992374.768274,2.333000,316.209198,258.498840
1777992374.779393,2.305000,316.932892,261.076050
1777992374.790514,2.293000,317.628632,263.682312
1777992374.801633,2.261000,318.449371,266.225739
1777992374.823873,2.234000,320.385223,271.111786
1777992374.834992,2.230000,321.470581,273.452942
1777992374.846112,2.234000,322.425598,275.719391
1777992374.857232,2.230000,323.443207,277.862183
1777992374.868351,2.249000,324.459778,280.051727
1777992374.879470,2.273000,325.516846,282.050568
1777992374.890591,2.242000,326.516846,284.050568
1777992374.901710,2.293000,327.704773,285.933319
1777992374.912829,2.301000,328.918488,287.690216
1777992374.923949,2.301000,330.092377,289.418488
1777992374.935068,2.289000,331.443817,290.988770
1777992374.946187,2.289000,332.388000,292.612000
1777992374.957307,2.305000,333.505371,293.940857
1777992374.968426,2.289000,334.649017,295.308655
1777992374.979545,2.305000,336.058594,296.483521
1777992374.990664,2.305000,337.223999,297.511475
1777992375.001784,2.293000,338.404877,298.663177
1777992375.012903,2.289000,339.478180,299.818512
1777992375.024023,2.289000,340.627655,300.861694
1777992375.035142,2.313000,341.813049,301.832458
1777992375.046261,2.301000,342.920715,302.639648
1777992375.057380,2.285000,344.000000,303.500000
1777992375.068500,2.289000,344.937622,304.324432
1777992375.079619,2.301000,345.989471,304.942108
1777992375.090738,2.301000,347.062378,305.675568
1777992375.101857,2.301000,347.938263,306.262787
1777992375.112976,2.289000,349.019196,306.912750
1777992375.124095,2.305000,349.926117,307.385590
1777992375.135215,2.301000,350.952118,307.978729
1777992375.146333,2.313000,351.878784,308.360077
1777992375.157452,2.321000,352.737579,308.877655
1777992375.168572,2.305000,353.701263,309.216766
1777992375.179690,2.293000,354.311951,309.734406
1777992375.190809,2.313000,355.067017,309.932983
1777992375.201929,2.305000,355.889496,310.244202
1777992375.213047,2.329000,356.717682,310.437164
1777992375.224166,2.305000,357.215179,310.806000
1777992375.235285,2.325000,357.952118,310.978729
1777992375.246404,2.293000,358.687714,311.115784
1777992375.257522,2.305000,359.129150,311.202454
1777992375.268642,2.301000,359.725586,311.372009
1777992375.279760,2.305000,360.036469,311.586792
1777992375.290879,2.301000,360.415771,311.849457
1777992375.301998,2.289000,360.841370,311.723694
1777992375.313117,2.317000,361.169342,311.782532
1777992375.324235,2.313000,361.363464,311.861694
1777992375.335354,2.301000,361.572693,311.819153
1777992375.346473,2.329000,361.789917,311.968750
1777992375.357591,2.325000,361.902283,311.912750
1777992375.368710,2.317000,361.952118,311.978729
1777992375.379828,2.329000,361.952118,311.978729
1777992375.390947,2.325000,361.952118,311.978729
1777992375.402066,2.301000,361.740356,312.000000
1777992375.413184,2.285000,361.543945,312.000000
1777992375.424302,2.301000,361.297485,312.000000
1777992375.435420,2.313000,361.021729,311.940216
1777992375.446539,2.285000,360.716949,311.772827
1777992375.457658,2.293000,360.173035,311.657562
1777992375.468776,2.321000,359.772827,311.398499
1777992375.479895,2.293000,359.209015,311.127930
1777992375.491013,2.293000,358.697968,310.714539
1777992375.502131,2.317000,357.977539,310.245331
1777992375.513249,2.317000,357.215179,309.806000
1777992375.524368,2.313000,356.467773,309.335175
1777992375.535486,2.289000,355.608948,308.772827
1777992375.546604,2.321000,354.725586,308.372009
1777992375.557722,2.317000,353.614410,307.396393
1777992375.568840,2.301000,352.432281,306.911469
1777992375.579959,2.305000,351.225189,306.148926
1777992375.591077,2.313000,350.027771,305.264801
1777992375.602195,2.321000,348.876129,304.367950
1777992375.613313,2.329000,347.558472,303.425842
1777992375.624431,2.301000,346.021271,302.553192
1777992375.635549,2.329000,344.717804,301.366852
1777992375.646668,2.313000,343.266327,300.153442
1777992375.657790,2.313000,341.693726,298.803711
1777992375.668910,2.329000,340.242737,297.278625
1777992375.680031,2.313000,338.611115,295.589233
1777992375.691150,2.329000,337.109985,293.980011
1777992375.702270,2.317000,335.561768,292.206421
1777992375.713390,2.317000,333.907776,290.242706
1777992375.724510,2.321000,332.389709,288.280273
1777992375.735629,2.329000,330.818634,286.073517
1777992375.746750,2.333000,329.276947,283.625214
1777992375.757869,2.317000,327.710205,281.323273
1777992375.768989,2.329000,326.232178,278.699829
1777992375.780109,2.325000,324.770935,276.150421
1777992375.791229,2.329000,323.140442,273.455170
1777992375.802348,2.313000,321.855957,270.772186
1777992375.813468,2.301000,320.220459,267.843048
1777992375.824588,2.305000,318.978729,264.952118
1777992375.835707,2.277000,317.706604,261.875000
1777992375.846827,2.305000,316.547363,258.857880
1777992375.857947,2.289000,315.209015,255.682877
1777992375.869066,2.277000,314.224670,252.471451
1777992375.880185,2.253000,313.257996,249.318268
1777992375.891305,2.227000,312.583344,246.051132
1777992375.902424,2.253000,311.936768,242.609192
1777992375.913543,2.238000,311.259918,239.404755
1777992375.924664,2.273000,310.776337,235.937637
1777992375.935783,2.317000,310.273743,232.626938
1777992375.946902,2.337000,310.199005,229.241287
1777992375.958022,2.325000,310.117798,225.927322
1777992375.969141,2.393000,310.269348,222.794662
1777992375.980260,2.371000,310.703705,219.399475
1777992375.991380,2.354000,311.129486,216.253448
1777992376.002499,2.354000,311.647369,213.154266
1777992376.013618,2.346000,312.568634,210.140060
1777992376.024738,2.325000,313.353271,207.407410
1777992376.035857,2.305000,314.225067,204.723648
1777992376.046976,2.337000,315.078796,202.018188
1777992376.058096,2.325000,316.152313,199.465515
1777992376.069215,2.321000,317.000000,197.000000
1777992376.080333,2.337000,317.997131,194.620697
1777992376.091453,2.346000,319.079498,192.351685
1777992376.102572,2.346000,320.287567,190.490189
1777992376.113691,2.354000,321.521454,188.640259
1777992376.124810,2.350000,322.776642,186.941574
1777992376.135929,2.342000,324.067352,185.316498
1777992376.147048,2.393000,325.285187,184.022217
1777992376.158167,2.346000,326.500000,182.500000
1777992376.169286,2.346000,327.739136,181.413040
1777992376.180405,2.346000,328.818848,180.170288
1777992376.191525,2.350000,330.023254,179.205429
1777992376.202643,2.346000,331.345245,178.583328
1777992376.213762,2.346000,332.464294,177.769836
1777992376.224881,2.346000,333.845245,177.281754
1777992376.236000,2.342000,334.855957,176.930038
1777992376.247118,2.346000,335.895569,176.670685
1777992376.258238,2.363000,336.940491,176.047623
1777992376.269356,2.354000,338.059509,175.952377
1777992376.280475,2.358000,339.059509,175.952377
1777992376.291594,2.325000,340.059509,175.952377
1777992376.302712,2.350000,341.074921,175.891388
1777992376.313831,2.346000,342.151520,176.098480
1777992376.324949,2.342000,343.080322,176.116470
1777992376.336069,2.346000,344.000000,176.500000
1777992376.347187,2.350000,345.000000,176.500000
1777992376.358305,2.367000,345.906799,176.706100
1777992376.369424,2.337000,346.844971,177.000000
1777992376.380543,2.397000,347.705414,177.205429
1777992376.391661,2.329000,348.243439,177.408234
1777992376.402780,2.342000,349.055542,177.555557
1777992376.413898,2.354000,349.926727,177.989014
1777992376.425016,2.325000,350.829620,178.196289
1777992376.436136,2.342000,351.326599,178.407410
1777992376.447254,2.346000,351.929810,178.617538
1777992376.458372,2.317000,352.838593,178.733337
1777992376.469491,2.354000,353.340363,179.235092
1777992376.480609,2.350000,353.911560,179.200684
1777992376.491727,2.346000,354.326599,179.407410
1777992376.502846,2.342000,354.863953,179.500000
1777992376.513964,2.354000,355.192993,179.424561
1777992376.525082,2.358000,355.557678,179.528839
1777992376.536201,2.371000,355.929810,179.617538
1777992376.547319,2.346000,355.929810,179.617538
1777992376.558437,2.346000,356.389435,179.438950
1777992376.569556,2.346000,356.500000,179.578430
1777992376.580673,2.333000,356.698242,179.361404
1777992376.591791,2.337000,356.809021,179.447922
1777992376.602910,2.342000,356.900391,179.314178
1777992376.614028,2.329000,356.829620,179.196289
1777992376.625145,2.329000,356.829620,179.196289
1777992376.636264,2.342000,356.844971,179.000000
1777992376.647382,2.329000,356.844971,179.000000
1777992376.658494,2.325000,356.500000,179.068176
1777992376.669629,2.337000,356.170380,178.803711
1777992376.680763,2.375000,356.000000,178.500000
1777992376.691897,2.375000,355.893768,178.765564
1777992376.703032,2.371000,355.703308,178.622711
1777992376.714166,2.342000,355.055542,178.444443
1777992376.725300,2.358000,355.000000,178.500000
1777992376.736435,2.337000,354.183136,178.377289
1777992376.747569,2.375000,353.874542,178.433685
1777992376.758703,2.354000,353.113647,178.500000
1777992376.769837,2.363000,352.886353,178.590912
1777992376.780973,2.354000,352.093018,178.593018
1777992376.792107,2.346000,351.354156,178.975006
1777992376.803241,2.342000,350.645844,179.024994
1777992376.814377,2.371000,349.789032,178.953583
1777992376.825511,2.342000,348.789032,178.953583
1777992376.836646,2.346000,347.906982,179.275192
1777992376.847781,2.350000,346.839203,179.725494
1777992376.858916,2.380000,345.711945,179.905350
1777992376.870050,2.354000,344.500000,180.500000
1777992376.881186,2.380000,343.059509,180.952377
1777992376.892320,2.393000,341.976746,181.794571
1777992376.903455,2.393000,340.500000,182.500000
1777992376.914591,2.397000,339.194763,183.419479
1777992376.925726,2.358000,337.636719,184.307114
1777992376.936860,2.380000,336.329773,185.595749
1777992376.947996,2.333000,334.698242,186.898239
1777992376.959131,2.333000,333.239044,188.144775
1777992376.970266,2.337000,331.886719,189.822006
1777992376.981402,2.342000,330.211853,191.236755
1777992376.992537,2.325000,328.953705,193.098770
1777992377.003672,2.342000,327.353455,194.942535
1777992377.014808,2.337000,325.862579,197.058487
1777992377.025944,2.354000,324.558258,199.238480
1777992377.037079,2.333000,323.294983,201.294983
1777992377.048215,2.337000,321.948273,203.847702
1777992377.059350,2.329000,320.595428,206.082626
1777992377.070486,2.354000,319.643066,208.643066
1777992377.081622,2.363000,318.568634,211.140060
1777992377.092757,2.346000,317.525848,213.939651
1777992377.103893,2.337000,316.666656,216.384842
1777992377.115029,2.358000,315.872620,219.216797
1777992377.126165,2.346000,315.147552,222.049179
1777992377.137300,2.337000,314.474152,225.060349
1777992377.148437,2.350000,314.023804,227.976196
1777992377.159573,2.367000,313.528442,231.013550
1777992377.170708,2.337000,312.960327,233.976196
1777992377.181845,2.337000,312.796448,236.997452
1777992377.192981,2.321000,312.686859,240.053024
1777992377.204116,2.329000,312.611938,243.052246
1777992377.215252,2.305000,312.491486,246.187347
1777992377.226389,2.317000,312.562500,249.347229
1777992377.237525,2.293000,312.822540,252.558746
1777992377.248661,2.321000,313.032410,255.604172
1777992377.259798,2.317000,313.347137,258.498840
1777992377.270934,2.293000,313.931519,261.609589
1777992377.282070,2.234000,314.500000,264.339905
1777992377.293207,2.227000,315.392029,267.329132
1777992377.304344,2.215000,316.067902,270.055542
1777992377.315480,2.230000,316.799164,272.703949
1777992377.326617,2.219000,317.500000,275.500000
1777992377.337754,2.227000,318.684418,277.901367
1777992377.348890,2.238000,319.500000,280.500000
1777992377.360027,2.261000,320.607483,282.836304
1777992377.371164,2.246000,321.761353,284.930969
1777992377.382300,2.249000,322.934143,287.012360
1777992377.393437,2.223000,324.258820,288.947052
1777992377.404574,2.261000,325.516846,290.940063
1777992377.415711,2.285000,326.925293,292.597687
1777992377.426848,2.285000,328.074707,294.402313
1777992377.437985,2.289000,329.527466,295.785706
1777992377.449122,2.277000,330.823090,297.281189
1777992377.460259,2.289000,332.102264,298.477264
1777992377.471396,2.305000,333.696808,299.562042
1777992377.482533,2.301000,335.074677,300.657562
1777992377.493671,2.293000,336.266663,301.709900
1777992377.504808,2.301000,337.876129,302.367950
1777992377.515945,2.277000,339.042114,303.354401
1777992377.527083,2.305000,340.446808,304.010651
1777992377.538220,2.285000,341.773743,304.742645
1777992377.549357,2.293000,343.057281,305.225708
1777992377.560495,2.273000,344.265594,305.814606
1777992377.571632,2.289000,345.661407,306.078949
1777992377.582770,2.301000,346.822906,306.395844
1777992377.593908,2.289000,347.933685,306.778900
1777992377.605045,2.289000,349.000000,307.000000
1777992377.616182,2.293000,350.066315,307.221100
1777992377.627321,2.289000,351.065643,307.404053
1777992377.638458,2.293000,352.046387,307.647766
1777992377.649595,2.293000,353.025513,307.707489
1777992377.660738,2.289000,353.933685,307.778900
1777992377.671861,2.301000,354.821869,307.784821
1777992377.682983,2.301000,355.415771,307.860229
1777992377.694105,2.277000,355.933685,307.778900
1777992377.705228,2.277000,356.381195,307.700867
1777992377.716350,2.289000,356.773682,307.389465
1777992377.727472,2.313000,357.045929,307.464294
1777992377.738595,2.289000,357.057281,307.340271
1777992377.749717,2.289000,357.077332,307.280060
1777992377.760839,2.293000,357.077332,307.280060
1777992377.771962,2.289000,356.939392,307.198639
1777992377.783084,2.273000,356.790619,307.207703
1777992377.794206,2.285000,356.629822,307.182465
1777992377.805329,2.293000,356.045929,307.464294
1777992377.816451,2.293000,355.896912,307.632294
1777992377.827573,2.277000,355.374786,307.763397
1777992377.838696,2.293000,354.969391,307.681976
1777992377.849818,2.289000,354.521057,307.831573
1777992377.860940,2.285000,353.933685,307.778900
1777992377.872063,2.301000,353.177094,307.727417
1777992377.883185,2.289000,352.806122,307.520416
1777992377.894307,2.289000,351.939392,307.198639
1777992377.905429,2.305000,351.113434,306.954620
1777992377.916551,2.301000,350.191986,306.865631
1777992377.927673,2.301000,349.414886,306.319153
1777992377.938796,2.293000,348.407227,305.969086
1777992377.949918,2.301000,347.329681,305.610199
1777992377.961039,2.301000,346.357147,305.000000
1777992377.972162,2.293000,345.209869,304.379181
1777992377.983284,2.317000,344.061737,303.737213
1777992377.994406,2.301000,342.856659,303.101898
1777992378.005528,2.293000,341.485168,302.270508
1777992378.016650,2.301000,340.000000,301.500000
1777992378.027771,2.301000,338.704315,300.500000
1777992378.038894,2.293000,337.050568,299.516846
1777992378.050016,2.305000,335.666656,298.402863
1777992378.061137,2.313000,333.958099,297.329681
1777992378.072260,2.313000,332.451508,295.874786
1777992378.083382,2.313000,330.839722,294.438965
1777992378.094503,2.305000,329.089020,292.613647
1777992378.105625,2.337000,327.394440,291.214813
1777992378.116748,2.293000,325.711700,289.418030
1777992378.127869,2.329000,324.117767,287.478271
1777992378.138990,2.273000,322.275940,285.466675
1777992378.150113,2.301000,320.606750,283.149811
1777992378.161235,2.293000,319.132111,280.963409
1777992378.172356,2.285000,317.628143,278.714844
1777992378.183479,2.285000,316.012665,276.056976
1777992378.194600,2.301000,314.445129,273.680908
1777992378.205721,2.305000,312.987335,270.943024
1777992378.216844,2.285000,311.480255,268.280701
1777992378.227965,2.305000,310.154510,265.406189
1777992378.239087,2.325000,308.871277,262.422974
1777992378.250209,2.342000,307.714966,259.478271
1777992378.261330,2.354000,306.609467,256.529846
1777992378.272452,2.337000,305.721405,253.477615
1777992378.283574,2.346000,304.969696,250.171722
1777992378.294695,2.363000,304.054688,247.078125
1777992378.316939,2.371000,303.101318,240.778671
1777992378.328060,2.393000,302.843140,237.406158
1777992378.339182,2.384000,302.540222,234.298843
1777992378.350304,2.363000,302.435486,230.887100
1777992378.361425,2.354000,302.624298,227.689270
1777992378.372546,2.375000,302.672516,224.500000
1777992378.383668,2.337000,303.108276,221.455841
1777992378.394789,2.350000,303.528839,218.198715
1777992378.405911,2.397000,304.039215,215.271240
1777992378.417033,2.350000,304.673401,212.104370
1777992378.428154,2.367000,305.367004,209.296295
1777992378.439275,2.384000,306.387207,206.417511
1777992378.450397,2.380000,307.302399,203.426117
1777992378.461519,2.384000,308.278381,200.699631
1777992378.472640,2.367000,309.706085,198.369171
1777992378.483762,2.354000,310.973053,195.882156
1777992378.494883,2.363000,312.191559,193.582382
1777992378.506004,2.346000,313.750916,191.249084
1777992378.517126,2.346000,315.063843,189.205673
1777992378.528247,2.342000,316.582367,187.191574
1777992378.539368,2.363000,318.326019,185.849823
1777992378.550489,2.363000,319.670410,184.183517
1777992378.561611,2.363000,321.285187,183.022217
1777992378.572732,2.358000,322.597839,181.576080
1777992378.583853,2.419000,324.181152,180.786224
1777992378.594975,2.375000,325.789032,179.953583
1777992378.606096,2.406000,327.062500,178.975006
1777992378.617216,2.380000,328.430237,178.441864
1777992378.628338,2.346000,329.940491,178.047623
1777992378.639459,2.342000,331.284546,177.926834
1777992378.650580,2.384000,332.839203,177.725494
1777992378.661702,2.342000,334.034088,177.753784
1777992378.672824,2.333000,335.284546,177.926834
1777992378.683946,2.354000,336.768951,178.246216
1777992378.695069,2.346000,337.900391,178.685822
1777992378.706191,2.371000,338.926727,179.201462
1777992378.717313,2.346000,340.000000,179.500000
1777992378.728436,2.384000,341.000000,180.272110
1777992378.739558,2.358000,342.131409,180.846161
1777992378.750680,2.342000,343.187866,181.527267
1777992378.761803,2.380000,343.923737,182.307907
1777992378.772925,2.363000,344.600006,183.000000
1777992378.795170,2.350000,346.363892,184.663895
1777992378.806292,2.346000,347.107697,185.210251
1777992378.817414,2.346000,347.682037,186.000000
1777992378.828537,2.354000,348.437653,186.888046
1777992378.839659,2.350000,349.070312,187.320312
1777992378.850781,2.346000,349.549194,187.950821
1777992378.861904,2.342000,350.053040,188.686874
1777992378.873026,2.367000,350.538849,189.162903
1777992378.884147,2.363000,350.894043,189.855301
1777992378.895271,2.346000,351.093750,190.283859
1777992378.906392,2.337000,351.381989,190.849152
1777992378.917514,2.342000,351.739349,191.095245
1777992378.928637,2.346000,351.874695,191.453629
1777992378.939759,2.342000,351.946960,191.762619
1777992378.950880,2.337000,351.949280,191.956528
1777992378.962003,2.337000,351.951324,192.092453
1777992378.973125,2.317000,351.901672,192.134293
1777992378.984246,2.329000,351.783905,192.188507
1777992378.995368,2.325000,351.589569,192.267578
1777992379.006491,2.333000,351.424652,192.356171
1777992379.017613,2.342000,350.952026,192.167862
1777992379.028734,2.337000,350.951324,192.092453
1777992379.039857,2.337000,350.422546,192.035217
1777992379.050979,2.333000,350.053040,191.969696
1777992379.062100,2.333000,349.823242,191.762619
1777992379.073223,2.329000,349.140350,191.694229
1777992379.084345,2.342000,348.800537,191.364822
1777992379.095466,2.329000,348.000000,191.000000
1777992379.106589,2.325000,347.234100,190.926208
1777992379.117710,2.358000,346.837280,190.884521
1777992379.128832,2.325000,345.947510,190.821518
1777992379.139954,2.337000,345.112946,190.462814
1777992379.151076,2.337000,344.252594,190.591141
1777992379.162198,2.333000,343.306000,190.426224
1777992379.173320,2.317000,342.240753,190.513229
1777992379.184441,2.325000,341.240753,190.513229
1777992379.195563,2.317000,340.127380,190.544708
1777992379.206685,2.346000,338.890656,190.850662
1777992379.217807,2.313000,337.734985,191.404373
1777992379.228928,2.337000,336.437164,191.636612
1777992379.240051,2.317000,335.072571,192.129028
1777992379.251172,2.333000,333.753845,192.728210
1777992379.262293,2.337000,332.252777,193.466660
1777992379.273416,2.313000,330.917389,194.404556
1777992379.284537,2.321000,329.271515,195.201614
1777992379.295658,2.337000,327.906677,196.253326
1777992379.306781,2.321000,326.434418,197.459015
1777992379.317902,2.321000,325.038574,198.696976
1777992379.329023,2.342000,323.615173,200.295395
1777992379.340146,2.325000,322.346680,201.637329
1777992379.351267,2.317000,321.140503,203.349869
1777992379.362388,2.325000,320.078430,204.711487
1777992379.373510,2.333000,318.729797,206.439392
1777992379.384631,2.321000,317.658783,208.286087
1777992379.395752,2.321000,316.658783,210.286087
1777992379.406875,2.301000,315.864502,212.124664
1777992379.417996,2.321000,315.072571,214.032257
1777992379.429117,2.337000,314.404572,215.917374
1777992379.440238,2.313000,313.696960,218.038574
1777992379.451360,2.321000,313.072571,220.032257
1777992379.462481,2.342000,312.568634,222.140060
1777992379.473603,2.337000,312.103455,224.313217
1777992379.484725,2.375000,311.845734,226.413223
1777992379.495846,2.367000,311.354340,228.600601
1777992379.506967,2.337000,311.096771,230.959671
1777992379.518089,2.342000,311.101318,233.221329
1777992379.529210,2.354000,310.935486,235.486557
1777992379.540331,2.358000,310.953125,237.835938
1777992379.551453,2.346000,310.923065,240.000000
1777992379.562574,2.313000,311.129913,242.267151
1777992379.573694,2.337000,311.326141,244.750595
1777992379.584817,2.325000,311.599060,246.953384
1777992379.595937,2.317000,312.032410,249.048615
1777992379.607058,2.289000,312.403839,251.358978
1777992379.618181,2.273000,313.101898,253.377914
1777992379.629301,2.265000,313.722565,255.461700
1777992379.640422,2.238000,314.542175,257.451813
1777992379.651544,2.253000,315.470581,259.452942
1777992379.662665,2.246000,316.393768,261.161804
1777992379.673787,2.246000,317.146057,262.887634
1777992379.684911,2.261000,318.223511,264.570312
1777992379.696033,2.253000,319.094452,266.200012
1777992379.707155,2.249000,320.244202,267.889496
1777992379.718278,2.293000,321.211945,269.407623
1777992379.729400,2.301000,322.367950,270.876129
1777992379.740522,2.321000,323.483856,272.120087
1777992379.751646,2.301000,324.509918,273.673859
1777992379.762768,2.305000,325.684418,274.901367
1777992379.773890,2.301000,326.734528,276.349304
1777992379.785013,2.317000,327.911774,277.600006
1777992379.796135,2.301000,328.864258,278.864258
1777992379.807257,2.301000,329.925049,280.074951
1777992379.818380,2.277000,331.082397,281.370789
1777992379.829502,2.317000,332.278717,282.352173
1777992379.840624,2.293000,333.384613,283.412079
1777992379.851747,2.305000,334.384613,284.412079
1777992379.862870,2.301000,335.490204,285.365417
1777992379.873991,2.293000,336.506165,286.419739
1777992379.885113,2.293000,337.490204,287.365417
1777992379.896236,2.305000,338.548004,288.270508
1777992379.907358,2.277000,339.621277,288.977325
1777992379.918480,2.289000,340.547241,289.723694
1777992379.929603,2.293000,341.666656,290.402863
1777992379.940725,2.289000,342.684113,291.280975
1777992379.951847,2.289000,343.577332,291.912384
1777992379.962970,2.285000,344.666656,292.402863
1777992379.974092,2.289000,345.421051,293.057892
1777992379.985213,2.285000,346.222229,293.621124
1777992379.996336,2.293000,347.202759,294.020630
1777992380.007458,2.289000,348.000000,294.500000
1777992380.018580,2.289000,349.003479,294.897034
1777992380.029703,2.301000,349.891785,295.239105
1777992380.040824,2.289000,350.764496,295.772797
1777992380.051946,2.289000,351.489685,296.113403
1777992380.063069,2.285000,352.222229,296.621124
1777992380.074191,2.305000,353.088196,296.816589
1777992380.085312,2.289000,353.895935,297.104065
1777992380.096435,2.293000,354.445648,297.505432
1777992380.107557,2.289000,355.110504,297.755798
1777992380.118679,2.289000,355.671936,298.026306
1777992380.129801,2.289000,356.042114,298.301758
1777992380.140923,2.285000,356.652618,298.524567
1777992380.152044,2.277000,357.020630,298.735382
1777992380.163167,2.289000,357.288208,298.942719
1777992380.174289,2.285000,357.838501,298.979370
1777992380.185410,2.265000,357.984528,299.300690
1777992380.196533,2.285000,358.095734,299.540771
1777992380.207654,2.273000,358.428558,299.615631
1777992380.218776,2.277000,358.572906,299.802094
1777992380.229898,2.277000,358.750885,299.936829
1777992380.241020,2.301000,358.856659,300.101898
1777992380.252141,2.289000,358.911804,300.183411
1777992380.263264,2.289000,358.962769,300.462769
1777992380.274385,2.301000,359.010406,300.675354
1777992380.285506,2.289000,359.097717,300.876099
1777992380.296629,2.265000,359.010864,301.059784
1777992380.307750,2.305000,359.041656,301.241333
1777992380.318872,2.293000,359.047882,301.462769
1777992380.329993,2.277000,359.000000,301.794220
1777992380.341116,2.285000,359.050079,301.856659
1777992380.352237,2.285000,358.856659,302.101898
1777992380.363358,2.277000,358.845886,302.113892
1777992380.374481,2.277000,358.623749,302.181519
1777992380.385602,2.273000,358.412231,302.426727
1777992380.396723,2.261000,358.167480,302.557709
1777992380.407846,2.261000,357.934998,302.713348
1777992380.418967,2.277000,357.780579,302.805695
1777992380.430088,2.285000,357.394989,302.875000
1777992380.441211,2.293000,356.979797,302.740753
1777992380.452332,2.277000,356.520203,302.828278
1777992380.463453,2.273000,355.979797,302.740753
1777992380.474575,2.293000,355.575470,302.752899
1777992380.485697,2.285000,354.964294,302.464294
1777992380.496818,2.293000,354.133331,302.357727
1777992380.507940,2.289000,353.465332,302.084167
1777992380.519061,2.305000,352.524994,301.994995
1777992380.530182,2.293000,351.575470,301.752899
1777992380.541304,2.305000,350.720764,301.307159
1777992380.552425,2.289000,349.535706,300.882660
1777992380.563546,2.293000,348.405273,300.468414
1777992380.574668,2.285000,347.156952,299.779541
1777992380.585789,2.285000,345.920715,299.187378
1777992380.596911,2.301000,344.614410,298.396393
1777992380.608033,2.293000,343.180176,297.614410
1777992380.619154,2.289000,341.787872,296.539764
1777992380.630275,2.305000,340.292755,295.580261
1777992380.641397,2.301000,338.862183,294.476715
1777992380.652518,2.293000,337.109253,293.500000
1777992380.663639,2.293000,335.534485,292.124512
1777992380.674766,2.325000,334.028748,290.632172
1777992380.685913,2.301000,332.401093,289.272888
1777992380.697061,2.325000,330.789978,287.680145
1777992380.708210,2.313000,329.161743,286.132141
1777992380.719357,2.305000,327.403015,284.352173
1777992380.730505,2.325000,325.905304,282.573853
1777992380.741654,2.321000,324.172699,280.720886
1777992380.752802,2.313000,322.668732,278.648041
1777992380.763950,2.289000,321.263275,276.484070
1777992380.775098,2.277000,319.634827,274.346069
1777992380.786247,2.301000,318.314941,271.948883
1777992380.797395,2.301000,316.917206,269.572998
1777992380.808543,2.329000,315.606659,267.211121
1777992380.819692,2.313000,314.500000,264.500000
1777992380.830840,2.325000,313.317017,261.890442
1777992380.841988,2.305000,312.417297,259.071594
1777992380.853138,2.329000,311.598480,256.297974
1777992380.864286,2.342000,310.703705,253.600525
1777992380.875434,2.346000,309.952393,250.793655
1777992380.886584,2.346000,309.149323,247.890671
1777992380.897732,2.346000,308.948273,245.000000
1777992380.908880,2.410000,308.367615,242.130844
1777992380.920030,2.371000,308.241821,239.133987
1777992380.931179,2.380000,308.066040,236.147797
1777992380.942327,2.354000,308.083344,233.209869
1777992380.953477,2.350000,308.397552,230.314987
1777992380.964625,2.337000,308.397552,227.425079
1777992380.975774,2.350000,308.397552,224.425079
1777992380.986924,2.346000,308.964294,221.553574
1777992380.998073,2.333000,309.471161,218.685898
1777992381.009221,2.367000,310.077667,215.857605
1777992381.020371,2.350000,310.660065,213.135315
1777992381.031520,2.342000,311.500000,210.500000
1777992381.042669,2.337000,312.333344,207.958328
1777992381.053819,2.354000,313.092194,205.510635
1777992381.064968,2.342000,314.168335,203.077438
1777992381.076117,2.342000,315.258514,200.938782
1777992381.087267,2.337000,316.329834,198.856140
1777992381.098416,2.317000,317.690491,196.782318
1777992381.109565,2.358000,318.904297,194.904297
1777992381.120715,2.346000,320.000000,193.000000
1777992381.131865,2.346000,321.254120,191.310226
1777992381.143014,2.346000,322.533325,189.762970
1777992381.154164,2.350000,323.670227,188.404251
1777992381.165314,2.354000,325.059509,186.952377
1777992381.176463,2.380000,326.361389,186.010529
1777992381.187613,2.342000,327.635406,185.069443
1777992381.198763,2.371000,328.875885,184.124115
1777992381.209913,2.342000,330.251648,183.539215
1777992381.221062,2.342000,331.414032,182.898239
1777992381.232213,2.375000,332.563843,182.489365
1777992381.243362,2.337000,334.000000,182.098480
1777992381.254512,2.367000,335.000000,181.901520
1777992381.265663,2.367000,336.261169,181.604813
1777992381.276813,2.354000,337.369293,181.500000
1777992381.287962,2.358000,338.389435,181.640259
1777992381.299113,2.358000,339.449829,181.608414
1777992381.310263,2.371000,340.451721,181.788162
1777992381.321413,2.397000,341.397552,181.828751
1777992381.332564,2.363000,342.372375,182.354355
1777992381.343714,2.410000,343.372375,182.444443
1777992381.354864,2.410000,344.288879,182.788895
1777992381.366015,2.358000,345.044861,183.086533
1777992381.377165,2.380000,345.613220,183.424530
1777992381.388315,2.342000,346.555542,183.453705
1777992381.399467,2.354000,347.304108,184.000000
1777992381.410617,2.358000,347.997162,184.227921
1777992381.421767,2.354000,348.624237,184.445450
1777992381.432919,2.342000,349.241394,184.982758
1777992381.444069,2.346000,349.771362,185.088150
1777992381.455219,2.337000,350.301453,185.266663
1777992381.466371,2.358000,350.759430,185.553619
1777992381.477521,2.337000,351.129028,185.674728
1777992381.488672,2.346000,351.544159,185.789169
1777992381.499823,2.337000,351.718170,185.831985
1777992381.510974,2.346000,352.000000,185.933334
1777992381.522125,2.337000,352.228638,186.088150
1777992381.533276,2.337000,352.500000,186.000000
1777992381.544427,2.342000,352.610229,185.951614
1777992381.555578,2.342000,352.718170,185.831985
1777992381.566730,2.346000,352.750702,185.717087
1777992381.577880,2.342000,352.823364,185.527069
1777992381.589031,2.333000,352.822021,185.423721
1777992381.600183,2.337000,352.671967,184.936508
1777992381.611334,2.337000,352.549194,184.950821
1777992381.622485,2.337000,352.341522,184.743164
1777992381.633637,2.342000,352.250000,184.613892
1777992381.644788,2.346000,352.000000,184.355194
1777992381.655939,2.329000,351.524994,184.024994
1777992381.667091,2.329000,351.450806,183.950821
1777992381.678239,2.337000,351.002747,183.812668
1777992381.689358,2.321000,350.508942,183.586304
1777992381.700478,2.346000,350.276825,183.290955
1777992381.711598,2.337000,349.634216,183.271393
1777992381.722718,2.346000,349.304108,183.000000
1777992381.733838,2.313000,348.549194,182.950821
1777992381.744958,2.346000,347.917450,182.793655
1777992381.756078,2.346000,347.247009,182.500000
1777992381.767197,2.333000,346.500000,182.500000
1777992381.778318,2.346000,345.735291,182.460785
1777992381.789437,2.354000,345.000000,182.500000
1777992381.800557,2.354000,344.187866,182.527267
1777992381.811677,2.358000,343.193665,182.431747
1777992381.822797,2.342000,342.314972,182.397552
1777992381.833916,2.363000,341.193665,182.431747
1777992381.845036,2.329000,340.066681,182.644440
1777992381.856156,2.342000,338.933990,182.610565
1777992381.867275,2.346000,337.594330,182.773590
1777992381.878395,2.337000,336.425079,183.397552
1777992381.889515,2.342000,335.133972,183.539215
1777992381.900634,2.317000,333.646057,184.261169
1777992381.911754,2.321000,332.359741,184.768982
1777992381.922873,2.342000,330.673401,185.346802
1777992381.933993,2.337000,329.326599,186.336700
1777992381.945113,2.325000,327.673401,187.346802
1777992381.956232,2.342000,326.236115,188.246521
1777992381.967351,2.346000,324.561218,189.469391
1777992381.978471,2.346000,323.285187,191.022217
1777992381.989590,2.325000,321.528839,192.256409
1777992382.000710,2.289000,320.127655,193.957443
1777992382.011829,2.337000,318.629242,195.581635
1777992382.022949,2.333000,317.113281,197.177994
1777992382.034067,2.329000,315.887756,199.346939
1777992382.045187,2.333000,314.471619,201.351059
1777992382.056306,2.337000,313.135406,203.572922
1777992382.067425,2.342000,312.061218,205.741501
1777992382.078545,2.337000,310.853058,208.093185
1777992382.100783,2.325000,308.673462,212.969391
1777992382.111902,2.333000,308.000000,215.500000
1777992382.123022,2.342000,307.260315,218.149200
1777992382.134141,2.342000,306.615875,220.784134
1777992382.145259,2.337000,306.086548,223.528839
1777992382.156379,2.354000,305.591583,226.258255
1777992382.167498,2.301000,305.491058,229.062500
1777992382.178617,2.305000,305.185181,231.900284
1777992382.189736,2.321000,305.156342,234.651917
1777992382.200855,2.333000,305.000000,237.500000
1777992382.211974,2.317000,305.188416,240.481155
1777992382.223093,2.337000,305.397552,243.314987
1777992382.234212,2.354000,305.476196,246.126984
1777992382.245331,2.354000,306.027771,248.790131
1777992382.256450,2.354000,306.405670,251.500000
1777992382.267569,2.346000,306.964294,254.247025
1777992382.278687,2.371000,307.894745,256.956146
1777992382.289807,2.342000,308.789185,259.455841
1777992382.300925,2.337000,309.528442,261.986450
1777992382.312044,2.342000,310.743164,264.475403
1777992382.323163,2.325000,311.834564,266.849152
1777992382.334281,2.277000,313.167877,268.916077
1777992382.345400,2.293000,314.440796,271.175446
1777992382.356519,2.273000,315.922577,273.118286
1777992382.367638,2.234000,317.437500,274.987488
1777992382.378756,2.249000,318.746521,276.876251
1777992382.389875,2.285000,320.266235,278.656189
1777992382.400993,2.253000,321.764832,280.224945
1777992382.412112,2.273000,323.235168,281.775055
1777992382.423231,2.313000,324.794403,283.111786
1777992382.434349,2.301000,326.208344,284.437500
1777992382.445467,2.329000,327.758087,285.758087
1777992382.456587,2.305000,329.258820,286.947052
1777992382.467705,2.313000,330.664703,287.988220
1777992382.478823,2.301000,332.167633,288.780945
1777992382.489942,2.317000,333.598907,289.727112
1777992382.501060,2.289000,334.949432,290.483154
1777992382.512178,2.293000,336.401093,291.272888
1777992382.523297,2.305000,337.759460,291.806824
1777992382.534415,2.301000,339.000000,292.500000
1777992382.545533,2.293000,340.237335,293.038391
1777992382.556651,2.289000,341.493835,293.580261
1777992382.567770,2.289000,342.713287,294.132996
1777992382.578888,2.285000,343.769928,294.601440
1777992382.590006,2.293000,344.884125,295.046356
1777992382.601125,2.301000,345.926117,295.385590
1777992382.612243,2.301000,346.874786,295.987640
1777992382.623361,2.301000,347.889496,296.244202
1777992382.634480,2.293000,348.773743,296.742645
1777992382.645597,2.301000,349.856659,297.101898
1777992382.656715,2.301000,350.494781,297.560760
1777992382.667834,2.289000,351.299133,297.837616
1777992382.678954,2.293000,351.985748,298.222809
1777992382.690073,2.301000,352.887756,298.620758
1777992382.701194,2.293000,353.559998,298.940002
1777992382.712313,2.293000,354.208740,299.020203
1777992382.723433,2.293000,354.839081,299.238098
1777992382.734554,2.285000,355.323822,299.509521
1777992382.745673,2.285000,355.884552,299.720337
1777992382.756793,2.253000,356.123566,299.811371
1777992382.767913,2.277000,356.578094,299.832520
1777992382.779033,2.265000,356.945557,299.653473
1777992382.790152,2.249000,357.119171,299.592590
1777992382.801273,2.273000,357.271423,299.476196
1777992382.812392,2.285000,357.601288,299.259979
1777992382.823511,2.277000,357.818329,299.314362
1777992382.834632,2.277000,357.927765,299.170776
1777992382.845751,2.273000,357.975739,299.092224
1777992382.856870,2.285000,358.019226,299.052887
1777992382.867991,2.289000,358.111664,298.937592
1777992382.879110,2.289000,358.111664,298.937592
1777992382.890229,2.289000,358.111664,298.937592
1777992382.901350,2.289000,358.048553,299.000000
1777992382.912469,2.273000,358.037781,299.170776
1777992382.923588,2.289000,357.927765,299.170776
1777992382.934708,2.261000,357.914246,299.364075
1777992382.945827,2.261000,357.763885,299.550934
1777992382.956946,2.273000,357.686829,299.691467
1777992382.968066,2.273000,357.553436,299.886749
1777992382.979186,2.277000,357.410736,299.897308
1777992382.990305,2.285000,357.099365,299.980774
1777992383.001424,2.285000,357.019226,300.052887
1777992383.012544,2.265000,356.547729,300.184662
1777992383.023663,2.277000,356.353668,300.212830
1777992383.034782,2.285000,355.919495,300.291473
1777992383.045902,2.293000,355.462616,300.467285
1777992383.057020,2.277000,354.985291,300.475494
1777992383.068139,2.301000,354.458344,300.478394
1777992383.079259,2.301000,354.017700,300.407410
1777992383.090378,2.265000,353.331787,300.420166
1777992383.101497,2.293000,352.561310,300.410370
1777992383.112617,2.293000,352.027374,300.291473
1777992383.123736,2.289000,351.204498,300.191620
1777992383.134855,2.317000,350.461304,300.126373
1777992383.145974,2.289000,349.514435,300.052887
1777992383.157093,2.305000,348.509705,299.980591
1777992383.168212,2.301000,347.452484,299.832520
1777992383.179331,2.285000,346.435638,299.711212
1777992383.190450,2.289000,345.235504,299.326691
1777992383.201569,2.285000,344.136963,298.915833
1777992383.212688,2.289000,342.869873,298.402863
1777992383.223807,2.285000,341.431793,297.991364
1777992383.234926,2.277000,340.050568,297.516846
1777992383.246045,2.293000,338.639648,296.758545
1777992383.257164,2.313000,337.047882,296.051575
1777992383.268282,2.325000,335.554962,295.304504
1777992383.279402,2.301000,334.000000,294.500000
1777992383.290520,2.301000,332.337067,293.348236
1777992383.301638,2.305000,330.826874,292.383057
1777992383.312758,2.301000,329.032196,291.352264
1777992383.323876,2.317000,327.426147,290.094696
1777992383.334995,2.293000,325.655243,288.655243
1777992383.346114,2.301000,324.022980,287.327576
1777992383.357232,2.289000,322.356201,285.735229
1777992383.368351,2.277000,320.691864,284.029083
1777992383.379470,2.249000,319.063507,282.315491
1777992383.390588,2.242000,317.435883,280.493591
1777992383.401706,2.313000,315.941559,278.480530
1777992383.412826,2.273000,314.346069,276.390656
1777992383.423944,2.246000,312.918915,274.240997
1777992383.435062,2.301000,311.519531,271.694244
1777992383.446180,2.293000,310.285034,269.521729
1777992383.457299,2.325000,309.092468,266.929443
1777992383.468417,2.313000,307.851318,264.362122
1777992383.479536,2.375000,306.866669,261.818665
1777992383.490655,2.337000,305.899994,258.930756
1777992383.501773,2.350000,304.953125,256.054688
1777992383.512891,2.350000,304.100006,253.274994
1777992383.524010,2.371000,303.640106,250.365784
1777992383.535128,2.363000,302.964294,247.247025
1777992383.546246,2.358000,302.540222,244.298843
1777992383.557365,2.363000,302.083344,241.209869
1777992383.568483,2.371000,302.000000,238.187881
1777992383.579601,2.367000,301.751404,235.000000
1777992383.590719,2.380000,301.834808,231.758118
1777992383.601837,2.333000,301.806274,228.646729
1777992383.612955,2.350000,302.137085,225.660431
1777992383.624074,2.342000,302.313904,222.666672
1777992383.635192,2.342000,302.471161,219.685898
1777992383.646310,2.358000,303.000000,216.537735
1777992383.657428,2.358000,303.471161,213.685898
1777992383.668547,2.358000,304.061859,210.656357
1777992383.679667,2.371000,304.607025,207.785965
1777992383.690788,2.350000,305.684601,205.222229
1777992383.701908,2.384000,306.322357,202.567764
1777992383.713027,2.380000,307.088135,199.662842
1777992383.724148,2.371000,308.102264,197.420456
1777992383.735268,2.346000,309.150177,194.827835
1777992383.746388,2.375000,310.308929,192.451218
1777992383.757509,2.363000,311.600830,190.436218
1777992383.768628,2.354000,312.865906,188.318008
1777992383.779748,2.358000,313.886261,186.403915
1777992383.790869,2.354000,315.254669,184.868912
1777992383.801988,2.354000,316.500000,183.000000
1777992383.813108,2.375000,317.651154,181.705429
1777992383.824228,2.371000,319.174072,180.262970
1777992383.835348,2.354000,320.348480,179.000000
1777992383.846467,2.363000,321.864349,178.000000
1777992383.857588,2.354000,322.940491,177.047623
1777992383.868707,2.380000,324.371643,176.314178
1777992383.879827,2.354000,325.789032,175.953583
1777992383.890946,2.380000,326.937500,175.024994
1777992383.902067,2.354000,328.187500,174.925003
1777992383.913186,2.358000,329.432892,174.354980
1777992383.924305,2.380000,330.644440,173.924438
1777992383.935426,2.354000,332.064117,173.948715
1777992383.946545,2.342000,333.429230,174.132416
1777992383.957664,2.358000,334.500000,174.000000
1777992383.968785,2.354000,335.500000,174.000000
1777992383.979904,2.380000,336.789032,173.877640
1777992383.991024,2.358000,337.781738,173.952377
1777992384.002144,2.437000,338.919678,173.883530
1777992384.013263,2.358000,339.919678,174.116470
1777992384.024382,2.380000,340.844971,174.000000
1777992384.035502,2.375000,341.900391,174.314178
1777992384.046621,2.367000,342.829620,174.444443
1777992384.057740,2.371000,343.768951,174.753784
1777992384.068861,2.363000,344.705414,174.724808
1777992384.079980,2.371000,345.218262,175.047623
1777992384.091099,2.358000,345.940338,174.961411
1777992384.102219,2.342000,346.829620,175.196289
1777992384.113338,2.358000,347.261169,175.395187
1777992384.124457,2.358000,347.929810,175.617538
1777992384.135577,2.337000,348.447815,175.693604
1777992384.146696,2.342000,348.906799,175.706100
1777992384.157815,2.354000,349.393646,176.177780
1777992384.168935,2.367000,349.744904,176.459183
1777992384.180053,2.350000,349.929810,176.617538
1777992384.191172,2.363000,350.326599,176.632996
1777992384.202292,2.342000,350.557678,176.625000
1777992384.213411,2.333000,350.838593,177.105270
1777992384.224530,2.321000,351.000000,177.272110
1777992384.235650,2.325000,350.863953,177.500000
1777992384.246768,2.354000,350.929810,177.617538
1777992384.257887,2.350000,351.000000,177.727890
1777992384.269007,2.346000,350.979584,177.908157
1777992384.280126,2.325000,351.000000,178.179993
1777992384.291244,2.313000,350.863953,178.500000
1777992384.302364,2.337000,350.735291,178.500000
1777992384.313483,2.329000,350.498383,178.828476
1777992384.324601,2.358000,350.270630,179.359741
1777992384.335720,2.367000,350.070190,179.382462
1777992384.346839,2.350000,349.863953,179.500000
1777992384.357958,2.375000,349.617645,179.578430
1777992384.369076,2.346000,349.205383,179.612793
1777992384.380196,2.337000,348.979156,180.184021
1777992384.391315,2.325000,348.829620,180.196289
1777992384.402433,2.354000,348.070190,180.382462
1777992384.413553,2.375000,347.863953,180.500000
1777992384.424671,2.358000,347.326599,180.592590
1777992384.435789,2.337000,347.000000,181.000000
1777992384.446909,2.358000,346.420441,181.053024
1777992384.458027,2.354000,345.906799,181.293900
1777992384.469145,2.384000,345.052094,181.215271
1777992384.480265,2.346000,344.874542,181.433685
1777992384.491383,2.358000,344.000000,181.500000
1777992384.502501,2.428000,343.261169,181.604813
1777992384.513620,2.337000,342.829620,181.803711
1777992384.524739,2.367000,342.000000,182.098480
1777992384.535857,2.384000,341.022217,182.196289
1777992384.546976,2.354000,340.387695,182.434784
1777992384.558094,2.346000,339.508606,182.604813
1777992384.569212,2.346000,338.855957,182.930038
1777992384.580332,2.317000,337.941864,183.147293
1777992384.591449,2.367000,336.829620,183.555557
1777992384.602568,2.337000,335.940491,184.047623
1777992384.613687,2.380000,334.874542,184.433685
1777992384.624805,2.329000,333.864349,185.000000
1777992384.635923,2.354000,332.563843,185.489365
1777992384.647042,2.337000,331.348480,186.000000
1777992384.658160,2.354000,330.059509,186.952377
1777992384.669281,2.342000,328.956848,187.631378
1777992384.680401,2.342000,327.563843,188.489365
1777992384.691521,2.367000,326.355560,189.544449
1777992384.702641,2.363000,324.959259,190.714813
1777992384.713761,2.337000,323.620087,191.874557
1777992384.724881,2.350000,322.229645,193.118515
1777992384.736001,2.337000,320.722229,194.577774
1777992384.747121,2.350000,319.433319,196.022217
1777992384.758241,2.358000,318.172150,197.849823
1777992384.769360,2.358000,316.756561,199.584274
1777992384.780480,2.350000,315.563782,201.399170
1777992384.791601,2.367000,314.404175,203.462494
1777992384.802720,2.358000,313.308929,205.451218
1777992384.813840,2.342000,312.291656,207.524994
1777992384.824960,2.397000,310.950012,209.679169
1777992384.836080,2.371000,310.000000,211.918610
1777992384.847199,2.367000,309.591766,214.441940
1777992384.858319,2.350000,308.622223,216.681488
1777992384.869439,2.354000,308.172150,219.333328
1777992384.880558,2.333000,307.612793,221.582489
1777992384.891679,2.342000,307.358429,224.272400
1777992384.902798,2.337000,306.785950,226.607025
1777992384.913917,2.354000,306.685822,229.291183
1777992384.925037,2.375000,306.622711,232.073257
1777992384.936157,2.346000,306.612793,234.582489
1777992384.947276,2.342000,306.745880,237.339935
1777992384.958396,2.354000,307.064728,239.763748
1777992384.969515,2.367000,307.500000,242.500000
1777992384.980634,2.375000,307.745880,245.201324
1777992384.991754,2.354000,308.453705,247.555557
1777992385.002873,2.342000,308.855072,250.298553
1777992385.013993,2.346000,309.367615,252.744553
1777992385.025113,2.371000,310.045441,255.269699
1777992385.036232,2.424000,310.714783,257.931274
1777992385.047351,2.424000,311.346039,260.393646
1777992385.058471,2.358000,312.336700,262.882141
1777992385.069590,2.358000,313.045441,265.418182
1777992385.080709,2.350000,313.931030,267.807465
1777992385.091829,2.337000,314.933319,270.174988
1777992385.102948,2.337000,316.054199,272.626007
1777992385.114067,2.317000,316.899994,274.930756
1777992385.125186,2.325000,318.083344,277.133850
1777992385.136305,2.313000,319.226471,279.445282
1777992385.147424,2.313000,320.438477,281.476929
1777992385.158544,2.321000,321.867615,283.434998
1777992385.169663,2.293000,323.000000,285.500000
1777992385.180782,2.277000,324.361298,287.165497
1777992385.191901,2.273000,325.822357,288.901306
1777992385.203020,2.301000,327.203461,290.668823
1777992385.214139,2.289000,328.577026,292.128723
1777992385.225258,2.301000,329.942322,293.493591
1777992385.236377,2.305000,331.446655,294.764435
1777992385.247496,2.289000,332.809204,296.122803
1777992385.258615,2.305000,334.237213,297.222900
1777992385.269734,2.301000,335.530487,298.223572
1777992385.280853,2.305000,336.948883,299.314941
1777992385.291971,2.321000,338.362305,300.256714
1777992385.303091,2.305000,339.770111,300.988495
1777992385.314209,2.293000,341.022980,301.804596
1777992385.325328,2.313000,342.452942,302.470581
1777992385.336447,2.289000,343.612396,303.000000
1777992385.347566,2.313000,344.756866,303.482361
1777992385.358684,2.293000,346.049988,304.011108
1777992385.369803,2.301000,347.358673,304.428864
1777992385.380922,2.293000,348.371643,304.936768
1777992385.392040,2.305000,349.408661,305.257996
1777992385.403160,2.305000,350.494263,305.567047
1777992385.414278,2.301000,351.607086,305.929230
1777992385.425396,2.305000,352.607269,306.375488
1777992385.436515,2.301000,353.591339,306.742004
1777992385.447634,2.301000,354.632050,306.903473
1777992385.458752,2.289000,355.623840,307.024200
1777992385.469871,2.301000,356.466309,307.291443
1777992385.480989,2.289000,357.432037,307.553070
1777992385.492107,2.289000,358.047363,307.661407
1777992385.503227,2.301000,358.830658,307.841370
1777992385.514345,2.289000,359.484161,307.817505
1777992385.525463,2.301000,360.122223,307.883331
1777992385.536582,2.301000,360.544617,307.837891
1777992385.547700,2.301000,361.067383,307.816040
1777992385.558818,2.305000,361.545624,307.711365
1777992385.569937,2.301000,361.786377,307.714539
1777992385.581055,2.301000,362.310486,307.457153
1777992385.592173,2.293000,362.453339,307.215240
1777992385.603292,2.293000,362.515839,307.182495
1777992385.614410,2.305000,362.675873,307.012878
1777992385.625528,2.305000,362.850464,306.899109
1777992385.636647,2.301000,362.850464,306.780182
1777992385.647765,2.305000,362.850464,306.780182
1777992385.658882,2.301000,362.795166,306.616394
1777992385.670000,2.289000,362.647614,306.523804
1777992385.681121,2.301000,362.504761,306.312378
1777992385.692241,2.301000,362.426453,306.115448
1777992385.703361,2.293000,362.149536,306.014404
1777992385.714481,2.293000,361.830658,305.841370
1777992385.725601,2.305000,361.528534,305.775330
1777992385.736721,2.293000,361.056702,305.536072
1777992385.747841,2.289000,360.626099,305.220459
1777992385.758961,2.285000,360.165802,305.113434
1777992385.770080,2.289000,359.526581,304.941498
1777992385.781201,2.265000,358.909088,304.631317
1777992385.792320,2.293000,358.066315,304.221100
1777992385.803440,2.293000,357.262146,304.010406
1777992385.814560,2.285000,356.446808,303.590424
1777992385.825680,2.289000,355.532623,303.199280
1777992385.836799,2.293000,354.483856,302.908600
1777992385.847919,2.293000,353.270508,302.279236
1777992385.859039,2.289000,352.238831,301.932983
1777992385.870158,2.305000,350.975250,301.415833
1777992385.881279,2.289000,349.638885,300.880219
1777992385.892398,2.313000,348.129150,300.202454
1777992385.903517,2.301000,346.831573,299.333344
1777992385.914638,2.289000,345.169342,298.782532
1777992385.925757,2.301000,343.719299,297.821045
1777992385.936876,2.305000,342.067017,296.932983
1777992385.947996,2.305000,340.425049,295.784821
1777992385.959116,2.305000,338.745422,294.873627
1777992385.970235,2.313000,336.945984,293.437622
1777992385.981355,2.293000,335.229156,292.316284
1777992385.992474,2.313000,333.477722,290.814606
1777992386.003593,2.313000,331.811920,289.348236
1777992386.014713,2.317000,329.955170,287.699799
1777992386.025832,2.301000,328.022736,286.386353
1777992386.036951,2.301000,326.285156,284.348755
1777992386.048071,2.313000,324.603821,282.569519
1777992386.059190,2.317000,322.982544,280.424408
1777992386.070309,2.293000,321.371857,278.285156
1777992386.081429,2.313000,320.000000,276.000000
1777992386.092548,2.301000,318.409637,273.554230
1777992386.103667,2.313000,317.123230,271.046478
1777992386.114786,2.346000,315.987488,268.389587
1777992386.125906,2.333000,314.777100,265.762787
1777992386.137025,2.342000,313.779785,262.820190
1777992386.148143,2.313000,313.025146,259.888885
1777992386.159263,2.317000,312.343689,256.892334
1777992386.170382,2.265000,311.778503,253.752686
1777992386.181501,2.317000,311.454559,250.709961
1777992386.192620,2.253000,311.142548,247.657898
1777992386.203739,2.219000,310.748932,244.571426
1777992386.214858,2.230000,310.668823,241.363434
1777992386.225977,2.227000,310.636566,238.088165
1777992386.237096,2.261000,310.738739,234.952698
1777992386.248215,2.265000,310.885132,231.939194
1777992386.259335,2.289000,311.150452,228.888885
1777992386.270453,2.321000,311.371155,225.614655
1777992386.281572,2.342000,311.859650,222.260651
1777992386.292691,2.329000,312.591156,219.252609
1777992386.303810,2.337000,313.054199,216.265579
1777992386.314928,2.354000,313.949158,213.367233
1777992386.326048,2.367000,314.919647,210.508926
1777992386.337166,2.380000,315.869843,207.644440
1777992386.348284,2.354000,317.250763,205.143738
1777992386.359404,2.367000,318.368103,202.811600
1777992386.370522,2.329000,319.666656,200.255066
1777992386.381641,2.354000,321.000000,198.000000
1777992386.392760,2.337000,322.421051,195.923981
1777992386.403878,2.337000,323.779877,194.018875
1777992386.414997,2.337000,325.207947,192.314987
1777992386.426116,2.354000,326.784119,190.615875
1777992386.437234,2.354000,328.333344,189.250854
1777992386.448352,2.350000,329.673401,187.663300
1777992386.459471,2.337000,331.245605,186.691223
1777992386.470590,2.375000,332.447815,185.612793
1777992386.481708,2.337000,334.066681,184.529999
1777992386.492827,2.350000,335.359741,184.118805
1777992386.503945,2.358000,336.613220,183.424530
1777992386.515063,2.346000,338.172852,183.138885
1777992386.526182,2.367000,339.252258,182.645645
1777992386.537300,2.354000,340.427734,182.401184
1777992386.548419,2.375000,341.500000,182.500000
1777992386.559536,2.354000,342.758820,182.775070
1777992386.570656,2.375000,343.837280,182.884521
1777992386.581774,2.367000,344.731781,182.953125
1777992386.592891,2.363000,345.763428,183.072586
1777992386.604010,2.346000,346.817474,183.632278
1777992386.615128,2.337000,347.524597,183.926224
1777992386.626246,2.342000,348.475403,184.073776
1777992386.637365,2.346000,349.107697,184.666672
1777992386.648483,2.337000,349.789734,184.923080
1777992386.659600,2.346000,350.436493,185.126984
1777992386.670715,2.346000,351.000000,185.728210
1777992386.681849,2.337000,351.500000,185.969696
1777992386.692983,2.342000,351.933838,186.536758
1777992386.704118,2.333000,352.101227,186.861725
1777992386.715253,2.354000,352.441254,187.091125
1777992386.726387,2.354000,352.775452,187.326385
1777992386.737522,2.346000,352.890442,187.717941
1777992386.748656,2.354000,353.000000,188.000000
1777992386.759790,2.346000,353.168945,188.027405
1777992386.770926,2.325000,353.227478,188.040543
1777992386.782060,2.321000,353.284454,188.013336
1777992386.793195,2.317000,353.392944,187.889618
1777992386.804330,2.321000,353.392944,187.889618
1777992386.815464,2.321000,353.392944,187.889618
1777992386.826599,2.301000,353.453339,187.733337
1777992386.837735,2.321000,353.294800,187.437637
1777992386.848869,2.321000,353.260773,187.294785
1777992386.860004,2.333000,353.155396,187.080200
1777992386.871140,2.337000,352.949860,186.904755
1777992386.882275,2.333000,352.945312,186.770828
1777992386.893409,2.342000,352.892303,186.728210
1777992386.904545,2.346000,352.762665,186.306671
1777992386.915680,2.342000,352.500000,186.149994
1777992386.926815,2.329000,352.240753,186.023804
1777992386.937951,2.325000,351.947510,185.900269
1777992386.949086,2.342000,351.777771,185.735443
1777992386.960221,2.346000,351.500000,185.672516
1777992386.971357,2.333000,351.177979,185.423721
1777992386.982492,2.337000,350.812683,185.179062
1777992386.993628,2.346000,350.424988,185.024994
1777992387.004763,2.346000,350.177979,184.983047
1777992387.015899,2.333000,349.623199,184.724640
1777992387.027034,2.333000,349.430206,184.763535
1777992387.038169,2.337000,348.759430,184.553619
1777992387.049306,2.333000,348.372375,184.354355
1777992387.060441,2.325000,347.627625,184.354355
1777992387.071577,2.342000,347.353271,184.108261
1777992387.082713,2.342000,346.524994,184.024994
1777992387.093849,2.346000,345.826324,184.056015
1777992387.104984,2.350000,345.304108,184.000000
1777992387.116121,2.342000,344.353271,184.108261
1777992387.127257,2.346000,343.576263,184.076279
1777992387.138392,2.329000,342.795105,183.948013
1777992387.149529,2.325000,342.044861,184.105774
1777992387.160665,2.358000,340.981323,184.221191
1777992387.171801,2.329000,340.187866,184.527267
1777992387.182937,2.375000,339.066681,184.644440
1777992387.194073,2.329000,338.066681,184.644440
1777992387.205209,2.346000,336.916656,185.048080
1777992387.216347,2.325000,335.673065,185.413467
1777992387.227482,2.337000,334.527283,185.881821
1777992387.238619,2.350000,333.367615,186.423676
1777992387.249756,2.321000,332.222229,187.232025
1777992387.260892,2.346000,330.586548,187.685898
1777992387.272028,2.346000,329.333344,188.686081
1777992387.283165,2.313000,328.000000,189.500000
1777992387.294302,2.363000,326.449829,190.608414
1777992387.305438,2.342000,325.177765,191.720642
1777992387.316576,2.313000,323.584900,193.213837
1777992387.327712,2.317000,322.062500,194.491074
1777992387.338848,2.329000,320.806061,196.178787
1777992387.349986,2.325000,319.346405,197.941177
1777992387.361122,2.313000,317.956390,199.725861
1777992387.372259,2.337000,316.686096,201.847900
1777992387.383396,2.337000,315.138306,203.656021
1777992387.394533,2.342000,314.040009,205.660004
1777992387.405670,2.346000,312.749176,207.904297
1777992387.416808,2.333000,311.578430,210.039215
1777992387.427944,2.342000,310.692078,212.803177
1777992387.439081,2.329000,309.578430,215.039215
1777992387.450218,2.325000,308.855225,217.760941
1777992387.461356,2.337000,308.188995,220.457047
1777992387.472493,2.321000,307.604370,222.965729
1777992387.483630,2.358000,307.291290,225.804810
1777992387.494768,2.321000,306.962952,228.592590
1777992387.505905,2.337000,306.796295,231.537033
1777992387.517042,2.329000,306.743591,234.471161
1777992387.528180,2.333000,306.774597,237.346039
1777992387.539317,2.354000,306.862915,240.339569
1777992387.550455,2.329000,307.389435,243.066010
1777992387.561593,2.354000,307.647797,245.889938
1777992387.572730,2.358000,308.198730,248.801285
1777992387.595006,2.354000,309.672516,254.500000
1777992387.606143,2.375000,310.630951,257.446442
1777992387.617281,2.342000,311.705566,260.288879
1777992387.628420,2.325000,312.671967,263.000000
1777992387.639557,2.317000,313.811707,265.697205
1777992387.650695,2.301000,315.080200,268.273193
1777992387.661834,2.293000,316.385345,270.860535
1777992387.672971,2.273000,317.867615,273.193848
1777992387.684107,2.273000,319.427948,275.415039
1777992387.695244,2.285000,320.987091,277.565582
1777992387.706380,2.305000,322.622223,279.735352
1777992387.717516,2.277000,324.429413,281.788239
1777992387.728653,2.285000,326.053558,283.658722
1777992387.739789,2.289000,327.734497,285.395355
1777992387.750925,2.301000,329.373260,287.111786
1777992387.762062,2.317000,331.141754,288.609192
1777992387.773198,2.305000,332.922302,290.077698
1777992387.784334,2.313000,334.686737,291.530121
1777992387.795471,2.305000,336.380951,292.859131
1777992387.806608,2.301000,337.947479,293.987885
1777992387.817744,2.293000,339.833344,295.145111
1777992387.828882,2.301000,341.476746,296.125977
1777992387.840018,2.313000,343.082367,297.174500
1777992387.851155,2.301000,344.773956,297.954010
1777992387.862292,2.301000,346.227173,298.601501
1777992387.873429,2.285000,347.772827,299.398499
1777992387.884565,2.293000,349.199249,300.063324
1777992387.895702,2.289000,350.705994,300.543060
1777992387.906840,2.301000,352.010864,301.059784
1777992387.917976,2.301000,353.219818,301.682892
1777992387.929113,2.293000,354.661407,302.057892
1777992387.940251,2.305000,355.854828,302.546600
1777992387.951388,2.289000,356.952118,302.978729
1777992387.962525,2.293000,358.036469,303.586792
1777992387.973663,2.293000,359.117432,304.143341
1777992387.984800,2.285000,360.100006,304.549988
1777992387.995937,2.273000,361.161652,305.000000
1777992388.007075,2.301000,362.091827,305.671783
1777992388.018212,2.277000,363.070099,306.121368
1777992388.029349,2.301000,363.888885,306.750854
1777992388.040488,2.273000,364.385956,307.126312
1777992388.051625,2.253000,365.147583,307.679932
1777992388.062762,2.289000,365.789307,307.856659
1777992388.073901,2.285000,366.210693,308.143341
1777992388.085038,2.301000,366.575745,308.233521
1777992388.096175,2.301000,367.010529,308.375427
1777992388.107314,2.301000,367.391937,308.521973
1777992388.118452,2.285000,367.545624,308.711365
1777992388.129589,2.293000,367.589325,308.747711
1777992388.140728,2.285000,367.753143,308.834229
1777992388.151866,2.289000,367.853607,308.827148
1777992388.163003,2.301000,367.853607,308.827148
1777992388.174142,2.285000,367.803925,308.932251
1777992388.185280,2.289000,367.701263,308.963562
1777992388.196418,2.277000,367.623840,309.024200
1777992388.207557,2.285000,367.471466,309.224670
1777992388.218695,2.253000,367.505554,309.435181
1777992388.229833,2.277000,367.189972,309.773743
1777992388.240972,2.285000,367.000000,309.685760
1777992388.252110,2.265000,366.734406,309.894836
1777992388.263248,2.293000,366.500000,310.000000
1777992388.274387,2.293000,366.165802,310.113434
1777992388.285526,2.285000,365.909088,310.388885
1777992388.296664,2.285000,365.323120,310.418365
1777992388.307803,2.273000,364.954987,310.475006
1777992388.318942,2.289000,364.431183,310.334991
1777992388.330080,2.277000,363.963531,310.350708
1777992388.341219,2.289000,363.273376,310.215179
1777992388.352358,2.273000,362.701202,310.158905
1777992388.363497,2.293000,361.903229,310.010742
1777992388.374635,2.265000,361.120270,309.927826
1777992388.385775,2.289000,360.139160,309.688995
1777992388.396914,2.289000,359.204590,309.262787
1777992388.408053,2.277000,358.228516,309.046387
1777992388.419193,2.289000,357.262146,308.875000
1777992388.430331,2.305000,356.056702,308.402069
1777992388.441470,2.293000,354.902283,307.912750
1777992388.452610,2.289000,353.553925,307.514709
1777992388.463749,2.313000,352.180267,307.076538
1777992388.474888,2.285000,350.754395,306.535095
1777992388.486028,2.301000,349.047882,306.021271
1777992388.497168,2.313000,347.560608,305.416656
1777992388.508307,2.313000,345.821503,304.744995
1777992388.519447,2.305000,344.000000,304.000000
1777992388.530586,2.301000,342.125214,303.012360
1777992388.541726,2.305000,340.129211,302.252808
1777992388.552866,2.301000,338.149994,301.188904
1777992388.564005,2.301000,336.156647,300.143890
1777992388.575145,2.313000,334.091064,298.870667
1777992388.586285,2.301000,332.050568,297.516846
1777992388.597425,2.321000,329.977539,296.123596
1777992388.608564,2.293000,327.949432,294.483154
1777992388.619705,2.305000,326.028748,292.632172
1777992388.630845,2.305000,324.028748,290.632172
1777992388.641985,2.293000,321.977264,288.613647
1777992388.653125,2.305000,319.965515,286.557465
1777992388.664265,2.305000,317.981934,284.253021
1777992388.675405,2.317000,316.000000,282.000000
1777992388.686531,2.305000,314.352570,279.587616
1777992388.697655,2.301000,312.724640,276.815735
1777992388.708780,2.265000,310.933319,274.179993
1777992388.719906,2.285000,309.623596,271.335602
1777992388.731030,2.313000,308.128723,268.577026
1777992388.742155,2.329000,306.867615,265.420807
1777992388.753281,2.337000,305.851318,262.362122
1777992388.764405,2.329000,304.889709,259.177948
1777992388.775530,2.329000,304.000000,256.000000
1777992388.786655,2.358000,303.462799,252.870529
1777992388.797780,2.358000,302.891724,249.455841
1777992388.808905,2.393000,302.724640,246.342026
1777992388.820029,2.371000,302.401184,242.941010
1777992388.831155,2.384000,302.401184,239.572266
1777992388.842280,2.363000,302.672516,236.500000
1777992388.853404,2.342000,303.108276,233.353271
1777992388.864530,2.329000,303.436584,230.182892
1777992388.875654,2.350000,304.088165,227.112946
1777992388.886779,2.350000,304.712646,224.077591
1777992388.897905,2.342000,305.536377,221.127274
1777992388.909029,2.354000,306.314117,218.413467
1777992388.920154,2.346000,307.367615,215.604355
1777992388.931279,2.363000,308.339569,213.146423
1777992388.942404,2.313000,309.615875,210.784134
1777992388.953528,2.337000,310.763336,208.303329
1777992388.964654,2.350000,312.074432,206.161819
1777992388.975778,2.337000,313.584198,204.140900
1777992388.986903,2.358000,314.960785,202.421570
1777992388.998028,2.354000,316.393951,200.841751
1777992389.009153,2.358000,317.860321,199.009521
1777992389.020277,2.358000,319.125397,197.892960
1777992389.031403,2.342000,320.858856,196.672668
1777992389.042527,2.342000,322.140045,195.568634
1777992389.053652,2.337000,323.679688,194.567703
1777992389.064777,2.354000,325.069244,193.899994
1777992389.075902,2.375000,326.368958,193.188293
1777992389.087026,2.406000,327.811829,192.602158
1777992389.098151,2.354000,329.000000,192.000000
1777992389.109276,2.354000,330.369446,191.630554
1777992389.120400,2.346000,331.859955,191.431366
1777992389.131526,2.342000,333.032257,191.217743
1777992389.142650,2.358000,334.182526,190.976196
1777992389.153774,2.342000,335.302765,190.949997
1777992389.164900,2.337000,336.366943,190.876755
1777992389.176024,2.346000,337.553558,190.964279
1777992389.187149,2.346000,338.569794,190.917374
1777992389.198274,2.342000,339.569794,190.917374
1777992389.209398,2.337000,340.461761,191.008194
1777992389.220523,2.346000,341.281830,191.135498
1777992389.231647,2.346000,342.162720,191.115479
1777992389.242772,2.342000,343.038452,191.310257
1777992389.253897,2.354000,343.947754,191.313431
1777992389.265021,2.354000,344.615936,191.471008
1777992389.276146,2.342000,345.111908,191.528564
1777992389.287271,2.337000,345.801788,191.432434
1777992389.298395,2.358000,346.426666,191.413330
1777992389.309520,2.342000,346.968689,191.270691
1777992389.320645,2.337000,347.500000,191.000000
1777992389.331769,2.329000,347.935120,191.013428
1777992389.342894,2.342000,348.329132,190.727463
1777992389.354018,2.371000,348.480774,190.435898
1777992389.365143,2.346000,348.886627,189.972794
1777992389.376268,2.342000,348.905762,189.645981
1777992389.387392,2.337000,349.140228,189.278168
1777992389.398516,2.342000,349.168945,189.027405
1777992389.409641,2.325000,349.193848,188.520096
1777992389.420766,2.325000,349.261383,188.182251
1777992389.431890,2.329000,349.406158,187.843140
1777992389.443015,2.329000,349.301697,187.506088
1777992389.454139,2.325000,349.241455,187.139114
1777992389.465263,2.325000,349.221344,186.850662
1777992389.476389,2.325000,349.054688,186.692703
1777992389.487513,2.337000,349.055542,186.460312
1777992389.498637,2.342000,348.831970,186.102982
1777992389.509762,2.350000,348.632782,185.666672
1777992389.520886,2.342000,348.444458,185.453705
1777992389.532011,2.337000,348.304108,185.000000
1777992389.543135,2.325000,347.940674,184.474579
1777992389.554260,2.329000,347.623199,184.188400
1777992389.565384,2.337000,347.430206,183.763535
1777992389.576509,2.329000,347.122803,183.380112
1777992389.587633,2.321000,346.822021,182.983047
1777992389.598757,2.346000,346.444458,182.453705
1777992389.609882,2.354000,346.043091,182.043106
1777992389.621006,2.367000,345.553558,181.720245
1777992389.632130,2.342000,345.314972,181.602448
1777992389.643256,2.337000,344.555542,181.453705
1777992389.654380,2.358000,344.314972,181.324158
1777992389.665504,2.337000,343.623199,181.188400
1777992389.676628,2.380000,343.247009,180.964279
1777992389.687754,2.337000,342.666656,180.709869
1777992389.698878,2.342000,342.110077,180.896225
1777992389.710003,2.342000,341.500000,180.672516
1777992389.721128,2.346000,340.917450,180.793655
1777992389.732253,2.354000,340.265381,180.731384
1777992389.743378,2.337000,339.507935,180.841263
1777992389.754503,2.333000,338.890045,181.099655
1777992389.765628,2.329000,338.000000,181.272110
1777992389.776752,2.350000,337.255463,181.423676
1777992389.787878,2.325000,336.326599,181.592590
1777992389.799003,2.325000,335.489807,182.091843
1777992389.810127,2.346000,334.557678,182.471161
1777992389.821253,2.329000,333.638306,182.843979
1777992389.832377,2.337000,332.673401,183.346802
1777992389.843502,2.325000,331.476715,183.874557
1777992389.854627,2.333000,330.389435,184.640259
1777992389.865752,2.342000,328.982086,185.326172
1777992389.876876,2.325000,327.926727,186.201462
1777992389.888002,2.350000,326.566681,186.977783
1777992389.899127,2.333000,325.347656,187.917557
1777992389.910251,2.342000,323.940491,189.047623
1777992389.921376,2.354000,322.294312,190.209213
1777992389.932501,2.325000,320.956848,191.631378
1777992389.943625,2.333000,319.566681,192.977783
1777992389.954751,2.346000,318.214569,194.785446
1777992389.965875,2.329000,316.670410,196.183517
1777992389.977000,2.346000,315.286743,198.179214
1777992389.988125,2.350000,313.827850,200.150177
1777992389.999250,2.358000,312.425293,202.191574
1777992390.010374,2.333000,311.184326,204.356857
1777992390.021499,2.346000,309.926819,206.747971
1777992390.032624,2.354000,309.073181,209.252029
1777992390.043749,2.350000,307.977783,211.566666
1777992390.054874,2.363000,306.849823,214.172165
1777992390.065998,2.329000,305.977783,216.566666
1777992390.077122,2.346000,305.302399,219.426117
1777992390.088248,2.363000,304.699280,221.884064
1777992390.099372,2.363000,304.166656,224.748230
1777992390.110497,2.337000,303.580872,227.640259
1777992390.121621,2.350000,303.256409,230.528839
1777992390.132746,2.350000,303.289307,233.471695
1777992390.143871,2.325000,302.981812,236.390915
1777992390.154995,2.329000,303.094391,239.348083
1777992390.166120,2.342000,303.305298,242.190033
1777992390.177245,2.337000,303.393646,245.193649
1777992390.188369,2.342000,304.000000,248.062897
1777992390.199494,2.346000,304.389435,250.933990
1777992390.210619,2.380000,304.822235,253.720642
1777992390.221743,2.337000,305.348907,256.632385
1777992390.232868,2.346000,306.163635,259.481812
1777992390.243993,2.375000,306.964294,262.446442
1777992390.255117,2.321000,307.747131,265.043091
1777992390.266242,2.329000,308.950012,267.697235
1777992390.277366,2.337000,310.042358,270.262726
1777992390.288491,2.321000,311.216919,272.759247
1777992390.299616,2.305000,312.431366,275.140045
1777992390.310740,2.317000,313.886353,277.553040
1777992390.321864,2.329000,315.177948,279.711792
1777992390.332989,2.325000,316.713928,281.756226
1777992390.344114,2.293000,318.158508,283.743591
1777992390.355238,2.289000,319.782410,285.513885
1777992390.366363,2.293000,321.317352,287.317352
1777992390.377487,2.273000,322.884613,289.025635
1777992390.388612,2.277000,324.203461,290.796539
1777992390.399737,2.285000,325.741455,292.188049
1777992390.410861,2.305000,327.233337,293.600006
1777992390.421985,2.293000,328.649780,295.037964
1777992390.433110,2.313000,330.153687,296.319366
1777992390.444234,2.313000,331.500000,297.500000
1777992390.455359,2.301000,332.888214,298.578857
1777992390.466484,2.325000,334.323120,299.370148
1777992390.477608,2.317000,335.500000,300.500000
1777992390.488732,2.305000,336.853668,301.235779
1777992390.499857,2.313000,338.220917,301.947662
1777992390.510981,2.313000,339.500000,302.500000
1777992390.522105,2.313000,340.552979,303.136810
1777992390.533230,2.313000,341.565491,303.589294
1777992390.544354,2.313000,342.738373,304.127899
1777992390.555479,2.301000,343.700409,304.488098
1777992390.566602,2.301000,344.864716,304.758820
1777992390.577728,2.301000,345.720306,305.120697
1777992390.588851,2.301000,346.615234,305.380951
1777992390.599976,2.301000,347.500000,305.500000
1777992390.611101,2.293000,348.404755,305.511902
1777992390.622225,2.313000,349.269318,305.742004
1777992390.633349,2.301000,349.974213,305.747711
1777992390.644474,2.301000,350.528534,305.775330
1777992390.655598,2.305000,351.371368,305.902161
1777992390.666722,2.293000,351.853607,305.901245
1777992390.677847,2.301000,352.467377,305.847839
1777992390.688972,2.301000,352.834198,305.886566
1777992390.700096,2.305000,353.319000,305.903229
1777992390.711222,2.301000,353.528534,305.775330
1777992390.722346,2.301000,353.942719,305.597229
1777992390.733471,2.289000,354.000000,305.500000
1777992390.744596,2.293000,354.092773,305.479370
1777992390.755721,2.293000,354.125000,305.293396
1777992390.766845,2.301000,354.065643,305.282837
1777992390.777971,2.313000,354.066315,305.221100
1777992390.789095,2.313000,354.020203,305.198639
1777992390.800220,2.289000,353.842743,305.105988
1777992390.811345,2.301000,353.584229,305.139771
1777992390.822470,2.289000,353.228149,305.185394
1777992390.833594,2.305000,353.000000,305.500000
1777992390.844719,2.313000,352.719666,305.288879
1777992390.855844,2.293000,352.142120,305.566681
1777992390.866968,2.301000,351.875000,305.706604
1777992390.878094,2.293000,351.215179,305.806000
1777992390.889218,2.301000,350.821869,305.784821
1777992390.900343,2.301000,350.122528,305.823425
1777992390.911468,2.289000,349.467377,305.847839
1777992390.922593,2.301000,348.821869,305.784821
1777992390.933717,2.293000,347.989471,305.624573
1777992390.944842,2.285000,347.105255,305.354401
1777992390.955967,2.305000,346.146393,305.098755
1777992390.967091,2.301000,345.216003,304.744873
1777992390.978216,2.293000,343.973938,304.342651
1777992390.989341,2.305000,342.921356,303.831451
1777992391.000465,2.305000,341.630890,303.314514
1777992391.011589,2.313000,340.277466,302.638733
1777992391.022715,2.305000,338.939575,301.928558
1777992391.033839,2.293000,337.517883,301.133698
1777992391.044963,2.313000,335.821106,300.357819
1777992391.056089,2.305000,334.214417,299.399597
1777992391.067213,2.317000,332.500000,298.500000
1777992391.078337,2.293000,330.828522,297.319855
1777992391.089463,2.301000,329.058136,296.236420
1777992391.100587,2.321000,327.088226,294.819611
1777992391.111711,2.289000,325.222229,293.468689
1777992391.122836,2.317000,323.237213,292.222900
1777992391.133961,2.293000,321.286011,290.617279
1777992391.145085,2.305000,319.255768,289.092255
1777992391.156210,2.325000,317.240173,287.343689
1777992391.167335,2.317000,315.148163,285.677551
1777992391.178459,2.301000,313.111847,283.814331
1777992391.189584,2.305000,311.111847,281.814331
1777992391.200708,2.321000,309.049988,279.576202
1777992391.211832,2.289000,307.042847,277.316681
1777992391.222958,2.301000,305.118195,275.044922
1777992391.234082,2.321000,303.372711,272.412079
1777992391.245206,2.333000,301.492065,270.068787
1777992391.256331,2.333000,299.846161,267.289734
1777992391.267455,2.358000,298.372711,264.412079
1777992391.278579,2.333000,296.926239,261.557373
1777992391.289705,2.375000,295.594086,258.564514
1777992391.300829,2.354000,294.453796,255.313721
1777992391.311953,2.358000,293.688904,252.041672
1777992391.323078,2.354000,292.994476,248.911850
1777992391.334202,2.380000,292.588898,245.672226
1777992391.345326,2.346000,292.188416,242.402893
1777992391.356452,2.371000,291.855072,239.298553
1777992391.367575,2.350000,291.795380,235.980194
1777992391.378700,2.363000,291.828735,232.602448
1777992391.389825,2.358000,292.000000,229.500000
1777992391.400949,2.354000,292.451935,226.442307
1777992391.412073,2.419000,292.575439,223.192978
1777992391.423198,2.384000,293.226654,220.289993
1777992391.434322,2.380000,293.612793,217.447815
1777992391.445446,2.371000,294.489349,214.563828
1777992391.456570,2.367000,295.239227,211.819611
1777992391.467695,2.371000,296.000000,209.000000
1777992391.478819,2.393000,296.886261,206.403915
1777992391.489943,2.384000,298.000000,204.000000
1777992391.501068,2.397000,299.068268,201.646591
1777992391.512192,2.393000,300.308929,199.451218
1777992391.523316,2.371000,301.404175,197.462494
1777992391.534441,2.367000,302.886261,195.403915
1777992391.545565,2.375000,304.077789,193.488892
1777992391.556689,2.358000,305.475098,191.865906
1777992391.567814,2.397000,306.670685,190.261047
1777992391.578938,2.424000,308.348480,189.000000
1777992391.590062,2.380000,309.522644,187.831268
1777992391.601187,2.363000,310.915619,186.877640
1777992391.612311,2.384000,312.453491,185.627914
1777992391.623435,2.363000,313.851440,184.840576
1777992391.634560,2.337000,315.000000,184.000000
1777992391.645684,2.342000,316.369293,183.500000
1777992391.656807,2.363000,317.703705,183.215485
1777992391.667932,2.354000,319.261017,182.575470
1777992391.679057,2.354000,320.480469,182.354355
1777992391.690207,2.354000,321.607147,182.428574
1777992391.701358,2.337000,323.000000,182.433334
1777992391.712508,2.342000,324.177979,182.508469
1777992391.723658,2.342000,325.427734,182.401184
1777992391.734809,2.358000,326.430206,182.572647
1777992391.745960,2.337000,327.482666,182.850662
1777992391.757110,2.346000,328.500000,183.000000
1777992391.768261,2.337000,329.500000,183.000000
1777992391.779411,2.337000,330.427734,183.401184
1777992391.790562,2.337000,331.579712,183.681152
1777992391.801713,2.342000,332.593842,183.843140
1777992391.812864,2.342000,333.420288,184.318848
1777992391.824014,2.342000,334.500000,184.500000
1777992391.835166,2.337000,335.109344,185.069336
1777992391.846317,2.333000,336.000000,185.272720
1777992391.857467,2.333000,336.795074,185.876541
1777992391.868619,2.342000,337.441254,186.134293
1777992391.879770,2.342000,338.002350,186.635941
1777992391.890921,2.337000,338.883331,187.000000
1777992391.902072,2.342000,339.317688,187.371368
1777992391.913224,2.337000,339.918427,187.717941
1777992391.924375,2.321000,340.552643,188.168854
1777992391.935526,2.325000,341.170929,188.480774
1777992391.946678,2.325000,341.467499,188.651993
1777992391.957829,2.321000,342.050323,189.067093
1777992391.968980,2.354000,342.308014,189.405060
1777992391.980132,2.337000,342.449280,189.587997
1777992391.991284,2.329000,342.778503,189.845154
1777992392.002435,2.329000,343.150940,190.190781
1777992392.013587,2.325000,343.207550,190.297699
1777992392.024739,2.337000,343.333344,190.537827
1777992392.035890,2.342000,343.400818,190.629852
1777992392.047043,2.333000,343.400818,190.629852
1777992392.058194,2.317000,343.400818,190.629852
1777992392.069346,2.342000,343.345612,190.732101
1777992392.080498,2.325000,343.341705,190.863739
1777992392.091650,2.321000,343.346069,190.794052
1777992392.102802,2.313000,343.189240,190.765594
1777992392.113955,2.321000,342.889618,190.827820
1777992392.125106,2.321000,342.842346,190.738739
1777992392.136259,2.325000,342.498962,190.746338
1777992392.147411,2.337000,342.324738,190.668823
1777992392.158563,2.333000,341.972961,190.567566
1777992392.169715,2.329000,341.640015,190.399994
1777992392.180868,2.321000,341.267120,190.339951
1777992392.192020,2.317000,340.951385,190.032410
1777992392.203173,2.305000,340.498871,189.886627
1777992392.214326,2.325000,339.966888,189.671402
1777992392.225478,2.317000,339.612671,189.330978
1777992392.236631,2.325000,339.002472,189.138275
1777992392.247784,2.317000,338.439514,188.876541
1777992392.258936,2.342000,337.892303,188.728210
1777992392.270089,2.321000,337.093750,188.283859
1777992392.281242,2.325000,336.281830,188.135498
1777992392.292395,2.329000,335.731781,187.953125
1777992392.303547,2.321000,334.890656,187.850662
1777992392.314701,2.321000,333.962677,187.746674
1777992392.325854,2.321000,333.075012,187.705551
1777992392.337007,2.317000,332.158325,187.966660
1777992392.348159,2.333000,331.107697,188.015381
1777992392.359313,2.337000,330.176636,188.370377
1777992392.370466,2.329000,329.000000,188.583328
1777992392.381619,2.325000,327.887054,188.845734
1777992392.392773,2.354000,326.738495,189.465515
1777992392.403926,2.337000,325.675598,189.964279
1777992392.415079,2.342000,324.425079,190.397552
1777992392.426233,2.321000,323.289093,191.330383
1777992392.437386,2.317000,322.053558,191.889877
1777992392.448539,2.329000,320.700623,192.981476
1777992392.459694,2.329000,319.268616,194.019424
1777992392.470847,2.313000,317.906158,194.990295
1777992392.482001,2.325000,316.531250,196.385422
1777992392.493155,2.342000,315.024048,197.859100
1777992392.504308,2.342000,313.591766,199.108612
1777992392.515462,2.325000,312.172150,200.849823
1777992392.526616,2.325000,310.500000,202.500000
1777992392.537770,2.333000,309.184326,204.356857
1777992392.548923,2.346000,307.780396,206.486267
1777992392.560078,2.358000,306.500000,208.500000
1777992392.571232,2.358000,305.134094,210.524902
1777992392.582386,2.350000,304.043152,212.713730
1777992392.593540,2.354000,303.172150,215.333328
1777992392.604694,2.363000,302.113739,217.596085
1777992392.615848,2.358000,301.368622,219.921570
1777992392.627003,2.354000,300.500000,222.500000
1777992392.638157,2.350000,300.246216,224.965912
1777992392.649311,2.354000,299.500000,227.500000
1777992392.660467,2.354000,299.447906,230.052078
1777992392.671621,2.354000,299.346802,232.673401
1777992392.682774,2.363000,299.013458,235.346802
1777992392.693897,2.358000,299.188538,237.912460
1777992392.705019,2.329000,299.453705,240.555557
1777992392.716142,2.342000,299.397552,243.314987
1777992392.727265,2.346000,299.881622,245.937698
1777992392.738387,2.346000,300.144928,248.701447
1777992392.749509,2.317000,300.407715,251.567490
1777992392.760632,2.367000,300.806274,254.353271
1777992392.771755,2.358000,301.365784,257.064911
1777992392.782877,2.337000,302.125366,259.660980
1777992392.793999,2.354000,303.075348,262.376801
1777992392.805122,2.350000,303.775055,264.962067
1777992392.816244,2.363000,304.771362,267.754822
1777992392.827366,2.354000,306.000000,270.000000
1777992392.838489,2.329000,306.997284,272.555542
1777992392.849611,2.317000,308.272980,274.947510
1777992392.860733,2.325000,309.492065,277.068787
1777992392.871856,2.337000,310.916656,279.255035
1777992392.882978,2.321000,312.476929,281.205139
1777992392.894100,2.301000,314.119904,282.836945
1777992392.905223,2.313000,315.732361,284.476898
1777992392.916345,2.333000,317.507233,286.065216
1777992392.927467,2.337000,319.144531,287.715607
1777992392.938590,2.273000,320.824677,289.025970
1777992392.949712,2.277000,322.473694,290.348694
1777992392.960834,2.285000,324.157104,291.673035
1777992392.971956,2.293000,325.572998,292.917206
1777992392.983078,2.321000,327.237213,294.222900
1777992392.994200,2.289000,328.892334,295.318848
1777992393.005323,2.301000,330.219574,296.349304
1777992393.016445,2.305000,331.824463,297.339264
1777992393.027566,2.293000,333.219574,298.349304
1777992393.038689,2.285000,334.578857,299.295410
1777992393.049811,2.293000,335.908051,300.000000
1777992393.060933,2.277000,337.218445,300.736359
1777992393.072055,2.305000,338.500000,301.500000
1777992393.083177,2.293000,339.609528,302.158081
1777992393.094299,2.293000,340.816101,302.862061
1777992393.105422,2.265000,341.989014,303.120880
1777992393.116543,2.293000,343.115448,303.756042
1777992393.127665,2.293000,344.060425,304.071442
1777992393.138788,2.293000,345.027161,304.666656
1777992393.149909,2.301000,346.048920,305.010864
1777992393.161031,2.285000,346.887054,305.238617
1777992393.172153,2.273000,347.641327,305.571136
1777992393.183275,2.293000,348.591339,305.742004
1777992393.194396,2.273000,349.408661,306.133698
1777992393.205519,2.305000,350.075500,306.279938
1777992393.216641,2.301000,350.668549,306.365356
1777992393.227762,2.305000,351.331451,306.634644
1777992393.238884,2.301000,351.725586,306.742188
1777992393.250006,2.289000,352.122223,306.916656
1777992393.261128,2.293000,352.591339,306.866302
1777992393.272249,2.289000,352.675873,307.012878
1777992393.283372,2.301000,352.901093,307.021973
1777992393.294493,2.293000,352.928558,307.093414
1777992393.305614,2.293000,352.928558,307.093414
1777992393.316737,2.301000,352.887054,307.238617
1777992393.327858,2.289000,352.827942,307.351257
1777992393.338980,2.293000,352.647614,307.592377
1777992393.350102,2.289000,352.494263,307.567047
1777992393.361223,2.293000,352.316559,307.700195
1777992393.372345,2.289000,352.011230,307.831451
1777992393.383467,2.285000,351.697968,307.714539
1777992393.394588,2.289000,351.415283,307.711365
1777992393.405710,2.289000,351.064453,307.747711
1777992393.416832,2.289000,350.595795,307.578552
1777992393.427953,2.293000,350.280609,307.574402
1777992393.439075,2.273000,349.584717,307.288635
1777992393.450197,2.289000,349.111115,307.038879
1777992393.461318,2.289000,348.465546,306.806335
1777992393.472439,2.285000,347.821106,306.357819
1777992393.483562,2.285000,347.101135,305.977539
1777992393.494683,2.301000,346.280609,305.574402
1777992393.505804,2.293000,345.425598,304.990570
1777992393.516926,2.301000,344.389221,304.552979
1777992393.528047,2.285000,343.454376,303.929230
1777992393.539168,2.305000,342.454559,303.248108
1777992393.550290,2.289000,341.190216,302.563080
1777992393.561411,2.305000,340.111725,301.693695
1777992393.572532,2.293000,338.880554,300.689789
1777992393.583655,2.305000,337.630432,299.847839
1777992393.594776,2.301000,336.054016,298.772827
1777992393.605897,2.301000,334.840088,297.605011
1777992393.617019,2.301000,333.161041,296.460663
1777992393.628140,2.317000,331.814178,295.153259
1777992393.639261,2.301000,330.149811,293.606750
1777992393.650383,2.293000,328.666656,292.242584
1777992393.661504,2.301000,327.062500,290.573853
1777992393.672625,2.285000,325.477783,289.120361
1777992393.683746,2.249000,323.715912,287.236755
1777992393.694869,2.305000,322.142578,285.366669
1777992393.705992,2.277000,320.403015,283.352173
1777992393.717113,2.305000,318.921692,281.373505
1777992393.728237,2.285000,317.392517,279.163696
1777992393.739359,2.265000,315.684418,276.901367
1777992393.750481,2.273000,314.383850,274.569702
1777992393.761604,2.273000,312.869110,272.026581
1777992393.772726,2.293000,311.430634,269.449280
1777992393.783848,2.301000,310.314941,266.948883
1777992393.794971,2.277000,309.144073,264.260223
1777992393.806093,2.289000,307.973694,261.447357
1777992393.817215,2.305000,307.000000,258.500000
1777992393.828338,2.317000,305.959473,255.554047
1777992393.839460,2.289000,305.162109,252.582199
1777992393.850582,2.321000,304.462677,249.559708
1777992393.861705,2.325000,303.843140,246.406158
1777992393.872826,2.337000,303.287262,243.376694
1777992393.883949,2.342000,302.920624,240.111115
1777992393.895071,2.367000,302.715057,236.943542
1777992393.906193,2.384000,302.530426,233.623184
1777992393.917315,2.354000,302.542419,230.563629
1777992393.928438,2.350000,302.763519,227.569794
1777992393.939559,2.342000,302.891724,224.544159
1777992393.950681,2.325000,303.108276,221.455841
1777992393.961804,2.337000,303.473694,218.432755
1777992393.972926,2.329000,304.035706,215.446426
1777992393.984048,2.358000,304.397552,212.547394
1777992393.995170,2.337000,305.080811,209.592590
1777992394.006292,2.354000,305.695801,206.935272
1777992394.017414,2.346000,306.763336,204.303329
1777992394.028537,2.346000,307.509796,201.931366
1777992394.039659,2.375000,308.352753,199.268616
1777992394.050780,2.375000,309.374603,197.092056
1777992394.061903,2.346000,310.418365,194.959183
1777992394.073025,2.346000,311.632294,192.920959
1777992394.084146,2.329000,312.620087,190.874557
1777992394.095268,2.346000,313.872345,189.042557
1777992394.106390,2.346000,315.003448,187.656357
1777992394.117512,2.342000,316.212128,186.022720
1777992394.128633,2.342000,317.465912,184.780304
1777992394.139756,2.358000,318.588898,183.666672
1777992394.150877,2.350000,319.838593,182.638596
1777992394.161999,2.337000,320.977783,181.803711
1777992394.173121,2.350000,322.218628,181.064514
1777992394.184243,2.346000,323.374207,180.500000
1777992394.195364,2.350000,324.535156,180.324158
1777992394.206487,2.333000,325.527283,179.881821
1777992394.217608,2.337000,326.690704,179.615616
1777992394.228730,2.333000,327.690704,179.615616
1777992394.239852,2.350000,328.749237,179.608566
1777992394.250974,2.346000,329.874603,179.663605
1777992394.262095,2.337000,330.713867,179.702072
1777992394.273217,2.317000,331.763519,179.874649
1777992394.284339,2.337000,332.524994,180.024994
1777992394.295460,2.337000,333.430206,180.236465
1777992394.306582,2.337000,334.336151,180.734467
1777992394.317704,2.337000,335.059631,180.848236
1777992394.328825,2.337000,335.805084,181.257065
1777992394.339947,2.337000,336.555542,181.453705
1777992394.351068,2.333000,337.257965,181.565216
1777992394.362190,2.329000,337.879303,181.948273
1777992394.373312,2.342000,338.500000,182.500000
1777992394.384433,2.342000,339.000000,182.579239
1777992394.395555,2.333000,339.500000,182.899994
1777992394.406677,2.329000,340.159546,183.133896
1777992394.417798,2.337000,340.569794,183.236465
1777992394.428919,2.321000,341.037872,183.613632
1777992394.440041,2.337000,341.537628,183.731186
1777992394.451162,2.342000,341.949860,183.829575
1777992394.462283,2.325000,342.273193,184.035095
1777992394.473406,2.342000,342.844604,183.919800
1777992394.484527,2.333000,343.002472,183.861725
1777992394.495648,2.321000,343.450806,183.950821
1777992394.506770,2.354000,343.844604,183.919800
1777992394.517891,2.329000,344.000000,184.000000
1777992394.529012,2.325000,344.221344,183.898666
1777992394.540134,2.337000,344.577423,183.837265
1777992394.551255,2.342000,344.788818,183.903305
1777992394.562376,2.317000,344.898773,183.876541
1777992394.573497,2.329000,345.000000,183.728210
1777992394.584619,2.329000,345.054688,183.601562
1777992394.595740,2.337000,345.287170,183.523071
1777992394.606861,2.329000,345.430115,183.427414
1777992394.617983,2.337000,345.491791,183.418030
1777992394.629103,2.321000,345.449158,183.290955
1777992394.640225,2.325000,345.449158,183.290955
1777992394.651346,2.333000,345.449158,183.290955
1777992394.662467,2.317000,345.386658,183.053329
1777992394.673588,2.337000,345.193542,183.040329
1777992394.684710,2.342000,345.059326,182.966095
1777992394.695832,2.333000,345.000000,183.000000
1777992394.706954,2.325000,344.771362,183.088150
1777992394.718077,2.317000,344.549194,183.049179
1777992394.729199,2.333000,344.450806,182.950821
1777992394.740321,2.346000,344.298553,182.855072
1777992394.751444,2.337000,343.942627,182.967209
1777992394.762566,2.346000,343.771362,182.878784
1777992394.773688,2.321000,343.450806,182.950821
1777992394.784811,2.350000,343.184204,182.964905
1777992394.795933,2.333000,342.701447,182.855072
1777992394.807055,2.329000,342.500000,182.672516
1777992394.818178,2.321000,342.247009,182.964279
1777992394.829300,2.337000,341.708679,182.876755
1777992394.840422,2.325000,341.500000,182.672516
1777992394.851545,2.337000,341.019623,182.733887
1777992394.862667,2.337000,340.508942,182.586304
1777992394.873788,2.333000,340.314972,182.397552
1777992394.884911,2.337000,339.627625,182.555557
1777992394.896033,2.329000,339.342041,182.188400
1777992394.907155,2.329000,338.689270,182.290955
1777992394.918278,2.313000,338.406158,182.156860
1777992394.929399,2.325000,337.652557,181.966095
1777992394.940521,2.333000,337.353271,182.108261
1777992394.951644,2.325000,336.678467,181.772858
1777992394.962766,2.285000,336.128448,181.718658
1777992394.973887,2.325000,335.427734,181.401184
1777992394.985010,2.313000,334.666656,181.234573
1777992394.996132,2.289000,334.000000,181.272110
1777992395.007254,2.342000,333.296967,180.981812
1777992395.018375,2.337000,332.500000,180.678787
1777992395.029498,2.317000,331.613220,180.424530
1777992395.040620,2.333000,330.863953,180.500000
1777992395.051741,2.305000,329.933990,180.610565
1777992395.062864,2.337000,329.000000,180.500000
1777992395.073985,2.325000,328.000000,180.500000
1777992395.085107,2.337000,327.000000,180.500000
1777992395.096230,2.329000,325.870544,180.598709
1777992395.107351,2.346000,324.703705,181.215485
1777992395.118473,2.317000,323.617645,181.460785
1777992395.129595,2.337000,322.447815,181.612793
1777992395.140717,2.329000,321.123718,182.374573
1777992395.151838,2.342000,319.977783,182.803711
1777992395.162961,2.337000,318.691498,183.510635
1777992395.174082,2.337000,317.224640,184.213776
1777992395.185203,2.342000,315.926727,185.377289
1777992395.196326,2.305000,314.673401,186.346802
1777992395.207447,2.333000,313.436157,187.510635
1777992395.218569,2.321000,312.135651,188.976746
1777992395.229691,2.333000,310.576080,190.072464
1777992395.240813,2.342000,309.403931,191.886276
1777992395.251934,2.346000,307.981689,193.300369
1777992395.263056,2.354000,306.713715,195.043137
1777992395.274178,2.342000,305.574310,196.835342
1777992395.285299,2.346000,304.423065,198.752136
1777992395.296421,2.346000,303.083344,200.916672
1777992395.307543,2.350000,302.162506,203.258331
1777992395.318664,2.333000,301.404175,205.462494
1777992395.329786,2.346000,300.486847,207.578949
1777992395.340907,2.342000,299.880646,210.399170
1777992395.352028,2.342000,298.950012,212.679169
1777992395.363151,2.346000,298.708344,215.475006
1777992395.374272,2.329000,298.151520,217.887451
1777992395.385393,2.346000,298.069946,220.724274
1777992395.396515,2.367000,297.737244,223.439209
1777992395.407636,2.346000,297.685822,226.291183
1777992395.418757,2.337000,297.598389,229.140564
1777992395.429880,2.333000,297.852722,232.058136
1777992395.441001,2.346000,298.196289,235.022217
1777992395.452122,2.346000,298.500000,238.000000
1777992395.463243,2.337000,298.843750,240.836807
1777992395.474365,2.346000,299.346802,243.673401
1777992395.485486,2.363000,300.045441,246.581818
1777992395.496607,2.371000,300.720245,249.446426
1777992395.507729,2.346000,301.678802,252.390915
1777992395.518850,2.354000,302.669525,255.255753
1777992395.529971,2.354000,303.751404,257.765533
1777992395.541093,2.393000,304.843140,260.406158
1777992395.552214,2.367000,305.958710,263.348083
1777992395.563335,2.354000,307.376801,265.637695
1777992395.574457,2.354000,308.724640,268.342041
1777992395.585578,2.342000,310.253448,270.771362
1777992395.596699,2.337000,311.929688,272.984375
1777992395.607821,2.313000,313.580872,275.301483
1777992395.618941,2.313000,315.429565,277.492950
1777992395.630062,2.305000,317.060822,279.520264
1777992395.641184,2.249000,318.856506,281.554077
1777992395.652305,2.285000,320.793640,283.458344
1777992395.663425,2.261000,322.463928,285.276794
1777992395.674547,2.289000,324.442535,287.034485
1777992395.685669,2.301000,326.149811,288.606750
1777992395.696791,2.313000,327.971252,290.367828
1777992395.707914,2.317000,329.840088,291.605011
1777992395.719036,2.325000,331.611115,292.966675
1777992395.730159,2.317000,333.351654,294.214294
1777992395.741282,2.321000,334.913452,295.405151
1777992395.752404,2.313000,336.825043,296.405151
1777992395.763526,2.317000,338.174957,297.594849
1777992395.774649,2.305000,339.876129,298.367950
1777992395.785771,2.317000,341.460663,299.185394
1777992395.796893,2.317000,343.000000,300.000000
1777992395.808016,2.305000,344.318756,300.684875
1777992395.819139,2.317000,345.772827,301.398499
1777992395.830261,2.305000,347.098907,301.978027
1777992395.841383,2.317000,348.447662,302.538757
1777992395.852505,2.305000,349.623199,303.027161
1777992395.863627,2.313000,350.747711,303.620636
1777992395.874750,2.305000,351.853607,303.901245
1777992395.885872,2.293000,352.903229,304.573486
1777992395.896994,2.293000,353.952118,304.978729
1777992395.908116,2.333000,354.912079,305.445068
1777992395.919239,2.293000,355.902283,305.912750
1777992395.930361,2.293000,356.810516,306.582458
1777992395.941483,2.301000,357.689606,306.843048
1777992395.952606,2.293000,358.405029,307.584229
1777992395.963727,2.293000,359.066315,308.025513
1777992395.974849,2.301000,359.803711,308.483917
1777992395.985972,2.293000,360.371521,309.046875
1777992395.997094,2.289000,360.944458,309.414154
1777992396.008216,2.301000,361.305847,309.969086
1777992396.019339,2.301000,361.810028,310.226257
1777992396.030460,2.301000,362.094757,310.778351
1777992396.041582,2.277000,362.428040,311.189423
1777992396.052705,2.289000,362.641174,311.750458
1777992396.063827,2.301000,362.906250,312.010406
1777992396.074949,2.277000,363.103119,312.394104
1777992396.086071,2.293000,363.142120,312.852631
1777992396.097193,2.285000,363.260468,313.227692
1777992396.108315,2.265000,363.455566,313.670380
1777992396.119437,2.265000,363.409698,314.098694
1777992396.130559,2.285000,363.401917,314.525726
1777992396.141680,2.289000,363.348236,315.070770
1777992396.152803,2.289000,363.051147,315.583344
1777992396.163924,2.293000,362.896545,316.011505
1777992396.175046,2.301000,362.685944,316.610779
1777992396.186169,2.289000,362.552338,317.226746
1777992396.197290,2.293000,362.454010,317.839081
1777992396.208412,2.317000,362.358673,318.428864
1777992396.219534,2.301000,362.023254,318.936035
1777992396.230656,2.261000,361.641327,319.571136
1777992396.241777,2.301000,361.458344,320.232147
1777992396.252900,2.285000,361.224213,321.041656
1777992396.264021,2.301000,360.758270,321.756348
1777992396.275143,2.293000,360.404755,322.511902
1777992396.286265,2.301000,360.000000,323.500000
1777992396.297386,2.261000,359.646454,324.402008
1777992396.308508,2.305000,359.317169,325.286865
1777992396.319630,2.293000,358.716553,326.231537
1777992396.330752,2.277000,358.452942,327.035309
1777992396.341873,2.301000,357.825897,328.301483
1777992396.352994,2.305000,357.488739,329.249481
1777992396.364117,2.293000,356.749481,330.387177
1777992396.375238,2.293000,356.451813,331.469879
1777992396.386359,2.293000,356.043579,332.592590
1777992396.397482,2.289000,355.349884,333.662537
1777992396.408603,2.305000,354.835388,334.907410
1777992396.419724,2.301000,354.378204,336.222229
1777992396.430846,2.305000,353.670868,337.607971
1777992396.441968,2.305000,353.110382,339.028687
1777992396.453089,2.289000,352.601685,340.429779
1777992396.464211,2.313000,352.013336,341.855560
1777992396.475332,2.305000,351.375000,343.280701
1777992396.486454,2.305000,350.796417,344.885895
1777992396.497576,2.301000,350.061646,346.602753
1777992396.508697,2.313000,349.444458,348.178253
1777992396.519818,2.313000,348.898773,349.876556
1777992396.530940,2.293000,348.267151,351.558838
1777992396.542061,2.317000,347.692719,353.460938
1777992396.553182,2.301000,347.050140,355.170441
1777992396.564304,2.313000,346.312347,357.146973
1777992396.575425,2.289000,345.830658,359.064514
1777992396.586546,2.301000,345.112946,360.911835
1777992396.597668,2.301000,344.524994,362.788879
1777992396.608789,2.293000,343.780640,364.831909
1777992396.619910,2.313000,343.173676,366.708679
1777992396.631032,2.293000,342.525421,368.248596
1777992396.642154,2.305000,341.945312,370.046875
1777992396.653274,2.289000,341.168030,371.864502
1777992396.664397,2.293000,340.525421,373.248596
1777992396.675517,2.238000,339.945312,375.046875
1777992396.686635,2.253000,339.383606,376.404755
1777992396.697773,2.277000,338.639557,378.184296
1777992396.708909,2.261000,338.000000,380.000000
1777992396.720045,2.261000,337.516388,381.540985
1777992396.731183,2.273000,336.770477,383.081970
1777992396.742319,2.285000,336.286499,384.575745
1777992396.753456,2.273000,335.663849,386.033905
1777992396.764593,2.277000,335.131653,387.436981
1777992396.775730,2.277000,334.524994,388.788879
1777992396.786867,2.277000,334.131653,390.436981
1777992396.798003,2.285000,333.524994,391.788879
1777992396.809141,2.265000,333.114746,393.016388
1777992396.820278,2.289000,332.474579,394.751404
1777992396.831414,2.285000,331.941681,396.033325
1777992396.842552,2.246000,331.525421,397.248596
1777992396.853689,2.246000,331.200592,398.424774
1777992396.864826,2.242000,330.576263,399.819214
1777992396.875964,2.265000,330.234467,400.966095
1777992396.887102,2.261000,329.718384,402.051727
1777992396.898238,2.285000,329.281616,403.017242
1777992396.909377,2.242000,328.701447,404.214478
1777992396.920514,2.273000,328.525421,405.248596
1777992396.931651,2.293000,328.209869,406.290131
1777992396.942790,2.277000,327.713867,407.297943
1777992396.953927,2.253000,327.425079,408.602448
1777992396.965065,2.293000,327.264252,409.168182
1777992396.976203,2.293000,326.651917,410.165192
1777992396.987340,2.277000,326.500000,411.000000
1777992396.998478,2.246000,326.278290,411.801208
1777992397.009616,2.249000,326.066681,412.489990
1777992397.020754,2.242000,325.873016,413.158722
1777992397.031892,2.230000,325.555542,414.018524
1777992397.043031,2.246000,325.470947,414.718658
1777992397.054168,2.289000,325.261017,415.333344
1777992397.065306,2.249000,325.111115,415.936493
1777992397.076445,2.261000,324.980011,416.596680
1777992397.087583,2.230000,324.969391,417.350342
1777992397.098721,2.227000,324.852203,417.761017
1777992397.109860,2.242000,324.721710,418.253815
1777992397.120998,2.227000,324.673065,418.961548
1777992397.132136,2.219000,324.692078,419.431732
1777992397.143275,2.234000,324.555542,420.018524
1777992397.154413,2.230000,324.617645,420.539215
1777992397.165552,2.219000,324.555542,421.018524
1777992397.176691,2.230000,324.536499,421.644440
1777992397.187829,2.227000,324.555542,422.018524
1777992397.198968,2.219000,324.536499,422.644440
1777992397.210107,2.227000,324.613220,423.018860
1777992397.221246,2.234000,324.617645,423.539215
1777992397.232384,2.223000,324.726410,424.000000
1777992397.243523,2.246000,324.818481,424.369629
1777992397.254663,2.230000,324.912445,424.811462
1777992397.265801,2.238000,324.874542,424.566315
1777992397.276940,2.242000,324.955566,424.206360
1777992397.288080,2.242000,324.856689,423.862915
1777992397.299219,2.230000,324.980011,423.596680
1777992397.310358,2.249000,325.106384,423.585114
1777992397.321497,2.277000,325.106384,423.585114
1777992397.332636,2.246000,325.336487,423.685547
1777992397.343775,2.265000,325.477661,423.625427
1777992397.354916,2.230000,325.588226,423.758179
1777992397.366055,2.238000,325.735748,423.939941
1777992397.377194,2.230000,325.917450,423.822235
1777992397.388334,2.242000,326.082550,424.177765
1777992397.399473,2.265000,326.321533,424.129791
1777992397.410613,2.227000,326.693878,424.350342
1777992397.421753,2.227000,326.500000,424.500000
1777992397.432892,2.238000,326.314972,424.602448
1777992397.444032,2.230000,326.622437,424.459198
1777992397.455172,2.230000,326.771545,423.812744
1777992397.466312,2.234000,326.666656,424.234558
1777992397.477452,2.285000,326.651917,424.200592
1777992397.488592,2.289000,326.765533,424.248596
1777992397.499732,2.293000,327.112915,424.500000
1777992397.510872,2.285000,327.346558,424.579376
1777992397.522012,2.261000,327.422974,424.509796
1777992397.533152,2.230000,327.481781,424.635864
1777992397.544292,2.227000,327.673065,424.528839
1777992397.555433,2.249000,327.704315,424.459686
1777992397.566573,2.253000,327.761902,424.452393
1777992397.577713,2.285000,327.881348,424.214691
1777992397.588854,2.249000,328.100006,423.899994
1777992397.599994,2.273000,327.937683,424.118378
1777992397.611135,2.277000,328.000000,424.000000
1777992397.622276,2.277000,328.183197,424.132141
1777992397.633416,2.249000,328.326599,423.730652
1777992397.644556,2.273000,328.234467,424.248596
1777992397.655698,2.325000,328.341522,424.256836
1777992397.666838,2.313000,328.336029,424.102966
1777992397.677979,2.289000,328.281616,424.304596
1777992397.689118,2.313000,328.380585,424.230957
1777992397.700244,2.293000,328.386658,424.149323
1777992397.711369,2.313000,328.380585,424.230957
1777992397.722493,2.301000,328.336029,424.102966
1777992397.733619,2.293000,328.336029,424.102966
1777992397.744743,2.301000,328.386658,424.149323
1777992397.755868,2.321000,328.336029,424.102966
1777992397.766994,2.317000,328.336029,424.102966
1777992397.778118,2.305000,328.283752,424.137726
1777992397.789243,2.301000,328.283752,424.137726
1777992397.800368,2.293000,328.187866,424.000000
1777992397.811493,2.301000,328.063049,423.867859
1777992397.833743,2.301000,328.051025,423.547607
1777992397.844867,2.249000,327.935272,423.702271
1777992397.855992,2.234000,327.937683,423.881622
1777992397.867117,2.246000,327.758118,423.834808
1777992397.878242,2.238000,327.652557,423.966095
1777992397.889366,2.261000,327.600006,424.000000
1777992397.900492,2.277000,327.500000,424.000000
1777992397.911616,2.285000,327.500000,424.000000
1777992397.922740,2.285000,327.500000,424.000000
1777992397.933866,2.273000,327.450806,424.049194
1777992397.944990,2.265000,327.450806,424.049194
1777992397.956115,2.261000,327.450806,424.049194
1777992397.967240,2.277000,327.353271,423.891724
1777992397.978365,2.246000,327.446442,423.720245
1777992397.989489,2.277000,327.382355,423.480377
1777992398.000614,2.265000,327.300323,423.310242
1777992398.011739,2.293000,327.300323,423.310242
1777992398.022863,2.285000,327.106384,423.414886
1777992398.033989,2.273000,327.106384,423.414886
1777992398.045113,2.273000,327.106384,423.414886
1777992398.056237,2.305000,327.106384,423.414886
1777992398.067363,2.293000,327.106384,423.414886
1777992398.078487,2.277000,327.106384,423.414886
1777992398.089612,2.273000,327.052094,423.447906
1777992398.100737,2.273000,327.052094,423.447906
1777992398.111861,2.249000,327.000000,423.596680
1777992398.122986,2.265000,327.000000,423.596680
1777992398.134110,2.249000,327.000000,423.596680
1777992398.145235,2.261000,326.935272,423.702271
1777992398.156359,2.253000,327.000000,423.596680
1777992398.167484,2.249000,327.000000,423.596680
1777992398.178609,2.273000,327.052094,423.447906
1777992398.189734,2.301000,327.052094,423.447906
1777992398.200858,2.301000,327.052094,423.447906
1777992398.211983,2.265000,327.052094,423.447906
1777992398.223107,2.289000,327.052094,423.447906
1777992398.234231,2.261000,327.052094,423.447906
1777992398.245357,2.277000,327.106384,423.414886
1777992398.256481,2.277000,327.052094,423.447906
1777992398.267605,2.301000,327.052094,423.447906
1777992398.278730,2.285000,327.052094,423.447906
1777992398.289855,2.277000,327.051025,423.547607
1777992398.300979,2.273000,327.051025,423.547607
1777992398.312104,2.253000,327.051025,423.547607
1777992398.323228,2.273000,327.116669,423.556671
1777992398.334352,2.285000,327.051025,423.547607
1777992398.345478,2.261000,327.116669,423.556671
1777992398.356601,2.249000,327.116669,423.556671
1777992398.367726,2.253000,327.192993,423.575439
1777992398.378851,2.273000,327.319305,423.533325
1777992398.389975,2.261000,327.319305,423.533325
1777992398.401099,2.273000,327.300323,423.310242
1777992398.412224,2.277000,327.440002,423.450012
1777992398.423348,2.285000,327.377563,423.418365
1777992398.434473,2.265000,327.377563,423.418365
1777992398.445598,2.285000,327.440002,423.450012
1777992398.456722,2.301000,327.440002,423.450012
1777992398.467846,2.261000,327.377563,423.418365
1777992398.478971,2.285000,327.382355,423.480377
1777992398.490095,2.273000,327.382355,423.480377
1777992398.501219,2.289000,327.382355,423.480377
1777992398.512344,2.277000,327.440002,423.450012
1777992398.523468,2.253000,327.382355,423.480377
1777992398.534592,2.273000,327.375000,423.573730
1777992398.545717,2.261000,327.382355,423.480377
1777992398.556841,2.246000,327.313721,423.545746
1777992398.567965,2.277000,327.313721,423.545746
1777992398.579089,2.293000,327.440002,423.450012
1777992398.590214,2.249000,327.320007,423.450012
1777992398.601338,2.289000,327.440002,423.450012
1777992398.612463,2.246000,327.319305,423.533325
1777992398.623587,2.253000,327.319305,423.533325
1777992398.634712,2.249000,327.261169,423.563568
1777992398.645835,2.253000,327.250885,423.544800
1777992398.656960,2.265000,327.261169,423.563568
1777992398.668084,2.273000,327.261169,423.563568
1777992398.679208,2.273000,327.116669,423.556671
1777992398.690334,2.277000,327.188995,423.673553
1777992398.701458,2.261000,327.188995,423.673553
1777992398.712583,2.249000,327.188995,423.673553
1777992398.723708,2.246000,327.192993,423.575439
1777992398.734833,2.265000,327.188995,423.673553
1777992398.745957,2.277000,327.192993,423.575439
1777992398.757083,2.253000,327.119049,423.459198
1777992398.768207,2.277000,327.173615,423.427094
1777992398.779332,2.301000,327.106384,423.414886
1777992398.790457,2.273000,327.173615,423.427094
1777992398.801582,2.277000,327.106384,423.414886
1777992398.812706,2.261000,327.183136,423.534790
1777992398.823832,2.273000,327.173615,423.427094
1777992398.834956,2.289000,327.106384,423.414886
1777992398.846080,2.293000,327.173615,423.427094
1777992398.857206,2.289000,327.173615,423.427094
1777992398.868330,2.253000,327.250885,423.544800
1777992398.879455,2.293000,327.173615,423.427094
1777992398.890580,2.289000,327.106384,423.414886
1777992398.901704,2.285000,327.173615,423.427094
1777992398.912829,2.285000,327.173615,423.427094
1777992398.923954,2.273000,327.183136,423.534790
1777992398.935079,2.253000,327.183136,423.534790
1777992398.946203,2.285000,327.173615,423.427094
1777992398.957328,2.261000,327.173615,423.427094
1777992398.968453,2.285000,327.173615,423.427094
1777992398.979577,2.277000,327.106384,423.414886
1777992398.990702,2.293000,327.173615,423.427094
1777992399.001827,2.285000,327.106384,423.414886
1777992399.012951,2.261000,327.183136,423.534790
1777992399.024075,2.277000,327.106384,423.414886
1777992399.035200,2.289000,327.173615,423.427094
1777992399.046325,2.293000,327.192993,423.575439
1777992399.057449,2.289000,327.173615,423.427094
1777992399.068574,2.285000,327.173615,423.427094
1777992399.079699,2.273000,327.250885,423.544800
1777992399.090823,2.293000,327.173615,423.427094
1777992399.101948,2.289000,327.173615,423.427094
1777992399.113072,2.293000,327.173615,423.427094
1777992399.124197,2.277000,327.173615,423.427094
1777992399.135322,2.246000,327.183136,423.534790
1777992399.146446,2.253000,327.250885,423.544800
1777992399.157570,2.277000,327.106384,423.414886
1777992399.168695,2.265000,327.250885,423.544800
1777992399.179820,2.293000,327.173615,423.427094
1777992399.202069,2.265000,327.183136,423.534790
1777992399.213193,2.253000,327.183136,423.534790
1777992399.224317,2.261000,327.183136,423.534790
1777992399.235443,2.285000,327.106384,423.414886
1777992399.246567,2.293000,327.106384,423.414886
1777992399.257691,2.273000,327.106384,423.414886
1777992399.268816,2.273000,327.250885,423.544800
1777992399.279940,2.273000,327.106384,423.414886
1777992399.291064,2.285000,327.106384,423.414886
1777992399.302189,2.265000,327.106384,423.414886
1777992399.313313,2.265000,327.173615,423.427094
1777992399.324438,2.273000,327.173615,423.427094
1777992399.335563,2.249000,327.250885,423.544800
1777992399.346687,2.277000,327.106384,423.414886
1777992399.357811,2.253000,327.250885,423.544800
1777992399.368936,2.277000,327.106384,423.414886
1777992399.380060,2.305000,327.173615,423.427094
1777992399.391184,2.301000,327.173615,423.427094
1777992399.402309,2.246000,327.183136,423.534790
1777992399.413433,2.289000,327.173615,423.427094
1777992399.424557,2.277000,327.106384,423.414886
1777992399.435682,2.261000,327.250885,423.544800
1777992399.446806,2.293000,327.106384,423.414886
1777992399.457930,2.246000,327.250885,423.544800
1777992399.469054,2.265000,327.250885,423.544800
1777992399.480179,2.261000,327.250885,423.544800
1777992399.491303,2.285000,327.173615,423.427094
1777992399.502427,2.273000,327.250885,423.544800
1777992399.513552,2.301000,327.173615,423.427094
1777992399.524676,2.261000,327.183136,423.534790
1777992399.535800,2.249000,327.250885,423.544800
1777992399.546925,2.305000,327.106384,423.414886
1777992399.558049,2.273000,327.183136,423.534790
1777992399.569173,2.253000,327.106384,423.414886
1777992399.580298,2.285000,327.106384,423.414886
1777992399.591422,2.242000,327.183136,423.534790
1777992399.602546,2.301000,327.106384,423.414886
1777992399.613671,2.265000,327.183136,423.534790
1777992399.624794,2.301000,327.106384,423.414886
1777992399.635918,2.265000,327.106384,423.414886
1777992399.647043,2.293000,327.106384,423.414886
1777992399.658167,2.293000,327.106384,423.414886
1777992399.669291,2.261000,327.106384,423.414886
1777992399.680416,2.289000,327.106384,423.414886
1777992399.691540,2.249000,327.183136,423.534790
1777992399.702665,2.261000,327.106384,423.414886
1777992399.713790,2.253000,327.183136,423.534790
1777992399.724915,2.289000,327.106384,423.414886
1777992399.736039,2.273000,327.183136,423.534790
1777992399.747164,2.273000,327.106384,423.414886
1777992399.758289,2.277000,327.106384,423.414886
1777992399.769413,2.285000,327.106384,423.414886
1777992399.780539,2.249000,327.106384,423.414886
1777992399.791664,2.249000,327.106384,423.414886
1777992399.802788,2.261000,327.183136,423.534790
1777992399.813914,2.285000,327.106384,423.414886
1777992399.825038,2.285000,327.106384,423.414886
1777992399.836163,2.285000,327.106384,423.414886
1777992399.847288,2.285000,327.106384,423.414886
1777992399.858413,2.289000,327.106384,423.414886
1777992399.869537,2.273000,327.106384,423.414886
1777992399.880662,2.261000,327.106384,423.414886
1777992399.891787,2.265000,327.106384,423.414886
1777992399.902911,2.265000,327.106384,423.414886
1777992399.914036,2.277000,327.106384,423.414886
1777992399.925161,2.277000,327.106384,423.414886
1777992399.936286,2.277000,327.106384,423.414886
1777992399.947410,2.253000,327.183136,423.534790
1777992399.958535,2.265000,327.106384,423.414886
1777992399.969660,2.273000,327.106384,423.414886
1777992399.980784,2.301000,327.183136,423.534790
1777992399.991910,2.285000,327.106384,423.414886
1777992400.003034,2.265000,327.173615,423.427094
1777992400.014158,2.253000,327.106384,423.414886
1777992400.025283,2.317000,327.106384,423.414886
1777992400.036408,2.273000,327.106384,423.414886
1777992400.047532,2.249000,327.106384,423.414886
1777992400.058657,2.277000,327.106384,423.414886
1777992400.069782,2.261000,327.106384,423.414886
1777992400.080906,2.265000,327.106384,423.414886
1777992400.092031,2.285000,327.183136,423.534790
1777992400.103156,2.273000,327.106384,423.414886
1777992400.114280,2.273000,327.106384,423.414886
1777992400.125405,2.265000,327.106384,423.414886
1777992400.136529,2.265000,327.106384,423.414886
1777992400.147654,2.293000,327.106384,423.414886
1777992400.158779,2.285000,327.106384,423.414886
1777992400.181028,2.285000,327.106384,423.414886
1777992400.192153,2.293000,327.106384,423.414886
1777992400.203277,2.277000,327.106384,423.414886
1777992400.214401,2.261000,327.183136,423.534790
1777992400.225527,2.289000,327.106384,423.414886
1777992400.236651,2.261000,327.106384,423.414886
1777992400.247775,2.261000,327.106384,423.414886
1777992400.258900,2.273000,327.106384,423.414886
1777992400.270024,2.265000,327.106384,423.414886
1777992400.281148,2.277000,327.106384,423.414886
1777992400.292274,2.265000,327.106384,423.414886
1777992400.303398,2.261000,327.106384,423.414886
1777992400.314522,2.289000,327.106384,423.414886
1777992400.325647,2.289000,327.106384,423.414886
1777992400.336771,2.285000,327.106384,423.414886
1777992400.347895,2.261000,327.106384,423.414886
1777992400.359020,2.293000,327.106384,423.414886
1777992400.370145,2.285000,327.106384,423.414886
1777992400.381269,2.289000,327.106384,423.414886
1777992400.392393,2.293000,327.106384,423.414886
1777992400.403518,2.285000,327.106384,423.414886
1777992400.414642,2.277000,327.106384,423.414886
1777992400.425766,2.265000,327.106384,423.414886
1777992400.436891,2.242000,327.183136,423.534790
1777992400.448015,2.285000,327.106384,423.414886
1777992400.459139,2.289000,327.106384,423.414886
1777992400.470264,2.277000,327.106384,423.414886
1777992400.481388,2.285000,327.106384,423.414886
1777992400.492512,2.285000,327.106384,423.414886
1777992400.503638,2.289000,327.106384,423.414886
1777992400.514761,2.277000,327.106384,423.414886
1777992400.525886,2.305000,327.106384,423.414886
1777992400.537010,2.289000,327.106384,423.414886
1777992400.548135,2.273000,327.106384,423.414886
1777992400.559258,2.313000,327.106384,423.414886
1777992400.570384,2.313000,327.106384,423.414886
1777992400.581508,2.289000,327.106384,423.414886
1777992400.592631,2.249000,327.183136,423.534790
1777992400.603756,2.261000,327.106384,423.414886
1777992400.614880,2.289000,327.106384,423.414886
1777992400.626004,2.293000,327.106384,423.414886
1777992400.637129,2.265000,327.183136,423.534790
1777992400.648253,2.277000,327.106384,423.414886
1777992400.659377,2.313000,327.106384,423.414886
1777992400.670502,2.253000,327.106384,423.414886
1777992400.681626,2.289000,327.106384,423.414886
1777992400.692750,2.285000,327.106384,423.414886
1777992400.703876,2.273000,327.106384,423.414886
1777992400.715000,2.305000,327.106384,423.414886
1777992400.726125,2.277000,327.106384,423.414886
1777992400.737251,2.253000,327.106384,423.414886
1777992400.748375,2.293000,327.106384,423.414886
1777992400.759500,2.261000,327.106384,423.414886
1777992400.770625,2.293000,327.106384,423.414886
1777992400.781750,2.285000,327.106384,423.414886
1777992400.792874,2.277000,327.106384,423.414886
1777992400.803999,2.265000,327.106384,423.414886
1777992400.815124,2.285000,327.106384,423.414886
1777992400.826249,2.289000,327.106384,423.414886
1777992400.837373,2.313000,327.106384,423.414886
1777992400.848499,2.261000,327.106384,423.414886
1777992400.859623,2.285000,327.106384,423.414886
1777992400.870748,2.265000,327.106384,423.414886
1777992400.881873,2.253000,327.106384,423.414886
1777992400.892998,2.261000,327.106384,423.414886
1777992400.904122,2.261000,327.106384,423.414886
1777992400.915247,2.277000,327.106384,423.414886
1777992400.926372,2.301000,327.106384,423.414886
1777992400.937496,2.285000,327.106384,423.414886
1777992400.948622,2.273000,327.106384,423.414886
1777992400.959746,2.265000,327.106384,423.414886
1777992400.970870,2.277000,327.106384,423.414886
1777992400.981996,2.265000,327.106384,423.414886
1777992400.993120,2.265000,327.106384,423.414886
1777992401.004245,2.261000,327.183136,423.534790
1777992401.015370,2.273000,327.106384,423.414886
1777992401.026495,2.273000,327.106384,423.414886
1777992401.037619,2.265000,327.106384,423.414886
1777992401.048744,2.285000,327.106384,423.414886
1777992401.059869,2.249000,327.183136,423.534790
1777992401.070993,2.261000,327.106384,423.414886
1777992401.082118,2.277000,327.106384,423.414886
1777992401.093242,2.277000,327.106384,423.414886
1777992401.104367,2.273000,327.106384,423.414886
1777992401.115492,2.273000,327.106384,423.414886
1777992401.126616,2.265000,327.106384,423.414886
1777992401.137741,2.285000,327.106384,423.414886
1777992401.148866,2.285000,327.183136,423.534790
1777992401.159990,2.261000,327.183136,423.534790
1777992401.171114,2.273000,327.106384,423.414886
1777992401.182240,2.293000,327.106384,423.414886
1777992401.193364,2.289000,327.106384,423.414886
1777992401.204488,2.261000,327.106384,423.414886
1777992401.215614,2.273000,327.106384,423.414886
1777992401.226738,2.265000,327.106384,423.414886
1777992401.237862,2.277000,327.106384,423.414886
1777992401.248986,2.273000,327.106384,423.414886
1777992401.260112,2.249000,327.106384,423.414886
1777992401.271236,2.273000,327.106384,423.414886
1777992401.282360,2.301000,327.106384,423.414886
1777992401.293485,2.285000,327.106384,423.414886
1777992401.304609,2.305000,327.106384,423.414886
1777992401.315733,2.289000,327.106384,423.414886
1777992401.326859,2.273000,327.106384,423.414886
1777992401.337983,2.273000,327.106384,423.414886
1777992401.349107,2.265000,327.106384,423.414886
1777992401.360232,2.285000,327.106384,423.414886
1777992401.371356,2.277000,327.106384,423.414886
1777992401.382480,2.285000,327.106384,423.414886
1777992401.393605,2.249000,327.106384,423.414886
1777992401.404730,2.289000,327.106384,423.414886
1777992401.415854,2.289000,327.106384,423.414886
1777992401.426979,2.285000,327.106384,423.414886
1777992401.438103,2.265000,327.106384,423.414886
1777992401.449227,2.285000,327.106384,423.414886
1777992401.460352,2.265000,327.106384,423.414886
1777992401.471476,2.293000,327.106384,423.414886
1777992401.482600,2.253000,327.106384,423.414886
1777992401.493725,2.277000,327.106384,423.414886
1777992401.504849,2.253000,327.106384,423.414886
1777992401.515973,2.293000,327.106384,423.414886
1777992401.527098,2.273000,327.106384,423.414886
1777992401.538222,2.285000,327.106384,423.414886
1777992401.549346,2.285000,327.106384,423.414886
1777992401.560472,2.273000,327.106384,423.414886
1777992401.571595,2.246000,327.106384,423.414886
1777992401.582720,2.273000,327.106384,423.414886
1777992401.593844,2.265000,327.106384,423.414886
1777992401.604968,2.261000,327.106384,423.414886
1777992401.616092,2.289000,327.106384,423.414886
1777992401.627217,2.293000,327.106384,423.414886
1777992401.638341,2.289000,327.106384,423.414886
1777992401.649465,2.289000,327.106384,423.414886
1777992401.660590,2.277000,327.106384,423.414886
1777992401.671714,2.301000,327.106384,423.414886
1777992401.682838,2.277000,327.183136,423.534790
1777992401.693949,2.293000,327.106384,423.414886
1777992401.705100,2.285000,327.106384,423.414886
1777992401.716250,2.301000,327.106384,423.414886
1777992401.727400,2.285000,327.106384,423.414886
1777992401.738552,2.285000,327.106384,423.414886
1777992401.749702,2.293000,327.106384,423.414886
1777992401.760853,2.273000,327.106384,423.414886
1777992401.772005,2.253000,327.106384,423.414886
1777992401.783155,2.261000,327.106384,423.414886
1777992401.794306,2.277000,327.106384,423.414886
1777992401.805458,2.293000,327.106384,423.414886
1777992401.816608,2.285000,327.106384,423.414886
1777992401.827759,2.313000,327.106384,423.414886
1777992401.838911,2.253000,327.106384,423.414886
1777992401.850062,2.265000,327.106384,423.414886
1777992401.861213,2.301000,327.106384,423.414886
1777992401.872365,2.285000,327.106384,423.414886
1777992401.883516,2.285000,327.106384,423.414886
1777992401.894667,2.277000,327.106384,423.414886
1777992401.905820,2.289000,327.106384,423.414886
1777992401.916971,2.273000,327.106384,423.414886
1777992401.928122,2.289000,327.106384,423.414886
1777992401.939274,2.289000,327.106384,423.414886
1777992401.950426,2.313000,327.106384,423.414886
1777992401.961577,2.277000,327.106384,423.414886
1777992401.972729,2.289000,327.106384,423.414886
1777992401.983881,2.293000,327.106384,423.414886
1777992401.995033,2.265000,327.106384,423.414886
1777992402.006185,2.277000,327.106384,423.414886
1777992402.017337,2.293000,327.106384,423.414886
1777992402.028489,2.277000,327.106384,423.414886
1777992402.039641,2.273000,327.106384,423.414886
1777992402.050793,2.277000,327.106384,423.414886
1777992402.061945,2.289000,327.106384,423.414886
1777992402.073098,2.301000,327.106384,423.414886
1777992402.084250,2.261000,327.106384,423.414886
1777992402.095402,2.265000,327.106384,423.414886
1777992402.106555,2.265000,327.106384,423.414886
1777992402.117707,2.285000,327.106384,423.414886
1777992402.128859,2.249000,327.106384,423.414886
1777992402.140011,2.273000,327.106384,423.414886
1777992402.151165,2.277000,327.106384,423.414886
1777992402.162317,2.285000,327.106384,423.414886
1777992402.173469,2.289000,327.106384,423.414886
1777992402.184623,2.289000,327.106384,423.414886
1777992402.195775,2.293000,327.106384,423.414886
1777992402.206927,2.277000,327.106384,423.414886
1777992402.218081,2.285000,327.106384,423.414886
1777992402.229234,2.261000,327.106384,423.414886
1777992402.240386,2.301000,327.106384,423.414886
1777992402.251540,2.265000,327.106384,423.414886
1777992402.262692,2.285000,327.106384,423.414886
1777992402.273845,2.289000,327.106384,423.414886
1777992402.284999,2.301000,327.106384,423.414886
1777992402.296152,2.273000,327.106384,423.414886
1777992402.307305,2.277000,327.106384,423.414886
1777992402.318459,2.265000,327.106384,423.414886
1777992402.329612,2.301000,327.106384,423.414886
1777992402.340765,2.265000,327.106384,423.414886
1777992402.351919,2.273000,327.106384,423.414886
1777992402.363072,2.293000,327.106384,423.414886
1777992402.374225,2.289000,327.106384,423.414886
1777992402.385379,2.265000,327.106384,423.414886
1777992402.396533,2.301000,327.106384,423.414886
1777992402.407686,2.273000,327.106384,423.414886
1777992402.418840,2.249000,327.106384,423.414886
1777992402.429994,2.265000,327.106384,423.414886
1777992402.441147,2.277000,327.106384,423.414886
1777992402.452302,2.273000,327.106384,423.414886
1777992402.463455,2.253000,327.106384,423.414886
1777992402.474609,2.301000,327.106384,423.414886
1777992402.485764,2.277000,327.106384,423.414886
1777992402.496917,2.277000,327.106384,423.414886
1777992402.508071,2.285000,327.106384,423.414886
1777992402.519226,2.285000,327.106384,423.414886
1777992402.530380,2.253000,327.106384,423.414886
1777992402.541534,2.301000,327.106384,423.414886
1777992402.552689,2.293000,327.106384,423.414886
1777992402.563843,2.249000,327.106384,423.414886
1777992402.574997,2.277000,327.106384,423.414886
1777992402.586151,2.277000,327.106384,423.414886
1777992402.597306,2.277000,327.106384,423.414886
1777992402.608460,2.277000,327.106384,423.414886
1777992402.619615,2.273000,327.106384,423.414886
1777992402.630770,2.265000,327.106384,423.414886
1777992402.641924,2.277000,327.106384,423.414886
1777992402.653078,2.285000,327.106384,423.414886
1777992402.664234,2.273000,327.106384,423.414886
1777992402.675388,2.277000,327.106384,423.414886
1777992402.686543,2.273000,327.106384,423.414886
1777992402.697699,2.277000,327.106384,423.414886
1777992402.708836,2.277000,327.106384,423.414886
1777992402.719984,2.293000,327.106384,423.414886
1777992402.731133,2.285000,327.106384,423.414886
1777992402.742280,2.277000,327.106384,423.414886
1777992402.753428,2.301000,327.106384,423.414886
1777992402.764577,2.265000,327.106384,423.414886
1777992402.775725,2.285000,327.106384,423.414886
1777992402.786873,2.273000,327.106384,423.414886
1777992402.798022,2.261000,327.106384,423.414886
1777992402.809170,2.293000,327.106384,423.414886
1777992402.820318,2.289000,327.106384,423.414886
1777992402.831468,2.293000,327.106384,423.414886
1777992402.842615,2.293000,327.106384,423.414886
1777992402.853764,2.273000,327.106384,423.414886
1777992402.864913,2.261000,327.106384,423.414886
1777992402.876061,2.289000,327.106384,423.414886
1777992402.887210,2.289000,327.106384,423.414886
1777992402.898359,2.273000,327.106384,423.414886
1777992402.909507,2.289000,327.106384,423.414886
1777992402.920656,2.289000,327.106384,423.414886
1777992402.931805,2.301000,327.106384,423.414886
1777992402.942954,2.261000,327.106384,423.414886
1777992402.954103,2.293000,327.106384,423.414886
1777992402.965252,2.285000,327.106384,423.414886
1777992402.976401,2.277000,327.106384,423.414886
1777992402.987549,2.293000,327.106384,423.414886
1777992402.998699,2.285000,327.106384,423.414886
1777992403.009848,2.285000,327.106384,423.414886
1777992403.020997,2.289000,327.106384,423.414886
1777992403.032146,2.289000,327.106384,423.414886
1777992403.043295,2.289000,327.106384,423.414886
1777992403.054444,2.301000,327.106384,423.414886
1777992403.065593,2.301000,327.106384,423.414886
1777992403.076743,2.253000,327.106384,423.414886
1777992403.087892,2.293000,327.106384,423.414886
1777992403.099041,2.293000,327.106384,423.414886
1777992403.110192,2.289000,327.106384,423.414886
1777992403.121341,2.301000,327.106384,423.414886
1777992403.132490,2.285000,327.106384,423.414886
1777992403.143640,2.277000,327.106384,423.414886
1777992403.154789,2.265000,327.106384,423.414886
1777992403.165939,2.289000,327.106384,423.414886
1777992403.177089,2.293000,327.106384,423.414886
1777992403.188239,2.261000,327.106384,423.414886
1777992403.199388,2.293000,327.106384,423.414886
1777992403.210539,2.277000,327.106384,423.414886
1777992403.221688,2.277000,327.106384,423.414886
1777992403.232838,2.265000,327.106384,423.414886
1777992403.243988,2.277000,327.106384,423.414886
1777992403.255138,2.277000,327.106384,423.414886
1777992403.266288,2.285000,327.106384,423.414886
1777992403.277438,2.273000,327.106384,423.414886
1777992403.288588,2.273000,327.106384,423.414886
1777992403.299738,2.261000,327.106384,423.414886
1777992403.310889,2.293000,327.106384,423.414886
1777992403.322039,2.277000,327.106384,423.414886
1777992403.333189,2.285000,327.106384,423.414886
1777992403.344340,2.301000,327.106384,423.414886
1777992403.355490,2.289000,327.106384,423.414886
1777992403.366640,2.273000,327.106384,423.414886
